kind,scheduled_ms,started_ms,finished_ms,wall_ms,error,writer
inbound,0,33,73,40,,1
update,11,34,79,45,,2
update,0,33,91,58,,0
update,22,34,112,78,,3
inbound,25,34,112,78,,4
update,66,73,119,46,,8
update,33,67,124,57,,5
update,55,71,125,54,,7
update,44,71,135,64,,6
update,88,92,145,53,,10
update,99,104,145,41,,11
update,143,147,155,8,,0
update,121,125,155,30,,14
update,77,81,157,76,,9
update,154,158,167,9,,1
inbound,100,104,174,70,,12
inbound,155,159,175,16,,2
update,165,169,179,10,,3
update,110,114,180,66,,13
update,176,180,186,6,,4
update,132,136,186,50,,15
update,187,191,194,3,,5
update,198,202,207,5,,6
inbound,200,204,211,7,,7
update,209,213,218,5,,8
inbound,210,214,221,7,,9
update,220,224,227,3,,10
inbound,225,229,237,8,,11
update,231,235,239,4,,12
update,242,246,249,3,,13
update,253,257,261,4,,14
update,264,268,272,4,,15
inbound,265,269,277,8,,0
update,275,279,282,3,,1
update,286,290,293,3,,2
update,297,301,304,3,,3
update,308,312,316,4,,4
update,319,323,327,4,,5
inbound,320,325,332,7,,6
update,330,334,337,3,,7
update,341,345,348,3,,8
update,352,356,360,4,,9
update,363,367,370,3,,10
update,374,378,382,4,,11
inbound,375,380,384,4,,12
update,385,389,392,3,,13
update,396,400,403,3,,14
inbound,400,404,410,6,,15
update,407,411,415,4,,0
update,418,422,426,4,,1
inbound,425,429,432,3,,2
update,429,433,437,4,,3
inbound,430,435,438,3,,4
update,440,444,447,3,,5
update,451,455,459,4,,6
update,462,466,470,4,,7
update,473,477,480,3,,8
update,484,488,491,3,,9
inbound,485,490,495,5,,10
update,495,499,502,3,,11
update,506,510,513,3,,12
update,517,521,525,4,,13
update,528,532,535,3,,14
update,539,543,547,4,,15
inbound,540,545,548,3,,0
update,550,554,558,4,,1
update,561,565,568,3,,2
update,572,576,579,3,,3
update,583,587,591,4,,4
update,594,598,602,4,,5
inbound,595,600,603,3,,6
update,605,609,612,3,,7
update,616,620,624,4,,8
update,627,631,635,4,,9
update,638,642,645,3,,10
update,649,653,658,5,,11
inbound,650,655,659,4,,12
update,660,664,668,4,,13
update,671,675,679,4,,14
update,682,686,690,4,,15
update,693,697,700,3,,0
update,704,708,714,6,,1
inbound,705,710,714,4,,2
update,715,719,722,3,,3
update,726,730,734,4,,4
update,737,741,744,3,,5
update,748,752,755,3,,6
update,759,763,768,5,,7
inbound,760,765,769,4,,8
update,770,774,777,3,,9
update,781,785,788,3,,10
update,792,796,799,3,,11
update,803,807,810,3,,12
update,814,818,822,4,,13
inbound,815,820,825,5,,14
update,825,829,832,3,,15
update,836,840,843,3,,0
update,847,851,854,3,,1
update,858,862,866,4,,2
update,869,873,876,3,,3
update,880,884,887,3,,4
update,891,895,899,4,,5
update,902,906,909,3,,6
update,913,917,921,4,,7
update,924,928,931,3,,8
inbound,1000,1005,1009,4,,10
update,1000,1005,1010,5,,9
update,1011,1016,1020,4,,11
update,1022,1027,1030,3,,12
inbound,1025,1030,1035,5,,13
update,1033,1037,1046,9,,14
update,1044,1049,1052,3,,15
update,1055,1060,1065,5,,0
update,1066,1071,1075,4,,1
update,1077,1082,1085,3,,2
update,1088,1093,1096,3,,3
update,1099,1104,1110,6,,4
inbound,1100,1105,1114,9,,5
update,1110,1115,1119,4,,6
update,1121,1126,1129,3,,7
update,1132,1137,1141,4,,8
update,1143,1148,1151,3,,9
update,1154,1159,1164,5,,10
inbound,1155,1160,1165,5,,11
update,1165,1170,1174,4,,12
update,1176,1181,1185,4,,13
update,1187,1192,1196,4,,14
update,1198,1203,1207,4,,15
inbound,1200,1205,1211,6,,0
update,1209,1214,1219,5,,1
inbound,1210,1215,1219,4,,2
update,1220,1225,1228,3,,3
inbound,1225,1230,1235,5,,4
update,1231,1236,1241,5,,5
update,1242,1247,1251,4,,6
update,1253,1258,1261,3,,7
update,1264,1269,1273,4,,8
inbound,1265,1270,1275,5,,9
update,1275,1280,1284,4,,10
update,1286,1291,1295,4,,11
update,1297,1302,1306,4,,12
update,1308,1313,1319,6,,13
update,1319,1324,1331,7,,14
inbound,1320,1325,1333,8,,15
update,1330,1335,1340,5,,0
update,1341,1346,1351,5,,1
update,1352,1357,1360,3,,2
update,1363,1369,1374,5,,3
inbound,1375,1380,1383,3,,5
update,1374,1378,1385,7,,4
update,1385,1390,1395,5,,6
update,1396,1401,1405,4,,7
inbound,1400,1405,1410,5,,8
update,1407,1412,1415,3,,9
update,1418,1423,1426,3,,10
inbound,1425,1430,1434,4,,11
update,1429,1434,1439,5,,12
inbound,1430,1435,1440,5,,13
update,1440,1445,1451,6,,14
update,1451,1456,1460,4,,15
update,1462,1467,1470,3,,0
update,1473,1478,1482,4,,1
update,1484,1489,1493,4,,2
inbound,1485,1491,1502,11,,3
update,1495,1500,1503,3,,4
update,1506,1511,1516,5,,5
update,1517,1522,1526,4,,6
update,1528,1533,1536,3,,7
update,1539,1544,1548,4,,8
inbound,1540,1545,1548,3,,9
update,1550,1555,1558,3,,10
update,1561,1566,1568,2,,11
update,1572,1577,1580,3,,12
update,1583,1588,1591,3,,13
update,1594,1599,1602,3,,14
inbound,1595,1600,1605,5,,15
update,1605,1610,1613,3,,0
update,1616,1621,1626,5,,1
update,1627,1632,1635,3,,2
update,1638,1643,1646,3,,3
inbound,1650,1655,1658,3,,5
update,1649,1654,1658,4,,4
update,1660,1665,1668,3,,6
update,1671,1676,1679,3,,7
update,1682,1687,1690,3,,8
update,1693,1698,1704,6,,9
update,1704,1709,1712,3,,10
inbound,1705,1710,1714,4,,11
update,1715,1720,1722,2,,12
update,1726,1731,1734,3,,13
update,1737,1742,1745,3,,14
update,1748,1753,1756,3,,15
update,1759,1764,1767,3,,0
inbound,1760,1765,1769,4,,1
update,1770,1774,1778,4,,2
update,1781,1786,1789,3,,3
update,1792,1797,1800,3,,4
update,1803,1808,1810,2,,5
inbound,1815,1819,1822,3,,7
update,1814,1819,1822,3,,6
update,1825,1830,1833,3,,8
update,1836,1841,1844,3,,9
update,1847,1852,1855,3,,10
update,1858,1863,1866,3,,11
update,1869,1874,1879,5,,12
update,1880,1885,1887,2,,13
update,1891,1896,1899,3,,14
update,1902,1907,1910,3,,15
update,1913,1918,1922,4,,0
update,1924,1929,1932,3,,1
update,2000,2005,2008,3,,2
inbound,2000,2005,2009,4,,3
update,2011,2016,2019,3,,4
update,2022,2027,2030,3,,5
inbound,2025,2030,2033,3,,6
update,2033,2038,2045,7,,7
update,2044,2049,2052,3,,8
update,2055,2060,2063,3,,9
update,2066,2071,2075,4,,10
update,2077,2082,2085,3,,11
update,2088,2093,2097,4,,12
update,2099,2104,2108,4,,13
inbound,2100,2105,2110,5,,14
update,2110,2115,2117,2,,15
update,2121,2126,2129,3,,0
update,2132,2137,2141,4,,1
update,2143,2148,2154,6,,2
inbound,2155,2160,2166,6,,4
update,2154,2159,2169,10,,3
update,2165,2170,2177,7,,5
update,2176,2181,2191,10,,6
update,2187,2192,2200,8,,7
inbound,2200,2205,2214,9,,9
update,2198,2203,2214,11,,8
update,2209,2214,2221,7,,10
inbound,2210,2215,2222,7,,11
update,2220,2225,2244,19,,12
inbound,2225,2230,2247,17,,13
update,2231,2236,2250,14,,14
update,2242,2247,2255,8,,15
update,2253,2258,2271,13,,0
update,2264,2269,2283,14,,1
inbound,2265,2271,2290,19,,2
update,2275,2280,2296,16,,3
update,2286,2291,2296,5,,4
update,2297,2302,2310,8,,5
update,2308,2313,2319,6,,6
update,2319,2324,2327,3,,7
inbound,2320,2325,2330,5,,8
update,2330,2335,2339,4,,9
update,2341,2346,2349,3,,10
update,2352,2357,2361,4,,11
update,2363,2368,2371,3,,12
inbound,2375,2380,2383,3,,14
update,2374,2379,2383,4,,13
update,2385,2390,2393,3,,15
update,2396,2401,2403,2,,0
inbound,2400,2405,2408,3,,1
update,2407,2411,2414,3,,2
update,2418,2423,2426,3,,3
inbound,2425,2430,2434,4,,4
update,2429,2434,2438,4,,5
inbound,2430,2435,2439,4,,6
update,2440,2446,2449,3,,7
update,2451,2456,2460,4,,8
update,2462,2467,2469,2,,9
update,2473,2478,2481,3,,10
update,2484,2489,2493,4,,11
inbound,2485,2490,2494,4,,12
update,2495,2500,2503,3,,13
update,2506,2511,2513,2,,14
update,2517,2522,2525,3,,15
update,2528,2533,2536,3,,0
update,2539,2544,2548,4,,1
inbound,2540,2545,2549,4,,2
update,2550,2555,2558,3,,3
update,2561,2566,2569,3,,4
update,2572,2577,2579,2,,5
update,2583,2588,2591,3,,6
update,2594,2599,2602,3,,7
inbound,2595,2600,2604,4,,8
update,2605,2610,2613,3,,9
update,2616,2621,2624,3,,10
update,2627,2632,2636,4,,11
update,2638,2643,2646,3,,12
update,2649,2654,2657,3,,13
inbound,2650,2655,2659,4,,14
update,2660,2665,2668,3,,15
update,2671,2676,2679,3,,0
update,2682,2687,2691,4,,1
update,2693,2698,2701,3,,2
update,2704,2709,2713,4,,3
inbound,2705,2710,2714,4,,4
update,2715,2720,2722,2,,5
update,2726,2731,2734,3,,6
update,2737,2742,2745,3,,7
update,2748,2753,2756,3,,8
update,2759,2764,2767,3,,9
inbound,2760,2765,2769,4,,10
update,2770,2775,2778,3,,11
update,2781,2786,2789,3,,12
update,2792,2797,2800,3,,13
update,2803,2808,2811,3,,14
update,2814,2819,2823,4,,15
inbound,2815,2820,2823,3,,0
update,2825,2831,2833,2,,1
update,2836,2841,2843,2,,2
update,2847,2852,2855,3,,3
update,2858,2863,2866,3,,4
update,2869,2874,2879,5,,5
update,2880,2885,2890,5,,6
update,2891,2896,2931,35,,7
update,2902,2907,2931,24,,8
update,2913,2918,2931,13,,9
update,2924,2929,2935,6,,10
update,3000,3006,3009,3,,11
inbound,3000,3006,3010,4,,12
update,3011,3017,3020,3,,13
update,3022,3028,3032,4,,14
inbound,3025,3031,3034,3,,15
update,3033,3039,3041,2,,0
update,3044,3050,3053,3,,1
update,3055,3061,3064,3,,2
update,3066,3072,3075,3,,3
update,3077,3083,3086,3,,4
update,3088,3094,3097,3,,5
update,3099,3105,3109,4,,6
inbound,3100,3106,3110,4,,7
update,3110,3116,3119,3,,8
update,3121,3127,3130,3,,9
update,3132,3137,3140,3,,10
update,3143,3149,3152,3,,11
update,3154,3160,3163,3,,12
inbound,3155,3161,3165,4,,13
update,3165,3171,3173,2,,14
update,3176,3182,3185,3,,15
update,3187,3194,3197,3,,0
update,3198,3204,3206,2,,1
inbound,3200,3206,3209,3,,2
update,3209,3215,3218,3,,3
inbound,3210,3216,3220,4,,4
update,3220,3226,3229,3,,5
inbound,3225,3231,3234,3,,6
update,3231,3237,3240,3,,7
update,3242,3248,3250,2,,8
update,3253,3259,3262,3,,9
update,3264,3270,3273,3,,10
inbound,3265,3271,3274,3,,11
update,3275,3281,3284,3,,12
update,3286,3292,3295,3,,13
update,3297,3303,3308,5,,14
update,3308,3314,3318,4,,15
update,3319,3325,3329,4,,0
inbound,3320,3325,3330,5,,1
update,3330,3336,3338,2,,2
update,3341,3347,3351,4,,3
update,3352,3357,3360,3,,4
update,3363,3369,3375,6,,5
inbound,3375,3381,3386,5,,7
update,3374,3381,3387,6,,6
update,3385,3392,3394,2,,8
update,3396,3402,3404,2,,9
inbound,3400,3406,3409,3,,10
update,3407,3413,3417,4,,11
update,3418,3424,3428,4,,12
inbound,3425,3432,3435,3,,13
update,3429,3435,3438,3,,14
inbound,3430,3435,3439,4,,15
update,3440,3446,3449,3,,0
update,3451,3457,3460,3,,1
update,3462,3468,3472,4,,2
update,3473,3479,3481,2,,3
update,3484,3490,3493,3,,4
inbound,3485,3491,3494,3,,5
update,3495,3502,3505,3,,6
update,3506,3512,3516,4,,7
update,3517,3523,3526,3,,8
update,3528,3534,3537,3,,9
update,3539,3545,3549,4,,10
inbound,3540,3546,3550,4,,11
update,3550,3556,3559,3,,12
update,3561,3567,3570,3,,13
update,3572,3578,3583,5,,14
update,3583,3589,3593,4,,15
update,3594,3600,3604,4,,0
inbound,3595,3600,3605,5,,1
update,3605,3611,3614,3,,2
update,3616,3622,3625,3,,3
update,3627,3633,3636,3,,4
update,3638,3644,3646,2,,5
update,3649,3655,3658,3,,6
inbound,3650,3656,3660,4,,7
update,3660,3666,3669,3,,8
update,3671,3677,3681,4,,9
update,3682,3688,3692,4,,10
update,3693,3699,3702,3,,11
update,3704,3710,3713,3,,12
inbound,3705,3711,3715,4,,13
update,3715,3720,3723,3,,14
update,3726,3732,3735,3,,15
update,3737,3743,3746,3,,0
update,3748,3754,3757,3,,1
update,3759,3765,3768,3,,2
inbound,3760,3766,3769,3,,3
update,3770,3776,3779,3,,4
update,3781,3787,3790,3,,5
update,3792,3798,3801,3,,6
update,3803,3809,3812,3,,7
update,3814,3820,3824,4,,8
inbound,3815,3821,3824,3,,9
update,3825,3831,3833,2,,10
update,3836,3842,3845,3,,11
update,3847,3854,3856,2,,12
update,3858,3864,3867,3,,13
update,3869,3875,3878,3,,14
update,3880,3886,3888,2,,15
update,3891,3897,3900,3,,0
update,3902,3908,3911,3,,1
update,3913,3919,3921,2,,2
update,3924,3930,3932,2,,3
update,4000,4006,4009,3,,4
inbound,4000,4006,4010,4,,5
update,4011,4017,4019,2,,6
update,4022,4028,4034,6,,7
inbound,4025,4031,4036,5,,8
update,4033,4039,4042,3,,9
update,4044,4050,4052,2,,10
update,4055,4061,4064,3,,11
update,4066,4072,4074,2,,12
update,4077,4083,4086,3,,13
update,4088,4094,4097,3,,14
update,4099,4105,4109,4,,15
inbound,4100,4106,4110,4,,0
update,4110,4116,4119,3,,1
update,4121,4127,4130,3,,2
update,4132,4138,4141,3,,3
update,4143,4149,4152,3,,4
update,4154,4160,4163,3,,5
inbound,4155,4161,4165,4,,6
update,4165,4171,4175,4,,7
update,4176,4182,4185,3,,8
update,4187,4193,4197,4,,9
inbound,4200,4206,4209,3,,11
update,4198,4204,4210,6,,10
update,4209,4215,4218,3,,12
inbound,4210,4217,4221,4,,13
update,4220,4226,4231,5,,14
inbound,4225,4231,4234,3,,15
update,4231,4237,4240,3,,0
update,4242,4248,4251,3,,1
update,4253,4259,4262,3,,2
update,4264,4270,4274,4,,3
inbound,4265,4271,4275,4,,4
update,4275,4281,4283,2,,5
update,4286,4292,4295,3,,6
update,4297,4303,4307,4,,7
update,4308,4314,4319,5,,8
update,4319,4325,4329,4,,9
inbound,4320,4326,4330,4,,10
update,4330,4336,4338,2,,11
update,4341,4347,4350,3,,12
update,4352,4358,4361,3,,13
update,4363,4369,4373,4,,14
update,4374,4380,4383,3,,15
inbound,4375,4381,4385,4,,0
update,4385,4391,4394,3,,1
update,4396,4402,4404,2,,2
inbound,4400,4407,4409,2,,3
update,4407,4413,4416,3,,4
update,4418,4424,4427,3,,5
inbound,4425,4431,4434,3,,6
update,4429,4434,4437,3,,7
inbound,4430,4436,4440,4,,8
update,4440,4446,4449,3,,9
update,4451,4457,4459,2,,10
update,4462,4468,4472,4,,11
update,4473,4479,4482,3,,12
update,4484,4490,4494,4,,13
inbound,4485,4491,4494,3,,14
update,4495,4501,4504,3,,15
update,4506,4512,4515,3,,0
update,4517,4523,4526,3,,1
update,4528,4534,4537,3,,2
update,4539,4544,4548,4,,3
inbound,4540,4546,4548,2,,4
update,4550,4556,4559,3,,5
update,4561,4567,4570,3,,6
update,4572,4579,4581,2,,7
update,4583,4589,4592,3,,8
update,4594,4600,4604,4,,9
inbound,4595,4602,4605,3,,10
update,4605,4611,4614,3,,11
update,4616,4622,4624,2,,12
update,4627,4633,4635,2,,13
update,4638,4644,4647,3,,14
update,4649,4655,4659,4,,15
inbound,4650,4656,4660,4,,0
update,4660,4666,4669,3,,1
update,4671,4677,4680,3,,2
update,4682,4688,4691,3,,3
update,4693,4699,4702,3,,4
update,4704,4710,4713,3,,5
inbound,4705,4711,4714,3,,6
update,4715,4721,4725,4,,7
update,4726,4732,4734,2,,8
update,4737,4743,4746,3,,9
update,4748,4754,4757,3,,10
update,4759,4765,4768,3,,11
inbound,4760,4766,4769,3,,12
update,4770,4776,4779,3,,13
update,4781,4787,4789,2,,14
update,4792,4798,4802,4,,15
update,4803,4809,4812,3,,0
update,4814,4820,4823,3,,1
inbound,4815,4821,4824,3,,2
update,4825,4831,4834,3,,3
update,4836,4842,4845,3,,4
update,4847,4853,4856,3,,5
update,4858,4864,4867,3,,6
update,4869,4875,4878,3,,7
update,4880,4886,4890,4,,8
update,4891,4897,4902,5,,9
update,4902,4908,4912,4,,10
update,4913,4919,4922,3,,11
update,4924,4930,4934,4,,12
update,5000,5006,5009,3,,13
inbound,5000,5007,5010,3,,14
update,5011,5017,5020,3,,15
update,5022,5027,5030,3,,0
inbound,5025,5032,5035,3,,1
update,5033,5039,5042,3,,2
update,5044,5050,5053,3,,3
update,5055,5061,5064,3,,4
update,5066,5071,5074,3,,5
update,5077,5083,5086,3,,6
update,5088,5094,5097,3,,7
update,5099,5105,5107,2,,8
inbound,5100,5107,5110,3,,9
update,5110,5116,5119,3,,10
update,5121,5127,5130,3,,11
update,5132,5138,5141,3,,12
update,5143,5149,5152,3,,13
update,5154,5160,5163,3,,14
inbound,5155,5162,5165,3,,15
update,5165,5171,5174,3,,0
update,5176,5182,5185,3,,1
update,5187,5193,5196,3,,2
update,5198,5204,5207,3,,3
inbound,5200,5207,5209,2,,4
update,5209,5215,5217,2,,5
inbound,5210,5217,5219,2,,6
update,5220,5226,5228,2,,7
inbound,5225,5232,5235,3,,8
update,5231,5237,5240,3,,9
update,5242,5248,5251,3,,10
update,5253,5259,5261,2,,11
update,5264,5270,5274,4,,12
inbound,5265,5272,5275,3,,13
update,5275,5281,5284,3,,14
update,5286,5292,5295,3,,15
update,5297,5303,5308,5,,0
update,5308,5315,5321,6,,1
update,5319,5325,5329,4,,2
inbound,5320,5327,5331,4,,3
update,5330,5336,5339,3,,4
update,5341,5347,5349,2,,5
update,5352,5358,5362,4,,6
update,5363,5369,5372,3,,7
update,5374,5380,5383,3,,8
inbound,5375,5382,5386,4,,9
update,5385,5391,5395,4,,10
update,5396,5402,5404,2,,11
inbound,5400,5408,5410,2,,12
update,5407,5413,5416,3,,13
update,5418,5424,5427,3,,14
inbound,5425,5432,5434,2,,15
update,5429,5435,5438,3,,0
inbound,5430,5437,5439,2,,1
update,5440,5446,5449,3,,2
update,5451,5457,5460,3,,3
update,5462,5468,5471,3,,4
update,5473,5479,5481,2,,5
update,5484,5490,5493,3,,6
inbound,5485,5492,5495,3,,7
update,5495,5501,5503,2,,8
update,5506,5512,5514,2,,9
update,5517,5523,5526,3,,10
update,5528,5534,5536,2,,11
update,5539,5545,5549,4,,12
inbound,5540,5547,5550,3,,13
update,5550,5556,5559,3,,14
update,5561,5567,5570,3,,15
update,5572,5578,5581,3,,0
update,5583,5589,5592,3,,1
update,5594,5600,5604,4,,2
inbound,5595,5602,5605,3,,3
update,5605,5611,5614,3,,4
update,5616,5622,5625,3,,5
update,5627,5633,5636,3,,6
update,5638,5644,5647,3,,7
update,5649,5655,5658,3,,8
inbound,5650,5656,5658,2,,9
update,5660,5667,5669,2,,10
update,5671,5678,5681,3,,11
update,5682,5690,5693,3,,12
update,5693,5700,5703,3,,13
update,5704,5711,5715,4,,14
inbound,5705,5711,5715,4,,15
update,5715,5722,5725,3,,0
update,5726,5733,5737,4,,1
update,5737,5744,5747,3,,2
update,5748,5755,5758,3,,3
inbound,5760,5766,5769,3,,5
update,5759,5766,5769,3,,4
update,5770,5777,5781,4,,6
update,5781,5788,5791,3,,7
update,5792,5799,5801,2,,8
update,5803,5809,5811,2,,9
inbound,5815,5821,5824,3,,11
update,5814,5821,5824,3,,10
update,5825,5832,5835,3,,12
update,5836,5843,5846,3,,13
update,5847,5854,5857,3,,14
update,5858,5865,5868,3,,15
update,5869,5876,5879,3,,0
update,5880,5887,5889,2,,1
update,5891,5898,5901,3,,2
update,5902,5910,5912,2,,3
update,5913,5921,5923,2,,4
update,5924,5931,5934,3,,5
inbound,6000,6007,6010,3,,7
update,6000,6007,6010,3,,6
update,6011,6018,6021,3,,8
update,6022,6029,6032,3,,9
inbound,6025,6032,6035,3,,10
update,6033,6040,6043,3,,11
update,6044,6051,6055,4,,12
update,6055,6062,6067,5,,13
update,6066,6073,6076,3,,14
update,6077,6083,6089,6,,15
update,6088,6095,6098,3,,0
update,6099,6106,6110,4,,1
inbound,6100,6106,6110,4,,2
update,6110,6117,6120,3,,3
update,6121,6128,6132,4,,4
update,6132,6139,6143,4,,5
update,6143,6150,6153,3,,6
update,6154,6161,6164,3,,7
inbound,6155,6162,6166,4,,8
update,6165,6172,6176,4,,9
update,6176,6183,6186,3,,10
update,6187,6194,6197,3,,11
update,6198,6205,6208,3,,12
inbound,6200,6207,6210,3,,13
inbound,6210,6217,6222,5,,15
update,6209,6216,6222,6,,14
update,6220,6227,6230,3,,0
inbound,6225,6232,6235,3,,1
update,6231,6238,6241,3,,2
update,6242,6249,6252,3,,3
update,6253,6260,6264,4,,4
update,6264,6271,6275,4,,5
inbound,6265,6272,6276,4,,6
update,6275,6282,6286,4,,7
update,6286,6293,6296,3,,8
update,6297,6304,6307,3,,9
update,6308,6315,6319,4,,10
update,6319,6326,6330,4,,11
inbound,6320,6327,6331,4,,12
update,6330,6337,6340,3,,13
update,6341,6348,6351,3,,14
update,6352,6359,6361,2,,15
update,6363,6370,6373,3,,0
update,6374,6381,6384,3,,1
inbound,6375,6382,6385,3,,2
update,6385,6391,6393,2,,3
update,6396,6403,6405,2,,4
inbound,6400,6407,6410,3,,5
update,6407,6414,6417,3,,6
update,6418,6425,6428,3,,7
inbound,6425,6432,6435,3,,8
update,6429,6436,6439,3,,9
inbound,6430,6437,6440,3,,10
update,6440,6447,6449,2,,11
update,6451,6458,6461,3,,12
update,6462,6470,6472,2,,13
update,6473,6480,6483,3,,14
inbound,6485,6491,6494,3,,0
update,6484,6491,6495,4,,15
update,6495,6502,6504,2,,1
update,6506,6513,6516,3,,2
update,6517,6524,6527,3,,3
update,6528,6535,6538,3,,4
update,6539,6546,6549,3,,5
inbound,6540,6547,6550,3,,6
update,6550,6556,6559,3,,7
update,6561,6568,6571,3,,8
update,6572,6579,6583,4,,9
update,6583,6590,6593,3,,10
update,6594,6601,6604,3,,11
inbound,6595,6602,6606,4,,12
update,6605,6612,6615,3,,13
update,6616,6623,6626,3,,14
update,6627,6634,6637,3,,15
update,6638,6645,6648,3,,0
update,6649,6656,6659,3,,1
inbound,6650,6656,6661,5,,2
update,6660,6667,6673,6,,3
update,6671,6678,6682,4,,4
update,6682,6689,6693,4,,5
update,6693,6700,6706,6,,6
update,6704,6711,6715,4,,7
inbound,6705,6712,6716,4,,8
update,6715,6722,6727,5,,9
update,6726,6733,6737,4,,10
update,6737,6743,6747,4,,11
update,6748,6755,6759,4,,12
inbound,6760,6767,6769,2,,14
update,6759,6766,6771,5,,13
update,6770,6777,6783,6,,15
update,6781,6788,6794,6,,0
update,6792,6799,6804,5,,1
update,6803,6810,6814,4,,2
update,6814,6821,6827,6,,3
inbound,6815,6822,6829,7,,4
update,6825,6832,6839,7,,5
update,6836,6843,6845,2,,6
update,6847,6853,6856,3,,7
update,6858,6865,6869,4,,8
update,6869,6876,6887,11,,9
update,6880,6887,6890,3,,10
update,6891,6898,6901,3,,11
update,6902,6909,6912,3,,12
update,6913,6920,6923,3,,13
update,6924,6931,6934,3,,14
inbound,7000,7007,7010,3,,0
update,7000,7007,7011,4,,15
update,7011,7018,7022,4,,1
update,7022,7029,7033,4,,2
inbound,7025,7032,7035,3,,3
update,7033,7040,7043,3,,4
update,7044,7051,7054,3,,5
update,7055,7062,7065,3,,6
update,7066,7073,7076,3,,7
update,7077,7084,7087,3,,8
update,7088,7095,7098,3,,9
update,7099,7106,7110,4,,10
inbound,7100,7106,7110,4,,11
update,7110,7116,7119,3,,12
update,7121,7127,7129,2,,13
update,7132,7139,7142,3,,14
update,7143,7150,7153,3,,15
update,7154,7160,7165,5,,0
inbound,7155,7162,7166,4,,1
update,7165,7172,7175,3,,2
update,7176,7183,7186,3,,3
update,7187,7194,7196,2,,4
update,7198,7205,7208,3,,5
inbound,7200,7207,7210,3,,6
inbound,7210,7216,7220,4,,8
update,7209,7216,7220,4,,7
update,7220,7227,7230,3,,9
inbound,7225,7232,7234,2,,10
update,7231,7237,7239,2,,11
update,7242,7249,7252,3,,12
update,7253,7260,7262,2,,13
inbound,7265,7271,7274,3,,15
update,7264,7271,7274,3,,14
update,7275,7282,7284,2,,0
update,7286,7293,7296,3,,1
update,7297,7304,7307,3,,2
update,7308,7314,7317,3,,3
inbound,7320,7327,7332,5,,5
update,7319,7326,7333,7,,4
update,7330,7336,7339,3,,6
update,7341,7348,7351,3,,7
update,7352,7358,7362,4,,8
update,7363,7370,7372,2,,9
update,7374,7381,7384,3,,10
inbound,7375,7381,7385,4,,11
update,7385,7392,7395,3,,12
update,7396,7402,7404,2,,13
inbound,7400,7406,7408,2,,14
update,7407,7413,7416,3,,15
update,7418,7425,7429,4,,0
inbound,7425,7431,7434,3,,1
update,7429,7435,7438,3,,2
inbound,7430,7436,7439,3,,3
update,7440,7446,7449,3,,4
update,7451,7457,7460,3,,5
update,7462,7469,7472,3,,6
update,7473,7479,7482,3,,7
update,7484,7490,7493,3,,8
inbound,7485,7492,7496,4,,9
update,7495,7501,7505,4,,10
update,7506,7512,7515,3,,11
update,7517,7523,7526,3,,12
update,7528,7535,7538,3,,13
update,7539,7545,7550,5,,14
inbound,7540,7546,7550,4,,15
update,7550,7557,7560,3,,0
update,7561,7567,7571,4,,1
update,7572,7578,7580,2,,2
update,7583,7590,7593,3,,3
update,7594,7601,7604,3,,4
inbound,7595,7601,7605,4,,5
update,7605,7611,7613,2,,6
update,7616,7622,7625,3,,7
update,7627,7634,7637,3,,8
update,7638,7645,7648,3,,9
update,7649,7655,7658,3,,10
inbound,7650,7656,7660,4,,11
update,7660,7666,7669,3,,12
update,7671,7677,7680,3,,13
update,7682,7688,7691,3,,14
update,7693,7699,7702,3,,15
update,7704,7711,7715,4,,0
inbound,7705,7711,7715,4,,1
update,7715,7721,7724,3,,2
update,7726,7732,7736,4,,3
update,7737,7743,7746,3,,4
update,7748,7754,7757,3,,5
inbound,7760,7766,7769,3,,7
update,7759,7765,7769,4,,6
update,7770,7776,7779,3,,8
update,7781,7787,7790,3,,9
update,7792,7798,7800,2,,10
update,7803,7809,7812,3,,11
update,7814,7820,7823,3,,12
inbound,7815,7821,7825,4,,13
update,7825,7831,7834,3,,14
update,7836,7842,7845,3,,15
update,7847,7853,7856,3,,0
update,7858,7864,7868,4,,1
update,7869,7875,7878,3,,2
update,7880,7886,7888,2,,3
update,7891,7897,7900,3,,4
update,7902,7908,7912,4,,5
update,7913,7919,7923,4,,6
update,7924,7931,7936,5,,7
update,8000,8007,8011,4,,8
inbound,8000,8007,8011,4,,9
update,8011,8017,8020,3,,10
update,8022,8028,8033,5,,11
inbound,8025,8031,8034,3,,12
update,8033,8039,8043,4,,13
update,8044,8050,8054,4,,14
update,8055,8061,8064,3,,15
update,8066,8073,8076,3,,0
update,8077,8083,8087,4,,1
update,8088,8094,8097,3,,2
update,8099,8105,8108,3,,3
inbound,8100,8106,8112,6,,4
update,8110,8116,8122,6,,5
update,8121,8128,8131,3,,6
update,8132,8139,8143,4,,7
update,8143,8149,8152,3,,8
update,8154,8160,8164,4,,9
inbound,8155,8161,8164,3,,10
update,8165,8171,8174,3,,11
update,8176,8182,8186,4,,12
update,8187,8193,8196,3,,13
update,8198,8204,8209,5,,14
inbound,8200,8206,8211,5,,15
update,8209,8215,8218,3,,0
inbound,8210,8217,8222,5,,1
update,8220,8226,8229,3,,2
inbound,8225,8231,8234,3,,3
update,8231,8237,8240,3,,4
update,8242,8248,8251,3,,5
update,8253,8260,8264,4,,6
update,8264,8270,8275,5,,7
inbound,8265,8272,8276,4,,8
update,8275,8281,8286,5,,9
update,8286,8292,8296,4,,10
update,8297,8303,8306,3,,11
update,8308,8314,8319,5,,12
update,8319,8326,8335,9,,13
update,8330,8336,8341,5,,15
inbound,8320,8327,8342,15,,14
update,8341,8347,8351,4,,0
update,8352,8359,8362,3,,1
update,8363,8369,8372,3,,2
update,8374,8380,8383,3,,3
inbound,8375,8382,8386,4,,4
update,8385,8391,8394,3,,5
update,8396,8402,8405,3,,6
inbound,8400,8405,8410,5,,7
update,8407,8412,8415,3,,8
update,8418,8424,8427,3,,9
inbound,8425,8431,8434,3,,10
update,8429,8435,8439,4,,11
inbound,8430,8437,8441,4,,12
update,8440,8446,8448,2,,13
update,8451,8457,8460,3,,14
update,8462,8468,8470,2,,15
update,8473,8479,8483,4,,0
update,8484,8491,8494,3,,1
inbound,8485,8492,8495,3,,2
update,8495,8501,8507,6,,3
update,8506,8512,8515,3,,4
update,8517,8523,8526,3,,5
update,8528,8534,8538,4,,6
update,8539,8545,8547,2,,7
inbound,8540,8547,8550,3,,8
update,8550,8556,8559,3,,9
update,8561,8567,8570,3,,10
update,8572,8578,8581,3,,11
update,8583,8589,8592,3,,12
update,8594,8600,8603,3,,13
inbound,8595,8602,8605,3,,14
update,8605,8611,8613,2,,15
update,8616,8622,8625,3,,0
update,8627,8633,8636,3,,1
update,8638,8644,8647,3,,2
update,8649,8655,8658,3,,3
inbound,8650,8657,8660,3,,4
update,8660,8666,8669,3,,5
update,8671,8677,8679,2,,6
update,8682,8688,8691,3,,7
update,8693,8700,8703,3,,8
update,8704,8711,8715,4,,9
inbound,8705,8713,8717,4,,10
update,8715,8722,8725,3,,11
update,8726,8733,8736,3,,12
update,8737,8744,8747,3,,13
update,8748,8755,8758,3,,14
update,8759,8766,8768,2,,15
inbound,8760,8768,8770,2,,0
update,8770,8777,8780,3,,1
update,8781,8788,8791,3,,2
update,8792,8799,8802,3,,3
update,8803,8810,8812,2,,4
update,8814,8821,8826,5,,5
inbound,8815,8823,8826,3,,6
update,8825,8832,8835,3,,7
update,8836,8843,8845,2,,8
update,8847,8854,8857,3,,9
update,8858,8865,8868,3,,10
update,8869,8876,8879,3,,11
update,8880,8887,8890,3,,12
update,8891,8898,8900,2,,13
update,8902,8909,8912,3,,14
update,8913,8920,8922,2,,15
update,8924,8931,8934,3,,0
inbound,9000,9008,9011,3,,2
update,9000,9008,9011,3,,1
update,9011,9019,9022,3,,3
update,9022,9030,9034,4,,4
inbound,9025,9033,9035,2,,5
update,9033,9042,9045,3,,6
update,9044,9052,9055,3,,7
update,9055,9063,9065,2,,8
update,9066,9074,9077,3,,9
update,9077,9085,9087,2,,10
update,9088,9095,9098,3,,11
update,9099,9107,9110,3,,12
inbound,9100,9108,9112,4,,13
update,9110,9118,9120,2,,14
update,9121,9129,9132,3,,15
update,9132,9140,9143,3,,0
update,9143,9151,9154,3,,1
update,9154,9162,9166,4,,2
inbound,9155,9163,9168,5,,3
update,9165,9173,9177,4,,4
update,9176,9184,9187,3,,5
update,9187,9195,9200,5,,6
update,9198,9206,9212,6,,7
inbound,9200,9208,9214,6,,8
update,9209,9217,9221,4,,9
inbound,9210,9219,9222,3,,10
update,9220,9228,9231,3,,11
inbound,9225,9233,9236,3,,12
update,9231,9239,9242,3,,13
update,9242,9250,9252,2,,14
update,9253,9261,9264,3,,15
update,9264,9272,9275,3,,0
inbound,9265,9273,9277,4,,1
update,9275,9283,9285,2,,2
update,9286,9293,9296,3,,3
update,9297,9305,9308,3,,4
update,9308,9316,9319,3,,5
update,9319,9327,9330,3,,6
inbound,9320,9328,9332,4,,7
update,9330,9338,9341,3,,8
update,9341,9349,9351,2,,9
update,9352,9360,9362,2,,10
update,9363,9371,9374,3,,11
inbound,9375,9383,9386,3,,13
update,9374,9382,9386,4,,12
update,9385,9393,9396,3,,14
update,9396,9404,9407,3,,15
inbound,9400,9407,9410,3,,0
update,9407,9415,9418,3,,1
update,9418,9426,9428,2,,2
inbound,9425,9433,9436,3,,3
update,9429,9437,9440,3,,4
inbound,9430,9438,9441,3,,5
update,9440,9448,9451,3,,6
update,9451,9459,9462,3,,7
update,9462,9470,9473,3,,8
update,9473,9481,9484,3,,9
update,9484,9492,9495,3,,10
inbound,9485,9493,9496,3,,11
update,9495,9503,9506,3,,12
update,9506,9514,9517,3,,13
update,9517,9525,9527,2,,14
update,9528,9536,9538,2,,15
update,9539,9547,9550,3,,0
inbound,9540,9548,9551,3,,1
update,9550,9558,9560,2,,2
update,9561,9569,9571,2,,3
update,9572,9580,9583,3,,4
update,9583,9591,9594,3,,5
update,9594,9602,9605,3,,6
inbound,9595,9603,9606,3,,7
update,9605,9613,9616,3,,8
update,9616,9624,9626,2,,9
update,9627,9635,9637,2,,10
update,9638,9646,9649,3,,11
update,9649,9657,9660,3,,12
inbound,9650,9658,9661,3,,13
update,9660,9668,9671,3,,14
update,9671,9679,9682,3,,15
update,9682,9690,9693,3,,0
update,9693,9701,9704,3,,1
update,9704,9712,9715,3,,2
inbound,9705,9713,9716,3,,3
update,9715,9723,9726,3,,4
update,9726,9734,9737,3,,5
update,9737,9745,9748,3,,6
update,9748,9756,9759,3,,7
inbound,9760,9768,9771,3,,9
update,9759,9767,9771,4,,8
update,9770,9778,9782,4,,10
update,9781,9789,9792,3,,11
update,9792,9800,9804,4,,12
update,9803,9811,9814,3,,13
update,9814,9822,9826,4,,14
inbound,9815,9823,9826,3,,15
update,9825,9833,9836,3,,0
update,9836,9844,9847,3,,1
update,9847,9855,9858,3,,2
update,9858,9866,9870,4,,3
update,9869,9877,9881,4,,4
update,9880,9889,9892,3,,5
update,9891,9899,9901,2,,6
update,9902,9910,9913,3,,7
update,9913,9921,9923,2,,8
update,9924,9932,9935,3,,9
update,10000,10008,10011,3,,10
inbound,10000,10008,10011,3,,11
update,10011,10019,10022,3,,12
update,10022,10030,10034,4,,13
inbound,10025,10033,10037,4,,14
update,10033,10041,10044,3,,15
update,10044,10052,10057,5,,0
update,10055,10063,10067,4,,1
update,10066,10074,10077,3,,2
update,10077,10085,10088,3,,3
update,10088,10096,10099,3,,4
update,10099,10107,10110,3,,5
inbound,10100,10108,10111,3,,6
update,10110,10118,10121,3,,7
update,10121,10129,10132,3,,8
update,10132,10140,10143,3,,9
update,10143,10151,10154,3,,10
update,10154,10162,10166,4,,11
inbound,10155,10163,10167,4,,12
update,10165,10173,10176,3,,13
update,10176,10184,10187,3,,14
update,10187,10195,10198,3,,15
update,10198,10206,10209,3,,0
inbound,10200,10208,10212,4,,1
update,10209,10217,10220,3,,2
inbound,10210,10218,10221,3,,3
update,10220,10228,10231,3,,4
inbound,10225,10233,10236,3,,5
update,10231,10239,10242,3,,6
update,10242,10250,10253,3,,7
update,10253,10261,10264,3,,8
inbound,10265,10273,10278,5,,10
update,10264,10272,10278,6,,9
update,10275,10283,10286,3,,11
update,10286,10294,10296,2,,12
update,10297,10305,10308,3,,13
update,10308,10316,10319,3,,14
update,10319,10327,10330,3,,15
inbound,10320,10328,10331,3,,0
update,10330,10338,10342,4,,1
update,10341,10349,10353,4,,2
update,10352,10360,10363,3,,3
update,10363,10371,10374,3,,4
update,10374,10382,10385,3,,5
inbound,10375,10383,10386,3,,6
update,10385,10393,10396,3,,7
update,10396,10404,10407,3,,8
inbound,10400,10409,10412,3,,9
update,10407,10415,10418,3,,10
update,10418,10426,10429,3,,11
inbound,10425,10433,10437,4,,12
inbound,10430,10438,10441,3,,14
update,10429,10437,10442,5,,13
update,10440,10448,10451,3,,15
update,10451,10459,10463,4,,0
update,10462,10470,10472,2,,1
update,10473,10481,10486,5,,2
update,10484,10492,10496,4,,3
inbound,10485,10493,10496,3,,4
update,10495,10503,10505,2,,5
update,10506,10514,10517,3,,6
update,10517,10525,10528,3,,7
update,10528,10536,10539,3,,8
update,10539,10547,10550,3,,9
inbound,10540,10548,10551,3,,10
update,10550,10558,10561,3,,11
update,10561,10569,10572,3,,12
update,10572,10580,10584,4,,13
update,10583,10591,10594,3,,14
update,10594,10602,10605,3,,15
inbound,10595,10603,10606,3,,0
update,10605,10613,10616,3,,1
update,10616,10624,10627,3,,2
update,10627,10635,10638,3,,3
update,10638,10646,10649,3,,4
update,10649,10657,10661,4,,5
inbound,10650,10658,10661,3,,6
update,10660,10668,10671,3,,7
update,10671,10679,10682,3,,8
update,10682,10690,10694,4,,9
update,10693,10701,10704,3,,10
update,10704,10712,10716,4,,11
inbound,10705,10713,10716,3,,12
update,10715,10723,10725,2,,13
update,10726,10734,10738,4,,14
update,10737,10745,10747,2,,15
update,10748,10756,10759,3,,0
update,10759,10767,10770,3,,1
inbound,10760,10768,10771,3,,2
update,10770,10778,10781,3,,3
update,10781,10789,10792,3,,4
update,10792,10800,10803,3,,5
update,10803,10811,10813,2,,6
update,10814,10822,10825,3,,7
inbound,10815,10823,10825,2,,8
update,10825,10833,10835,2,,9
update,10836,10844,10847,3,,10
update,10847,10855,10858,3,,11
update,10858,10866,10869,3,,12
update,10869,10877,10881,4,,13
update,10880,10888,10891,3,,14
update,10891,10899,10902,3,,15
update,10902,10910,10912,2,,0
update,10913,10921,10924,3,,1
update,10924,10932,10935,3,,2
inbound,11000,11008,11011,3,,4
update,11000,11008,11013,5,,3
update,11011,11019,11022,3,,5
update,11022,11030,11033,3,,6
inbound,11025,11033,11036,3,,7
update,11033,11041,11044,3,,8
update,11044,11052,11054,2,,9
update,11055,11063,11068,5,,10
update,11066,11074,11077,3,,11
update,11077,11085,11088,3,,12
update,11088,11096,11099,3,,13
update,11099,11107,11111,4,,14
inbound,11100,11108,11112,4,,15
update,11110,11118,11121,3,,0
update,11121,11129,11133,4,,1
update,11132,11140,11143,3,,2
update,11143,11151,11154,3,,3
update,11154,11162,11166,4,,4
inbound,11155,11163,11167,4,,5
update,11165,11173,11176,3,,6
update,11176,11183,11186,3,,7
update,11187,11195,11198,3,,8
update,11198,11206,11210,4,,9
inbound,11200,11208,11211,3,,10
update,11209,11217,11221,4,,11
inbound,11210,11218,11221,3,,12
update,11220,11228,11231,3,,13
inbound,11225,11233,11236,3,,14
update,11231,11239,11242,3,,15
update,11242,11250,11252,2,,0
update,11253,11261,11264,3,,1
update,11264,11272,11276,4,,2
inbound,11265,11273,11277,4,,3
update,11275,11283,11285,2,,4
update,11286,11294,11296,2,,5
update,11297,11305,11307,2,,6
update,11308,11316,11318,2,,7
update,11319,11327,11330,3,,8
inbound,11320,11328,11331,3,,9
update,11330,11338,11341,3,,10
update,11341,11349,11352,3,,11
update,11352,11360,11364,4,,12
update,11363,11371,11374,3,,13
update,11374,11382,11386,4,,14
inbound,11375,11382,11387,5,,15
update,11385,11393,11396,3,,0
update,11396,11403,11406,3,,1
inbound,11400,11408,11411,3,,2
update,11407,11415,11418,3,,3
update,11418,11426,11428,2,,4
inbound,11425,11434,11436,2,,5
update,11429,11437,11440,3,,6
inbound,11430,11438,11442,4,,7
update,11440,11448,11451,3,,8
update,11451,11459,11463,4,,9
update,11462,11470,11472,2,,10
update,11473,11481,11484,3,,11
update,11484,11492,11495,3,,12
inbound,11485,11493,11497,4,,13
update,11495,11503,11506,3,,14
update,11506,11514,11522,8,,15
update,11517,11525,11528,3,,0
update,11528,11536,11539,3,,1
inbound,11540,11548,11552,4,,3
update,11539,11547,11552,5,,2
update,11550,11559,11566,7,,4
update,11561,11569,11576,7,,5
update,11572,11580,11583,3,,6
update,11583,11591,11594,3,,7
update,11594,11602,11606,4,,8
inbound,11595,11603,11607,4,,9
update,11605,11612,11615,3,,10
update,11616,11624,11627,3,,11
update,11627,11635,11638,3,,12
update,11638,11646,11649,3,,13
update,11649,11657,11660,3,,14
inbound,11650,11658,11661,3,,15
update,11660,11668,11671,3,,0
update,11671,11679,11682,3,,1
update,11682,11690,11693,3,,2
update,11693,11701,11705,4,,3
update,11704,11712,11716,4,,4
inbound,11705,11713,11717,4,,5
update,11715,11723,11727,4,,6
update,11726,11734,11737,3,,7
update,11737,11745,11749,4,,8
update,11748,11756,11759,3,,9
update,11759,11767,11771,4,,10
inbound,11760,11769,11771,2,,11
update,11770,11778,11781,3,,12
update,11781,11789,11792,3,,13
update,11792,11800,11804,4,,14
update,11803,11811,11815,4,,15
update,11814,11822,11825,3,,0
inbound,11815,11823,11826,3,,1
update,11825,11833,11836,3,,2
update,11836,11844,11848,4,,3
update,11847,11855,11858,3,,4
update,11858,11866,11869,3,,5
update,11869,11878,11881,3,,6
update,11880,11888,11891,3,,7
update,11891,11899,11902,3,,8
update,11902,11910,11913,3,,9
update,11913,11921,11924,3,,10
update,11924,11932,11935,3,,11
update,12000,12008,12011,3,,12
inbound,12000,12009,12011,2,,13
update,12011,12019,12021,2,,14
update,12022,12030,12033,3,,15
inbound,12025,12033,12036,3,,0
update,12033,12041,12044,3,,1
update,12044,12052,12055,3,,2
update,12055,12063,12067,4,,3
update,12066,12074,12079,5,,4
update,12077,12085,12088,3,,5
update,12088,12096,12099,3,,6
inbound,12100,12108,12111,3,,8
update,12099,12107,12111,4,,7
update,12110,12117,12120,3,,9
update,12121,12129,12132,3,,10
update,12132,12140,12142,2,,11
update,12143,12151,12154,3,,12
update,12154,12162,12165,3,,13
inbound,12155,12163,12167,4,,14
update,12165,12173,12176,3,,15
update,12176,12184,12187,3,,0
update,12187,12195,12198,3,,1
update,12198,12206,12208,2,,2
inbound,12200,12208,12211,3,,3
update,12209,12217,12220,3,,4
inbound,12210,12218,12221,3,,5
update,12220,12228,12231,3,,6
inbound,12225,12233,12236,3,,7
update,12231,12239,12242,3,,8
update,12242,12250,12253,3,,9
update,12253,12261,12264,3,,10
update,12264,12272,12276,4,,11
inbound,12265,12273,12277,4,,12
update,12275,12283,12286,3,,13
update,12286,12294,12297,3,,14
update,12297,12305,12308,3,,15
update,12308,12316,12319,3,,0
update,12319,12327,12331,4,,1
inbound,12320,12328,12333,5,,2
update,12330,12338,12342,4,,3
update,12341,12349,12354,5,,4
update,12352,12360,12364,4,,5
update,12363,12371,12373,2,,6
update,12374,12382,12386,4,,7
inbound,12375,12383,12388,5,,8
update,12385,12393,12397,4,,9
update,12396,12404,12406,2,,10
inbound,12400,12408,12412,4,,11
update,12407,12415,12417,2,,12
update,12418,12426,12429,3,,13
inbound,12425,12433,12436,3,,14
update,12429,12436,12441,5,,15
inbound,12430,12438,12442,4,,0
update,12440,12448,12452,4,,1
update,12451,12459,12462,3,,2
update,12462,12470,12474,4,,3
update,12473,12481,12485,4,,4
update,12484,12494,12497,3,,5
inbound,12485,12494,12499,5,,6
update,12495,12503,12506,3,,7
update,12506,12514,12517,3,,8
update,12517,12525,12528,3,,9
update,12528,12536,12541,5,,10
update,12539,12547,12553,6,,11
inbound,12540,12548,12554,6,,12
update,12550,12558,12563,5,,13
update,12561,12569,12572,3,,14
update,12572,12580,12583,3,,15
update,12583,12591,12594,3,,0
update,12594,12602,12606,4,,1
inbound,12595,12603,12607,4,,2
update,12605,12613,12618,5,,3
update,12616,12624,12627,3,,4
update,12627,12635,12639,4,,5
update,12638,12646,12649,3,,6
update,12649,12657,12661,4,,7
inbound,12650,12658,12663,5,,8
update,12660,12668,12671,3,,9
update,12671,12679,12683,4,,10
update,12682,12690,12693,3,,11
update,12693,12701,12705,4,,12
update,12704,12712,12716,4,,13
inbound,12705,12713,12717,4,,14
update,12715,12723,12726,3,,15
update,12726,12734,12737,3,,0
update,12737,12745,12749,4,,1
update,12748,12756,12759,3,,2
update,12759,12767,12771,4,,3
inbound,12760,12768,12771,3,,4
update,12770,12778,12781,3,,5
update,12781,12789,12792,3,,6
update,12792,12800,12803,3,,7
update,12803,12811,12814,3,,8
inbound,12815,12823,12825,2,,10
update,12814,12822,12826,4,,9
update,12825,12833,12835,2,,11
update,12836,12844,12848,4,,12
update,12847,12855,12859,4,,13
update,12858,12866,12869,3,,14
update,12869,12877,12880,3,,15
update,12880,12888,12891,3,,0
update,12891,12899,12909,10,,1
update,12902,12910,12913,3,,2
update,12913,12921,12923,2,,3
update,12924,12932,12935,3,,4
update,13000,13008,13011,3,,5
inbound,13000,13009,13012,3,,6
update,13011,13019,13022,3,,7
update,13022,13030,13033,3,,8
inbound,13025,13034,13037,3,,9
update,13033,13041,13044,3,,10
update,13044,13052,13055,3,,11
update,13055,13063,13065,2,,12
update,13066,13074,13077,3,,13
update,13077,13085,13087,2,,14
update,13088,13097,13100,3,,15
update,13099,13108,13111,3,,0
inbound,13100,13109,13113,4,,1
update,13110,13119,13122,3,,2
update,13121,13130,13133,3,,3
update,13132,13141,13144,3,,4
update,13143,13152,13155,3,,5
update,13154,13163,13166,3,,6
inbound,13155,13164,13168,4,,7
update,13165,13174,13176,2,,8
update,13176,13185,13187,2,,9
update,13187,13196,13198,2,,10
update,13198,13207,13209,2,,11
inbound,13200,13209,13212,3,,12
update,13209,13218,13221,3,,13
inbound,13210,13219,13222,3,,14
update,13220,13229,13232,3,,15
inbound,13225,13234,13237,3,,0
update,13231,13240,13243,3,,1
update,13242,13251,13253,2,,2
update,13253,13262,13264,2,,3
update,13264,13273,13276,3,,4
inbound,13265,13274,13277,3,,5
update,13275,13284,13287,3,,6
update,13286,13295,13298,3,,7
update,13297,13306,13309,3,,8
update,13308,13317,13320,3,,9
update,13319,13328,13331,3,,10
inbound,13320,13329,13332,3,,11
update,13330,13339,13342,3,,12
update,13341,13350,13352,2,,13
update,13352,13361,13365,4,,14
update,13363,13372,13375,3,,15
update,13374,13383,13386,3,,0
inbound,13375,13384,13387,3,,1
update,13385,13394,13397,3,,2
update,13396,13405,13408,3,,3
inbound,13400,13409,13412,3,,4
update,13407,13416,13419,3,,5
update,13418,13427,13430,3,,6
inbound,13425,13434,13436,2,,7
update,13429,13438,13441,3,,8
inbound,13430,13439,13442,3,,9
update,13440,13449,13452,3,,10
update,13451,13460,13462,2,,11
update,13462,13471,13474,3,,12
update,13473,13482,13485,3,,13
update,13484,13493,13496,3,,14
inbound,13485,13494,13497,3,,15
update,13495,13504,13507,3,,0
update,13506,13515,13518,3,,1
update,13517,13526,13529,3,,2
update,13528,13537,13540,3,,3
update,13539,13548,13551,3,,4
inbound,13540,13549,13552,3,,5
update,13550,13559,13562,3,,6
update,13561,13570,13573,3,,7
update,13572,13581,13585,4,,8
update,13583,13592,13595,3,,9
update,13594,13603,13608,5,,10
inbound,13595,13604,13609,5,,11
update,13605,13614,13617,3,,12
update,13616,13625,13628,3,,13
update,13627,13636,13639,3,,14
update,13638,13647,13650,3,,15
update,13649,13658,13661,3,,0
inbound,13650,13659,13662,3,,1
update,13660,13669,13672,3,,2
update,13671,13680,13683,3,,3
update,13682,13691,13694,3,,4
update,13693,13702,13705,3,,5
update,13704,13713,13717,4,,6
inbound,13705,13714,13717,3,,7
update,13715,13724,13727,3,,8
update,13726,13735,13738,3,,9
update,13737,13746,13749,3,,10
update,13748,13757,13760,3,,11
update,13759,13768,13772,4,,12
inbound,13760,13769,13772,3,,13
update,13770,13779,13782,3,,14
update,13781,13790,13792,2,,15
update,13792,13801,13804,3,,0
update,13803,13812,13816,4,,1
update,13814,13823,13827,4,,2
inbound,13815,13824,13827,3,,3
update,13825,13834,13837,3,,4
update,13836,13845,13848,3,,5
update,13847,13856,13858,2,,6
update,13858,13867,13869,2,,7
update,13869,13878,13880,2,,8
update,13880,13889,13891,2,,9
update,13891,13900,13902,2,,10
update,13902,13911,13914,3,,11
update,13913,13922,13925,3,,12
update,13924,13933,13936,3,,13
update,14000,14009,14012,3,,14
inbound,14000,14009,14013,4,,15
update,14011,14019,14022,3,,0
update,14022,14031,14034,3,,1
inbound,14025,14034,14036,2,,2
update,14033,14042,14045,3,,3
update,14044,14053,14056,3,,4
update,14055,14064,14067,3,,5
update,14066,14075,14081,6,,6
update,14077,14086,14090,4,,7
update,14088,14097,14101,4,,8
update,14099,14108,14111,3,,9
inbound,14100,14109,14113,4,,10
update,14110,14119,14122,3,,11
update,14121,14130,14133,3,,12
update,14132,14141,14144,3,,13
update,14143,14152,14155,3,,14
update,14154,14163,14166,3,,15
inbound,14155,14164,14167,3,,0
update,14165,14174,14177,3,,1
update,14176,14185,14188,3,,2
update,14187,14196,14201,5,,3
update,14198,14207,14211,4,,4
inbound,14200,14209,14215,6,,5
update,14209,14218,14222,4,,6
inbound,14210,14219,14224,5,,7
update,14220,14229,14232,3,,8
inbound,14225,14234,14237,3,,9
update,14231,14240,14243,3,,10
update,14242,14251,14254,3,,11
update,14253,14262,14265,3,,12
update,14264,14273,14279,6,,13
inbound,14265,14274,14280,6,,14
update,14275,14284,14288,4,,15
update,14286,14295,14300,5,,0
update,14297,14306,14311,5,,1
update,14308,14317,14321,4,,2
update,14319,14328,14331,3,,3
inbound,14320,14329,14332,3,,4
update,14330,14340,14343,3,,5
update,14341,14350,14353,3,,6
update,14352,14361,14371,10,,7
update,14363,14373,14379,6,,8
inbound,14375,14384,14390,6,,10
update,14374,14383,14390,7,,9
update,14385,14394,14398,4,,11
update,14396,14405,14409,4,,12
inbound,14400,14409,14413,4,,13
update,14407,14416,14419,3,,14
update,14418,14427,14431,4,,15
inbound,14425,14434,14438,4,,0
update,14429,14438,14443,5,,1
inbound,14430,14439,14443,4,,2
update,14440,14449,14452,3,,3
update,14451,14460,14464,4,,4
update,14462,14471,14474,3,,5
update,14473,14482,14485,3,,6
update,14484,14493,14496,3,,7
inbound,14485,14495,14500,5,,8
update,14495,14504,14507,3,,9
update,14506,14515,14519,4,,10
update,14517,14527,14529,2,,11
update,14528,14537,14540,3,,12
update,14539,14548,14553,5,,13
inbound,14540,14550,14555,5,,14
update,14550,14559,14564,5,,15
update,14561,14570,14574,4,,0
update,14572,14581,14586,5,,1
update,14583,14592,14596,4,,2
update,14594,14603,14609,6,,3
inbound,14595,14604,14610,6,,4
update,14605,14614,14617,3,,5
update,14616,14625,14628,3,,6
update,14627,14636,14640,4,,7
update,14638,14647,14652,5,,8
inbound,14650,14659,14664,5,,10
update,14649,14658,14664,6,,9
update,14660,14669,14673,4,,11
update,14671,14680,14683,3,,12
update,14682,14691,14695,4,,13
update,14693,14702,14706,4,,14
update,14704,14713,14718,5,,15
inbound,14705,14714,14720,6,,0
update,14715,14724,14727,3,,1
update,14726,14735,14739,4,,2
update,14737,14746,14749,3,,3
update,14748,14757,14761,4,,4
update,14759,14768,14772,4,,5
inbound,14760,14770,14772,2,,6
update,14770,14779,14783,4,,7
update,14781,14790,14793,3,,8
update,14792,14801,14805,4,,9
update,14803,14812,14816,4,,10
inbound,14815,14824,14826,2,,12
update,14814,14823,14827,4,,11
update,14825,14834,14836,2,,13
update,14836,14845,14847,2,,14
update,14847,14856,14859,3,,15
update,14858,14867,14871,4,,0
update,14869,14878,14881,3,,1
update,14880,14889,14892,3,,2
update,14891,14899,14903,4,,3
update,14902,14911,14914,3,,4
update,14913,14922,14925,3,,5
update,14924,14933,14937,4,,6
update,15000,15009,15012,3,,7
inbound,15000,15009,15013,4,,8
update,15011,15020,15023,3,,9
update,15022,15030,15034,4,,10
inbound,15025,15034,15037,3,,11
update,15033,15042,15045,3,,12
update,15044,15053,15056,3,,13
update,15055,15064,15066,2,,14
update,15066,15075,15078,3,,15
update,15077,15086,15090,4,,0
update,15088,15097,15100,3,,1
update,15099,15108,15112,4,,2
inbound,15100,15109,15114,5,,3
update,15110,15119,15123,4,,4
update,15121,15130,15133,3,,5
update,15132,15141,15143,2,,6
update,15143,15152,15156,4,,7
update,15154,15163,15167,4,,8
inbound,15155,15164,15168,4,,9
update,15165,15174,15177,3,,10
update,15176,15185,15188,3,,11
update,15187,15196,15198,2,,12
update,15198,15207,15209,2,,13
inbound,15200,15209,15213,4,,14
update,15209,15218,15223,5,,15
inbound,15210,15219,15223,4,,0
update,15220,15229,15231,2,,1
inbound,15225,15234,15236,2,,2
update,15231,15240,15243,3,,3
update,15242,15250,15253,3,,4
update,15253,15262,15265,3,,5
update,15264,15273,15278,5,,6
inbound,15265,15274,15279,5,,7
update,15275,15284,15288,4,,8
update,15286,15295,15297,2,,9
update,15297,15306,15309,3,,10
update,15308,15317,15320,3,,11
update,15319,15328,15331,3,,12
inbound,15320,15329,15333,4,,13
update,15330,15338,15343,5,,14
update,15341,15350,15354,4,,15
update,15352,15361,15365,4,,0
update,15363,15372,15382,10,,1
update,15374,15383,15387,4,,2
inbound,15375,15384,15390,6,,3
update,15385,15394,15403,9,,4
update,15396,15405,15409,4,,5
inbound,15400,15409,15415,6,,6
update,15407,15416,15421,5,,7
update,15418,15427,15433,6,,8
inbound,15425,15434,15439,5,,9
update,15429,15438,15443,5,,10
inbound,15430,15439,15444,5,,11
update,15440,15449,15456,7,,12
update,15451,15460,15464,4,,13
update,15462,15471,15474,3,,14
update,15473,15482,15485,3,,15
update,15484,15494,15497,3,,0
inbound,15485,15495,15499,4,,1
update,15495,15504,15507,3,,2
update,15506,15515,15519,4,,3
update,15517,15526,15530,4,,4
update,15528,15537,15542,5,,5
update,15539,15548,15553,5,,6
inbound,15540,15550,15555,5,,7
update,15550,15559,15564,5,,8
update,15561,15570,15572,2,,9
update,15572,15581,15584,3,,10
update,15583,15592,15595,3,,11
inbound,15595,15603,15607,4,,13
update,15594,15603,15607,4,,12
update,15605,15614,15617,3,,14
update,15616,15625,15628,3,,15
update,15627,15636,15639,3,,0
update,15638,15647,15650,3,,1
update,15649,15658,15661,3,,2
inbound,15650,15659,15662,3,,3
update,15660,15669,15672,3,,4
update,15671,15680,15682,2,,5
update,15682,15691,15694,3,,6
update,15693,15702,15705,3,,7
update,15704,15714,15726,12,,8
inbound,15705,15714,15726,12,,9
update,15715,15726,15729,3,,10
update,15726,15735,15738,3,,11
update,15737,15746,15750,4,,12
update,15748,15757,15760,3,,13
update,15759,15768,15771,3,,14
inbound,15760,15769,15772,3,,15
update,15770,15779,15783,4,,0
update,15781,15790,15793,3,,1
update,15792,15802,15805,3,,2
update,15803,15812,15815,3,,3
update,15814,15823,15826,3,,4
inbound,15815,15824,15826,2,,5
update,15825,15834,15837,3,,6
update,15836,15845,15848,3,,7
update,15847,15856,15859,3,,8
update,15858,15867,15869,2,,9
update,15869,15878,15881,3,,10
update,15880,15889,15891,2,,11
update,15891,15900,15904,4,,12
update,15902,15911,15914,3,,13
update,15913,15922,15925,3,,14
update,15924,15933,15936,3,,15
update,16000,16009,16013,4,,0
inbound,16000,16009,16013,4,,1
update,16011,16020,16023,3,,2
update,16022,16031,16034,3,,3
inbound,16025,16034,16037,3,,4
update,16033,16042,16044,2,,5
update,16044,16053,16055,2,,6
update,16055,16064,16069,5,,7
update,16066,16075,16078,3,,8
update,16077,16086,16090,4,,9
update,16088,16097,16101,4,,10
inbound,16100,16109,16114,5,,12
update,16099,16108,16115,7,,11
update,16110,16119,16123,4,,13
update,16121,16130,16134,4,,14
update,16132,16141,16147,6,,15
update,16143,16152,16156,4,,0
inbound,16155,16164,16168,4,,2
update,16154,16163,16168,5,,1
update,16165,16174,16177,3,,3
update,16176,16185,16188,3,,4
update,16187,16196,16199,3,,5
update,16198,16207,16210,3,,6
inbound,16200,16209,16222,13,,7
update,16209,16218,16222,4,,8
inbound,16210,16219,16222,3,,9
update,16220,16229,16232,3,,10
inbound,16225,16234,16237,3,,11
update,16231,16240,16243,3,,12
update,16242,16251,16254,3,,13
update,16253,16262,16265,3,,14
update,16264,16273,16277,4,,15
inbound,16265,16274,16278,4,,0
update,16275,16284,16287,3,,1
update,16286,16295,16298,3,,2
update,16297,16306,16309,3,,3
update,16308,16317,16320,3,,4
update,16319,16328,16332,4,,5
inbound,16320,16329,16334,5,,6
update,16330,16339,16342,3,,7
update,16341,16350,16353,3,,8
update,16352,16361,16364,3,,9
update,16363,16372,16379,7,,10
inbound,16375,16384,16387,3,,12
update,16374,16383,16390,7,,11
update,16385,16394,16398,4,,13
update,16396,16405,16408,3,,14
inbound,16400,16409,16412,3,,15
update,16407,16416,16419,3,,0
update,16418,16427,16429,2,,1
inbound,16425,16434,16437,3,,2
update,16429,16438,16442,4,,3
inbound,16430,16439,16442,3,,4
update,16440,16449,16453,4,,5
update,16451,16461,16464,3,,6
update,16462,16471,16474,3,,7
update,16473,16482,16485,3,,8
update,16484,16493,16497,4,,9
inbound,16485,16494,16498,4,,10
update,16495,16504,16508,4,,11
update,16506,16515,16518,3,,12
update,16517,16526,16529,3,,13
update,16528,16537,16541,4,,14
update,16539,16548,16552,4,,15
inbound,16540,16549,16553,4,,0
update,16550,16559,16563,4,,1
update,16561,16570,16574,4,,2
update,16572,16581,16584,3,,3
update,16583,16592,16594,2,,4
update,16594,16603,16607,4,,5
inbound,16595,16604,16609,5,,6
update,16605,16614,16618,4,,7
update,16616,16625,16628,3,,8
update,16627,16636,16639,3,,9
update,16638,16647,16650,3,,10
update,16649,16658,16661,3,,11
inbound,16650,16659,16664,5,,12
update,16660,16669,16672,3,,13
update,16671,16680,16683,3,,14
update,16682,16691,16694,3,,15
update,16693,16702,16704,2,,0
inbound,16705,16714,16719,5,,2
update,16704,16713,16721,8,,1
update,16715,16724,16727,3,,3
update,16726,16735,16741,6,,4
update,16737,16746,16748,2,,5
update,16748,16757,16760,3,,6
inbound,16760,16769,16771,2,,8
update,16759,16768,16772,4,,7
update,16770,16779,16783,4,,9
update,16781,16790,16793,3,,10
update,16792,16801,16804,3,,11
update,16803,16812,16815,3,,12
inbound,16815,16823,16826,3,,14
update,16814,16823,16828,5,,13
update,16825,16834,16839,5,,15
update,16836,16845,16849,4,,0
update,16847,16856,16861,5,,1
update,16858,16867,16872,5,,2
update,16869,16878,16881,3,,3
update,16880,16889,16893,4,,4
update,16891,16900,16905,5,,5
update,16902,16911,16915,4,,6
update,16913,16922,16928,6,,7
update,16924,16933,16938,5,,8
inbound,17000,17009,17012,3,,10
update,17000,17008,17013,5,,9
update,17011,17020,17022,2,,11
update,17022,17031,17035,4,,12
inbound,17025,17034,17037,3,,13
update,17033,17042,17045,3,,14
update,17044,17053,17055,2,,15
update,17055,17064,17067,3,,0
update,17066,17075,17078,3,,1
update,17077,17086,17088,2,,2
update,17088,17097,17101,4,,3
update,17099,17108,17111,3,,4
inbound,17100,17109,17113,4,,5
update,17110,17119,17121,2,,6
update,17121,17131,17133,2,,7
update,17132,17141,17144,3,,8
update,17143,17152,17154,2,,9
update,17154,17163,17166,3,,10
inbound,17155,17164,17168,4,,11
update,17165,17174,17178,4,,12
update,17176,17185,17188,3,,13
update,17187,17196,17198,2,,14
inbound,17200,17209,17213,4,,0
update,17198,17207,17213,6,,15
update,17209,17218,17221,3,,1
inbound,17210,17219,17222,3,,2
update,17220,17229,17232,3,,3
inbound,17225,17234,17236,2,,4
update,17231,17240,17242,2,,5
update,17242,17252,17257,5,,6
update,17253,17262,17265,3,,7
update,17264,17273,17277,4,,8
inbound,17265,17273,17277,4,,9
update,17275,17284,17288,4,,10
update,17286,17295,17298,3,,11
update,17297,17306,17308,2,,12
update,17308,17317,17320,3,,13
update,17319,17328,17331,3,,14
inbound,17320,17329,17333,4,,15
update,17330,17339,17342,3,,0
update,17341,17350,17353,3,,1
update,17352,17361,17364,3,,2
update,17363,17372,17375,3,,3
inbound,17375,17384,17388,4,,5
update,17374,17383,17389,6,,4
update,17385,17394,17398,4,,6
update,17396,17406,17408,2,,7
inbound,17400,17408,17413,5,,8
update,17407,17416,17418,2,,9
update,17418,17427,17430,3,,10
inbound,17425,17434,17437,3,,11
update,17429,17438,17442,4,,12
inbound,17430,17439,17443,4,,13
update,17440,17449,17452,3,,14
update,17451,17460,17463,3,,15
update,17462,17471,17473,2,,0
update,17473,17482,17486,4,,1
update,17484,17493,17496,3,,2
inbound,17485,17494,17498,4,,3
update,17495,17504,17506,2,,4
update,17506,17515,17518,3,,5
update,17517,17526,17529,3,,6
update,17528,17536,17540,4,,7
update,17539,17548,17552,4,,8
inbound,17540,17549,17553,4,,9
update,17550,17559,17562,3,,10
update,17561,17570,17572,2,,11
update,17572,17581,17584,3,,12
update,17583,17592,17594,2,,13
update,17594,17603,17606,3,,14
inbound,17595,17603,17606,3,,15
update,17605,17614,17617,3,,0
update,17616,17625,17628,3,,1
update,17627,17636,17638,2,,2
update,17638,17647,17650,3,,3
update,17649,17658,17661,3,,4
inbound,17650,17659,17662,3,,5
update,17660,17669,17672,3,,6
update,17671,17680,17683,3,,7
update,17682,17691,17694,3,,8
update,17693,17702,17705,3,,9
update,17704,17713,17716,3,,10
inbound,17705,17714,17718,4,,11
update,17715,17724,17726,2,,12
update,17726,17735,17738,3,,13
update,17737,17746,17749,3,,14
update,17748,17757,17760,3,,15
inbound,17760,17768,17771,3,,1
update,17759,17768,17772,4,,0
update,17770,17779,17781,2,,2
update,17781,17790,17793,3,,3
update,17792,17801,17805,4,,4
update,17803,17812,17815,3,,5
inbound,17815,17824,17827,3,,7
update,17814,17823,17827,4,,6
update,17825,17834,17837,3,,8
update,17836,17845,17849,4,,9
update,17847,17856,17859,3,,10
update,17858,17867,17870,3,,11
update,17869,17878,17881,3,,12
update,17880,17889,17893,4,,13
update,17891,17900,17903,3,,14
update,17902,17912,17915,3,,15
update,17913,17922,17924,2,,0
update,17924,17933,17936,3,,1
update,18000,18009,18012,3,,2
inbound,18000,18009,18012,3,,3
update,18011,18020,18023,3,,4
update,18022,18031,18034,3,,5
inbound,18025,18034,18037,3,,6
update,18033,18042,18044,2,,7
update,18044,18053,18055,2,,8
update,18055,18064,18066,2,,9
update,18066,18075,18078,3,,10
update,18077,18086,18089,3,,11
update,18088,18097,18100,3,,12
update,18099,18108,18112,4,,13
inbound,18100,18109,18113,4,,14
update,18110,18119,18121,2,,15
update,18121,18130,18132,2,,0
update,18132,18141,18144,3,,1
update,18143,18152,18154,2,,2
update,18154,18163,18165,2,,3
inbound,18155,18164,18167,3,,4
update,18165,18174,18177,3,,5
update,18176,18185,18188,3,,6
update,18187,18196,18199,3,,7
update,18198,18207,18210,3,,8
inbound,18200,18209,18212,3,,9
update,18209,18218,18222,4,,10
inbound,18210,18219,18223,4,,11
update,18220,18229,18231,2,,12
inbound,18225,18234,18237,3,,13
update,18231,18240,18243,3,,14
update,18242,18251,18254,3,,15
update,18253,18262,18265,3,,0
update,18264,18273,18276,3,,1
inbound,18265,18274,18277,3,,2
update,18275,18284,18287,3,,3
update,18286,18295,18298,3,,4
update,18297,18306,18309,3,,5
update,18308,18317,18320,3,,6
update,18319,18328,18331,3,,7
inbound,18320,18329,18332,3,,8
update,18330,18339,18342,3,,9
update,18341,18350,18353,3,,10
update,18352,18361,18363,2,,11
update,18363,18372,18375,3,,12
inbound,18375,18384,18390,6,,14
update,18374,18383,18390,7,,13
update,18385,18394,18398,4,,15
update,18396,18405,18408,3,,0
inbound,18400,18409,18412,3,,1
update,18407,18416,18420,4,,2
update,18418,18427,18430,3,,3
inbound,18425,18434,18437,3,,4
update,18429,18438,18441,3,,5
inbound,18430,18439,18443,4,,6
update,18440,18449,18452,3,,7
update,18451,18460,18463,3,,8
update,18462,18471,18474,3,,9
update,18473,18482,18484,2,,10
update,18484,18493,18496,3,,11
inbound,18485,18494,18497,3,,12
update,18495,18504,18507,3,,13
update,18506,18515,18518,3,,14
update,18517,18526,18528,2,,15
update,18528,18537,18539,2,,0
update,18539,18549,18551,2,,1
inbound,18540,18549,18552,3,,2
update,18550,18559,18561,2,,3
update,18561,18570,18572,2,,4
update,18572,18581,18584,3,,5
update,18583,18592,18595,3,,6
update,18594,18603,18606,3,,7
inbound,18595,18604,18607,3,,8
update,18605,18614,18617,3,,9
update,18616,18625,18628,3,,10
update,18627,18636,18639,3,,11
update,18638,18647,18650,3,,12
update,18649,18658,18661,3,,13
inbound,18650,18659,18662,3,,14
update,18660,18669,18672,3,,15
update,18671,18680,18683,3,,0
update,18682,18691,18694,3,,1
update,18693,18702,18705,3,,2
update,18704,18713,18716,3,,3
inbound,18705,18714,18717,3,,4
update,18715,18724,18727,3,,5
update,18726,18735,18737,2,,6
update,18737,18746,18750,4,,7
update,18748,18757,18760,3,,8
update,18759,18768,18771,3,,9
inbound,18760,18769,18771,2,,10
update,18770,18779,18782,3,,11
update,18781,18790,18793,3,,12
update,18792,18801,18804,3,,13
update,18803,18812,18815,3,,14
inbound,18815,18824,18826,2,,0
update,18814,18823,18827,4,,15
update,18825,18834,18836,2,,1
update,18836,18845,18848,3,,2
update,18847,18856,18860,4,,3
update,18858,18867,18870,3,,4
update,18869,18878,18881,3,,5
update,18880,18889,18893,4,,6
update,18891,18900,18905,5,,7
update,18902,18911,18915,4,,8
update,18913,18922,18926,4,,9
update,18924,18933,18937,4,,10
update,19000,19009,19013,4,,11
inbound,19000,19009,19014,5,,12
update,19011,19020,19024,4,,13
update,19022,19032,19037,5,,14
inbound,19025,19035,19041,6,,15
update,19033,19042,19047,5,,0
update,19044,19054,19059,5,,1
update,19055,19064,19069,5,,2
update,19066,19075,19079,4,,3
update,19077,19086,19089,3,,4
update,19088,19097,19101,4,,5
update,19099,19108,19114,6,,6
inbound,19100,19109,19114,5,,7
update,19110,19119,19123,4,,8
update,19121,19130,19135,5,,9
update,19132,19141,19144,3,,10
update,19143,19152,19156,4,,11
update,19154,19163,19166,3,,12
inbound,19155,19164,19169,5,,13
update,19165,19174,19177,3,,14
update,19176,19185,19188,3,,15
update,19187,19196,19202,6,,0
update,19198,19207,19210,3,,1
inbound,19200,19209,19213,4,,2
update,19209,19218,19224,6,,3
inbound,19210,19220,19224,4,,4
update,19220,19229,19237,8,,5
inbound,19225,19234,19239,5,,6
update,19231,19240,19244,4,,7
update,19242,19251,19257,6,,8
update,19253,19262,19268,6,,9
update,19264,19273,19279,6,,10
inbound,19265,19275,19281,6,,11
update,19275,19284,19289,5,,12
update,19286,19296,19300,4,,13
update,19297,19306,19316,10,,14
update,19308,19317,19326,9,,15
inbound,19320,19330,19335,5,,1
update,19319,19328,19336,8,,0
update,19330,19339,19344,5,,2
update,19341,19351,19358,7,,3
update,19352,19361,19370,9,,4
update,19363,19372,19384,12,,5
inbound,19375,19385,19391,6,,7
update,19374,19383,19394,11,,6
update,19385,19394,19412,18,,8
update,19396,19405,19414,9,,9
inbound,19400,19409,19416,7,,10
update,19407,19416,19422,6,,11
update,19418,19427,19430,3,,12
inbound,19425,19434,19437,3,,13
update,19429,19438,19443,5,,14
inbound,19430,19440,19445,5,,15
update,19440,19449,19453,4,,0
update,19451,19460,19467,7,,1
update,19462,19471,19474,3,,2
update,19473,19483,19486,3,,3
update,19484,19493,19498,5,,4
inbound,19485,19495,19499,4,,5
update,19495,19504,19511,7,,6
update,19506,19515,19520,5,,7
update,19517,19526,19530,4,,8
update,19528,19537,19540,3,,9
update,19539,19548,19552,4,,10
inbound,19540,19550,19556,6,,11
update,19550,19559,19563,4,,12
update,19561,19570,19574,4,,13
update,19572,19581,19586,5,,14
update,19583,19592,19596,4,,15
update,19594,19603,19608,5,,0
inbound,19595,19605,19609,4,,1
update,19605,19614,19619,5,,2
update,19616,19625,19630,5,,3
update,19627,19636,19639,3,,4
update,19638,19647,19651,4,,5
update,19649,19658,19664,6,,6
inbound,19650,19660,19665,5,,7
update,19660,19669,19673,4,,8
update,19671,19680,19684,4,,9
update,19682,19691,19694,3,,10
update,19693,19702,19705,3,,11
update,19704,19713,19717,4,,12
inbound,19705,19715,19719,4,,13
update,19715,19724,19727,3,,14
update,19726,19735,19738,3,,15
update,19737,19746,19750,4,,0
update,19748,19757,19761,4,,1
inbound,19760,19770,19772,2,,3
update,19759,19768,19773,5,,2
update,19770,19779,19781,2,,4
update,19781,19790,19794,4,,5
update,19792,19801,19806,5,,6
update,19803,19812,19816,4,,7
update,19814,19823,19830,7,,8
inbound,19815,19825,19830,5,,9
update,19825,19834,19838,4,,10
update,19836,19845,19849,4,,11
update,19847,19856,19859,3,,12
update,19858,19867,19871,4,,13
update,19869,19878,19885,7,,14
update,19880,19890,19893,3,,15
update,19891,19900,19907,7,,0
update,19902,19911,19914,3,,1
update,19913,19922,19928,6,,2
update,19924,19933,19937,4,,3
inbound,20000,20011,20025,14,,5
update,20000,20011,20025,14,,4
update,20011,20021,20028,7,,6
update,20022,20032,20040,8,,7
inbound,20025,20035,20046,11,,8
update,20033,20043,20048,5,,9
update,20044,20054,20060,6,,10
update,20055,20065,20068,3,,11
update,20066,20076,20079,3,,12
update,20077,20087,20090,3,,13
update,20088,20098,20101,3,,14
update,20099,20109,20113,4,,15
inbound,20100,20110,20116,6,,0
update,20110,20120,20124,4,,1
update,20121,20131,20134,3,,2
update,20132,20142,20145,3,,3
update,20143,20153,20156,3,,4
update,20154,20164,20168,4,,5
inbound,20155,20165,20169,4,,6
update,20165,20175,20179,4,,7
update,20176,20186,20189,3,,8
update,20187,20197,20200,3,,9
update,20198,20208,20211,3,,10
inbound,20200,20210,20213,3,,11
update,20209,20219,20223,4,,12
inbound,20210,20220,20225,5,,13
update,20220,20230,20234,4,,14
inbound,20225,20235,20239,4,,15
update,20231,20241,20244,3,,0
update,20242,20252,20256,4,,1
update,20253,20263,20267,4,,2
update,20264,20274,20278,4,,3
inbound,20265,20275,20280,5,,4
update,20275,20285,20288,3,,5
update,20286,20296,20299,3,,6
update,20297,20307,20311,4,,7
update,20308,20318,20321,3,,8
update,20319,20329,20333,4,,9
inbound,20320,20330,20334,4,,10
update,20330,20340,20342,2,,11
update,20341,20351,20355,4,,12
update,20352,20362,20367,5,,13
update,20363,20373,20376,3,,14
update,20374,20384,20388,4,,15
inbound,20375,20385,20389,4,,0
update,20385,20395,20398,3,,1
update,20396,20406,20409,3,,2
inbound,20400,20410,20414,4,,3
update,20407,20417,20420,3,,4
update,20418,20428,20431,3,,5
inbound,20425,20435,20437,2,,6
update,20429,20439,20442,3,,7
inbound,20430,20440,20443,3,,8
update,20440,20450,20453,3,,9
update,20451,20460,20464,4,,10
update,20462,20472,20475,3,,11
update,20473,20483,20486,3,,12
update,20484,20494,20497,3,,13
inbound,20485,20495,20498,3,,14
update,20495,20506,20508,2,,15
update,20506,20516,20519,3,,0
update,20517,20527,20531,4,,1
update,20528,20538,20541,3,,2
update,20539,20549,20551,2,,3
inbound,20540,20550,20553,3,,4
update,20550,20560,20564,4,,5
update,20561,20571,20573,2,,6
update,20572,20582,20585,3,,7
update,20583,20593,20595,2,,8
update,20594,20604,20607,3,,9
inbound,20595,20605,20609,4,,10
update,20605,20615,20617,2,,11
update,20616,20626,20628,2,,12
update,20627,20637,20640,3,,13
update,20638,20648,20651,3,,14
update,20649,20659,20663,4,,15
inbound,20650,20660,20664,4,,0
update,20660,20670,20673,3,,1
update,20671,20681,20684,3,,2
update,20682,20692,20695,3,,3
update,20693,20703,20706,3,,4
update,20704,20714,20717,3,,5
inbound,20705,20715,20718,3,,6
update,20715,20725,20728,3,,7
update,20726,20736,20739,3,,8
update,20737,20747,20750,3,,9
update,20748,20758,20760,2,,10
update,20759,20769,20772,3,,11
inbound,20760,20770,20773,3,,12
update,20770,20780,20784,4,,13
update,20781,20791,20794,3,,14
update,20792,20802,20806,4,,15
update,20803,20813,20815,2,,0
update,20814,20824,20827,3,,1
inbound,20815,20825,20827,2,,2
update,20825,20835,20837,2,,3
update,20836,20846,20848,2,,4
update,20847,20857,20859,2,,5
update,20858,20868,20870,2,,6
update,20869,20879,20882,3,,7
update,20880,20890,20893,3,,8
update,20891,20901,20904,3,,9
update,20902,20912,20915,3,,10
update,20913,20923,20926,3,,11
update,20924,20934,20937,3,,12
update,21000,21010,21013,3,,13
inbound,21000,21010,21013,3,,14
update,21011,21021,21023,2,,15
update,21022,21032,21035,3,,0
inbound,21025,21035,21038,3,,1
update,21033,21043,21046,3,,2
update,21044,21054,21056,2,,3
update,21055,21065,21068,3,,4
update,21066,21076,21079,3,,5
update,21077,21087,21090,3,,6
update,21088,21098,21101,3,,7
update,21099,21109,21113,4,,8
inbound,21100,21110,21114,4,,9
update,21110,21120,21123,3,,10
update,21121,21131,21134,3,,11
update,21132,21142,21145,3,,12
update,21143,21153,21156,3,,13
update,21154,21164,21168,4,,14
inbound,21155,21165,21169,4,,15
update,21165,21175,21178,3,,0
update,21176,21186,21188,2,,1
update,21187,21197,21200,3,,2
update,21198,21208,21213,5,,3
inbound,21200,21209,21213,4,,4
update,21209,21219,21222,3,,5
inbound,21210,21220,21223,3,,6
update,21220,21230,21232,2,,7
inbound,21225,21235,21238,3,,8
update,21231,21241,21244,3,,9
update,21242,21252,21255,3,,10
update,21253,21263,21266,3,,11
update,21264,21274,21278,4,,12
inbound,21265,21275,21278,3,,13
update,21275,21285,21288,3,,14
update,21286,21296,21299,3,,15
update,21297,21307,21311,4,,0
update,21308,21318,21321,3,,1
update,21319,21329,21333,4,,2
inbound,21320,21330,21334,4,,3
update,21330,21340,21343,3,,4
update,21341,21351,21354,3,,5
update,21352,21362,21365,3,,6
update,21363,21373,21376,3,,7
update,21374,21384,21388,4,,8
inbound,21375,21385,21389,4,,9
update,21385,21395,21398,3,,10
update,21396,21406,21410,4,,11
inbound,21400,21410,21415,5,,12
update,21407,21417,21421,4,,13
update,21418,21428,21431,3,,14
inbound,21425,21435,21439,4,,15
update,21429,21439,21442,3,,0
inbound,21430,21440,21444,4,,1
update,21440,21450,21452,2,,2
update,21451,21460,21463,3,,3
update,21462,21472,21475,3,,4
update,21473,21483,21486,3,,5
update,21484,21494,21497,3,,6
inbound,21485,21495,21499,4,,7
update,21495,21505,21508,3,,8
update,21506,21516,21519,3,,9
update,21517,21527,21530,3,,10
update,21528,21538,21541,3,,11
update,21539,21549,21553,4,,12
inbound,21540,21550,21554,4,,13
update,21550,21560,21562,2,,14
update,21561,21571,21573,2,,15
update,21572,21583,21585,2,,0
update,21583,21593,21596,3,,1
update,21594,21605,21607,2,,2
inbound,21595,21605,21608,3,,3
update,21605,21615,21618,3,,4
update,21616,21626,21629,3,,5
update,21627,21637,21640,3,,6
update,21638,21648,21651,3,,7
update,21649,21659,21664,5,,8
inbound,21650,21660,21664,4,,9
update,21660,21670,21678,8,,10
update,21671,21681,21684,3,,11
update,21682,21692,21695,3,,12
update,21693,21703,21706,3,,13
update,21704,21714,21718,4,,14
inbound,21705,21716,21719,3,,15
update,21715,21725,21727,2,,0
update,21726,21736,21739,3,,1
update,21737,21747,21750,3,,2
update,21748,21758,21761,3,,3
update,21759,21769,21772,3,,4
inbound,21760,21770,21773,3,,5
update,21770,21780,21783,3,,6
update,21781,21791,21794,3,,7
update,21792,21802,21804,2,,8
update,21803,21813,21816,3,,9
inbound,21815,21825,21827,2,,11
update,21814,21824,21828,4,,10
update,21825,21835,21838,3,,12
update,21836,21846,21849,3,,13
update,21847,21857,21860,3,,14
update,21858,21868,21871,3,,15
update,21869,21879,21882,3,,0
update,21880,21890,21893,3,,1
update,21891,21901,21904,3,,2
update,21902,21912,21916,4,,3
update,21913,21923,21926,3,,4
update,21924,21934,21937,3,,5
update,22000,22010,22013,3,,6
inbound,22000,22010,22014,4,,7
update,22011,22021,22023,2,,8
update,22022,22032,22036,4,,9
inbound,22025,22035,22038,3,,10
update,22033,22043,22046,3,,11
update,22044,22054,22056,2,,12
update,22055,22065,22067,2,,13
update,22066,22076,22078,2,,14
update,22077,22087,22090,3,,15
update,22088,22098,22101,3,,0
update,22099,22109,22112,3,,1
inbound,22100,22110,22113,3,,2
update,22110,22120,22123,3,,3
update,22121,22131,22135,4,,4
update,22132,22142,22144,2,,5
update,22143,22154,22156,2,,6
update,22154,22164,22166,2,,7
inbound,22155,22165,22167,2,,8
update,22165,22175,22177,2,,9
update,22176,22186,22189,3,,10
update,22187,22198,22200,2,,11
update,22198,22208,22211,3,,12
inbound,22200,22210,22213,3,,13
update,22209,22219,22222,3,,14
inbound,22210,22220,22223,3,,15
update,22220,22230,22233,3,,0
inbound,22225,22235,22238,3,,1
update,22231,22241,22244,3,,2
update,22242,22252,22254,2,,3
update,22253,22263,22265,2,,4
update,22264,22274,22277,3,,5
inbound,22265,22275,22278,3,,6
update,22275,22285,22287,2,,7
update,22286,22296,22298,2,,8
update,22297,22307,22310,3,,9
update,22308,22318,22321,3,,10
update,22319,22329,22332,3,,11
inbound,22320,22330,22333,3,,12
update,22330,22340,22342,2,,13
update,22341,22351,22353,2,,14
update,22352,22362,22364,2,,15
update,22363,22373,22377,4,,0
update,22374,22384,22387,3,,1
inbound,22375,22385,22388,3,,2
update,22385,22395,22397,2,,3
update,22396,22407,22409,2,,4
inbound,22400,22409,22414,5,,5
update,22407,22417,22420,3,,6
update,22418,22428,22431,3,,7
inbound,22425,22435,22438,3,,8
update,22429,22439,22443,4,,9
inbound,22430,22440,22444,4,,10
update,22440,22450,22453,3,,11
update,22451,22461,22465,4,,12
update,22462,22472,22475,3,,13
update,22473,22483,22486,3,,14
update,22484,22494,22497,3,,15
inbound,22485,22495,22498,3,,0
update,22495,22505,22507,2,,1
update,22506,22516,22518,2,,2
update,22517,22527,22529,2,,3
update,22528,22538,22541,3,,4
update,22539,22549,22552,3,,5
inbound,22540,22550,22553,3,,6
update,22550,22560,22563,3,,7
update,22561,22571,22574,3,,8
update,22572,22582,22585,3,,9
update,22583,22593,22596,3,,10
update,22594,22604,22607,3,,11
inbound,22595,22605,22608,3,,12
update,22605,22615,22618,3,,13
update,22616,22626,22629,3,,14
update,22627,22637,22640,3,,15
update,22638,22648,22651,3,,0
update,22649,22660,22663,3,,1
inbound,22650,22660,22663,3,,2
update,22660,22671,22673,2,,3
update,22671,22681,22684,3,,4
update,22682,22692,22694,2,,5
update,22693,22703,22706,3,,6
update,22704,22714,22717,3,,7
inbound,22705,22715,22718,3,,8
update,22715,22725,22728,3,,9
update,22726,22736,22739,3,,10
update,22737,22747,22749,2,,11
update,22748,22758,22760,2,,12
update,22759,22769,22771,2,,13
inbound,22760,22770,22772,2,,14
update,22770,22780,22783,3,,15
update,22781,22791,22794,3,,0
update,22792,22802,22805,3,,1
update,22803,22813,22816,3,,2
update,22814,22824,22827,3,,3
inbound,22815,22825,22828,3,,4
update,22825,22835,22837,2,,5
update,22836,22846,22848,2,,6
update,22847,22857,22860,3,,7
update,22858,22868,22871,3,,8
update,22869,22879,22882,3,,9
update,22880,22890,22893,3,,10
update,22891,22901,22903,2,,11
update,22902,22912,22914,2,,12
update,22913,22923,22925,2,,13
update,22924,22934,22937,3,,14
update,23000,23010,23014,4,,15
inbound,23000,23010,23014,4,,0
update,23011,23021,23024,3,,1
update,23022,23032,23035,3,,2
inbound,23025,23035,23041,6,,3
update,23033,23043,23046,3,,4
update,23044,23054,23056,2,,5
update,23055,23064,23067,3,,6
update,23066,23076,23079,3,,7
update,23077,23087,23090,3,,8
update,23088,23098,23101,3,,9
update,23099,23109,23112,3,,10
inbound,23100,23110,23114,4,,11
update,23110,23120,23123,3,,12
update,23121,23131,23135,4,,13
update,23132,23142,23145,3,,14
update,23143,23153,23156,3,,15
update,23154,23164,23167,3,,0
inbound,23155,23165,23168,3,,1
update,23165,23175,23177,2,,2
update,23176,23186,23189,3,,3
update,23187,23197,23200,3,,4
update,23198,23208,23211,3,,5
inbound,23200,23210,23214,4,,6
update,23209,23219,23223,4,,7
inbound,23210,23220,23223,3,,8
update,23220,23230,23232,2,,9
inbound,23225,23235,23237,2,,10
update,23231,23241,23244,3,,11
update,23242,23252,23255,3,,12
update,23253,23263,23266,3,,13
update,23264,23274,23278,4,,14
inbound,23265,23275,23278,3,,15
update,23275,23285,23288,3,,0
update,23286,23296,23299,3,,1
update,23297,23307,23310,3,,2
update,23308,23318,23320,2,,3
update,23319,23329,23332,3,,4
inbound,23320,23330,23333,3,,5
update,23330,23339,23343,4,,6
update,23341,23351,23354,3,,7
update,23352,23362,23366,4,,8
update,23363,23373,23377,4,,9
update,23374,23384,23387,3,,10
inbound,23375,23385,23388,3,,11
update,23385,23395,23398,3,,12
update,23396,23406,23408,2,,13
inbound,23400,23410,23413,3,,14
update,23407,23418,23421,3,,15
update,23418,23428,23432,4,,0
inbound,23425,23435,23438,3,,1
update,23429,23439,23443,4,,2
inbound,23430,23440,23444,4,,3
update,23440,23450,23452,2,,4
update,23451,23461,23464,3,,5
update,23462,23472,23475,3,,6
update,23473,23483,23486,3,,7
update,23484,23494,23497,3,,8
inbound,23485,23495,23498,3,,9
update,23495,23505,23508,3,,10
update,23506,23516,23519,3,,11
update,23517,23527,23530,3,,12
update,23528,23538,23541,3,,13
inbound,23540,23550,23554,4,,15
update,23539,23550,23554,4,,14
update,23550,23560,23563,3,,0
update,23561,23571,23574,3,,1
update,23572,23582,23585,3,,2
update,23583,23593,23596,3,,3
update,23594,23604,23607,3,,4
inbound,23595,23605,23609,4,,5
update,23605,23615,23618,3,,6
update,23616,23626,23630,4,,7
update,23627,23637,23640,3,,8
update,23638,23648,23652,4,,9
inbound,23650,23660,23665,5,,11
update,23649,23659,23666,7,,10
update,23660,23670,23673,3,,12
update,23671,23681,23684,3,,13
update,23682,23692,23695,3,,14
update,23693,23703,23706,3,,15
update,23704,23714,23717,3,,0
inbound,23705,23715,23718,3,,1
update,23715,23725,23728,3,,2
update,23726,23736,23739,3,,3
update,23737,23747,23750,3,,4
update,23748,23758,23761,3,,5
update,23759,23769,23772,3,,6
inbound,23760,23770,23773,3,,7
update,23770,23780,23783,3,,8
update,23781,23791,23794,3,,9
update,23792,23802,23805,3,,10
update,23803,23813,23816,3,,11
update,23814,23824,23827,3,,12
inbound,23815,23825,23828,3,,13
update,23825,23835,23838,3,,14
update,23836,23846,23848,2,,15
update,23847,23857,23859,2,,0
update,23858,23868,23870,2,,1
update,23869,23879,23882,3,,2
update,23880,23890,23893,3,,3
update,23891,23900,23903,3,,4
update,23902,23912,23915,3,,5
update,23913,23922,23925,3,,6
update,23924,23934,23937,3,,7
inbound,24000,24010,24013,3,,9
update,24000,24010,24013,3,,8
update,24011,24021,24024,3,,10
update,24022,24032,24035,3,,11
inbound,24025,24035,24038,3,,12
update,24033,24043,24046,3,,13
update,24044,24054,24057,3,,14
update,24055,24065,24068,3,,15
update,24066,24076,24080,4,,0
update,24077,24087,24090,3,,1
update,24088,24098,24101,3,,2
update,24099,24109,24113,4,,3
inbound,24100,24110,24114,4,,4
update,24110,24120,24123,3,,5
update,24121,24131,24134,3,,6
update,24132,24142,24146,4,,7
update,24143,24153,24156,3,,8
update,24154,24163,24167,4,,9
inbound,24155,24165,24169,4,,10
update,24165,24175,24178,3,,11
update,24176,24186,24189,3,,12
update,24187,24197,24201,4,,13
update,24198,24208,24211,3,,14
inbound,24200,24210,24214,4,,15
update,24209,24219,24222,3,,0
inbound,24210,24220,24223,3,,1
update,24220,24230,24233,3,,2
inbound,24225,24235,24239,4,,3
update,24231,24241,24244,3,,4
update,24242,24252,24255,3,,5
update,24253,24263,24266,3,,6
update,24264,24274,24277,3,,7
inbound,24265,24275,24279,4,,8
update,24275,24285,24288,3,,9
update,24286,24296,24300,4,,10
update,24297,24307,24312,5,,11
update,24308,24318,24321,3,,12
update,24319,24329,24334,5,,13
inbound,24320,24331,24337,6,,14
update,24330,24340,24342,2,,15
update,24341,24351,24354,3,,0
update,24352,24362,24365,3,,1
update,24363,24373,24376,3,,2
update,24374,24384,24387,3,,3
inbound,24375,24385,24388,3,,4
update,24385,24395,24398,3,,5
update,24396,24406,24409,3,,6
inbound,24400,24410,24413,3,,7
update,24407,24417,24421,4,,8
update,24418,24428,24432,4,,9
inbound,24425,24435,24442,7,,10
update,24429,24439,24445,6,,11
inbound,24430,24440,24446,6,,12
update,24440,24450,24453,3,,13
update,24451,24461,24464,3,,14
update,24462,24472,24475,3,,15
update,24473,24483,24485,2,,0
update,24484,24494,24497,3,,1
inbound,24485,24495,24498,3,,2
update,24495,24505,24508,3,,3
update,24506,24516,24519,3,,4
update,24517,24527,24529,2,,5
update,24528,24538,24541,3,,6
update,24539,24549,24553,4,,7
inbound,24540,24550,24553,3,,8
update,24550,24560,24563,3,,9
update,24561,24571,24574,3,,10
update,24572,24582,24584,2,,11
update,24583,24593,24597,4,,12
update,24594,24604,24607,3,,13
inbound,24595,24605,24608,3,,14
update,24605,24615,24618,3,,15
update,24616,24626,24628,2,,0
update,24627,24637,24640,3,,1
update,24638,24648,24650,2,,2
update,24649,24659,24662,3,,3
inbound,24650,24660,24664,4,,4
update,24660,24670,24673,3,,5
update,24671,24681,24684,3,,6
update,24682,24692,24695,3,,7
update,24693,24703,24706,3,,8
inbound,24705,24715,24718,3,,10
update,24704,24714,24718,4,,9
update,24715,24725,24728,3,,11
update,24726,24736,24739,3,,12
update,24737,24747,24750,3,,13
update,24748,24758,24760,2,,14
inbound,24760,24770,24772,2,,0
update,24759,24768,24772,4,,15
update,24770,24780,24784,4,,1
update,24781,24791,24795,4,,2
update,24792,24802,24805,3,,3
update,24803,24812,24816,4,,4
update,24814,24824,24828,4,,5
inbound,24815,24825,24828,3,,6
update,24825,24835,24838,3,,7
update,24836,24846,24849,3,,8
update,24847,24857,24860,3,,9
update,24858,24868,24871,3,,10
update,24869,24879,24881,2,,11
update,24880,24890,24893,3,,12
update,24891,24901,24903,2,,13
update,24902,24912,24915,3,,14
update,24913,24923,24925,2,,15
update,24924,24934,24937,3,,0
update,25000,25010,25013,3,,1
inbound,25000,25010,25016,6,,2
update,25011,25021,25024,3,,3
update,25022,25032,25034,2,,4
inbound,25025,25034,25037,3,,5
update,25033,25043,25046,3,,6
update,25044,25054,25056,2,,7
update,25055,25065,25068,3,,8
update,25066,25076,25079,3,,9
update,25077,25087,25090,3,,10
update,25088,25098,25101,3,,11
update,25099,25109,25113,4,,12
inbound,25100,25110,25115,5,,13
update,25110,25120,25124,4,,14
update,25121,25131,25134,3,,15
update,25132,25142,25146,4,,0
update,25143,25153,25156,3,,1
update,25154,25164,25167,3,,2
inbound,25155,25165,25169,4,,3
update,25165,25175,25178,3,,4
update,25176,25186,25188,2,,5
update,25187,25197,25200,3,,6
update,25198,25208,25212,4,,7
inbound,25200,25210,25214,4,,8
update,25209,25219,25223,4,,9
inbound,25210,25220,25223,3,,10
update,25220,25230,25234,4,,11
inbound,25225,25235,25237,2,,12
update,25231,25241,25243,2,,13
update,25242,25252,25255,3,,14
update,25253,25263,25266,3,,15
update,25264,25274,25278,4,,0
inbound,25265,25275,25279,4,,1
update,25275,25285,25288,3,,2
update,25286,25296,25299,3,,3
update,25297,25307,25310,3,,4
update,25308,25318,25321,3,,5
update,25319,25329,25332,3,,6
inbound,25320,25330,25334,4,,7
update,25330,25340,25343,3,,8
update,25341,25351,25354,3,,9
update,25352,25362,25365,3,,10
update,25363,25373,25377,4,,11
update,25374,25384,25387,3,,12
inbound,25375,25385,25388,3,,13
update,25385,25395,25397,2,,14
update,25396,25406,25409,3,,15
inbound,25400,25410,25413,3,,0
update,25407,25417,25420,3,,1
update,25418,25428,25432,4,,2
inbound,25425,25435,25439,4,,3
update,25429,25439,25445,6,,4
inbound,25430,25441,25448,7,,5
update,25440,25450,25454,4,,6
update,25451,25461,25466,5,,7
update,25462,25472,25478,6,,8
update,25473,25483,25486,3,,9
update,25484,25494,25499,5,,10
inbound,25485,25495,25501,6,,11
update,25495,25505,25509,4,,12
update,25506,25516,25520,4,,13
update,25517,25527,25530,3,,14
update,25528,25538,25541,3,,15
update,25539,25549,25552,3,,0
inbound,25540,25550,25553,3,,1
update,25550,25560,25562,2,,2
update,25561,25571,25574,3,,3
update,25572,25582,25585,3,,4
update,25583,25593,25597,4,,5
update,25594,25604,25607,3,,6
inbound,25595,25605,25608,3,,7
update,25605,25615,25618,3,,8
update,25616,25626,25629,3,,9
update,25627,25637,25640,3,,10
update,25638,25648,25651,3,,11
update,25649,25659,25662,3,,12
inbound,25650,25660,25663,3,,13
update,25660,25670,25673,3,,14
update,25671,25681,25684,3,,15
update,25682,25692,25695,3,,0
update,25693,25703,25706,3,,1
update,25704,25714,25718,4,,2
inbound,25705,25714,25719,5,,3
update,25715,25725,25727,2,,4
update,25726,25736,25739,3,,5
update,25737,25747,25750,3,,6
update,25748,25758,25760,2,,7
update,25759,25769,25772,3,,8
inbound,25760,25770,25773,3,,9
update,25770,25780,25783,3,,10
update,25781,25791,25794,3,,11
update,25792,25802,25806,4,,12
update,25803,25813,25816,3,,13
update,25814,25824,25826,2,,14
inbound,25815,25825,25827,2,,15
update,25825,25835,25838,3,,0
update,25836,25846,25849,3,,1
update,25847,25857,25860,3,,2
update,25858,25868,25871,3,,3
update,25869,25878,25881,3,,4
update,25880,25890,25892,2,,5
update,25891,25901,25904,3,,6
update,25902,25912,25915,3,,7
update,25913,25923,25926,3,,8
update,25924,25934,25937,3,,9
update,26000,26010,26013,3,,10
inbound,26000,26010,26014,4,,11
update,26011,26021,26024,3,,12
update,26022,26032,26035,3,,13
inbound,26025,26035,26038,3,,14
update,26033,26043,26045,2,,15
update,26044,26054,26056,2,,0
update,26055,26065,26068,3,,1
update,26066,26076,26078,2,,2
update,26077,26087,26090,3,,3
update,26088,26098,26101,3,,4
update,26099,26109,26112,3,,5
inbound,26100,26110,26113,3,,6
update,26110,26120,26123,3,,7
update,26121,26131,26134,3,,8
update,26132,26142,26144,2,,9
update,26143,26153,26156,3,,10
update,26154,26164,26169,5,,11
inbound,26155,26165,26169,4,,12
update,26165,26175,26178,3,,13
update,26176,26186,26189,3,,14
update,26187,26197,26201,4,,15
update,26198,26208,26211,3,,0
inbound,26200,26210,26213,3,,1
update,26209,26219,26222,3,,2
inbound,26210,26220,26223,3,,3
update,26220,26230,26232,2,,4
inbound,26225,26235,26238,3,,5
update,26231,26241,26244,3,,6
update,26242,26252,26255,3,,7
update,26253,26263,26266,3,,8
update,26264,26274,26277,3,,9
inbound,26265,26275,26278,3,,10
update,26275,26285,26288,3,,11
update,26286,26296,26299,3,,12
update,26297,26307,26310,3,,13
update,26308,26317,26320,3,,14
update,26319,26329,26332,3,,15
inbound,26320,26329,26332,3,,0
update,26330,26340,26343,3,,1
update,26341,26351,26354,3,,2
update,26352,26362,26365,3,,3
update,26363,26373,26375,2,,4
update,26374,26384,26386,2,,5
inbound,26375,26385,26387,2,,6
update,26385,26395,26397,2,,7
update,26396,26406,26409,3,,8
inbound,26400,26410,26413,3,,9
update,26407,26417,26419,2,,10
update,26418,26428,26431,3,,11
inbound,26425,26435,26439,4,,12
update,26429,26439,26443,4,,13
inbound,26430,26440,26443,3,,14
update,26440,26450,26453,3,,15
update,26451,26461,26463,2,,0
update,26462,26472,26474,2,,1
update,26473,26483,26485,2,,2
update,26484,26494,26497,3,,3
inbound,26485,26495,26498,3,,4
update,26495,26505,26508,3,,5
update,26506,26516,26518,2,,6
update,26517,26527,26530,3,,7
update,26528,26538,26541,3,,8
update,26539,26549,26552,3,,9
inbound,26540,26550,26552,2,,10
update,26550,26560,26562,2,,11
update,26561,26571,26573,2,,12
update,26572,26582,26585,3,,13
update,26583,26593,26596,3,,14
update,26594,26604,26607,3,,15
inbound,26595,26606,26609,3,,0
update,26605,26615,26618,3,,1
update,26616,26626,26629,3,,2
update,26627,26637,26640,3,,3
update,26638,26648,26650,2,,4
update,26649,26659,26662,3,,5
inbound,26650,26661,26663,2,,6
update,26660,26670,26673,3,,7
update,26671,26681,26683,2,,8
update,26682,26692,26694,2,,9
update,26693,26703,26706,3,,10
update,26704,26714,26718,4,,11
inbound,26705,26716,26719,3,,12
update,26715,26725,26727,2,,13
update,26726,26736,26739,3,,14
update,26737,26747,26750,3,,15
update,26748,26758,26761,3,,0
update,26759,26769,26772,3,,1
inbound,26760,26771,26775,4,,2
update,26770,26780,26783,3,,3
update,26781,26791,26795,4,,4
update,26792,26802,26807,5,,5
update,26803,26813,26816,3,,6
update,26814,26824,26826,2,,7
inbound,26815,26826,26828,2,,8
update,26825,26835,26838,3,,9
update,26836,26846,26849,3,,10
update,26847,26857,26859,2,,11
update,26858,26868,26871,3,,12
update,26869,26879,26882,3,,13
update,26880,26890,26894,4,,14
update,26891,26901,26905,4,,15
update,26902,26912,26915,3,,0
update,26913,26923,26927,4,,1
update,26924,26934,26937,3,,2
update,27000,27011,27016,5,,3
inbound,27000,27011,27017,6,,4
update,27011,27022,27025,3,,5
update,27022,27033,27036,3,,6
inbound,27025,27036,27039,3,,7
update,27033,27044,27048,4,,8
update,27044,27055,27058,3,,9
update,27055,27066,27069,3,,10
update,27066,27077,27081,4,,11
update,27077,27088,27093,5,,12
update,27088,27099,27103,4,,13
inbound,27100,27111,27114,3,,15
update,27099,27110,27114,4,,14
update,27110,27121,27124,3,,0
update,27121,27132,27134,2,,1
update,27132,27143,27145,2,,2
update,27143,27154,27158,4,,3
update,27154,27165,27168,3,,4
inbound,27155,27166,27169,3,,5
update,27165,27176,27178,2,,6
update,27176,27187,27189,2,,7
update,27187,27198,27201,3,,8
update,27198,27209,27213,4,,9
inbound,27200,27211,27214,3,,10
update,27209,27220,27224,4,,11
inbound,27210,27220,27224,4,,12
update,27220,27231,27234,3,,13
inbound,27225,27236,27239,3,,14
update,27231,27242,27245,3,,15
update,27242,27253,27256,3,,0
update,27253,27264,27267,3,,1
update,27264,27275,27278,3,,2
inbound,27265,27276,27280,4,,3
update,27275,27286,27289,3,,4
update,27286,27297,27299,2,,5
update,27297,27307,27310,3,,6
update,27308,27319,27322,3,,7
update,27319,27330,27333,3,,8
inbound,27320,27331,27334,3,,9
update,27330,27341,27344,3,,10
update,27341,27352,27354,2,,11
update,27352,27363,27367,4,,12
update,27363,27374,27376,2,,13
update,27374,27385,27388,3,,14
inbound,27375,27385,27389,4,,15
update,27385,27396,27398,2,,0
update,27396,27407,27410,3,,1
inbound,27400,27411,27414,3,,2
update,27407,27418,27421,3,,3
update,27418,27429,27434,5,,4
inbound,27425,27435,27438,3,,5
update,27429,27440,27446,6,,6
inbound,27430,27441,27446,5,,7
update,27440,27451,27455,4,,8
update,27451,27462,27464,2,,9
update,27462,27473,27476,3,,10
update,27473,27484,27487,3,,11
update,27484,27495,27497,2,,12
inbound,27485,27496,27500,4,,13
update,27495,27506,27509,3,,14
update,27506,27517,27520,3,,15
update,27517,27528,27530,2,,0
update,27528,27539,27542,3,,1
update,27539,27550,27554,4,,2
inbound,27540,27551,27554,3,,3
update,27550,27561,27563,2,,4
update,27561,27572,27575,3,,5
update,27572,27583,27586,3,,6
update,27583,27594,27598,4,,7
update,27594,27605,27608,3,,8
inbound,27595,27606,27611,5,,9
update,27605,27616,27619,3,,10
update,27616,27627,27630,3,,11
update,27627,27638,27641,3,,12
update,27638,27649,27652,3,,13
update,27649,27660,27664,4,,14
inbound,27650,27661,27665,4,,15
update,27660,27671,27674,3,,0
update,27671,27682,27685,3,,1
update,27682,27693,27697,4,,2
update,27693,27704,27707,3,,3
update,27704,27715,27719,4,,4
inbound,27705,27717,27720,3,,5
update,27715,27726,27729,3,,6
update,27726,27738,27741,3,,7
update,27737,27748,27750,2,,8
update,27748,27759,27762,3,,9
update,27759,27770,27773,3,,10
inbound,27760,27771,27774,3,,11
update,27770,27781,27784,3,,12
update,27781,27792,27795,3,,13
update,27792,27803,27805,2,,14
update,27803,27814,27816,2,,15
update,27814,27825,27828,3,,0
inbound,27815,27826,27828,2,,1
update,27825,27836,27839,3,,2
update,27836,27847,27849,2,,3
update,27847,27858,27861,3,,4
update,27858,27869,27872,3,,5
update,27869,27880,27883,3,,6
update,27880,27891,27893,2,,7
update,27891,27902,27905,3,,8
update,27902,27913,27916,3,,9
update,27913,27924,27927,3,,10
update,27924,27935,27938,3,,11
inbound,28000,28011,28015,4,,13
update,28000,28011,28017,6,,12
update,28011,28022,28024,2,,14
update,28022,28033,28036,3,,15
inbound,28025,28036,28040,4,,0
update,28033,28044,28046,2,,1
update,28044,28055,28058,3,,2
update,28055,28066,28069,3,,3
update,28066,28077,28080,3,,4
update,28077,28088,28091,3,,5
update,28088,28099,28102,3,,6
update,28099,28110,28114,4,,7
inbound,28100,28112,28115,3,,8
update,28110,28121,28124,3,,9
update,28121,28132,28135,3,,10
update,28132,28143,28146,3,,11
update,28143,28154,28157,3,,12
update,28154,28165,28168,3,,13
inbound,28155,28166,28170,4,,14
update,28165,28176,28180,4,,15
update,28176,28187,28190,3,,0
update,28187,28198,28201,3,,1
update,28198,28209,28212,3,,2
inbound,28200,28211,28215,4,,3
update,28209,28219,28223,4,,4
inbound,28210,28221,28224,3,,5
update,28220,28231,28233,2,,6
inbound,28225,28236,28239,3,,7
update,28231,28242,28244,2,,8
update,28242,28253,28256,3,,9
update,28253,28264,28267,3,,10
update,28264,28275,28278,3,,11
inbound,28265,28276,28280,4,,12
update,28275,28286,28289,3,,13
update,28286,28297,28299,2,,14
update,28297,28308,28311,3,,15
update,28308,28319,28322,3,,0
update,28319,28330,28334,4,,1
inbound,28320,28331,28334,3,,2
update,28330,28341,28344,3,,3
update,28341,28352,28354,2,,4
update,28352,28363,28365,2,,5
update,28363,28374,28377,3,,6
update,28374,28385,28389,4,,7
inbound,28375,28386,28390,4,,8
update,28385,28396,28399,3,,9
update,28396,28407,28410,3,,10
inbound,28400,28411,28413,2,,11
update,28407,28418,28421,3,,12
update,28418,28429,28432,3,,13
inbound,28425,28436,28438,2,,14
update,28429,28439,28442,3,,15
inbound,28430,28441,28445,4,,0
update,28440,28451,28462,11,,1
update,28451,28462,28470,8,,2
update,28462,28473,28477,4,,3
update,28473,28484,28487,3,,4
inbound,28485,28495,28498,3,,6
update,28484,28495,28499,4,,5
update,28495,28506,28509,3,,7
update,28506,28517,28520,3,,8
update,28517,28528,28532,4,,9
update,28528,28539,28542,3,,10
update,28539,28550,28553,3,,11
inbound,28540,28551,28555,4,,12
update,28550,28561,28564,3,,13
update,28561,28572,28575,3,,14
update,28572,28583,28586,3,,15
update,28583,28594,28598,4,,0
update,28594,28605,28608,3,,1
inbound,28595,28606,28609,3,,2
update,28605,28616,28619,3,,3
update,28616,28627,28630,3,,4
update,28627,28638,28641,3,,5
update,28638,28649,28651,2,,6
update,28649,28660,28663,3,,7
inbound,28650,28661,28665,4,,8
update,28660,28671,28674,3,,9
update,28671,28682,28684,2,,10
update,28682,28693,28696,3,,11
update,28693,28704,28707,3,,12
update,28704,28715,28718,3,,13
inbound,28705,28716,28720,4,,14
update,28715,28726,28729,3,,15
update,28726,28737,28739,2,,0
update,28737,28748,28751,3,,1
update,28748,28759,28762,3,,2
update,28759,28770,28773,3,,3
inbound,28760,28771,28774,3,,4
update,28770,28781,28784,3,,5
update,28781,28792,28795,3,,6
update,28792,28803,28806,3,,7
update,28803,28814,28817,3,,8
update,28814,28825,28829,4,,9
inbound,28815,28826,28829,3,,10
update,28825,28836,28838,2,,11
update,28836,28847,28850,3,,12
update,28847,28858,28861,3,,13
update,28858,28869,28872,3,,14
update,28869,28880,28883,3,,15
update,28880,28891,28894,3,,0
update,28891,28902,28904,2,,1
update,28902,28913,28916,3,,2
update,28913,28924,28927,3,,3
update,28924,28935,28938,3,,4
update,29000,29011,29014,3,,5
inbound,29000,29011,29016,5,,6
update,29011,29022,29024,2,,7
update,29022,29033,29036,3,,8
inbound,29025,29036,29039,3,,9
update,29033,29044,29046,2,,10
update,29044,29055,29057,2,,11
update,29055,29066,29069,3,,12
update,29066,29077,29079,2,,13
update,29077,29088,29090,2,,14
update,29088,29099,29101,2,,15
update,29099,29110,29113,3,,0
inbound,29100,29111,29114,3,,1
update,29110,29121,29124,3,,2
update,29121,29132,29135,3,,3
update,29132,29143,29145,2,,4
update,29143,29154,29158,4,,5
inbound,29155,29166,29171,5,,7
update,29154,29165,29173,8,,6
update,29165,29176,29178,2,,8
update,29176,29187,29190,3,,9
update,29187,29198,29201,3,,10
update,29198,29209,29212,3,,11
inbound,29200,29211,29214,3,,12
update,29209,29220,29225,5,,13
inbound,29210,29220,29225,5,,14
update,29220,29231,29233,2,,15
inbound,29225,29236,29239,3,,0
update,29231,29242,29246,4,,1
update,29242,29253,29259,6,,2
update,29253,29264,29270,6,,3
update,29264,29275,29279,4,,4
inbound,29265,29276,29280,4,,5
update,29275,29285,29289,4,,6
update,29286,29297,29300,3,,7
update,29297,29308,29311,3,,8
update,29308,29319,29322,3,,9
update,29319,29330,29333,3,,10
inbound,29320,29331,29334,3,,11
update,29330,29341,29344,3,,12
update,29341,29352,29355,3,,13
update,29352,29363,29366,3,,14
update,29363,29374,29378,4,,15
update,29374,29385,29389,4,,0
inbound,29375,29386,29391,5,,1
update,29385,29396,29399,3,,2
update,29396,29407,29410,3,,3
inbound,29400,29411,29414,3,,4
update,29407,29418,29423,5,,5
update,29418,29429,29433,4,,6
inbound,29425,29436,29440,4,,7
update,29429,29440,29444,4,,8
inbound,29430,29441,29445,4,,9
update,29440,29451,29458,7,,10
update,29451,29462,29466,4,,11
update,29462,29474,29480,6,,12
update,29473,29484,29487,3,,13
update,29484,29495,29506,11,,14
inbound,29485,29496,29507,11,,15
update,29495,29506,29510,4,,0
update,29506,29517,29520,3,,1
update,29517,29528,29532,4,,2
update,29528,29539,29542,3,,3
update,29539,29550,29553,3,,4
inbound,29540,29551,29554,3,,5
update,29550,29561,29563,2,,6
update,29561,29572,29576,4,,7
update,29572,29583,29587,4,,8
update,29583,29594,29597,3,,9
update,29594,29605,29609,4,,10
inbound,29595,29606,29609,3,,11
update,29605,29616,29618,2,,12
update,29616,29627,29629,2,,13
update,29627,29638,29641,3,,14
update,29638,29648,29651,3,,15
update,29649,29660,29663,3,,0
inbound,29650,29661,29665,4,,1
update,29660,29671,29674,3,,2
update,29671,29682,29685,3,,3
update,29682,29693,29696,3,,4
update,29693,29704,29708,4,,5
update,29704,29715,29718,3,,6
inbound,29705,29716,29719,3,,7
update,29715,29726,29729,3,,8
update,29726,29737,29740,3,,9
update,29737,29748,29751,3,,10
update,29748,29759,29762,3,,11
update,29759,29770,29773,3,,12
inbound,29760,29771,29773,2,,13
update,29770,29781,29784,3,,14
update,29781,29792,29794,2,,15
update,29792,29802,29805,3,,0
update,29803,29814,29816,2,,1
inbound,29815,29826,29829,3,,3
update,29814,29825,29830,5,,2
update,29825,29836,29840,4,,4
update,29836,29847,29852,5,,5
update,29847,29858,29861,3,,6
update,29858,29869,29872,3,,7
update,29869,29880,29882,2,,8
update,29880,29891,29894,3,,9
update,29891,29902,29904,2,,10
update,29902,29913,29916,3,,11
update,29913,29924,29927,3,,12
update,29924,29935,29938,3,,13
update,30000,30011,30014,3,,14
inbound,30000,30011,30014,3,,15
update,30011,30022,30025,3,,0
update,30022,30033,30036,3,,1
inbound,30025,30036,30039,3,,2
update,30033,30044,30047,3,,3
update,30044,30055,30058,3,,4
update,30055,30066,30069,3,,5
update,30066,30077,30080,3,,6
update,30077,30088,30091,3,,7
update,30088,30099,30102,3,,8
update,30099,30110,30114,4,,9
inbound,30100,30111,30115,4,,10
update,30110,30121,30124,3,,11
update,30121,30132,30136,4,,12
update,30132,30143,30146,3,,13
update,30143,30154,30158,4,,14
update,30154,30165,30168,3,,15
inbound,30155,30166,30169,3,,0
update,30165,30176,30179,3,,1
update,30176,30187,30190,3,,2
update,30187,30198,30201,3,,3
update,30198,30209,30212,3,,4
inbound,30200,30211,30214,3,,5
update,30209,30220,30223,3,,6
inbound,30210,30221,30224,3,,7
update,30220,30231,30235,4,,8
inbound,30225,30236,30239,3,,9
update,30231,30242,30245,3,,10
update,30242,30253,30255,2,,11
update,30253,30264,30267,3,,12
inbound,30265,30275,30279,4,,14
update,30264,30275,30279,4,,13
update,30275,30286,30289,3,,15
update,30286,30297,30300,3,,0
update,30297,30308,30311,3,,1
update,30308,30319,30323,4,,2
update,30319,30330,30333,3,,3
inbound,30320,30331,30334,3,,4
update,30330,30341,30344,3,,5
update,30341,30352,30356,4,,6
update,30352,30363,30365,2,,7
update,30363,30374,30377,3,,8
update,30374,30385,30388,3,,9
inbound,30375,30386,30389,3,,10
update,30385,30396,30399,3,,11
update,30396,30407,30410,3,,12
inbound,30400,30411,30414,3,,13
update,30407,30418,30421,3,,14
update,30418,30429,30432,3,,15
inbound,30425,30436,30438,2,,0
update,30429,30440,30443,3,,1
inbound,30430,30441,30444,3,,2
update,30440,30451,30454,3,,3
update,30451,30462,30469,7,,4
update,30462,30473,30476,3,,5
update,30473,30484,30487,3,,6
update,30484,30495,30498,3,,7
inbound,30485,30496,30499,3,,8
update,30495,30506,30509,3,,9
update,30506,30517,30519,2,,10
update,30517,30528,30531,3,,11
update,30528,30539,30542,3,,12
update,30539,30550,30553,3,,13
inbound,30540,30551,30554,3,,14
update,30550,30561,30564,3,,15
update,30561,30572,30575,3,,0
update,30572,30583,30586,3,,1
update,30583,30594,30597,3,,2
update,30594,30605,30609,4,,3
inbound,30595,30606,30610,4,,4
update,30605,30616,30619,3,,5
update,30616,30627,30630,3,,6
update,30627,30638,30641,3,,7
update,30638,30649,30652,3,,8
update,30649,30660,30663,3,,9
inbound,30650,30661,30664,3,,10
update,30660,30671,30674,3,,11
update,30671,30682,30685,3,,12
update,30682,30693,30696,3,,13
update,30693,30704,30707,3,,14
update,30704,30715,30718,3,,15
inbound,30705,30716,30719,3,,0
update,30715,30726,30729,3,,1
update,30726,30737,30740,3,,2
update,30737,30748,30752,4,,3
update,30748,30759,30762,3,,4
inbound,30760,30771,30774,3,,6
update,30759,30770,30774,4,,5
update,30770,30781,30783,2,,7
update,30781,30792,30794,2,,8
update,30792,30803,30805,2,,9
update,30803,30814,30816,2,,10
update,30814,30824,30827,3,,11
inbound,30815,30826,30828,2,,12
update,30825,30836,30838,2,,13
update,30836,30847,30850,3,,14
update,30847,30858,30861,3,,15
update,30858,30869,30871,2,,0
update,30869,30880,30882,2,,1
update,30880,30891,30894,3,,2
update,30891,30902,30904,2,,3
update,30902,30913,30915,2,,4
update,30913,30924,30927,3,,5
update,30924,30935,30938,3,,6
update,31000,31011,31014,3,,7
inbound,31000,31011,31016,5,,8
update,31011,31022,31026,4,,9
update,31022,31033,31035,2,,10
inbound,31025,31036,31039,3,,11
update,31033,31044,31047,3,,12
update,31044,31055,31058,3,,13
update,31055,31066,31069,3,,14
update,31066,31077,31080,3,,15
update,31077,31088,31091,3,,0
update,31088,31099,31101,2,,1
update,31099,31110,31114,4,,2
inbound,31100,31111,31115,4,,3
update,31110,31121,31124,3,,4
update,31121,31132,31135,3,,5
update,31132,31143,31146,3,,6
update,31143,31154,31157,3,,7
update,31154,31165,31169,4,,8
inbound,31155,31167,31171,4,,9
update,31165,31176,31179,3,,10
update,31176,31187,31189,2,,11
update,31187,31198,31201,3,,12
update,31198,31209,31212,3,,13
inbound,31200,31211,31214,3,,14
update,31209,31220,31224,4,,15
inbound,31210,31221,31225,4,,0
update,31220,31231,31234,3,,1
inbound,31225,31236,31239,3,,2
update,31231,31242,31244,2,,3
update,31242,31253,31257,4,,4
update,31253,31264,31267,3,,5
update,31264,31275,31279,4,,6
inbound,31265,31276,31280,4,,7
update,31275,31286,31289,3,,8
update,31286,31297,31300,3,,9
update,31297,31308,31311,3,,10
update,31308,31318,31321,3,,11
update,31319,31330,31333,3,,12
inbound,31320,31331,31335,4,,13
update,31330,31341,31343,2,,14
update,31341,31352,31355,3,,15
update,31352,31363,31366,3,,0
update,31363,31374,31378,4,,1
update,31374,31385,31389,4,,2
inbound,31375,31386,31391,5,,3
update,31385,31396,31399,3,,4
update,31396,31407,31410,3,,5
inbound,31400,31411,31414,3,,6
update,31407,31418,31420,2,,7
update,31418,31429,31432,3,,8
inbound,31425,31436,31438,2,,9
update,31429,31440,31444,4,,10
inbound,31430,31441,31444,3,,11
update,31440,31451,31453,2,,12
update,31451,31462,31466,4,,13
update,31462,31473,31476,3,,14
update,31473,31484,31486,2,,15
update,31484,31495,31498,3,,0
inbound,31485,31496,31500,4,,1
update,31495,31506,31509,3,,2
update,31506,31517,31520,3,,3
update,31517,31528,31531,3,,4
update,31528,31539,31542,3,,5
inbound,31540,31551,31554,3,,7
update,31539,31550,31555,5,,6
update,31550,31561,31564,3,,8
update,31561,31572,31574,2,,9
update,31572,31583,31587,4,,10
update,31583,31594,31597,3,,11
inbound,31595,31606,31608,2,,13
update,31594,31605,31610,5,,12
update,31605,31616,31619,3,,14
update,31616,31627,31630,3,,15
update,31627,31638,31641,3,,0
update,31638,31649,31651,2,,1
update,31649,31660,31663,3,,2
inbound,31650,31661,31664,3,,3
update,31660,31671,31675,4,,4
update,31671,31682,31685,3,,5
update,31682,31693,31696,3,,6
update,31693,31704,31707,3,,7
update,31704,31715,31718,3,,8
inbound,31705,31716,31719,3,,9
update,31715,31726,31729,3,,10
update,31726,31737,31740,3,,11
update,31737,31748,31751,3,,12
update,31748,31759,31762,3,,13
update,31759,31770,31773,3,,14
inbound,31760,31771,31773,2,,15
update,31770,31781,31783,2,,0
update,31781,31792,31794,2,,1
update,31792,31803,31806,3,,2
update,31803,31814,31817,3,,3
update,31814,31825,31828,3,,4
inbound,31815,31826,31829,3,,5
update,31825,31836,31839,3,,6
update,31836,31847,31850,3,,7
update,31847,31858,31860,2,,8
update,31858,31869,31873,4,,9
update,31869,31880,31883,3,,10
update,31880,31891,31893,2,,11
update,31891,31902,31905,3,,12
update,31902,31913,31915,2,,13
update,31913,31924,31927,3,,14
update,31924,31935,31938,3,,15
update,32000,32011,32014,3,,0
inbound,32000,32011,32015,4,,1
update,32011,32022,32031,9,,2
update,32022,32033,32037,4,,3
inbound,32025,32036,32038,2,,4
update,32033,32044,32047,3,,5
update,32044,32055,32059,4,,6
update,32055,32066,32069,3,,7
update,32066,32077,32080,3,,8
update,32077,32088,32091,3,,9
update,32088,32099,32101,2,,10
update,32099,32110,32113,3,,11
inbound,32100,32111,32114,3,,12
update,32110,32121,32123,2,,13
update,32121,32132,32135,3,,14
update,32132,32143,32146,3,,15
update,32143,32154,32157,3,,0
update,32154,32165,32168,3,,1
inbound,32155,32166,32169,3,,2
update,32165,32176,32179,3,,3
update,32176,32187,32190,3,,4
update,32187,32198,32201,3,,5
update,32198,32209,32212,3,,6
inbound,32200,32211,32214,3,,7
update,32209,32220,32223,3,,8
inbound,32210,32221,32225,4,,9
update,32220,32231,32233,2,,10
inbound,32225,32236,32239,3,,11
update,32231,32242,32244,2,,12
update,32242,32253,32255,2,,13
update,32253,32264,32267,3,,14
update,32264,32274,32277,3,,15
inbound,32265,32276,32280,4,,0
update,32275,32286,32289,3,,1
update,32286,32297,32300,3,,2
update,32297,32308,32310,2,,3
update,32308,32319,32322,3,,4
update,32319,32330,32333,3,,5
inbound,32320,32331,32334,3,,6
update,32330,32342,32345,3,,7
update,32341,32352,32355,3,,8
update,32352,32363,32365,2,,9
update,32363,32374,32377,3,,10
update,32374,32384,32388,4,,11
inbound,32375,32386,32389,3,,12
update,32385,32396,32398,2,,13
update,32396,32407,32410,3,,14
inbound,32400,32411,32414,3,,15
update,32407,32418,32421,3,,0
update,32418,32429,32432,3,,1
inbound,32425,32436,32438,2,,2
update,32429,32440,32443,3,,3
inbound,32430,32441,32444,3,,4
update,32440,32451,32454,3,,5
update,32451,32462,32465,3,,6
update,32462,32473,32477,4,,7
update,32473,32484,32487,3,,8
update,32484,32495,32498,3,,9
inbound,32485,32496,32500,4,,10
update,32495,32506,32508,2,,11
update,32506,32517,32520,3,,12
update,32517,32528,32531,3,,13
update,32528,32539,32542,3,,14
update,32539,32550,32553,3,,15
inbound,32540,32551,32554,3,,0
update,32550,32561,32564,3,,1
update,32561,32572,32575,3,,2
update,32572,32583,32586,3,,3
update,32583,32594,32596,2,,4
update,32594,32605,32608,3,,5
inbound,32595,32606,32609,3,,6
update,32605,32616,32619,3,,7
update,32616,32627,32629,2,,8
update,32627,32638,32640,2,,9
update,32638,32649,32652,3,,10
update,32649,32660,32663,3,,11
inbound,32650,32661,32665,4,,12
update,32660,32671,32674,3,,13
update,32671,32682,32686,4,,14
update,32682,32693,32696,3,,15
update,32693,32704,32707,3,,0
update,32704,32715,32717,2,,1
inbound,32705,32717,32720,3,,2
update,32715,32726,32729,3,,3
update,32726,32737,32739,2,,4
update,32737,32748,32750,2,,5
update,32748,32759,32762,3,,6
update,32759,32770,32773,3,,7
inbound,32760,32771,32773,2,,8
update,32770,32781,32785,4,,9
update,32781,32792,32795,3,,10
update,32792,32803,32806,3,,11
update,32803,32814,32818,4,,12
inbound,32815,32826,32828,2,,14
update,32814,32826,32829,3,,13
update,32825,32836,32838,2,,15
update,32836,32847,32850,3,,0
update,32847,32858,32861,3,,1
update,32858,32869,32872,3,,2
update,32869,32880,32883,3,,3
update,32880,32891,32894,3,,4
update,32891,32902,32905,3,,5
update,32902,32912,32916,4,,6
update,32913,32924,32926,2,,7
update,32924,32935,32938,3,,8
inbound,33000,33011,33015,4,,10
update,33000,33011,33015,4,,9
update,33011,33022,33024,2,,11
update,33022,33033,33038,5,,12
inbound,33025,33036,33039,3,,13
update,33033,33044,33047,3,,14
update,33044,33055,33058,3,,15
update,33055,33066,33068,2,,0
update,33066,33077,33080,3,,1
update,33077,33088,33090,2,,2
update,33088,33099,33102,3,,3
update,33099,33110,33112,2,,4
inbound,33100,33111,33114,3,,5
update,33110,33121,33124,3,,6
update,33121,33132,33135,3,,7
update,33132,33143,33146,3,,8
update,33143,33154,33157,3,,9
update,33154,33165,33169,4,,10
inbound,33155,33166,33170,4,,11
update,33165,33176,33179,3,,12
update,33176,33187,33189,2,,13
update,33187,33198,33201,3,,14
update,33198,33208,33211,3,,15
inbound,33200,33211,33213,2,,0
inbound,33210,33221,33224,3,,2
update,33209,33220,33224,4,,1
update,33220,33231,33234,3,,3
inbound,33225,33236,33239,3,,4
update,33231,33242,33245,3,,5
update,33242,33253,33255,2,,6
update,33253,33264,33268,4,,7
update,33264,33275,33279,4,,8
inbound,33265,33276,33279,3,,9
update,33275,33286,33290,4,,10
update,33286,33297,33300,3,,11
update,33297,33308,33311,3,,12
update,33308,33319,33322,3,,13
update,33319,33330,33334,4,,14
inbound,33320,33331,33335,4,,15
update,33330,33341,33343,2,,0
update,33341,33351,33355,4,,1
update,33352,33363,33366,3,,2
update,33363,33374,33378,4,,3
inbound,33375,33386,33389,3,,5
update,33374,33385,33389,4,,4
update,33385,33396,33399,3,,6
update,33396,33407,33410,3,,7
inbound,33400,33411,33414,3,,8
update,33407,33418,33421,3,,9
update,33418,33429,33432,3,,10
inbound,33425,33436,33439,3,,11
update,33429,33440,33443,3,,12
inbound,33430,33441,33445,4,,13
update,33440,33451,33454,3,,14
update,33451,33462,33465,3,,15
update,33462,33473,33477,4,,0
update,33473,33484,33487,3,,1
update,33484,33495,33499,4,,2
inbound,33485,33496,33500,4,,3
update,33495,33506,33509,3,,4
update,33506,33517,33520,3,,5
update,33517,33528,33531,3,,6
update,33528,33539,33542,3,,7
update,33539,33549,33553,4,,8
inbound,33540,33551,33556,5,,9
update,33550,33561,33564,3,,10
update,33561,33572,33575,3,,11
update,33572,33583,33585,2,,12
update,33583,33594,33597,3,,13
update,33594,33605,33608,3,,14
inbound,33595,33606,33609,3,,15
update,33605,33616,33620,4,,0
update,33616,33627,33629,2,,1
update,33627,33638,33640,2,,2
update,33638,33649,33651,2,,3
update,33649,33660,33663,3,,4
inbound,33650,33661,33665,4,,5
update,33660,33671,33674,3,,6
update,33671,33682,33686,4,,7
update,33682,33693,33696,3,,8
update,33693,33704,33707,3,,9
update,33704,33715,33719,4,,10
inbound,33705,33716,33720,4,,11
update,33715,33726,33729,3,,12
update,33726,33737,33740,3,,13
update,33737,33748,33750,2,,14
update,33748,33759,33762,3,,15
update,33759,33770,33773,3,,0
inbound,33760,33771,33773,2,,1
update,33770,33781,33784,3,,2
update,33781,33792,33795,3,,3
update,33792,33803,33806,3,,4
update,33803,33814,33816,2,,5
update,33814,33825,33828,3,,6
inbound,33815,33826,33829,3,,7
update,33825,33836,33839,3,,8
update,33836,33847,33850,3,,9
update,33847,33858,33861,3,,10
update,33858,33869,33872,3,,11
update,33869,33880,33883,3,,12
update,33880,33891,33894,3,,13
update,33891,33902,33906,4,,14
update,33902,33913,33917,4,,15
update,33913,33924,33926,2,,0
update,33924,33935,33937,2,,1
inbound,34000,34011,34014,3,,3
update,34000,34011,34014,3,,2
update,34011,34022,34025,3,,4
update,34022,34033,34036,3,,5
inbound,34025,34036,34038,2,,6
update,34033,34044,34047,3,,7
update,34044,34055,34058,3,,8
update,34055,34066,34069,3,,9
update,34066,34077,34079,2,,10
update,34077,34088,34091,3,,11
update,34088,34099,34102,3,,12
update,34099,34110,34116,6,,13
inbound,34100,34112,34117,5,,14
update,34110,34121,34129,8,,15
update,34121,34132,34137,5,,0
update,34132,34143,34176,33,,1
update,34154,34165,34179,14,,3
inbound,34155,34166,34179,13,,4
update,34143,34154,34179,25,,2
update,34165,34176,34183,7,,5
update,34176,34187,34225,38,,6
inbound,34200,34211,34226,15,,9
update,34187,34198,34226,28,,7
update,34209,34220,34226,6,,10
update,34198,34209,34226,17,,8
inbound,34210,34221,34226,5,,11
update,34220,34231,34235,4,,12
inbound,34225,34236,34240,4,,13
update,34231,34242,34289,47,,14
update,34264,34275,34291,16,,1
update,34275,34286,34291,5,,3
inbound,34265,34276,34291,15,,2
update,34242,34253,34291,38,,15
update,34253,34263,34291,28,,0
update,34286,34297,34302,5,,4
update,34297,34308,34336,28,,5
update,34308,34319,34336,17,,6
update,34319,34330,34336,6,,7
inbound,34320,34331,34336,5,,8
update,34330,34341,34343,2,,9
update,34341,34352,34354,2,,10
update,34352,34363,34366,3,,11
update,34363,34374,34377,3,,12
update,34374,34385,34388,3,,13
inbound,34375,34386,34389,3,,14
update,34385,34396,34399,3,,15
update,34396,34407,34410,3,,0
inbound,34400,34410,34413,3,,1
update,34407,34418,34421,3,,2
update,34418,34429,34432,3,,3
inbound,34425,34436,34439,3,,4
update,34429,34440,34442,2,,5
inbound,34430,34441,34444,3,,6
update,34440,34451,34454,3,,7
update,34451,34462,34465,3,,8
update,34462,34473,34476,3,,9
update,34473,34484,34489,5,,10
update,34484,34495,34498,3,,11
inbound,34485,34496,34499,3,,12
update,34495,34506,34509,3,,13
update,34506,34518,34520,2,,14
update,34517,34528,34531,3,,15
update,34528,34539,34542,3,,0
update,34539,34550,34553,3,,1
inbound,34540,34551,34554,3,,2
update,34550,34561,34563,2,,3
update,34561,34572,34574,2,,4
update,34572,34583,34586,3,,5
update,34583,34594,34596,2,,6
update,34594,34605,34608,3,,7
inbound,34595,34606,34609,3,,8
update,34605,34616,34619,3,,9
update,34616,34627,34629,2,,10
update,34627,34638,34642,4,,11
update,34638,34649,34652,3,,12
update,34649,34660,34663,3,,13
inbound,34650,34661,34664,3,,14
update,34660,34671,34674,3,,15
update,34671,34682,34685,3,,0
update,34682,34693,34696,3,,1
update,34693,34704,34707,3,,2
update,34704,34715,34718,3,,3
inbound,34705,34716,34719,3,,4
update,34715,34726,34729,3,,5
update,34726,34737,34740,3,,6
update,34737,34748,34751,3,,7
update,34748,34759,34762,3,,8
update,34759,34770,34773,3,,9
inbound,34760,34771,34774,3,,10
update,34770,34781,34783,2,,11
update,34781,34792,34794,2,,12
update,34792,34803,34806,3,,13
update,34803,34814,34817,3,,14
update,34814,34825,34828,3,,15
inbound,34815,34826,34829,3,,0
update,34825,34836,34839,3,,1
update,34836,34847,34849,2,,2
update,34847,34858,34860,2,,3
update,34858,34869,34872,3,,4
update,34869,34880,34882,2,,5
update,34880,34891,34894,3,,6
update,34891,34902,34904,2,,7
update,34902,34913,34916,3,,8
update,34913,34924,34927,3,,9
update,34924,34935,34937,2,,10
update,35000,35011,35014,3,,11
inbound,35000,35012,35015,3,,12
update,35011,35022,35027,5,,13
update,35022,35033,35038,5,,14
inbound,35025,35037,35041,4,,15
update,35033,35044,35048,4,,0
update,35044,35055,35060,5,,1
update,35055,35066,35069,3,,2
update,35066,35077,35079,2,,3
update,35077,35088,35091,3,,4
update,35088,35099,35102,3,,5
update,35099,35110,35112,2,,6
inbound,35100,35112,35115,3,,7
update,35110,35121,35125,4,,8
update,35121,35132,35135,3,,9
update,35132,35143,35146,3,,10
update,35143,35154,35157,3,,11
update,35154,35165,35169,4,,12
inbound,35155,35167,35170,3,,13
update,35165,35176,35180,4,,14
update,35176,35187,35190,3,,15
update,35187,35198,35201,3,,0
update,35198,35209,35212,3,,1
inbound,35200,35212,35214,2,,2
update,35209,35220,35223,3,,3
inbound,35210,35222,35227,5,,4
update,35220,35231,35234,3,,5
inbound,35225,35237,35240,3,,6
update,35231,35242,35244,2,,7
update,35242,35253,35257,4,,8
update,35253,35263,35266,3,,9
update,35264,35275,35278,3,,10
inbound,35265,35277,35280,3,,11
update,35275,35286,35289,3,,12
update,35286,35297,35300,3,,13
update,35297,35308,35310,2,,14
update,35308,35319,35322,3,,15
update,35319,35330,35333,3,,0
inbound,35320,35332,35336,4,,1
update,35330,35341,35344,3,,2
update,35341,35352,35355,3,,3
update,35352,35363,35365,2,,4
update,35363,35374,35378,4,,5
update,35374,35385,35388,3,,6
inbound,35375,35387,35390,3,,7
update,35385,35396,35400,4,,8
update,35396,35407,35410,3,,9
inbound,35400,35412,35415,3,,10
update,35407,35418,35421,3,,11
update,35418,35429,35432,3,,12
inbound,35425,35437,35440,3,,13
update,35429,35440,35444,4,,14
inbound,35430,35442,35446,4,,15
update,35440,35451,35454,3,,0
update,35451,35462,35466,4,,1
update,35462,35473,35476,3,,2
update,35473,35484,35489,5,,3
update,35484,35496,35499,3,,4
inbound,35485,35497,35503,6,,5
update,35495,35506,35509,3,,6
update,35506,35517,35521,4,,7
update,35517,35528,35536,8,,8
update,35528,35539,35545,6,,9
update,35539,35550,35556,6,,10
inbound,35540,35552,35557,5,,11
update,35550,35561,35566,5,,12
update,35561,35572,35577,5,,13
update,35572,35583,35587,4,,14
update,35583,35594,35598,4,,15
update,35594,35605,35610,5,,0
inbound,35595,35607,35611,4,,1
update,35605,35616,35620,4,,2
update,35616,35627,35630,3,,3
update,35627,35638,35641,3,,4
update,35638,35649,35651,2,,5
update,35649,35660,35662,2,,6
inbound,35650,35662,35666,4,,7
update,35660,35671,35674,3,,8
update,35671,35682,35685,3,,9
update,35682,35693,35695,2,,10
update,35693,35705,35709,4,,11
update,35704,35715,35719,4,,12
inbound,35705,35717,35721,4,,13
update,35715,35726,35729,3,,14
update,35726,35737,35740,3,,15
update,35737,35748,35751,3,,0
update,35748,35759,35762,3,,1
update,35759,35770,35774,4,,2
inbound,35760,35772,35776,4,,3
update,35770,35781,35784,3,,4
update,35781,35793,35796,3,,5
update,35792,35804,35807,3,,6
update,35803,35815,35817,2,,7
update,35814,35826,35830,4,,8
inbound,35815,35827,35830,3,,9
update,35825,35837,35840,3,,10
update,35836,35848,35851,3,,11
update,35847,35859,35862,3,,12
update,35858,35870,35873,3,,13
update,35869,35881,35884,3,,14
update,35880,35892,35894,2,,15
update,35891,35903,35906,3,,0
update,35902,35914,35917,3,,1
update,35913,35925,35929,4,,2
update,35924,35936,35940,4,,3
update,36000,36012,36015,3,,4
inbound,36000,36012,36017,5,,5
update,36011,36023,36026,3,,6
update,36022,36034,36038,4,,7
inbound,36025,36037,36040,3,,8
update,36033,36045,36048,3,,9
update,36044,36056,36059,3,,10
update,36055,36067,36070,3,,11
update,36066,36078,36081,3,,12
update,36077,36089,36092,3,,13
update,36088,36100,36103,3,,14
update,36099,36111,36114,3,,15
inbound,36100,36112,36116,4,,0
update,36110,36122,36124,2,,1
update,36121,36133,36135,2,,2
update,36132,36144,36147,3,,3
update,36143,36155,36158,3,,4
update,36154,36166,36169,3,,5
inbound,36155,36167,36170,3,,6
update,36165,36177,36179,2,,7
update,36176,36188,36191,3,,8
update,36187,36199,36204,5,,9
update,36198,36210,36214,4,,10
inbound,36200,36212,36218,6,,11
update,36209,36221,36225,4,,12
inbound,36210,36222,36229,7,,13
update,36220,36232,36234,2,,14
inbound,36225,36238,36240,2,,15
update,36231,36243,36247,4,,0
update,36242,36254,36259,5,,1
update,36253,36265,36267,2,,2
inbound,36265,36277,36280,3,,4
update,36264,36276,36281,5,,3
update,36275,36287,36290,3,,5
update,36286,36298,36301,3,,6
update,36297,36309,36312,3,,7
update,36308,36320,36322,2,,8
update,36319,36331,36335,4,,9
inbound,36320,36332,36336,4,,10
update,36330,36342,36345,3,,11
update,36341,36352,36355,3,,12
update,36352,36364,36367,3,,13
update,36363,36375,36379,4,,14
update,36374,36386,36390,4,,15
inbound,36375,36387,36391,4,,0
update,36385,36397,36400,3,,1
update,36396,36408,36411,3,,2
inbound,36400,36412,36415,3,,3
update,36407,36419,36422,3,,4
update,36418,36430,36432,2,,5
inbound,36425,36437,36440,3,,6
update,36429,36441,36445,4,,7
inbound,36430,36442,36446,4,,8
update,36440,36452,36454,2,,9
update,36451,36463,36466,3,,10
update,36462,36474,36476,2,,11
update,36473,36485,36487,2,,12
update,36484,36496,36502,6,,13
inbound,36485,36497,36503,6,,14
update,36495,36507,36511,4,,15
update,36506,36518,36520,2,,0
update,36517,36529,36531,2,,1
update,36528,36540,36543,3,,2
update,36539,36551,36555,4,,3
inbound,36540,36552,36556,4,,4
update,36550,36562,36564,2,,5
update,36561,36573,36575,2,,6
update,36572,36584,36586,2,,7
update,36583,36595,36598,3,,8
update,36594,36606,36609,3,,9
inbound,36595,36607,36611,4,,10
update,36605,36617,36621,4,,11
update,36616,36628,36631,3,,12
update,36627,36639,36642,3,,13
update,36638,36650,36653,3,,14
update,36649,36661,36665,4,,15
inbound,36650,36662,36665,3,,0
update,36660,36672,36674,2,,1
update,36671,36683,36687,4,,2
update,36682,36694,36697,3,,3
update,36693,36705,36709,4,,4
update,36704,36716,36720,4,,5
inbound,36705,36717,36721,4,,6
update,36715,36727,36730,3,,7
update,36726,36738,36741,3,,8
update,36737,36749,36751,2,,9
update,36748,36760,36763,3,,10
update,36759,36771,36774,3,,11
inbound,36760,36772,36775,3,,12
update,36770,36782,36786,4,,13
update,36781,36793,36798,5,,14
update,36792,36804,36807,3,,15
update,36803,36815,36819,4,,0
update,36814,36826,36829,3,,1
inbound,36815,36827,36832,5,,2
update,36825,36837,36842,5,,3
update,36836,36848,36851,3,,4
update,36847,36859,36862,3,,5
update,36858,36870,36873,3,,6
update,36869,36881,36884,3,,7
update,36880,36892,36895,3,,8
update,36891,36903,36905,2,,9
update,36902,36914,36917,3,,10
update,36913,36926,36931,5,,11
update,36924,36936,36941,5,,12
inbound,37000,37012,37017,5,,14
update,37000,37012,37018,6,,13
update,37011,37023,37026,3,,15
update,37022,37034,37036,2,,0
inbound,37025,37036,37040,4,,1
update,37033,37045,37048,3,,2
update,37044,37056,37059,3,,3
update,37055,37067,37070,3,,4
update,37066,37078,37081,3,,5
update,37077,37089,37092,3,,6
update,37088,37100,37104,4,,7
update,37099,37111,37116,5,,8
inbound,37100,37112,37117,5,,9
update,37110,37122,37126,4,,10
update,37121,37133,37136,3,,11
update,37132,37144,37148,4,,12
update,37143,37155,37158,3,,13
update,37154,37166,37171,5,,14
inbound,37155,37167,37171,4,,15
update,37165,37177,37182,5,,0
update,37176,37188,37191,3,,1
update,37187,37199,37203,4,,2
update,37198,37210,37215,5,,3
inbound,37200,37212,37216,4,,4
inbound,37210,37222,37230,8,,6
update,37209,37221,37237,16,,5
update,37220,37231,37242,11,,7
inbound,37225,37236,37245,9,,8
update,37231,37243,37247,4,,9
update,37242,37254,37257,3,,10
update,37253,37265,37268,3,,11
inbound,37265,37276,37280,4,,13
update,37264,37276,37280,4,,12
update,37275,37287,37290,3,,14
update,37286,37298,37300,2,,15
update,37297,37309,37312,3,,0
update,37308,37320,37323,3,,1
update,37319,37331,37334,3,,2
inbound,37320,37334,37337,3,,3
update,37330,37342,37344,2,,4
update,37341,37353,37355,2,,5
update,37352,37364,37367,3,,6
update,37363,37375,37378,3,,7
update,37374,37386,37389,3,,8
inbound,37375,37387,37390,3,,9
update,37385,37397,37401,4,,10
update,37396,37408,37411,3,,11
inbound,37400,37412,37415,3,,12
update,37407,37419,37422,3,,13
update,37418,37430,37433,3,,14
inbound,37425,37437,37440,3,,15
update,37429,37441,37444,3,,0
inbound,37430,37442,37445,3,,1
update,37440,37452,37454,2,,2
update,37451,37463,37466,3,,3
update,37462,37474,37478,4,,4
update,37473,37485,37487,2,,5
update,37484,37496,37502,6,,6
inbound,37485,37497,37506,9,,7
update,37495,37507,37510,3,,8
update,37506,37518,37521,3,,9
update,37517,37529,37532,3,,10
update,37528,37540,37544,4,,11
update,37539,37551,37554,3,,12
inbound,37540,37552,37556,4,,13
update,37550,37562,37565,3,,14
update,37561,37573,37576,3,,15
update,37572,37584,37587,3,,0
update,37583,37595,37598,3,,1
update,37594,37606,37609,3,,2
inbound,37595,37607,37611,4,,3
update,37605,37617,37619,2,,4
update,37616,37628,37631,3,,5
update,37627,37639,37642,3,,6
update,37638,37650,37653,3,,7
update,37649,37661,37665,4,,8
inbound,37650,37662,37667,5,,9
update,37660,37672,37675,3,,10
update,37671,37683,37686,3,,11
update,37682,37694,37697,3,,12
update,37693,37705,37708,3,,13
update,37704,37716,37719,3,,14
inbound,37705,37717,37721,4,,15
update,37715,37727,37730,3,,0
update,37726,37738,37741,3,,1
update,37737,37749,37752,3,,2
update,37748,37760,37763,3,,3
update,37759,37771,37774,3,,4
inbound,37760,37772,37775,3,,5
update,37770,37782,37784,2,,6
update,37781,37793,37795,2,,7
update,37792,37804,37808,4,,8
update,37803,37815,37818,3,,9
update,37814,37826,37829,3,,10
inbound,37815,37827,37829,2,,11
update,37825,37837,37840,3,,12
update,37836,37848,37851,3,,13
update,37847,37859,37862,3,,14
update,37858,37870,37873,3,,15
update,37869,37881,37884,3,,0
update,37880,37892,37894,2,,1
update,37891,37903,37905,2,,2
update,37902,37914,37917,3,,3
update,37913,37925,37927,2,,4
update,37924,37936,37938,2,,5
inbound,38000,38012,38015,3,,7
update,38000,38012,38015,3,,6
update,38011,38023,38026,3,,8
update,38022,38034,38037,3,,9
inbound,38025,38037,38039,2,,10
update,38033,38045,38047,2,,11
update,38044,38056,38059,3,,12
update,38055,38067,38070,3,,13
update,38066,38078,38081,3,,14
update,38077,38089,38091,2,,15
update,38088,38100,38103,3,,0
update,38099,38111,38114,3,,1
inbound,38100,38112,38116,4,,2
update,38110,38122,38124,2,,3
update,38121,38133,38135,2,,4
update,38132,38144,38146,2,,5
update,38143,38155,38158,3,,6
inbound,38155,38166,38170,4,,8
update,38154,38166,38170,4,,7
update,38165,38177,38180,3,,9
update,38176,38188,38190,2,,10
update,38187,38199,38201,2,,11
update,38198,38211,38214,3,,12
inbound,38200,38212,38215,3,,13
update,38209,38221,38224,3,,14
inbound,38210,38222,38225,3,,15
update,38220,38231,38234,3,,0
inbound,38225,38237,38240,3,,1
update,38231,38243,38245,2,,2
update,38242,38254,38257,3,,3
update,38253,38265,38268,3,,4
update,38264,38276,38280,4,,5
inbound,38265,38277,38281,4,,6
update,38275,38287,38289,2,,7
update,38286,38298,38301,3,,8
update,38297,38309,38311,2,,9
update,38308,38321,38323,2,,10
inbound,38320,38332,38336,4,,12
update,38319,38331,38336,5,,11
update,38330,38342,38344,2,,13
update,38341,38353,38355,2,,14
update,38352,38364,38366,2,,15
update,38363,38375,38378,3,,0
update,38374,38386,38389,3,,1
inbound,38375,38387,38390,3,,2
update,38385,38397,38400,3,,3
update,38396,38408,38411,3,,4
inbound,38400,38412,38414,2,,5
update,38407,38419,38422,3,,6
update,38418,38430,38433,3,,7
inbound,38425,38437,38439,2,,8
inbound,38430,38441,38444,3,,10
update,38429,38441,38445,4,,9
update,38440,38452,38454,2,,11
update,38451,38463,38466,3,,12
update,38462,38474,38477,3,,13
update,38473,38485,38488,3,,14
update,38484,38496,38500,4,,15
inbound,38485,38497,38500,3,,0
update,38495,38507,38513,6,,1
update,38506,38518,38523,5,,2
update,38517,38529,38532,3,,3
update,38528,38540,38543,3,,4
inbound,38540,38552,38554,2,,6
update,38539,38551,38555,4,,5
update,38550,38562,38565,3,,7
update,38561,38573,38576,3,,8
update,38572,38584,38587,3,,9
update,38583,38595,38598,3,,10
inbound,38595,38606,38609,3,,12
update,38594,38606,38610,4,,11
update,38605,38617,38619,2,,13
update,38616,38628,38630,2,,14
update,38627,38639,38641,2,,15
update,38638,38650,38653,3,,0
inbound,38650,38662,38665,3,,2
update,38649,38661,38665,4,,1
update,38660,38672,38675,3,,3
update,38671,38683,38686,3,,4
update,38682,38694,38697,3,,5
update,38693,38705,38708,3,,6
update,38704,38716,38720,4,,7
inbound,38705,38717,38720,3,,8
update,38715,38727,38729,2,,9
update,38726,38738,38741,3,,10
update,38737,38749,38752,3,,11
update,38748,38760,38763,3,,12
update,38759,38771,38774,3,,13
inbound,38760,38772,38774,2,,14
update,38770,38782,38785,3,,15
update,38781,38793,38796,3,,0
update,38792,38804,38807,3,,1
update,38803,38815,38818,3,,2
inbound,38815,38826,38829,3,,4
update,38814,38826,38830,4,,3
update,38825,38837,38840,3,,5
update,38836,38848,38851,3,,6
update,38847,38859,38862,3,,7
update,38858,38870,38873,3,,8
update,38869,38881,38884,3,,9
update,38880,38892,38895,3,,10
update,38891,38903,38906,3,,11
update,38902,38914,38917,3,,12
update,38913,38925,38928,3,,13
update,38924,38936,38939,3,,14
update,39000,39012,39015,3,,15
inbound,39000,39012,39016,4,,0
update,39011,39023,39026,3,,1
update,39022,39034,39037,3,,2
inbound,39025,39037,39040,3,,3
update,39033,39045,39047,2,,4
update,39044,39056,39058,2,,5
update,39055,39067,39070,3,,6
update,39066,39078,39081,3,,7
update,39077,39089,39092,3,,8
update,39088,39100,39103,3,,9
update,39099,39111,39115,4,,10
inbound,39100,39113,39116,3,,11
update,39110,39122,39125,3,,12
update,39121,39133,39137,4,,13
update,39132,39144,39147,3,,14
update,39143,39155,39157,2,,15
update,39154,39166,39169,3,,0
inbound,39155,39167,39170,3,,1
update,39165,39177,39180,3,,2
update,39176,39188,39191,3,,3
update,39187,39199,39202,3,,4
update,39198,39210,39213,3,,5
inbound,39200,39212,39215,3,,6
update,39209,39221,39225,4,,7
inbound,39210,39222,39226,4,,8
update,39220,39232,39235,3,,9
inbound,39225,39237,39239,2,,10
update,39231,39243,39246,3,,11
update,39242,39254,39257,3,,12
update,39253,39265,39268,3,,13
update,39264,39276,39280,4,,14
inbound,39265,39277,39281,4,,15
update,39275,39287,39290,3,,0
update,39286,39298,39301,3,,1
update,39297,39309,39312,3,,2
update,39308,39320,39324,4,,3
update,39319,39331,39336,5,,4
inbound,39320,39332,39337,5,,5
update,39330,39342,39344,2,,6
update,39341,39353,39355,2,,7
update,39352,39364,39367,3,,8
update,39363,39375,39378,3,,9
update,39374,39386,39390,4,,10
inbound,39375,39387,39391,4,,11
update,39385,39397,39400,3,,12
update,39396,39408,39412,4,,13
inbound,39400,39412,39415,3,,14
update,39407,39419,39423,4,,15
update,39418,39430,39433,3,,0
inbound,39425,39437,39439,2,,1
update,39429,39441,39444,3,,2
inbound,39430,39442,39445,3,,3
update,39440,39452,39455,3,,4
update,39451,39463,39466,3,,5
update,39462,39474,39477,3,,6
update,39473,39485,39488,3,,7
update,39484,39496,39500,4,,8
inbound,39485,39497,39501,4,,9
update,39495,39507,39510,3,,10
update,39506,39518,39526,8,,11
update,39517,39529,39533,4,,12
update,39528,39541,39545,4,,13
update,39539,39551,39555,4,,14
inbound,39540,39552,39557,5,,15
update,39550,39562,39566,4,,0
update,39561,39573,39579,6,,1
update,39572,39584,39589,5,,2
update,39583,39595,39600,5,,3
update,39594,39606,39610,4,,4
inbound,39595,39608,39612,4,,5
update,39605,39617,39620,3,,6
update,39616,39628,39634,6,,7
update,39627,39639,39644,5,,8
update,39638,39650,39654,4,,9
inbound,39650,39662,39675,13,,11
update,39649,39661,39675,14,,10
update,39660,39672,39675,3,,12
update,39671,39683,39686,3,,13
update,39682,39694,39698,4,,14
update,39693,39705,39708,3,,15
update,39704,39716,39719,3,,0
inbound,39705,39717,39721,4,,1
update,39715,39727,39730,3,,2
update,39726,39738,39741,3,,3
update,39737,39749,39753,4,,4
update,39748,39760,39764,4,,5
inbound,39760,39772,39774,2,,7
update,39759,39771,39774,3,,6
update,39770,39782,39786,4,,8
update,39781,39793,39797,4,,9
update,39792,39804,39807,3,,10
update,39803,39815,39817,2,,11
update,39814,39826,39829,3,,12
inbound,39815,39827,39830,3,,13
update,39825,39837,39840,3,,14
update,39836,39848,39852,4,,15
update,39847,39859,39861,2,,0
update,39858,39870,39873,3,,1
update,39869,39881,39884,3,,2
update,39880,39892,39895,3,,3
update,39891,39903,39906,3,,4
update,39902,39914,39916,2,,5
update,39913,39925,39929,4,,6
update,39924,39936,39939,3,,7
update,40000,40012,40016,4,,8
inbound,40000,40012,40016,4,,9
update,40011,40023,40026,3,,10
update,40022,40034,40037,3,,11
inbound,40025,40037,40040,3,,12
update,40033,40045,40048,3,,13
update,40044,40056,40059,3,,14
update,40055,40067,40070,3,,15
update,40066,40078,40080,2,,0
update,40077,40089,40092,3,,1
update,40088,40100,40103,3,,2
update,40099,40111,40115,4,,3
inbound,40100,40112,40116,4,,4
update,40110,40122,40125,3,,5
update,40121,40133,40136,3,,6
update,40132,40144,40147,3,,7
update,40143,40155,40160,5,,8
inbound,40155,40168,40171,3,,10
update,40154,40167,40171,4,,9
update,40165,40177,40181,4,,11
update,40176,40189,40193,4,,12
update,40187,40199,40204,5,,13
update,40198,40211,40214,3,,14
inbound,40200,40212,40215,3,,15
inbound,40210,40222,40228,6,,1
update,40209,40221,40229,8,,0
update,40220,40232,40239,7,,2
inbound,40225,40237,40242,5,,3
update,40231,40243,40246,3,,4
update,40242,40254,40258,4,,5
update,40253,40265,40270,5,,6
inbound,40265,40278,40282,4,,8
update,40264,40277,40286,9,,7
update,40275,40287,40290,3,,9
update,40286,40297,40303,6,,10
update,40297,40309,40311,2,,11
update,40308,40320,40323,3,,12
update,40319,40331,40336,5,,13
inbound,40320,40332,40336,4,,14
update,40330,40342,40345,3,,15
update,40341,40353,40356,3,,0
update,40352,40364,40367,3,,1
update,40363,40375,40378,3,,2
inbound,40375,40386,40392,6,,4
update,40374,40386,40392,6,,3
update,40385,40397,40400,3,,5
update,40396,40408,40410,2,,6
inbound,40400,40412,40415,3,,7
update,40407,40419,40422,3,,8
update,40418,40430,40433,3,,9
inbound,40425,40437,40440,3,,10
inbound,40430,40442,40445,3,,12
update,40429,40441,40445,4,,11
update,40440,40452,40455,3,,13
update,40451,40463,40465,2,,14
update,40462,40474,40477,3,,15
update,40473,40485,40489,4,,0
update,40484,40496,40500,4,,1
inbound,40485,40497,40500,3,,2
update,40495,40507,40511,4,,3
update,40506,40518,40523,5,,4
update,40517,40529,40533,4,,5
update,40528,40540,40542,2,,6
inbound,40540,40552,40555,3,,8
update,40539,40551,40556,5,,7
update,40550,40562,40565,3,,9
update,40561,40573,40575,2,,10
update,40572,40584,40586,2,,11
update,40583,40594,40597,3,,12
update,40594,40606,40610,4,,13
inbound,40595,40607,40611,4,,14
update,40605,40617,40620,3,,15
update,40616,40628,40631,3,,0
update,40627,40639,40643,4,,1
update,40638,40650,40653,3,,2
inbound,40650,40661,40665,4,,4
update,40649,40661,40666,5,,3
update,40660,40672,40674,2,,5
update,40671,40683,40686,3,,6
update,40682,40694,40697,3,,7
update,40693,40705,40709,4,,8
update,40704,40716,40720,4,,9
inbound,40705,40717,40721,4,,10
update,40715,40727,40731,4,,11
update,40726,40738,40742,4,,12
update,40737,40749,40752,3,,13
update,40748,40760,40763,3,,14
update,40759,40771,40774,3,,15
inbound,40760,40772,40774,2,,0
update,40770,40782,40785,3,,1
update,40781,40793,40796,3,,2
update,40792,40804,40807,3,,3
update,40803,40815,40817,2,,4
update,40814,40826,40829,3,,5
inbound,40815,40827,40830,3,,6
update,40825,40837,40840,3,,7
update,40836,40848,40851,3,,8
update,40847,40859,40863,4,,9
update,40858,40870,40874,4,,10
update,40869,40882,40884,2,,11
update,40880,40892,40895,3,,12
update,40891,40903,40906,3,,13
update,40902,40914,40917,3,,14
update,40913,40925,40928,3,,15
update,40924,40936,40939,3,,0
inbound,41000,41012,41016,4,,2
update,41000,41012,41016,4,,1
update,41011,41023,41025,2,,3
update,41022,41034,41036,2,,4
inbound,41025,41037,41040,3,,5
update,41033,41045,41048,3,,6
update,41044,41056,41059,3,,7
update,41055,41067,41071,4,,8
update,41066,41078,41082,4,,9
update,41077,41089,41092,3,,10
update,41088,41100,41104,4,,11
update,41099,41111,41115,4,,12
inbound,41100,41112,41115,3,,13
update,41110,41122,41125,3,,14
update,41121,41133,41136,3,,15
update,41132,41144,41147,3,,0
update,41143,41155,41159,4,,1
update,41154,41166,41170,4,,2
inbound,41155,41167,41171,4,,3
update,41165,41177,41180,3,,4
update,41176,41188,41192,4,,5
update,41187,41199,41203,4,,6
inbound,41200,41212,41214,2,,8
update,41198,41209,41214,5,,7
update,41209,41221,41225,4,,9
inbound,41210,41222,41225,3,,10
update,41220,41232,41235,3,,11
inbound,41225,41237,41241,4,,12
update,41231,41243,41246,3,,13
update,41242,41254,41257,3,,14
update,41253,41265,41268,3,,15
update,41264,41276,41282,6,,0
inbound,41265,41276,41282,6,,1
update,41275,41287,41290,3,,2
update,41286,41298,41301,3,,3
update,41297,41309,41311,2,,4
update,41308,41320,41323,3,,5
inbound,41320,41331,41335,4,,7
update,41319,41331,41336,5,,6
update,41330,41342,41345,3,,8
update,41341,41353,41355,2,,9
update,41352,41364,41366,2,,10
update,41363,41375,41378,3,,11
update,41374,41386,41390,4,,12
inbound,41375,41387,41391,4,,13
update,41385,41397,41399,2,,14
update,41396,41408,41411,3,,15
inbound,41400,41412,41415,3,,0
update,41407,41419,41422,3,,1
update,41418,41430,41434,4,,2
inbound,41425,41437,41441,4,,3
inbound,41430,41442,41445,3,,5
update,41429,41441,41445,4,,4
update,41440,41452,41455,3,,6
update,41451,41463,41466,3,,7
update,41462,41474,41476,2,,8
update,41473,41485,41490,5,,9
update,41484,41496,41499,3,,10
inbound,41485,41497,41501,4,,11
update,41495,41507,41510,3,,12
update,41506,41518,41523,5,,13
update,41517,41529,41534,5,,14
update,41528,41540,41543,3,,15
update,41539,41551,41554,3,,0
inbound,41540,41552,41555,3,,1
update,41550,41562,41565,3,,2
update,41561,41573,41576,3,,3
update,41572,41584,41587,3,,4
update,41583,41595,41597,2,,5
update,41594,41606,41610,4,,6
inbound,41595,41607,41611,4,,7
update,41605,41617,41620,3,,8
update,41616,41628,41631,3,,9
update,41627,41639,41642,3,,10
update,41638,41650,41653,3,,11
update,41649,41661,41664,3,,12
inbound,41650,41662,41665,3,,13
update,41660,41672,41676,4,,14
update,41671,41683,41685,2,,15
update,41682,41694,41697,3,,0
update,41693,41705,41709,4,,1
update,41704,41716,41720,4,,2
inbound,41705,41717,41721,4,,3
update,41715,41726,41729,3,,4
update,41726,41738,41743,5,,5
update,41737,41749,41751,2,,6
update,41748,41760,41762,2,,7
update,41759,41771,41778,7,,8
inbound,41760,41772,41778,6,,9
update,41770,41782,41785,3,,10
update,41781,41793,41795,2,,11
update,41792,41804,41807,3,,12
update,41803,41815,41817,2,,13
update,41814,41826,41829,3,,14
inbound,41815,41827,41830,3,,15
update,41825,41837,41840,3,,0
update,41836,41848,41851,3,,1
update,41847,41859,41862,3,,2
update,41858,41870,41873,3,,3
update,41869,41881,41884,3,,4
update,41880,41891,41894,3,,5
update,41891,41903,41906,3,,6
update,41902,41914,41917,3,,7
update,41913,41925,41928,3,,8
update,41924,41936,41938,2,,9
update,42000,42012,42015,3,,10
inbound,42000,42012,42015,3,,11
update,42011,42023,42026,3,,12
update,42022,42034,42037,3,,13
inbound,42025,42037,42039,2,,14
update,42033,42045,42048,3,,15
update,42044,42056,42059,3,,0
update,42055,42067,42070,3,,1
update,42066,42078,42081,3,,2
update,42077,42089,42092,3,,3
update,42088,42100,42103,3,,4
update,42099,42111,42114,3,,5
inbound,42100,42112,42115,3,,6
update,42110,42122,42125,3,,7
update,42121,42133,42135,2,,8
update,42132,42144,42146,2,,9
update,42143,42155,42157,2,,10
update,42154,42166,42169,3,,11
inbound,42155,42166,42170,4,,12
update,42165,42177,42179,2,,13
update,42176,42188,42190,2,,14
update,42187,42199,42202,3,,15
update,42198,42210,42214,4,,0
inbound,42200,42211,42214,3,,1
inbound,42210,42221,42224,3,,3
update,42209,42221,42225,4,,2
update,42220,42232,42235,3,,4
inbound,42225,42237,42240,3,,5
update,42231,42243,42246,3,,6
update,42242,42254,42257,3,,7
update,42253,42265,42268,3,,8
update,42264,42276,42279,3,,9
inbound,42265,42277,42280,3,,10
update,42275,42287,42292,5,,11
update,42286,42298,42302,4,,12
update,42297,42309,42312,3,,13
update,42308,42320,42324,4,,14
update,42319,42331,42335,4,,15
inbound,42320,42332,42337,5,,0
update,42330,42342,42346,4,,1
update,42341,42354,42358,4,,2
update,42352,42364,42367,3,,3
update,42363,42375,42378,3,,4
update,42374,42386,42389,3,,5
inbound,42375,42387,42390,3,,6
update,42385,42397,42399,2,,7
update,42396,42408,42410,2,,8
inbound,42400,42412,42415,3,,9
update,42407,42419,42422,3,,10
update,42418,42430,42433,3,,11
inbound,42425,42437,42440,3,,12
update,42429,42441,42444,3,,13
inbound,42430,42442,42445,3,,14
update,42440,42452,42455,3,,15
update,42451,42463,42465,2,,0
update,42462,42475,42477,2,,1
update,42473,42485,42488,3,,2
update,42484,42496,42499,3,,3
inbound,42485,42497,42500,3,,4
update,42495,42507,42510,3,,5
update,42506,42518,42521,3,,6
update,42517,42529,42533,4,,7
update,42528,42540,42543,3,,8
update,42539,42551,42554,3,,9
inbound,42540,42552,42554,2,,10
update,42550,42562,42564,2,,11
update,42561,42573,42576,3,,12
update,42572,42584,42587,3,,13
update,42583,42595,42598,3,,14
update,42594,42606,42609,3,,15
inbound,42595,42607,42613,6,,0
update,42605,42617,42619,2,,1
update,42616,42628,42630,2,,2
update,42627,42639,42642,3,,3
update,42638,42650,42653,3,,4
update,42649,42661,42664,3,,5
inbound,42650,42662,42665,3,,6
update,42660,42672,42676,4,,7
update,42671,42683,42685,2,,8
update,42682,42694,42697,3,,9
update,42693,42705,42708,3,,10
update,42704,42716,42720,4,,11
inbound,42705,42717,42720,3,,12
update,42715,42728,42731,3,,13
update,42726,42738,42741,3,,14
update,42737,42749,42752,3,,15
update,42748,42760,42763,3,,0
inbound,42760,42772,42774,2,,2
update,42759,42771,42775,4,,1
update,42770,42782,42785,3,,3
update,42781,42793,42795,2,,4
update,42792,42804,42807,3,,5
update,42803,42815,42818,3,,6
inbound,42815,42827,42831,4,,8
update,42814,42826,42831,5,,7
update,42825,42837,42840,3,,9
update,42836,42848,42851,3,,10
update,42847,42859,42862,3,,11
update,42858,42870,42873,3,,12
update,42869,42881,42884,3,,13
update,42880,42892,42895,3,,14
update,42891,42903,42906,3,,15
update,42902,42914,42917,3,,0
update,42913,42925,42927,2,,1
update,42924,42936,42939,3,,2
inbound,43000,43012,43016,4,,4
update,43000,43012,43017,5,,3
update,43011,43023,43026,3,,5
update,43022,43034,43036,2,,6
inbound,43025,43037,43040,3,,7
update,43033,43045,43047,2,,8
update,43044,43056,43059,3,,9
update,43055,43067,43071,4,,10
update,43066,43078,43081,3,,11
update,43077,43089,43092,3,,12
update,43088,43100,43103,3,,13
update,43099,43111,43114,3,,14
inbound,43100,43112,43115,3,,15
update,43110,43122,43125,3,,0
update,43121,43133,43136,3,,1
update,43132,43144,43146,2,,2
update,43143,43155,43157,2,,3
update,43154,43166,43169,3,,4
inbound,43155,43167,43170,3,,5
update,43165,43177,43179,2,,6
update,43176,43188,43191,3,,7
update,43187,43199,43202,3,,8
update,43198,43210,43213,3,,9
inbound,43200,43212,43216,4,,10
update,43209,43221,43224,3,,11
inbound,43210,43222,43226,4,,12
update,43220,43232,43234,2,,13
inbound,43225,43237,43239,2,,14
update,43231,43243,43246,3,,15
update,43242,43254,43257,3,,0
update,43253,43265,43267,2,,1
update,43264,43276,43279,3,,2
inbound,43265,43277,43281,4,,3
update,43275,43287,43289,2,,4
update,43286,43298,43301,3,,5
update,43297,43309,43312,3,,6
update,43308,43320,43323,3,,7
update,43319,43331,43334,3,,8
inbound,43320,43332,43336,4,,9
update,43330,43342,43345,3,,10
update,43341,43353,43356,3,,11
update,43352,43364,43367,3,,12
update,43363,43375,43378,3,,13
update,43374,43386,43389,3,,14
inbound,43375,43387,43391,4,,15
update,43385,43397,43400,3,,0
update,43396,43408,43411,3,,1
inbound,43400,43412,43415,3,,2
update,43407,43419,43422,3,,3
update,43418,43430,43432,2,,4
inbound,43425,43437,43440,3,,5
update,43429,43442,43445,3,,6
inbound,43430,43442,43445,3,,7
update,43440,43452,43455,3,,8
update,43451,43463,43465,2,,9
update,43462,43474,43477,3,,10
update,43473,43485,43488,3,,11
update,43484,43496,43499,3,,12
inbound,43485,43497,43500,3,,13
update,43495,43507,43511,4,,14
update,43506,43518,43521,3,,15
update,43517,43529,43532,3,,0
update,43528,43540,43545,5,,1
update,43539,43551,43555,4,,2
inbound,43540,43552,43557,5,,3
update,43550,43562,43565,3,,4
update,43561,43573,43576,3,,5
update,43572,43584,43587,3,,6
update,43583,43595,43598,3,,7
update,43594,43606,43610,4,,8
inbound,43595,43606,43610,4,,9
update,43605,43617,43620,3,,10
update,43616,43628,43631,3,,11
update,43627,43639,43641,2,,12
update,43638,43650,43653,3,,13
update,43649,43661,43664,3,,14
inbound,43650,43662,43665,3,,15
update,43660,43672,43674,2,,0
update,43671,43683,43686,3,,1
update,43682,43694,43698,4,,2
update,43693,43705,43708,3,,3
update,43704,43716,43719,3,,4
inbound,43705,43717,43720,3,,5
update,43715,43727,43730,3,,6
update,43726,43738,43742,4,,7
update,43737,43749,43753,4,,8
update,43748,43760,43764,4,,9
update,43759,43771,43776,5,,10
inbound,43760,43772,43777,5,,11
update,43770,43782,43787,5,,12
update,43781,43793,43796,3,,13
update,43792,43804,43807,3,,14
update,43803,43815,43818,3,,15
inbound,43815,43827,43829,2,,1
update,43814,43826,43830,4,,0
update,43825,43837,43840,3,,2
update,43836,43848,43851,3,,3
update,43847,43859,43861,2,,4
update,43858,43870,43873,3,,5
update,43869,43880,43883,3,,6
update,43880,43892,43897,5,,7
update,43891,43903,43906,3,,8
update,43902,43914,43917,3,,9
update,43913,43925,43928,3,,10
update,43924,43936,43938,2,,11
inbound,44000,44011,44015,4,,13
update,44000,44011,44016,5,,12
update,44011,44023,44026,3,,14
update,44022,44034,44037,3,,15
inbound,44025,44037,44039,2,,0
update,44033,44045,44048,3,,1
update,44044,44056,44059,3,,2
update,44055,44067,44070,3,,3
update,44066,44078,44080,2,,4
update,44077,44089,44093,4,,5
update,44088,44100,44102,2,,6
update,44099,44111,44114,3,,7
inbound,44100,44112,44115,3,,8
update,44110,44121,44124,3,,9
update,44121,44133,44135,2,,10
update,44132,44144,44147,3,,11
update,44143,44155,44159,4,,12
update,44154,44166,44169,3,,13
inbound,44155,44167,44170,3,,14
update,44165,44177,44180,3,,15
update,44176,44188,44191,3,,0
update,44187,44199,44201,2,,1
update,44198,44210,44212,2,,2
inbound,44200,44212,44215,3,,3
update,44209,44221,44224,3,,4
inbound,44210,44222,44225,3,,5
update,44220,44232,44234,2,,6
inbound,44225,44237,44240,3,,7
update,44231,44243,44246,3,,8
update,44242,44254,44257,3,,9
update,44253,44265,44268,3,,10
update,44264,44276,44279,3,,11
inbound,44265,44277,44280,3,,12
update,44275,44287,44290,3,,13
update,44286,44298,44300,2,,14
update,44297,44309,44312,3,,15
update,44308,44320,44323,3,,0
update,44319,44331,44334,3,,1
inbound,44320,44332,44335,3,,2
update,44330,44342,44345,3,,3
update,44341,44353,44356,3,,4
update,44352,44364,44367,3,,5
update,44363,44375,44377,2,,6
update,44374,44386,44390,4,,7
inbound,44375,44387,44390,3,,8
update,44385,44397,44400,3,,9
update,44396,44408,44411,3,,10
inbound,44400,44412,44415,3,,11
update,44407,44419,44422,3,,12
update,44418,44430,44432,2,,13
inbound,44425,44437,44439,2,,14
update,44429,44441,44444,3,,15
inbound,44430,44442,44445,3,,0
update,44440,44452,44455,3,,1
update,44451,44463,44466,3,,2
update,44462,44474,44478,4,,3
update,44473,44485,44488,3,,4
update,44484,44496,44499,3,,5
inbound,44485,44497,44500,3,,6
update,44495,44507,44510,3,,7
update,44506,44518,44520,2,,8
update,44517,44529,44532,3,,9
update,44528,44540,44544,4,,10
inbound,44540,44552,44557,5,,12
update,44539,44551,44557,6,,11
update,44550,44562,44565,3,,13
update,44561,44573,44576,3,,14
update,44572,44584,44586,2,,15
update,44583,44595,44598,3,,0
update,44594,44606,44609,3,,1
inbound,44595,44607,44609,2,,2
update,44605,44617,44620,3,,3
update,44616,44628,44631,3,,4
update,44627,44639,44641,2,,5
update,44638,44650,44653,3,,6
update,44649,44661,44664,3,,7
inbound,44650,44662,44665,3,,8
update,44660,44672,44675,3,,9
update,44671,44683,44685,2,,10
update,44682,44694,44698,4,,11
update,44693,44705,44707,2,,12
update,44704,44716,44720,4,,13
inbound,44705,44717,44720,3,,14
update,44715,44727,44730,3,,15
update,44726,44738,44741,3,,0
update,44737,44749,44752,3,,1
update,44748,44760,44763,3,,2
update,44759,44771,44775,4,,3
inbound,44760,44772,44775,3,,4
update,44770,44782,44785,3,,5
update,44781,44793,44797,4,,6
update,44792,44804,44807,3,,7
update,44803,44815,44818,3,,8
update,44814,44826,44829,3,,9
inbound,44815,44827,44829,2,,10
update,44825,44837,44841,4,,11
update,44836,44848,44851,3,,12
update,44847,44859,44861,2,,13
update,44858,44870,44873,3,,14
update,44869,44881,44884,3,,15
update,44880,44892,44895,3,,0
update,44891,44903,44906,3,,1
update,44902,44914,44917,3,,2
update,44913,44925,44928,3,,3
update,44924,44936,44940,4,,4
update,45000,45012,45015,3,,5
inbound,45000,45012,45017,5,,6
update,45011,45023,45027,4,,7
update,45022,45034,45037,3,,8
inbound,45025,45037,45039,2,,9
update,45033,45045,45048,3,,10
update,45044,45057,45059,2,,11
update,45055,45067,45071,4,,12
update,45066,45078,45082,4,,13
update,45077,45089,45092,3,,14
update,45088,45100,45103,3,,15
update,45099,45111,45114,3,,0
inbound,45100,45112,45115,3,,1
update,45110,45122,45125,3,,2
update,45121,45133,45135,2,,3
update,45132,45144,45148,4,,4
update,45143,45155,45157,2,,5
update,45154,45167,45169,2,,6
inbound,45155,45167,45170,3,,7
update,45165,45177,45179,2,,8
update,45176,45188,45190,2,,9
update,45187,45199,45202,3,,10
update,45198,45210,45213,3,,11
inbound,45200,45212,45215,3,,12
update,45209,45221,45224,3,,13
inbound,45210,45222,45225,3,,14
update,45220,45232,45235,3,,15
inbound,45225,45237,45239,2,,0
update,45231,45243,45247,4,,1
update,45242,45254,45257,3,,2
update,45253,45265,45267,2,,3
update,45264,45276,45279,3,,4
inbound,45265,45277,45279,2,,5
update,45275,45287,45289,2,,6
update,45286,45298,45301,3,,7
update,45297,45309,45311,2,,8
update,45308,45320,45323,3,,9
inbound,45320,45331,45334,3,,11
update,45319,45331,45334,3,,10
update,45330,45342,45344,2,,12
update,45341,45353,45355,2,,13
update,45352,45364,45367,3,,14
update,45363,45375,45378,3,,15
update,45374,45386,45389,3,,0
inbound,45375,45387,45390,3,,1
update,45385,45397,45399,2,,2
update,45396,45408,45410,2,,3
inbound,45400,45412,45415,3,,4
update,45407,45419,45422,3,,5
update,45418,45430,45432,2,,6
inbound,45425,45437,45440,3,,7
update,45429,45441,45444,3,,8
inbound,45430,45442,45445,3,,9
update,45440,45452,45455,3,,10
update,45451,45463,45466,3,,11
update,45462,45474,45476,2,,12
update,45473,45485,45487,2,,13
inbound,45485,45496,45501,5,,15
update,45484,45496,45501,5,,14
update,45495,45507,45509,2,,0
update,45506,45518,45520,2,,1
update,45517,45529,45532,3,,2
update,45528,45540,45544,4,,3
update,45539,45551,45554,3,,4
inbound,45540,45552,45556,4,,5
update,45550,45563,45565,2,,6
update,45561,45573,45577,4,,7
update,45572,45584,45588,4,,8
update,45583,45595,45603,8,,9
inbound,45595,45607,45612,5,,11
update,45594,45606,45612,6,,10
update,45605,45618,45623,5,,12
update,45616,45628,45634,6,,13
update,45627,45639,45644,5,,14
update,45638,45650,45653,3,,15
update,45649,45661,45664,3,,0
inbound,45650,45662,45665,3,,1
update,45660,45672,45675,3,,2
update,45671,45683,45686,3,,3
update,45682,45694,45697,3,,4
update,45693,45705,45708,3,,5
update,45704,45716,45719,3,,6
inbound,45705,45718,45721,3,,7
update,45715,45727,45729,2,,8
update,45726,45738,45740,2,,9
update,45737,45749,45751,2,,10
update,45748,45760,45763,3,,11
update,45759,45771,45774,3,,12
inbound,45760,45773,45775,2,,13
update,45770,45782,45784,2,,14
update,45781,45793,45796,3,,15
update,45792,45804,45807,3,,0
update,45803,45815,45818,3,,1
update,45814,45826,45829,3,,2
inbound,45815,45828,45830,2,,3
update,45825,45837,45840,3,,4
update,45836,45848,45851,3,,5
update,45847,45859,45862,3,,6
update,45858,45870,45873,3,,7
update,45869,45881,45884,3,,8
update,45880,45892,45894,2,,9
update,45891,45903,45905,2,,10
update,45902,45914,45916,2,,11
update,45913,45925,45928,3,,12
update,45924,45936,45940,4,,13
inbound,46000,46013,46016,3,,15
update,46000,46012,46016,4,,14
update,46011,46024,46026,2,,0
update,46022,46035,46037,2,,1
inbound,46025,46038,46040,2,,2
update,46033,46046,46049,3,,3
update,46044,46057,46060,3,,4
update,46055,46068,46071,3,,5
update,46066,46080,46083,3,,6
update,46077,46090,46093,3,,7
update,46088,46101,46103,2,,8
update,46099,46112,46116,4,,9
inbound,46100,46113,46116,3,,10
update,46110,46123,46126,3,,11
update,46121,46134,46137,3,,12
update,46132,46145,46148,3,,13
update,46143,46156,46159,3,,14
update,46154,46167,46170,3,,15
inbound,46155,46168,46172,4,,0
update,46165,46178,46181,3,,1
update,46176,46189,46192,3,,2
update,46187,46200,46203,3,,3
update,46198,46211,46214,3,,4
inbound,46200,46213,46216,3,,5
update,46209,46222,46226,4,,6
inbound,46210,46223,46227,4,,7
update,46220,46233,46236,3,,8
inbound,46225,46238,46241,3,,9
update,46231,46244,46246,2,,10
update,46242,46255,46259,4,,11
update,46253,46266,46270,4,,12
inbound,46265,46278,46281,3,,14
update,46264,46277,46284,7,,13
update,46275,46288,46291,3,,15
update,46286,46299,46305,6,,0
update,46297,46310,46315,5,,1
update,46308,46321,46324,3,,2
update,46319,46332,46335,3,,3
inbound,46320,46333,46336,3,,4
update,46330,46343,46346,3,,5
update,46341,46354,46357,3,,6
update,46352,46365,46368,3,,7
update,46363,46376,46379,3,,8
update,46374,46387,46391,4,,9
inbound,46375,46388,46391,3,,10
update,46385,46398,46401,3,,11
update,46396,46409,46412,3,,12
inbound,46400,46413,46416,3,,13
update,46407,46420,46423,3,,14
update,46418,46431,46433,2,,15
inbound,46425,46438,46441,3,,0
update,46429,46442,46445,3,,1
inbound,46430,46443,46446,3,,2
update,46440,46453,46456,3,,3
update,46451,46464,46467,3,,4
update,46462,46475,46478,3,,5
update,46473,46486,46489,3,,6
update,46484,46497,46500,3,,7
inbound,46485,46498,46502,4,,8
update,46495,46508,46511,3,,9
update,46506,46519,46521,2,,10
update,46517,46530,46532,2,,11
update,46528,46541,46545,4,,12
update,46539,46552,46556,4,,13
inbound,46540,46554,46558,4,,14
update,46550,46563,46566,3,,15
update,46561,46574,46579,5,,0
update,46572,46586,46588,2,,1
update,46583,46596,46598,2,,2
update,46594,46607,46610,3,,3
inbound,46595,46608,46611,3,,4
update,46605,46618,46621,3,,5
update,46616,46629,46632,3,,6
update,46627,46640,46643,3,,7
update,46638,46651,46654,3,,8
update,46649,46662,46666,4,,9
inbound,46650,46664,46666,2,,10
update,46660,46673,46676,3,,11
update,46671,46684,46686,2,,12
update,46682,46695,46698,3,,13
update,46693,46706,46709,3,,14
update,46704,46717,46721,4,,15
inbound,46705,46718,46722,4,,0
update,46715,46728,46731,3,,1
update,46726,46739,46742,3,,2
update,46737,46749,46752,3,,3
update,46748,46761,46764,3,,4
update,46759,46772,46776,4,,5
inbound,46760,46773,46777,4,,6
update,46770,46783,46786,3,,7
update,46781,46794,46799,5,,8
update,46792,46805,46808,3,,9
update,46803,46816,46819,3,,10
update,46814,46827,46831,4,,11
inbound,46815,46828,46831,3,,12
update,46825,46837,46840,3,,13
update,46836,46849,46855,6,,14
update,46847,46860,46863,3,,15
update,46858,46871,46874,3,,0
update,46869,46882,46886,4,,1
update,46880,46893,46896,3,,2
update,46891,46904,46907,3,,3
update,46902,46915,46918,3,,4
update,46913,46926,46928,2,,5
update,46924,46937,46940,3,,6
inbound,47000,47013,47017,4,,8
update,47000,47013,47021,8,,7
update,47011,47024,47026,2,,9
update,47022,47035,47038,3,,10
inbound,47025,47038,47040,2,,11
update,47033,47046,47048,2,,12
update,47044,47057,47060,3,,13
update,47055,47068,47071,3,,14
update,47066,47079,47081,2,,15
update,47077,47090,47093,3,,0
update,47088,47101,47103,2,,1
update,47099,47112,47115,3,,2
inbound,47100,47113,47116,3,,3
update,47110,47123,47126,3,,4
update,47121,47134,47137,3,,5
update,47132,47145,47148,3,,6
update,47143,47156,47158,2,,7
update,47154,47167,47169,2,,8
inbound,47155,47168,47172,4,,9
update,47165,47178,47182,4,,10
update,47176,47189,47191,2,,11
update,47187,47200,47202,2,,12
update,47198,47211,47213,2,,13
inbound,47200,47213,47216,3,,14
update,47209,47222,47225,3,,15
inbound,47210,47223,47227,4,,0
update,47220,47233,47235,2,,1
inbound,47225,47238,47240,2,,2
update,47231,47244,47247,3,,3
update,47242,47255,47261,6,,4
update,47253,47266,47270,4,,5
update,47264,47277,47282,5,,6
inbound,47265,47279,47282,3,,7
update,47275,47288,47292,4,,8
update,47286,47299,47303,4,,9
update,47297,47310,47315,5,,10
update,47308,47321,47324,3,,11
update,47319,47332,47336,4,,12
inbound,47320,47333,47338,5,,13
update,47330,47343,47346,3,,14
update,47341,47354,47357,3,,15
update,47352,47366,47370,4,,0
update,47363,47376,47381,5,,1
update,47374,47387,47391,4,,2
inbound,47375,47388,47391,3,,3
update,47385,47398,47401,3,,4
update,47396,47409,47411,2,,5
inbound,47400,47413,47415,2,,6
update,47407,47420,47423,3,,7
update,47418,47432,47435,3,,8
inbound,47425,47438,47441,3,,9
update,47429,47442,47444,2,,10
inbound,47430,47443,47446,3,,11
update,47440,47453,47455,2,,12
update,47451,47464,47468,4,,13
update,47462,47475,47479,4,,14
update,47473,47486,47490,4,,15
update,47484,47497,47501,4,,0
inbound,47485,47498,47502,4,,1
update,47495,47508,47511,3,,2
update,47506,47519,47522,3,,3
update,47517,47530,47533,3,,4
update,47528,47541,47544,3,,5
inbound,47540,47554,47557,3,,7
update,47539,47554,47561,7,,6
update,47550,47563,47566,3,,8
update,47561,47574,47577,3,,9
update,47572,47585,47588,3,,10
update,47583,47596,47600,4,,11
update,47594,47607,47610,3,,12
inbound,47595,47608,47611,3,,13
update,47605,47618,47622,4,,14
update,47616,47629,47632,3,,15
update,47627,47640,47643,3,,0
update,47638,47650,47653,3,,1
update,47649,47662,47666,4,,2
inbound,47650,47663,47666,3,,3
update,47660,47673,47676,3,,4
update,47671,47684,47687,3,,5
update,47682,47695,47698,3,,6
update,47693,47706,47710,4,,7
update,47704,47717,47721,4,,8
inbound,47705,47718,47722,4,,9
update,47715,47728,47731,3,,10
update,47726,47739,47742,3,,11
update,47737,47750,47753,3,,12
update,47748,47761,47765,4,,13
update,47759,47772,47775,3,,14
inbound,47760,47773,47775,2,,15
update,47770,47783,47787,4,,0
update,47781,47794,47797,3,,1
update,47792,47805,47808,3,,2
update,47803,47816,47818,2,,3
update,47814,47827,47831,4,,4
inbound,47815,47828,47831,3,,5
update,47825,47838,47841,3,,6
update,47836,47850,47852,2,,7
update,47847,47860,47863,3,,8
update,47858,47871,47875,4,,9
update,47869,47882,47884,2,,10
update,47880,47893,47896,3,,11
update,47891,47904,47907,3,,12
update,47902,47915,47917,2,,13
update,47913,47926,47931,5,,14
update,47924,47937,47940,3,,15
inbound,48000,48013,48016,3,,1
update,48000,48013,48017,4,,0
update,48011,48024,48027,3,,2
update,48022,48035,48038,3,,3
inbound,48025,48038,48040,2,,4
update,48033,48046,48049,3,,5
update,48044,48057,48060,3,,6
update,48055,48068,48070,2,,7
update,48066,48079,48081,2,,8
update,48077,48090,48094,4,,9
update,48088,48101,48104,3,,10
update,48099,48112,48116,4,,11
inbound,48100,48113,48116,3,,12
update,48110,48123,48125,2,,13
update,48121,48134,48137,3,,14
update,48132,48145,48149,4,,15
update,48143,48156,48159,3,,0
inbound,48155,48168,48171,3,,2
update,48154,48167,48172,5,,1
update,48165,48178,48180,2,,3
update,48176,48189,48192,3,,4
update,48187,48200,48202,2,,5
update,48198,48211,48214,3,,6
inbound,48200,48213,48216,3,,7
update,48209,48222,48225,3,,8
inbound,48210,48223,48226,3,,9
update,48220,48233,48236,3,,10
inbound,48225,48238,48241,3,,11
update,48231,48244,48247,3,,12
update,48242,48255,48258,3,,13
update,48253,48266,48269,3,,14
update,48264,48277,48280,3,,15
inbound,48265,48278,48281,3,,0
update,48275,48288,48291,3,,1
update,48286,48299,48302,3,,2
update,48297,48310,48313,3,,3
update,48308,48321,48323,2,,4
inbound,48320,48333,48336,3,,6
update,48319,48332,48336,4,,5
update,48330,48343,48346,3,,7
update,48341,48354,48357,3,,8
update,48352,48365,48368,3,,9
update,48363,48376,48379,3,,10
update,48374,48388,48391,3,,11
inbound,48375,48388,48392,4,,12
update,48385,48398,48401,3,,13
update,48396,48409,48411,2,,14
inbound,48400,48413,48415,2,,15
update,48407,48420,48423,3,,0
update,48418,48431,48434,3,,1
inbound,48425,48438,48441,3,,2
update,48429,48442,48446,4,,3
inbound,48430,48443,48447,4,,4
update,48440,48453,48455,2,,5
update,48451,48464,48467,3,,6
update,48462,48475,48477,2,,7
update,48473,48487,48490,3,,8
update,48484,48497,48500,3,,9
inbound,48485,48498,48501,3,,10
update,48495,48508,48510,2,,11
update,48506,48518,48521,3,,12
update,48517,48530,48532,2,,13
update,48528,48541,48546,5,,14
update,48539,48552,48561,9,,15
inbound,48540,48553,48563,10,,0
update,48550,48563,48576,13,,1
update,48561,48574,48582,8,,2
update,48572,48585,48587,2,,3
update,48583,48596,48599,3,,4
update,48594,48607,48611,4,,5
inbound,48595,48608,48612,4,,6
update,48605,48618,48621,3,,7
update,48616,48629,48632,3,,8
update,48627,48640,48642,2,,9
update,48638,48651,48654,3,,10
update,48649,48662,48666,4,,11
inbound,48650,48663,48667,4,,12
update,48660,48673,48676,3,,13
update,48671,48684,48687,3,,14
update,48682,48695,48697,2,,15
update,48693,48706,48709,3,,0
update,48704,48717,48720,3,,1
inbound,48705,48718,48721,3,,2
update,48715,48728,48731,3,,3
update,48726,48739,48742,3,,4
update,48737,48750,48754,4,,5
update,48748,48761,48764,3,,6
inbound,48760,48772,48774,2,,8
update,48759,48772,48775,3,,7
update,48770,48783,48786,3,,9
update,48781,48794,48797,3,,10
update,48792,48805,48808,3,,11
update,48803,48816,48819,3,,12
inbound,48815,48828,48830,2,,14
update,48814,48827,48830,3,,13
update,48825,48838,48841,3,,15
update,48836,48849,48852,3,,0
update,48847,48860,48863,3,,1
update,48858,48871,48874,3,,2
update,48869,48882,48885,3,,3
update,48880,48893,48896,3,,4
update,48891,48904,48907,3,,5
update,48902,48915,48918,3,,6
update,48913,48926,48929,3,,7
update,48924,48937,48940,3,,8
update,49000,49013,49016,3,,9
inbound,49000,49013,49016,3,,10
update,49011,49025,49028,3,,11
update,49022,49035,49037,2,,12
inbound,49025,49039,49041,2,,13
update,49033,49046,49049,3,,14
update,49044,49057,49059,2,,15
update,49055,49068,49070,2,,0
update,49066,49079,49082,3,,1
update,49077,49090,49093,3,,2
update,49088,49101,49104,3,,3
update,49099,49112,49115,3,,4
inbound,49100,49113,49116,3,,5
update,49110,49123,49125,2,,6
update,49121,49134,49136,2,,7
update,49132,49145,49148,3,,8
update,49143,49156,49159,3,,9
update,49154,49167,49170,3,,10
inbound,49155,49168,49171,3,,11
update,49165,49178,49181,3,,12
update,49176,49189,49192,3,,13
update,49187,49200,49203,3,,14
update,49198,49211,49215,4,,15
inbound,49200,49213,49216,3,,0
update,49209,49222,49226,4,,1
inbound,49210,49223,49226,3,,2
update,49220,49233,49236,3,,3
inbound,49225,49238,49240,2,,4
update,49231,49245,49247,2,,5
update,49242,49255,49257,2,,6
update,49253,49266,49270,4,,7
update,49264,49277,49280,3,,8
inbound,49265,49278,49282,4,,9
update,49275,49288,49290,2,,10
update,49286,49299,49301,2,,11
update,49297,49310,49312,2,,12
update,49308,49321,49324,3,,13
inbound,49320,49332,49335,3,,15
update,49319,49332,49336,4,,14
update,49330,49343,49345,2,,0
update,49341,49354,49357,3,,1
update,49352,49365,49368,3,,2
update,49363,49376,49379,3,,3
update,49374,49387,49390,3,,4
inbound,49375,49388,49391,3,,5
update,49385,49398,49400,2,,6
update,49396,49409,49412,3,,7
inbound,49400,49413,49415,2,,8
update,49407,49420,49423,3,,9
update,49418,49431,49434,3,,10
inbound,49425,49438,49441,3,,11
update,49429,49442,49444,2,,12
inbound,49430,49443,49446,3,,13
update,49440,49453,49456,3,,14
update,49451,49464,49466,2,,15
update,49462,49475,49478,3,,0
update,49473,49486,49489,3,,1
update,49484,49497,49500,3,,2
inbound,49485,49498,49501,3,,3
update,49495,49508,49511,3,,4
update,49506,49519,49522,3,,5
update,49517,49530,49533,3,,6
update,49528,49541,49544,3,,7
update,49539,49552,49555,3,,8
inbound,49540,49553,49556,3,,9
update,49550,49563,49566,3,,10
update,49561,49574,49577,3,,11
update,49572,49585,49588,3,,12
update,49583,49596,49598,2,,13
update,49594,49607,49610,3,,14
inbound,49595,49608,49611,3,,15
update,49605,49618,49620,2,,0
update,49616,49629,49632,3,,1
update,49627,49640,49643,3,,2
update,49638,49651,49654,3,,3
update,49649,49662,49665,3,,4
inbound,49650,49663,49666,3,,5
update,49660,49673,49679,6,,6
update,49671,49684,49688,4,,7
update,49682,49695,49699,4,,8
update,49693,49707,49710,3,,9
update,49704,49717,49720,3,,10
inbound,49705,49718,49723,5,,11
update,49715,49728,49732,4,,12
update,49726,49739,49742,3,,13
update,49737,49750,49754,4,,14
update,49748,49761,49765,4,,15
inbound,49760,49773,49776,3,,1
update,49759,49772,49776,4,,0
update,49770,49783,49786,3,,2
update,49781,49794,49798,4,,3
update,49792,49805,49808,3,,4
update,49803,49816,49819,3,,5
update,49814,49827,49831,4,,6
inbound,49815,49828,49831,3,,7
update,49825,49838,49841,3,,8
update,49836,49849,49852,3,,9
update,49847,49860,49862,2,,10
update,49858,49871,49874,3,,11
update,49869,49882,49885,3,,12
update,49880,49893,49896,3,,13
update,49891,49904,49907,3,,14
update,49902,49915,49917,2,,15
update,49913,49926,49928,2,,0
update,49924,49937,49939,2,,1
inbound,50000,50013,50017,4,,3
update,50000,50013,50018,5,,2
update,50011,50024,50027,3,,4
update,50022,50035,50038,3,,5
inbound,50025,50038,50041,3,,6
update,50033,50046,50049,3,,7
update,50044,50057,50060,3,,8
update,50055,50068,50071,3,,9
update,50066,50079,50082,3,,10
update,50077,50090,50094,4,,11
update,50088,50101,50103,2,,12
update,50099,50112,50115,3,,13
inbound,50100,50113,50116,3,,14
update,50110,50123,50126,3,,15
update,50121,50134,50137,3,,0
update,50132,50145,50148,3,,1
update,50143,50156,50160,4,,2
update,50154,50167,50172,5,,3
inbound,50155,50168,50172,4,,4
update,50165,50178,50181,3,,5
update,50176,50189,50191,2,,6
update,50187,50200,50204,4,,7
update,50198,50211,50215,4,,8
inbound,50200,50213,50216,3,,9
update,50209,50222,50226,4,,10
inbound,50210,50223,50226,3,,11
update,50220,50233,50237,4,,12
inbound,50225,50238,50241,3,,13
update,50231,50244,50247,3,,14
update,50242,50255,50258,3,,15
update,50253,50266,50270,4,,0
update,50264,50277,50282,5,,1
inbound,50265,50278,50285,7,,2
update,50275,50288,50295,7,,3
update,50286,50299,50303,4,,4
update,50297,50310,50314,4,,5
update,50308,50321,50326,5,,6
update,50319,50332,50337,5,,7
inbound,50320,50333,50338,5,,8
update,50330,50343,50347,4,,9
update,50341,50354,50359,5,,10
update,50352,50365,50369,4,,11
update,50363,50376,50379,3,,12
inbound,50375,50388,50393,5,,14
update,50374,50387,50395,8,,13
update,50385,50398,50405,7,,15
update,50396,50409,50415,6,,0
inbound,50400,50413,50419,6,,1
update,50407,50420,50424,4,,2
update,50418,50431,50434,3,,3
inbound,50425,50438,50442,4,,4
update,50429,50442,50448,6,,5
inbound,50430,50443,50449,6,,6
update,50440,50453,50457,4,,7
update,50451,50464,50467,3,,8
update,50462,50475,50477,2,,9
update,50473,50486,50489,3,,10
update,50484,50497,50500,3,,11
inbound,50485,50498,50501,3,,12
update,50495,50508,50511,3,,13
update,50506,50519,50522,3,,14
update,50517,50530,50533,3,,15
update,50528,50541,50544,3,,0
update,50539,50552,50556,4,,1
inbound,50540,50553,50556,3,,2
update,50550,50563,50566,3,,3
update,50561,50574,50580,6,,4
update,50572,50585,50589,4,,5
update,50583,50596,50600,4,,6
update,50594,50607,50610,3,,7
inbound,50595,50608,50613,5,,8
update,50605,50618,50621,3,,9
update,50616,50629,50632,3,,10
update,50627,50640,50643,3,,11
update,50638,50651,50653,2,,12
update,50649,50662,50667,5,,13
inbound,50650,50663,50667,4,,14
update,50660,50673,50676,3,,15
update,50671,50684,50687,3,,0
update,50682,50695,50698,3,,1
update,50693,50706,50709,3,,2
update,50704,50716,50720,4,,3
inbound,50705,50718,50721,3,,4
update,50715,50728,50731,3,,5
update,50726,50739,50742,3,,6
update,50737,50750,50753,3,,7
update,50748,50761,50764,3,,8
update,50759,50772,50777,5,,9
inbound,50760,50773,50778,5,,10
update,50770,50783,50787,4,,11
update,50781,50794,50798,4,,12
update,50792,50805,50808,3,,13
update,50803,50815,50818,3,,14
update,50814,50827,50830,3,,15
inbound,50815,50828,50831,3,,0
update,50825,50838,50840,2,,1
update,50836,50849,50852,3,,2
update,50847,50860,50862,2,,3
update,50858,50871,50874,3,,4
update,50869,50882,50885,3,,5
update,50880,50893,50896,3,,6
update,50891,50904,50907,3,,7
update,50902,50915,50919,4,,8
update,50913,50926,50929,3,,9
update,50924,50937,50940,3,,10
inbound,51000,51013,51017,4,,12
update,51000,51013,51018,5,,11
update,51011,51024,51026,2,,13
update,51022,51035,51038,3,,14
inbound,51025,51038,51041,3,,15
update,51033,51046,51049,3,,0
update,51044,51057,51059,2,,1
update,51055,51068,51070,2,,2
update,51066,51080,51083,3,,3
update,51077,51090,51093,3,,4
update,51088,51101,51104,3,,5
update,51099,51112,51116,4,,6
inbound,51100,51113,51117,4,,7
update,51110,51123,51126,3,,8
update,51121,51134,51137,3,,9
update,51132,51145,51148,3,,10
update,51143,51156,51158,2,,11
update,51154,51167,51171,4,,12
inbound,51155,51168,51172,4,,13
update,51165,51178,51181,3,,14
update,51176,51189,51193,4,,15
update,51187,51200,51203,3,,0
update,51198,51211,51215,4,,1
inbound,51200,51213,51217,4,,2
update,51209,51222,51226,4,,3
inbound,51210,51223,51226,3,,4
update,51220,51233,51235,2,,5
inbound,51225,51238,51241,3,,6
update,51231,51244,51246,2,,7
update,51242,51255,51258,3,,8
update,51253,51266,51269,3,,9
inbound,51265,51277,51281,4,,11
update,51264,51277,51282,5,,10
update,51275,51288,51292,4,,12
update,51286,51299,51301,2,,13
update,51297,51310,51313,3,,14
update,51308,51321,51324,3,,15
inbound,51320,51333,51336,3,,1
update,51319,51333,51336,3,,0
update,51330,51343,51346,3,,2
update,51341,51354,51357,3,,3
update,51352,51365,51368,3,,4
update,51363,51376,51379,3,,5
update,51374,51387,51390,3,,6
inbound,51375,51388,51391,3,,7
update,51385,51398,51400,2,,8
update,51396,51410,51413,3,,9
inbound,51400,51413,51415,2,,10
update,51407,51420,51423,3,,11
update,51418,51431,51435,4,,12
inbound,51425,51438,51441,3,,13
update,51429,51441,51445,4,,14
inbound,51430,51443,51446,3,,15
update,51440,51453,51455,2,,0
update,51451,51464,51467,3,,1
update,51462,51475,51478,3,,2
update,51473,51486,51488,2,,3
update,51484,51497,51501,4,,4
inbound,51485,51498,51502,4,,5
update,51495,51508,51512,4,,6
update,51506,51519,51521,2,,7
update,51517,51530,51533,3,,8
update,51528,51541,51544,3,,9
update,51539,51552,51557,5,,10
inbound,51540,51553,51557,4,,11
update,51550,51563,51566,3,,12
update,51561,51574,51576,2,,13
update,51572,51585,51592,7,,14
update,51583,51596,51599,3,,15
update,51594,51607,51611,4,,0
inbound,51595,51608,51612,4,,1
update,51605,51618,51622,4,,2
update,51616,51629,51632,3,,3
update,51627,51640,51642,2,,4
update,51638,51651,51654,3,,5
update,51649,51662,51666,4,,6
inbound,51650,51663,51667,4,,7
update,51660,51673,51675,2,,8
update,51671,51684,51687,3,,9
update,51682,51695,51698,3,,10
update,51693,51706,51708,2,,11
inbound,51705,51718,51721,3,,13
update,51704,51718,51721,3,,12
update,51715,51728,51730,2,,14
update,51726,51740,51742,2,,15
update,51737,51750,51752,2,,0
update,51748,51761,51764,3,,1
update,51759,51772,51775,3,,2
inbound,51760,51773,51776,3,,3
update,51770,51783,51786,3,,4
update,51781,51794,51797,3,,5
update,51792,51805,51808,3,,6
update,51803,51816,51819,3,,7
update,51814,51827,51830,3,,8
inbound,51815,51828,51830,2,,9
update,51825,51838,51840,2,,10
update,51836,51849,51852,3,,11
update,51847,51860,51864,4,,12
update,51858,51871,51874,3,,13
update,51869,51882,51885,3,,14
update,51880,51893,51896,3,,15
update,51891,51904,51907,3,,0
update,51902,51914,51918,4,,1
update,51913,51926,51929,3,,2
update,51924,51937,51940,3,,3
update,52000,52013,52018,5,,4
inbound,52000,52013,52018,5,,5
update,52011,52024,52027,3,,6
update,52022,52035,52038,3,,7
inbound,52025,52038,52041,3,,8
update,52033,52046,52049,3,,9
update,52044,52057,52060,3,,10
update,52055,52068,52071,3,,11
update,52066,52080,52082,2,,12
update,52077,52090,52093,3,,13
update,52088,52101,52104,3,,14
update,52099,52112,52116,4,,15
inbound,52100,52114,52117,3,,0
update,52110,52123,52126,3,,1
update,52121,52134,52137,3,,2
update,52132,52145,52148,3,,3
update,52143,52156,52159,3,,4
update,52154,52167,52170,3,,5
inbound,52155,52168,52171,3,,6
update,52165,52178,52181,3,,7
update,52176,52189,52192,3,,8
update,52187,52200,52202,2,,9
update,52198,52211,52215,4,,10
inbound,52200,52213,52216,3,,11
update,52209,52222,52226,4,,12
inbound,52210,52223,52226,3,,13
update,52220,52233,52236,3,,14
inbound,52225,52238,52240,2,,15
update,52231,52244,52246,2,,0
update,52242,52255,52258,3,,1
update,52253,52266,52269,3,,2
update,52264,52277,52280,3,,3
inbound,52265,52278,52281,3,,4
update,52275,52288,52291,3,,5
update,52286,52299,52302,3,,6
update,52297,52310,52313,3,,7
update,52308,52321,52324,3,,8
update,52319,52332,52335,3,,9
inbound,52320,52333,52337,4,,10
update,52330,52343,52346,3,,11
update,52341,52354,52357,3,,12
update,52352,52365,52368,3,,13
update,52363,52376,52379,3,,14
update,52374,52387,52391,4,,15
inbound,52375,52388,52392,4,,0
update,52385,52398,52401,3,,1
update,52396,52409,52413,4,,2
inbound,52400,52414,52416,2,,3
update,52407,52420,52423,3,,4
update,52418,52431,52435,4,,5
inbound,52425,52438,52442,4,,6
update,52429,52442,52445,3,,7
inbound,52430,52444,52447,3,,8
update,52440,52453,52456,3,,9
update,52451,52464,52466,2,,10
update,52462,52475,52478,3,,11
update,52473,52486,52488,2,,12
update,52484,52497,52504,7,,13
inbound,52485,52498,52504,6,,14
update,52495,52508,52516,8,,15
update,52506,52519,52523,4,,0
update,52517,52530,52533,3,,1
update,52528,52541,52544,3,,2
update,52539,52552,52555,3,,3
inbound,52540,52553,52556,3,,4
update,52550,52563,52566,3,,5
update,52561,52574,52577,3,,6
update,52572,52586,52591,5,,7
update,52583,52596,52599,3,,8
update,52594,52607,52609,2,,9
inbound,52595,52608,52611,3,,10
update,52605,52618,52621,3,,11
update,52616,52629,52632,3,,12
update,52627,52640,52643,3,,13
update,52638,52651,52654,3,,14
inbound,52650,52663,52666,3,,0
update,52649,52663,52666,3,,15
update,52660,52672,52675,3,,1
update,52671,52684,52688,4,,2
update,52682,52695,52698,3,,3
update,52693,52706,52709,3,,4
inbound,52705,52718,52720,2,,6
update,52704,52717,52721,4,,5
update,52715,52728,52730,2,,7
update,52726,52739,52742,3,,8
update,52737,52750,52753,3,,9
update,52748,52761,52764,3,,10
inbound,52760,52772,52774,2,,12
update,52759,52772,52775,3,,11
update,52770,52783,52786,3,,13
update,52781,52794,52797,3,,14
update,52792,52805,52808,3,,15
update,52803,52816,52819,3,,0
update,52814,52827,52831,4,,1
inbound,52815,52828,52832,4,,2
update,52825,52838,52841,3,,3
update,52836,52849,52852,3,,4
update,52847,52860,52863,3,,5
update,52858,52871,52874,3,,6
update,52869,52882,52885,3,,7
update,52880,52893,52895,2,,8
update,52891,52904,52906,2,,9
update,52902,52915,52918,3,,10
update,52913,52926,52929,3,,11
update,52924,52937,52940,3,,12
inbound,53000,53013,53016,3,,14
update,53000,53012,53016,4,,13
update,53011,53024,53027,3,,15
update,53022,53035,53038,3,,0
inbound,53025,53038,53040,2,,1
update,53033,53046,53049,3,,2
update,53044,53057,53060,3,,3
update,53055,53068,53071,3,,4
update,53066,53079,53081,2,,5
update,53077,53091,53093,2,,6
update,53088,53101,53104,3,,7
update,53099,53112,53115,3,,8
inbound,53100,53113,53116,3,,9
update,53110,53123,53126,3,,10
update,53121,53134,53137,3,,11
update,53132,53145,53148,3,,12
update,53143,53156,53159,3,,13
update,53154,53167,53170,3,,14
inbound,53155,53168,53171,3,,15
update,53165,53178,53180,2,,0
update,53176,53189,53191,2,,1
update,53187,53200,53203,3,,2
update,53198,53211,53214,3,,3
inbound,53200,53213,53216,3,,4
update,53209,53222,53225,3,,5
inbound,53210,53223,53226,3,,6
update,53220,53233,53236,3,,7
inbound,53225,53238,53241,3,,8
update,53231,53244,53247,3,,9
update,53242,53255,53258,3,,10
update,53253,53266,53268,2,,11
update,53264,53277,53280,3,,12
inbound,53265,53278,53281,3,,13
update,53275,53288,53291,3,,14
update,53286,53299,53302,3,,15
update,53297,53310,53313,3,,0
update,53308,53321,53324,3,,1
update,53319,53332,53335,3,,2
inbound,53320,53333,53336,3,,3
update,53330,53343,53346,3,,4
update,53341,53354,53357,3,,5
update,53352,53364,53367,3,,6
update,53363,53376,53379,3,,7
update,53374,53387,53390,3,,8
inbound,53375,53387,53391,4,,9
update,53385,53398,53401,3,,10
update,53396,53409,53412,3,,11
inbound,53400,53413,53416,3,,12
update,53407,53420,53422,2,,13
update,53418,53431,53434,3,,14
inbound,53425,53438,53440,2,,15
update,53429,53442,53444,2,,0
inbound,53430,53443,53446,3,,1
update,53440,53453,53456,3,,2
update,53451,53464,53467,3,,3
update,53462,53475,53478,3,,4
update,53473,53486,53489,3,,5
update,53484,53497,53501,4,,6
inbound,53485,53498,53501,3,,7
update,53495,53508,53511,3,,8
update,53506,53519,53522,3,,9
update,53517,53530,53533,3,,10
update,53528,53541,53544,3,,11
update,53539,53552,53555,3,,12
inbound,53540,53553,53556,3,,13
update,53550,53563,53566,3,,14
update,53561,53574,53577,3,,15
update,53572,53585,53587,2,,0
update,53583,53597,53600,3,,1
update,53594,53607,53610,3,,2
inbound,53595,53608,53611,3,,3
update,53605,53618,53622,4,,4
update,53616,53629,53632,3,,5
update,53627,53640,53643,3,,6
update,53638,53651,53654,3,,7
update,53649,53662,53666,4,,8
inbound,53650,53663,53667,4,,9
update,53660,53673,53676,3,,10
update,53671,53684,53687,3,,11
update,53682,53695,53698,3,,12
update,53693,53706,53709,3,,13
update,53704,53717,53720,3,,14
inbound,53705,53718,53721,3,,15
update,53715,53728,53731,3,,0
update,53726,53739,53742,3,,1
update,53737,53750,53753,3,,2
update,53748,53761,53764,3,,3
update,53759,53772,53775,3,,4
inbound,53760,53773,53776,3,,5
update,53770,53783,53786,3,,6
update,53781,53794,53799,5,,7
update,53792,53805,53808,3,,8
update,53803,53816,53820,4,,9
inbound,53815,53828,53830,2,,11
update,53814,53828,53832,4,,10
update,53825,53838,53841,3,,12
update,53836,53849,53852,3,,13
update,53847,53860,53863,3,,14
update,53858,53871,53874,3,,15
update,53869,53882,53885,3,,0
update,53880,53893,53896,3,,1
update,53891,53904,53907,3,,2
update,53902,53915,53918,3,,3
update,53913,53926,53929,3,,4
update,53924,53937,53940,3,,5
update,54000,54013,54017,4,,6
inbound,54000,54013,54019,6,,7
update,54011,54024,54027,3,,8
update,54022,54035,54038,3,,9
inbound,54025,54038,54041,3,,10
update,54033,54046,54049,3,,11
update,54044,54057,54060,3,,12
update,54055,54068,54070,2,,13
update,54066,54079,54082,3,,14
update,54077,54090,54094,4,,15
update,54088,54101,54104,3,,0
update,54099,54112,54116,4,,1
inbound,54100,54113,54117,4,,2
update,54110,54123,54126,3,,3
update,54121,54134,54137,3,,4
update,54132,54145,54148,3,,5
update,54143,54156,54159,3,,6
update,54154,54167,54170,3,,7
inbound,54155,54168,54171,3,,8
update,54165,54178,54181,3,,9
update,54176,54189,54192,3,,10
update,54187,54200,54203,3,,11
update,54198,54211,54214,3,,12
inbound,54200,54213,54216,3,,13
update,54209,54222,54226,4,,14
inbound,54210,54223,54229,6,,15
update,54220,54233,54235,2,,0
inbound,54225,54238,54240,2,,1
update,54231,54245,54248,3,,2
update,54242,54255,54258,3,,3
update,54253,54266,54269,3,,4
update,54264,54277,54281,4,,5
inbound,54265,54278,54281,3,,6
update,54275,54288,54291,3,,7
update,54286,54299,54303,4,,8
update,54297,54310,54313,3,,9
update,54308,54320,54323,3,,10
update,54319,54332,54336,4,,11
inbound,54320,54332,54336,4,,12
update,54330,54343,54346,3,,13
update,54341,54354,54356,2,,14
update,54352,54365,54368,3,,15
update,54363,54376,54379,3,,0
update,54374,54387,54390,3,,1
inbound,54375,54388,54391,3,,2
update,54385,54398,54401,3,,3
update,54396,54409,54412,3,,4
inbound,54400,54413,54416,3,,5
update,54407,54420,54423,3,,6
update,54418,54431,54434,3,,7
inbound,54425,54438,54442,4,,8
update,54429,54442,54447,5,,9
inbound,54430,54443,54447,4,,10
update,54440,54453,54456,3,,11
update,54451,54464,54468,4,,12
update,54462,54475,54477,2,,13
update,54473,54486,54490,4,,14
update,54484,54497,54500,3,,15
inbound,54485,54498,54502,4,,0
update,54495,54508,54511,3,,1
update,54506,54519,54521,2,,2
update,54517,54530,54533,3,,3
update,54528,54541,54544,3,,4
update,54539,54552,54555,3,,5
inbound,54540,54553,54556,3,,6
update,54550,54563,54567,4,,7
update,54561,54574,54577,3,,8
update,54572,54585,54588,3,,9
update,54583,54596,54601,5,,10
update,54594,54607,54614,7,,11
inbound,54595,54608,54614,6,,12
update,54605,54618,54621,3,,13
update,54616,54629,54633,4,,14
update,54627,54640,54643,3,,15
update,54638,54651,54654,3,,0
update,54649,54662,54665,3,,1
inbound,54650,54663,54666,3,,2
update,54660,54673,54676,3,,3
update,54671,54684,54687,3,,4
update,54682,54695,54698,3,,5
update,54693,54706,54709,3,,6
update,54704,54717,54721,4,,7
inbound,54705,54718,54722,4,,8
update,54715,54728,54731,3,,9
update,54726,54739,54742,3,,10
update,54737,54750,54753,3,,11
update,54748,54761,54764,3,,12
inbound,54760,54773,54775,2,,14
update,54759,54772,54775,3,,13
update,54770,54783,54787,4,,15
update,54781,54794,54797,3,,0
update,54792,54805,54808,3,,1
update,54803,54816,54820,4,,2
inbound,54815,54827,54831,4,,4
update,54814,54827,54831,4,,3
update,54825,54838,54841,3,,5
update,54836,54849,54852,3,,6
update,54847,54860,54863,3,,7
update,54858,54871,54874,3,,8
update,54869,54882,54885,3,,9
update,54880,54893,54897,4,,10
update,54891,54904,54907,3,,11
update,54902,54915,54918,3,,12
update,54913,54926,54930,4,,13
update,54924,54937,54940,3,,14
update,55000,55013,55017,4,,15
inbound,55000,55013,55017,4,,0
update,55011,55024,55026,2,,1
update,55022,55035,55038,3,,2
inbound,55025,55038,55041,3,,3
update,55033,55046,55049,3,,4
update,55044,55057,55060,3,,5
update,55055,55068,55071,3,,6
update,55066,55079,55082,3,,7
update,55077,55090,55093,3,,8
update,55088,55101,55104,3,,9
update,55099,55112,55117,5,,10
inbound,55100,55113,55118,5,,11
update,55110,55123,55127,4,,12
update,55121,55134,55138,4,,13
update,55132,55145,55148,3,,14
update,55143,55156,55158,2,,15
update,55154,55166,55170,4,,0
inbound,55155,55168,55172,4,,1
update,55165,55178,55181,3,,2
update,55176,55189,55191,2,,3
update,55187,55200,55203,3,,4
update,55198,55211,55214,3,,5
inbound,55200,55213,55216,3,,6
update,55209,55222,55226,4,,7
inbound,55210,55223,55227,4,,8
update,55220,55233,55236,3,,9
inbound,55225,55238,55241,3,,10
update,55231,55244,55246,2,,11
update,55242,55255,55258,3,,12
update,55253,55266,55270,4,,13
update,55264,55277,55281,4,,14
inbound,55265,55278,55281,3,,15
update,55275,55288,55291,3,,0
update,55286,55299,55302,3,,1
update,55297,55310,55314,4,,2
update,55308,55321,55324,3,,3
update,55319,55332,55334,2,,4
inbound,55320,55333,55336,3,,5
update,55330,55343,55345,2,,6
update,55341,55354,55357,3,,7
update,55352,55365,55368,3,,8
update,55363,55376,55379,3,,9
update,55374,55387,55391,4,,10
inbound,55375,55388,55391,3,,11
update,55385,55398,55401,3,,12
update,55396,55409,55412,3,,13
inbound,55400,55413,55416,3,,14
update,55407,55420,55423,3,,15
update,55418,55431,55433,2,,0
inbound,55425,55438,55441,3,,1
inbound,55430,55443,55446,3,,3
update,55429,55442,55446,4,,2
update,55440,55453,55456,3,,4
update,55451,55464,55467,3,,5
update,55462,55475,55478,3,,6
update,55473,55486,55490,4,,7
update,55484,55497,55501,4,,8
inbound,55485,55498,55502,4,,9
update,55495,55508,55511,3,,10
update,55506,55519,55521,2,,11
update,55517,55530,55533,3,,12
update,55528,55541,55543,2,,13
update,55539,55552,55556,4,,14
inbound,55540,55553,55556,3,,15
update,55550,55563,55566,3,,0
update,55561,55574,55577,3,,1
update,55572,55585,55587,2,,2
update,55583,55596,55601,5,,3
update,55594,55607,55610,3,,4
inbound,55595,55608,55614,6,,5
update,55605,55618,55623,5,,6
update,55616,55629,55634,5,,7
update,55627,55640,55642,2,,8
update,55638,55651,55655,4,,9
update,55649,55662,55665,3,,10
inbound,55650,55663,55668,5,,11
update,55660,55673,55677,4,,12
update,55671,55684,55688,4,,13
update,55682,55695,55700,5,,14
update,55693,55706,55708,2,,15
inbound,55705,55718,55724,6,,1
update,55704,55717,55724,7,,0
update,55715,55728,55731,3,,2
update,55726,55739,55742,3,,3
update,55737,55750,55753,3,,4
update,55748,55761,55764,3,,5
update,55759,55772,55775,3,,6
inbound,55760,55773,55775,2,,7
update,55770,55783,55786,3,,8
update,55781,55794,55797,3,,9
update,55792,55805,55808,3,,10
update,55803,55816,55819,3,,11
update,55814,55827,55830,3,,12
inbound,55815,55828,55831,3,,13
update,55825,55838,55840,2,,14
update,55836,55849,55852,3,,15
update,55847,55860,55864,4,,0
update,55858,55871,55874,3,,1
update,55869,55882,55885,3,,2
update,55880,55893,55896,3,,3
update,55891,55904,55907,3,,4
update,55902,55915,55917,2,,5
update,55913,55926,55929,3,,6
update,55924,55937,55939,2,,7
update,56000,56013,56016,3,,8
inbound,56000,56013,56017,4,,9
update,56011,56024,56027,3,,10
update,56022,56035,56038,3,,11
inbound,56025,56038,56041,3,,12
update,56033,56046,56048,2,,13
update,56044,56057,56060,3,,14
update,56055,56068,56071,3,,15
update,56066,56079,56081,2,,0
update,56077,56090,56092,2,,1
update,56088,56101,56105,4,,2
update,56099,56112,56116,4,,3
inbound,56100,56113,56116,3,,4
update,56110,56123,56126,3,,5
update,56121,56134,56136,2,,6
update,56132,56145,56147,2,,7
update,56143,56156,56158,2,,8
update,56154,56167,56170,3,,9
inbound,56155,56168,56171,3,,10
update,56165,56178,56181,3,,11
update,56176,56189,56192,3,,12
update,56187,56200,56203,3,,13
update,56198,56211,56214,3,,14
inbound,56200,56213,56216,3,,15
update,56209,56222,56225,3,,0
inbound,56210,56223,56227,4,,1
update,56220,56233,56235,2,,2
inbound,56225,56238,56241,3,,3
update,56231,56244,56247,3,,4
update,56242,56255,56258,3,,5
update,56253,56266,56269,3,,6
update,56264,56277,56280,3,,7
inbound,56265,56278,56282,4,,8
update,56275,56288,56291,3,,9
update,56286,56299,56301,2,,10
update,56297,56310,56314,4,,11
update,56308,56321,56325,4,,12
update,56319,56332,56337,5,,13
inbound,56320,56333,56339,6,,14
update,56330,56343,56347,4,,15
update,56341,56354,56357,3,,0
update,56352,56365,56368,3,,1
update,56363,56376,56379,3,,2
update,56374,56387,56390,3,,3
inbound,56375,56388,56392,4,,4
update,56385,56398,56400,2,,5
update,56396,56409,56412,3,,6
inbound,56400,56413,56416,3,,7
update,56407,56420,56423,3,,8
update,56418,56431,56434,3,,9
inbound,56425,56438,56441,3,,10
update,56429,56442,56446,4,,11
inbound,56430,56443,56446,3,,12
update,56440,56453,56456,3,,13
update,56451,56464,56467,3,,14
update,56462,56475,56478,3,,15
update,56473,56486,56488,2,,0
update,56484,56496,56500,4,,1
inbound,56485,56498,56501,3,,2
update,56495,56508,56511,3,,3
update,56506,56519,56521,2,,4
update,56517,56530,56532,2,,5
update,56528,56541,56544,3,,6
update,56539,56552,56555,3,,7
inbound,56540,56553,56555,2,,8
update,56550,56563,56566,3,,9
update,56561,56574,56577,3,,10
update,56572,56585,56588,3,,11
update,56583,56596,56598,2,,12
update,56594,56607,56611,4,,13
inbound,56595,56609,56614,5,,14
update,56605,56620,56623,3,,15
update,56616,56629,56632,3,,0
update,56627,56640,56643,3,,1
update,56638,56651,56653,2,,2
update,56649,56662,56665,3,,3
inbound,56650,56663,56666,3,,4
update,56660,56673,56675,2,,5
update,56671,56684,56687,3,,6
update,56682,56695,56698,3,,7
update,56693,56706,56709,3,,8
update,56704,56716,56719,3,,9
inbound,56705,56718,56721,3,,10
update,56715,56728,56730,2,,11
update,56726,56739,56741,2,,12
update,56737,56750,56753,3,,13
update,56748,56761,56764,3,,14
inbound,56760,56773,56774,1,,0
update,56759,56772,56775,3,,15
update,56770,56783,56786,3,,1
update,56781,56794,56797,3,,2
update,56792,56805,56808,3,,3
update,56803,56816,56819,3,,4
inbound,56815,56828,56830,2,,6
update,56814,56827,56831,4,,5
update,56825,56838,56841,3,,7
update,56836,56849,56852,3,,8
update,56847,56860,56862,2,,9
update,56858,56871,56874,3,,10
update,56869,56882,56886,4,,11
update,56880,56893,56897,4,,12
update,56891,56904,56907,3,,13
update,56902,56915,56920,5,,14
update,56913,56926,56930,4,,15
update,56924,56937,56940,3,,0
update,57000,57013,57016,3,,1
inbound,57000,57014,57018,4,,2
update,57011,57024,57028,4,,3
update,57022,57035,57038,3,,4
inbound,57025,57039,57042,3,,5
update,57033,57046,57049,3,,6
update,57044,57057,57062,5,,7
update,57055,57068,57071,3,,8
update,57066,57079,57081,2,,9
update,57077,57090,57092,2,,10
update,57088,57101,57104,3,,11
update,57099,57112,57116,4,,12
inbound,57100,57114,57117,3,,13
update,57110,57123,57126,3,,14
update,57121,57134,57137,3,,15
update,57132,57145,57148,3,,0
update,57143,57156,57159,3,,1
update,57154,57167,57170,3,,2
inbound,57155,57169,57171,2,,3
update,57165,57178,57181,3,,4
update,57176,57189,57192,3,,5
update,57187,57200,57203,3,,6
update,57198,57211,57214,3,,7
inbound,57200,57214,57216,2,,8
update,57209,57222,57225,3,,9
inbound,57210,57224,57226,2,,10
update,57220,57233,57236,3,,11
inbound,57225,57239,57242,3,,12
update,57231,57244,57246,2,,13
update,57242,57255,57258,3,,14
update,57253,57266,57268,2,,15
update,57264,57277,57280,3,,0
inbound,57265,57279,57281,2,,1
update,57275,57288,57291,3,,2
update,57286,57299,57302,3,,3
update,57297,57310,57313,3,,4
update,57308,57321,57323,2,,5
update,57319,57332,57336,4,,6
inbound,57320,57334,57337,3,,7
update,57330,57343,57346,3,,8
update,57341,57354,57356,2,,9
update,57352,57365,57368,3,,10
update,57363,57376,57378,2,,11
update,57374,57387,57390,3,,12
inbound,57375,57389,57393,4,,13
update,57385,57398,57401,3,,14
update,57396,57409,57412,3,,15
inbound,57400,57414,57417,3,,0
update,57407,57420,57423,3,,1
update,57418,57431,57434,3,,2
inbound,57425,57439,57442,3,,3
update,57429,57442,57449,7,,4
inbound,57430,57444,57449,5,,5
update,57440,57453,57457,4,,6
update,57451,57464,57467,3,,7
update,57462,57475,57478,3,,8
update,57473,57486,57489,3,,9
update,57484,57497,57500,3,,10
inbound,57485,57499,57502,3,,11
update,57495,57508,57511,3,,12
update,57506,57519,57521,2,,13
update,57517,57530,57532,2,,14
update,57528,57541,57544,3,,15
update,57539,57552,57554,2,,0
inbound,57540,57554,57556,2,,1
update,57550,57563,57565,2,,2
update,57561,57574,57576,2,,3
update,57572,57585,57588,3,,4
update,57583,57596,57598,2,,5
update,57594,57607,57610,3,,6
inbound,57595,57609,57612,3,,7
update,57605,57618,57621,3,,8
update,57616,57630,57632,2,,9
update,57627,57641,57644,3,,10
update,57638,57652,57654,2,,11
update,57649,57663,57665,2,,12
inbound,57650,57664,57667,3,,13
update,57660,57674,57676,2,,14
update,57671,57685,57688,3,,15
update,57682,57696,57699,3,,0
update,57693,57707,57710,3,,1
update,57704,57718,57722,4,,2
inbound,57705,57719,57723,4,,3
update,57715,57729,57732,3,,4
update,57726,57740,57743,3,,5
update,57737,57751,57754,3,,6
update,57748,57762,57765,3,,7
inbound,57760,57775,57777,2,,9
update,57759,57773,57777,4,,8
update,57770,57784,57787,3,,10
update,57781,57795,57797,2,,11
update,57792,57806,57809,3,,12
update,57803,57817,57820,3,,13
inbound,57815,57828,57830,2,,15
update,57814,57828,57831,3,,14
update,57825,57839,57842,3,,0
update,57836,57850,57854,4,,1
update,57847,57861,57864,3,,2
update,57858,57872,57877,5,,3
update,57869,57883,57886,3,,4
update,57880,57894,57896,2,,5
update,57891,57905,57908,3,,6
update,57902,57916,57919,3,,7
update,57913,57927,57930,3,,8
update,57924,57938,57941,3,,9
inbound,58000,58014,58018,4,,11
update,58000,58014,58021,7,,10
update,58011,58025,58028,3,,12
update,58022,58036,58038,2,,13
inbound,58025,58039,58041,2,,14
update,58033,58047,58050,3,,15
update,58044,58058,58060,2,,0
update,58055,58069,58073,4,,1
update,58066,58080,58083,3,,2
update,58077,58091,58094,3,,3
update,58088,58102,58105,3,,4
update,58099,58113,58117,4,,5
inbound,58100,58114,58118,4,,6
update,58110,58124,58127,3,,7
update,58121,58135,58138,3,,8
update,58132,58146,58149,3,,9
update,58143,58157,58160,3,,10
update,58154,58168,58172,4,,11
inbound,58155,58169,58173,4,,12
update,58165,58179,58182,3,,13
update,58176,58190,58192,2,,14
update,58187,58200,58204,4,,15
update,58198,58212,58216,4,,0
inbound,58200,58214,58217,3,,1
update,58209,58223,58226,3,,2
inbound,58210,58224,58229,5,,3
update,58220,58234,58237,3,,4
inbound,58225,58239,58242,3,,5
update,58231,58245,58247,2,,6
update,58242,58256,58259,3,,7
update,58253,58266,58269,3,,8
update,58264,58278,58281,3,,9
inbound,58265,58279,58282,3,,10
update,58275,58289,58291,2,,11
update,58286,58300,58303,3,,12
update,58297,58311,58314,3,,13
update,58308,58322,58326,4,,14
update,58319,58333,58337,4,,15
inbound,58320,58335,58339,4,,0
update,58330,58344,58347,3,,1
update,58341,58355,58358,3,,2
update,58352,58366,58369,3,,3
update,58363,58377,58379,2,,4
update,58374,58388,58391,3,,5
inbound,58375,58389,58393,4,,6
update,58385,58399,58402,3,,7
update,58396,58410,58414,4,,8
inbound,58400,58414,58417,3,,9
update,58407,58421,58424,3,,10
update,58418,58432,58435,3,,11
inbound,58425,58439,58442,3,,12
update,58429,58443,58446,3,,13
inbound,58430,58444,58448,4,,14
update,58440,58454,58457,3,,15
update,58451,58465,58468,3,,0
update,58462,58476,58479,3,,1
update,58473,58487,58490,3,,2
update,58484,58498,58501,3,,3
inbound,58485,58499,58502,3,,4
update,58495,58509,58512,3,,5
update,58506,58520,58523,3,,6
update,58517,58531,58535,4,,7
update,58528,58542,58546,4,,8
update,58539,58553,58557,4,,9
inbound,58540,58554,58557,3,,10
update,58550,58564,58566,2,,11
update,58561,58575,58577,2,,12
update,58572,58586,58589,3,,13
update,58583,58597,58601,4,,14
update,58594,58608,58612,4,,15
inbound,58595,58609,58613,4,,0
update,58605,58619,58629,10,,1
update,58616,58630,58633,3,,2
update,58627,58641,58644,3,,3
update,58638,58652,58655,3,,4
update,58649,58663,58667,4,,5
inbound,58650,58664,58668,4,,6
update,58660,58674,58677,3,,7
update,58671,58685,58688,3,,8
update,58682,58696,58699,3,,9
update,58693,58707,58710,3,,10
update,58704,58718,58722,4,,11
inbound,58705,58719,58723,4,,12
update,58715,58728,58731,3,,13
update,58726,58740,58743,3,,14
update,58737,58751,58754,3,,15
update,58748,58762,58765,3,,0
update,58759,58773,58776,3,,1
inbound,58760,58774,58776,2,,2
update,58770,58784,58788,4,,3
update,58781,58795,58797,2,,4
update,58792,58806,58808,2,,5
update,58803,58817,58820,3,,6
update,58814,58828,58831,3,,7
inbound,58815,58829,58832,3,,8
update,58825,58839,58842,3,,9
update,58836,58850,58853,3,,10
update,58847,58861,58865,4,,11
update,58858,58871,58874,3,,12
update,58869,58883,58886,3,,13
update,58880,58894,58897,3,,14
update,58891,58905,58908,3,,15
update,58902,58916,58919,3,,0
update,58913,58927,58930,3,,1
update,58924,58938,58941,3,,2
inbound,59000,59014,59017,3,,4
update,59000,59014,59017,3,,3
update,59011,59025,59027,2,,5
update,59022,59036,59038,2,,6
inbound,59025,59039,59042,3,,7
update,59033,59047,59050,3,,8
update,59044,59058,59061,3,,9
update,59055,59069,59072,3,,10
update,59066,59080,59084,4,,11
update,59077,59091,59094,3,,12
update,59088,59102,59105,3,,13
update,59099,59113,59116,3,,14
inbound,59100,59114,59118,4,,15
update,59110,59124,59127,3,,0
update,59121,59135,59138,3,,1
update,59132,59146,59148,2,,2
update,59143,59157,59161,4,,3
update,59154,59168,59171,3,,4
inbound,59155,59169,59173,4,,5
update,59165,59179,59182,3,,6
update,59176,59190,59193,3,,7
update,59187,59201,59204,3,,8
update,59198,59211,59215,4,,9
inbound,59200,59214,59217,3,,10
update,59209,59223,59226,3,,11
inbound,59210,59224,59228,4,,12
update,59220,59234,59237,3,,13
inbound,59225,59239,59242,3,,14
update,59231,59245,59248,3,,15
update,59242,59256,59259,3,,0
update,59253,59267,59269,2,,1
update,59264,59278,59281,3,,2
inbound,59265,59279,59282,3,,3
update,59275,59289,59291,2,,4
update,59286,59301,59303,2,,5
update,59297,59311,59313,2,,6
update,59308,59322,59326,4,,7
update,59319,59333,59337,4,,8
inbound,59320,59335,59340,5,,9
update,59330,59344,59347,3,,10
update,59341,59355,59358,3,,11
update,59352,59366,59369,3,,12
update,59363,59377,59380,3,,13
inbound,59375,59389,59392,3,,15
update,59374,59388,59392,4,,14
update,59385,59399,59402,3,,0
update,59396,59410,59414,4,,1
inbound,59400,59414,59417,3,,2
update,59407,59421,59425,4,,3
update,59418,59432,59435,3,,4
inbound,59425,59439,59442,3,,5
update,59429,59443,59445,2,,6
inbound,59430,59444,59448,4,,7
update,59440,59454,59458,4,,8
update,59451,59465,59469,4,,9
update,59462,59476,59479,3,,10
update,59473,59487,59490,3,,11
update,59484,59498,59501,3,,12
inbound,59485,59499,59502,3,,13
update,59495,59509,59512,3,,14
update,59506,59520,59523,3,,15
update,59517,59531,59535,4,,0
update,59528,59542,59546,4,,1
update,59539,59553,59557,4,,2
inbound,59540,59554,59558,4,,3
update,59550,59564,59566,2,,4
update,59561,59575,59579,4,,5
update,59572,59587,59590,3,,6
update,59583,59597,59600,3,,7
update,59594,59608,59612,4,,8
inbound,59595,59609,59613,4,,9
update,59605,59619,59623,4,,10
update,59616,59629,59635,6,,11
update,59627,59641,59644,3,,12
update,59638,59652,59654,2,,13
update,59649,59663,59667,4,,14
inbound,59650,59665,59670,5,,15
update,59660,59674,59677,3,,0
update,59671,59685,59688,3,,1
update,59682,59696,59699,3,,2
update,59693,59707,59710,3,,3
update,59704,59718,59721,3,,4
inbound,59705,59719,59723,4,,5
update,59715,59729,59732,3,,6
update,59726,59740,59743,3,,7
update,59737,59751,59754,3,,8
update,59748,59762,59766,4,,9
inbound,59760,59775,59778,3,,11
update,59759,59773,59778,5,,10
update,59770,59783,59788,5,,12
update,59781,59795,59799,4,,13
update,59792,59806,59810,4,,14
update,59803,59817,59820,3,,15
update,59814,59828,59834,6,,0
inbound,59815,59829,59834,5,,1
update,59825,59839,59843,4,,2
update,59836,59850,59855,5,,3
update,59847,59861,59867,6,,4
update,59858,59872,59879,7,,5
update,59869,59884,59889,5,,6
update,59880,59894,59898,4,,7
update,59891,59905,59909,4,,8
update,59902,59916,59919,3,,9
update,59913,59927,59930,3,,10
update,59924,59938,59940,2,,11
inbound,60000,60014,60018,4,,13
update,60000,60014,60018,4,,12
update,60011,60025,60028,3,,14
update,60022,60036,60040,4,,15
inbound,60025,60039,60042,3,,0
update,60033,60047,60050,3,,1
update,60044,60058,60062,4,,2
update,60055,60069,60072,3,,3
update,60066,60080,60083,3,,4
update,60077,60091,60095,4,,5
update,60088,60102,60105,3,,6
update,60099,60113,60117,4,,7
inbound,60100,60114,60117,3,,8
update,60110,60124,60127,3,,9
update,60121,60135,60138,3,,10
update,60132,60146,60149,3,,11
update,60143,60157,60160,3,,12
update,60154,60168,60172,4,,13
inbound,60155,60169,60173,4,,14
update,60165,60179,60182,3,,15
update,60176,60190,60192,2,,0
update,60187,60201,60204,3,,1
update,60198,60212,60219,7,,2
inbound,60200,60214,60221,7,,3
update,60209,60223,60227,4,,4
inbound,60210,60224,60228,4,,5
update,60220,60234,60237,3,,6
inbound,60225,60239,60242,3,,7
update,60231,60245,60248,3,,8
update,60242,60256,60259,3,,9
update,60253,60267,60270,3,,10
inbound,60265,60278,60282,4,,12
update,60264,60278,60282,4,,11
update,60275,60289,60292,3,,13
update,60286,60300,60302,2,,14
update,60297,60311,60314,3,,15
update,60308,60322,60325,3,,0
inbound,60320,60334,60340,6,,2
update,60319,60333,60340,7,,1
update,60330,60344,60346,2,,3
update,60341,60355,60358,3,,4
update,60352,60366,60369,3,,5
update,60363,60377,60380,3,,6
update,60374,60389,60391,2,,7
inbound,60375,60389,60392,3,,8
update,60385,60399,60402,3,,9
update,60396,60411,60413,2,,10
inbound,60400,60414,60417,3,,11
update,60407,60421,60424,3,,12
update,60418,60432,60435,3,,13
inbound,60425,60439,60443,4,,14
update,60429,60443,60446,3,,15
inbound,60430,60445,60449,4,,0
update,60440,60454,60459,5,,1
update,60451,60465,60472,7,,2
update,60462,60476,60480,4,,3
update,60473,60487,60491,4,,4
update,60484,60498,60501,3,,5
inbound,60485,60499,60502,3,,6
update,60495,60509,60515,6,,7
update,60506,60520,60524,4,,8
update,60517,60531,60535,4,,9
update,60528,60542,60546,4,,10
update,60539,60553,60560,7,,11
inbound,60540,60553,60561,8,,12
update,60550,60566,60574,8,,13
update,60561,60574,60584,10,,14
update,60572,60586,60590,4,,15
update,60583,60597,60600,3,,0
update,60594,60608,60611,3,,1
inbound,60595,60609,60612,3,,2
update,60605,60619,60621,2,,3
update,60616,60631,60638,7,,4
update,60627,60641,60645,4,,5
update,60638,60652,60659,7,,6
update,60649,60663,60667,4,,7
inbound,60650,60664,60668,4,,8
update,60660,60674,60677,3,,9
update,60671,60685,60688,3,,10
update,60682,60696,60698,2,,11
update,60693,60707,60710,3,,12
update,60704,60718,60721,3,,13
inbound,60705,60719,60727,8,,14
update,60715,60729,60732,3,,15
update,60726,60740,60743,3,,0
update,60737,60751,60754,3,,1
update,60748,60762,60764,2,,2
update,60759,60772,60776,4,,3
inbound,60760,60774,60776,2,,4
update,60770,60784,60787,3,,5
update,60781,60795,60798,3,,6
update,60792,60806,60809,3,,7
update,60803,60817,60820,3,,8
update,60814,60828,60831,3,,9
inbound,60815,60829,60831,2,,10
update,60825,60839,60843,4,,11
update,60836,60850,60853,3,,12
update,60847,60861,60865,4,,13
update,60858,60872,60875,3,,14
update,60869,60883,60886,3,,15
update,60880,60894,60897,3,,0
update,60891,60905,60908,3,,1
update,60902,60916,60918,2,,2
update,60913,60927,60930,3,,3
update,60924,60938,60941,3,,4
update,61000,61014,61017,3,,5
inbound,61000,61014,61018,4,,6
update,61011,61025,61028,3,,7
update,61022,61036,61039,3,,8
inbound,61025,61039,61041,2,,9
update,61033,61047,61049,2,,10
update,61044,61058,61060,2,,11
update,61055,61069,61072,3,,12
update,61066,61080,61083,3,,13
update,61077,61091,61094,3,,14
update,61088,61102,61105,3,,15
update,61099,61113,61116,3,,0
inbound,61100,61114,61117,3,,1
update,61110,61124,61126,2,,2
update,61121,61135,61138,3,,3
update,61132,61146,61149,3,,4
update,61143,61157,61160,3,,5
inbound,61155,61168,61172,4,,7
update,61154,61168,61172,4,,6
update,61165,61179,61182,3,,8
update,61176,61190,61193,3,,9
update,61187,61201,61204,3,,10
update,61198,61212,61216,4,,11
inbound,61200,61214,61217,3,,12
update,61209,61223,61226,3,,13
inbound,61210,61224,61227,3,,14
update,61220,61234,61237,3,,15
inbound,61225,61239,61242,3,,0
update,61231,61245,61248,3,,1
update,61242,61256,61259,3,,2
update,61253,61267,61270,3,,3
update,61264,61278,61280,2,,4
inbound,61265,61279,61282,3,,5
update,61275,61289,61291,2,,6
update,61286,61300,61303,3,,7
update,61297,61311,61314,3,,8
update,61308,61322,61326,4,,9
update,61319,61333,61336,3,,10
inbound,61320,61334,61338,4,,11
update,61330,61344,61347,3,,12
update,61341,61355,61358,3,,13
update,61352,61366,61368,2,,14
update,61363,61377,61380,3,,15
update,61374,61388,61391,3,,0
inbound,61375,61389,61392,3,,1
update,61385,61399,61402,3,,2
update,61396,61410,61413,3,,3
inbound,61400,61414,61417,3,,4
update,61407,61421,61424,3,,5
update,61418,61432,61434,2,,6
inbound,61425,61439,61441,2,,7
update,61429,61443,61447,4,,8
inbound,61430,61443,61447,4,,9
update,61440,61454,61457,3,,10
update,61451,61465,61467,2,,11
update,61462,61476,61479,3,,12
update,61473,61487,61489,2,,13
update,61484,61498,61500,2,,14
inbound,61485,61499,61501,2,,15
update,61495,61509,61511,2,,0
update,61506,61520,61523,3,,1
update,61517,61531,61533,2,,2
update,61528,61542,61545,3,,3
inbound,61540,61553,61556,3,,5
update,61539,61553,61557,4,,4
update,61550,61564,61566,2,,6
update,61561,61574,61577,3,,7
update,61572,61586,61589,3,,8
update,61583,61597,61599,2,,9
update,61594,61608,61611,3,,10
inbound,61595,61609,61612,3,,11
update,61605,61619,61622,3,,12
update,61616,61630,61632,2,,13
update,61627,61641,61644,3,,14
update,61638,61652,61655,3,,15
inbound,61650,61663,61666,3,,1
update,61649,61663,61666,3,,0
update,61660,61674,61676,2,,2
update,61671,61685,61688,3,,3
update,61682,61696,61699,3,,4
update,61693,61707,61709,2,,5
update,61704,61718,61721,3,,6
inbound,61705,61718,61721,3,,7
update,61715,61729,61731,2,,8
update,61726,61740,61743,3,,9
update,61737,61751,61753,2,,10
update,61748,61762,61765,3,,11
inbound,61760,61773,61776,3,,13
update,61759,61773,61777,4,,12
update,61770,61784,61787,3,,14
update,61781,61795,61797,2,,15
update,61792,61806,61809,3,,0
update,61803,61817,61820,3,,1
update,61814,61828,61831,3,,2
inbound,61815,61829,61831,2,,3
update,61825,61839,61842,3,,4
update,61836,61850,61852,2,,5
update,61847,61861,61863,2,,6
update,61858,61872,61875,3,,7
update,61869,61883,61886,3,,8
update,61880,61894,61896,2,,9
update,61891,61905,61907,2,,10
update,61902,61916,61919,3,,11
update,61913,61928,61930,2,,12
update,61924,61938,61941,3,,13
inbound,62000,62014,62018,4,,15
update,62000,62014,62019,5,,14
update,62011,62025,62027,2,,0
update,62022,62036,62039,3,,1
inbound,62025,62039,62042,3,,2
update,62033,62047,62050,3,,3
update,62044,62058,62061,3,,4
update,62055,62069,62072,3,,5
update,62066,62080,62083,3,,6
update,62077,62091,62093,2,,7
update,62088,62102,62105,3,,8
update,62099,62113,62116,3,,9
inbound,62100,62114,62118,4,,10
update,62110,62124,62127,3,,11
update,62121,62135,62137,2,,12
update,62132,62146,62149,3,,13
update,62143,62157,62160,3,,14
update,62154,62168,62171,3,,15
inbound,62155,62169,62173,4,,0
update,62165,62179,62183,4,,1
update,62176,62190,62193,3,,2
update,62187,62201,62205,4,,3
update,62198,62212,62215,3,,4
inbound,62200,62214,62219,5,,5
update,62209,62223,62227,4,,6
inbound,62210,62225,62228,3,,7
update,62220,62234,62237,3,,8
inbound,62225,62239,62242,3,,9
update,62231,62245,62248,3,,10
update,62242,62256,62259,3,,11
update,62253,62267,62269,2,,12
update,62264,62277,62281,4,,13
inbound,62265,62279,62282,3,,14
update,62275,62289,62292,3,,15
update,62286,62300,62303,3,,0
update,62297,62311,62313,2,,1
update,62308,62322,62327,5,,2
inbound,62320,62334,62338,4,,4
update,62319,62333,62338,5,,3
update,62330,62344,62348,4,,5
update,62341,62355,62358,3,,6
update,62352,62366,62369,3,,7
update,62363,62377,62380,3,,8
update,62374,62388,62391,3,,9
inbound,62375,62389,62392,3,,10
update,62385,62399,62402,3,,11
update,62396,62410,62413,3,,12
inbound,62400,62414,62416,2,,13
update,62407,62421,62424,3,,14
update,62418,62432,62434,2,,15
inbound,62425,62439,62442,3,,0
update,62429,62444,62446,2,,1
inbound,62430,62444,62447,3,,2
update,62440,62454,62457,3,,3
update,62451,62465,62468,3,,4
update,62462,62476,62480,4,,5
update,62473,62487,62490,3,,6
update,62484,62498,62501,3,,7
inbound,62485,62498,62502,4,,8
update,62495,62509,62512,3,,9
update,62506,62520,62522,2,,10
update,62517,62531,62534,3,,11
update,62528,62542,62545,3,,12
update,62539,62553,62556,3,,13
inbound,62540,62554,62558,4,,14
update,62550,62564,62568,4,,15
update,62561,62575,62577,2,,0
update,62572,62586,62589,3,,1
update,62583,62596,62599,3,,2
update,62594,62608,62611,3,,3
inbound,62595,62609,62612,3,,4
update,62605,62619,62622,3,,5
update,62616,62630,62633,3,,6
update,62627,62641,62646,5,,7
update,62638,62652,62656,4,,8
update,62649,62663,62666,3,,9
inbound,62650,62664,62668,4,,10
update,62660,62674,62677,3,,11
update,62671,62684,62687,3,,12
update,62682,62696,62698,2,,13
update,62693,62707,62710,3,,14
inbound,62705,62718,62721,3,,0
update,62704,62718,62722,4,,15
update,62715,62729,62732,3,,1
update,62726,62740,62743,3,,2
update,62737,62751,62753,2,,3
update,62748,62761,62764,3,,4
update,62759,62773,62777,4,,5
inbound,62760,62774,62778,4,,6
update,62770,62784,62787,3,,7
update,62781,62795,62797,2,,8
update,62792,62806,62808,2,,9
update,62803,62817,62821,4,,10
inbound,62815,62829,62831,2,,12
update,62814,62828,62832,4,,11
update,62825,62839,62842,3,,13
update,62836,62850,62854,4,,14
update,62847,62861,62864,3,,15
update,62858,62872,62875,3,,0
update,62869,62883,62886,3,,1
update,62880,62894,62898,4,,2
update,62891,62905,62908,3,,3
update,62902,62916,62919,3,,4
update,62913,62927,62929,2,,5
update,62924,62938,62940,2,,6
update,63000,63014,63018,4,,7
inbound,63000,63014,63019,5,,8
update,63011,63025,63028,3,,9
update,63022,63036,63039,3,,10
inbound,63025,63039,63042,3,,11
update,63033,63047,63049,2,,12
update,63044,63058,63061,3,,13
update,63055,63069,63072,3,,14
update,63066,63080,63083,3,,15
update,63077,63091,63094,3,,0
update,63088,63102,63106,4,,1
update,63099,63113,63116,3,,2
inbound,63100,63114,63117,3,,3
update,63110,63124,63126,2,,4
update,63121,63135,63138,3,,5
update,63132,63146,63148,2,,6
update,63143,63157,63160,3,,7
update,63154,63168,63171,3,,8
inbound,63155,63169,63172,3,,9
update,63165,63179,63181,2,,10
update,63176,63190,63193,3,,11
update,63187,63201,63204,3,,12
update,63198,63212,63216,4,,13
inbound,63200,63214,63217,3,,14
update,63209,63223,63226,3,,15
inbound,63210,63224,63227,3,,0
update,63220,63234,63237,3,,1
inbound,63225,63239,63242,3,,2
update,63231,63245,63248,3,,3
update,63242,63256,63259,3,,4
update,63253,63267,63270,3,,5
update,63264,63278,63282,4,,6
inbound,63265,63279,63283,4,,7
update,63275,63289,63292,3,,8
update,63286,63300,63303,3,,9
update,63297,63311,63314,3,,10
update,63308,63322,63325,3,,11
update,63319,63333,63336,3,,12
inbound,63320,63334,63337,3,,13
update,63330,63343,63347,4,,14
update,63341,63355,63357,2,,15
update,63352,63366,63368,2,,0
update,63363,63377,63379,2,,1
update,63374,63388,63391,3,,2
inbound,63375,63389,63393,4,,3
update,63385,63399,63402,3,,4
update,63396,63410,63412,2,,5
inbound,63400,63413,63416,3,,6
update,63407,63421,63424,3,,7
update,63418,63432,63434,2,,8
inbound,63425,63439,63442,3,,9
update,63429,63443,63446,3,,10
inbound,63430,63444,63448,4,,11
update,63440,63454,63457,3,,12
update,63451,63465,63468,3,,13
update,63462,63476,63479,3,,14
update,63473,63487,63490,3,,15
update,63484,63498,63501,3,,0
inbound,63485,63499,63503,4,,1
update,63495,63509,63511,2,,2
update,63506,63520,63522,2,,3
update,63517,63531,63534,3,,4
update,63528,63542,63545,3,,5
update,63539,63553,63557,4,,6
inbound,63540,63554,63558,4,,7
update,63550,63564,63567,3,,8
update,63561,63575,63578,3,,9
update,63572,63586,63589,3,,10
update,63583,63597,63599,2,,11
update,63594,63608,63611,3,,12
inbound,63595,63609,63612,3,,13
update,63605,63619,63623,4,,14
update,63616,63630,63633,3,,15
update,63627,63641,63646,5,,0
update,63638,63652,63657,5,,1
update,63649,63663,63666,3,,2
inbound,63650,63665,63670,5,,3
update,63660,63674,63677,3,,4
update,63671,63685,63687,2,,5
update,63682,63696,63699,3,,6
update,63693,63707,63709,2,,7
update,63704,63718,63723,5,,8
inbound,63705,63719,63723,4,,9
update,63715,63729,63731,2,,10
update,63726,63740,63743,3,,11
update,63737,63751,63754,3,,12
update,63748,63762,63765,3,,13
update,63759,63773,63776,3,,14
inbound,63760,63774,63776,2,,15
update,63770,63784,63786,2,,0
update,63781,63795,63798,3,,1
update,63792,63806,63809,3,,2
update,63803,63817,63819,2,,3
update,63814,63828,63831,3,,4
inbound,63815,63829,63832,3,,5
update,63825,63839,63844,5,,6
update,63836,63850,63852,2,,7
update,63847,63861,63868,7,,8
update,63858,63872,63876,4,,9
update,63869,63883,63886,3,,10
update,63880,63894,63896,2,,11
update,63891,63905,63908,3,,12
update,63902,63916,63919,3,,13
update,63913,63927,63929,2,,14
update,63924,63938,63940,2,,15
inbound,64000,64014,64018,4,,1
update,64000,64014,64018,4,,0
update,64011,64025,64028,3,,2
update,64022,64036,64039,3,,3
inbound,64025,64039,64042,3,,4
update,64033,64047,64051,4,,5
update,64044,64058,64061,3,,6
update,64055,64069,64072,3,,7
update,64066,64080,64082,2,,8
update,64077,64091,64094,3,,9
update,64088,64102,64105,3,,10
inbound,64100,64114,64117,3,,12
update,64099,64114,64117,3,,11
update,64110,64124,64127,3,,13
update,64121,64135,64138,3,,14
update,64132,64146,64149,3,,15
update,64143,64157,64160,3,,0
update,64154,64168,64174,6,,1
inbound,64155,64169,64174,5,,2
update,64165,64179,64182,3,,3
update,64176,64190,64194,4,,4
update,64187,64201,64204,3,,5
update,64198,64212,64216,4,,6
inbound,64200,64214,64217,3,,7
update,64209,64223,64227,4,,8
inbound,64210,64224,64228,4,,9
update,64220,64234,64237,3,,10
inbound,64225,64239,64242,3,,11
update,64231,64245,64248,3,,12
update,64242,64256,64259,3,,13
update,64253,64267,64271,4,,14
update,64264,64278,64283,5,,15
inbound,64265,64279,64283,4,,0
update,64275,64289,64293,4,,1
update,64286,64300,64302,2,,2
update,64297,64311,64314,3,,3
update,64308,64322,64324,2,,4
update,64319,64333,64336,3,,5
inbound,64320,64334,64337,3,,6
update,64330,64344,64347,3,,7
update,64341,64355,64358,3,,8
update,64352,64366,64370,4,,9
update,64363,64377,64381,4,,10
update,64374,64388,64391,3,,11
inbound,64375,64389,64392,3,,12
update,64385,64399,64402,3,,13
update,64396,64410,64413,3,,14
inbound,64400,64414,64417,3,,15
update,64407,64421,64424,3,,0
update,64418,64432,64435,3,,1
inbound,64425,64439,64442,3,,2
inbound,64430,64443,64447,4,,4
update,64429,64443,64448,5,,3
update,64440,64454,64457,3,,5
update,64451,64465,64468,3,,6
update,64462,64476,64480,4,,7
update,64473,64487,64490,3,,8
inbound,64485,64498,64501,3,,10
update,64484,64498,64503,5,,9
update,64495,64509,64512,3,,11
update,64506,64520,64523,3,,12
update,64517,64531,64533,2,,13
update,64528,64542,64545,3,,14
update,64539,64553,64556,3,,15
inbound,64540,64554,64558,4,,0
update,64550,64564,64570,6,,1
update,64561,64575,64578,3,,2
update,64572,64586,64588,2,,3
update,64583,64597,64599,2,,4
inbound,64595,64609,64612,3,,6
update,64594,64608,64612,4,,5
update,64605,64619,64622,3,,7
update,64616,64630,64632,2,,8
update,64627,64641,64644,3,,9
update,64638,64652,64656,4,,10
update,64649,64663,64668,5,,11
inbound,64650,64664,64670,6,,12
update,64660,64674,64677,3,,13
update,64671,64685,64688,3,,14
update,64682,64696,64701,5,,15
update,64693,64707,64710,3,,0
update,64704,64718,64720,2,,1
inbound,64705,64719,64722,3,,2
update,64715,64729,64732,3,,3
update,64726,64740,64743,3,,4
update,64737,64751,64754,3,,5
update,64748,64762,64765,3,,6
inbound,64760,64774,64777,3,,8
update,64759,64773,64777,4,,7
update,64770,64784,64788,4,,9
update,64781,64795,64798,3,,10
update,64792,64806,64809,3,,11
update,64803,64817,64820,3,,12
update,64814,64828,64831,3,,13
inbound,64815,64829,64831,2,,14
update,64825,64839,64842,3,,15
update,64836,64850,64856,6,,0
update,64847,64861,64864,3,,1
update,64858,64872,64875,3,,2
update,64869,64883,64886,3,,3
update,64880,64894,64908,14,,4
update,64891,64905,64909,4,,5
update,64902,64916,64919,3,,6
update,64913,64927,64930,3,,7
update,64924,64938,64941,3,,8
update,65000,65014,65017,3,,9
inbound,65000,65014,65018,4,,10
update,65011,65025,65028,3,,11
update,65022,65036,65039,3,,12
inbound,65025,65039,65041,2,,13
update,65033,65047,65049,2,,14
update,65044,65058,65061,3,,15
update,65055,65069,65072,3,,0
update,65066,65080,65083,3,,1
update,65077,65091,65094,3,,2
update,65088,65102,65105,3,,3
inbound,65100,65114,65117,3,,5
update,65099,65113,65117,4,,4
update,65110,65124,65127,3,,6
update,65121,65135,65138,3,,7
update,65132,65146,65150,4,,8
update,65143,65157,65161,4,,9
update,65154,65168,65171,3,,10
inbound,65155,65169,65173,4,,11
update,65165,65179,65183,4,,12
update,65176,65190,65193,3,,13
update,65187,65201,65203,2,,14
update,65198,65213,65216,3,,15
inbound,65200,65214,65217,3,,0
update,65209,65223,65226,3,,1
inbound,65210,65223,65227,4,,2
update,65220,65234,65237,3,,3
inbound,65225,65239,65242,3,,4
update,65231,65245,65248,3,,5
update,65242,65256,65258,2,,6
update,65253,65267,65270,3,,7
update,65264,65278,65281,3,,8
inbound,65265,65279,65282,3,,9
update,65275,65289,65292,3,,10
update,65286,65300,65303,3,,11
update,65297,65311,65314,3,,12
update,65308,65322,65325,3,,13
update,65319,65333,65339,6,,14
inbound,65320,65334,65341,7,,15
update,65330,65344,65349,5,,0
update,65341,65355,65385,30,,1
update,65363,65377,65386,9,,3
update,65352,65366,65386,20,,2
update,65374,65388,65392,4,,4
inbound,65375,65389,65392,3,,5
update,65385,65399,65401,2,,6
update,65396,65410,65413,3,,7
inbound,65400,65414,65417,3,,8
update,65407,65421,65424,3,,9
update,65418,65432,65435,3,,10
inbound,65425,65439,65442,3,,11
update,65429,65443,65446,3,,12
inbound,65430,65444,65447,3,,13
update,65440,65454,65457,3,,14
update,65451,65465,65468,3,,15
update,65462,65476,65479,3,,0
update,65473,65487,65490,3,,1
update,65484,65499,65502,3,,2
inbound,65485,65499,65502,3,,3
update,65495,65509,65512,3,,4
update,65506,65520,65523,3,,5
update,65517,65531,65534,3,,6
update,65528,65542,65545,3,,7
inbound,65540,65554,65557,3,,9
update,65539,65553,65557,4,,8
update,65550,65564,65567,3,,10
update,65561,65575,65578,3,,11
update,65572,65586,65589,3,,12
update,65583,65597,65600,3,,13
update,65594,65608,65612,4,,14
inbound,65595,65608,65612,4,,15
update,65605,65619,65622,3,,0
update,65616,65630,65632,2,,1
update,65627,65641,65644,3,,2
update,65638,65652,65661,9,,3
inbound,65650,65664,65667,3,,5
update,65649,65663,65667,4,,4
update,65660,65674,65680,6,,6
update,65671,65685,65688,3,,7
update,65682,65696,65700,4,,8
update,65693,65707,65710,3,,9
update,65704,65718,65721,3,,10
inbound,65705,65719,65722,3,,11
update,65715,65729,65732,3,,12
update,65726,65740,65743,3,,13
update,65737,65751,65754,3,,14
update,65748,65762,65766,4,,15
inbound,65760,65774,65777,3,,1
update,65759,65773,65779,6,,0
update,65770,65784,65788,4,,2
update,65781,65795,65799,4,,3
update,65792,65806,65808,2,,4
update,65803,65817,65820,3,,5
update,65814,65828,65831,3,,6
inbound,65815,65829,65831,2,,7
update,65825,65839,65842,3,,8
update,65836,65850,65853,3,,9
update,65847,65861,65863,2,,10
update,65858,65872,65874,2,,11
update,65869,65883,65886,3,,12
update,65880,65895,65897,2,,13
update,65891,65905,65907,2,,14
update,65902,65916,65918,2,,15
update,65913,65927,65929,2,,0
update,65924,65938,65941,3,,1
update,66000,66014,66019,5,,2
inbound,66000,66015,66019,4,,3
update,66011,66025,66029,4,,4
update,66022,66036,66039,3,,5
inbound,66025,66039,66042,3,,6
update,66033,66047,66050,3,,7
update,66044,66058,66061,3,,8
update,66055,66069,66071,2,,9
update,66066,66080,66082,2,,10
update,66077,66091,66094,3,,11
update,66088,66101,66105,4,,12
update,66099,66113,66117,4,,13
inbound,66100,66115,66118,3,,14
update,66110,66124,66127,3,,15
update,66121,66135,66137,2,,0
update,66132,66146,66148,2,,1
update,66143,66157,66160,3,,2
update,66154,66168,66171,3,,3
inbound,66155,66170,66173,3,,4
update,66165,66179,66182,3,,5
update,66176,66190,66193,3,,6
update,66187,66201,66204,3,,7
update,66198,66212,66214,2,,8
inbound,66200,66215,66218,3,,9
update,66209,66223,66226,3,,10
inbound,66210,66224,66228,4,,11
update,66220,66234,66237,3,,12
inbound,66225,66240,66243,3,,13
update,66231,66244,66247,3,,14
update,66242,66256,66259,3,,15
update,66253,66267,66270,3,,0
update,66264,66278,66281,3,,1
inbound,66265,66280,66284,4,,2
update,66275,66289,66292,3,,3
update,66286,66300,66304,4,,4
update,66297,66311,66314,3,,5
update,66308,66322,66324,2,,6
update,66319,66333,66336,3,,7
inbound,66320,66335,66338,3,,8
update,66330,66344,66347,3,,9
update,66341,66355,66358,3,,10
update,66352,66366,66369,3,,11
update,66363,66377,66382,5,,12
update,66374,66388,66393,5,,13
inbound,66375,66390,66394,4,,14
update,66385,66399,66402,3,,15
update,66396,66410,66415,5,,0
inbound,66400,66415,66420,5,,1
update,66407,66421,66425,4,,2
update,66418,66432,66435,3,,3
inbound,66425,66440,66442,2,,4
update,66429,66442,66446,4,,5
inbound,66430,66445,66449,4,,6
update,66440,66454,66458,4,,7
update,66451,66465,66468,3,,8
update,66462,66476,66479,3,,9
update,66473,66487,66490,3,,10
update,66484,66498,66501,3,,11
inbound,66485,66500,66503,3,,12
update,66495,66509,66511,2,,13
update,66506,66520,66522,2,,14
update,66517,66531,66534,3,,15
update,66528,66542,66545,3,,0
update,66539,66553,66557,4,,1
inbound,66540,66555,66559,4,,2
update,66550,66564,66566,2,,3
update,66561,66575,66579,4,,4
update,66572,66586,66589,3,,5
update,66583,66597,66600,3,,6
update,66594,66608,66611,3,,7
inbound,66595,66610,66613,3,,8
update,66605,66619,66622,3,,9
update,66616,66630,66633,3,,10
update,66627,66641,66644,3,,11
update,66638,66652,66655,3,,12
inbound,66650,66665,66671,6,,14
update,66649,66663,66673,10,,13
update,66660,66674,66677,3,,15
update,66671,66685,66688,3,,0
update,66682,66696,66699,3,,1
update,66693,66707,66711,4,,2
update,66704,66718,66721,3,,3
inbound,66705,66720,66724,4,,4
update,66715,66729,66732,3,,5
update,66726,66740,66743,3,,6
update,66737,66751,66754,3,,7
update,66748,66762,66765,3,,8
update,66759,66773,66776,3,,9
inbound,66760,66775,66777,2,,10
update,66770,66784,66787,3,,11
update,66781,66796,66798,2,,12
update,66792,66807,66810,3,,13
update,66803,66818,66821,3,,14
update,66814,66829,66832,3,,15
inbound,66815,66830,66832,2,,0
update,66825,66840,66843,3,,1
update,66836,66851,66854,3,,2
update,66847,66862,66865,3,,3
update,66858,66873,66875,2,,4
update,66869,66884,66886,2,,5
update,66880,66895,66898,3,,6
update,66891,66906,66910,4,,7
update,66902,66917,66920,3,,8
update,66913,66928,66933,5,,9
update,66924,66939,66944,5,,10
inbound,67000,67015,67019,4,,12
update,67000,67015,67020,5,,11
update,67011,67026,67028,2,,13
update,67022,67037,67039,2,,14
inbound,67025,67041,67043,2,,15
update,67033,67048,67051,3,,0
update,67044,67059,67061,2,,1
update,67055,67070,67074,4,,2
update,67066,67081,67083,2,,3
update,67077,67092,67097,5,,4
update,67088,67103,67108,5,,5
update,67099,67114,67117,3,,6
inbound,67100,67115,67119,4,,7
update,67110,67125,67128,3,,8
update,67121,67136,67139,3,,9
update,67132,67147,67150,3,,10
update,67143,67158,67162,4,,11
update,67154,67168,67172,4,,12
inbound,67155,67170,67173,3,,13
update,67165,67180,67183,3,,14
update,67176,67191,67193,2,,15
update,67187,67202,67205,3,,0
update,67198,67213,67216,3,,1
inbound,67200,67215,67218,3,,2
update,67209,67224,67227,3,,3
inbound,67210,67225,67229,4,,4
update,67220,67235,67238,3,,5
inbound,67225,67240,67243,3,,6
update,67231,67246,67249,3,,7
update,67242,67257,67260,3,,8
update,67253,67268,67271,3,,9
update,67264,67279,67283,4,,10
inbound,67265,67279,67284,5,,11
update,67275,67290,67293,3,,12
update,67286,67301,67304,3,,13
update,67297,67312,67315,3,,14
update,67308,67324,67327,3,,15
update,67319,67334,67337,3,,0
inbound,67320,67335,67339,4,,1
update,67330,67345,67348,3,,2
update,67341,67355,67358,3,,3
update,67352,67367,67370,3,,4
update,67363,67378,67381,3,,5
update,67374,67389,67392,3,,6
inbound,67375,67390,67393,3,,7
update,67385,67400,67403,3,,8
update,67396,67411,67414,3,,9
inbound,67400,67415,67418,3,,10
update,67407,67422,67425,3,,11
update,67418,67433,67436,3,,12
inbound,67425,67440,67443,3,,13
update,67429,67444,67447,3,,14
inbound,67430,67445,67448,3,,15
update,67440,67455,67458,3,,0
update,67451,67466,67469,3,,1
update,67462,67477,67480,3,,2
update,67473,67488,67491,3,,3
update,67484,67499,67504,5,,4
inbound,67485,67500,67504,4,,5
update,67495,67510,67516,6,,6
update,67506,67521,67525,4,,7
update,67517,67532,67535,3,,8
update,67528,67543,67546,3,,9
update,67539,67554,67558,4,,10
inbound,67540,67555,67559,4,,11
update,67550,67565,67569,4,,12
update,67561,67575,67580,5,,13
update,67572,67587,67591,4,,14
update,67583,67598,67601,3,,15
update,67594,67609,67612,3,,0
inbound,67595,67610,67615,5,,1
update,67605,67620,67624,4,,2
update,67616,67631,67635,4,,3
update,67627,67642,67644,2,,4
update,67638,67653,67656,3,,5
update,67649,67664,67668,4,,6
inbound,67650,67666,67670,4,,7
update,67660,67675,67682,7,,8
update,67671,67686,67689,3,,9
update,67682,67697,67700,3,,10
update,67693,67708,67711,3,,11
update,67704,67719,67722,3,,12
inbound,67705,67720,67724,4,,13
update,67715,67730,67733,3,,14
update,67726,67741,67744,3,,15
update,67737,67752,67755,3,,0
update,67748,67763,67765,2,,1
inbound,67760,67775,67778,3,,3
update,67759,67774,67778,4,,2
update,67770,67785,67788,3,,4
update,67781,67797,67799,2,,5
update,67792,67807,67810,3,,6
update,67803,67818,67820,2,,7
update,67814,67829,67833,4,,8
inbound,67815,67830,67834,4,,9
update,67825,67840,67843,3,,10
update,67836,67851,67854,3,,11
update,67847,67862,67865,3,,12
update,67858,67873,67876,3,,13
update,67869,67884,67886,2,,14
update,67880,67895,67897,2,,15
update,67891,67906,67910,4,,0
update,67902,67917,67920,3,,1
update,67913,67928,67932,4,,2
update,67924,67938,67941,3,,3
inbound,68000,68015,68018,3,,5
update,68000,68014,68018,4,,4
update,68011,68026,68029,3,,6
update,68022,68037,68040,3,,7
inbound,68025,68040,68043,3,,8
update,68033,68048,68050,2,,9
update,68044,68059,68062,3,,10
update,68055,68070,68073,3,,11
update,68066,68081,68084,3,,12
update,68077,68092,68095,3,,13
update,68088,68103,68106,3,,14
update,68099,68114,68117,3,,15
inbound,68100,68115,68119,4,,0
update,68110,68125,68128,3,,1
update,68121,68136,68139,3,,2
update,68132,68147,68150,3,,3
update,68143,68158,68161,3,,4
update,68154,68169,68173,4,,5
inbound,68155,68170,68174,4,,6
update,68165,68180,68183,3,,7
update,68176,68191,68194,3,,8
update,68187,68202,68204,2,,9
update,68198,68213,68216,3,,10
inbound,68200,68215,68219,4,,11
update,68209,68224,68227,3,,12
inbound,68210,68225,68228,3,,13
update,68220,68235,68237,2,,14
inbound,68225,68240,68243,3,,15
update,68231,68246,68248,2,,0
update,68242,68257,68260,3,,1
update,68253,68268,68271,3,,2
update,68264,68279,68283,4,,3
inbound,68265,68280,68283,3,,4
update,68275,68290,68292,2,,5
update,68286,68301,68304,3,,6
update,68297,68312,68315,3,,7
update,68308,68323,68326,3,,8
update,68319,68334,68338,4,,9
inbound,68320,68335,68339,4,,10
update,68330,68345,68348,3,,11
update,68341,68356,68358,2,,12
update,68352,68367,68371,4,,13
update,68363,68378,68381,3,,14
update,68374,68388,68392,4,,15
inbound,68375,68390,68393,3,,0
update,68385,68400,68402,2,,1
update,68396,68411,68414,3,,2
inbound,68400,68415,68418,3,,3
update,68407,68422,68425,3,,4
update,68418,68433,68436,3,,5
inbound,68425,68439,68442,3,,6
inbound,68430,68444,68447,3,,8
update,68429,68444,68448,4,,7
update,68440,68455,68458,3,,9
update,68451,68466,68469,3,,10
update,68462,68477,68480,3,,11
update,68473,68488,68491,3,,12
update,68484,68499,68502,3,,13
inbound,68485,68500,68504,4,,14
update,68495,68509,68512,3,,15
update,68506,68521,68527,6,,0
update,68517,68532,68535,3,,1
update,68528,68543,68546,3,,2
update,68539,68554,68557,3,,3
inbound,68540,68555,68558,3,,4
update,68550,68565,68567,2,,5
update,68561,68576,68579,3,,6
update,68572,68587,68590,3,,7
update,68583,68598,68600,2,,8
update,68594,68609,68612,3,,9
inbound,68595,68610,68613,3,,10
update,68605,68620,68622,2,,11
update,68616,68631,68634,3,,12
update,68627,68642,68646,4,,13
update,68638,68653,68655,2,,14
update,68649,68664,68670,6,,15
inbound,68650,68665,68670,5,,0
update,68660,68675,68681,6,,1
update,68671,68686,68689,3,,2
update,68682,68697,68700,3,,3
update,68693,68708,68711,3,,4
update,68704,68719,68722,3,,5
inbound,68705,68720,68724,4,,6
update,68715,68730,68733,3,,7
update,68726,68741,68744,3,,8
update,68737,68752,68755,3,,9
update,68748,68763,68766,3,,10
update,68759,68774,68777,3,,11
inbound,68760,68775,68778,3,,12
update,68770,68785,68787,2,,13
update,68781,68796,68799,3,,14
update,68792,68807,68810,3,,15
update,68803,68818,68822,4,,0
inbound,68815,68829,68831,2,,2
update,68814,68829,68832,3,,1
update,68825,68840,68843,3,,3
update,68836,68851,68854,3,,4
update,68847,68862,68865,3,,5
update,68858,68873,68876,3,,6
update,68869,68884,68886,2,,7
update,68880,68895,68898,3,,8
update,68891,68906,68909,3,,9
update,68902,68917,68920,3,,10
update,68913,68928,68931,3,,11
update,68924,68939,68942,3,,12
inbound,69000,69015,69019,4,,14
update,69000,69015,69019,4,,13
update,69011,69026,69029,3,,15
update,69022,69037,69040,3,,0
inbound,69025,69040,69043,3,,1
update,69033,69048,69050,2,,2
update,69044,69060,69062,2,,3
update,69055,69070,69073,3,,4
update,69066,69081,69084,3,,5
update,69077,69092,69095,3,,6
update,69088,69103,69105,2,,7
update,69099,69114,69117,3,,8
inbound,69100,69115,69118,3,,9
update,69110,69125,69128,3,,10
update,69121,69136,69139,3,,11
update,69132,69147,69150,3,,12
update,69143,69158,69161,3,,13
update,69154,69169,69172,3,,14
inbound,69155,69170,69173,3,,15
update,69165,69180,69183,3,,0
update,69176,69191,69193,2,,1
update,69187,69202,69204,2,,2
update,69198,69213,69217,4,,3
inbound,69200,69215,69217,2,,4
update,69209,69224,69227,3,,5
inbound,69210,69225,69228,3,,6
update,69220,69235,69238,3,,7
inbound,69225,69240,69242,2,,8
update,69231,69246,69249,3,,9
update,69242,69257,69260,3,,10
update,69253,69268,69271,3,,11
update,69264,69279,69282,3,,12
inbound,69265,69279,69282,3,,13
update,69275,69290,69292,2,,14
update,69286,69301,69304,3,,15
update,69297,69312,69315,3,,0
update,69308,69323,69326,3,,1
update,69319,69334,69337,3,,2
inbound,69320,69336,69339,3,,3
update,69330,69345,69347,2,,4
update,69341,69356,69359,3,,5
update,69352,69367,69370,3,,6
update,69363,69378,69381,3,,7
update,69374,69389,69391,2,,8
inbound,69375,69390,69393,3,,9
update,69385,69400,69403,3,,10
update,69396,69411,69414,3,,11
inbound,69400,69415,69418,3,,12
update,69407,69422,69424,2,,13
update,69418,69433,69435,2,,14
inbound,69425,69440,69443,3,,15
update,69429,69444,69447,3,,0
inbound,69430,69445,69448,3,,1
update,69440,69455,69458,3,,2
update,69451,69466,69468,2,,3
update,69462,69477,69480,3,,4
update,69473,69488,69491,3,,5
update,69484,69499,69502,3,,6
inbound,69485,69500,69503,3,,7
update,69495,69510,69513,3,,8
update,69506,69521,69524,3,,9
update,69517,69532,69535,3,,10
update,69528,69543,69545,2,,11
inbound,69540,69555,69557,2,,13
update,69539,69554,69558,4,,12
update,69550,69565,69567,2,,14
update,69561,69576,69579,3,,15
update,69572,69587,69589,2,,0
update,69583,69598,69601,3,,1
update,69594,69609,69612,3,,2
inbound,69595,69610,69613,3,,3
update,69605,69620,69623,3,,4
update,69616,69631,69634,3,,5
update,69627,69642,69645,3,,6
update,69638,69653,69656,3,,7
update,69649,69664,69667,3,,8
inbound,69650,69665,69668,3,,9
update,69660,69675,69680,5,,10
update,69671,69686,69689,3,,11
update,69682,69697,69699,2,,12
update,69693,69708,69710,2,,13
update,69704,69719,69722,3,,14
inbound,69705,69720,69723,3,,15
update,69715,69730,69733,3,,0
update,69726,69741,69744,3,,1
update,69737,69752,69755,3,,2
update,69748,69763,69766,3,,3
update,69759,69774,69777,3,,4
inbound,69760,69775,69777,2,,5
update,69770,69785,69787,2,,6
update,69781,69796,69799,3,,7
update,69792,69807,69810,3,,8
update,69803,69818,69821,3,,9
inbound,69815,69830,69833,3,,11
update,69814,69829,69833,4,,10
update,69825,69840,69843,3,,12
update,69836,69851,69854,3,,13
update,69847,69862,69866,4,,14
update,69858,69873,69876,3,,15
update,69869,69884,69887,3,,0
update,69880,69895,69900,5,,1
update,69891,69906,69909,3,,2
update,69902,69917,69920,3,,3
update,69913,69928,69932,4,,4
update,69924,69939,69941,2,,5
inbound,70000,70015,70019,4,,7
update,70000,70015,70021,6,,6
update,70011,70026,70029,3,,8
update,70022,70037,70041,4,,9
inbound,70025,70040,70043,3,,10
update,70033,70048,70051,3,,11
update,70044,70059,70063,4,,12
update,70055,70069,70073,4,,13
update,70066,70081,70085,4,,14
update,70077,70092,70094,2,,15
update,70088,70103,70106,3,,0
update,70099,70114,70118,4,,1
inbound,70100,70115,70119,4,,2
update,70110,70125,70127,2,,3
update,70121,70136,70139,3,,4
update,70132,70147,70150,3,,5
update,70143,70158,70162,4,,6
update,70154,70169,70173,4,,7
inbound,70155,70170,70173,3,,8
update,70165,70180,70182,2,,9
update,70176,70191,70193,2,,10
update,70187,70202,70205,3,,11
update,70198,70213,70216,3,,12
inbound,70200,70215,70219,4,,13
update,70209,70224,70227,3,,14
inbound,70210,70225,70229,4,,15
update,70220,70235,70237,2,,0
inbound,70225,70240,70243,3,,1
update,70231,70246,70249,3,,2
update,70242,70257,70260,3,,3
update,70253,70268,70271,3,,4
update,70264,70279,70283,4,,5
inbound,70265,70280,70284,4,,6
update,70275,70290,70293,3,,7
update,70286,70301,70303,2,,8
update,70297,70312,70315,3,,9
update,70308,70323,70326,3,,10
update,70319,70334,70338,4,,11
inbound,70320,70335,70339,4,,12
update,70330,70345,70348,3,,13
update,70341,70356,70358,2,,14
update,70352,70367,70370,3,,15
update,70363,70378,70381,3,,0
update,70374,70389,70393,4,,1
inbound,70375,70390,70394,4,,2
update,70385,70400,70402,2,,3
update,70396,70411,70414,3,,4
inbound,70400,70414,70417,3,,5
update,70407,70422,70424,2,,6
update,70418,70433,70436,3,,7
inbound,70425,70440,70443,3,,8
update,70429,70444,70447,3,,9
inbound,70430,70445,70448,3,,10
update,70440,70455,70460,5,,11
update,70451,70466,70468,2,,12
update,70462,70478,70480,2,,13
update,70473,70488,70490,2,,14
update,70484,70499,70502,3,,15
inbound,70485,70500,70503,3,,0
update,70495,70510,70513,3,,1
update,70506,70521,70524,3,,2
update,70517,70532,70535,3,,3
update,70528,70543,70546,3,,4
update,70539,70554,70558,4,,5
inbound,70540,70555,70558,3,,6
update,70550,70565,70568,3,,7
update,70561,70576,70580,4,,8
update,70572,70587,70589,2,,9
update,70583,70598,70601,3,,10
inbound,70595,70610,70613,3,,12
update,70594,70609,70614,5,,11
update,70605,70620,70623,3,,13
update,70616,70631,70635,4,,14
update,70627,70642,70647,5,,15
update,70638,70653,70656,3,,0
update,70649,70664,70668,4,,1
inbound,70650,70665,70670,5,,2
update,70660,70675,70682,7,,3
update,70671,70686,70695,9,,4
update,70682,70697,70711,14,,5
update,70693,70708,70715,7,,6
update,70704,70719,70722,3,,7
inbound,70705,70720,70725,5,,8
update,70715,70730,70733,3,,9
update,70726,70741,70744,3,,10
update,70737,70752,70755,3,,11
update,70748,70763,70766,3,,12
inbound,70760,70774,70777,3,,14
update,70759,70774,70778,4,,13
update,70770,70785,70789,4,,15
update,70781,70796,70799,3,,0
update,70792,70807,70810,3,,1
update,70803,70818,70821,3,,2
inbound,70815,70830,70831,1,,4
update,70814,70829,70833,4,,3
update,70825,70840,70842,2,,5
update,70836,70851,70854,3,,6
update,70847,70862,70865,3,,7
update,70858,70873,70876,3,,8
update,70869,70884,70887,3,,9
update,70880,70895,70898,3,,10
update,70891,70906,70909,3,,11
update,70902,70917,70920,3,,12
update,70913,70928,70931,3,,13
update,70924,70938,70942,4,,14
update,71000,71015,71018,3,,15
inbound,71000,71015,71019,4,,0
update,71011,71026,71029,3,,1
update,71022,71037,71040,3,,2
inbound,71025,71040,71042,2,,3
update,71033,71048,71051,3,,4
update,71044,71059,71062,3,,5
update,71055,71070,71073,3,,6
update,71066,71081,71083,2,,7
update,71077,71092,71094,2,,8
update,71088,71103,71106,3,,9
update,71099,71114,71117,3,,10
inbound,71100,71115,71118,3,,11
update,71110,71125,71129,4,,12
update,71121,71136,71140,4,,13
update,71132,71147,71149,2,,14
update,71143,71158,71161,3,,15
update,71154,71169,71172,3,,0
inbound,71155,71170,71173,3,,1
update,71165,71180,71183,3,,2
update,71176,71191,71194,3,,3
update,71187,71202,71204,2,,4
update,71198,71213,71216,3,,5
inbound,71200,71215,71218,3,,6
update,71209,71224,71227,3,,7
inbound,71210,71225,71228,3,,8
update,71220,71235,71238,3,,9
inbound,71225,71240,71243,3,,10
update,71231,71246,71249,3,,11
update,71242,71257,71260,3,,12
update,71253,71268,71271,3,,13
update,71264,71279,71283,4,,14
inbound,71265,71280,71283,3,,15
update,71275,71290,71294,4,,0
update,71286,71301,71303,2,,1
update,71297,71312,71317,5,,2
update,71308,71323,71326,3,,3
update,71319,71334,71338,4,,4
inbound,71320,71335,71339,4,,5
update,71330,71345,71348,3,,6
update,71341,71356,71359,3,,7
update,71352,71367,71370,3,,8
update,71363,71378,71381,3,,9
update,71374,71389,71392,3,,10
inbound,71375,71390,71395,5,,11
update,71385,71400,71402,2,,12
update,71396,71411,71414,3,,13
inbound,71400,71415,71417,2,,14
update,71407,71422,71425,3,,15
update,71418,71433,71436,3,,0
inbound,71425,71440,71442,2,,1
inbound,71430,71444,71448,4,,3
update,71429,71444,71448,4,,2
update,71440,71455,71458,3,,4
update,71451,71466,71469,3,,5
update,71462,71477,71480,3,,6
update,71473,71488,71491,3,,7
update,71484,71499,71503,4,,8
inbound,71485,71500,71503,3,,9
update,71495,71511,71513,2,,10
update,71506,71521,71524,3,,11
update,71517,71532,71537,5,,12
update,71528,71543,71546,3,,13
update,71539,71554,71558,4,,14
inbound,71540,71555,71559,4,,15
update,71550,71565,71568,3,,0
update,71561,71576,71580,4,,1
update,71572,71587,71590,3,,2
update,71583,71598,71601,3,,3
update,71594,71609,71613,4,,4
inbound,71595,71610,71613,3,,5
update,71605,71620,71622,2,,6
update,71616,71631,71634,3,,7
update,71627,71642,71645,3,,8
update,71638,71653,71657,4,,9
update,71649,71664,71667,3,,10
inbound,71650,71665,71668,3,,11
update,71660,71675,71678,3,,12
update,71671,71686,71690,4,,13
update,71682,71697,71699,2,,14
update,71693,71708,71711,3,,15
inbound,71705,71720,71723,3,,1
update,71704,71719,71724,5,,0
update,71715,71730,71732,2,,2
update,71726,71741,71746,5,,3
update,71737,71752,71755,3,,4
update,71748,71763,71766,3,,5
inbound,71760,71774,71777,3,,7
update,71759,71774,71778,4,,6
update,71770,71785,71789,4,,8
update,71781,71796,71798,2,,9
update,71792,71807,71810,3,,10
update,71803,71818,71821,3,,11
update,71814,71829,71833,4,,12
inbound,71815,71830,71833,3,,13
update,71825,71840,71844,4,,14
update,71836,71851,71854,3,,15
update,71847,71862,71865,3,,0
update,71858,71873,71876,3,,1
update,71869,71884,71887,3,,2
update,71880,71895,71898,3,,3
update,71891,71906,71908,2,,4
update,71902,71917,71919,2,,5
update,71913,71928,71930,2,,6
update,71924,71939,71942,3,,7
update,72000,72015,72019,4,,8
inbound,72000,72015,72019,4,,9
update,72011,72026,72029,3,,10
update,72022,72037,72039,2,,11
inbound,72025,72040,72043,3,,12
update,72033,72048,72052,4,,13
update,72044,72059,72062,3,,14
update,72055,72070,72073,3,,15
update,72066,72081,72084,3,,0
update,72077,72092,72094,2,,1
update,72088,72103,72106,3,,2
update,72099,72114,72117,3,,3
inbound,72100,72115,72118,3,,4
update,72110,72125,72128,3,,5
update,72121,72136,72139,3,,6
update,72132,72147,72149,2,,7
update,72143,72158,72161,3,,8
update,72154,72169,72172,3,,9
inbound,72155,72170,72173,3,,10
update,72165,72180,72183,3,,11
update,72176,72191,72194,3,,12
update,72187,72202,72204,2,,13
update,72198,72213,72215,2,,14
inbound,72200,72215,72218,3,,15
update,72209,72224,72227,3,,0
inbound,72210,72225,72229,4,,1
update,72220,72235,72238,3,,2
inbound,72225,72240,72243,3,,3
update,72231,72246,72249,3,,4
update,72242,72257,72260,3,,5
update,72253,72268,72270,2,,6
update,72264,72279,72283,4,,7
inbound,72265,72280,72283,3,,8
update,72275,72290,72292,2,,9
update,72286,72301,72304,3,,10
update,72297,72312,72316,4,,11
update,72308,72323,72326,3,,12
inbound,72320,72334,72338,4,,14
update,72319,72334,72339,5,,13
update,72330,72345,72348,3,,15
update,72341,72356,72359,3,,0
update,72352,72367,72369,2,,1
update,72363,72378,72380,2,,2
update,72374,72390,72396,6,,3
inbound,72375,72390,72397,7,,4
update,72385,72400,72403,3,,5
update,72396,72411,72414,3,,6
inbound,72400,72414,72419,5,,7
update,72407,72422,72425,3,,8
update,72418,72433,72436,3,,9
inbound,72425,72440,72443,3,,10
inbound,72430,72444,72448,4,,12
update,72429,72444,72448,4,,11
update,72440,72455,72459,4,,13
update,72451,72466,72470,4,,14
update,72462,72477,72480,3,,15
update,72473,72488,72491,3,,0
update,72484,72499,72502,3,,1
inbound,72485,72501,72506,5,,2
update,72495,72510,72514,4,,3
update,72506,72521,72524,3,,4
update,72517,72532,72534,2,,5
update,72528,72543,72546,3,,6
update,72539,72554,72558,4,,7
inbound,72540,72555,72559,4,,8
update,72550,72565,72568,3,,9
update,72561,72576,72580,4,,10
update,72572,72588,72590,2,,11
update,72583,72598,72601,3,,12
update,72594,72609,72614,5,,13
inbound,72595,72610,72615,5,,14
update,72605,72620,72624,4,,15
update,72616,72631,72635,4,,0
update,72627,72642,72645,3,,1
update,72638,72653,72656,3,,2
update,72649,72664,72669,5,,3
inbound,72650,72665,72670,5,,4
update,72660,72675,72679,4,,5
update,72671,72686,72689,3,,6
update,72682,72697,72700,3,,7
update,72693,72708,72712,4,,8
inbound,72705,72720,72724,4,,10
update,72704,72719,72725,6,,9
update,72715,72730,72735,5,,11
update,72726,72741,72744,3,,12
update,72737,72752,72754,2,,13
update,72748,72763,72767,4,,14
update,72759,72774,72778,4,,15
inbound,72760,72775,72778,3,,0
update,72770,72785,72789,4,,1
update,72781,72796,72799,3,,2
update,72792,72807,72810,3,,3
update,72803,72818,72822,4,,4
update,72814,72828,72832,4,,5
inbound,72815,72830,72832,2,,6
update,72825,72840,72843,3,,7
update,72836,72851,72854,3,,8
update,72847,72862,72865,3,,9
update,72858,72873,72876,3,,10
update,72869,72884,72887,3,,11
update,72880,72895,72897,2,,12
update,72891,72906,72910,4,,13
update,72902,72917,72920,3,,14
update,72913,72928,72931,3,,15
update,72924,72939,72942,3,,0
inbound,73000,73015,73018,3,,2
update,73000,73015,73019,4,,1
update,73011,73026,73028,2,,3
update,73022,73037,73039,2,,4
inbound,73025,73040,73043,3,,5
update,73033,73048,73051,3,,6
update,73044,73059,73062,3,,7
update,73055,73070,73072,2,,8
update,73066,73081,73084,3,,9
update,73077,73092,73095,3,,10
update,73088,73103,73105,2,,11
update,73099,73114,73116,2,,12
inbound,73100,73116,73119,3,,13
update,73110,73125,73128,3,,14
update,73121,73136,73138,2,,15
update,73132,73147,73150,3,,0
update,73143,73158,73161,3,,1
update,73154,73169,73172,3,,2
inbound,73155,73171,73174,3,,3
update,73165,73180,73182,2,,4
update,73176,73191,73193,2,,5
update,73187,73202,73204,2,,6
update,73198,73213,73215,2,,7
inbound,73200,73215,73218,3,,8
update,73209,73224,73228,4,,9
inbound,73210,73225,73228,3,,10
update,73220,73235,73237,2,,11
inbound,73225,73241,73244,3,,12
update,73231,73246,73249,3,,13
update,73242,73257,73260,3,,14
update,73253,73268,73271,3,,15
update,73264,73279,73282,3,,0
inbound,73265,73281,73284,3,,1
update,73275,73290,73292,2,,2
update,73286,73301,73304,3,,3
update,73297,73312,73315,3,,4
update,73308,73323,73326,3,,5
update,73319,73334,73336,2,,6
inbound,73320,73336,73339,3,,7
update,73330,73345,73348,3,,8
update,73341,73356,73359,3,,9
update,73352,73367,73370,3,,10
update,73363,73378,73381,3,,11
update,73374,73389,73391,2,,12
inbound,73375,73391,73394,3,,13
update,73385,73400,73403,3,,14
update,73396,73411,73414,3,,15
inbound,73400,73416,73419,3,,0
update,73407,73422,73425,3,,1
update,73418,73433,73436,3,,2
inbound,73425,73441,73444,3,,3
update,73429,73444,73446,2,,4
inbound,73430,73446,73449,3,,5
update,73440,73455,73458,3,,6
update,73451,73466,73469,3,,7
update,73462,73477,73480,3,,8
update,73473,73488,73491,3,,9
update,73484,73499,73502,3,,10
inbound,73485,73501,73504,3,,11
update,73495,73510,73513,3,,12
update,73506,73521,73524,3,,13
update,73517,73533,73535,2,,14
update,73528,73543,73545,2,,15
update,73539,73554,73558,4,,0
inbound,73540,73556,73559,3,,1
update,73550,73565,73568,3,,2
update,73561,73576,73578,2,,3
update,73572,73587,73589,2,,4
update,73583,73598,73601,3,,5
update,73594,73609,73612,3,,6
inbound,73595,73611,73614,3,,7
update,73605,73620,73622,2,,8
update,73616,73631,73634,3,,9
update,73627,73642,73645,3,,10
update,73638,73653,73656,3,,11
update,73649,73664,73667,3,,12
inbound,73650,73666,73669,3,,13
update,73660,73675,73677,2,,14
update,73671,73686,73688,2,,15
update,73682,73697,73699,2,,0
update,73693,73708,73710,2,,1
update,73704,73719,73723,4,,2
inbound,73705,73721,73726,5,,3
update,73715,73730,73733,3,,4
update,73726,73741,73743,2,,5
update,73737,73752,73755,3,,6
update,73748,73763,73765,2,,7
update,73759,73774,73776,2,,8
inbound,73760,73776,73778,2,,9
update,73770,73785,73788,3,,10
update,73781,73796,73798,2,,11
update,73792,73807,73810,3,,12
update,73803,73818,73821,3,,13
update,73814,73829,73831,2,,14
inbound,73815,73831,73833,2,,15
update,73825,73840,73843,3,,0
update,73836,73851,73853,2,,1
update,73847,73862,73864,2,,2
update,73858,73873,73876,3,,3
update,73869,73884,73887,3,,4
update,73880,73895,73898,3,,5
update,73891,73906,73909,3,,6
update,73902,73917,73920,3,,7
update,73913,73928,73931,3,,8
update,73924,73939,73942,3,,9
inbound,74000,74016,74021,5,,11
update,74000,74016,74021,5,,10
update,74011,74027,74030,3,,12
update,74022,74038,74041,3,,13
inbound,74025,74041,74044,3,,14
update,74033,74049,74051,2,,15
update,74044,74060,74062,2,,0
update,74055,74071,74074,3,,1
update,74066,74082,74085,3,,2
update,74077,74093,74095,2,,3
update,74088,74104,74106,2,,4
update,74099,74115,74119,4,,5
inbound,74100,74116,74120,4,,6
update,74110,74126,74128,2,,7
update,74121,74137,74140,3,,8
update,74132,74148,74150,2,,9
update,74143,74159,74162,3,,10
update,74154,74170,74173,3,,11
inbound,74155,74171,74174,3,,12
update,74165,74181,74184,3,,13
update,74176,74192,74195,3,,14
update,74187,74203,74206,3,,15
update,74198,74214,74217,3,,0
inbound,74200,74216,74219,3,,1
update,74209,74225,74228,3,,2
inbound,74210,74226,74230,4,,3
update,74220,74236,74240,4,,4
inbound,74225,74241,74244,3,,5
update,74231,74247,74250,3,,6
update,74242,74258,74262,4,,7
update,74253,74269,74272,3,,8
update,74264,74280,74284,4,,9
inbound,74265,74280,74284,4,,10
update,74275,74291,74294,3,,11
update,74286,74302,74305,3,,12
update,74297,74313,74316,3,,13
update,74308,74324,74326,2,,14
inbound,74320,74336,74340,4,,0
update,74319,74335,74341,6,,15
update,74330,74346,74349,3,,1
update,74341,74356,74360,4,,2
update,74352,74368,74371,3,,3
update,74363,74379,74382,3,,4
update,74374,74390,74394,4,,5
inbound,74375,74391,74395,4,,6
update,74385,74401,74404,3,,7
update,74396,74412,74416,4,,8
inbound,74400,74417,74420,3,,9
update,74407,74423,74425,2,,10
update,74418,74433,74436,3,,11
inbound,74425,74441,74443,2,,12
update,74429,74444,74447,3,,13
inbound,74430,74447,74449,2,,14
update,74440,74456,74458,2,,15
update,74451,74467,74470,3,,0
update,74462,74478,74481,3,,1
update,74473,74489,74494,5,,2
update,74484,74501,74504,3,,3
inbound,74485,74501,74504,3,,4
update,74495,74511,74514,3,,5
update,74506,74522,74525,3,,6
update,74517,74533,74536,3,,7
update,74528,74544,74548,4,,8
update,74539,74555,74559,4,,9
inbound,74540,74556,74559,3,,10
update,74550,74566,74568,2,,11
update,74561,74577,74579,2,,12
update,74572,74588,74591,3,,13
update,74583,74599,74602,3,,14
inbound,74595,74611,74614,3,,0
update,74594,74610,74615,5,,15
update,74605,74621,74624,3,,1
update,74616,74632,74634,2,,2
update,74627,74643,74646,3,,3
update,74638,74654,74657,3,,4
update,74649,74665,74669,4,,5
inbound,74650,74666,74669,3,,6
update,74660,74676,74679,3,,7
update,74671,74687,74690,3,,8
update,74682,74698,74701,3,,9
update,74693,74709,74712,3,,10
inbound,74705,74722,74726,4,,12
update,74704,74720,74728,8,,11
update,74715,74731,74737,6,,13
update,74726,74742,74745,3,,14
update,74737,74753,74756,3,,15
update,74748,74764,74767,3,,0
update,74759,74775,74778,3,,1
inbound,74760,74776,74779,3,,2
update,74770,74786,74788,2,,3
update,74781,74797,74799,2,,4
update,74792,74808,74811,3,,5
update,74803,74819,74822,3,,6
update,74814,74830,74833,3,,7
inbound,74815,74831,74834,3,,8
update,74825,74841,74844,3,,9
update,74836,74852,74855,3,,10
update,74847,74863,74866,3,,11
update,74858,74874,74877,3,,12
update,74869,74885,74887,2,,13
update,74880,74896,74899,3,,14
update,74891,74907,74910,3,,15
update,74902,74918,74921,3,,0
update,74913,74929,74932,3,,1
update,74924,74940,74943,3,,2
inbound,75000,75016,75019,3,,4
update,75000,75016,75022,6,,3
update,75011,75027,75030,3,,5
update,75022,75038,75041,3,,6
inbound,75025,75041,75046,5,,7
update,75033,75049,75052,3,,8
update,75044,75060,75062,2,,9
update,75055,75071,75074,3,,10
update,75066,75082,75085,3,,11
update,75077,75093,75097,4,,12
update,75088,75104,75107,3,,13
update,75099,75115,75118,3,,14
inbound,75100,75115,75119,4,,15
update,75110,75126,75129,3,,0
update,75121,75137,75140,3,,1
update,75132,75148,75151,3,,2
update,75143,75159,75162,3,,3
update,75154,75170,75174,4,,4
inbound,75155,75171,75177,6,,5
update,75165,75181,75185,4,,6
update,75176,75192,75195,3,,7
update,75187,75203,75206,3,,8
update,75198,75214,75218,4,,9
inbound,75200,75216,75220,4,,10
inbound,75210,75225,75229,4,,12
update,75209,75225,75229,4,,11
update,75220,75236,75239,3,,13
inbound,75225,75241,75245,4,,14
update,75231,75247,75250,3,,15
update,75242,75258,75261,3,,0
update,75253,75269,75272,3,,1
update,75264,75280,75284,4,,2
inbound,75265,75281,75285,4,,3
update,75275,75291,75293,2,,4
update,75286,75302,75305,3,,5
update,75297,75313,75317,4,,6
update,75308,75324,75327,3,,7
update,75319,75335,75338,3,,8
inbound,75320,75336,75340,4,,9
update,75330,75346,75349,3,,10
update,75341,75357,75360,3,,11
update,75352,75368,75371,3,,12
update,75363,75379,75382,3,,13
update,75374,75390,75394,4,,14
inbound,75375,75391,75395,4,,15
update,75385,75401,75404,3,,0
update,75396,75412,75415,3,,1
inbound,75400,75415,75418,3,,2
update,75407,75423,75426,3,,3
update,75418,75434,75438,4,,4
inbound,75425,75441,75444,3,,5
update,75429,75445,75448,3,,6
inbound,75430,75446,75449,3,,7
update,75440,75456,75458,2,,8
update,75451,75467,75469,2,,9
update,75462,75478,75480,2,,10
update,75473,75489,75491,2,,11
inbound,75485,75501,75504,3,,13
update,75484,75500,75506,6,,12
update,75495,75511,75513,2,,14
update,75506,75522,75526,4,,15
update,75517,75533,75536,3,,0
update,75528,75544,75548,4,,1
update,75539,75555,75559,4,,2
inbound,75540,75556,75559,3,,3
update,75550,75566,75570,4,,4
update,75561,75577,75581,4,,5
update,75572,75588,75591,3,,6
update,75583,75599,75602,3,,7
update,75594,75610,75614,4,,8
inbound,75595,75611,75615,4,,9
update,75605,75621,75624,3,,10
update,75616,75632,75634,2,,11
update,75627,75643,75646,3,,12
update,75638,75654,75658,4,,13
inbound,75650,75666,75669,3,,15
update,75649,75665,75670,5,,14
update,75660,75676,75680,4,,0
update,75671,75687,75691,4,,1
update,75682,75698,75704,6,,2
update,75693,75709,75716,7,,3
update,75704,75720,75726,6,,4
inbound,75705,75722,75728,6,,5
update,75715,75731,75739,8,,6
update,75726,75742,75747,5,,7
update,75737,75753,75759,6,,8
update,75748,75764,75768,4,,9
update,75759,75775,75778,3,,10
inbound,75760,75776,75780,4,,11
update,75770,75786,75789,3,,12
update,75781,75797,75801,4,,13
update,75792,75808,75814,6,,14
update,75803,75819,75822,3,,15
update,75814,75830,75834,4,,0
inbound,75815,75831,75835,4,,1
update,75825,75841,75844,3,,2
update,75836,75852,75856,4,,3
update,75847,75863,75866,3,,4
update,75858,75874,75877,3,,5
update,75869,75885,75887,2,,6
update,75880,75896,75898,2,,7
update,75891,75907,75910,3,,8
update,75902,75918,75921,3,,9
update,75913,75929,75932,3,,10
update,75924,75940,75942,2,,11
inbound,76000,76016,76019,3,,13
update,76000,76016,76019,3,,12
update,76011,76027,76030,3,,14
update,76022,76038,76041,3,,15
inbound,76025,76041,76043,2,,0
update,76033,76049,76052,3,,1
update,76044,76060,76062,2,,2
update,76055,76071,76074,3,,3
update,76066,76082,76085,3,,4
update,76077,76092,76095,3,,5
update,76088,76104,76106,2,,6
update,76099,76115,76118,3,,7
inbound,76100,76116,76120,4,,8
update,76110,76126,76129,3,,9
update,76121,76137,76140,3,,10
update,76132,76148,76151,3,,11
update,76143,76159,76162,3,,12
update,76154,76170,76174,4,,13
inbound,76155,76171,76175,4,,14
update,76165,76181,76184,3,,15
update,76176,76191,76194,3,,0
update,76187,76203,76207,4,,1
update,76198,76214,76217,3,,2
inbound,76200,76216,76219,3,,3
update,76209,76225,76228,3,,4
inbound,76210,76226,76229,3,,5
update,76220,76236,76238,2,,6
inbound,76225,76241,76244,3,,7
update,76231,76246,76249,3,,8
update,76242,76258,76261,3,,9
update,76253,76269,76272,3,,10
update,76264,76280,76283,3,,11
inbound,76265,76280,76284,4,,12
update,76275,76291,76295,4,,13
update,76286,76302,76304,2,,14
update,76297,76313,76316,3,,15
update,76308,76324,76327,3,,0
inbound,76320,76336,76340,4,,2
update,76319,76335,76340,5,,1
update,76330,76346,76348,2,,3
update,76341,76357,76360,3,,4
update,76352,76368,76372,4,,5
update,76363,76379,76381,2,,6
update,76374,76389,76393,4,,7
inbound,76375,76391,76394,3,,8
update,76385,76401,76403,2,,9
update,76396,76412,76414,2,,10
inbound,76400,76416,76420,4,,11
update,76407,76423,76426,3,,12
update,76418,76434,76437,3,,13
inbound,76425,76441,76446,5,,14
inbound,76430,76446,76449,3,,0
update,76429,76445,76450,5,,15
update,76440,76455,76459,4,,1
update,76451,76467,76470,3,,2
update,76462,76478,76482,4,,3
update,76473,76489,76494,5,,4
update,76484,76500,76503,3,,5
inbound,76485,76501,76509,8,,6
update,76495,76510,76514,4,,7
update,76506,76522,76525,3,,8
update,76517,76533,76535,2,,9
update,76528,76544,76547,3,,10
update,76539,76555,76559,4,,11
inbound,76540,76556,76560,4,,12
update,76550,76566,76569,3,,13
update,76561,76577,76580,3,,14
update,76572,76588,76591,3,,15
update,76583,76599,76602,3,,0
update,76594,76610,76613,3,,1
inbound,76595,76611,76615,4,,2
update,76605,76621,76624,3,,3
update,76616,76632,76635,3,,4
update,76627,76643,76645,2,,5
update,76638,76654,76657,3,,6
update,76649,76665,76668,3,,7
inbound,76650,76666,76668,2,,8
update,76660,76676,76679,3,,9
update,76671,76687,76689,2,,10
update,76682,76698,76701,3,,11
update,76693,76708,76711,3,,12
update,76704,76720,76724,4,,13
inbound,76705,76721,76724,3,,14
update,76715,76731,76734,3,,15
update,76726,76744,76748,4,,0
update,76737,76753,76757,4,,1
update,76748,76764,76767,3,,2
inbound,76760,76776,76780,4,,4
update,76759,76775,76780,5,,3
update,76770,76786,76789,3,,5
update,76781,76797,76800,3,,6
update,76792,76808,76810,2,,7
update,76803,76819,76822,3,,8
update,76814,76830,76833,3,,9
inbound,76815,76831,76833,2,,10
update,76825,76841,76844,3,,11
update,76836,76852,76855,3,,12
update,76847,76863,76866,3,,13
update,76858,76874,76877,3,,14
update,76869,76885,76888,3,,15
update,76880,76896,76898,2,,0
update,76891,76907,76910,3,,1
update,76902,76918,76920,2,,2
update,76913,76929,76932,3,,3
update,76924,76940,76943,3,,4
update,77000,77016,77020,4,,5
inbound,77000,77016,77020,4,,6
update,77011,77027,77029,2,,7
update,77022,77038,77040,2,,8
inbound,77025,77041,77044,3,,9
update,77033,77049,77052,3,,10
update,77044,77060,77062,2,,11
update,77055,77071,77073,2,,12
update,77066,77082,77084,2,,13
update,77077,77093,77096,3,,14
update,77088,77104,77107,3,,15
update,77099,77115,77119,4,,0
inbound,77100,77116,77120,4,,1
update,77110,77126,77129,3,,2
update,77121,77137,77141,4,,3
update,77132,77148,77152,4,,4
update,77143,77159,77161,2,,5
update,77154,77170,77172,2,,6
inbound,77155,77171,77174,3,,7
update,77165,77181,77183,2,,8
update,77176,77192,77194,2,,9
update,77187,77203,77206,3,,10
update,77198,77214,77217,3,,11
inbound,77200,77216,77219,3,,12
update,77209,77225,77228,3,,13
inbound,77210,77226,77229,3,,14
update,77220,77236,77238,2,,15
inbound,77225,77241,77244,3,,0
update,77231,77247,77250,3,,1
update,77242,77258,77260,2,,2
update,77253,77269,77272,3,,3
inbound,77265,77281,77284,3,,5
update,77264,77280,77284,4,,4
update,77275,77291,77294,3,,6
update,77286,77302,77305,3,,7
update,77297,77313,77316,3,,8
update,77308,77324,77326,2,,9
inbound,77320,77335,77339,4,,11
update,77319,77335,77339,4,,10
update,77330,77346,77349,3,,12
update,77341,77357,77359,2,,13
update,77352,77368,77370,2,,14
update,77363,77379,77382,3,,15
inbound,77375,77390,77393,3,,1
update,77374,77390,77393,3,,0
update,77385,77401,77404,3,,2
update,77396,77412,77415,3,,3
inbound,77400,77416,77419,3,,4
update,77407,77423,77426,3,,5
update,77418,77434,77437,3,,6
inbound,77425,77441,77443,2,,7
update,77429,77445,77448,3,,8
inbound,77430,77446,77449,3,,9
update,77440,77456,77459,3,,10
update,77451,77467,77470,3,,11
update,77462,77478,77481,3,,12
update,77473,77489,77492,3,,13
update,77484,77500,77503,3,,14
inbound,77485,77501,77504,3,,15
update,77495,77511,77514,3,,0
update,77506,77522,77525,3,,1
update,77517,77533,77535,2,,2
update,77528,77544,77546,2,,3
update,77539,77555,77558,3,,4
inbound,77540,77555,77558,3,,5
update,77550,77566,77568,2,,6
update,77561,77577,77580,3,,7
update,77572,77588,77591,3,,8
update,77583,77599,77601,2,,9
update,77594,77610,77613,3,,10
inbound,77595,77611,77614,3,,11
update,77605,77621,77623,2,,12
update,77616,77633,77635,2,,13
update,77627,77643,77647,4,,14
update,77638,77654,77657,3,,15
update,77649,77665,77669,4,,0
inbound,77650,77666,77670,4,,1
update,77660,77676,77679,3,,2
update,77671,77687,77691,4,,3
update,77682,77698,77701,3,,4
update,77693,77709,77712,3,,5
inbound,77705,77721,77724,3,,7
update,77704,77721,77725,4,,6
update,77715,77731,77734,3,,8
update,77726,77742,77745,3,,9
update,77737,77753,77757,4,,10
update,77748,77764,77766,2,,11
update,77759,77775,77778,3,,12
inbound,77760,77776,77778,2,,13
update,77770,77787,77789,2,,14
update,77781,77797,77800,3,,15
update,77792,77808,77811,3,,0
update,77803,77819,77821,2,,1
inbound,77815,77830,77833,3,,3
update,77814,77830,77834,4,,2
update,77825,77841,77843,2,,4
update,77836,77852,77855,3,,5
update,77847,77863,77865,2,,6
update,77858,77874,77877,3,,7
update,77869,77885,77887,2,,8
update,77880,77896,77898,2,,9
update,77891,77907,77910,3,,10
update,77902,77918,77921,3,,11
update,77913,77929,77931,2,,12
update,77924,77940,77942,2,,13
update,78000,78016,78020,4,,14
inbound,78000,78016,78021,5,,15
update,78011,78027,78030,3,,0
update,78022,78038,78042,4,,1
inbound,78025,78041,78045,4,,2
update,78033,78049,78052,3,,3
update,78044,78060,78063,3,,4
update,78055,78071,78074,3,,5
update,78066,78082,78085,3,,6
update,78077,78092,78095,3,,7
update,78088,78104,78107,3,,8
inbound,78100,78116,78119,3,,10
update,78099,78115,78119,4,,9
update,78110,78126,78129,3,,11
update,78121,78137,78139,2,,12
update,78132,78148,78151,3,,13
update,78143,78159,78161,2,,14
update,78154,78170,78173,3,,15
inbound,78155,78171,78175,4,,0
update,78165,78181,78184,3,,1
update,78176,78193,78196,3,,2
update,78187,78203,78205,2,,3
update,78198,78214,78218,4,,4
inbound,78200,78216,78219,3,,5
update,78209,78225,78229,4,,6
inbound,78210,78226,78229,3,,7
update,78220,78236,78239,3,,8
inbound,78225,78242,78244,2,,9
update,78231,78247,78250,3,,10
update,78242,78258,78261,3,,11
update,78253,78269,78272,3,,12
update,78264,78280,78283,3,,13
inbound,78265,78281,78285,4,,14
update,78275,78291,78295,4,,15
update,78286,78302,78305,3,,0
update,78297,78313,78316,3,,1
update,78308,78324,78326,2,,2
update,78319,78335,78339,4,,3
inbound,78320,78336,78340,4,,4
update,78330,78346,78349,3,,5
update,78341,78357,78360,3,,6
update,78352,78368,78371,3,,7
update,78363,78379,78383,4,,8
inbound,78375,78391,78395,4,,10
update,78374,78390,78395,5,,9
update,78385,78401,78404,3,,11
update,78396,78412,78415,3,,12
inbound,78400,78416,78419,3,,13
update,78407,78423,78427,4,,14
update,78418,78434,78437,3,,15
inbound,78425,78441,78444,3,,0
update,78429,78445,78448,3,,1
inbound,78430,78446,78450,4,,2
update,78440,78456,78458,2,,3
update,78451,78467,78469,2,,4
update,78462,78478,78480,2,,5
update,78473,78489,78492,3,,6
update,78484,78500,78504,4,,7
inbound,78485,78501,78505,4,,8
update,78495,78511,78513,2,,9
update,78506,78522,78525,3,,10
update,78517,78533,78536,3,,11
update,78528,78544,78546,2,,12
update,78539,78555,78558,3,,13
inbound,78540,78556,78559,3,,14
update,78550,78566,78568,2,,15
update,78561,78577,78580,3,,0
update,78572,78588,78592,4,,1
update,78583,78599,78601,2,,2
update,78594,78610,78614,4,,3
inbound,78595,78611,78615,4,,4
update,78605,78621,78624,3,,5
update,78616,78632,78635,3,,6
update,78627,78643,78645,2,,7
update,78638,78654,78657,3,,8
update,78649,78665,78668,3,,9
inbound,78650,78666,78669,3,,10
update,78660,78676,78680,4,,11
update,78671,78687,78691,4,,12
update,78682,78698,78703,5,,13
update,78693,78709,78713,4,,14
update,78704,78720,78724,4,,15
inbound,78705,78721,78725,4,,0
update,78715,78731,78736,5,,1
update,78726,78742,78745,3,,2
update,78737,78753,78760,7,,3
update,78748,78764,78767,3,,4
update,78759,78775,78779,4,,5
inbound,78760,78776,78779,3,,6
update,78770,78786,78789,3,,7
update,78781,78797,78800,3,,8
update,78792,78808,78811,3,,9
update,78803,78819,78822,3,,10
update,78814,78830,78834,4,,11
inbound,78815,78830,78834,4,,12
update,78825,78841,78844,3,,13
update,78836,78852,78855,3,,14
update,78847,78863,78866,3,,15
update,78858,78874,78877,3,,0
update,78869,78885,78888,3,,1
update,78880,78896,78899,3,,2
update,78891,78907,78910,3,,3
update,78902,78918,78921,3,,4
update,78913,78929,78932,3,,5
update,78924,78940,78943,3,,6
inbound,79000,79016,79021,5,,8
update,79000,79016,79021,5,,7
update,79011,79027,79029,2,,9
update,79022,79038,79040,2,,10
inbound,79025,79041,79044,3,,11
update,79033,79049,79052,3,,12
update,79044,79060,79063,3,,13
update,79055,79071,79074,3,,14
update,79066,79082,79085,3,,15
update,79077,79093,79096,3,,0
update,79088,79104,79107,3,,1
update,79099,79115,79118,3,,2
inbound,79100,79116,79120,4,,3
update,79110,79126,79130,4,,4
update,79121,79137,79140,3,,5
update,79132,79148,79150,2,,6
update,79143,79159,79162,3,,7
update,79154,79170,79173,3,,8
inbound,79155,79171,79175,4,,9
update,79165,79181,79184,3,,10
update,79176,79192,79195,3,,11
update,79187,79203,79206,3,,12
update,79198,79214,79217,3,,13
inbound,79200,79216,79219,3,,14
update,79209,79225,79229,4,,15
inbound,79210,79226,79230,4,,0
update,79220,79236,79239,3,,1
inbound,79225,79241,79244,3,,2
update,79231,79247,79250,3,,3
update,79242,79258,79260,2,,4
update,79253,79269,79272,3,,5
update,79264,79280,79283,3,,6
inbound,79265,79281,79285,4,,7
update,79275,79291,79298,7,,8
update,79286,79302,79305,3,,9
update,79297,79313,79315,2,,10
update,79308,79324,79327,3,,11
update,79319,79335,79339,4,,12
inbound,79320,79336,79340,4,,13
update,79330,79346,79348,2,,14
update,79341,79357,79361,4,,15
update,79352,79368,79371,3,,0
update,79363,79379,79382,3,,1
update,79374,79390,79393,3,,2
inbound,79375,79391,79395,4,,3
update,79385,79401,79404,3,,4
update,79396,79412,79416,4,,5
inbound,79400,79416,79418,2,,6
update,79407,79423,79427,4,,7
update,79418,79434,79437,3,,8
inbound,79425,79441,79444,3,,9
update,79429,79445,79449,4,,10
inbound,79430,79446,79450,4,,11
update,79440,79457,79459,2,,12
update,79451,79467,79470,3,,13
update,79462,79478,79481,3,,14
update,79473,79489,79492,3,,15
update,79484,79500,79503,3,,0
inbound,79485,79501,79504,3,,1
update,79495,79511,79514,3,,2
update,79506,79522,79525,3,,3
update,79517,79533,79536,3,,4
update,79528,79544,79547,3,,5
update,79539,79555,79559,4,,6
inbound,79540,79556,79560,4,,7
update,79550,79566,79569,3,,8
update,79561,79577,79580,3,,9
update,79572,79588,79591,3,,10
update,79583,79599,79602,3,,11
update,79594,79610,79613,3,,12
inbound,79595,79611,79615,4,,13
update,79605,79621,79624,3,,14
update,79616,79632,79635,3,,15
update,79627,79643,79646,3,,0
update,79638,79654,79657,3,,1
update,79649,79665,79668,3,,2
inbound,79650,79666,79670,4,,3
update,79660,79675,79678,3,,4
update,79671,79687,79690,3,,5
update,79682,79698,79701,3,,6
update,79693,79709,79711,2,,7
update,79704,79720,79725,5,,8
inbound,79705,79721,79725,4,,9
update,79715,79731,79734,3,,10
update,79726,79742,79745,3,,11
update,79737,79753,79756,3,,12
update,79748,79764,79768,4,,13
update,79759,79775,79778,3,,14
inbound,79760,79776,79778,2,,15
update,79770,79786,79789,3,,0
update,79781,79797,79800,3,,1
update,79792,79808,79811,3,,2
update,79803,79819,79822,3,,3
inbound,79815,79830,79834,4,,5
update,79814,79830,79834,4,,4
update,79825,79841,79843,2,,6
update,79836,79852,79854,2,,7
update,79847,79863,79865,2,,8
update,79858,79874,79876,2,,9
update,79869,79885,79887,2,,10
update,79880,79896,79899,3,,11
update,79891,79907,79909,2,,12
update,79902,79918,79921,3,,13
update,79913,79929,79932,3,,14
update,79924,79940,79943,3,,15
inbound,80000,80016,80020,4,,1
update,80000,80016,80025,9,,0
update,80011,80027,80031,4,,2
update,80022,80038,80040,2,,3
inbound,80025,80041,80044,3,,4
update,80033,80049,80052,3,,5
update,80044,80060,80064,4,,6
update,80055,80071,80075,4,,7
update,80066,80082,80085,3,,8
update,80077,80093,80098,5,,9
update,80088,80104,80110,6,,10
update,80099,80115,80118,3,,11
inbound,80100,80117,80120,3,,12
update,80110,80126,80130,4,,13
update,80121,80137,80139,2,,14
update,80132,80148,80151,3,,15
update,80143,80159,80162,3,,0
update,80154,80170,80173,3,,1
inbound,80155,80171,80174,3,,2
update,80165,80181,80185,4,,3
update,80176,80192,80195,3,,4
update,80187,80203,80206,3,,5
update,80198,80214,80217,3,,6
inbound,80200,80215,80219,4,,7
update,80209,80225,80228,3,,8
inbound,80210,80226,80229,3,,9
update,80220,80236,80239,3,,10
inbound,80225,80241,80244,3,,11
update,80231,80247,80251,4,,12
update,80242,80258,80261,3,,13
update,80253,80269,80272,3,,14
update,80264,80280,80284,4,,15
inbound,80265,80281,80285,4,,0
update,80275,80291,80294,3,,1
update,80286,80302,80304,2,,2
update,80297,80313,80316,3,,3
update,80308,80324,80327,3,,4
update,80319,80335,80337,2,,5
inbound,80320,80336,80339,3,,6
update,80330,80345,80348,3,,7
update,80341,80357,80360,3,,8
update,80352,80368,80370,2,,9
update,80363,80379,80382,3,,10
update,80374,80390,80392,2,,11
inbound,80375,80391,80394,3,,12
update,80385,80401,80405,4,,13
update,80396,80412,80415,3,,14
inbound,80400,80416,80418,2,,15
update,80407,80423,80426,3,,0
update,80418,80434,80436,2,,1
inbound,80425,80441,80445,4,,2
update,80429,80445,80447,2,,3
inbound,80430,80446,80450,4,,4
update,80440,80456,80459,3,,5
update,80451,80467,80469,2,,6
update,80462,80478,80480,2,,7
update,80473,80489,80492,3,,8
update,80484,80500,80504,4,,9
inbound,80485,80501,80504,3,,10
update,80495,80512,80514,2,,11
update,80506,80522,80524,2,,12
update,80517,80533,80536,3,,13
update,80528,80544,80546,2,,14
update,80539,80555,80558,3,,15
inbound,80540,80556,80559,3,,0
update,80550,80566,80569,3,,1
update,80561,80577,80580,3,,2
update,80572,80588,80591,3,,3
update,80583,80599,80602,3,,4
update,80594,80610,80613,3,,5
inbound,80595,80610,80613,3,,6
update,80605,80621,80624,3,,7
update,80616,80632,80635,3,,8
update,80627,80643,80646,3,,9
update,80638,80654,80657,3,,10
update,80649,80665,80668,3,,11
inbound,80650,80666,80669,3,,12
update,80660,80676,80678,2,,13
update,80671,80687,80689,2,,14
update,80682,80698,80701,3,,15
update,80693,80709,80712,3,,0
update,80704,80720,80723,3,,1
inbound,80705,80721,80725,4,,2
update,80715,80731,80734,3,,3
update,80726,80742,80745,3,,4
update,80737,80753,80758,5,,5
update,80748,80764,80769,5,,6
inbound,80760,80776,80778,2,,8
update,80759,80775,80781,6,,7
update,80770,80786,80788,2,,9
update,80781,80796,80799,3,,10
update,80792,80808,80811,3,,11
update,80803,80819,80823,4,,12
update,80814,80831,80834,3,,13
inbound,80815,80831,80838,7,,14
update,80825,80841,80846,5,,15
update,80836,80852,80855,3,,0
update,80847,80863,80866,3,,1
update,80858,80874,80877,3,,2
update,80869,80885,80888,3,,3
update,80880,80895,80898,3,,4
update,80891,80907,80909,2,,5
update,80902,80918,80921,3,,6
update,80913,80929,80933,4,,7
update,80924,80940,80943,3,,8
update,81000,81016,81019,3,,9
inbound,81000,81016,81021,5,,10
update,81011,81027,81030,3,,11
update,81022,81038,81040,2,,12
inbound,81025,81041,81044,3,,13
update,81033,81049,81051,2,,14
update,81044,81060,81062,2,,15
update,81055,81071,81074,3,,0
update,81066,81082,81085,3,,1
update,81077,81093,81096,3,,2
update,81088,81104,81106,2,,3
inbound,81100,81115,81118,3,,5
update,81099,81115,81119,4,,4
update,81110,81126,81128,2,,6
update,81121,81137,81140,3,,7
update,81132,81148,81150,2,,8
update,81143,81159,81162,3,,9
inbound,81155,81170,81173,3,,11
update,81154,81170,81173,3,,10
update,81165,81181,81184,3,,12
update,81176,81192,81195,3,,13
update,81187,81203,81205,2,,14
update,81198,81214,81217,3,,15
inbound,81200,81216,81219,3,,0
update,81209,81225,81228,3,,1
inbound,81210,81226,81229,3,,2
update,81220,81236,81238,2,,3
inbound,81225,81241,81244,3,,4
update,81231,81246,81249,3,,5
update,81242,81258,81260,2,,6
update,81253,81269,81272,3,,7
inbound,81265,81280,81283,3,,9
update,81264,81280,81283,3,,8
update,81275,81291,81294,3,,10
update,81286,81302,81305,3,,11
update,81297,81313,81315,2,,12
update,81308,81324,81327,3,,13
update,81319,81335,81338,3,,14
inbound,81320,81336,81339,3,,15
update,81330,81346,81349,3,,0
update,81341,81357,81359,2,,1
update,81352,81368,81370,2,,2
update,81363,81379,81381,2,,3
update,81374,81390,81393,3,,4
inbound,81375,81391,81393,2,,5
update,81385,81401,81403,2,,6
update,81396,81412,81415,3,,7
inbound,81400,81416,81418,2,,8
update,81407,81423,81426,3,,9
update,81418,81434,81436,2,,10
inbound,81425,81441,81443,2,,11
update,81429,81445,81449,4,,12
inbound,81430,81446,81449,3,,13
update,81440,81457,81459,2,,14
update,81451,81467,81470,3,,15
update,81462,81478,81480,2,,0
update,81473,81489,81491,2,,1
update,81484,81500,81503,3,,2
inbound,81485,81501,81504,3,,3
update,81495,81511,81514,3,,4
update,81506,81522,81524,2,,5
update,81517,81533,81536,3,,6
update,81528,81544,81547,3,,7
update,81539,81555,81558,3,,8
inbound,81540,81556,81558,2,,9
update,81550,81566,81568,2,,10
update,81561,81577,81580,3,,11
update,81572,81588,81591,3,,12
update,81583,81599,81601,2,,13
update,81594,81610,81613,3,,14
inbound,81595,81611,81614,3,,15
update,81605,81621,81624,3,,0
update,81616,81632,81635,3,,1
update,81627,81643,81645,2,,2
update,81638,81654,81657,3,,3
inbound,81650,81665,81669,4,,5
update,81649,81665,81669,4,,4
update,81660,81676,81679,3,,6
update,81671,81687,81689,2,,7
update,81682,81698,81700,2,,8
update,81693,81709,81712,3,,9
update,81704,81720,81723,3,,10
inbound,81705,81721,81724,3,,11
update,81715,81731,81734,3,,12
update,81726,81742,81745,3,,13
update,81737,81753,81756,3,,14
update,81748,81764,81769,5,,15
inbound,81760,81776,81778,2,,1
update,81759,81775,81780,5,,0
update,81770,81786,81789,3,,2
update,81781,81797,81800,3,,3
update,81792,81808,81811,3,,4
update,81803,81819,81822,3,,5
update,81814,81830,81834,4,,6
inbound,81815,81831,81834,3,,7
update,81825,81841,81844,3,,8
update,81836,81852,81855,3,,9
update,81847,81863,81866,3,,10
update,81858,81874,81876,2,,11
update,81869,81885,81888,3,,12
update,81880,81896,81899,3,,13
update,81891,81907,81910,3,,14
update,81902,81918,81921,3,,15
update,81913,81929,81931,2,,0
update,81924,81940,81942,2,,1
inbound,82000,82016,82021,5,,3
update,82000,82016,82021,5,,2
update,82011,82027,82029,2,,4
update,82022,82038,82041,3,,5
inbound,82025,82041,82044,3,,6
update,82033,82049,82051,2,,7
update,82044,82060,82062,2,,8
update,82055,82071,82073,2,,9
update,82066,82082,82085,3,,10
update,82077,82093,82096,3,,11
update,82088,82104,82107,3,,12
update,82099,82115,82118,3,,13
inbound,82100,82116,82120,4,,14
update,82110,82126,82129,3,,15
update,82121,82137,82140,3,,0
update,82132,82148,82151,3,,1
update,82143,82159,82162,3,,2
update,82154,82170,82174,4,,3
inbound,82155,82171,82175,4,,4
update,82165,82181,82184,3,,5
update,82176,82192,82195,3,,6
update,82187,82203,82206,3,,7
update,82198,82214,82216,2,,8
inbound,82200,82216,82219,3,,9
update,82209,82225,82228,3,,10
inbound,82210,82226,82230,4,,11
update,82220,82236,82239,3,,12
inbound,82225,82241,82244,3,,13
update,82231,82247,82250,3,,14
update,82242,82258,82261,3,,15
update,82253,82269,82272,3,,0
update,82264,82280,82283,3,,1
inbound,82265,82281,82286,5,,2
update,82275,82291,82294,3,,3
update,82286,82302,82305,3,,4
update,82297,82313,82315,2,,5
update,82308,82324,82327,3,,6
update,82319,82335,82338,3,,7
inbound,82320,82336,82340,4,,8
update,82330,82346,82349,3,,9
update,82341,82357,82360,3,,10
update,82352,82368,82371,3,,11
update,82363,82379,82382,3,,12
update,82374,82390,82416,26,,13
inbound,82375,82391,82416,25,,14
update,82396,82412,82416,4,,0
update,82385,82401,82416,15,,15
inbound,82400,82416,82420,4,,1
update,82407,82423,82427,4,,2
update,82418,82434,82437,3,,3
inbound,82425,82441,82444,3,,4
update,82429,82445,82451,6,,5
inbound,82430,82446,82452,6,,6
update,82440,82456,82459,3,,7
update,82451,82467,82469,2,,8
update,82462,82478,82481,3,,9
update,82473,82489,82492,3,,10
update,82484,82500,82504,4,,11
inbound,82485,82500,82504,4,,12
update,82495,82511,82513,2,,13
update,82506,82522,82526,4,,14
update,82517,82533,82536,3,,15
update,82528,82545,82548,3,,0
update,82539,82555,82558,3,,1
inbound,82540,82556,82559,3,,2
update,82550,82566,82569,3,,3
update,82561,82577,82580,3,,4
update,82572,82589,82591,2,,5
update,82583,82599,82603,4,,6
update,82594,82610,82613,3,,7
inbound,82595,82611,82614,3,,8
update,82605,82621,82624,3,,9
update,82616,82632,82634,2,,10
update,82627,82643,82647,4,,11
update,82638,82654,82657,3,,12
update,82649,82665,82668,3,,13
inbound,82650,82666,82670,4,,14
update,82660,82676,82679,3,,15
update,82671,82687,82690,3,,0
update,82682,82698,82702,4,,1
update,82693,82709,82712,3,,2
update,82704,82720,82723,3,,3
inbound,82705,82721,82725,4,,4
update,82715,82731,82733,2,,5
update,82726,82742,82745,3,,6
update,82737,82753,82757,4,,7
update,82748,82765,82768,3,,8
inbound,82760,82777,82781,4,,10
update,82759,82775,82781,6,,9
update,82770,82786,82789,3,,11
update,82781,82797,82801,4,,12
update,82792,82808,82813,5,,13
update,82803,82819,82823,4,,14
inbound,82815,82831,82833,2,,0
update,82814,82830,82833,3,,15
update,82825,82841,82844,3,,1
update,82836,82852,82854,2,,2
update,82847,82863,82866,3,,3
update,82858,82874,82878,4,,4
update,82869,82885,82888,3,,5
update,82880,82896,82899,3,,6
update,82891,82907,82910,3,,7
update,82902,82918,82921,3,,8
update,82913,82929,82931,2,,9
update,82924,82940,82943,3,,10
update,83000,83016,83019,3,,11
inbound,83000,83017,83020,3,,12
update,83011,83028,83030,2,,13
update,83022,83038,83041,3,,14
inbound,83025,83042,83045,3,,15
update,83033,83049,83054,5,,0
update,83044,83060,83064,4,,1
update,83055,83071,83074,3,,2
update,83066,83082,83085,3,,3
update,83077,83093,83095,2,,4
update,83088,83104,83107,3,,5
update,83099,83115,83118,3,,6
inbound,83100,83117,83120,3,,7
update,83110,83126,83129,3,,8
update,83121,83137,83140,3,,9
update,83132,83148,83151,3,,10
update,83143,83159,83162,3,,11
update,83154,83170,83174,4,,12
inbound,83155,83172,83175,3,,13
update,83165,83181,83183,2,,14
update,83176,83192,83195,3,,15
update,83187,83203,83206,3,,0
update,83198,83214,83217,3,,1
inbound,83200,83217,83220,3,,2
update,83209,83225,83228,3,,3
inbound,83210,83227,83230,3,,4
update,83220,83236,83240,4,,5
inbound,83225,83242,83245,3,,6
update,83231,83247,83250,3,,7
update,83242,83258,83261,3,,8
update,83253,83269,83272,3,,9
update,83264,83280,83283,3,,10
inbound,83265,83282,83285,3,,11
update,83275,83291,83293,2,,12
update,83286,83302,83304,2,,13
update,83297,83313,83317,4,,14
update,83308,83324,83327,3,,15
update,83319,83335,83338,3,,0
inbound,83320,83337,83340,3,,1
update,83330,83346,83349,3,,2
update,83341,83357,83360,3,,3
update,83352,83368,83371,3,,4
update,83363,83379,83381,2,,5
update,83374,83390,83394,4,,6
inbound,83375,83392,83395,3,,7
update,83385,83401,83405,4,,8
update,83396,83412,83416,4,,9
inbound,83400,83417,83419,2,,10
update,83407,83423,83427,4,,11
update,83418,83434,83436,2,,12
inbound,83425,83442,83445,3,,13
update,83429,83445,83449,4,,14
inbound,83430,83447,83453,6,,15
update,83440,83456,83459,3,,0
update,83451,83467,83470,3,,1
update,83462,83479,83482,3,,2
update,83473,83490,83493,3,,3
update,83484,83501,83505,4,,4
inbound,83485,83501,83505,4,,5
update,83495,83512,83514,2,,6
update,83506,83523,83526,3,,7
update,83517,83534,83537,3,,8
update,83528,83545,83548,3,,9
update,83539,83556,83559,3,,10
inbound,83540,83557,83560,3,,11
update,83550,83567,83569,2,,12
update,83561,83578,83581,3,,13
update,83572,83589,83592,3,,14
update,83583,83600,83603,3,,15
update,83594,83611,83615,4,,0
inbound,83595,83612,83615,3,,1
update,83605,83622,83625,3,,2
update,83616,83633,83635,2,,3
update,83627,83644,83648,4,,4
update,83638,83655,83658,3,,5
update,83649,83666,83669,3,,6
inbound,83650,83667,83671,4,,7
update,83660,83677,83680,3,,8
update,83671,83687,83690,3,,9
update,83682,83699,83702,3,,10
update,83693,83710,83712,2,,11
update,83704,83721,83725,4,,12
inbound,83705,83722,83725,3,,13
update,83715,83732,83735,3,,14
update,83726,83743,83746,3,,15
update,83737,83754,83757,3,,0
update,83748,83765,83768,3,,1
inbound,83760,83777,83779,2,,3
update,83759,83776,83781,5,,2
update,83770,83787,83794,7,,4
update,83781,83798,83801,3,,5
update,83792,83809,83812,3,,6
update,83803,83820,83823,3,,7
update,83814,83831,83834,3,,8
inbound,83815,83832,83835,3,,9
update,83825,83842,83846,4,,10
update,83836,83853,83856,3,,11
update,83847,83864,83867,3,,12
update,83858,83875,83877,2,,13
update,83869,83886,83889,3,,14
update,83880,83897,83901,4,,15
update,83891,83908,83910,2,,0
update,83902,83919,83922,3,,1
update,83913,83930,83933,3,,2
update,83924,83941,83945,4,,3
update,84000,84017,84021,4,,4
inbound,84000,84017,84021,4,,5
update,84011,84028,84032,4,,6
update,84022,84039,84042,3,,7
inbound,84025,84042,84045,3,,8
update,84033,84050,84053,3,,9
update,84044,84061,84063,2,,10
update,84055,84072,84074,2,,11
update,84066,84083,84086,3,,12
update,84077,84094,84096,2,,13
update,84088,84105,84108,3,,14
update,84099,84116,84120,4,,15
inbound,84100,84117,84120,3,,0
update,84110,84127,84131,4,,1
update,84121,84138,84141,3,,2
update,84132,84149,84152,3,,3
update,84143,84160,84162,2,,4
update,84154,84171,84175,4,,5
inbound,84155,84173,84176,3,,6
update,84165,84182,84185,3,,7
update,84176,84193,84196,3,,8
update,84187,84204,84207,3,,9
update,84198,84215,84217,2,,10
inbound,84200,84217,84220,3,,11
update,84209,84226,84229,3,,12
inbound,84210,84227,84231,4,,13
update,84220,84237,84239,2,,14
inbound,84225,84242,84245,3,,15
update,84231,84248,84251,3,,0
update,84242,84259,84261,2,,1
update,84253,84270,84273,3,,2
update,84264,84281,84284,3,,3
inbound,84265,84282,84286,4,,4
update,84275,84292,84298,6,,5
update,84286,84303,84306,3,,6
update,84297,84314,84317,3,,7
update,84308,84325,84327,2,,8
update,84319,84336,84339,3,,9
inbound,84320,84336,84341,5,,10
update,84330,84347,84349,2,,11
update,84341,84358,84360,2,,12
update,84352,84369,84372,3,,13
update,84363,84380,84382,2,,14
update,84374,84391,84399,8,,15
inbound,84375,84392,84402,10,,0
update,84385,84402,84408,6,,1
update,84396,84413,84416,3,,2
inbound,84400,84417,84420,3,,3
update,84407,84424,84427,3,,4
update,84418,84435,84438,3,,5
inbound,84425,84442,84447,5,,6
update,84429,84447,84450,3,,7
inbound,84430,84447,84450,3,,8
update,84440,84457,84460,3,,9
update,84451,84468,84470,2,,10
update,84462,84479,84481,2,,11
update,84473,84490,84493,3,,12
update,84484,84501,84505,4,,13
inbound,84485,84502,84505,3,,14
update,84495,84512,84514,2,,15
update,84506,84523,84526,3,,0
update,84517,84534,84537,3,,1
update,84528,84545,84548,3,,2
update,84539,84556,84559,3,,3
inbound,84540,84557,84560,3,,4
update,84550,84567,84570,3,,5
update,84561,84578,84580,2,,6
update,84572,84589,84591,2,,7
update,84583,84600,84603,3,,8
update,84594,84611,84614,3,,9
inbound,84595,84611,84615,4,,10
update,84605,84622,84624,2,,11
update,84616,84633,84637,4,,12
update,84627,84644,84647,3,,13
update,84638,84655,84657,2,,14
update,84649,84666,84669,3,,15
inbound,84650,84667,84671,4,,0
update,84660,84677,84680,3,,1
update,84671,84688,84691,3,,2
update,84682,84699,84701,2,,3
update,84693,84710,84713,3,,4
update,84704,84721,84725,4,,5
inbound,84705,84722,84725,3,,6
update,84715,84733,84735,2,,7
update,84726,84743,84745,2,,8
update,84737,84754,84758,4,,9
update,84748,84765,84768,3,,10
update,84759,84776,84779,3,,11
inbound,84760,84777,84779,2,,12
update,84770,84787,84791,4,,13
update,84781,84798,84802,4,,14
update,84792,84809,84813,4,,15
update,84803,84820,84822,2,,0
update,84814,84831,84835,4,,1
inbound,84815,84832,84835,3,,2
update,84825,84842,84845,3,,3
update,84836,84853,84856,3,,4
update,84847,84864,84867,3,,5
update,84858,84875,84878,3,,6
update,84869,84886,84889,3,,7
update,84880,84897,84900,3,,8
update,84891,84908,84911,3,,9
update,84902,84919,84921,2,,10
update,84913,84930,84933,3,,11
update,84924,84941,84944,3,,12
update,85000,85017,85020,3,,13
inbound,85000,85017,85020,3,,14
update,85011,85028,85031,3,,15
update,85022,85039,85042,3,,0
inbound,85025,85042,85044,2,,1
update,85033,85050,85053,3,,2
update,85044,85061,85064,3,,3
update,85055,85072,85075,3,,4
update,85066,85083,85085,2,,5
update,85077,85094,85096,2,,6
update,85088,85104,85107,3,,7
update,85099,85116,85118,2,,8
inbound,85100,85117,85119,2,,9
update,85110,85127,85129,2,,10
update,85121,85138,85141,3,,11
update,85132,85149,85152,3,,12
update,85143,85160,85163,3,,13
inbound,85155,85171,85174,3,,15
update,85154,85171,85174,3,,14
update,85165,85182,85185,3,,0
update,85176,85193,85196,3,,1
update,85187,85204,85206,2,,2
update,85198,85215,85218,3,,3
inbound,85200,85217,85219,2,,4
update,85209,85226,85229,3,,5
inbound,85210,85227,85231,4,,6
update,85220,85237,85241,4,,7
inbound,85225,85242,85244,2,,8
update,85231,85248,85251,3,,9
update,85242,85259,85263,4,,10
update,85253,85270,85273,3,,11
update,85264,85281,85284,3,,12
inbound,85265,85282,85285,3,,13
update,85275,85292,85295,3,,14
update,85286,85303,85306,3,,15
update,85297,85314,85316,2,,0
update,85308,85325,85327,2,,1
update,85319,85336,85339,3,,2
inbound,85320,85337,85339,2,,3
update,85330,85347,85350,3,,4
update,85341,85358,85361,3,,5
update,85352,85369,85372,3,,6
update,85363,85380,85383,3,,7
update,85374,85391,85394,3,,8
inbound,85375,85392,85395,3,,9
update,85385,85402,85405,3,,10
update,85396,85413,85416,3,,11
inbound,85400,85417,85420,3,,12
update,85407,85424,85427,3,,13
update,85418,85435,85438,3,,14
inbound,85425,85442,85445,3,,15
update,85429,85446,85449,3,,0
inbound,85430,85447,85450,3,,1
update,85440,85457,85460,3,,2
update,85451,85468,85471,3,,3
update,85462,85479,85481,2,,4
update,85473,85490,85493,3,,5
update,85484,85501,85505,4,,6
inbound,85485,85501,85505,4,,7
update,85495,85512,85514,2,,8
update,85506,85523,85525,2,,9
update,85517,85534,85537,3,,10
update,85528,85545,85548,3,,11
inbound,85540,85556,85559,3,,13
update,85539,85556,85560,4,,12
update,85550,85567,85569,2,,14
update,85561,85578,85580,2,,15
update,85572,85589,85592,3,,0
update,85583,85600,85603,3,,1
update,85594,85611,85614,3,,2
inbound,85595,85612,85615,3,,3
update,85605,85622,85625,3,,4
update,85616,85633,85636,3,,5
update,85627,85644,85647,3,,6
update,85638,85655,85658,3,,7
update,85649,85666,85669,3,,8
inbound,85650,85667,85670,3,,9
update,85660,85677,85680,3,,10
update,85671,85688,85690,2,,11
update,85682,85699,85701,2,,12
update,85693,85710,85712,2,,13
update,85704,85721,85723,2,,14
inbound,85705,85722,85724,2,,15
update,85715,85732,85734,2,,0
update,85726,85744,85746,2,,1
update,85737,85754,85757,3,,2
update,85748,85765,85769,4,,3
inbound,85760,85777,85780,3,,5
update,85759,85776,85780,4,,4
update,85770,85788,85792,4,,6
update,85781,85798,85802,4,,7
update,85792,85809,85813,4,,8
update,85803,85820,85823,3,,9
inbound,85815,85832,85834,2,,11
update,85814,85831,85835,4,,10
update,85825,85842,85845,3,,12
update,85836,85852,85856,4,,13
update,85847,85864,85867,3,,14
update,85858,85875,85878,3,,15
update,85869,85886,85889,3,,0
update,85880,85897,85900,3,,1
update,85891,85908,85911,3,,2
update,85902,85919,85922,3,,3
update,85913,85930,85933,3,,4
update,85924,85941,85944,3,,5
inbound,86000,86017,86021,4,,7
update,86000,86017,86022,5,,6
update,86011,86028,86031,3,,8
update,86022,86039,86042,3,,9
inbound,86025,86042,86046,4,,10
update,86033,86050,86053,3,,11
update,86044,86061,86064,3,,12
update,86055,86072,86075,3,,13
update,86066,86083,86086,3,,14
update,86077,86094,86097,3,,15
update,86088,86105,86109,4,,0
update,86099,86116,86120,4,,1
inbound,86100,86117,86121,4,,2
update,86110,86127,86130,3,,3
update,86121,86138,86141,3,,4
update,86132,86149,86152,3,,5
update,86143,86160,86162,2,,6
update,86154,86171,86174,3,,7
inbound,86155,86172,86175,3,,8
update,86165,86182,86185,3,,9
update,86176,86193,86196,3,,10
update,86187,86204,86207,3,,11
update,86198,86215,86217,2,,12
inbound,86200,86217,86221,4,,13
update,86209,86225,86229,4,,14
inbound,86210,86227,86230,3,,15
update,86220,86237,86241,4,,0
inbound,86225,86242,86245,3,,1
update,86231,86248,86251,3,,2
update,86242,86259,86262,3,,3
update,86253,86270,86273,3,,4
update,86264,86281,86284,3,,5
inbound,86265,86282,86286,4,,6
update,86275,86292,86295,3,,7
update,86286,86303,86306,3,,8
update,86297,86314,86317,3,,9
update,86308,86325,86328,3,,10
update,86319,86336,86339,3,,11
inbound,86320,86337,86340,3,,12
update,86330,86347,86350,3,,13
update,86341,86358,86360,2,,14
update,86352,86369,86372,3,,15
update,86363,86380,86383,3,,0
update,86374,86391,86394,3,,1
inbound,86375,86392,86395,3,,2
update,86385,86402,86405,3,,3
update,86396,86413,86415,2,,4
inbound,86400,86417,86419,2,,5
update,86407,86424,86426,2,,6
update,86418,86435,86438,3,,7
inbound,86425,86442,86445,3,,8
update,86429,86446,86450,4,,9
inbound,86430,86447,86450,3,,10
update,86440,86457,86460,3,,11
update,86451,86468,86471,3,,12
update,86462,86479,86481,2,,13
update,86473,86490,86493,3,,14
update,86484,86501,86507,6,,15
inbound,86485,86502,86509,7,,0
update,86495,86512,86517,5,,1
update,86506,86523,86527,4,,2
update,86517,86535,86538,3,,3
update,86528,86545,86551,6,,4
update,86539,86556,86559,3,,5
inbound,86540,86557,86560,3,,6
update,86550,86567,86569,2,,7
update,86561,86578,86581,3,,8
update,86572,86589,86591,2,,9
update,86583,86600,86603,3,,10
update,86594,86611,86614,3,,11
inbound,86595,86612,86615,3,,12
update,86605,86622,86625,3,,13
update,86616,86633,86635,2,,14
update,86627,86644,86647,3,,15
update,86638,86655,86658,3,,0
update,86649,86666,86669,3,,1
inbound,86650,86667,86670,3,,2
update,86660,86677,86680,3,,3
update,86671,86688,86690,2,,4
update,86682,86699,86702,3,,5
update,86693,86710,86713,3,,6
update,86704,86721,86724,3,,7
inbound,86705,86722,86726,4,,8
update,86715,86732,86735,3,,9
update,86726,86743,86746,3,,10
update,86737,86754,86758,4,,11
update,86748,86765,86768,3,,12
inbound,86760,86777,86779,2,,14
update,86759,86776,86780,4,,13
update,86770,86787,86790,3,,15
update,86781,86797,86800,3,,0
update,86792,86809,86814,5,,1
update,86803,86820,86823,3,,2
inbound,86815,86831,86834,3,,4
update,86814,86831,86835,4,,3
update,86825,86842,86845,3,,5
update,86836,86853,86858,5,,6
update,86847,86864,86867,3,,7
update,86858,86875,86878,3,,8
update,86869,86886,86889,3,,9
update,86880,86897,86900,3,,10
update,86891,86908,86911,3,,11
update,86902,86919,86922,3,,12
update,86913,86930,86933,3,,13
update,86924,86941,86944,3,,14
update,87000,87017,87022,5,,15
inbound,87000,87017,87027,10,,0
update,87011,87028,87033,5,,1
update,87022,87039,87043,4,,2
inbound,87025,87042,87047,5,,3
update,87033,87050,87054,4,,4
update,87044,87061,87066,5,,5
update,87055,87072,87075,3,,6
update,87066,87083,87086,3,,7
update,87077,87094,87097,3,,8
update,87088,87104,87108,4,,9
update,87099,87116,87119,3,,10
inbound,87100,87117,87120,3,,11
update,87110,87127,87130,3,,12
update,87121,87138,87141,3,,13
update,87132,87149,87153,4,,14
update,87143,87160,87163,3,,15
update,87154,87171,87174,3,,0
inbound,87155,87173,87178,5,,1
update,87165,87182,87186,4,,2
update,87176,87192,87195,3,,3
update,87187,87204,87208,4,,4
update,87198,87215,87217,2,,5
inbound,87200,87217,87220,3,,6
update,87209,87226,87230,4,,7
inbound,87210,87227,87231,4,,8
update,87220,87237,87240,3,,9
inbound,87225,87242,87245,3,,10
update,87231,87248,87252,4,,11
update,87242,87259,87262,3,,12
update,87253,87270,87272,2,,13
update,87264,87281,87284,3,,14
inbound,87265,87282,87285,3,,15
update,87275,87292,87294,2,,0
update,87286,87303,87306,3,,1
update,87297,87314,87317,3,,2
update,87308,87325,87328,3,,3
update,87319,87336,87340,4,,4
inbound,87320,87337,87341,4,,5
update,87330,87347,87350,3,,6
update,87341,87358,87361,3,,7
update,87352,87369,87372,3,,8
update,87363,87380,87382,2,,9
update,87374,87391,87394,3,,10
inbound,87375,87392,87395,3,,11
update,87385,87402,87406,4,,12
update,87396,87413,87415,2,,13
inbound,87400,87417,87420,3,,14
update,87407,87424,87427,3,,15
update,87418,87435,87438,3,,0
inbound,87425,87442,87445,3,,1
update,87429,87446,87448,2,,2
inbound,87430,87447,87450,3,,3
update,87440,87457,87460,3,,4
update,87451,87468,87472,4,,5
update,87462,87479,87482,3,,6
update,87473,87491,87493,2,,7
update,87484,87501,87505,4,,8
inbound,87485,87502,87506,4,,9
update,87495,87512,87515,3,,10
update,87506,87523,87526,3,,11
update,87517,87534,87536,2,,12
update,87528,87545,87548,3,,13
update,87539,87556,87560,4,,14
inbound,87540,87557,87560,3,,15
update,87550,87568,87570,2,,0
update,87561,87578,87581,3,,1
update,87572,87589,87592,3,,2
update,87583,87600,87602,2,,3
update,87594,87610,87613,3,,4
inbound,87595,87612,87615,3,,5
update,87605,87622,87625,3,,6
update,87616,87633,87636,3,,7
update,87627,87644,87647,3,,8
update,87638,87655,87658,3,,9
inbound,87650,87667,87670,3,,11
update,87649,87666,87671,5,,10
update,87660,87677,87680,3,,12
update,87671,87688,87691,3,,13
update,87682,87699,87702,3,,14
update,87693,87710,87712,2,,15
update,87704,87721,87725,4,,0
inbound,87705,87722,87725,3,,1
update,87715,87732,87735,3,,2
update,87726,87744,87747,3,,3
update,87737,87754,87758,4,,4
update,87748,87765,87771,6,,5
inbound,87760,87777,87780,3,,7
update,87759,87776,87780,4,,6
update,87770,87787,87791,4,,8
update,87781,87798,87802,4,,9
update,87792,87809,87814,5,,10
update,87803,87820,87825,5,,11
inbound,87815,87832,87839,7,,13
update,87814,87831,87840,9,,12
update,87825,87842,87847,5,,14
update,87836,87853,87857,4,,15
update,87847,87864,87868,4,,0
update,87858,87875,87879,4,,1
update,87869,87887,87890,3,,2
update,87880,87897,87901,4,,3
update,87891,87908,87911,3,,4
update,87902,87919,87922,3,,5
update,87913,87930,87933,3,,6
update,87924,87941,87944,3,,7
inbound,88000,88017,88022,5,,9
update,88000,88017,88022,5,,8
update,88011,88028,88031,3,,10
update,88022,88039,88042,3,,11
inbound,88025,88042,88044,2,,12
update,88033,88050,88053,3,,13
update,88044,88061,88065,4,,14
update,88055,88072,88075,3,,15
update,88066,88083,88086,3,,0
update,88077,88094,88097,3,,1
update,88088,88105,88108,3,,2
update,88099,88116,88120,4,,3
inbound,88100,88117,88121,4,,4
update,88110,88127,88130,3,,5
update,88121,88138,88140,2,,6
update,88132,88149,88152,3,,7
update,88143,88160,88162,2,,8
update,88154,88171,88174,3,,9
inbound,88155,88172,88175,3,,10
update,88165,88182,88185,3,,11
update,88176,88193,88196,3,,12
update,88187,88204,88207,3,,13
update,88198,88215,88218,3,,14
inbound,88200,88217,88220,3,,15
update,88209,88226,88231,5,,0
inbound,88210,88228,88231,3,,1
update,88220,88237,88240,3,,2
inbound,88225,88242,88245,3,,3
update,88231,88248,88251,3,,4
update,88242,88259,88262,3,,5
update,88253,88270,88273,3,,6
update,88264,88281,88284,3,,7
inbound,88265,88282,88286,4,,8
update,88275,88292,88295,3,,9
update,88286,88303,88306,3,,10
update,88297,88314,88317,3,,11
update,88308,88325,88328,3,,12
update,88319,88336,88339,3,,13
inbound,88320,88337,88340,3,,14
update,88330,88347,88351,4,,15
update,88341,88358,88360,2,,0
update,88352,88369,88371,2,,1
update,88363,88380,88382,2,,2
update,88374,88391,88395,4,,3
inbound,88375,88392,88396,4,,4
update,88385,88402,88406,4,,5
update,88396,88413,88416,3,,6
inbound,88400,88417,88420,3,,7
update,88407,88424,88427,3,,8
update,88418,88435,88438,3,,9
inbound,88425,88442,88446,4,,10
update,88429,88446,88449,3,,11
inbound,88430,88447,88451,4,,12
update,88440,88457,88460,3,,13
update,88451,88468,88471,3,,14
update,88462,88479,88483,4,,15
update,88473,88491,88494,3,,0
update,88484,88501,88506,5,,1
inbound,88485,88502,88506,4,,2
update,88495,88512,88515,3,,3
update,88506,88523,88526,3,,4
update,88517,88534,88536,2,,5
update,88528,88545,88547,2,,6
update,88539,88556,88560,4,,7
inbound,88540,88557,88561,4,,8
update,88550,88567,88569,2,,9
update,88561,88578,88580,2,,10
update,88572,88589,88591,2,,11
update,88583,88600,88604,4,,12
update,88594,88611,88614,3,,13
inbound,88595,88612,88615,3,,14
update,88605,88622,88626,4,,15
update,88616,88633,88635,2,,0
update,88627,88644,88648,4,,1
update,88638,88655,88658,3,,2
update,88649,88666,88669,3,,3
inbound,88650,88667,88671,4,,4
update,88660,88677,88680,3,,5
update,88671,88688,88691,3,,6
update,88682,88699,88701,2,,7
update,88693,88710,88714,4,,8
update,88704,88721,88725,4,,9
inbound,88705,88722,88728,6,,10
update,88715,88732,88736,4,,11
update,88726,88743,88746,3,,12
update,88737,88754,88757,3,,13
update,88748,88765,88768,3,,14
update,88759,88776,88780,4,,15
inbound,88760,88777,88780,3,,0
update,88770,88787,88789,2,,1
update,88781,88798,88800,2,,2
update,88792,88809,88811,2,,3
update,88803,88820,88826,6,,4
update,88814,88831,88834,3,,5
inbound,88815,88832,88835,3,,6
update,88825,88842,88844,2,,7
update,88836,88853,88856,3,,8
update,88847,88864,88868,4,,9
update,88858,88875,88877,2,,10
update,88869,88886,88889,3,,11
update,88880,88897,88900,3,,12
update,88891,88908,88911,3,,13
update,88902,88919,88921,2,,14
update,88913,88930,88933,3,,15
update,88924,88941,88943,2,,0
update,89000,89017,89020,3,,1
inbound,89000,89017,89021,4,,2
update,89011,89028,89030,2,,3
update,89022,89039,89042,3,,4
inbound,89025,89042,89045,3,,5
update,89033,89050,89053,3,,6
update,89044,89061,89064,3,,7
update,89055,89072,89076,4,,8
update,89066,89083,89086,3,,9
update,89077,89094,89096,2,,10
update,89088,89105,89108,3,,11
update,89099,89116,89119,3,,12
inbound,89100,89117,89120,3,,13
update,89110,89127,89130,3,,14
update,89121,89138,89141,3,,15
update,89132,89149,89151,2,,0
update,89143,89160,89163,3,,1
update,89154,89171,89174,3,,2
inbound,89155,89172,89175,3,,3
update,89165,89182,89185,3,,4
update,89176,89193,89196,3,,5
update,89187,89204,89207,3,,6
update,89198,89215,89219,4,,7
inbound,89200,89217,89220,3,,8
update,89209,89226,89229,3,,9
inbound,89210,89227,89230,3,,10
update,89220,89237,89240,3,,11
inbound,89225,89242,89245,3,,12
update,89231,89248,89250,2,,13
update,89242,89259,89261,2,,14
update,89253,89270,89273,3,,15
update,89264,89281,89284,3,,0
inbound,89265,89282,89285,3,,1
update,89275,89292,89295,3,,2
update,89286,89303,89306,3,,3
update,89297,89314,89317,3,,4
update,89308,89325,89328,3,,5
inbound,89320,89336,89339,3,,7
update,89319,89336,89339,3,,6
update,89330,89347,89350,3,,8
update,89341,89358,89361,3,,9
update,89352,89369,89372,3,,10
update,89363,89380,89383,3,,11
update,89374,89391,89394,3,,12
inbound,89375,89392,89395,3,,13
update,89385,89402,89405,3,,14
update,89396,89413,89416,3,,15
inbound,89400,89417,89420,3,,0
update,89407,89424,89426,2,,1
update,89418,89435,89437,2,,2
inbound,89425,89442,89445,3,,3
update,89429,89446,89449,3,,4
inbound,89430,89446,89449,3,,5
update,89440,89457,89460,3,,6
update,89451,89468,89470,2,,7
update,89462,89480,89482,2,,8
update,89473,89490,89493,3,,9
update,89484,89501,89504,3,,10
inbound,89485,89501,89504,3,,11
update,89495,89512,89514,2,,12
update,89506,89523,89525,2,,13
update,89517,89534,89537,3,,14
update,89528,89545,89548,3,,15
inbound,89540,89556,89559,3,,1
update,89539,89556,89560,4,,0
update,89550,89567,89570,3,,2
update,89561,89578,89580,2,,3
update,89572,89589,89592,3,,4
update,89583,89600,89603,3,,5
update,89594,89611,89614,3,,6
inbound,89595,89612,89615,3,,7
update,89605,89622,89625,3,,8
update,89616,89633,89636,3,,9
update,89627,89644,89646,2,,10
update,89638,89655,89657,2,,11
update,89649,89666,89670,4,,12
inbound,89650,89667,89671,4,,13
update,89660,89677,89680,3,,14
update,89671,89688,89691,3,,15
update,89682,89699,89702,3,,0
update,89693,89710,89713,3,,1
update,89704,89721,89724,3,,2
inbound,89705,89722,89725,3,,3
update,89715,89732,89735,3,,4
update,89726,89743,89745,2,,5
update,89737,89754,89756,2,,6
update,89748,89765,89768,3,,7
update,89759,89776,89779,3,,8
inbound,89760,89777,89779,2,,9
update,89770,89787,89789,2,,10
update,89781,89798,89800,2,,11
update,89792,89809,89812,3,,12
update,89803,89820,89824,4,,13
update,89814,89831,89835,4,,14
inbound,89815,89832,89835,3,,15
update,89825,89842,89844,2,,0
update,89836,89853,89856,3,,1
update,89847,89864,89866,2,,2
update,89858,89875,89878,3,,3
update,89869,89886,89889,3,,4
update,89880,89897,89899,2,,5
update,89891,89908,89910,2,,6
update,89902,89919,89922,3,,7
update,89913,89930,89932,2,,8
update,89924,89941,89943,2,,9
update,90000,90017,90022,5,,10
inbound,90000,90018,90024,6,,11
update,90011,90028,90031,3,,12
update,90022,90039,90041,2,,13
inbound,90025,90042,90045,3,,14
update,90033,90050,90053,3,,15
update,90044,90061,90064,3,,0
update,90055,90072,90076,4,,1
update,90066,90083,90086,3,,2
update,90077,90094,90097,3,,3
update,90088,90105,90108,3,,4
update,90099,90116,90120,4,,5
inbound,90100,90117,90123,6,,6
update,90110,90127,90132,5,,7
update,90121,90138,90141,3,,8
update,90132,90150,90154,4,,9
update,90143,90160,90164,4,,10
update,90154,90172,90175,3,,11
inbound,90155,90172,90178,6,,12
update,90165,90182,90185,3,,13
update,90176,90193,90199,6,,14
update,90187,90204,90209,5,,15
update,90198,90215,90220,5,,0
inbound,90200,90217,90223,6,,1
update,90209,90227,90231,4,,2
inbound,90210,90228,90234,6,,3
update,90220,90238,90245,7,,4
inbound,90225,90242,90246,4,,5
update,90231,90248,90251,3,,6
update,90242,90259,90262,3,,7
update,90253,90270,90273,3,,8
update,90264,90280,90284,4,,9
inbound,90265,90282,90285,3,,10
update,90275,90292,90295,3,,11
update,90286,90303,90305,2,,12
update,90297,90314,90317,3,,13
update,90308,90325,90328,3,,14
update,90319,90336,90339,3,,15
inbound,90320,90337,90340,3,,0
update,90330,90347,90350,3,,1
update,90341,90358,90361,3,,2
update,90352,90369,90372,3,,3
update,90363,90380,90383,3,,4
update,90374,90391,90395,4,,5
inbound,90375,90392,90395,3,,6
update,90385,90402,90405,3,,7
update,90396,90413,90416,3,,8
inbound,90400,90418,90420,2,,9
update,90407,90424,90427,3,,10
update,90418,90435,90438,3,,11
inbound,90425,90442,90445,3,,12
update,90429,90446,90449,3,,13
inbound,90430,90447,90450,3,,14
update,90440,90457,90460,3,,15
update,90451,90468,90471,3,,0
update,90462,90479,90481,2,,1
update,90473,90490,90493,3,,2
update,90484,90501,90505,4,,3
inbound,90485,90502,90506,4,,4
update,90495,90512,90514,2,,5
update,90506,90523,90525,2,,6
update,90517,90534,90537,3,,7
update,90528,90545,90548,3,,8
inbound,90540,90557,90560,3,,10
update,90539,90556,90561,5,,9
update,90550,90567,90570,3,,11
update,90561,90578,90581,3,,12
update,90572,90589,90591,2,,13
update,90583,90600,90603,3,,14
update,90594,90611,90616,5,,15
inbound,90595,90612,90616,4,,0
update,90605,90622,90624,2,,1
update,90616,90633,90636,3,,2
update,90627,90644,90647,3,,3
update,90638,90655,90658,3,,4
update,90649,90666,90670,4,,5
inbound,90650,90667,90671,4,,6
update,90660,90677,90680,3,,7
update,90671,90688,90691,3,,8
update,90682,90699,90703,4,,9
update,90693,90710,90713,3,,10
update,90704,90721,90725,4,,11
inbound,90705,90722,90726,4,,12
update,90715,90732,90735,3,,13
update,90726,90743,90746,3,,14
update,90737,90754,90757,3,,15
update,90748,90765,90768,3,,0
update,90759,90776,90779,3,,1
inbound,90760,90777,90779,2,,2
update,90770,90787,90790,3,,3
update,90781,90798,90802,4,,4
update,90792,90809,90812,3,,5
update,90803,90820,90822,2,,6
update,90814,90831,90835,4,,7
inbound,90815,90832,90839,7,,8
update,90825,90842,90846,4,,9
update,90836,90853,90856,3,,10
update,90847,90864,90867,3,,11
update,90858,90875,90879,4,,12
update,90869,90886,90893,7,,13
update,90880,90897,90900,3,,14
update,90891,90908,90912,4,,15
update,90902,90919,90924,5,,0
update,90913,90930,90934,4,,1
update,90924,90941,90947,6,,2
update,91000,91017,91021,4,,3
inbound,91000,91017,91023,6,,4
update,91011,91028,91031,3,,5
update,91022,91039,91043,4,,6
inbound,91025,91041,91045,4,,7
update,91033,91050,91053,3,,8
update,91044,91061,91065,4,,9
update,91055,91072,91075,3,,10
update,91066,91083,91086,3,,11
update,91077,91095,91098,3,,12
update,91088,91105,91109,4,,13
update,91099,91116,91119,3,,14
inbound,91100,91117,91120,3,,15
update,91110,91127,91130,3,,0
update,91121,91138,91141,3,,1
update,91132,91148,91151,3,,2
update,91143,91160,91164,4,,3
update,91154,91171,91175,4,,4
inbound,91155,91172,91175,3,,5
update,91165,91182,91184,2,,6
update,91176,91193,91196,3,,7
update,91187,91203,91206,3,,8
update,91198,91215,91217,2,,9
inbound,91200,91217,91220,3,,10
update,91209,91226,91229,3,,11
inbound,91210,91227,91231,4,,12
update,91220,91237,91240,3,,13
inbound,91225,91242,91245,3,,14
update,91231,91247,91250,3,,15
update,91242,91259,91262,3,,0
update,91253,91270,91273,3,,1
update,91264,91281,91285,4,,2
inbound,91265,91282,91286,4,,3
update,91275,91292,91294,2,,4
update,91286,91304,91307,3,,5
update,91297,91314,91317,3,,6
update,91308,91325,91328,3,,7
update,91319,91336,91339,3,,8
inbound,91320,91336,91340,4,,9
update,91330,91347,91350,3,,10
update,91341,91358,91361,3,,11
update,91352,91369,91371,2,,12
update,91363,91380,91382,2,,13
update,91374,91391,91394,3,,14
inbound,91375,91392,91395,3,,15
update,91385,91402,91405,3,,0
update,91396,91413,91416,3,,1
inbound,91400,91417,91420,3,,2
update,91407,91424,91428,4,,3
update,91418,91435,91438,3,,4
inbound,91425,91441,91444,3,,5
update,91429,91446,91449,3,,6
inbound,91430,91447,91450,3,,7
update,91440,91457,91460,3,,8
update,91451,91468,91471,3,,9
update,91462,91479,91482,3,,10
update,91473,91490,91492,2,,11
update,91484,91501,91506,5,,12
inbound,91485,91502,91507,5,,13
update,91495,91512,91514,2,,14
update,91506,91523,91526,3,,15
update,91517,91534,91536,2,,0
update,91528,91545,91548,3,,1
inbound,91540,91556,91559,3,,3
update,91539,91556,91560,4,,2
update,91550,91567,91570,3,,4
update,91561,91578,91580,2,,5
update,91572,91589,91592,3,,6
update,91583,91600,91603,3,,7
update,91594,91611,91614,3,,8
inbound,91595,91612,91616,4,,9
update,91605,91622,91625,3,,10
update,91616,91633,91635,2,,11
update,91627,91644,91648,4,,12
update,91638,91655,91658,3,,13
update,91649,91666,91669,3,,14
inbound,91650,91667,91671,4,,15
update,91660,91677,91680,3,,0
update,91671,91688,91691,3,,1
update,91682,91699,91702,3,,2
update,91693,91710,91713,3,,3
update,91704,91722,91726,4,,4
inbound,91705,91722,91726,4,,5
update,91715,91732,91735,3,,6
update,91726,91743,91746,3,,7
update,91737,91754,91757,3,,8
update,91748,91765,91768,3,,9
update,91759,91776,91779,3,,10
inbound,91760,91777,91779,2,,11
update,91770,91787,91789,2,,12
update,91781,91798,91801,3,,13
update,91792,91809,91812,3,,14
update,91803,91820,91822,2,,15
update,91814,91831,91836,5,,0
inbound,91815,91832,91836,4,,1
update,91825,91842,91846,4,,2
update,91836,91853,91855,2,,3
update,91847,91864,91866,2,,4
update,91858,91875,91878,3,,5
update,91869,91886,91889,3,,6
update,91880,91897,91900,3,,7
update,91891,91908,91912,4,,8
update,91902,91919,91921,2,,9
update,91913,91930,91932,2,,10
update,91924,91941,91943,2,,11
update,92000,92017,92021,4,,12
inbound,92000,92019,92023,4,,13
update,92011,92028,92031,3,,14
update,92022,92039,92042,3,,15
inbound,92025,92043,92046,3,,0
update,92033,92050,92053,3,,1
update,92044,92061,92064,3,,2
update,92055,92072,92075,3,,3
update,92066,92083,92085,2,,4
update,92077,92094,92097,3,,5
update,92088,92105,92109,4,,6
update,92099,92116,92119,3,,7
inbound,92100,92118,92123,5,,8
update,92110,92127,92130,3,,9
update,92121,92138,92142,4,,10
update,92132,92149,92152,3,,11
update,92143,92160,92163,3,,12
update,92154,92171,92173,2,,13
inbound,92155,92173,92176,3,,14
update,92165,92182,92184,2,,15
update,92176,92193,92196,3,,0
update,92187,92204,92207,3,,1
update,92198,92215,92220,5,,2
inbound,92200,92218,92221,3,,3
update,92209,92226,92230,4,,4
inbound,92210,92228,92231,3,,5
update,92220,92237,92239,2,,6
inbound,92225,92243,92246,3,,7
update,92231,92248,92250,2,,8
update,92242,92259,92262,3,,9
update,92253,92270,92273,3,,10
update,92264,92281,92284,3,,11
inbound,92265,92283,92287,4,,12
update,92275,92292,92295,3,,13
update,92286,92303,92306,3,,14
update,92297,92314,92317,3,,15
update,92308,92325,92329,4,,0
update,92319,92336,92340,4,,1
inbound,92320,92338,92342,4,,2
update,92330,92347,92350,3,,3
update,92341,92358,92361,3,,4
update,92352,92369,92373,4,,5
update,92363,92380,92383,3,,6
update,92374,92391,92395,4,,7
inbound,92375,92393,92396,3,,8
update,92385,92402,92404,2,,9
update,92396,92413,92416,3,,10
inbound,92400,92418,92421,3,,11
update,92407,92424,92427,3,,12
update,92418,92435,92438,3,,13
inbound,92425,92443,92445,2,,14
update,92429,92446,92449,3,,15
inbound,92430,92448,92451,3,,0
update,92440,92457,92461,4,,1
update,92451,92468,92470,2,,2
update,92462,92479,92482,3,,3
update,92473,92489,92495,6,,4
update,92484,92502,92505,3,,5
inbound,92485,92503,92506,3,,6
update,92495,92513,92517,4,,7
update,92506,92523,92527,4,,8
update,92517,92535,92538,3,,9
update,92528,92546,92549,3,,10
inbound,92540,92558,92561,3,,12
update,92539,92557,92561,4,,11
update,92550,92568,92570,2,,13
update,92561,92579,92581,2,,14
update,92572,92590,92593,3,,15
update,92583,92602,92604,2,,0
update,92594,92612,92615,3,,1
inbound,92595,92613,92616,3,,2
update,92605,92623,92626,3,,3
update,92616,92634,92637,3,,4
update,92627,92645,92647,2,,5
update,92638,92656,92659,3,,6
update,92649,92667,92670,3,,7
inbound,92650,92668,92671,3,,8
update,92660,92678,92682,4,,9
update,92671,92689,92691,2,,10
update,92682,92700,92703,3,,11
update,92693,92711,92713,2,,12
update,92704,92722,92727,5,,13
inbound,92705,92723,92727,4,,14
update,92715,92733,92736,3,,15
update,92726,92744,92746,2,,0
update,92737,92755,92757,2,,1
update,92748,92766,92769,3,,2
update,92759,92777,92780,3,,3
inbound,92760,92778,92781,3,,4
update,92770,92788,92791,3,,5
update,92781,92799,92802,3,,6
update,92792,92810,92813,3,,7
update,92803,92821,92824,3,,8
inbound,92815,92832,92834,2,,10
update,92814,92832,92835,3,,9
update,92825,92843,92848,5,,11
update,92836,92854,92859,5,,12
update,92847,92865,92868,3,,13
update,92858,92876,92878,2,,14
update,92869,92887,92891,4,,15
update,92880,92898,92901,3,,0
update,92891,92909,92912,3,,1
update,92902,92920,92923,3,,2
update,92913,92931,92935,4,,3
update,92924,92942,92945,3,,4
inbound,93000,93018,93021,3,,6
update,93000,93018,93022,4,,5
update,93011,93029,93032,3,,7
update,93022,93040,93043,3,,8
inbound,93025,93043,93045,2,,9
update,93033,93051,93054,3,,10
update,93044,93062,93065,3,,11
update,93055,93073,93076,3,,12
update,93066,93084,93087,3,,13
update,93077,93095,93098,3,,14
update,93088,93106,93109,3,,15
inbound,93100,93117,93120,3,,1
update,93099,93117,93120,3,,0
update,93110,93128,93130,2,,2
update,93121,93139,93142,3,,3
update,93132,93150,93153,3,,4
update,93143,93161,93163,2,,5
update,93154,93172,93175,3,,6
inbound,93155,93172,93176,4,,7
update,93165,93183,93185,2,,8
update,93176,93194,93196,2,,9
update,93187,93205,93207,2,,10
update,93198,93216,93218,2,,11
inbound,93200,93218,93221,3,,12
update,93209,93227,93230,3,,13
inbound,93210,93227,93230,3,,14
update,93220,93238,93241,3,,15
inbound,93225,93243,93246,3,,0
update,93231,93249,93252,3,,1
update,93242,93260,93262,2,,2
update,93253,93271,93273,2,,3
inbound,93265,93282,93286,4,,5
update,93264,93282,93286,4,,4
update,93275,93293,93296,3,,6
update,93286,93304,93307,3,,7
update,93297,93315,93318,3,,8
update,93308,93326,93329,3,,9
update,93319,93337,93340,3,,10
inbound,93320,93338,93341,3,,11
update,93330,93348,93351,3,,12
update,93341,93359,93362,3,,13
update,93352,93370,93373,3,,14
update,93363,93381,93383,2,,15
update,93374,93392,93396,4,,0
inbound,93375,93392,93396,4,,1
update,93385,93403,93405,2,,2
update,93396,93414,93416,2,,3
inbound,93400,93418,93421,3,,4
update,93407,93425,93428,3,,5
update,93418,93436,93439,3,,6
inbound,93425,93443,93445,2,,7
update,93429,93447,93449,2,,8
inbound,93430,93448,93450,2,,9
update,93440,93458,93461,3,,10
update,93451,93469,93472,3,,11
update,93462,93480,93483,3,,12
update,93473,93491,93493,2,,13
update,93484,93502,93505,3,,14
inbound,93485,93503,93506,3,,15
update,93495,93513,93516,3,,0
update,93506,93524,93527,3,,1
update,93517,93535,93537,2,,2
update,93528,93546,93548,2,,3
update,93539,93557,93560,3,,4
inbound,93540,93558,93561,3,,5
update,93550,93568,93571,3,,6
update,93561,93579,93582,3,,7
update,93572,93590,93593,3,,8
update,93583,93601,93604,3,,9
update,93594,93612,93615,3,,10
inbound,93595,93613,93616,3,,11
update,93605,93623,93626,3,,12
update,93616,93634,93637,3,,13
update,93627,93645,93647,2,,14
update,93638,93656,93658,2,,15
inbound,93650,93667,93670,3,,1
update,93649,93667,93671,4,,0
update,93660,93678,93681,3,,2
update,93671,93689,93692,3,,3
update,93682,93700,93704,4,,4
update,93693,93711,93714,3,,5
update,93704,93722,93725,3,,6
inbound,93705,93722,93725,3,,7
update,93715,93733,93735,2,,8
update,93726,93744,93746,2,,9
update,93737,93755,93758,3,,10
update,93748,93766,93769,3,,11
inbound,93760,93777,93779,2,,13
update,93759,93777,93780,3,,12
update,93770,93788,93791,3,,14
update,93781,93799,93802,3,,15
update,93792,93810,93813,3,,0
update,93803,93821,93824,3,,1
update,93814,93832,93835,3,,2
inbound,93815,93833,93835,2,,3
update,93825,93843,93848,5,,4
update,93836,93854,93857,3,,5
update,93847,93865,93867,2,,6
update,93858,93876,93878,2,,7
update,93869,93887,93889,2,,8
update,93880,93898,93901,3,,9
update,93891,93909,93912,3,,10
update,93902,93920,93923,3,,11
update,93913,93931,93934,3,,12
update,93924,93942,93945,3,,13
inbound,94000,94018,94022,4,,15
update,94000,94018,94024,6,,14
update,94011,94030,94036,6,,0
update,94022,94040,94046,6,,1
inbound,94025,94044,94048,4,,2
update,94033,94051,94054,3,,3
update,94044,94062,94065,3,,4
update,94055,94073,94076,3,,5
update,94066,94084,94086,2,,6
update,94077,94095,94097,2,,7
update,94088,94106,94109,3,,8
update,94099,94117,94121,4,,9
inbound,94100,94118,94121,3,,10
update,94110,94128,94131,3,,11
update,94121,94139,94141,2,,12
update,94132,94150,94153,3,,13
update,94143,94160,94163,3,,14
update,94154,94172,94176,4,,15
inbound,94155,94173,94177,4,,0
update,94165,94183,94186,3,,1
update,94176,94193,94196,3,,2
update,94187,94205,94208,3,,3
update,94198,94216,94219,3,,4
inbound,94200,94217,94220,3,,5
inbound,94210,94227,94231,4,,7
update,94209,94227,94232,5,,6
update,94220,94238,94240,2,,8
inbound,94225,94243,94246,3,,9
update,94231,94249,94253,4,,10
update,94242,94260,94263,3,,11
update,94253,94271,94274,3,,12
update,94264,94282,94286,4,,13
inbound,94265,94283,94287,4,,14
update,94275,94293,94295,2,,15
update,94286,94304,94308,4,,0
update,94297,94315,94318,3,,1
update,94308,94326,94329,3,,2
update,94319,94337,94341,4,,3
inbound,94320,94338,94341,3,,4
update,94330,94348,94350,2,,5
update,94341,94359,94362,3,,6
update,94352,94370,94373,3,,7
update,94363,94381,94385,4,,8
update,94374,94392,94395,3,,9
inbound,94375,94393,94397,4,,10
update,94385,94403,94406,3,,11
update,94396,94414,94416,2,,12
inbound,94400,94419,94421,2,,13
update,94407,94425,94427,2,,14
update,94418,94436,94439,3,,15
inbound,94425,94443,94446,3,,0
update,94429,94446,94450,4,,1
inbound,94430,94448,94451,3,,2
update,94440,94458,94462,4,,3
update,94451,94469,94472,3,,4
update,94462,94480,94483,3,,5
update,94473,94491,94493,2,,6
update,94484,94502,94505,3,,7
inbound,94485,94503,94506,3,,8
update,94495,94514,94517,3,,9
update,94506,94524,94527,3,,10
update,94517,94535,94539,4,,11
update,94528,94546,94549,3,,12
update,94539,94557,94560,3,,13
inbound,94540,94558,94562,4,,14
update,94550,94568,94570,2,,15
update,94561,94579,94582,3,,0
update,94572,94590,94593,3,,1
update,94583,94601,94604,3,,2
update,94594,94612,94614,2,,3
inbound,94595,94613,94616,3,,4
update,94605,94622,94625,3,,5
update,94616,94634,94637,3,,6
update,94627,94645,94647,2,,7
update,94638,94656,94660,4,,8
update,94649,94667,94670,3,,9
inbound,94650,94668,94671,3,,10
update,94660,94678,94681,3,,11
update,94671,94688,94692,4,,12
update,94682,94700,94702,2,,13
update,94693,94711,94714,3,,14
update,94704,94722,94725,3,,15
inbound,94705,94723,94727,4,,0
update,94715,94733,94736,3,,1
update,94726,94744,94747,3,,2
update,94737,94755,94757,2,,3
update,94748,94766,94768,2,,4
update,94759,94777,94780,3,,5
inbound,94760,94778,94781,3,,6
update,94770,94788,94791,3,,7
update,94781,94799,94802,3,,8
update,94792,94810,94813,3,,9
update,94803,94821,94824,3,,10
update,94814,94832,94836,4,,11
inbound,94815,94833,94836,3,,12
update,94825,94843,94846,3,,13
update,94836,94854,94860,6,,14
update,94847,94865,94869,4,,15
update,94858,94876,94879,3,,0
update,94869,94887,94891,4,,1
update,94880,94898,94901,3,,2
update,94891,94909,94913,4,,3
update,94902,94920,94923,3,,4
update,94913,94931,94934,3,,5
update,94924,94942,94944,2,,6
inbound,95000,95018,95021,3,,8
update,95000,95018,95022,4,,7
update,95011,95029,95032,3,,9
update,95022,95040,95043,3,,10
inbound,95025,95043,95045,2,,11
update,95033,95051,95054,3,,12
update,95044,95062,95065,3,,13
update,95055,95073,95076,3,,14
update,95066,95084,95087,3,,15
update,95077,95095,95098,3,,0
update,95088,95106,95109,3,,1
update,95099,95117,95121,4,,2
inbound,95100,95118,95122,4,,3
update,95110,95128,95131,3,,4
update,95121,95139,95141,2,,5
update,95132,95150,95153,3,,6
update,95143,95161,95164,3,,7
update,95154,95172,95175,3,,8
inbound,95155,95172,95175,3,,9
update,95165,95183,95186,3,,10
update,95176,95194,95197,3,,11
update,95187,95205,95208,3,,12
update,95198,95216,95220,4,,13
inbound,95200,95218,95221,3,,14
update,95209,95227,95230,3,,15
inbound,95210,95228,95232,4,,0
update,95220,95238,95241,3,,1
inbound,95225,95243,95246,3,,2
update,95231,95249,95252,3,,3
update,95242,95260,95265,5,,4
update,95253,95271,95276,5,,5
update,95264,95282,95286,4,,6
inbound,95265,95285,95288,3,,7
update,95275,95293,95296,3,,8
update,95286,95304,95307,3,,9
update,95297,95314,95317,3,,10
update,95308,95326,95329,3,,11
update,95319,95337,95341,4,,12
inbound,95320,95338,95342,4,,13
update,95330,95348,95350,2,,14
update,95341,95359,95362,3,,15
update,95352,95370,95373,3,,0
update,95363,95381,95385,4,,1
update,95374,95392,95396,4,,2
inbound,95375,95393,95396,3,,3
update,95385,95403,95406,3,,4
update,95396,95414,95416,2,,5
inbound,95400,95418,95420,2,,6
update,95407,95425,95428,3,,7
update,95418,95436,95439,3,,8
inbound,95425,95443,95446,3,,9
update,95429,95446,95449,3,,10
inbound,95430,95448,95453,5,,11
update,95440,95458,95461,3,,12
update,95451,95469,95472,3,,13
update,95462,95480,95482,2,,14
update,95473,95490,95493,3,,15
update,95484,95502,95506,4,,0
inbound,95485,95503,95506,3,,1
update,95495,95513,95517,4,,2
update,95506,95524,95527,3,,3
update,95517,95535,95538,3,,4
update,95528,95546,95549,3,,5
update,95539,95557,95560,3,,6
inbound,95540,95558,95562,4,,7
update,95550,95568,95571,3,,8
update,95561,95579,95582,3,,9
update,95572,95590,95593,3,,10
update,95583,95601,95604,3,,11
update,95594,95612,95615,3,,12
inbound,95595,95613,95617,4,,13
update,95605,95623,95626,3,,14
update,95616,95634,95637,3,,15
update,95627,95645,95648,3,,0
update,95638,95656,95659,3,,1
update,95649,95667,95670,3,,2
inbound,95650,95668,95671,3,,3
update,95660,95678,95681,3,,4
update,95671,95689,95692,3,,5
update,95682,95700,95703,3,,6
update,95693,95711,95714,3,,7
update,95704,95722,95726,4,,8
inbound,95705,95723,95726,3,,9
update,95715,95733,95736,3,,10
update,95726,95744,95746,2,,11
update,95737,95755,95758,3,,12
update,95748,95766,95768,2,,13
inbound,95760,95778,95780,2,,15
update,95759,95777,95781,4,,14
update,95770,95788,95791,3,,0
update,95781,95799,95801,2,,1
update,95792,95810,95814,4,,2
update,95803,95821,95826,5,,3
update,95814,95832,95835,3,,4
inbound,95815,95833,95838,5,,5
update,95825,95843,95846,3,,6
update,95836,95854,95861,7,,7
update,95847,95864,95868,4,,8
update,95858,95876,95879,3,,9
update,95869,95887,95889,2,,10
update,95880,95898,95901,3,,11
update,95891,95909,95912,3,,12
update,95902,95920,95924,4,,13
update,95913,95931,95936,5,,14
update,95924,95942,95946,4,,15
inbound,96000,96018,96022,4,,1
update,96000,96018,96024,6,,0
update,96011,96029,96032,3,,2
update,96022,96040,96043,3,,3
inbound,96025,96043,96046,3,,4
update,96033,96051,96056,5,,5
update,96044,96061,96067,6,,6
update,96055,96073,96078,5,,7
update,96066,96084,96089,5,,8
update,96088,96106,96125,19,,10
update,96077,96095,96125,30,,9
update,96099,96117,96125,8,,11
inbound,96100,96118,96125,7,,12
update,96110,96128,96131,3,,13
update,96121,96139,96142,3,,14
update,96132,96150,96152,2,,15
update,96143,96161,96164,3,,0
update,96154,96172,96175,3,,1
inbound,96155,96173,96177,4,,2
update,96165,96183,96186,3,,3
update,96176,96194,96197,3,,4
update,96187,96205,96209,4,,5
update,96198,96216,96219,3,,6
inbound,96200,96218,96221,3,,7
inbound,96210,96228,96231,3,,9
update,96209,96227,96231,4,,8
update,96220,96238,96241,3,,10
inbound,96225,96243,96246,3,,11
update,96231,96249,96252,3,,12
update,96242,96260,96263,3,,13
update,96253,96271,96274,3,,14
update,96264,96282,96286,4,,15
inbound,96265,96283,96286,3,,0
update,96275,96293,96296,3,,1
update,96286,96304,96306,2,,2
update,96297,96315,96318,3,,3
update,96308,96326,96328,2,,4
inbound,96320,96338,96342,4,,6
update,96319,96337,96342,5,,5
update,96330,96348,96351,3,,7
update,96341,96359,96363,4,,8
update,96352,96370,96373,3,,9
update,96363,96381,96383,2,,10
update,96374,96392,96395,3,,11
inbound,96375,96393,96396,3,,12
update,96385,96403,96405,2,,13
update,96396,96414,96417,3,,14
inbound,96400,96418,96421,3,,15
update,96407,96425,96428,3,,0
update,96418,96436,96439,3,,1
inbound,96425,96443,96446,3,,2
update,96429,96447,96452,5,,3
inbound,96430,96448,96452,4,,4
update,96440,96458,96461,3,,5
update,96451,96469,96472,3,,6
update,96462,96480,96482,2,,7
update,96473,96491,96494,3,,8
update,96484,96502,96506,4,,9
inbound,96485,96503,96507,4,,10
update,96495,96513,96516,3,,11
update,96506,96524,96527,3,,12
update,96517,96535,96538,3,,13
update,96528,96546,96550,4,,14
update,96539,96557,96561,4,,15
inbound,96540,96561,96566,5,,0
update,96550,96569,96573,4,,1
update,96561,96578,96582,4,,2
update,96572,96590,96594,4,,3
update,96583,96601,96606,5,,4
update,96594,96612,96615,3,,5
inbound,96595,96613,96616,3,,6
update,96605,96623,96627,4,,7
update,96616,96634,96636,2,,8
update,96627,96645,96648,3,,9
update,96638,96656,96659,3,,10
update,96649,96667,96671,4,,11
inbound,96650,96668,96672,4,,12
update,96660,96678,96681,3,,13
update,96671,96689,96692,3,,14
update,96682,96700,96703,3,,15
update,96693,96711,96715,4,,0
update,96704,96722,96725,3,,1
inbound,96705,96723,96726,3,,2
update,96715,96733,96736,3,,3
update,96726,96744,96747,3,,4
update,96737,96756,96759,3,,5
update,96748,96766,96769,3,,6
update,96759,96777,96779,2,,7
inbound,96760,96778,96780,2,,8
update,96770,96787,96790,3,,9
update,96781,96799,96802,3,,10
update,96792,96810,96814,4,,11
update,96803,96821,96824,3,,12
update,96814,96832,96835,3,,13
inbound,96815,96833,96836,3,,14
update,96825,96843,96846,3,,15
update,96836,96854,96857,3,,0
update,96847,96865,96868,3,,1
update,96858,96876,96880,4,,2
update,96869,96887,96890,3,,3
update,96880,96898,96901,3,,4
update,96891,96909,96913,4,,5
update,96902,96920,96923,3,,6
update,96913,96931,96936,5,,7
update,96924,96942,96945,3,,8
update,97000,97018,97022,4,,9
inbound,97000,97018,97023,5,,10
update,97011,97029,97031,2,,11
update,97022,97040,97042,2,,12
inbound,97025,97043,97047,4,,13
update,97033,97051,97055,4,,14
update,97044,97062,97066,4,,15
update,97055,97073,97077,4,,0
update,97066,97084,97089,5,,1
update,97077,97095,97097,2,,2
update,97088,97106,97109,3,,3
update,97099,97117,97120,3,,4
inbound,97100,97117,97120,3,,5
update,97110,97128,97131,3,,6
update,97121,97139,97142,3,,7
update,97132,97150,97153,3,,8
update,97143,97161,97164,3,,9
update,97154,97172,97176,4,,10
inbound,97155,97173,97176,3,,11
update,97165,97183,97185,2,,12
update,97176,97194,97196,2,,13
update,97187,97205,97209,4,,14
update,97198,97216,97222,6,,15
inbound,97200,97218,97222,4,,0
update,97209,97227,97232,5,,1
inbound,97210,97229,97233,4,,2
update,97220,97238,97242,4,,3
inbound,97225,97243,97247,4,,4
update,97231,97249,97252,3,,5
update,97242,97261,97264,3,,6
update,97253,97271,97274,3,,7
update,97264,97282,97286,4,,8
inbound,97265,97283,97286,3,,9
update,97275,97293,97296,3,,10
update,97286,97304,97307,3,,11
update,97297,97315,97318,3,,12
update,97308,97326,97329,3,,13
update,97319,97337,97340,3,,14
inbound,97320,97338,97341,3,,15
update,97330,97348,97351,3,,0
update,97341,97359,97363,4,,1
update,97352,97370,97373,3,,2
update,97363,97381,97384,3,,3
update,97374,97392,97395,3,,4
inbound,97375,97392,97395,3,,5
update,97385,97403,97406,3,,6
update,97396,97413,97416,3,,7
inbound,97400,97418,97421,3,,8
update,97407,97425,97428,3,,9
update,97418,97436,97438,2,,10
inbound,97425,97443,97445,2,,11
update,97429,97447,97450,3,,12
inbound,97430,97447,97451,4,,13
update,97440,97458,97460,2,,14
update,97451,97469,97472,3,,15
update,97462,97480,97482,2,,0
update,97473,97491,97494,3,,1
update,97484,97502,97505,3,,2
inbound,97485,97503,97506,3,,3
update,97495,97513,97516,3,,4
update,97506,97524,97527,3,,5
update,97517,97535,97539,4,,6
update,97528,97546,97549,3,,7
inbound,97540,97558,97560,2,,9
update,97539,97557,97560,3,,8
update,97550,97568,97571,3,,10
update,97561,97579,97582,3,,11
update,97572,97590,97592,2,,12
update,97583,97601,97603,2,,13
update,97594,97612,97615,3,,14
inbound,97595,97613,97616,3,,15
update,97605,97623,97626,3,,0
update,97616,97634,97637,3,,1
update,97627,97645,97647,2,,2
update,97638,97656,97658,2,,3
update,97649,97667,97670,3,,4
inbound,97650,97668,97671,3,,5
update,97660,97678,97681,3,,6
update,97671,97689,97692,3,,7
update,97682,97700,97702,2,,8
update,97693,97711,97713,2,,9
update,97704,97722,97725,3,,10
inbound,97705,97723,97726,3,,11
update,97715,97733,97735,2,,12
update,97726,97744,97746,2,,13
update,97737,97755,97758,3,,14
update,97748,97766,97769,3,,15
update,97759,97777,97780,3,,0
inbound,97760,97778,97780,2,,1
update,97770,97788,97791,3,,2
update,97781,97799,97802,3,,3
update,97792,97810,97813,3,,4
update,97803,97821,97823,2,,5
inbound,97815,97833,97835,2,,7
update,97814,97833,97836,3,,6
update,97825,97843,97846,3,,8
update,97836,97854,97856,2,,9
update,97847,97865,97869,4,,10
update,97858,97876,97879,3,,11
update,97869,97887,97890,3,,12
update,97880,97898,97904,6,,13
update,97891,97909,97913,4,,14
update,97902,97920,97923,3,,15
update,97913,97931,97935,4,,0
update,97924,97942,97945,3,,1
inbound,98000,98018,98022,4,,3
update,98000,98018,98024,6,,2
update,98011,98029,98032,3,,4
update,98022,98040,98044,4,,5
inbound,98025,98043,98046,3,,6
update,98033,98051,98054,3,,7
update,98044,98062,98066,4,,8
update,98055,98073,98075,2,,9
update,98066,98084,98087,3,,10
update,98077,98095,98097,2,,11
update,98088,98106,98109,3,,12
update,98099,98117,98120,3,,13
inbound,98100,98118,98122,4,,14
update,98110,98128,98131,3,,15
update,98121,98139,98142,3,,0
update,98132,98150,98153,3,,1
update,98143,98161,98164,3,,2
update,98154,98172,98175,3,,3
inbound,98155,98173,98177,4,,4
update,98165,98183,98185,2,,5
update,98176,98194,98197,3,,6
update,98187,98205,98208,3,,7
update,98198,98216,98219,3,,8
inbound,98200,98218,98221,3,,9
update,98209,98227,98231,4,,10
inbound,98210,98228,98232,4,,11
update,98220,98238,98242,4,,12
inbound,98225,98243,98246,3,,13
update,98231,98249,98252,3,,14
update,98242,98260,98263,3,,15
update,98253,98271,98274,3,,0
inbound,98265,98283,98286,3,,2
update,98264,98282,98286,4,,1
update,98275,98293,98295,2,,3
update,98286,98304,98306,2,,4
update,98297,98315,98318,3,,5
update,98308,98326,98329,3,,6
update,98319,98337,98341,4,,7
inbound,98320,98337,98341,4,,8
update,98330,98348,98351,3,,9
update,98341,98359,98362,3,,10
update,98352,98370,98373,3,,11
update,98363,98381,98385,4,,12
update,98374,98392,98396,4,,13
inbound,98375,98393,98396,3,,14
update,98385,98403,98406,3,,15
update,98396,98414,98417,3,,0
inbound,98400,98418,98421,3,,1
update,98407,98425,98428,3,,2
update,98418,98436,98439,3,,3
inbound,98425,98443,98445,2,,4
update,98429,98447,98450,3,,5
inbound,98430,98448,98451,3,,6
update,98440,98458,98461,3,,7
update,98451,98468,98471,3,,8
update,98462,98480,98483,3,,9
update,98473,98491,98493,2,,10
inbound,98485,98503,98506,3,,12
update,98484,98502,98506,4,,11
update,98495,98513,98515,2,,13
update,98506,98524,98527,3,,14
update,98517,98535,98538,3,,15
update,98528,98546,98550,4,,0
update,98539,98557,98560,3,,1
inbound,98540,98558,98562,4,,2
update,98550,98568,98571,3,,3
update,98561,98579,98581,2,,4
update,98572,98590,98593,3,,5
update,98583,98601,98604,3,,6
update,98594,98612,98615,3,,7
inbound,98595,98613,98617,4,,8
update,98605,98623,98626,3,,9
update,98616,98634,98637,3,,10
update,98627,98645,98649,4,,11
update,98638,98656,98659,3,,12
update,98649,98667,98670,3,,13
inbound,98650,98668,98671,3,,14
update,98660,98678,98681,3,,15
update,98671,98689,98692,3,,0
update,98682,98700,98703,3,,1
update,98693,98711,98713,2,,2
update,98704,98722,98726,4,,3
inbound,98705,98723,98727,4,,4
update,98715,98733,98737,4,,5
update,98726,98744,98747,3,,6
update,98737,98755,98758,3,,7
update,98748,98766,98769,3,,8
update,98759,98777,98782,5,,9
inbound,98760,98778,98782,4,,10
update,98770,98788,98792,4,,11
update,98781,98799,98803,4,,12
update,98792,98810,98813,3,,13
update,98803,98821,98824,3,,14
inbound,98815,98833,98835,2,,0
update,98814,98832,98835,3,,15
update,98825,98843,98846,3,,1
update,98836,98854,98857,3,,2
update,98847,98865,98868,3,,3
update,98858,98876,98880,4,,4
update,98869,98887,98891,4,,5
update,98880,98898,98900,2,,6
update,98891,98909,98913,4,,7
update,98902,98920,98923,3,,8
update,98913,98931,98934,3,,9
update,98924,98942,98945,3,,10
update,99000,99018,99022,4,,11
inbound,99000,99018,99023,5,,12
update,99011,99028,99031,3,,13
update,99022,99040,99043,3,,14
inbound,99025,99043,99045,2,,15
update,99033,99051,99054,3,,0
update,99044,99062,99066,4,,1
update,99055,99073,99075,2,,2
update,99066,99084,99087,3,,3
update,99077,99095,99098,3,,4
update,99088,99106,99109,3,,5
update,99099,99117,99120,3,,6
inbound,99100,99118,99122,4,,7
update,99110,99128,99132,4,,8
update,99121,99139,99142,3,,9
update,99132,99150,99153,3,,10
update,99143,99161,99165,4,,11
update,99154,99172,99175,3,,12
inbound,99155,99173,99177,4,,13
update,99165,99183,99185,2,,14
update,99176,99194,99197,3,,15
update,99187,99205,99208,3,,0
update,99198,99216,99218,2,,1
inbound,99200,99218,99221,3,,2
update,99209,99227,99230,3,,3
inbound,99210,99228,99232,4,,4
update,99220,99238,99241,3,,5
inbound,99225,99243,99246,3,,6
update,99231,99249,99253,4,,7
update,99242,99260,99264,4,,8
update,99253,99271,99274,3,,9
update,99264,99282,99286,4,,10
inbound,99265,99284,99286,2,,11
update,99275,99293,99296,3,,12
update,99286,99304,99308,4,,13
update,99297,99315,99318,3,,14
update,99308,99326,99328,2,,15
update,99319,99337,99341,4,,0
inbound,99320,99338,99342,4,,1
update,99330,99348,99351,3,,2
update,99341,99359,99361,2,,3
update,99352,99370,99376,6,,4
update,99363,99381,99383,2,,5
update,99374,99392,99396,4,,6
inbound,99375,99393,99397,4,,7
update,99385,99403,99406,3,,8
update,99396,99414,99418,4,,9
inbound,99400,99418,99421,3,,10
update,99407,99425,99428,3,,11
update,99418,99436,99438,2,,12
inbound,99425,99443,99446,3,,13
update,99429,99447,99450,3,,14
inbound,99430,99448,99451,3,,15
update,99440,99458,99462,4,,0
update,99451,99469,99472,3,,1
update,99462,99480,99483,3,,2
update,99473,99491,99493,2,,3
inbound,99485,99503,99506,3,,5
update,99484,99502,99506,4,,4
update,99495,99513,99517,4,,6
update,99506,99524,99527,3,,7
update,99517,99535,99538,3,,8
update,99528,99546,99551,5,,9
update,99539,99557,99561,4,,10
inbound,99540,99559,99562,3,,11
update,99550,99568,99570,2,,12
update,99561,99580,99582,2,,13
update,99572,99590,99593,3,,14
update,99583,99601,99604,3,,15
update,99594,99612,99616,4,,0
inbound,99595,99613,99617,4,,1
update,99605,99623,99626,3,,2
update,99616,99634,99637,3,,3
update,99627,99645,99648,3,,4
update,99638,99656,99659,3,,5
inbound,99650,99667,99670,3,,7
update,99649,99667,99671,4,,6
update,99660,99678,99681,3,,8
update,99671,99689,99692,3,,9
update,99682,99700,99704,4,,10
update,99693,99711,99713,2,,11
inbound,99705,99723,99725,2,,13
update,99704,99722,99727,5,,12
update,99715,99732,99735,3,,14
update,99726,99744,99747,3,,15
update,99737,99755,99757,2,,0
update,99748,99766,99769,3,,1
update,99759,99777,99780,3,,2
inbound,99760,99778,99781,3,,3
update,99770,99788,99791,3,,4
update,99781,99799,99802,3,,5
update,99792,99810,99812,2,,6
update,99803,99821,99824,3,,7
update,99814,99832,99835,3,,8
inbound,99815,99833,99836,3,,9
update,99825,99843,99845,2,,10
update,99836,99854,99857,3,,11
update,99847,99865,99868,3,,12
update,99858,99876,99880,4,,13
update,99869,99887,99893,6,,14
update,99880,99898,99901,3,,15
update,99891,99909,99912,3,,0
update,99902,99920,99923,3,,1
update,99913,99931,99935,4,,2
update,99924,99941,99944,3,,3
update,100000,100020,100023,3,,4
inbound,100000,100023,100027,4,,5
update,100011,100031,100034,3,,6
update,100022,100044,100047,3,,7
inbound,100025,100047,100050,3,,8
update,100033,100056,100059,3,,9
update,100044,100067,100070,3,,10
update,100055,100078,100081,3,,11
update,100066,100089,100092,3,,12
update,100077,100100,100103,3,,13
update,100088,100111,100115,4,,14
update,100099,100122,100125,3,,15
inbound,100100,100123,100127,4,,0
update,100110,100133,100136,3,,1
update,100121,100144,100146,2,,2
update,100132,100155,100159,4,,3
update,100143,100166,100169,3,,4
inbound,100155,100177,100180,3,,6
update,100154,100177,100181,4,,5
update,100165,100188,100190,2,,7
update,100176,100198,100202,4,,8
update,100187,100210,100213,3,,9
update,100198,100221,100225,4,,10
inbound,100200,100223,100226,3,,11
update,100209,100232,100235,3,,12
inbound,100210,100232,100235,3,,13
update,100220,100243,100247,4,,14
inbound,100225,100248,100253,5,,15
update,100231,100254,100258,4,,0
update,100242,100265,100269,4,,1
update,100253,100276,100281,5,,2
update,100264,100287,100291,4,,3
inbound,100265,100288,100291,3,,4
update,100275,100298,100301,3,,5
update,100286,100309,100312,3,,6
update,100297,100320,100324,4,,7
update,100308,100331,100338,7,,8
update,100319,100342,100346,4,,9
inbound,100320,100343,100346,3,,10
update,100330,100353,100357,4,,11
update,100341,100364,100368,4,,12
update,100352,100375,100378,3,,13
update,100363,100385,100392,7,,14
update,100374,100397,100401,4,,15
inbound,100375,100398,100402,4,,0
update,100385,100407,100410,3,,1
update,100396,100419,100421,2,,2
inbound,100400,100423,100425,2,,3
update,100407,100430,100432,2,,4
update,100418,100441,100443,2,,5
inbound,100425,100448,100452,4,,6
update,100429,100452,100455,3,,7
inbound,100430,100453,100456,3,,8
update,100440,100463,100466,3,,9
update,100451,100474,100477,3,,10
update,100462,100485,100487,2,,11
update,100473,100496,100498,2,,12
update,100484,100507,100511,4,,13
inbound,100485,100508,100512,4,,14
update,100495,100517,100522,5,,15
update,100506,100529,100533,4,,0
update,100517,100540,100543,3,,1
update,100528,100551,100555,4,,2
update,100539,100562,100568,6,,3
inbound,100540,100563,100569,6,,4
update,100550,100573,100575,2,,5
update,100561,100584,100587,3,,6
update,100572,100595,100598,3,,7
update,100583,100606,100609,3,,8
update,100594,100617,100620,3,,9
inbound,100595,100618,100622,4,,10
update,100605,100628,100631,3,,11
update,100616,100639,100642,3,,12
update,100627,100649,100652,3,,13
update,100638,100661,100664,3,,14
update,100649,100672,100676,4,,15
inbound,100650,100673,100677,4,,0
update,100660,100683,100685,2,,1
update,100671,100694,100696,2,,2
update,100682,100705,100707,2,,3
update,100693,100716,100719,3,,4
inbound,100705,100727,100730,3,,6
update,100704,100727,100730,3,,5
update,100715,100738,100741,3,,7
update,100726,100749,100752,3,,8
update,100737,100760,100763,3,,9
update,100748,100771,100773,2,,10
update,100759,100782,100785,3,,11
inbound,100760,100783,100785,2,,12
update,100770,100793,100796,3,,13
update,100781,100804,100807,3,,14
update,100792,100815,100817,2,,15
update,100803,100826,100829,3,,0
inbound,100815,100838,100840,2,,2
update,100814,100837,100841,4,,1
update,100825,100848,100851,3,,3
update,100836,100859,100862,3,,4
update,100847,100871,100873,2,,5
update,100858,100881,100885,4,,6
update,100869,100892,100895,3,,7
update,100880,100903,100906,3,,8
update,100891,100914,100918,4,,9
update,100902,100925,100928,3,,10
update,100913,100936,100939,3,,11
update,100924,100947,100951,4,,12
update,101000,101023,101027,4,,13
inbound,101000,101024,101028,4,,14
update,101011,101034,101037,3,,15
update,101022,101045,101050,5,,0
inbound,101025,101049,101053,4,,1
update,101033,101056,101059,3,,2
update,101044,101067,101072,5,,3
update,101055,101078,101081,3,,4
update,101066,101089,101092,3,,5
update,101077,101100,101103,3,,6
update,101088,101111,101113,2,,7
update,101099,101123,101126,3,,8
inbound,101100,101124,101127,3,,9
update,101110,101134,101137,3,,10
update,101121,101145,101147,2,,11
update,101132,101156,101158,2,,12
update,101143,101167,101169,2,,13
update,101154,101179,101182,3,,14
inbound,101155,101179,101182,3,,15
update,101165,101189,101192,3,,0
update,101176,101200,101203,3,,1
update,101187,101211,101214,3,,2
update,101198,101222,101225,3,,3
inbound,101200,101224,101227,3,,4
inbound,101210,101233,101236,3,,6
update,101209,101233,101236,3,,5
update,101220,101244,101246,2,,7
inbound,101225,101249,101252,3,,8
update,101231,101255,101258,3,,9
update,101242,101266,101268,2,,10
update,101253,101277,101279,2,,11
inbound,101265,101289,101291,2,,13
update,101264,101288,101292,4,,12
update,101275,101299,101301,2,,14
update,101286,101310,101312,2,,15
update,101297,101321,101323,2,,0
update,101308,101332,101335,3,,1
update,101319,101343,101346,3,,2
inbound,101320,101344,101347,3,,3
update,101330,101354,101357,3,,4
update,101341,101365,101368,3,,5
update,101352,101376,101379,3,,6
update,101363,101387,101389,2,,7
update,101374,101398,101401,3,,8
inbound,101375,101399,101402,3,,9
update,101385,101409,101412,3,,10
update,101396,101420,101422,2,,11
inbound,101400,101424,101426,2,,12
update,101407,101431,101434,3,,13
update,101418,101442,101445,3,,14
inbound,101425,101449,101452,3,,15
inbound,101430,101453,101456,3,,1
update,101429,101453,101456,3,,0
update,101440,101464,101467,3,,2
update,101451,101475,101478,3,,3
update,101462,101486,101489,3,,4
update,101473,101497,101499,2,,5
update,101484,101508,101510,2,,6
inbound,101485,101509,101512,3,,7
update,101495,101519,101521,2,,8
update,101506,101531,101533,2,,9
update,101517,101541,101544,3,,10
update,101528,101552,101557,5,,11
update,101539,101563,101567,4,,12
inbound,101540,101564,101568,4,,13
update,101550,101574,101577,3,,14
update,101561,101585,101588,3,,15
update,101572,101596,101599,3,,0
update,101583,101607,101609,2,,1
update,101594,101618,101621,3,,2
inbound,101595,101619,101622,3,,3
update,101605,101629,101631,2,,4
update,101616,101640,101642,2,,5
update,101627,101651,101654,3,,6
update,101638,101662,101665,3,,7
update,101649,101673,101676,3,,8
inbound,101650,101674,101677,3,,9
update,101660,101684,101687,3,,10
update,101671,101695,101698,3,,11
update,101682,101706,101708,2,,12
update,101693,101717,101719,2,,13
update,101704,101728,101732,4,,14
inbound,101705,101728,101732,4,,15
update,101715,101739,101742,3,,0
update,101726,101749,101752,3,,1
update,101737,101761,101764,3,,2
update,101748,101772,101774,2,,3
inbound,101760,101783,101786,3,,5
update,101759,101783,101786,3,,4
update,101770,101794,101796,2,,6
update,101781,101805,101808,3,,7
update,101792,101815,101818,3,,8
update,101803,101827,101829,2,,9
inbound,101815,101839,101841,2,,11
update,101814,101838,101841,3,,10
update,101825,101849,101852,3,,12
update,101836,101860,101863,3,,13
update,101847,101871,101873,2,,14
update,101858,101882,101884,2,,15
update,101869,101893,101897,4,,0
update,101880,101904,101906,2,,1
update,101891,101915,101917,2,,2
update,101902,101926,101928,2,,3
update,101913,101937,101940,3,,4
update,101924,101948,101951,3,,5
update,102000,102024,102027,3,,6
inbound,102000,102024,102031,7,,7
update,102011,102035,102037,2,,8
update,102022,102046,102050,4,,9
inbound,102025,102049,102053,4,,10
update,102033,102057,102060,3,,11
update,102044,102068,102071,3,,12
update,102055,102078,102081,3,,13
update,102066,102090,102093,3,,14
update,102077,102101,102104,3,,15
update,102088,102112,102115,3,,0
update,102099,102123,102127,4,,1
inbound,102100,102124,102127,3,,2
update,102110,102134,102137,3,,3
update,102121,102145,102148,3,,4
update,102132,102156,102159,3,,5
update,102143,102167,102171,4,,6
update,102154,102178,102181,3,,7
inbound,102155,102179,102183,4,,8
update,102165,102189,102192,3,,9
update,102176,102200,102203,3,,10
update,102187,102211,102214,3,,11
update,102198,102222,102226,4,,12
inbound,102200,102224,102227,3,,13
update,102209,102233,102237,4,,14
inbound,102210,102234,102237,3,,15
update,102220,102244,102248,4,,0
inbound,102225,102249,102251,2,,1
update,102231,102255,102258,3,,2
update,102242,102267,102270,3,,3
update,102253,102277,102280,3,,4
update,102264,102288,102291,3,,5
inbound,102265,102289,102292,3,,6
update,102275,102299,102303,4,,7
update,102286,102310,102313,3,,8
update,102297,102321,102324,3,,9
update,102308,102332,102336,4,,10
update,102319,102343,102347,4,,11
inbound,102320,102345,102348,3,,12
update,102330,102354,102357,3,,13
update,102341,102364,102368,4,,14
update,102352,102376,102380,4,,15
update,102363,102387,102390,3,,0
update,102374,102398,102403,5,,1
inbound,102375,102399,102403,4,,2
update,102385,102409,102412,3,,3
update,102396,102420,102423,3,,4
inbound,102400,102424,102427,3,,5
update,102407,102431,102434,3,,6
update,102418,102442,102445,3,,7
inbound,102425,102449,102452,3,,8
update,102429,102453,102456,3,,9
inbound,102430,102454,102457,3,,10
update,102440,102464,102468,4,,11
update,102451,102475,102478,3,,12
update,102462,102486,102489,3,,13
update,102473,102497,102501,4,,14
update,102484,102508,102512,4,,15
inbound,102485,102509,102513,4,,0
update,102495,102519,102521,2,,1
update,102506,102530,102533,3,,2
update,102517,102541,102543,2,,3
update,102528,102552,102554,2,,4
update,102539,102563,102567,4,,5
inbound,102540,102564,102568,4,,6
update,102550,102574,102576,2,,7
update,102561,102585,102588,3,,8
update,102572,102596,102599,3,,9
update,102583,102607,102610,3,,10
update,102594,102618,102621,3,,11
inbound,102595,102619,102622,3,,12
update,102605,102629,102632,3,,13
update,102616,102640,102643,3,,14
update,102627,102651,102654,3,,15
update,102638,102662,102664,2,,0
update,102649,102673,102676,3,,1
inbound,102650,102674,102678,4,,2
update,102660,102684,102687,3,,3
update,102671,102695,102698,3,,4
update,102682,102706,102710,4,,5
update,102693,102717,102720,3,,6
update,102704,102728,102732,4,,7
inbound,102705,102729,102733,4,,8
update,102715,102739,102742,3,,9
update,102726,102750,102752,2,,10
update,102737,102761,102764,3,,11
update,102748,102772,102775,3,,12
inbound,102760,102784,102786,2,,14
update,102759,102783,102787,4,,13
update,102770,102794,102797,3,,15
update,102781,102805,102808,3,,0
update,102792,102816,102820,4,,1
update,102803,102827,102830,3,,2
inbound,102815,102839,102842,3,,4
update,102814,102838,102842,4,,3
update,102825,102849,102851,2,,5
update,102836,102860,102864,4,,6
update,102847,102871,102874,3,,7
update,102858,102882,102884,2,,8
update,102869,102893,102897,4,,9
update,102880,102904,102910,6,,10
update,102891,102916,102921,5,,11
update,102902,102926,102931,5,,12
update,102913,102937,102939,2,,13
update,102924,102948,102951,3,,14
inbound,103000,103024,103029,5,,0
update,103000,103024,103029,5,,15
update,103011,103035,103038,3,,1
update,103022,103046,103049,3,,2
inbound,103025,103049,103052,3,,3
update,103033,103057,103060,3,,4
update,103044,103068,103072,4,,5
update,103055,103079,103084,5,,6
update,103066,103090,103094,4,,7
update,103077,103101,103105,4,,8
update,103088,103112,103115,3,,9
update,103099,103123,103128,5,,10
inbound,103100,103124,103129,5,,11
update,103110,103134,103137,3,,12
update,103121,103145,103147,2,,13
update,103132,103156,103160,4,,14
update,103143,103167,103171,4,,15
update,103154,103178,103182,4,,0
inbound,103155,103179,103185,6,,1
update,103165,103189,103192,3,,2
update,103176,103200,103204,4,,3
update,103187,103211,103215,4,,4
update,103198,103222,103228,6,,5
inbound,103200,103224,103229,5,,6
update,103209,103233,103236,3,,7
inbound,103210,103234,103241,7,,8
update,103220,103244,103247,3,,9
inbound,103225,103249,103252,3,,10
update,103231,103255,103259,4,,11
update,103242,103266,103270,4,,12
update,103253,103277,103280,3,,13
update,103264,103288,103291,3,,14
inbound,103265,103289,103293,4,,15
update,103275,103299,103302,3,,0
update,103286,103310,103317,7,,1
update,103297,103321,103325,4,,2
update,103308,103332,103336,4,,3
update,103319,103343,103346,3,,4
inbound,103320,103344,103348,4,,5
update,103330,103354,103357,3,,6
update,103341,103365,103368,3,,7
update,103352,103376,103379,3,,8
update,103363,103387,103390,3,,9
update,103374,103398,103401,3,,10
inbound,103375,103399,103403,4,,11
update,103385,103409,103412,3,,12
update,103396,103420,103422,2,,13
inbound,103400,103424,103427,3,,14
update,103407,103431,103434,3,,15
update,103418,103442,103445,3,,0
inbound,103425,103449,103451,2,,1
inbound,103430,103454,103457,3,,3
update,103429,103453,103457,4,,2
update,103440,103464,103466,2,,4
update,103451,103475,103477,2,,5
update,103462,103486,103488,2,,6
update,103473,103497,103500,3,,7
update,103484,103508,103511,3,,8
inbound,103485,103509,103512,3,,9
update,103495,103519,103522,3,,10
update,103506,103530,103533,3,,11
update,103517,103541,103544,3,,12
update,103528,103552,103555,3,,13
update,103539,103563,103568,5,,14
inbound,103540,103563,103568,5,,15
update,103550,103574,103577,3,,0
update,103561,103585,103588,3,,1
update,103572,103596,103599,3,,2
update,103583,103607,103610,3,,3
update,103594,103618,103621,3,,4
inbound,103595,103619,103623,4,,5
update,103605,103629,103632,3,,6
update,103616,103640,103643,3,,7
update,103627,103651,103653,2,,8
update,103638,103662,103666,4,,9
update,103649,103673,103676,3,,10
inbound,103650,103674,103677,3,,11
update,103660,103684,103687,3,,12
update,103671,103695,103698,3,,13
update,103682,103706,103709,3,,14
update,103693,103717,103721,4,,15
update,103704,103728,103731,3,,0
inbound,103705,103729,103733,4,,1
update,103715,103739,103742,3,,2
update,103726,103750,103754,4,,3
update,103737,103761,103764,3,,4
update,103748,103772,103775,3,,5
inbound,103760,103784,103787,3,,7
update,103759,103783,103787,4,,6
update,103770,103794,103796,2,,8
update,103781,103805,103808,3,,9
update,103792,103816,103820,4,,10
update,103803,103827,103830,3,,11
update,103814,103838,103841,3,,12
inbound,103815,103839,103842,3,,13
update,103825,103849,103852,3,,14
update,103836,103860,103863,3,,15
update,103847,103871,103874,3,,0
update,103858,103882,103885,3,,1
update,103869,103893,103896,3,,2
update,103880,103904,103908,4,,3
update,103891,103915,103918,3,,4
update,103902,103926,103929,3,,5
update,103913,103937,103941,4,,6
update,103924,103948,103951,3,,7
update,104000,104024,104028,4,,8
inbound,104000,104031,104033,2,,9
update,104011,104035,104038,3,,10
update,104022,104046,104049,3,,11
inbound,104025,104056,104061,5,,12
update,104033,104057,104062,5,,13
update,104044,104068,104071,3,,14
update,104055,104079,104082,3,,15
update,104066,104090,104094,4,,0
update,104077,104102,104105,3,,1
update,104088,104112,104116,4,,2
update,104099,104123,104126,3,,3
inbound,104100,104131,104134,3,,4
update,104110,104134,104137,3,,5
update,104121,104145,104148,3,,6
update,104132,104156,104160,4,,7
update,104143,104167,104171,4,,8
update,104154,104178,104183,5,,9
inbound,104155,104186,104189,3,,10
update,104165,104189,104192,3,,11
update,104176,104200,104203,3,,12
update,104187,104211,104214,3,,13
update,104198,104222,104226,4,,14
inbound,104200,104231,104234,3,,15
update,104209,104233,104236,3,,0
inbound,104210,104241,104244,3,,1
update,104220,104244,104247,3,,2
update,104231,104255,104258,3,,3
inbound,104225,104256,104260,4,,4
update,104242,104266,104269,3,,5
update,104253,104277,104280,3,,6
update,104264,104288,104291,3,,7
inbound,104265,104296,104299,3,,8
update,104275,104299,104302,3,,9
update,104286,104310,104313,3,,10
update,104297,104321,104324,3,,11
update,104308,104332,104334,2,,12
update,104319,104343,104347,4,,13
inbound,104320,104351,104355,4,,14
update,104330,104354,104357,3,,15
update,104341,104365,104368,3,,0
update,104352,104376,104379,3,,1
update,104363,104387,104390,3,,2
update,104374,104398,104401,3,,3
inbound,104375,104406,104409,3,,4
update,104385,104409,104412,3,,5
update,104396,104420,104422,2,,6
update,104407,104431,104434,3,,7
inbound,104400,104431,104435,4,,8
update,104418,104442,104445,3,,9
update,104429,104453,104457,4,,10
inbound,104425,104456,104459,3,,11
inbound,104430,104461,104464,3,,12
update,104440,104464,104467,3,,13
update,104451,104476,104478,2,,14
update,104462,104486,104488,2,,15
update,104473,104497,104500,3,,0
update,104484,104508,104511,3,,1
inbound,104485,104516,104519,3,,2
update,104495,104519,104522,3,,3
update,104506,104530,104532,2,,4
update,104517,104541,104543,2,,5
update,104528,104552,104555,3,,6
update,104539,104563,104566,3,,7
inbound,104540,104571,104573,2,,8
update,104550,104574,104578,4,,9
update,104561,104585,104589,4,,10
update,104572,104596,104599,3,,11
update,104583,104607,104610,3,,12
update,104594,104618,104621,3,,13
inbound,104595,104626,104629,3,,14
update,104605,104630,104633,3,,15
update,104616,104646,104649,3,,0
update,104627,104658,104661,3,,1
update,104638,104669,104672,3,,2
update,104649,104680,104683,3,,3
inbound,104650,104681,104685,4,,4
update,104660,104691,104694,3,,5
update,104671,104702,104705,3,,6
update,104682,104713,104716,3,,7
update,104693,104724,104727,3,,8
update,104704,104735,104739,4,,9
inbound,104705,104736,104739,3,,10
update,104715,104746,104749,3,,11
update,104726,104757,104760,3,,12
update,104737,104768,104771,3,,13
update,104748,104779,104782,3,,14
update,104759,104790,104793,3,,15
inbound,104760,104791,104794,3,,0
update,104770,104801,104804,3,,1
update,104781,104812,104815,3,,2
update,104792,104823,104826,3,,3
update,104803,104834,104838,4,,4
update,104814,104845,104848,3,,5
inbound,104815,104846,104848,2,,6
update,104825,104856,104858,2,,7
update,104836,104867,104870,3,,8
update,104847,104878,104881,3,,9
update,104858,104889,104892,3,,10
update,104869,104901,104904,3,,11
update,104880,104911,104914,3,,12
update,104891,104922,104925,3,,13
update,104902,104933,104938,5,,14
update,104913,104944,104948,4,,15
update,104924,104955,104958,3,,0
inbound,105000,105031,105034,3,,2
update,105000,105031,105034,3,,1
update,105011,105042,105045,3,,3
update,105022,105053,105057,4,,4
inbound,105025,105056,105059,3,,5
update,105033,105064,105067,3,,6
update,105044,105075,105077,2,,7
update,105055,105085,105088,3,,8
update,105066,105097,105100,3,,9
update,105077,105108,105111,3,,10
update,105088,105119,105121,2,,11
update,105099,105130,105133,3,,12
inbound,105100,105131,105134,3,,13
update,105110,105141,105143,2,,14
update,105121,105152,105155,3,,15
update,105132,105163,105166,3,,0
update,105143,105174,105176,2,,1
update,105154,105185,105189,4,,2
inbound,105155,105185,105189,4,,3
update,105165,105196,105199,3,,4
update,105176,105207,105210,3,,5
update,105187,105218,105221,3,,6
update,105198,105229,105232,3,,7
inbound,105200,105231,105234,3,,8
inbound,105210,105240,105244,4,,10
update,105209,105240,105244,4,,9
update,105220,105251,105253,2,,11
inbound,105225,105256,105259,3,,12
update,105231,105262,105265,3,,13
update,105242,105273,105276,3,,14
update,105253,105284,105287,3,,15
update,105264,105295,105298,3,,0
inbound,105265,105296,105299,3,,1
update,105275,105306,105309,3,,2
update,105286,105317,105322,5,,3
update,105297,105328,105331,3,,4
update,105308,105339,105342,3,,5
update,105319,105350,105353,3,,6
inbound,105320,105351,105354,3,,7
update,105330,105361,105364,3,,8
update,105341,105372,105375,3,,9
update,105352,105383,105386,3,,10
update,105363,105394,105396,2,,11
update,105374,105405,105408,3,,12
inbound,105375,105406,105409,3,,13
update,105385,105416,105419,3,,14
update,105396,105427,105430,3,,15
inbound,105400,105431,105433,2,,0
update,105407,105438,105441,3,,1
update,105418,105449,105452,3,,2
inbound,105425,105456,105458,2,,3
update,105429,105460,105462,2,,4
inbound,105430,105461,105464,3,,5
update,105440,105471,105474,3,,6
update,105451,105482,105484,2,,7
update,105462,105493,105495,2,,8
update,105473,105504,105506,2,,9
update,105484,105515,105518,3,,10
inbound,105485,105515,105519,4,,11
update,105495,105526,105529,3,,12
update,105506,105537,105539,2,,13
update,105517,105548,105553,5,,14
update,105528,105559,105561,2,,15
update,105539,105570,105573,3,,0
inbound,105540,105571,105574,3,,1
update,105550,105581,105584,3,,2
update,105561,105592,105595,3,,3
update,105572,105603,105606,3,,4
update,105583,105614,105617,3,,5
update,105594,105625,105628,3,,6
inbound,105595,105626,105629,3,,7
update,105605,105636,105639,3,,8
update,105616,105647,105650,3,,9
update,105627,105658,105661,3,,10
update,105638,105669,105672,3,,11
update,105649,105680,105683,3,,12
inbound,105650,105681,105684,3,,13
update,105660,105691,105694,3,,14
update,105671,105702,105705,3,,15
update,105682,105713,105716,3,,0
update,105693,105724,105727,3,,1
update,105704,105735,105739,4,,2
inbound,105705,105736,105740,4,,3
update,105715,105746,105749,3,,4
update,105726,105757,105760,3,,5
update,105737,105768,105772,4,,6
update,105748,105779,105783,4,,7
inbound,105760,105791,105794,3,,9
update,105759,105790,105795,5,,8
update,105770,105801,105803,2,,10
update,105781,105812,105814,2,,11
update,105792,105823,105826,3,,12
update,105803,105834,105837,3,,13
update,105814,105845,105848,3,,14
inbound,105815,105846,105848,2,,15
update,105825,105856,105858,2,,0
update,105836,105867,105870,3,,1
update,105847,105878,105882,4,,2
update,105858,105889,105893,4,,3
update,105869,105900,105903,3,,4
update,105880,105911,105914,3,,5
update,105891,105922,105925,3,,6
update,105902,105933,105935,2,,7
update,105913,105944,105947,3,,8
update,105924,105955,105958,3,,9
update,106000,106031,106036,5,,10
inbound,106000,106031,106036,5,,11
update,106011,106042,106046,4,,12
update,106022,106053,106056,3,,13
inbound,106025,106056,106059,3,,14
update,106033,106064,106066,2,,15
update,106044,106075,106079,4,,0
update,106055,106086,106089,3,,1
update,106066,106097,106100,3,,2
update,106077,106108,106112,4,,3
update,106088,106119,106122,3,,4
update,106099,106130,106134,4,,5
inbound,106100,106131,106134,3,,6
update,106110,106141,106144,3,,7
update,106121,106152,106155,3,,8
update,106132,106163,106166,3,,9
update,106143,106174,106176,2,,10
update,106154,106185,106189,4,,11
inbound,106155,106185,106189,4,,12
update,106165,106196,106199,3,,13
update,106176,106207,106209,2,,14
update,106187,106218,106221,3,,15
update,106198,106229,106233,4,,0
inbound,106200,106231,106236,5,,1
update,106209,106240,106243,3,,2
inbound,106210,106242,106245,3,,3
update,106220,106251,106255,4,,4
inbound,106225,106256,106259,3,,5
update,106231,106262,106265,3,,6
update,106242,106273,106276,3,,7
update,106253,106284,106287,3,,8
update,106264,106295,106299,4,,9
inbound,106265,106297,106301,4,,10
update,106275,106305,106308,3,,11
update,106286,106317,106321,4,,12
update,106297,106328,106330,2,,13
update,106308,106339,106342,3,,14
update,106319,106350,106353,3,,15
inbound,106320,106350,106353,3,,0
update,106330,106361,106364,3,,1
update,106341,106372,106375,3,,2
update,106352,106383,106386,3,,3
update,106363,106394,106398,4,,4
update,106374,106405,106408,3,,5
inbound,106375,106406,106409,3,,6
update,106385,106416,106419,3,,7
update,106396,106427,106430,3,,8
inbound,106400,106431,106434,3,,9
update,106407,106438,106441,3,,10
update,106418,106449,106452,3,,11
inbound,106425,106456,106459,3,,12
update,106429,106460,106463,3,,13
inbound,106430,106461,106464,3,,14
update,106440,106470,106474,4,,15
update,106451,106482,106486,4,,0
update,106462,106493,106496,3,,1
update,106473,106504,106508,4,,2
update,106484,106515,106519,4,,3
inbound,106485,106516,106520,4,,4
update,106495,106526,106529,3,,5
update,106506,106537,106540,3,,6
update,106517,106548,106552,4,,7
update,106528,106559,106562,3,,8
update,106539,106570,106574,4,,9
inbound,106540,106572,106575,3,,10
update,106550,106581,106585,4,,11
update,106561,106592,106595,3,,12
update,106572,106603,106607,4,,13
update,106583,106614,106617,3,,14
inbound,106595,106626,106630,4,,0
update,106594,106625,106634,9,,15
update,106605,106636,106640,4,,1
update,106616,106647,106650,3,,2
update,106627,106658,106662,4,,3
update,106638,106669,106672,3,,4
update,106649,106680,106684,4,,5
inbound,106650,106681,106684,3,,6
update,106660,106691,106695,4,,7
update,106671,106702,106705,3,,8
update,106682,106713,106716,3,,9
update,106693,106724,106727,3,,10
update,106704,106735,106738,3,,11
inbound,106705,106736,106740,4,,12
update,106715,106746,106749,3,,13
update,106726,106757,106759,2,,14
update,106737,106768,106772,4,,15
update,106748,106779,106783,4,,0
update,106759,106790,106794,4,,1
inbound,106760,106791,106794,3,,2
update,106770,106801,106804,3,,3
update,106781,106812,106815,3,,4
update,106792,106823,106826,3,,5
update,106803,106834,106838,4,,6
update,106814,106845,106848,3,,7
inbound,106815,106845,106850,5,,8
update,106825,106856,106859,3,,9
update,106836,106867,106870,3,,10
update,106847,106878,106935,57,,11
update,106891,106922,106935,13,,15
update,106858,106889,106935,46,,12
update,106869,106900,106935,35,,13
update,106880,106910,106935,25,,14
update,106902,106933,106937,4,,0
update,106913,106944,106947,3,,1
update,106924,106955,106957,2,,2
update,107000,107031,107034,3,,3
inbound,107000,107031,107034,3,,4
update,107011,107042,107045,3,,5
update,107022,107053,107056,3,,6
inbound,107025,107056,107059,3,,7
update,107033,107064,107067,3,,8
update,107044,107075,107078,3,,9
update,107055,107086,107089,3,,10
update,107066,107097,107100,3,,11
update,107077,107108,107111,3,,12
update,107088,107119,107122,3,,13
update,107099,107130,107134,4,,14
inbound,107100,107131,107134,3,,15
update,107110,107140,107143,3,,0
update,107121,107153,107155,2,,1
update,107132,107163,107166,3,,2
update,107143,107174,107177,3,,3
inbound,107155,107185,107189,4,,5
update,107154,107185,107189,4,,4
update,107165,107195,107199,4,,6
update,107176,107207,107210,3,,7
update,107187,107218,107222,4,,8
update,107198,107229,107233,4,,9
inbound,107200,107231,107235,4,,10
update,107209,107240,107243,3,,11
inbound,107210,107241,107245,4,,12
update,107220,107251,107256,5,,13
inbound,107225,107256,107260,4,,14
update,107231,107262,107267,5,,15
update,107242,107274,107277,3,,0
update,107253,107284,107287,3,,1
inbound,107265,107296,107299,3,,3
update,107264,107295,107300,5,,2
update,107275,107307,107310,3,,4
update,107286,107317,107320,3,,5
update,107297,107328,107331,3,,6
update,107308,107339,107343,4,,7
update,107319,107350,107353,3,,8
inbound,107320,107351,107355,4,,9
update,107330,107361,107364,3,,10
update,107341,107372,107375,3,,11
update,107352,107383,107386,3,,12
update,107363,107394,107397,3,,13
update,107374,107405,107408,3,,14
inbound,107375,107406,107409,3,,15
update,107385,107416,107419,3,,0
update,107396,107427,107430,3,,1
inbound,107400,107430,107433,3,,2
update,107407,107438,107441,3,,3
update,107418,107449,107452,3,,4
inbound,107425,107456,107459,3,,5
inbound,107430,107460,107463,3,,7
update,107429,107460,107463,3,,6
update,107440,107471,107475,4,,8
update,107451,107482,107485,3,,9
update,107462,107493,107496,3,,10
update,107473,107504,107507,3,,11
update,107484,107515,107519,4,,12
inbound,107485,107516,107519,3,,13
update,107495,107526,107529,3,,14
update,107506,107537,107539,2,,15
update,107517,107548,107551,3,,0
update,107528,107559,107562,3,,1
update,107539,107570,107574,4,,2
inbound,107540,107571,107574,3,,3
update,107550,107581,107584,3,,4
update,107561,107592,107596,4,,5
update,107572,107603,107606,3,,6
update,107583,107614,107617,3,,7
update,107594,107625,107628,3,,8
inbound,107595,107626,107629,3,,9
update,107605,107636,107638,2,,10
update,107616,107647,107649,2,,11
update,107627,107659,107661,2,,12
update,107638,107669,107673,4,,13
inbound,107650,107680,107683,3,,15
update,107649,107680,107684,4,,14
update,107660,107691,107693,2,,0
update,107671,107702,107704,2,,1
update,107682,107713,107717,4,,2
update,107693,107724,107727,3,,3
update,107704,107735,107738,3,,4
inbound,107705,107736,107740,4,,5
update,107715,107746,107749,3,,6
update,107726,107757,107760,3,,7
update,107737,107768,107772,4,,8
update,107748,107779,107782,3,,9
update,107759,107790,107793,3,,10
inbound,107760,107791,107793,2,,11
update,107770,107801,107803,2,,12
update,107781,107812,107815,3,,13
update,107792,107823,107825,2,,14
update,107803,107834,107837,3,,15
inbound,107815,107846,107848,2,,1
update,107814,107845,107848,3,,0
update,107825,107856,107859,3,,2
update,107836,107867,107871,4,,3
update,107847,107878,107881,3,,4
update,107858,107889,107892,3,,5
update,107869,107900,107902,2,,6
update,107880,107911,107913,2,,7
update,107891,107922,107927,5,,8
update,107902,107933,107937,4,,9
update,107913,107944,107947,3,,10
update,107924,107955,107958,3,,11
update,108000,108031,108036,5,,12
inbound,108000,108031,108037,6,,13
update,108011,108042,108046,4,,14
update,108022,108054,108057,3,,15
inbound,108025,108056,108060,4,,0
update,108033,108064,108069,5,,1
update,108044,108075,108079,4,,2
update,108055,108086,108091,5,,3
update,108066,108097,108100,3,,4
update,108077,108108,108111,3,,5
update,108088,108119,108123,4,,6
update,108099,108130,108134,4,,7
inbound,108100,108132,108136,4,,8
update,108110,108141,108144,3,,9
update,108121,108152,108155,3,,10
update,108132,108163,108165,2,,11
update,108143,108174,108177,3,,12
update,108154,108185,108189,4,,13
inbound,108155,108186,108190,4,,14
update,108165,108196,108199,3,,15
update,108176,108207,108211,4,,0
update,108187,108218,108221,3,,1
update,108198,108229,108233,4,,2
inbound,108200,108231,108235,4,,3
update,108209,108240,108244,4,,4
inbound,108210,108241,108244,3,,5
update,108220,108251,108254,3,,6
inbound,108225,108256,108259,3,,7
update,108231,108262,108265,3,,8
update,108242,108273,108276,3,,9
update,108253,108284,108288,4,,10
update,108264,108295,108299,4,,11
inbound,108265,108296,108301,5,,12
update,108275,108306,108310,4,,13
update,108286,108317,108319,2,,14
update,108297,108328,108331,3,,15
update,108308,108339,108341,2,,0
update,108319,108350,108353,3,,1
inbound,108320,108351,108355,4,,2
update,108330,108360,108363,3,,3
update,108341,108372,108374,2,,4
update,108352,108383,108386,3,,5
update,108363,108394,108397,3,,6
update,108374,108405,108409,4,,7
inbound,108375,108406,108410,4,,8
update,108385,108416,108418,2,,9
update,108396,108427,108429,2,,10
inbound,108400,108431,108433,2,,11
update,108407,108438,108440,2,,12
update,108418,108449,108452,3,,13
inbound,108425,108456,108459,3,,14
update,108429,108460,108463,3,,15
inbound,108430,108461,108465,4,,0
update,108440,108471,108474,3,,1
update,108451,108482,108486,4,,2
update,108462,108493,108496,3,,3
update,108473,108504,108507,3,,4
inbound,108485,108516,108519,3,,6
update,108484,108515,108519,4,,5
update,108495,108526,108529,3,,7
update,108506,108537,108540,3,,8
update,108517,108548,108552,4,,9
update,108528,108559,108561,2,,10
update,108539,108570,108574,4,,11
inbound,108540,108571,108575,4,,12
update,108550,108581,108583,2,,13
update,108561,108592,108595,3,,14
update,108572,108603,108607,4,,15
update,108583,108614,108616,2,,0
update,108594,108625,108628,3,,1
inbound,108595,108626,108629,3,,2
update,108605,108636,108638,2,,3
update,108616,108647,108650,3,,4
update,108627,108658,108661,3,,5
update,108638,108669,108672,3,,6
update,108649,108680,108683,3,,7
inbound,108650,108681,108684,3,,8
update,108660,108691,108694,3,,9
update,108671,108702,108705,3,,10
update,108682,108713,108716,3,,11
update,108693,108724,108726,2,,12
update,108704,108735,108737,2,,13
inbound,108705,108736,108739,3,,14
update,108715,108746,108749,3,,15
update,108726,108757,108760,3,,0
update,108737,108768,108771,3,,1
update,108748,108779,108781,2,,2
update,108759,108790,108794,4,,3
inbound,108760,108791,108794,3,,4
update,108770,108801,108805,4,,5
update,108781,108812,108816,4,,6
update,108792,108823,108827,4,,7
update,108803,108834,108838,4,,8
update,108814,108845,108848,3,,9
inbound,108815,108846,108849,3,,10
update,108825,108856,108859,3,,11
update,108836,108867,108870,3,,12
update,108847,108878,108880,2,,13
update,108858,108889,108892,3,,14
update,108869,108900,108903,3,,15
update,108880,108911,108914,3,,0
update,108891,108922,108931,9,,1
update,108902,108933,108936,3,,2
update,108913,108944,108947,3,,3
update,108924,108955,108958,3,,4
update,109000,109031,109034,3,,5
inbound,109000,109031,109034,3,,6
update,109011,109042,109044,2,,7
update,109022,109053,109055,2,,8
inbound,109025,109055,109058,3,,9
update,109033,109064,109067,3,,10
update,109044,109075,109078,3,,11
update,109055,109086,109089,3,,12
update,109066,109097,109100,3,,13
update,109077,109108,109110,2,,14
update,109088,109119,109122,3,,15
update,109099,109130,109133,3,,0
inbound,109100,109131,109133,2,,1
update,109110,109141,109143,2,,2
update,109121,109152,109155,3,,3
update,109132,109163,109166,3,,4
update,109143,109174,109177,3,,5
update,109154,109185,109188,3,,6
inbound,109155,109185,109189,4,,7
update,109165,109196,109199,3,,8
update,109176,109207,109210,3,,9
update,109187,109218,109221,3,,10
update,109198,109229,109232,3,,11
inbound,109200,109231,109234,3,,12
update,109209,109240,109244,4,,13
inbound,109210,109241,109244,3,,14
update,109220,109251,109253,2,,15
inbound,109225,109256,109259,3,,0
update,109231,109262,109265,3,,1
update,109242,109273,109276,3,,2
update,109253,109284,109287,3,,3
update,109264,109295,109298,3,,4
inbound,109265,109295,109298,3,,5
update,109275,109306,109308,2,,6
update,109286,109317,109319,2,,7
update,109297,109328,109331,3,,8
update,109308,109339,109342,3,,9
inbound,109320,109350,109353,3,,11
update,109319,109350,109353,3,,10
update,109330,109361,109363,2,,12
update,109341,109372,109375,3,,13
update,109352,109383,109386,3,,14
update,109363,109394,109397,3,,15
update,109374,109405,109408,3,,0
inbound,109375,109405,109408,3,,1
update,109385,109416,109419,3,,2
update,109396,109427,109430,3,,3
inbound,109400,109431,109434,3,,4
update,109407,109438,109441,3,,5
update,109418,109449,109452,3,,6
inbound,109425,109456,109459,3,,7
update,109429,109460,109462,2,,8
inbound,109430,109461,109463,2,,9
update,109440,109471,109474,3,,10
update,109451,109482,109485,3,,11
update,109462,109493,109496,3,,12
update,109473,109504,109507,3,,13
update,109484,109515,109518,3,,14
inbound,109485,109515,109518,3,,15
update,109495,109526,109529,3,,0
update,109506,109537,109540,3,,1
update,109517,109548,109551,3,,2
update,109528,109559,109562,3,,3
update,109539,109569,109572,3,,4
inbound,109540,109572,109574,2,,5
update,109550,109581,109584,3,,6
update,109561,109592,109596,4,,7
update,109572,109603,109606,3,,8
update,109583,109614,109618,4,,9
update,109594,109625,109628,3,,10
inbound,109595,109626,109629,3,,11
update,109605,109636,109638,2,,12
update,109616,109647,109649,2,,13
update,109627,109658,109661,3,,14
update,109638,109669,109672,3,,15
update,109649,109680,109683,3,,0
inbound,109650,109681,109684,3,,1
update,109660,109691,109694,3,,2
update,109671,109702,109705,3,,3
update,109682,109713,109716,3,,4
update,109693,109724,109727,3,,5
update,109704,109735,109739,4,,6
inbound,109705,109736,109739,3,,7
update,109715,109746,109749,3,,8
update,109726,109757,109760,3,,9
update,109737,109768,109771,3,,10
update,109748,109779,109782,3,,11
update,109759,109790,109793,3,,12
inbound,109760,109791,109793,2,,13
update,109770,109801,109804,3,,14
update,109781,109812,109815,3,,15
update,109792,109823,109825,2,,0
update,109803,109834,109837,3,,1
inbound,109815,109846,109849,3,,3
update,109814,109845,109849,4,,2
update,109825,109856,109858,2,,4
update,109836,109867,109870,3,,5
update,109847,109878,109881,3,,6
update,109858,109889,109892,3,,7
update,109869,109900,109904,4,,8
update,109880,109911,109914,3,,9
update,109891,109922,109925,3,,10
update,109902,109933,109937,4,,11
update,109913,109944,109947,3,,12
update,109924,109955,109958,3,,13
update,110000,110030,110034,4,,14
inbound,110000,110031,110036,5,,15
update,110011,110042,110045,3,,0
update,110022,110053,110057,4,,1
inbound,110025,110056,110059,3,,2
update,110033,110064,110068,4,,3
update,110044,110075,110078,3,,4
update,110055,110086,110089,3,,5
update,110066,110097,110099,2,,6
update,110077,110108,110113,5,,7
update,110088,110119,110122,3,,8
update,110099,110130,110134,4,,9
inbound,110100,110131,110134,3,,10
update,110110,110141,110145,4,,11
update,110121,110152,110155,3,,12
update,110132,110163,110166,3,,13
update,110143,110174,110177,3,,14
update,110154,110185,110188,3,,15
inbound,110155,110186,110189,3,,0
update,110165,110196,110198,2,,1
update,110176,110207,110210,3,,2
update,110187,110218,110221,3,,3
update,110198,110229,110233,4,,4
inbound,110200,110231,110235,4,,5
update,110209,110240,110244,4,,6
inbound,110210,110241,110245,4,,7
update,110220,110251,110253,2,,8
inbound,110225,110256,110259,3,,9
update,110231,110262,110267,5,,10
update,110242,110273,110276,3,,11
update,110253,110284,110287,3,,12
update,110264,110295,110298,3,,13
inbound,110265,110297,110301,4,,14
update,110275,110306,110309,3,,15
update,110286,110316,110320,4,,0
update,110297,110328,110331,3,,1
update,110308,110339,110343,4,,2
update,110319,110350,110354,4,,3
inbound,110320,110352,110356,4,,4
update,110330,110361,110364,3,,5
update,110341,110372,110376,4,,6
update,110352,110383,110387,4,,7
update,110363,110394,110398,4,,8
update,110374,110406,110412,6,,9
inbound,110375,110407,110412,5,,10
update,110385,110416,110420,4,,11
update,110396,110427,110431,4,,12
inbound,110400,110431,110434,3,,13
update,110407,110438,110448,10,,14
update,110418,110449,110453,4,,15
inbound,110425,110456,110464,8,,0
update,110429,110460,110467,7,,1
inbound,110430,110462,110468,6,,2
update,110440,110471,110477,6,,3
update,110451,110483,110491,8,,4
update,110462,110493,110500,7,,5
update,110473,110504,110509,5,,6
update,110484,110515,110518,3,,7
inbound,110485,110517,110523,6,,8
update,110495,110526,110529,3,,9
update,110506,110537,110540,3,,10
update,110517,110548,110551,3,,11
update,110528,110559,110562,3,,12
update,110539,110570,110573,3,,13
inbound,110540,110572,110575,3,,14
update,110550,110581,110584,3,,15
update,110561,110592,110595,3,,0
update,110572,110603,110606,3,,1
update,110583,110614,110617,3,,2
update,110594,110625,110631,6,,3
inbound,110595,110627,110631,4,,4
update,110605,110636,110639,3,,5
update,110616,110646,110649,3,,6
update,110627,110658,110661,3,,7
update,110638,110669,110672,3,,8
update,110649,110680,110684,4,,9
inbound,110650,110682,110685,3,,10
update,110660,110691,110693,2,,11
update,110671,110702,110705,3,,12
update,110682,110713,110716,3,,13
update,110693,110724,110727,3,,14
update,110704,110735,110739,4,,15
inbound,110705,110737,110741,4,,0
update,110715,110746,110749,3,,1
update,110726,110757,110760,3,,2
update,110737,110768,110771,3,,3
update,110748,110779,110782,3,,4
update,110759,110790,110793,3,,5
inbound,110760,110792,110795,3,,6
update,110770,110801,110804,3,,7
update,110781,110812,110815,3,,8
update,110792,110823,110827,4,,9
update,110803,110834,110836,2,,10
update,110814,110845,110849,4,,11
inbound,110815,110847,110850,3,,12
update,110825,110856,110860,4,,13
update,110836,110867,110869,2,,14
update,110847,110878,110880,2,,15
update,110858,110889,110893,4,,0
update,110869,110900,110903,3,,1
update,110880,110911,110913,2,,2
update,110891,110922,110924,2,,3
update,110902,110933,110937,4,,4
update,110913,110944,110948,4,,5
update,110924,110955,110958,3,,6
inbound,111000,111032,111036,4,,8
update,111000,111032,111037,5,,7
update,111011,111043,111046,3,,9
update,111022,111054,111057,3,,10
inbound,111025,111057,111060,3,,11
update,111033,111065,111068,3,,12
update,111044,111076,111079,3,,13
update,111055,111087,111091,4,,14
update,111066,111099,111103,4,,15
update,111077,111110,111115,5,,0
update,111088,111120,111125,5,,1
update,111099,111131,111135,4,,2
inbound,111100,111132,111137,5,,3
update,111110,111142,111146,4,,4
update,111121,111153,111158,5,,5
update,111132,111164,111170,6,,6
update,111143,111175,111181,6,,7
update,111154,111186,111191,5,,8
inbound,111155,111187,111193,6,,9
update,111165,111197,111205,8,,10
update,111176,111208,111213,5,,11
update,111187,111219,111226,7,,12
update,111198,111230,111234,4,,13
inbound,111200,111232,111236,4,,14
update,111209,111241,111245,4,,15
inbound,111210,111242,111246,4,,0
update,111220,111252,111255,3,,1
inbound,111225,111257,111260,3,,2
update,111231,111263,111266,3,,3
update,111242,111274,111277,3,,4
update,111253,111285,111288,3,,5
update,111264,111296,111299,3,,6
inbound,111265,111297,111299,2,,7
update,111275,111307,111309,2,,8
update,111286,111318,111321,3,,9
update,111297,111329,111332,3,,10
update,111308,111340,111342,2,,11
update,111319,111351,111354,3,,12
inbound,111320,111352,111355,3,,13
update,111330,111362,111365,3,,14
update,111341,111373,111376,3,,15
update,111352,111384,111387,3,,0
update,111363,111395,111398,3,,1
update,111374,111406,111411,5,,2
inbound,111375,111407,111411,4,,3
update,111385,111417,111419,2,,4
update,111396,111428,111431,3,,5
inbound,111400,111432,111435,3,,6
update,111407,111439,111441,2,,7
update,111418,111450,111454,4,,8
inbound,111425,111457,111460,3,,9
update,111429,111461,111463,2,,10
inbound,111430,111462,111465,3,,11
update,111440,111472,111475,3,,12
update,111451,111483,111486,3,,13
update,111462,111494,111497,3,,14
update,111473,111505,111508,3,,15
update,111484,111516,111520,4,,0
inbound,111485,111517,111521,4,,1
update,111495,111527,111530,3,,2
update,111506,111538,111541,3,,3
update,111517,111549,111552,3,,4
update,111528,111560,111563,3,,5
update,111539,111571,111574,3,,6
inbound,111540,111572,111576,4,,7
update,111550,111582,111585,3,,8
update,111561,111593,111596,3,,9
update,111572,111604,111607,3,,10
update,111583,111615,111618,3,,11
update,111594,111626,111629,3,,12
inbound,111595,111627,111631,4,,13
update,111605,111637,111640,3,,14
update,111616,111648,111651,3,,15
update,111627,111659,111662,3,,0
update,111638,111670,111672,2,,1
update,111649,111681,111684,3,,2
inbound,111650,111682,111685,3,,3
update,111660,111692,111695,3,,4
update,111671,111703,111705,2,,5
update,111682,111714,111717,3,,6
update,111693,111725,111728,3,,7
update,111704,111736,111740,4,,8
inbound,111705,111737,111741,4,,9
update,111715,111747,111750,3,,10
update,111726,111758,111761,3,,11
update,111737,111769,111772,3,,12
update,111748,111780,111783,3,,13
update,111759,111791,111795,4,,14
inbound,111760,111792,111795,3,,15
update,111770,111803,111805,2,,0
update,111781,111812,111816,4,,1
update,111792,111824,111827,3,,2
update,111803,111835,111838,3,,3
inbound,111815,111847,111850,3,,5
update,111814,111846,111850,4,,4
update,111825,111857,111861,4,,6
update,111836,111868,111871,3,,7
update,111847,111879,111882,3,,8
update,111858,111890,111894,4,,9
update,111869,111901,111904,3,,10
update,111880,111912,111915,3,,11
update,111891,111923,111927,4,,12
update,111902,111934,111937,3,,13
update,111913,111945,111950,5,,14
update,111924,111956,111960,4,,15
update,112000,112032,112037,5,,0
inbound,112000,112032,112037,5,,1
update,112011,112043,112046,3,,2
update,112022,112054,112057,3,,3
inbound,112025,112058,112060,2,,4
update,112033,112065,112068,3,,5
update,112044,112076,112079,3,,6
update,112055,112087,112090,3,,7
update,112066,112098,112101,3,,8
update,112077,112109,112112,3,,9
update,112088,112120,112122,2,,10
update,112099,112131,112134,3,,11
inbound,112100,112132,112136,4,,12
update,112110,112142,112145,3,,13
update,112121,112153,112155,2,,14
update,112132,112164,112167,3,,15
update,112143,112175,112177,2,,0
update,112154,112186,112189,3,,1
inbound,112155,112187,112191,4,,2
update,112165,112197,112200,3,,3
update,112176,112208,112211,3,,4
update,112187,112219,112222,3,,5
update,112198,112230,112235,5,,6
inbound,112200,112232,112236,4,,7
update,112209,112241,112245,4,,8
inbound,112210,112242,112245,3,,9
update,112220,112252,112254,2,,10
inbound,112225,112257,112260,3,,11
update,112231,112263,112266,3,,12
update,112242,112274,112276,2,,13
update,112253,112285,112287,2,,14
update,112264,112296,112299,3,,15
inbound,112265,112297,112300,3,,0
update,112275,112306,112309,3,,1
update,112286,112318,112322,4,,2
update,112297,112329,112333,4,,3
update,112308,112340,112342,2,,4
update,112319,112351,112354,3,,5
inbound,112320,112352,112356,4,,6
update,112330,112362,112365,3,,7
update,112341,112373,112375,2,,8
update,112352,112384,112387,3,,9
update,112363,112395,112398,3,,10
update,112374,112406,112409,3,,11
inbound,112375,112407,112411,4,,12
update,112385,112417,112420,3,,13
update,112396,112428,112431,3,,14
inbound,112400,112432,112435,3,,15
update,112407,112439,112442,3,,0
update,112418,112450,112453,3,,1
inbound,112425,112457,112460,3,,2
update,112429,112460,112464,4,,3
inbound,112430,112462,112466,4,,4
update,112440,112472,112474,2,,5
update,112451,112483,112485,2,,6
update,112462,112494,112498,4,,7
update,112473,112505,112509,4,,8
update,112484,112516,112519,3,,9
inbound,112485,112517,112520,3,,10
update,112495,112527,112530,3,,11
update,112506,112538,112540,2,,12
update,112517,112549,112552,3,,13
update,112528,112560,112562,2,,14
update,112539,112571,112574,3,,15
inbound,112540,112572,112576,4,,0
update,112550,112582,112585,3,,1
update,112561,112593,112596,3,,2
update,112572,112604,112607,3,,3
update,112583,112615,112618,3,,4
update,112594,112626,112630,4,,5
inbound,112595,112627,112630,3,,6
update,112605,112637,112641,4,,7
update,112616,112648,112651,3,,8
update,112627,112659,112662,3,,9
update,112638,112670,112673,3,,10
update,112649,112681,112684,3,,11
inbound,112650,112682,112685,3,,12
update,112660,112692,112694,2,,13
update,112671,112703,112706,3,,14
update,112682,112714,112717,3,,15
update,112693,112725,112727,2,,0
update,112704,112736,112739,3,,1
inbound,112705,112737,112740,3,,2
update,112715,112747,112751,4,,3
update,112726,112758,112761,3,,4
update,112737,112769,112772,3,,5
update,112748,112780,112783,3,,6
update,112759,112791,112794,3,,7
inbound,112760,112792,112795,3,,8
update,112770,112802,112805,3,,9
update,112781,112813,112816,3,,10
update,112792,112824,112827,3,,11
update,112803,112835,112838,3,,12
inbound,112815,112846,112848,2,,14
update,112814,112846,112850,4,,13
update,112825,112857,112860,3,,15
update,112836,112868,112871,3,,0
update,112847,112879,112882,3,,1
update,112858,112890,112894,4,,2
update,112869,112901,112904,3,,3
update,112880,112912,112915,3,,4
update,112891,112923,112926,3,,5
update,112902,112934,112937,3,,6
update,112913,112945,112952,7,,7
update,112924,112956,112959,3,,8
update,113000,113032,113035,3,,9
inbound,113000,113032,113036,4,,10
update,113011,113043,113046,3,,11
update,113022,113054,113057,3,,12
inbound,113025,113057,113060,3,,13
update,113033,113065,113068,3,,14
update,113044,113076,113080,4,,15
update,113055,113087,113090,3,,0
update,113066,113098,113101,3,,1
update,113077,113109,113112,3,,2
update,113088,113120,113123,3,,3
update,113099,113131,113135,4,,4
inbound,113100,113131,113135,4,,5
update,113110,113142,113145,3,,6
update,113121,113153,113156,3,,7
update,113132,113164,113167,3,,8
update,113143,113175,113178,3,,9
update,113154,113185,113189,4,,10
inbound,113155,113186,113189,3,,11
update,113165,113197,113199,2,,12
update,113176,113208,113211,3,,13
update,113187,113219,113223,4,,14
update,113198,113230,113233,3,,15
inbound,113200,113232,113235,3,,0
update,113209,113241,113245,4,,1
inbound,113210,113241,113245,4,,2
update,113220,113252,113255,3,,3
inbound,113225,113257,113260,3,,4
update,113231,113263,113266,3,,5
update,113242,113274,113277,3,,6
update,113253,113285,113288,3,,7
update,113264,113296,113299,3,,8
inbound,113265,113296,113299,3,,9
update,113275,113307,113310,3,,10
update,113286,113318,113321,3,,11
update,113297,113329,113331,2,,12
update,113308,113340,113343,3,,13
update,113319,113351,113354,3,,14
inbound,113320,113352,113354,2,,15
update,113330,113362,113364,2,,0
update,113341,113373,113375,2,,1
update,113352,113384,113386,2,,2
update,113363,113395,113399,4,,3
update,113374,113406,113409,3,,4
inbound,113375,113407,113410,3,,5
update,113385,113417,113420,3,,6
update,113396,113428,113431,3,,7
inbound,113400,113432,113434,2,,8
update,113407,113439,113442,3,,9
update,113418,113450,113453,3,,10
inbound,113425,113457,113460,3,,11
update,113429,113461,113464,3,,12
inbound,113430,113462,113465,3,,13
update,113440,113472,113475,3,,14
update,113451,113483,113485,2,,15
update,113462,113494,113497,3,,0
update,113473,113505,113508,3,,1
update,113484,113516,113520,4,,2
inbound,113485,113516,113520,4,,3
update,113495,113527,113530,3,,4
update,113506,113538,113541,3,,5
update,113517,113549,113552,3,,6
update,113528,113560,113563,3,,7
update,113539,113570,113574,4,,8
inbound,113540,113572,113574,2,,9
update,113550,113582,113585,3,,10
update,113561,113593,113595,2,,11
update,113572,113604,113607,3,,12
update,113583,113615,113618,3,,13
update,113594,113626,113629,3,,14
inbound,113595,113627,113630,3,,15
update,113605,113637,113640,3,,0
update,113616,113648,113651,3,,1
update,113627,113659,113662,3,,2
update,113638,113669,113672,3,,3
inbound,113650,113681,113684,3,,5
update,113649,113681,113685,4,,4
update,113660,113692,113694,2,,6
update,113671,113703,113705,2,,7
update,113682,113714,113717,3,,8
update,113693,113725,113727,2,,9
inbound,113705,113737,113740,3,,11
update,113704,113737,113740,3,,10
update,113715,113747,113749,2,,12
update,113726,113758,113761,3,,13
update,113737,113769,113772,3,,14
update,113748,113780,113783,3,,15
inbound,113760,113792,113794,2,,1
update,113759,113791,113794,3,,0
update,113770,113802,113805,3,,2
update,113781,113813,113816,3,,3
update,113792,113824,113827,3,,4
update,113803,113835,113838,3,,5
update,113814,113846,113850,4,,6
inbound,113815,113847,113850,3,,7
update,113825,113857,113860,3,,8
update,113836,113868,113871,3,,9
update,113847,113879,113882,3,,10
update,113858,113890,113893,3,,11
update,113869,113901,113904,3,,12
update,113880,113912,113915,3,,13
update,113891,113923,113926,3,,14
update,113902,113934,113936,2,,15
update,113913,113945,113948,3,,0
update,113924,113956,113959,3,,1
inbound,114000,114032,114035,3,,3
update,114000,114032,114035,3,,2
update,114011,114043,114046,3,,4
update,114022,114054,114058,4,,5
inbound,114025,114057,114060,3,,6
update,114033,114065,114068,3,,7
update,114044,114076,114079,3,,8
update,114055,114087,114090,3,,9
update,114066,114098,114101,3,,10
update,114077,114109,114113,4,,11
update,114088,114120,114126,6,,12
update,114099,114131,114134,3,,13
inbound,114100,114133,114138,5,,14
update,114110,114142,114148,6,,15
update,114121,114153,114157,4,,0
update,114132,114164,114167,3,,1
update,114143,114175,114178,3,,2
update,114154,114186,114188,2,,3
inbound,114155,114187,114190,3,,4
update,114165,114197,114200,3,,5
update,114176,114208,114212,4,,6
update,114187,114219,114222,3,,7
update,114198,114230,114233,3,,8
inbound,114200,114232,114236,4,,9
update,114209,114241,114244,3,,10
inbound,114210,114242,114246,4,,11
update,114220,114252,114256,4,,12
inbound,114225,114257,114260,3,,13
update,114231,114263,114266,3,,14
update,114242,114274,114277,3,,15
update,114253,114285,114287,2,,0
update,114264,114296,114299,3,,1
inbound,114265,114297,114300,3,,2
update,114275,114307,114310,3,,3
update,114286,114318,114322,4,,4
update,114297,114329,114333,4,,5
update,114308,114340,114342,2,,6
update,114319,114351,114354,3,,7
inbound,114320,114352,114355,3,,8
update,114330,114362,114364,2,,9
update,114341,114373,114376,3,,10
update,114352,114384,114386,2,,11
update,114363,114395,114397,2,,12
update,114374,114406,114409,3,,13
inbound,114375,114407,114410,3,,14
update,114385,114417,114420,3,,15
update,114396,114428,114431,3,,0
inbound,114400,114432,114435,3,,1
update,114407,114439,114442,3,,2
update,114418,114450,114455,5,,3
inbound,114425,114456,114459,3,,4
update,114429,114461,114464,3,,5
inbound,114430,114462,114465,3,,6
update,114440,114472,114475,3,,7
update,114451,114483,114486,3,,8
update,114462,114494,114496,2,,9
update,114473,114505,114508,3,,10
update,114484,114516,114519,3,,11
inbound,114485,114517,114521,4,,12
update,114495,114527,114529,2,,13
update,114506,114538,114541,3,,14
update,114517,114549,114553,4,,15
update,114528,114560,114563,3,,0
update,114539,114571,114575,4,,1
inbound,114540,114572,114577,5,,2
update,114550,114582,114585,3,,3
update,114561,114593,114596,3,,4
update,114572,114604,114607,3,,5
update,114583,114615,114618,3,,6
update,114594,114626,114629,3,,7
inbound,114595,114627,114630,3,,8
update,114605,114638,114641,3,,9
update,114616,114648,114651,3,,10
update,114627,114659,114662,3,,11
update,114638,114670,114673,3,,12
update,114649,114681,114685,4,,13
inbound,114650,114682,114685,3,,14
update,114660,114692,114695,3,,15
update,114671,114703,114707,4,,0
update,114682,114714,114717,3,,1
update,114693,114725,114728,3,,2
update,114704,114736,114739,3,,3
inbound,114705,114737,114740,3,,4
update,114715,114747,114750,3,,5
update,114726,114758,114761,3,,6
update,114737,114769,114771,2,,7
update,114748,114780,114783,3,,8
inbound,114760,114792,114795,3,,10
update,114759,114791,114795,4,,9
update,114770,114802,114805,3,,11
update,114781,114813,114816,3,,12
update,114792,114824,114827,3,,13
update,114803,114835,114839,4,,14
inbound,114815,114847,114849,2,,0
update,114814,114846,114849,3,,15
update,114825,114857,114859,2,,1
update,114836,114868,114871,3,,2
update,114847,114879,114882,3,,3
update,114858,114890,114893,3,,4
update,114869,114901,114904,3,,5
update,114880,114912,114915,3,,6
update,114891,114922,114926,4,,7
update,114902,114934,114937,3,,8
update,114913,114945,114948,3,,9
update,114924,114956,114963,7,,10
inbound,115000,115032,115036,4,,12
update,115000,115032,115036,4,,11
update,115011,115043,115045,2,,13
update,115022,115054,115056,2,,14
inbound,115025,115057,115060,3,,15
update,115033,115065,115068,3,,0
update,115044,115076,115078,2,,1
update,115055,115087,115090,3,,2
update,115066,115098,115101,3,,3
update,115077,115109,115111,2,,4
update,115088,115120,115124,4,,5
update,115099,115131,115135,4,,6
inbound,115100,115132,115136,4,,7
update,115110,115142,115145,3,,8
update,115121,115153,115156,3,,9
update,115132,115164,115168,4,,10
update,115143,115175,115177,2,,11
update,115154,115186,115189,3,,12
inbound,115155,115187,115190,3,,13
update,115165,115197,115200,3,,14
update,115176,115207,115210,3,,15
update,115187,115219,115222,3,,0
update,115198,115230,115233,3,,1
inbound,115200,115232,115235,3,,2
update,115209,115240,115244,4,,3
inbound,115210,115242,115245,3,,4
update,115220,115252,115255,3,,5
inbound,115225,115257,115260,3,,6
update,115231,115263,115265,2,,7
update,115242,115274,115277,3,,8
update,115253,115285,115287,2,,9
update,115264,115296,115299,3,,10
inbound,115265,115297,115301,4,,11
update,115275,115307,115310,3,,12
update,115286,115318,115322,4,,13
update,115297,115329,115332,3,,14
update,115308,115340,115343,3,,15
update,115319,115351,115355,4,,0
inbound,115320,115352,115356,4,,1
update,115330,115362,115366,4,,2
update,115341,115373,115376,3,,3
update,115352,115384,115386,2,,4
update,115363,115395,115397,2,,5
update,115374,115406,115409,3,,6
inbound,115375,115407,115410,3,,7
update,115385,115417,115420,3,,8
update,115396,115428,115431,3,,9
inbound,115400,115432,115435,3,,10
update,115407,115439,115441,2,,11
update,115418,115450,115453,3,,12
inbound,115425,115457,115461,4,,13
update,115429,115461,115465,4,,14
inbound,115430,115462,115466,4,,15
update,115440,115472,115475,3,,0
update,115451,115483,115486,3,,1
update,115462,115494,115497,3,,2
update,115473,115505,115508,3,,3
update,115484,115516,115520,4,,4
inbound,115485,115517,115520,3,,5
update,115495,115527,115531,4,,6
update,115506,115538,115541,3,,7
update,115517,115549,115552,3,,8
update,115528,115560,115563,3,,9
update,115539,115571,115575,4,,10
inbound,115540,115572,115576,4,,11
update,115550,115582,115585,3,,12
update,115561,115593,115596,3,,13
update,115572,115604,115607,3,,14
update,115583,115615,115619,4,,15
update,115594,115626,115631,5,,0
inbound,115595,115627,115631,4,,1
update,115605,115637,115640,3,,2
update,115616,115648,115652,4,,3
update,115627,115659,115663,4,,4
update,115638,115670,115674,4,,5
update,115649,115681,115684,3,,6
inbound,115650,115682,115686,4,,7
update,115660,115692,115695,3,,8
update,115671,115703,115706,3,,9
update,115682,115714,115716,2,,10
update,115693,115725,115728,3,,11
update,115704,115736,115739,3,,12
inbound,115705,115737,115741,4,,13
update,115715,115747,115750,3,,14
update,115726,115758,115761,3,,15
update,115737,115769,115772,3,,0
update,115748,115780,115783,3,,1
update,115759,115791,115794,3,,2
inbound,115760,115792,115795,3,,3
update,115770,115802,115805,3,,4
update,115781,115813,115815,2,,5
update,115792,115824,115827,3,,6
update,115803,115835,115838,3,,7
update,115814,115846,115849,3,,8
inbound,115815,115847,115850,3,,9
update,115825,115857,115860,3,,10
update,115836,115868,115871,3,,11
update,115847,115879,115882,3,,12
update,115858,115890,115894,4,,13
update,115869,115901,115905,4,,14
update,115880,115912,115917,5,,15
update,115891,115923,115926,3,,0
update,115902,115934,115938,4,,1
update,115913,115945,115949,4,,2
update,115924,115956,115959,3,,3
update,116000,116032,116035,3,,4
inbound,116000,116032,116035,3,,5
update,116011,116043,116046,3,,6
update,116022,116054,116059,5,,7
inbound,116025,116057,116061,4,,8
update,116033,116065,116070,5,,9
update,116044,116076,116080,4,,10
update,116055,116087,116093,6,,11
update,116066,116098,116103,5,,12
update,116077,116109,116113,4,,13
update,116088,116120,116123,3,,14
update,116099,116131,116134,3,,15
inbound,116100,116132,116135,3,,0
update,116110,116142,116145,3,,1
update,116121,116153,116156,3,,2
update,116132,116164,116166,2,,3
update,116143,116175,116178,3,,4
update,116154,116186,116189,3,,5
inbound,116155,116187,116190,3,,6
update,116165,116197,116201,4,,7
update,116176,116208,116211,3,,8
update,116187,116219,116222,3,,9
update,116198,116231,116233,2,,10
inbound,116200,116232,116236,4,,11
update,116209,116241,116245,4,,12
inbound,116210,116242,116246,4,,13
update,116220,116252,116255,3,,14
inbound,116225,116257,116259,2,,15
update,116231,116263,116266,3,,0
update,116242,116274,116277,3,,1
update,116253,116285,116288,3,,2
update,116264,116296,116299,3,,3
inbound,116265,116297,116300,3,,4
update,116275,116307,116310,3,,5
update,116286,116318,116321,3,,6
update,116297,116329,116333,4,,7
update,116308,116340,116344,4,,8
update,116319,116351,116354,3,,9
inbound,116320,116352,116355,3,,10
update,116330,116362,116365,3,,11
update,116341,116373,116376,3,,12
update,116352,116384,116387,3,,13
update,116363,116395,116398,3,,14
update,116374,116406,116410,4,,15
inbound,116375,116407,116411,4,,0
update,116385,116417,116420,3,,1
update,116396,116428,116431,3,,2
inbound,116400,116432,116435,3,,3
update,116407,116439,116441,2,,4
update,116418,116450,116453,3,,5
inbound,116425,116457,116460,3,,6
update,116429,116461,116464,3,,7
inbound,116430,116462,116466,4,,8
update,116440,116472,116476,4,,9
update,116451,116483,116486,3,,10
update,116462,116494,116497,3,,11
update,116473,116505,116508,3,,12
inbound,116485,116517,116520,3,,14
update,116484,116516,116520,4,,13
update,116495,116527,116530,3,,15
update,116506,116538,116541,3,,0
update,116517,116549,116552,3,,1
update,116528,116560,116563,3,,2
update,116539,116571,116575,4,,3
inbound,116540,116572,116576,4,,4
update,116550,116582,116584,2,,5
update,116561,116593,116596,3,,6
update,116572,116604,116607,3,,7
update,116583,116615,116618,3,,8
inbound,116595,116630,116633,3,,10
update,116594,116630,116634,4,,9
update,116605,116637,116640,3,,11
update,116616,116648,116651,3,,12
update,116627,116659,116662,3,,13
update,116638,116670,116674,4,,14
update,116649,116681,116685,4,,15
inbound,116650,116682,116687,5,,0
update,116660,116692,116695,3,,1
update,116671,116703,116706,3,,2
update,116682,116714,116717,3,,3
update,116693,116725,116728,3,,4
update,116704,116736,116739,3,,5
inbound,116705,116738,116740,2,,6
update,116715,116747,116749,2,,7
update,116726,116758,116760,2,,8
update,116737,116769,116771,2,,9
update,116748,116780,116783,3,,10
update,116759,116791,116794,3,,11
inbound,116760,116792,116795,3,,12
update,116770,116802,116804,2,,13
update,116781,116812,116815,3,,14
update,116792,116824,116827,3,,15
update,116803,116835,116837,2,,0
inbound,116815,116847,116849,2,,2
update,116814,116846,116849,3,,1
update,116825,116857,116860,3,,3
update,116836,116868,116872,4,,4
update,116847,116879,116882,3,,5
update,116858,116890,116893,3,,6
update,116869,116901,116904,3,,7
update,116880,116912,116915,3,,8
update,116891,116923,116927,4,,9
update,116902,116934,116936,2,,10
update,116913,116945,116948,3,,11
update,116924,116956,116959,3,,12
update,117000,117032,117036,4,,13
inbound,117000,117032,117036,4,,14
update,117011,117043,117046,3,,15
update,117022,117054,117057,3,,0
inbound,117025,117057,117059,2,,1
update,117033,117065,117068,3,,2
update,117044,117076,117079,3,,3
update,117055,117087,117090,3,,4
update,117066,117098,117101,3,,5
update,117077,117109,117112,3,,6
update,117088,117120,117123,3,,7
update,117099,117131,117135,4,,8
inbound,117100,117133,117137,4,,9
update,117110,117142,117146,4,,10
update,117121,117153,117156,3,,11
update,117132,117164,117168,4,,12
update,117143,117175,117177,2,,13
update,117154,117186,117189,3,,14
inbound,117155,117187,117190,3,,15
update,117165,117197,117200,3,,0
update,117176,117208,117211,3,,1
update,117187,117219,117221,2,,2
update,117198,117230,117233,3,,3
inbound,117200,117232,117235,3,,4
inbound,117210,117241,117244,3,,6
update,117209,117241,117244,3,,5
update,117220,117252,117255,3,,7
inbound,117225,117257,117260,3,,8
update,117231,117263,117266,3,,9
update,117242,117274,117277,3,,10
update,117253,117285,117288,3,,11
update,117264,117296,117299,3,,12
inbound,117265,117296,117299,3,,13
update,117275,117308,117311,3,,14
update,117286,117318,117321,3,,15
update,117297,117329,117331,2,,0
update,117308,117340,117344,4,,1
update,117319,117351,117354,3,,2
inbound,117320,117352,117355,3,,3
update,117330,117362,117365,3,,4
update,117341,117373,117375,2,,5
update,117352,117384,117386,2,,6
update,117363,117395,117397,2,,7
update,117374,117406,117409,3,,8
inbound,117375,117407,117410,3,,9
update,117385,117417,117420,3,,10
update,117396,117428,117431,3,,11
inbound,117400,117432,117434,2,,12
update,117407,117439,117442,3,,13
update,117418,117450,117452,2,,14
inbound,117425,117457,117460,3,,15
inbound,117430,117461,117464,3,,1
update,117429,117461,117464,3,,0
update,117440,117472,117476,4,,2
update,117451,117483,117485,2,,3
update,117462,117494,117496,2,,4
update,117473,117505,117508,3,,5
update,117484,117516,117519,3,,6
inbound,117485,117516,117519,3,,7
update,117495,117527,117529,2,,8
update,117506,117539,117541,2,,9
update,117517,117549,117552,3,,10
update,117528,117560,117562,2,,11
inbound,117540,117571,117575,4,,13
update,117539,117571,117575,4,,12
update,117550,117582,117584,2,,14
update,117561,117593,117595,2,,15
update,117572,117604,117607,3,,0
update,117583,117615,117618,3,,1
update,117594,117626,117629,3,,2
inbound,117595,117627,117630,3,,3
update,117605,117637,117640,3,,4
update,117616,117648,117650,2,,5
update,117627,117659,117663,4,,6
update,117638,117670,117672,2,,7
update,117649,117681,117684,3,,8
inbound,117650,117682,117685,3,,9
update,117660,117692,117695,3,,10
update,117671,117703,117706,3,,11
update,117682,117714,117716,2,,12
update,117693,117725,117727,2,,13
update,117704,117736,117739,3,,14
inbound,117705,117736,117739,3,,15
update,117715,117747,117750,3,,0
update,117726,117758,117760,2,,1
update,117737,117769,117771,2,,2
update,117748,117780,117783,3,,3
inbound,117760,117791,117793,2,,5
update,117759,117791,117794,3,,4
update,117770,117802,117805,3,,6
update,117781,117813,117815,2,,7
update,117792,117823,117826,3,,8
update,117803,117835,117838,3,,9
inbound,117815,117846,117848,2,,11
update,117814,117846,117849,3,,10
update,117825,117857,117859,2,,12
update,117836,117868,117871,3,,13
update,117847,117879,117882,3,,14
update,117858,117890,117893,3,,15
update,117869,117901,117904,3,,0
update,117880,117912,117915,3,,1
update,117891,117923,117926,3,,2
update,117902,117934,117936,2,,3
update,117913,117945,117948,3,,4
update,117924,117956,117959,3,,5
update,118000,118032,118035,3,,6
inbound,118000,118032,118036,4,,7
update,118011,118043,118046,3,,8
update,118022,118054,118057,3,,9
inbound,118025,118057,118059,2,,10
update,118033,118066,118069,3,,11
update,118044,118076,118080,4,,12
update,118055,118087,118089,2,,13
update,118066,118098,118101,3,,14
update,118077,118109,118111,2,,15
update,118088,118120,118123,3,,0
update,118099,118131,118134,3,,1
inbound,118100,118132,118134,2,,2
update,118110,118142,118145,3,,3
update,118121,118153,118157,4,,4
update,118132,118164,118166,2,,5
update,118143,118175,118179,4,,6
update,118154,118186,118190,4,,7
inbound,118155,118187,118192,5,,8
update,118165,118197,118200,3,,9
update,118176,118208,118213,5,,10
update,118187,118219,118223,4,,11
update,118198,118230,118234,4,,12
inbound,118200,118232,118237,5,,13
update,118209,118241,118245,4,,14
inbound,118210,118242,118251,9,,15
update,118220,118252,118257,5,,0
inbound,118225,118257,118260,3,,1
update,118231,118263,118266,3,,2
update,118242,118274,118277,3,,3
update,118253,118285,118288,3,,4
update,118264,118296,118299,3,,5
inbound,118265,118297,118301,4,,6
update,118275,118307,118309,2,,7
update,118286,118318,118321,3,,8
update,118297,118329,118332,3,,9
update,118308,118340,118343,3,,10
update,118319,118351,118354,3,,11
inbound,118320,118352,118355,3,,12
update,118330,118362,118365,3,,13
update,118341,118373,118376,3,,14
update,118352,118384,118387,3,,15
update,118363,118395,118398,3,,0
update,118374,118406,118410,4,,1
inbound,118375,118407,118410,3,,2
update,118385,118417,118419,2,,3
update,118396,118428,118432,4,,4
inbound,118400,118432,118434,2,,5
update,118407,118439,118442,3,,6
update,118418,118450,118453,3,,7
inbound,118425,118457,118459,2,,8
update,118429,118461,118465,4,,9
inbound,118430,118462,118466,4,,10
update,118440,118472,118476,4,,11
update,118451,118483,118486,3,,12
update,118462,118494,118497,3,,13
update,118473,118505,118508,3,,14
inbound,118485,118516,118519,3,,0
update,118484,118516,118520,4,,15
update,118495,118527,118529,2,,1
update,118506,118538,118542,4,,2
update,118517,118549,118552,3,,3
update,118528,118560,118563,3,,4
update,118539,118571,118574,3,,5
inbound,118540,118572,118576,4,,6
update,118550,118582,118585,3,,7
update,118561,118593,118595,2,,8
update,118572,118604,118607,3,,9
update,118583,118615,118618,3,,10
update,118594,118625,118629,4,,11
inbound,118595,118627,118630,3,,12
update,118605,118637,118640,3,,13
update,118616,118648,118651,3,,14
update,118627,118659,118663,4,,15
update,118638,118671,118675,4,,0
update,118649,118681,118685,4,,1
inbound,118650,118682,118687,5,,2
update,118660,118692,118694,2,,3
update,118671,118703,118706,3,,4
update,118682,118714,118717,3,,5
update,118693,118725,118728,3,,6
update,118704,118736,118740,4,,7
inbound,118705,118737,118740,3,,8
update,118715,118747,118749,2,,9
update,118726,118758,118760,2,,10
update,118737,118769,118771,2,,11
update,118748,118780,118783,3,,12
inbound,118760,118792,118794,2,,14
update,118759,118791,118795,4,,13
update,118770,118802,118805,3,,15
update,118781,118813,118815,2,,0
update,118792,118824,118828,4,,1
update,118803,118835,118838,3,,2
update,118814,118846,118849,3,,3
inbound,118815,118848,118851,3,,4
update,118825,118858,118861,3,,5
update,118836,118868,118871,3,,6
update,118847,118879,118885,6,,7
update,118858,118890,118893,3,,8
update,118869,118901,118904,3,,9
update,118880,118912,118915,3,,10
update,118891,118923,118926,3,,11
update,118902,118933,118936,3,,12
update,118913,118945,118948,3,,13
update,118924,118956,118959,3,,14
update,119000,119032,119036,4,,15
inbound,119000,119032,119036,4,,0
update,119011,119043,119046,3,,1
update,119022,119054,119058,4,,2
inbound,119025,119057,119060,3,,3
update,119033,119065,119068,3,,4
update,119044,119076,119079,3,,5
update,119055,119087,119090,3,,6
update,119066,119098,119101,3,,7
update,119077,119109,119112,3,,8
update,119088,119120,119123,3,,9
update,119099,119131,119134,3,,10
inbound,119100,119132,119135,3,,11
update,119110,119142,119145,3,,12
update,119121,119152,119156,4,,13
update,119132,119163,119166,3,,14
update,119143,119175,119178,3,,15
update,119154,119186,119190,4,,0
inbound,119155,119187,119191,4,,1
update,119165,119197,119200,3,,2
update,119176,119208,119211,3,,3
update,119187,119218,119221,3,,4
update,119198,119230,119233,3,,5
inbound,119200,119232,119236,4,,6
update,119209,119241,119244,3,,7
inbound,119210,119242,119245,3,,8
update,119220,119252,119255,3,,9
inbound,119225,119257,119260,3,,10
update,119231,119263,119266,3,,11
update,119242,119274,119277,3,,12
update,119253,119285,119287,2,,13
update,119264,119296,119299,3,,14
inbound,119265,119297,119300,3,,15
update,119275,119307,119310,3,,0
update,119286,119318,119321,3,,1
update,119297,119329,119332,3,,2
update,119308,119340,119343,3,,3
update,119319,119350,119354,4,,4
inbound,119320,119352,119355,3,,5
update,119330,119362,119365,3,,6
update,119341,119373,119375,2,,7
update,119352,119384,119387,3,,8
update,119363,119395,119398,3,,9
update,119374,119406,119408,2,,10
inbound,119375,119407,119410,3,,11
update,119385,119417,119421,4,,12
update,119396,119428,119430,2,,13
inbound,119400,119432,119435,3,,14
update,119407,119438,119441,3,,15
update,119418,119450,119453,3,,0
inbound,119425,119456,119460,4,,1
update,119429,119461,119464,3,,2
inbound,119430,119462,119465,3,,3
update,119440,119472,119476,4,,4
update,119451,119483,119486,3,,5
update,119462,119494,119496,2,,6
update,119473,119505,119508,3,,7
update,119484,119516,119519,3,,8
inbound,119485,119517,119520,3,,9
update,119495,119527,119530,3,,10
update,119506,119538,119540,2,,11
update,119517,119548,119551,3,,12
update,119528,119560,119563,3,,13
inbound,119540,119571,119574,3,,15
update,119539,119571,119575,4,,14
update,119550,119582,119584,2,,0
update,119561,119593,119596,3,,1
update,119572,119604,119606,2,,2
update,119583,119615,119618,3,,3
update,119594,119626,119629,3,,4
inbound,119595,119627,119630,3,,5
update,119605,119637,119640,3,,6
update,119616,119648,119652,4,,7
update,119627,119659,119662,3,,8
update,119638,119670,119673,3,,9
update,119649,119681,119685,4,,10
inbound,119650,119682,119686,4,,11
update,119660,119692,119694,2,,12
update,119671,119703,119706,3,,13
update,119682,119714,119717,3,,14
update,119693,119725,119727,2,,15
update,119704,119736,119739,3,,0
inbound,119705,119737,119742,5,,1
update,119715,119747,119750,3,,2
update,119726,119758,119761,3,,3
update,119737,119769,119771,2,,4
update,119748,119780,119783,3,,5
update,119759,119791,119794,3,,6
inbound,119760,119792,119795,3,,7
update,119770,119802,119804,2,,8
update,119781,119812,119815,3,,9
update,119792,119824,119827,3,,10
update,119803,119835,119838,3,,11
update,119814,119846,119849,3,,12
inbound,119815,119847,119850,3,,13
update,119825,119857,119860,3,,14
update,119836,119867,119869,2,,15
update,119847,119879,119881,2,,0
update,119858,119890,119894,4,,1
update,119869,119901,119904,3,,2
update,119880,119912,119915,3,,3
update,119891,119923,119926,3,,4
update,119902,119934,119937,3,,5
update,119913,119945,119948,3,,6
update,119924,119956,119959,3,,7
