kind,scheduled_ms,started_ms,finished_ms,wall_ms,error,writer
update,0,44,83,39,,0
update,33,48,104,56,,5
update,11,45,121,76,,2
update,22,45,125,80,,3
inbound,0,44,126,82,,1
update,44,49,133,84,,6
update,55,71,145,74,,7
update,88,90,146,56,,10
update,77,79,148,69,,9
update,110,112,161,49,,13
update,143,145,173,28,,0
inbound,25,45,173,128,,4
update,132,134,174,40,,15
update,121,123,181,58,,14
update,154,156,184,28,,1
update,165,168,184,16,,3
update,66,72,185,113,,8
update,99,102,188,86,,11
inbound,155,157,189,32,,2
update,176,178,191,13,,4
inbound,100,103,193,90,,12
update,187,189,193,4,,5
update,198,200,204,4,,6
inbound,200,202,210,8,,7
update,209,211,215,4,,8
inbound,210,213,220,7,,9
update,220,223,226,3,,10
inbound,225,227,233,6,,11
update,231,234,238,4,,12
update,242,245,248,3,,13
update,253,255,259,4,,14
update,264,267,272,5,,15
inbound,265,267,274,7,,0
update,275,278,281,3,,1
update,286,289,294,5,,2
update,297,299,304,5,,3
update,308,311,314,3,,4
update,319,322,326,4,,5
inbound,320,323,332,9,,6
update,330,332,336,4,,7
update,341,343,347,4,,8
update,352,355,359,4,,9
update,363,365,368,3,,10
update,374,377,381,4,,11
inbound,375,377,382,5,,12
update,385,387,393,6,,13
update,396,398,402,4,,14
inbound,400,403,409,6,,15
update,407,410,414,4,,0
update,418,421,424,3,,1
inbound,425,428,431,3,,2
update,429,432,435,3,,3
inbound,430,434,438,4,,4
update,440,443,446,3,,5
update,451,454,457,3,,6
update,462,464,468,4,,7
update,473,476,481,5,,8
update,484,487,494,7,,9
inbound,485,487,495,8,,10
update,495,498,501,3,,11
update,506,509,514,5,,12
update,517,519,523,4,,13
update,528,531,534,3,,14
inbound,540,542,546,4,,0
update,539,542,547,5,,15
update,550,553,555,2,,1
update,561,564,567,3,,2
update,572,575,579,4,,3
update,583,586,589,3,,4
update,594,597,601,4,,5
inbound,595,598,602,4,,6
update,605,607,610,3,,7
update,616,619,622,3,,8
update,627,630,633,3,,9
update,638,641,644,3,,10
update,649,652,656,4,,11
inbound,650,653,658,5,,12
update,660,663,666,3,,13
update,671,674,677,3,,14
update,682,684,688,4,,15
update,693,696,699,3,,0
update,704,706,710,4,,1
inbound,705,708,711,3,,2
update,715,718,720,2,,3
update,726,729,732,3,,4
update,737,740,743,3,,5
update,748,751,754,3,,6
update,759,761,765,4,,7
inbound,760,763,768,5,,8
update,770,773,776,3,,9
update,781,784,787,3,,10
update,792,795,798,3,,11
update,803,805,809,4,,12
update,814,816,820,4,,13
inbound,815,818,822,4,,14
update,825,827,831,4,,15
update,836,839,842,3,,0
update,847,850,853,3,,1
update,858,861,864,3,,2
update,869,871,875,4,,3
update,880,883,886,3,,4
update,891,893,896,3,,5
update,902,904,908,4,,6
update,913,916,919,3,,7
update,924,926,930,4,,8
inbound,1000,1003,1007,4,,10
update,1000,1003,1008,5,,9
update,1011,1014,1017,3,,11
update,1022,1025,1030,5,,12
inbound,1025,1028,1035,7,,13
update,1033,1036,1039,3,,14
update,1044,1047,1050,3,,15
update,1055,1058,1061,3,,0
update,1066,1068,1072,4,,1
update,1077,1080,1084,4,,2
update,1088,1091,1094,3,,3
update,1099,1102,1107,5,,4
inbound,1100,1104,1112,8,,5
update,1110,1113,1116,3,,6
update,1121,1124,1127,3,,7
update,1132,1134,1139,5,,8
update,1143,1146,1150,4,,9
update,1154,1157,1161,4,,10
inbound,1155,1159,1164,5,,11
update,1165,1168,1172,4,,12
update,1176,1179,1183,4,,13
update,1187,1191,1195,4,,14
update,1198,1202,1206,4,,15
inbound,1200,1204,1208,4,,0
update,1209,1212,1216,4,,1
inbound,1210,1214,1218,4,,2
update,1220,1224,1230,6,,3
inbound,1225,1229,1235,6,,4
update,1231,1234,1240,6,,5
update,1242,1245,1250,5,,6
update,1253,1257,1261,4,,7
update,1264,1268,1271,3,,8
inbound,1265,1270,1276,6,,9
update,1275,1278,1282,4,,10
update,1286,1290,1293,3,,11
update,1297,1301,1305,4,,12
update,1308,1311,1316,5,,13
update,1319,1322,1327,5,,14
inbound,1320,1324,1327,3,,15
update,1330,1334,1337,3,,0
update,1341,1344,1347,3,,1
update,1352,1356,1361,5,,2
update,1363,1367,1370,3,,3
inbound,1375,1378,1384,6,,5
update,1374,1378,1384,6,,4
update,1385,1388,1393,5,,6
update,1396,1400,1403,3,,7
inbound,1400,1403,1409,6,,8
update,1407,1410,1413,3,,9
update,1418,1422,1425,3,,10
inbound,1425,1429,1433,4,,11
update,1429,1432,1437,5,,12
inbound,1430,1434,1439,5,,13
update,1440,1443,1447,4,,14
update,1451,1455,1459,4,,15
update,1462,1466,1472,6,,0
update,1473,1477,1480,3,,1
update,1484,1486,1490,4,,2
inbound,1485,1489,1497,8,,3
update,1495,1499,1503,4,,4
update,1506,1509,1513,4,,5
update,1517,1521,1525,4,,6
update,1528,1531,1538,7,,7
update,1539,1544,1549,5,,8
inbound,1540,1544,1550,6,,9
update,1550,1554,1557,3,,10
update,1561,1565,1570,5,,11
update,1572,1575,1580,5,,12
update,1583,1587,1590,3,,13
update,1594,1597,1601,4,,14
inbound,1595,1597,1601,4,,15
update,1605,1608,1611,3,,0
update,1616,1619,1622,3,,1
update,1627,1631,1634,3,,2
update,1638,1642,1645,3,,3
update,1649,1653,1669,16,,4
inbound,1650,1654,1669,15,,5
update,1660,1664,1669,5,,6
update,1671,1674,1677,3,,7
update,1682,1686,1690,4,,8
update,1693,1697,1700,3,,9
update,1704,1707,1714,7,,10
inbound,1705,1708,1715,7,,11
update,1715,1718,1722,4,,12
update,1726,1730,1733,3,,13
update,1737,1740,1745,5,,14
update,1748,1751,1755,4,,15
update,1759,1762,1766,4,,0
inbound,1760,1763,1768,5,,1
update,1770,1773,1777,4,,2
update,1781,1784,1787,3,,3
update,1792,1795,1800,5,,4
update,1803,1806,1810,4,,5
update,1814,1818,1822,4,,6
inbound,1815,1818,1823,5,,7
update,1825,1828,1831,3,,8
update,1836,1838,1841,3,,9
update,1847,1850,1854,4,,10
update,1858,1861,1866,5,,11
update,1869,1873,1877,4,,12
update,1880,1883,1886,3,,13
update,1891,1895,1898,3,,14
update,1902,1905,1909,4,,15
update,1913,1917,1920,3,,0
update,1924,1928,1931,3,,1
update,2000,2003,2007,4,,2
inbound,2000,2003,2008,5,,3
update,2011,2015,2018,3,,4
update,2022,2026,2028,2,,5
inbound,2025,2028,2031,3,,6
update,2033,2036,2040,4,,7
update,2044,2048,2051,3,,8
update,2055,2059,2062,3,,9
update,2066,2069,2073,4,,10
update,2077,2081,2084,3,,11
update,2088,2090,2098,8,,12
update,2099,2102,2107,5,,13
inbound,2100,2103,2117,14,,14
update,2110,2117,2124,7,,15
update,2121,2125,2132,7,,0
update,2132,2135,2142,7,,1
update,2143,2145,2151,6,,2
inbound,2155,2158,2188,30,,4
update,2154,2158,2188,30,,3
update,2187,2191,2203,12,,7
update,2165,2168,2207,39,,5
update,2198,2201,2210,9,,8
update,2176,2180,2213,33,,6
inbound,2200,2204,2231,27,,9
update,2209,2213,2240,27,,10
update,2220,2223,2240,17,,12
inbound,2225,2228,2241,13,,13
update,2231,2233,2245,12,,14
inbound,2210,2214,2247,33,,11
update,2242,2245,2251,6,,15
update,2253,2257,2272,15,,0
update,2264,2267,2279,12,,1
inbound,2265,2268,2279,11,,2
update,2275,2279,2285,6,,3
update,2286,2290,2293,3,,4
update,2297,2301,2304,3,,5
update,2308,2311,2314,3,,6
inbound,2320,2324,2327,3,,8
update,2319,2323,2328,5,,7
update,2330,2333,2336,3,,9
update,2341,2345,2348,3,,10
update,2352,2355,2357,2,,11
update,2363,2366,2369,3,,12
update,2374,2378,2382,4,,13
inbound,2375,2378,2382,4,,14
update,2385,2389,2392,3,,15
update,2396,2399,2403,4,,0
inbound,2400,2403,2406,3,,1
update,2407,2411,2414,3,,2
update,2418,2422,2425,3,,3
inbound,2425,2429,2432,3,,4
update,2429,2432,2436,4,,5
inbound,2430,2434,2438,4,,6
update,2440,2444,2447,3,,7
update,2451,2455,2459,4,,8
update,2462,2466,2468,2,,9
update,2473,2476,2479,3,,10
update,2484,2488,2491,3,,11
inbound,2485,2488,2493,5,,12
update,2495,2499,2502,3,,13
update,2506,2510,2513,3,,14
update,2517,2521,2524,3,,15
update,2528,2532,2534,2,,0
update,2539,2542,2546,4,,1
inbound,2540,2544,2547,3,,2
update,2550,2554,2556,2,,3
update,2561,2564,2568,4,,4
update,2572,2576,2580,4,,5
update,2583,2586,2591,5,,6
update,2594,2597,2603,6,,7
inbound,2595,2598,2604,6,,8
update,2605,2609,2613,4,,9
update,2616,2620,2623,3,,10
update,2627,2631,2634,3,,11
update,2638,2642,2645,3,,12
update,2649,2652,2656,4,,13
inbound,2650,2654,2658,4,,14
update,2660,2663,2666,3,,15
update,2671,2675,2678,3,,0
update,2682,2686,2688,2,,1
update,2693,2696,2699,3,,2
update,2704,2707,2710,3,,3
inbound,2705,2709,2714,5,,4
update,2715,2718,2721,3,,5
update,2726,2730,2733,3,,6
update,2737,2740,2743,3,,7
update,2748,2752,2755,3,,8
inbound,2760,2764,2767,3,,10
update,2759,2763,2767,4,,9
update,2770,2774,2777,3,,11
update,2781,2784,2787,3,,12
update,2792,2795,2798,3,,13
update,2803,2807,2809,2,,14
update,2814,2817,2821,4,,15
inbound,2815,2819,2821,2,,0
update,2825,2829,2832,3,,1
update,2836,2840,2843,3,,2
update,2847,2851,2853,2,,3
update,2858,2862,2865,3,,4
update,2869,2871,2874,3,,5
update,2880,2883,2886,3,,6
update,2891,2894,2897,3,,7
update,2902,2906,2909,3,,8
update,2913,2917,2920,3,,9
update,2924,2928,2931,3,,10
inbound,3000,3003,3008,5,,12
update,3000,3003,3010,7,,11
update,3011,3015,3018,3,,13
update,3022,3026,3029,3,,14
inbound,3025,3029,3032,3,,15
update,3033,3037,3041,4,,0
update,3044,3046,3049,3,,1
update,3055,3059,3062,3,,2
update,3066,3070,3073,3,,3
update,3077,3080,3083,3,,4
update,3088,3091,3094,3,,5
update,3099,3103,3108,5,,6
inbound,3100,3104,3108,4,,7
update,3110,3113,3120,7,,8
update,3121,3124,3127,3,,9
update,3132,3136,3139,3,,10
update,3143,3147,3150,3,,11
update,3154,3157,3161,4,,12
inbound,3155,3157,3161,4,,13
update,3165,3169,3172,3,,14
update,3176,3179,3183,4,,15
update,3187,3191,3195,4,,0
update,3198,3202,3206,4,,1
inbound,3200,3204,3208,4,,2
update,3209,3212,3216,4,,3
inbound,3210,3213,3217,4,,4
update,3220,3223,3226,3,,5
inbound,3225,3228,3231,3,,6
update,3231,3234,3237,3,,7
update,3242,3246,3248,2,,8
update,3253,3257,3261,4,,9
update,3264,3266,3272,6,,10
inbound,3265,3268,3273,5,,11
update,3275,3279,3282,3,,12
update,3286,3289,3292,3,,13
update,3297,3300,3304,4,,14
update,3308,3311,3314,3,,15
update,3319,3322,3326,4,,0
inbound,3320,3324,3328,4,,1
update,3330,3333,3342,9,,2
update,3341,3343,3346,3,,3
update,3352,3356,3358,2,,4
update,3363,3365,3368,3,,5
update,3374,3377,3380,3,,6
inbound,3375,3379,3382,3,,7
update,3385,3388,3391,3,,8
update,3396,3399,3403,4,,9
inbound,3400,3404,3407,3,,10
update,3407,3411,3414,3,,11
update,3418,3421,3424,3,,12
inbound,3425,3429,3432,3,,13
update,3429,3433,3436,3,,14
inbound,3430,3434,3437,3,,15
update,3440,3444,3448,4,,0
update,3451,3454,3457,3,,1
update,3462,3466,3469,3,,2
update,3473,3477,3480,3,,3
inbound,3485,3488,3492,4,,5
update,3484,3488,3492,4,,4
update,3495,3498,3500,2,,6
update,3506,3508,3511,3,,7
update,3517,3519,3522,3,,8
update,3528,3530,3534,4,,9
inbound,3540,3542,3546,4,,11
update,3539,3542,3546,4,,10
update,3550,3554,3557,3,,12
update,3561,3565,3568,3,,13
update,3572,3576,3579,3,,14
update,3583,3587,3591,4,,15
update,3594,3597,3600,3,,0
inbound,3595,3597,3602,5,,1
update,3605,3609,3612,3,,2
update,3616,3620,3623,3,,3
update,3627,3631,3634,3,,4
update,3638,3642,3644,2,,5
update,3649,3653,3656,3,,6
inbound,3650,3654,3657,3,,7
update,3660,3663,3666,3,,8
update,3671,3674,3677,3,,9
update,3682,3686,3689,3,,10
update,3693,3696,3700,4,,11
update,3704,3708,3711,3,,12
inbound,3705,3709,3713,4,,13
update,3715,3719,3722,3,,14
update,3726,3730,3733,3,,15
update,3737,3741,3743,2,,0
update,3748,3751,3755,4,,1
update,3759,3763,3766,3,,2
inbound,3760,3764,3768,4,,3
update,3770,3774,3777,3,,4
update,3781,3785,3788,3,,5
update,3792,3795,3798,3,,6
update,3803,3807,3810,3,,7
update,3814,3818,3820,2,,8
inbound,3815,3819,3822,3,,9
update,3825,3829,3831,2,,10
update,3836,3839,3842,3,,11
update,3847,3851,3853,2,,12
update,3858,3862,3865,3,,13
update,3869,3872,3876,4,,14
update,3880,3883,3887,4,,15
update,3891,3894,3896,2,,0
update,3902,3905,3909,4,,1
update,3913,3917,3920,3,,2
update,3924,3928,3931,3,,3
update,4000,4003,4008,5,,4
inbound,4000,4004,4009,5,,5
update,4011,4013,4016,3,,6
update,4022,4025,4028,3,,7
inbound,4025,4028,4031,3,,8
update,4033,4037,4040,3,,9
update,4044,4047,4049,2,,10
update,4055,4058,4061,3,,11
update,4066,4069,4071,2,,12
update,4077,4081,4084,3,,13
update,4088,4091,4093,2,,14
update,4099,4101,4105,4,,15
inbound,4100,4103,4107,4,,0
update,4110,4114,4117,3,,1
update,4121,4124,4127,3,,2
update,4132,4136,4139,3,,3
update,4143,4147,4150,3,,4
update,4154,4158,4161,3,,5
inbound,4155,4159,4163,4,,6
update,4165,4168,4171,3,,7
update,4176,4179,4182,3,,8
update,4187,4191,4197,6,,9
update,4198,4201,4208,7,,10
inbound,4200,4204,4208,4,,11
update,4209,4212,4220,8,,12
inbound,4210,4214,4221,7,,13
update,4220,4224,4227,3,,14
inbound,4225,4229,4232,3,,15
update,4231,4234,4239,5,,0
update,4242,4245,4248,3,,1
update,4253,4257,4263,6,,2
inbound,4265,4268,4276,8,,4
update,4264,4266,4276,10,,3
update,4275,4278,4284,6,,5
update,4286,4289,4298,9,,6
update,4297,4300,4306,6,,7
update,4308,4311,4315,4,,8
inbound,4320,4323,4326,3,,10
update,4319,4323,4334,11,,9
update,4330,4334,4341,7,,11
update,4341,4345,4348,3,,12
update,4352,4355,4359,4,,13
update,4363,4366,4369,3,,14
update,4374,4376,4379,3,,15
inbound,4375,4378,4382,4,,0
update,4385,4389,4392,3,,1
update,4396,4400,4403,3,,2
inbound,4400,4404,4407,3,,3
update,4407,4411,4413,2,,4
update,4418,4422,4426,4,,5
inbound,4425,4429,4432,3,,6
update,4429,4432,4436,4,,7
inbound,4430,4433,4437,4,,8
update,4440,4443,4446,3,,9
update,4451,4455,4458,3,,10
update,4462,4465,4468,3,,11
update,4473,4477,4479,2,,12
update,4484,4486,4490,4,,13
inbound,4485,4488,4492,4,,14
update,4495,4498,4501,3,,15
update,4506,4510,4513,3,,0
update,4517,4521,4524,3,,1
update,4528,4531,4534,3,,2
inbound,4540,4543,4546,3,,4
update,4539,4543,4546,3,,3
update,4550,4553,4556,3,,5
update,4561,4565,4568,3,,6
update,4572,4574,4577,3,,7
update,4583,4587,4590,3,,8
update,4594,4597,4602,5,,9
inbound,4595,4598,4603,5,,10
update,4605,4608,4612,4,,11
update,4616,4619,4623,4,,12
update,4627,4631,4635,4,,13
update,4638,4642,4645,3,,14
update,4649,4653,4657,4,,15
inbound,4650,4654,4659,5,,0
update,4660,4664,4667,3,,1
update,4671,4674,4678,4,,2
update,4682,4686,4689,3,,3
update,4693,4696,4700,4,,4
update,4704,4708,4712,4,,5
inbound,4705,4709,4714,5,,6
update,4715,4719,4722,3,,7
update,4726,4730,4733,3,,8
update,4737,4740,4743,3,,9
update,4748,4752,4755,3,,10
update,4759,4763,4767,4,,11
inbound,4760,4764,4768,4,,12
update,4770,4773,4778,5,,13
update,4781,4785,4788,3,,14
update,4792,4796,4800,4,,15
update,4803,4807,4810,3,,0
update,4814,4817,4822,5,,1
inbound,4815,4819,4824,5,,2
update,4825,4829,4833,4,,3
update,4836,4840,4842,2,,4
update,4847,4851,4854,3,,5
update,4858,4861,4864,3,,6
update,4869,4873,4876,3,,7
update,4880,4884,4888,4,,8
update,4891,4895,4898,3,,9
update,4902,4906,4909,3,,10
update,4913,4917,4920,3,,11
update,4924,4928,4931,3,,12
update,5000,5003,5009,6,,13
inbound,5000,5003,5009,6,,14
update,5011,5014,5017,3,,15
update,5022,5026,5029,3,,0
inbound,5025,5029,5032,3,,1
update,5033,5036,5039,3,,2
update,5044,5048,5051,3,,3
update,5055,5058,5061,3,,4
update,5066,5069,5072,3,,5
update,5077,5081,5084,3,,6
update,5088,5092,5095,3,,7
update,5099,5103,5106,3,,8
inbound,5100,5104,5107,3,,9
update,5110,5113,5116,3,,10
update,5121,5125,5128,3,,11
update,5132,5136,5139,3,,12
update,5143,5147,5150,3,,13
update,5154,5157,5160,3,,14
inbound,5155,5159,5161,2,,15
update,5165,5168,5171,3,,0
update,5176,5179,5182,3,,1
update,5187,5191,5194,3,,2
update,5198,5202,5205,3,,3
inbound,5200,5202,5205,3,,4
update,5209,5212,5216,4,,5
inbound,5210,5214,5217,3,,6
update,5220,5224,5227,3,,7
inbound,5225,5228,5231,3,,8
update,5231,5234,5237,3,,9
update,5242,5246,5249,3,,10
update,5253,5257,5259,2,,11
update,5264,5267,5271,4,,12
inbound,5265,5269,5272,3,,13
update,5275,5277,5281,4,,14
update,5286,5290,5292,2,,15
update,5297,5299,5302,3,,0
update,5308,5312,5315,3,,1
inbound,5320,5323,5327,4,,3
update,5319,5323,5327,4,,2
update,5330,5334,5338,4,,4
update,5341,5345,5349,4,,5
update,5352,5355,5358,3,,6
update,5363,5366,5370,4,,7
update,5374,5378,5383,5,,8
inbound,5375,5378,5384,6,,9
update,5385,5389,5392,3,,10
update,5396,5399,5402,3,,11
inbound,5400,5403,5407,4,,12
update,5407,5410,5414,4,,13
update,5418,5422,5425,3,,14
inbound,5425,5429,5434,5,,15
update,5429,5432,5436,4,,0
inbound,5430,5433,5438,5,,1
update,5440,5443,5447,4,,2
update,5451,5454,5458,4,,3
update,5462,5465,5468,3,,4
update,5473,5476,5479,3,,5
update,5484,5487,5491,4,,6
inbound,5485,5487,5491,4,,7
update,5495,5498,5501,3,,8
update,5506,5510,5512,2,,9
update,5517,5520,5523,3,,10
update,5528,5531,5534,3,,11
inbound,5540,5542,5545,3,,13
update,5539,5542,5545,3,,12
update,5550,5554,5557,3,,14
update,5561,5565,5568,3,,15
update,5572,5576,5579,3,,0
update,5583,5586,5589,3,,1
update,5594,5598,5602,4,,2
inbound,5595,5599,5603,4,,3
update,5605,5608,5611,3,,4
update,5616,5619,5621,2,,5
update,5627,5631,5633,2,,6
update,5638,5641,5644,3,,7
inbound,5650,5653,5655,2,,9
update,5649,5653,5656,3,,8
update,5660,5663,5666,3,,10
update,5671,5674,5676,2,,11
update,5682,5685,5688,3,,12
update,5693,5695,5698,3,,13
update,5704,5708,5711,3,,14
inbound,5705,5709,5712,3,,15
update,5715,5719,5722,3,,0
update,5726,5730,5732,2,,1
update,5737,5740,5743,3,,2
update,5748,5751,5754,3,,3
update,5759,5762,5765,3,,4
inbound,5760,5762,5766,4,,5
update,5770,5773,5776,3,,6
update,5781,5785,5787,2,,7
update,5792,5795,5797,2,,8
update,5803,5805,5808,3,,9
update,5814,5817,5820,3,,10
inbound,5815,5817,5820,3,,11
update,5825,5829,5832,3,,12
update,5836,5840,5843,3,,13
update,5847,5850,5853,3,,14
update,5858,5862,5865,3,,15
update,5869,5873,5876,3,,0
update,5880,5884,5887,3,,1
update,5891,5894,5897,3,,2
update,5902,5905,5908,3,,3
update,5913,5916,5919,3,,4
update,5924,5927,5930,3,,5
inbound,6000,6004,6007,3,,7
update,6000,6004,6009,5,,6
update,6011,6015,6018,3,,8
update,6022,6025,6028,3,,9
inbound,6025,6028,6031,3,,10
update,6033,6036,6039,3,,11
update,6044,6048,6051,3,,12
update,6055,6059,6062,3,,13
update,6066,6070,6073,3,,14
update,6077,6080,6082,2,,15
update,6088,6092,6095,3,,0
update,6099,6101,6104,3,,1
inbound,6100,6102,6106,4,,2
update,6110,6113,6116,3,,3
update,6121,6125,6128,3,,4
update,6132,6136,6139,3,,5
update,6143,6147,6149,2,,6
update,6154,6157,6160,3,,7
inbound,6155,6158,6161,3,,8
update,6165,6169,6172,3,,9
update,6176,6179,6182,3,,10
update,6187,6191,6194,3,,11
update,6198,6201,6204,3,,12
inbound,6200,6204,6207,3,,13
inbound,6210,6213,6216,3,,15
update,6209,6213,6216,3,,14
update,6220,6224,6227,3,,0
inbound,6225,6228,6231,3,,1
update,6231,6234,6238,4,,2
update,6242,6246,6249,3,,3
update,6253,6257,6260,3,,4
update,6264,6266,6271,5,,5
inbound,6265,6267,6271,4,,6
update,6275,6278,6283,5,,7
update,6286,6289,6293,4,,8
update,6297,6300,6303,3,,9
update,6308,6312,6314,2,,10
update,6319,6323,6327,4,,11
inbound,6320,6323,6327,4,,12
update,6330,6334,6337,3,,13
update,6341,6345,6348,3,,14
update,6352,6356,6358,2,,15
update,6363,6366,6369,3,,0
update,6374,6377,6380,3,,1
inbound,6375,6378,6381,3,,2
update,6385,6387,6390,3,,3
update,6396,6400,6405,5,,4
inbound,6400,6402,6406,4,,5
update,6407,6410,6414,4,,6
update,6418,6422,6424,2,,7
inbound,6425,6429,6431,2,,8
update,6429,6431,6435,4,,9
inbound,6430,6433,6436,3,,10
update,6440,6444,6447,3,,11
update,6451,6454,6457,3,,12
update,6462,6465,6468,3,,13
update,6473,6476,6479,3,,14
inbound,6485,6489,6492,3,,0
update,6484,6488,6492,4,,15
update,6495,6498,6501,3,,1
update,6506,6510,6513,3,,2
update,6517,6521,6523,2,,3
update,6528,6531,6534,3,,4
update,6539,6542,6546,4,,5
inbound,6540,6544,6547,3,,6
update,6550,6554,6557,3,,7
update,6561,6564,6567,3,,8
update,6572,6575,6578,3,,9
update,6583,6586,6589,3,,10
inbound,6595,6598,6600,2,,12
update,6594,6597,6601,4,,11
update,6605,6607,6610,3,,13
update,6616,6619,6623,4,,14
update,6627,6630,6633,3,,15
update,6638,6641,6644,3,,0
update,6649,6653,6657,4,,1
inbound,6650,6655,6659,4,,2
update,6660,6663,6666,3,,3
update,6671,6674,6677,3,,4
update,6682,6685,6688,3,,5
update,6693,6697,6701,4,,6
update,6704,6706,6710,4,,7
inbound,6705,6709,6712,3,,8
update,6715,6719,6722,3,,9
update,6726,6728,6731,3,,10
update,6737,6741,6744,3,,11
update,6748,6752,6755,3,,12
update,6759,6762,6766,4,,13
inbound,6760,6764,6767,3,,14
update,6770,6772,6775,3,,15
update,6781,6784,6787,3,,0
update,6792,6796,6799,3,,1
update,6803,6807,6810,3,,2
update,6814,6817,6821,4,,3
inbound,6815,6818,6821,3,,4
update,6825,6828,6832,4,,5
update,6836,6838,6842,4,,6
update,6847,6851,6853,2,,7
update,6858,6862,6865,3,,8
update,6869,6872,6874,2,,9
update,6880,6884,6886,2,,10
update,6891,6894,6898,4,,11
update,6902,6906,6909,3,,12
update,6913,6917,6920,3,,13
update,6924,6928,6930,2,,14
inbound,7000,7004,7009,5,,0
update,7000,7004,7009,5,,15
update,7011,7016,7019,3,,1
update,7022,7027,7030,3,,2
inbound,7025,7028,7032,4,,3
update,7033,7037,7040,3,,4
update,7044,7047,7050,3,,5
update,7055,7060,7063,3,,6
update,7066,7070,7073,3,,7
update,7077,7082,7085,3,,8
update,7088,7091,7094,3,,9
update,7099,7103,7106,3,,10
inbound,7100,7104,7108,4,,11
update,7110,7114,7118,4,,12
update,7121,7125,7128,3,,13
update,7132,7136,7139,3,,14
update,7143,7147,7150,3,,15
update,7154,7157,7160,3,,0
inbound,7155,7160,7163,3,,1
update,7165,7170,7172,2,,2
update,7176,7180,7182,2,,3
update,7187,7192,7196,4,,4
update,7198,7202,7205,3,,5
inbound,7200,7203,7207,4,,6
update,7209,7214,7217,3,,7
inbound,7210,7215,7219,4,,8
update,7220,7224,7227,3,,9
inbound,7225,7230,7232,2,,10
update,7231,7235,7238,3,,11
update,7242,7247,7250,3,,12
update,7253,7258,7260,2,,13
update,7264,7268,7272,4,,14
inbound,7265,7270,7273,3,,15
update,7275,7280,7285,5,,0
update,7286,7290,7294,4,,1
update,7297,7301,7303,2,,2
update,7308,7312,7315,3,,3
update,7319,7324,7327,3,,4
inbound,7320,7325,7329,4,,5
update,7330,7334,7337,3,,6
update,7341,7345,7348,3,,7
update,7352,7357,7361,4,,8
update,7363,7368,7372,4,,9
inbound,7375,7379,7383,4,,11
update,7374,7379,7384,5,,10
update,7385,7389,7392,3,,12
update,7396,7401,7404,3,,13
inbound,7400,7404,7408,4,,14
update,7407,7411,7414,3,,15
update,7418,7422,7425,3,,0
inbound,7425,7430,7434,4,,1
update,7429,7433,7437,4,,2
inbound,7430,7435,7439,4,,3
update,7440,7445,7452,7,,4
update,7451,7455,7458,3,,5
update,7462,7465,7469,4,,6
update,7473,7477,7481,4,,7
update,7484,7489,7493,4,,8
inbound,7485,7491,7495,4,,9
update,7495,7500,7505,5,,10
update,7506,7511,7515,4,,11
update,7517,7522,7526,4,,12
update,7528,7532,7535,3,,13
update,7539,7543,7547,4,,14
inbound,7540,7544,7549,5,,15
update,7550,7555,7559,4,,0
update,7561,7566,7569,3,,1
update,7572,7575,7579,4,,2
update,7583,7587,7592,5,,3
update,7594,7599,7604,5,,4
inbound,7595,7599,7605,6,,5
update,7605,7609,7613,4,,6
update,7616,7620,7624,4,,7
update,7627,7630,7633,3,,8
update,7638,7643,7646,3,,9
update,7649,7653,7658,5,,10
inbound,7650,7654,7660,6,,11
update,7660,7665,7669,4,,12
update,7671,7675,7679,4,,13
update,7682,7686,7690,4,,14
update,7693,7697,7701,4,,15
update,7704,7709,7714,5,,0
inbound,7705,7710,7716,6,,1
update,7715,7719,7722,3,,2
update,7726,7729,7733,4,,3
update,7737,7740,7743,3,,4
update,7748,7753,7756,3,,5
update,7759,7763,7766,3,,6
inbound,7760,7764,7767,3,,7
update,7770,7774,7777,3,,8
update,7781,7786,7789,3,,9
update,7792,7796,7800,4,,10
update,7803,7808,7811,3,,11
update,7814,7818,7822,4,,12
inbound,7815,7819,7823,4,,13
update,7825,7829,7832,3,,14
update,7836,7840,7843,3,,15
update,7847,7851,7855,4,,0
update,7858,7863,7866,3,,1
update,7869,7874,7878,4,,2
update,7880,7883,7886,3,,3
update,7891,7895,7898,3,,4
update,7902,7907,7910,3,,5
update,7913,7918,7921,3,,6
update,7924,7929,7935,6,,7
inbound,8000,8004,8008,4,,9
update,8000,8004,8009,5,,8
update,8011,8016,8019,3,,10
update,8022,8026,8030,4,,11
inbound,8025,8029,8033,4,,12
update,8033,8038,8041,3,,13
update,8044,8048,8051,3,,14
update,8055,8060,8063,3,,15
update,8066,8070,8073,3,,0
update,8077,8081,8085,4,,1
update,8088,8093,8096,3,,2
update,8099,8103,8106,3,,3
inbound,8100,8104,8109,5,,4
update,8110,8114,8117,3,,5
update,8121,8126,8129,3,,6
update,8132,8136,8138,2,,7
update,8143,8148,8152,4,,8
update,8154,8159,8162,3,,9
inbound,8155,8159,8164,5,,10
update,8165,8169,8172,3,,11
update,8176,8181,8184,3,,12
update,8187,8192,8195,3,,13
update,8198,8202,8204,2,,14
inbound,8200,8204,8207,3,,15
inbound,8210,8213,8217,4,,1
update,8209,8213,8217,4,,0
update,8220,8225,8228,3,,2
inbound,8225,8230,8233,3,,3
update,8231,8234,8237,3,,4
update,8242,8246,8249,3,,5
update,8253,8258,8261,3,,6
update,8264,8269,8272,3,,7
inbound,8265,8269,8273,4,,8
update,8275,8278,8282,4,,9
update,8286,8290,8298,8,,10
update,8297,8301,8305,4,,11
update,8308,8311,8314,3,,12
update,8319,8323,8327,4,,13
inbound,8320,8325,8329,4,,14
update,8330,8334,8337,3,,15
update,8341,8345,8348,3,,0
update,8352,8357,8361,4,,1
update,8363,8367,8370,3,,2
update,8374,8379,8382,3,,3
inbound,8375,8380,8383,3,,4
update,8385,8389,8392,3,,5
update,8396,8400,8403,3,,6
inbound,8400,8404,8407,3,,7
update,8407,8410,8413,3,,8
update,8418,8422,8425,3,,9
inbound,8425,8428,8431,3,,10
inbound,8430,8434,8437,3,,12
update,8429,8434,8438,4,,11
update,8440,8444,8448,4,,13
update,8451,8455,8458,3,,14
update,8462,8467,8470,3,,15
update,8473,8478,8481,3,,0
update,8484,8488,8491,3,,1
inbound,8485,8489,8492,3,,2
update,8495,8499,8502,3,,3
update,8506,8511,8515,4,,4
update,8517,8522,8525,3,,5
update,8528,8531,8534,3,,6
inbound,8540,8544,8547,3,,8
update,8539,8544,8547,3,,7
update,8550,8555,8558,3,,9
update,8561,8566,8568,2,,10
update,8572,8577,8580,3,,11
update,8583,8587,8590,3,,12
update,8594,8599,8602,3,,13
inbound,8595,8600,8603,3,,14
update,8605,8610,8615,5,,15
update,8616,8620,8623,3,,0
update,8627,8632,8634,2,,1
update,8638,8642,8645,3,,2
update,8649,8654,8658,4,,3
inbound,8650,8654,8659,5,,4
update,8660,8665,8669,4,,5
update,8671,8676,8679,3,,6
update,8682,8687,8689,2,,7
update,8693,8697,8701,4,,8
inbound,8705,8708,8712,4,,10
update,8704,8708,8712,4,,9
update,8715,8719,8723,4,,11
update,8726,8730,8733,3,,12
update,8737,8740,8744,4,,13
update,8748,8752,8755,3,,14
update,8759,8764,8767,3,,15
inbound,8760,8765,8768,3,,0
update,8770,8774,8777,3,,1
update,8781,8786,8788,2,,2
update,8792,8796,8800,4,,3
update,8803,8808,8811,3,,4
inbound,8815,8819,8822,3,,6
update,8814,8819,8822,3,,5
update,8825,8830,8833,3,,7
update,8836,8840,8843,3,,8
update,8847,8851,8854,3,,9
update,8858,8862,8866,4,,10
update,8869,8873,8877,4,,11
update,8880,8885,8888,3,,12
update,8891,8896,8899,3,,13
update,8902,8907,8910,3,,14
update,8913,8918,8921,3,,15
update,8924,8929,8933,4,,0
inbound,9000,9005,9009,4,,2
update,9000,9005,9009,4,,1
update,9011,9016,9019,3,,3
update,9022,9025,9028,3,,4
inbound,9025,9029,9032,3,,5
update,9033,9038,9041,3,,6
update,9044,9049,9052,3,,7
update,9055,9059,9062,3,,8
update,9066,9071,9074,3,,9
update,9077,9082,9085,3,,10
update,9088,9092,9095,3,,11
update,9099,9103,9106,3,,12
inbound,9100,9104,9108,4,,13
update,9110,9114,9117,3,,14
update,9121,9125,9128,3,,15
update,9132,9136,9138,2,,0
update,9143,9147,9150,3,,1
update,9154,9158,9162,4,,2
inbound,9155,9160,9163,3,,3
update,9165,9169,9171,2,,4
update,9176,9180,9182,2,,5
update,9187,9191,9194,3,,6
inbound,9200,9203,9207,4,,8
update,9198,9203,9207,4,,7
update,9209,9213,9216,3,,9
inbound,9210,9213,9217,4,,10
update,9220,9223,9226,3,,11
inbound,9225,9229,9232,3,,12
update,9231,9235,9238,3,,13
update,9242,9247,9250,3,,14
update,9253,9257,9260,3,,15
update,9264,9269,9272,3,,0
inbound,9265,9270,9274,4,,1
update,9275,9279,9282,3,,2
update,9286,9291,9296,5,,3
update,9297,9302,9306,4,,4
update,9308,9312,9315,3,,5
update,9319,9323,9326,3,,6
inbound,9320,9324,9327,3,,7
update,9330,9335,9337,2,,8
update,9341,9346,9348,2,,9
update,9352,9356,9359,3,,10
update,9363,9368,9371,3,,11
update,9374,9378,9383,5,,12
inbound,9375,9378,9384,6,,13
update,9385,9390,9393,3,,14
update,9396,9401,9404,3,,15
inbound,9400,9404,9409,5,,0
update,9407,9412,9415,3,,1
update,9418,9423,9427,4,,2
inbound,9425,9430,9434,4,,3
update,9429,9433,9437,4,,4
inbound,9430,9435,9438,3,,5
update,9440,9445,9448,3,,6
update,9451,9455,9459,4,,7
update,9462,9467,9470,3,,8
update,9473,9478,9481,3,,9
update,9484,9488,9492,4,,10
inbound,9485,9490,9493,3,,11
update,9495,9499,9502,3,,12
update,9506,9510,9514,4,,13
update,9517,9521,9525,4,,14
update,9528,9533,9537,4,,15
update,9539,9544,9549,5,,0
inbound,9540,9545,9550,5,,1
update,9550,9555,9558,3,,2
update,9561,9565,9569,4,,3
update,9572,9577,9580,3,,4
update,9583,9587,9591,4,,5
update,9594,9599,9602,3,,6
inbound,9595,9600,9604,4,,7
update,9605,9609,9612,3,,8
update,9616,9621,9625,4,,9
update,9627,9632,9635,3,,10
update,9638,9642,9646,4,,11
inbound,9650,9654,9657,3,,13
update,9649,9654,9659,5,,12
update,9660,9664,9667,3,,14
update,9671,9676,9680,4,,15
update,9682,9687,9690,3,,0
update,9693,9697,9701,4,,1
update,9704,9708,9713,5,,2
inbound,9705,9709,9713,4,,3
update,9715,9720,9723,3,,4
update,9726,9731,9734,3,,5
update,9737,9741,9745,4,,6
update,9748,9753,9756,3,,7
inbound,9760,9764,9766,2,,9
update,9759,9764,9768,4,,8
update,9770,9775,9778,3,,10
update,9781,9786,9789,3,,11
update,9792,9796,9800,4,,12
update,9803,9808,9811,3,,13
update,9814,9819,9822,3,,14
inbound,9815,9820,9823,3,,15
update,9825,9830,9833,3,,0
update,9836,9840,9843,3,,1
update,9847,9852,9855,3,,2
update,9858,9863,9866,3,,3
update,9869,9874,9877,3,,4
update,9880,9884,9887,3,,5
update,9891,9896,9899,3,,6
update,9902,9906,9909,3,,7
update,9913,9918,9920,2,,8
update,9924,9929,9932,3,,9
inbound,10000,10005,10009,4,,11
update,10000,10005,10009,4,,10
update,10011,10016,10019,3,,12
update,10022,10027,10030,3,,13
inbound,10025,10030,10033,3,,14
update,10033,10038,10041,3,,15
update,10044,10047,10050,3,,0
update,10055,10059,10063,4,,1
update,10066,10070,10076,6,,2
update,10077,10082,10086,4,,3
update,10088,10092,10096,4,,4
update,10099,10104,10107,3,,5
inbound,10100,10105,10109,4,,6
update,10110,10115,10118,3,,7
update,10121,10125,10128,3,,8
update,10132,10136,10139,3,,9
update,10143,10147,10150,3,,10
update,10154,10159,10161,2,,11
inbound,10155,10161,10164,3,,12
update,10165,10169,10173,4,,13
update,10176,10181,10184,3,,14
update,10187,10192,10195,3,,15
update,10198,10203,10206,3,,0
inbound,10200,10206,10209,3,,1
update,10209,10214,10217,3,,2
inbound,10210,10215,10219,4,,3
update,10220,10225,10228,3,,4
inbound,10225,10229,10233,4,,5
update,10231,10235,10238,3,,6
update,10242,10246,10249,3,,7
update,10253,10258,10261,3,,8
update,10264,10269,10273,4,,9
inbound,10265,10271,10274,3,,10
update,10275,10280,10283,3,,11
update,10286,10290,10293,3,,12
update,10297,10302,10308,6,,13
update,10308,10312,10316,4,,14
update,10319,10323,10327,4,,15
inbound,10320,10326,10329,3,,0
update,10330,10335,10338,3,,1
update,10341,10345,10348,3,,2
update,10352,10357,10363,6,,3
update,10363,10367,10373,6,,4
inbound,10375,10379,10383,4,,6
update,10374,10378,10384,6,,5
update,10385,10390,10396,6,,7
update,10396,10400,10404,4,,8
inbound,10400,10406,10410,4,,9
update,10407,10411,10416,5,,10
update,10418,10423,10426,3,,11
inbound,10425,10430,10432,2,,12
update,10429,10434,10438,4,,13
inbound,10430,10435,10438,3,,14
update,10440,10444,10447,3,,15
update,10451,10456,10459,3,,0
update,10462,10467,10471,4,,1
update,10473,10478,10482,4,,2
update,10484,10489,10496,7,,3
inbound,10485,10490,10496,6,,4
update,10495,10500,10503,3,,5
update,10506,10510,10514,4,,6
update,10517,10522,10527,5,,7
update,10528,10533,10540,7,,8
update,10539,10544,10548,4,,9
inbound,10540,10546,10551,5,,10
update,10550,10555,10558,3,,11
update,10561,10566,10569,3,,12
update,10572,10577,10580,3,,13
update,10583,10587,10591,4,,14
update,10594,10599,10603,4,,15
inbound,10595,10601,10604,3,,0
update,10605,10610,10613,3,,1
update,10616,10620,10623,3,,2
update,10627,10632,10636,4,,3
update,10638,10641,10644,3,,4
update,10649,10653,10656,3,,5
inbound,10650,10656,10659,3,,6
update,10660,10665,10668,3,,7
update,10671,10676,10679,3,,8
update,10682,10687,10689,2,,9
update,10693,10697,10700,3,,10
update,10704,10708,10712,4,,11
inbound,10705,10710,10714,4,,12
update,10715,10719,10722,3,,13
update,10726,10730,10732,2,,14
update,10737,10742,10745,3,,15
update,10748,10752,10755,3,,0
update,10759,10763,10766,3,,1
inbound,10760,10766,10768,2,,2
update,10770,10775,10778,3,,3
update,10781,10784,10788,4,,4
update,10792,10796,10799,3,,5
update,10803,10808,10811,3,,6
update,10814,10819,10823,4,,7
inbound,10815,10821,10823,2,,8
update,10825,10829,10832,3,,9
update,10836,10840,10843,3,,10
update,10847,10851,10854,3,,11
update,10858,10863,10866,3,,12
update,10869,10874,10877,3,,13
update,10880,10885,10888,3,,14
update,10891,10895,10898,3,,15
update,10902,10907,10910,3,,0
update,10913,10916,10919,3,,1
update,10924,10929,10932,3,,2
update,11000,11005,11009,4,,3
inbound,11000,11005,11011,6,,4
update,11011,11016,11019,3,,5
update,11022,11027,11030,3,,6
inbound,11025,11030,11034,4,,7
update,11033,11039,11042,3,,8
update,11044,11050,11054,4,,9
update,11055,11061,11064,3,,10
update,11066,11072,11075,3,,11
update,11077,11082,11085,3,,12
update,11088,11093,11096,3,,13
update,11099,11105,11109,4,,14
inbound,11100,11105,11110,5,,15
update,11110,11114,11117,3,,0
update,11121,11127,11130,3,,1
update,11132,11138,11141,3,,2
update,11143,11149,11152,3,,3
update,11154,11159,11163,4,,4
inbound,11155,11160,11164,4,,5
update,11165,11170,11174,4,,6
update,11176,11181,11184,3,,7
update,11187,11192,11194,2,,8
update,11198,11204,11207,3,,9
inbound,11200,11206,11209,3,,10
update,11209,11215,11218,3,,11
inbound,11210,11216,11220,4,,12
update,11220,11226,11230,4,,13
inbound,11225,11231,11234,3,,14
update,11231,11236,11239,3,,15
update,11242,11248,11252,4,,0
update,11253,11257,11262,5,,1
update,11264,11270,11273,3,,2
inbound,11265,11271,11276,5,,3
update,11275,11280,11284,4,,4
update,11286,11291,11296,5,,5
update,11297,11303,11312,9,,6
update,11308,11313,11316,3,,7
inbound,11320,11326,11331,5,,9
update,11319,11324,11333,9,,8
update,11330,11336,11341,5,,10
update,11341,11346,11350,4,,11
update,11352,11358,11363,5,,12
update,11363,11368,11373,5,,13
update,11374,11380,11384,4,,14
inbound,11375,11380,11385,5,,15
update,11385,11391,11394,3,,0
update,11396,11402,11405,3,,1
inbound,11400,11405,11409,4,,2
update,11407,11413,11416,3,,3
update,11418,11423,11426,3,,4
inbound,11425,11431,11434,3,,5
update,11429,11435,11440,5,,6
inbound,11430,11435,11441,6,,7
update,11440,11446,11448,2,,8
update,11451,11456,11459,3,,9
update,11462,11468,11471,3,,10
update,11473,11478,11481,3,,11
update,11484,11489,11492,3,,12
inbound,11485,11490,11494,4,,13
update,11495,11501,11504,3,,14
update,11506,11512,11515,3,,15
update,11517,11522,11525,3,,0
update,11528,11534,11537,3,,1
update,11539,11545,11548,3,,2
inbound,11540,11546,11549,3,,3
update,11550,11556,11559,3,,4
update,11561,11567,11570,3,,5
update,11572,11578,11581,3,,6
update,11583,11589,11592,3,,7
update,11594,11599,11603,4,,8
inbound,11595,11600,11604,4,,9
update,11605,11610,11614,4,,10
update,11616,11622,11625,3,,11
update,11627,11632,11636,4,,12
update,11638,11644,11647,3,,13
update,11649,11655,11658,3,,14
inbound,11650,11656,11659,3,,15
update,11660,11666,11669,3,,0
update,11671,11677,11680,3,,1
update,11682,11688,11691,3,,2
update,11693,11698,11702,4,,3
update,11704,11710,11714,4,,4
inbound,11705,11711,11715,4,,5
update,11715,11721,11725,4,,6
update,11726,11732,11736,4,,7
update,11737,11743,11746,3,,8
update,11748,11754,11757,3,,9
inbound,11760,11765,11768,3,,11
update,11759,11765,11770,5,,10
update,11770,11776,11780,4,,12
update,11781,11786,11789,3,,13
update,11792,11798,11801,3,,14
update,11803,11809,11811,2,,15
inbound,11815,11820,11823,3,,1
update,11814,11819,11823,4,,0
update,11825,11831,11836,5,,2
update,11836,11840,11847,7,,3
update,11847,11853,11857,4,,4
update,11858,11864,11872,8,,5
update,11869,11874,11880,6,,6
update,11880,11885,11888,3,,7
update,11891,11897,11905,8,,8
update,11902,11907,11914,7,,9
update,11913,11917,11926,9,,10
update,11924,11930,11935,5,,11
inbound,12000,12006,12009,3,,13
update,12000,12006,12010,4,,12
update,12011,12017,12020,3,,14
update,12022,12028,12034,6,,15
inbound,12025,12031,12034,3,,0
update,12033,12039,12042,3,,1
update,12044,12050,12053,3,,2
update,12055,12061,12064,3,,3
update,12066,12072,12074,2,,4
update,12077,12082,12086,4,,5
update,12088,12094,12097,3,,6
inbound,12100,12105,12108,3,,8
update,12099,12105,12109,4,,7
update,12110,12116,12120,4,,9
update,12121,12127,12130,3,,10
update,12132,12138,12140,2,,11
update,12143,12149,12152,3,,12
update,12154,12160,12163,3,,13
inbound,12155,12160,12164,4,,14
update,12165,12171,12173,2,,15
update,12176,12182,12185,3,,0
update,12187,12193,12196,3,,1
update,12198,12204,12207,3,,2
inbound,12200,12206,12209,3,,3
update,12209,12215,12219,4,,4
inbound,12210,12215,12219,4,,5
update,12220,12226,12229,3,,6
inbound,12225,12229,12233,4,,7
update,12231,12237,12242,5,,8
update,12242,12248,12255,7,,9
update,12253,12259,12263,4,,10
update,12264,12270,12276,6,,11
inbound,12265,12270,12276,6,,12
update,12275,12280,12283,3,,13
update,12286,12292,12296,4,,14
update,12297,12302,12305,3,,15
update,12308,12314,12320,6,,0
update,12319,12325,12330,5,,1
inbound,12320,12326,12331,5,,2
update,12330,12335,12339,4,,3
update,12341,12346,12349,3,,4
update,12352,12358,12361,3,,5
update,12363,12368,12371,3,,6
inbound,12375,12380,12383,3,,8
update,12374,12380,12388,8,,7
update,12385,12390,12394,4,,9
update,12396,12402,12405,3,,10
inbound,12400,12405,12408,3,,11
update,12407,12413,12415,2,,12
update,12418,12424,12427,3,,13
inbound,12425,12429,12432,3,,14
update,12429,12434,12437,3,,15
inbound,12430,12437,12440,3,,0
update,12440,12445,12448,3,,1
update,12451,12457,12460,3,,2
update,12462,12468,12471,3,,3
update,12473,12479,12482,3,,4
update,12484,12490,12493,3,,5
inbound,12485,12490,12494,4,,6
update,12495,12501,12505,4,,7
update,12506,12512,12515,3,,8
update,12517,12521,12525,4,,9
update,12528,12534,12537,3,,10
update,12539,12544,12548,4,,11
inbound,12540,12546,12550,4,,12
update,12550,12556,12559,3,,13
update,12561,12567,12570,3,,14
update,12572,12578,12581,3,,15
update,12583,12589,12604,15,,0
update,12594,12600,12604,4,,1
inbound,12595,12600,12604,4,,2
update,12605,12611,12614,3,,3
update,12616,12621,12625,4,,4
update,12627,12632,12636,4,,5
update,12638,12644,12647,3,,6
update,12649,12654,12658,4,,7
inbound,12650,12656,12659,3,,8
update,12660,12666,12669,3,,9
update,12671,12677,12680,3,,10
update,12682,12687,12690,3,,11
update,12693,12698,12701,3,,12
update,12704,12710,12714,4,,13
inbound,12705,12711,12714,3,,14
update,12715,12721,12724,3,,15
update,12726,12732,12735,3,,0
update,12737,12743,12746,3,,1
update,12748,12754,12757,3,,2
inbound,12760,12765,12767,2,,4
update,12759,12765,12769,4,,3
update,12770,12775,12779,4,,5
update,12781,12786,12789,3,,6
update,12792,12798,12801,3,,7
update,12803,12809,12812,3,,8
update,12814,12820,12823,3,,9
inbound,12815,12821,12824,3,,10
update,12825,12831,12834,3,,11
update,12836,12841,12844,3,,12
update,12847,12853,12856,3,,13
update,12858,12864,12867,3,,14
update,12869,12875,12878,3,,15
update,12880,12885,12888,3,,0
update,12891,12897,12900,3,,1
update,12902,12908,12911,3,,2
update,12913,12919,12921,2,,3
update,12924,12929,12932,3,,4
update,13000,13005,13008,3,,5
inbound,13000,13007,13010,3,,6
update,13011,13017,13020,3,,7
update,13022,13028,13030,2,,8
inbound,13025,13032,13034,2,,9
update,13033,13038,13041,3,,10
update,13044,13050,13053,3,,11
update,13055,13061,13064,3,,12
update,13066,13071,13074,3,,13
update,13077,13083,13086,3,,14
update,13088,13095,13098,3,,15
inbound,13100,13106,13109,3,,1
update,13099,13106,13109,3,,0
update,13110,13117,13120,3,,2
update,13121,13127,13130,3,,3
update,13132,13139,13142,3,,4
update,13143,13149,13152,3,,5
inbound,13155,13161,13164,3,,7
update,13154,13161,13164,3,,6
update,13165,13172,13175,3,,8
update,13176,13183,13186,3,,9
update,13187,13194,13197,3,,10
update,13198,13205,13207,2,,11
inbound,13200,13207,13210,3,,12
update,13209,13216,13219,3,,13
inbound,13210,13217,13220,3,,14
update,13220,13225,13228,3,,15
inbound,13225,13232,13235,3,,0
update,13231,13238,13240,2,,1
update,13242,13249,13251,2,,2
update,13253,13259,13262,3,,3
update,13264,13271,13274,3,,4
inbound,13265,13273,13276,3,,5
update,13275,13282,13285,3,,6
update,13286,13293,13295,2,,7
update,13297,13304,13306,2,,8
update,13308,13315,13317,2,,9
update,13319,13326,13329,3,,10
inbound,13320,13328,13331,3,,11
update,13330,13337,13340,3,,12
update,13341,13348,13350,2,,13
update,13352,13359,13361,2,,14
update,13363,13370,13372,2,,15
update,13374,13381,13385,4,,0
inbound,13375,13383,13386,3,,1
update,13385,13392,13394,2,,2
update,13396,13401,13404,3,,3
inbound,13400,13407,13409,2,,4
update,13407,13413,13416,3,,5
update,13418,13425,13427,2,,6
inbound,13425,13431,13434,3,,7
update,13429,13436,13439,3,,8
inbound,13430,13437,13440,3,,9
update,13440,13447,13450,3,,10
update,13451,13458,13461,3,,11
update,13462,13469,13472,3,,12
update,13473,13480,13482,2,,13
update,13484,13491,13493,2,,14
inbound,13485,13493,13496,3,,15
update,13495,13502,13505,3,,0
update,13506,13513,13516,3,,1
update,13517,13524,13526,2,,2
update,13528,13535,13537,2,,3
update,13539,13545,13547,2,,4
inbound,13540,13547,13550,3,,5
update,13550,13557,13560,3,,6
update,13561,13568,13571,3,,7
update,13572,13579,13582,3,,8
update,13583,13590,13592,2,,9
update,13594,13601,13604,3,,10
inbound,13595,13603,13606,3,,11
update,13605,13612,13615,3,,12
update,13616,13623,13626,3,,13
update,13627,13634,13636,2,,14
update,13638,13645,13648,3,,15
update,13649,13656,13659,3,,0
inbound,13650,13658,13661,3,,1
update,13660,13667,13670,3,,2
update,13671,13678,13681,3,,3
update,13682,13689,13692,3,,4
update,13693,13700,13703,3,,5
inbound,13705,13711,13715,4,,7
update,13704,13711,13715,4,,6
update,13715,13721,13724,3,,8
update,13726,13732,13735,3,,9
update,13737,13744,13747,3,,10
update,13748,13755,13757,2,,11
update,13759,13765,13767,2,,12
inbound,13760,13767,13769,2,,13
update,13770,13777,13780,3,,14
update,13781,13787,13789,2,,15
update,13792,13799,13803,4,,0
update,13803,13809,13812,3,,1
update,13814,13821,13824,3,,2
inbound,13815,13823,13825,2,,3
update,13825,13832,13835,3,,4
update,13836,13843,13846,3,,5
update,13847,13853,13856,3,,6
update,13858,13865,13868,3,,7
update,13869,13876,13879,3,,8
update,13880,13887,13890,3,,9
update,13891,13898,13901,3,,10
update,13902,13909,13912,3,,11
update,13913,13920,13923,3,,12
update,13924,13931,13934,3,,13
inbound,14000,14007,14012,5,,15
update,14000,14007,14013,6,,14
update,14011,14019,14022,3,,0
update,14022,14030,14033,3,,1
inbound,14025,14033,14036,3,,2
update,14033,14040,14043,3,,3
update,14044,14052,14056,4,,4
update,14055,14063,14066,3,,5
update,14066,14074,14077,3,,6
update,14077,14084,14089,5,,7
update,14088,14096,14101,5,,8
update,14099,14106,14111,5,,9
inbound,14100,14108,14113,5,,10
update,14110,14118,14121,3,,11
update,14121,14128,14133,5,,12
update,14132,14140,14143,3,,13
update,14143,14151,14155,4,,14
inbound,14155,14162,14166,4,,0
update,14154,14162,14166,4,,15
update,14165,14173,14177,4,,1
update,14176,14184,14187,3,,2
update,14187,14195,14198,3,,3
update,14198,14206,14210,4,,4
inbound,14200,14207,14213,6,,5
update,14209,14216,14221,5,,6
inbound,14210,14218,14222,4,,7
update,14220,14228,14231,3,,8
inbound,14225,14233,14238,5,,9
update,14231,14239,14243,4,,10
update,14242,14249,14253,4,,11
update,14253,14260,14264,4,,12
inbound,14265,14273,14276,3,,14
update,14264,14271,14276,5,,13
update,14275,14282,14286,4,,15
update,14286,14294,14298,4,,0
update,14297,14305,14309,4,,1
update,14308,14316,14320,4,,2
inbound,14320,14327,14332,5,,4
update,14319,14327,14334,7,,3
update,14330,14338,14346,8,,5
update,14341,14349,14356,7,,6
update,14352,14362,14370,8,,7
update,14363,14371,14379,8,,8
update,14374,14381,14392,11,,9
inbound,14375,14382,14392,10,,10
update,14385,14392,14397,5,,11
update,14396,14404,14412,8,,12
inbound,14400,14409,14413,4,,13
update,14407,14413,14420,7,,14
update,14418,14426,14433,7,,15
inbound,14425,14433,14438,5,,0
update,14429,14437,14446,9,,1
inbound,14430,14437,14447,10,,2
update,14440,14446,14451,5,,3
update,14451,14459,14465,6,,4
update,14462,14470,14477,7,,5
update,14473,14481,14502,21,,6
inbound,14485,14493,14502,9,,8
update,14484,14491,14505,14,,7
update,14495,14503,14513,10,,9
update,14506,14513,14519,6,,10
update,14517,14525,14528,3,,11
update,14528,14536,14540,4,,12
update,14539,14546,14550,4,,13
inbound,14540,14548,14553,5,,14
update,14550,14558,14561,3,,15
update,14561,14569,14574,5,,0
update,14572,14580,14583,3,,1
update,14583,14590,14593,3,,2
inbound,14595,14602,14606,4,,4
update,14594,14602,14608,6,,3
update,14605,14612,14617,5,,5
update,14616,14624,14627,3,,6
update,14627,14634,14637,3,,7
update,14638,14645,14654,9,,8
update,14649,14657,14662,5,,9
inbound,14650,14658,14664,6,,10
update,14660,14667,14670,3,,11
update,14671,14679,14684,5,,12
update,14682,14690,14694,4,,13
update,14693,14700,14704,4,,14
update,14704,14712,14718,6,,15
inbound,14705,14712,14718,6,,0
update,14715,14722,14726,4,,1
update,14726,14734,14738,4,,2
update,14737,14745,14748,3,,3
update,14748,14756,14760,4,,4
inbound,14760,14768,14771,3,,6
update,14759,14767,14772,5,,5
update,14770,14777,14781,4,,7
update,14781,14789,14792,3,,8
update,14792,14800,14803,3,,9
update,14803,14811,14815,4,,10
inbound,14815,14822,14826,4,,12
update,14814,14822,14827,5,,11
update,14825,14832,14836,4,,13
update,14836,14844,14849,5,,14
update,14847,14855,14860,5,,15
update,14858,14866,14871,5,,0
update,14869,14877,14880,3,,1
update,14880,14888,14892,4,,2
update,14891,14899,14902,3,,3
update,14902,14908,14912,4,,4
update,14913,14920,14924,4,,5
update,14924,14931,14934,3,,6
inbound,15000,15007,15013,6,,8
update,15000,15007,15015,8,,7
update,15011,15019,15022,3,,9
update,15022,15029,15033,4,,10
inbound,15025,15033,15038,5,,11
update,15033,15040,15045,5,,12
update,15044,15052,15057,5,,13
update,15055,15063,15072,9,,14
update,15066,15073,15079,6,,15
update,15077,15085,15089,4,,0
update,15088,15096,15099,3,,1
update,15099,15107,15111,4,,2
inbound,15100,15108,15114,6,,3
update,15110,15118,15121,3,,4
update,15121,15129,15133,4,,5
update,15132,15139,15143,4,,6
update,15143,15150,15154,4,,7
inbound,15155,15162,15167,5,,9
update,15154,15162,15169,7,,8
update,15165,15173,15177,4,,10
update,15176,15184,15188,4,,11
update,15187,15195,15199,4,,12
update,15198,15205,15208,3,,13
inbound,15200,15208,15212,4,,14
update,15209,15216,15220,4,,15
inbound,15210,15217,15222,5,,0
update,15220,15227,15231,4,,1
inbound,15225,15233,15237,4,,2
update,15231,15239,15242,3,,3
update,15242,15250,15253,3,,4
update,15253,15261,15265,4,,5
update,15264,15272,15276,4,,6
inbound,15265,15272,15278,6,,7
update,15275,15283,15287,4,,8
update,15286,15293,15298,5,,9
update,15297,15305,15308,3,,10
update,15308,15315,15319,4,,11
update,15319,15327,15333,6,,12
inbound,15320,15327,15333,6,,13
update,15330,15337,15344,7,,14
update,15341,15348,15352,4,,15
update,15352,15359,15364,5,,0
update,15363,15370,15373,3,,1
update,15374,15382,15386,4,,2
inbound,15375,15383,15388,5,,3
update,15385,15393,15397,4,,4
update,15396,15403,15407,4,,5
inbound,15400,15408,15411,3,,6
update,15407,15414,15418,4,,7
update,15418,15426,15429,3,,8
inbound,15425,15432,15436,4,,9
update,15429,15436,15440,4,,10
inbound,15430,15437,15442,5,,11
update,15440,15447,15451,4,,12
update,15451,15459,15465,6,,13
update,15462,15470,15474,4,,14
update,15473,15481,15486,5,,15
inbound,15485,15493,15500,7,,1
update,15484,15491,15500,9,,0
update,15495,15501,15505,4,,2
update,15506,15514,15519,5,,3
update,15517,15525,15528,3,,4
update,15528,15536,15543,7,,5
update,15539,15545,15549,4,,6
inbound,15540,15548,15554,6,,7
update,15550,15558,15564,6,,8
update,15561,15569,15573,4,,9
update,15572,15580,15587,7,,10
update,15583,15590,15593,3,,11
update,15594,15601,15605,4,,12
inbound,15595,15601,15605,4,,13
update,15605,15611,15616,5,,14
update,15616,15624,15627,3,,15
update,15627,15635,15638,3,,0
update,15638,15646,15649,3,,1
inbound,15650,15658,15661,3,,3
update,15649,15656,15662,6,,2
update,15660,15667,15671,4,,4
update,15671,15679,15682,3,,5
update,15682,15690,15692,2,,6
update,15693,15700,15703,3,,7
update,15704,15712,15715,3,,8
inbound,15705,15713,15717,4,,9
update,15715,15723,15726,3,,10
update,15726,15733,15736,3,,11
update,15737,15745,15748,3,,12
update,15748,15756,15759,3,,13
update,15759,15767,15770,3,,14
inbound,15760,15768,15770,2,,15
update,15770,15778,15787,9,,0
update,15781,15788,15793,5,,1
update,15792,15800,15804,4,,2
update,15803,15811,15814,3,,3
inbound,15815,15822,15824,2,,5
update,15814,15822,15825,3,,4
update,15825,15833,15836,3,,6
update,15836,15844,15847,3,,7
update,15847,15855,15858,3,,8
update,15858,15866,15869,3,,9
update,15869,15877,15880,3,,10
update,15880,15887,15890,3,,11
update,15891,15899,15902,3,,12
update,15902,15909,15912,3,,13
update,15913,15921,15924,3,,14
update,15924,15932,15934,2,,15
inbound,16000,16008,16012,4,,1
update,16000,16008,16012,4,,0
update,16011,16019,16022,3,,2
update,16022,16030,16033,3,,3
inbound,16025,16033,16036,3,,4
update,16033,16041,16044,3,,5
update,16044,16051,16054,3,,6
update,16055,16062,16065,3,,7
update,16066,16074,16076,2,,8
update,16077,16083,16086,3,,9
update,16088,16096,16098,2,,10
update,16099,16107,16110,3,,11
inbound,16100,16108,16111,3,,12
update,16110,16117,16120,3,,13
update,16121,16129,16132,3,,14
update,16132,16140,16143,3,,15
update,16143,16150,16153,3,,0
update,16154,16162,16165,3,,1
inbound,16155,16163,16167,4,,2
update,16165,16171,16174,3,,3
update,16176,16184,16187,3,,4
update,16187,16194,16197,3,,5
update,16198,16205,16208,3,,6
inbound,16200,16206,16211,5,,7
update,16209,16217,16221,4,,8
inbound,16210,16218,16222,4,,9
update,16220,16228,16231,3,,10
inbound,16225,16233,16235,2,,11
update,16231,16239,16241,2,,12
update,16242,16250,16252,2,,13
update,16253,16261,16264,3,,14
update,16264,16272,16275,3,,15
inbound,16265,16273,16276,3,,0
update,16275,16283,16285,2,,1
update,16286,16293,16296,3,,2
update,16297,16305,16308,3,,3
update,16308,16315,16318,3,,4
update,16319,16327,16330,3,,5
inbound,16320,16328,16331,3,,6
update,16330,16338,16341,3,,7
update,16341,16349,16352,3,,8
update,16352,16359,16364,5,,9
update,16363,16371,16374,3,,10
update,16374,16382,16385,3,,11
inbound,16375,16383,16387,4,,12
update,16385,16393,16396,3,,13
update,16396,16404,16407,3,,14
inbound,16400,16408,16411,3,,15
update,16407,16415,16418,3,,0
update,16418,16426,16429,3,,1
inbound,16425,16432,16435,3,,2
update,16429,16437,16440,3,,3
inbound,16430,16438,16442,4,,4
update,16440,16448,16451,3,,5
update,16451,16459,16462,3,,6
update,16462,16469,16472,3,,7
update,16473,16480,16483,3,,8
update,16484,16492,16495,3,,9
inbound,16485,16493,16496,3,,10
update,16495,16503,16506,3,,11
update,16506,16513,16517,4,,12
update,16517,16524,16527,3,,13
update,16528,16536,16538,2,,14
update,16539,16546,16551,5,,15
inbound,16540,16548,16551,3,,0
update,16550,16558,16561,3,,1
update,16561,16569,16572,3,,2
update,16572,16580,16582,2,,3
update,16583,16590,16593,3,,4
inbound,16595,16602,16605,3,,6
update,16594,16602,16607,5,,5
update,16605,16613,16616,3,,7
update,16616,16622,16625,3,,8
update,16627,16635,16638,3,,9
update,16638,16646,16649,3,,10
update,16649,16657,16661,4,,11
inbound,16650,16658,16661,3,,12
update,16660,16668,16672,4,,13
update,16671,16678,16681,3,,14
update,16682,16689,16691,2,,15
update,16693,16701,16704,3,,0
update,16704,16711,16715,4,,1
inbound,16705,16713,16716,3,,2
update,16715,16723,16726,3,,3
update,16726,16733,16735,2,,4
update,16737,16745,16749,4,,5
update,16748,16756,16759,3,,6
inbound,16760,16767,16770,3,,8
update,16759,16767,16771,4,,7
update,16770,16777,16784,7,,9
update,16781,16789,16792,3,,10
update,16792,16799,16802,3,,11
update,16803,16811,16814,3,,12
inbound,16815,16822,16824,2,,14
update,16814,16822,16826,4,,13
update,16825,16832,16835,3,,15
update,16836,16844,16847,3,,0
update,16847,16855,16859,4,,1
update,16858,16866,16869,3,,2
update,16869,16875,16878,3,,3
update,16880,16887,16891,4,,4
update,16891,16898,16901,3,,5
update,16902,16910,16912,2,,6
update,16913,16921,16924,3,,7
update,16924,16932,16934,2,,8
update,17000,17008,17011,3,,9
inbound,17000,17008,17012,4,,10
update,17011,17018,17021,3,,11
update,17022,17030,17033,3,,12
inbound,17025,17032,17035,3,,13
update,17033,17040,17043,3,,14
update,17044,17052,17055,3,,15
update,17055,17063,17066,3,,0
update,17066,17074,17076,2,,1
update,17077,17085,17087,2,,2
update,17088,17095,17098,3,,3
inbound,17100,17106,17110,4,,5
update,17099,17106,17110,4,,4
update,17110,17118,17121,3,,6
update,17121,17129,17132,3,,7
update,17132,17140,17143,3,,8
update,17143,17151,17154,3,,9
inbound,17155,17162,17165,3,,11
update,17154,17162,17165,3,,10
update,17165,17173,17175,2,,12
update,17176,17184,17186,2,,13
update,17187,17195,17198,3,,14
update,17198,17206,17209,3,,15
inbound,17200,17208,17211,3,,0
update,17209,17216,17219,3,,1
inbound,17210,17217,17225,8,,2
update,17220,17228,17231,3,,3
inbound,17225,17233,17235,2,,4
update,17231,17238,17241,3,,5
update,17242,17250,17253,3,,6
update,17253,17261,17264,3,,7
update,17264,17272,17275,3,,8
inbound,17265,17272,17275,3,,9
update,17275,17283,17286,3,,10
update,17286,17294,17297,3,,11
update,17297,17304,17306,2,,12
update,17308,17315,17318,3,,13
update,17319,17326,17329,3,,14
inbound,17320,17328,17332,4,,15
update,17330,17337,17339,2,,0
update,17341,17348,17352,4,,1
update,17352,17360,17363,3,,2
update,17363,17371,17373,2,,3
inbound,17375,17382,17385,3,,5
update,17374,17382,17385,3,,4
update,17385,17393,17395,2,,6
update,17396,17404,17406,2,,7
inbound,17400,17408,17410,2,,8
update,17407,17414,17417,3,,9
update,17418,17425,17428,3,,10
inbound,17425,17432,17435,3,,11
update,17429,17437,17440,3,,12
inbound,17430,17438,17444,6,,13
update,17440,17448,17451,3,,14
update,17451,17459,17462,3,,15
update,17462,17470,17473,3,,0
update,17473,17481,17484,3,,1
inbound,17485,17492,17495,3,,3
update,17484,17492,17496,4,,2
update,17495,17503,17505,2,,4
update,17506,17513,17516,3,,5
update,17517,17524,17527,3,,6
update,17528,17536,17539,3,,7
update,17539,17547,17550,3,,8
inbound,17540,17547,17550,3,,9
update,17550,17558,17561,3,,10
update,17561,17569,17572,3,,11
update,17572,17580,17583,3,,12
update,17583,17590,17593,3,,13
inbound,17595,17602,17605,3,,15
update,17594,17602,17606,4,,14
update,17605,17613,17615,2,,0
update,17616,17624,17626,2,,1
update,17627,17635,17639,4,,2
update,17638,17646,17649,3,,3
update,17649,17657,17660,3,,4
inbound,17650,17657,17660,3,,5
update,17660,17668,17672,4,,6
update,17671,17679,17682,3,,7
update,17682,17690,17692,2,,8
update,17693,17701,17703,2,,9
update,17704,17711,17715,4,,10
inbound,17705,17713,17715,2,,11
update,17715,17723,17725,2,,12
update,17726,17733,17736,3,,13
update,17737,17745,17747,2,,14
update,17748,17755,17757,2,,15
inbound,17760,17767,17769,2,,1
update,17759,17766,17770,4,,0
update,17770,17777,17780,3,,2
update,17781,17789,17792,3,,3
update,17792,17800,17803,3,,4
update,17803,17811,17814,3,,5
inbound,17815,17822,17824,2,,7
update,17814,17822,17826,4,,6
update,17825,17832,17835,3,,8
update,17836,17844,17847,3,,9
update,17847,17854,17858,4,,10
update,17858,17866,17869,3,,11
update,17869,17877,17879,2,,12
update,17880,17888,17890,2,,13
update,17891,17899,17902,3,,14
update,17902,17910,17913,3,,15
update,17913,17921,17924,3,,0
update,17924,17932,17935,3,,1
update,18000,18007,18014,7,,2
inbound,18000,18007,18014,7,,3
update,18011,18019,18024,5,,4
update,18022,18029,18033,4,,5
inbound,18025,18032,18036,4,,6
update,18033,18041,18044,3,,7
update,18044,18052,18055,3,,8
update,18055,18063,18066,3,,9
update,18066,18074,18077,3,,10
update,18077,18085,18087,2,,11
update,18088,18096,18099,3,,12
update,18099,18105,18110,5,,13
inbound,18100,18108,18111,3,,14
update,18110,18118,18121,3,,15
update,18121,18129,18131,2,,0
update,18132,18139,18142,3,,1
update,18143,18151,18154,3,,2
inbound,18155,18161,18164,3,,4
update,18154,18161,18165,4,,3
update,18165,18173,18176,3,,5
update,18176,18183,18187,4,,6
update,18187,18195,18197,2,,7
update,18198,18206,18210,4,,8
inbound,18200,18206,18210,4,,9
update,18209,18216,18220,4,,10
inbound,18210,18218,18222,4,,11
update,18220,18228,18231,3,,12
inbound,18225,18232,18235,3,,13
update,18231,18239,18241,2,,14
update,18242,18249,18252,3,,15
update,18253,18260,18262,2,,0
update,18264,18272,18275,3,,1
inbound,18265,18272,18278,6,,2
update,18275,18283,18286,3,,3
update,18286,18294,18297,3,,4
update,18297,18305,18308,3,,5
update,18308,18316,18319,3,,6
update,18319,18326,18329,3,,7
inbound,18320,18327,18330,3,,8
update,18330,18338,18340,2,,9
update,18341,18349,18353,4,,10
update,18352,18360,18366,6,,11
update,18363,18371,18375,4,,12
update,18374,18380,18384,4,,13
inbound,18375,18383,18386,3,,14
update,18385,18392,18395,3,,15
update,18396,18404,18406,2,,0
inbound,18400,18407,18410,3,,1
update,18407,18415,18418,3,,2
update,18418,18426,18429,3,,3
inbound,18425,18433,18435,2,,4
update,18429,18436,18439,3,,5
inbound,18430,18438,18441,3,,6
update,18440,18448,18451,3,,7
update,18451,18458,18461,3,,8
update,18462,18470,18473,3,,9
update,18473,18481,18484,3,,10
update,18484,18492,18496,4,,11
inbound,18485,18493,18497,4,,12
update,18495,18502,18505,3,,13
update,18506,18513,18516,3,,14
update,18517,18524,18528,4,,15
update,18528,18536,18541,5,,0
update,18539,18547,18549,2,,1
inbound,18540,18548,18551,3,,2
update,18550,18558,18561,3,,3
update,18561,18569,18572,3,,4
update,18572,18580,18583,3,,5
update,18583,18591,18594,3,,6
update,18594,18601,18604,3,,7
inbound,18595,18602,18608,6,,8
update,18605,18613,18616,3,,9
update,18616,18624,18629,5,,10
update,18627,18634,18637,3,,11
update,18638,18645,18648,3,,12
update,18649,18656,18659,3,,13
inbound,18650,18657,18661,4,,14
update,18660,18668,18670,2,,15
update,18671,18678,18681,3,,0
update,18682,18689,18692,3,,1
update,18693,18701,18704,3,,2
update,18704,18711,18715,4,,3
inbound,18705,18711,18716,5,,4
update,18715,18723,18726,3,,5
update,18726,18734,18737,3,,6
update,18737,18744,18747,3,,7
update,18748,18756,18759,3,,8
inbound,18760,18767,18770,3,,10
update,18759,18767,18771,4,,9
update,18770,18778,18781,3,,11
update,18781,18789,18792,3,,12
update,18792,18800,18802,2,,13
update,18803,18811,18813,2,,14
update,18814,18822,18825,3,,15
inbound,18815,18823,18826,3,,0
update,18825,18832,18835,3,,1
update,18836,18844,18847,3,,2
update,18847,18854,18857,3,,3
update,18858,18866,18869,3,,4
update,18869,18877,18880,3,,5
update,18880,18888,18891,3,,6
update,18891,18897,18900,3,,7
update,18902,18910,18912,2,,8
update,18913,18920,18923,3,,9
update,18924,18932,18935,3,,10
inbound,19000,19008,19011,3,,12
update,19000,19008,19012,4,,11
update,19011,19018,19021,3,,13
update,19022,19030,19032,2,,14
inbound,19025,19034,19037,3,,15
update,19033,19041,19043,2,,0
update,19044,19052,19055,3,,1
update,19055,19063,19066,3,,2
update,19066,19074,19078,4,,3
update,19077,19084,19088,4,,4
update,19088,19095,19098,3,,5
update,19099,19107,19111,4,,6
inbound,19100,19109,19112,3,,7
update,19110,19117,19120,3,,8
update,19121,19129,19131,2,,9
update,19132,19140,19143,3,,10
update,19143,19151,19153,2,,11
update,19154,19162,19165,3,,12
inbound,19155,19163,19166,3,,13
update,19165,19173,19176,3,,14
update,19176,19184,19187,3,,15
update,19187,19195,19198,3,,0
update,19198,19204,19208,4,,1
inbound,19200,19208,19211,3,,2
update,19209,19217,19221,4,,3
inbound,19210,19219,19223,4,,4
update,19220,19228,19231,3,,5
inbound,19225,19233,19236,3,,6
update,19231,19239,19242,3,,7
update,19242,19250,19252,2,,8
update,19253,19259,19262,3,,9
update,19264,19272,19275,3,,10
inbound,19265,19274,19277,3,,11
update,19275,19283,19286,3,,12
update,19286,19294,19297,3,,13
update,19297,19305,19308,3,,14
update,19308,19316,19318,2,,15
update,19319,19327,19330,3,,0
inbound,19320,19328,19332,4,,1
update,19330,19338,19341,3,,2
update,19341,19349,19352,3,,3
update,19352,19359,19363,4,,4
update,19363,19371,19376,5,,5
update,19374,19380,19384,4,,6
inbound,19375,19384,19387,3,,7
update,19385,19393,19396,3,,8
update,19396,19403,19406,3,,9
inbound,19400,19409,19412,3,,10
update,19407,19415,19418,3,,11
update,19418,19425,19428,3,,12
inbound,19425,19434,19436,2,,13
update,19429,19436,19439,3,,14
inbound,19430,19439,19442,3,,15
update,19440,19448,19451,3,,0
update,19451,19458,19461,3,,1
update,19462,19469,19472,3,,2
update,19473,19481,19484,3,,3
update,19484,19492,19495,3,,4
inbound,19485,19494,19498,4,,5
update,19495,19503,19506,3,,6
update,19506,19514,19516,2,,7
update,19517,19525,19528,3,,8
update,19528,19536,19539,3,,9
update,19539,19547,19551,4,,10
inbound,19540,19548,19552,4,,11
update,19550,19558,19561,3,,12
update,19561,19569,19571,2,,13
update,19572,19578,19582,4,,14
update,19583,19590,19593,3,,15
update,19594,19602,19605,3,,0
inbound,19595,19603,19607,4,,1
update,19605,19612,19616,4,,2
update,19616,19624,19627,3,,3
update,19627,19634,19637,3,,4
update,19638,19646,19649,3,,5
update,19649,19657,19661,4,,6
inbound,19650,19659,19662,3,,7
update,19660,19668,19670,2,,8
update,19671,19679,19682,3,,9
update,19682,19689,19692,3,,10
update,19693,19701,19704,3,,11
update,19704,19712,19715,3,,12
inbound,19705,19714,19717,3,,13
update,19715,19722,19725,3,,14
update,19726,19734,19736,2,,15
update,19737,19743,19746,3,,0
update,19748,19756,19758,2,,1
update,19759,19767,19770,3,,2
inbound,19760,19769,19771,2,,3
update,19770,19778,19781,3,,4
update,19781,19789,19792,3,,5
update,19792,19800,19803,3,,6
update,19803,19811,19814,3,,7
update,19814,19822,19826,4,,8
inbound,19815,19824,19826,2,,9
update,19825,19833,19836,3,,10
update,19836,19844,19847,3,,11
update,19847,19855,19858,3,,12
update,19858,19866,19868,2,,13
update,19869,19877,19880,3,,14
update,19880,19887,19890,3,,15
update,19891,19897,19900,3,,0
update,19902,19910,19913,3,,1
update,19913,19921,19923,2,,2
update,19924,19931,19934,3,,3
inbound,20000,20008,20012,4,,5
update,20000,20008,20012,4,,4
update,20011,20020,20023,3,,6
update,20022,20031,20033,2,,7
inbound,20025,20033,20036,3,,8
update,20033,20041,20044,3,,9
update,20044,20052,20054,2,,10
update,20055,20063,20067,4,,11
update,20066,20073,20076,3,,12
update,20077,20086,20089,3,,13
update,20088,20096,20099,3,,14
update,20099,20106,20110,4,,15
inbound,20100,20107,20112,5,,0
update,20110,20119,20122,3,,1
update,20121,20130,20133,3,,2
update,20132,20141,20144,3,,3
update,20143,20151,20155,4,,4
update,20154,20163,20167,4,,5
inbound,20155,20164,20168,4,,6
update,20165,20173,20176,3,,7
update,20176,20185,20187,2,,8
update,20187,20195,20198,3,,9
update,20198,20207,20210,3,,10
inbound,20200,20209,20212,3,,11
update,20209,20218,20221,3,,12
inbound,20210,20219,20223,4,,13
update,20220,20229,20232,3,,14
inbound,20225,20233,20236,3,,15
update,20231,20239,20242,3,,0
update,20242,20251,20254,3,,1
update,20253,20261,20264,3,,2
update,20264,20273,20278,5,,3
inbound,20265,20273,20278,5,,4
update,20275,20284,20287,3,,5
update,20286,20295,20298,3,,6
update,20297,20306,20308,2,,7
update,20308,20317,20319,2,,8
update,20319,20328,20331,3,,9
inbound,20320,20328,20332,4,,10
update,20330,20339,20342,3,,11
update,20341,20349,20352,3,,12
update,20352,20359,20362,3,,13
update,20363,20372,20375,3,,14
update,20374,20382,20386,4,,15
inbound,20375,20383,20387,4,,0
update,20385,20392,20395,3,,1
update,20396,20404,20407,3,,2
inbound,20400,20409,20412,3,,3
update,20407,20415,20418,3,,4
update,20418,20427,20431,4,,5
inbound,20425,20434,20438,4,,6
inbound,20430,20438,20442,4,,8
update,20429,20436,20443,7,,7
update,20440,20448,20455,7,,9
update,20451,20460,20462,2,,10
update,20462,20471,20475,4,,11
update,20473,20482,20485,3,,12
update,20484,20492,20497,5,,13
inbound,20485,20494,20497,3,,14
update,20495,20503,20506,3,,15
update,20506,20514,20517,3,,0
update,20517,20526,20528,2,,1
update,20528,20537,20540,3,,2
update,20539,20548,20551,3,,3
inbound,20540,20549,20552,3,,4
update,20550,20559,20562,3,,5
update,20561,20569,20574,5,,6
update,20572,20580,20583,3,,7
update,20583,20592,20595,3,,8
update,20594,20603,20609,6,,9
inbound,20595,20603,20610,7,,10
update,20605,20613,20616,3,,11
update,20616,20625,20628,3,,12
update,20627,20635,20639,4,,13
update,20638,20647,20649,2,,14
update,20649,20657,20660,3,,15
inbound,20650,20657,20661,4,,0
update,20660,20668,20671,3,,1
update,20671,20680,20684,4,,2
update,20682,20690,20693,3,,3
update,20693,20702,20705,3,,4
update,20704,20713,20718,5,,5
inbound,20705,20714,20719,5,,6
update,20715,20723,20726,3,,7
update,20726,20735,20738,3,,8
update,20737,20746,20749,3,,9
update,20748,20756,20760,4,,10
update,20759,20768,20771,3,,11
inbound,20760,20769,20771,2,,12
update,20770,20779,20781,2,,13
update,20781,20790,20793,3,,14
update,20792,20801,20804,3,,15
update,20803,20812,20814,2,,0
inbound,20815,20823,20825,2,,2
update,20814,20823,20827,4,,1
update,20825,20832,20835,3,,3
update,20836,20844,20847,3,,4
update,20847,20856,20860,4,,5
update,20858,20867,20870,3,,6
update,20869,20877,20880,3,,7
update,20880,20889,20892,3,,8
update,20891,20900,20903,3,,9
update,20902,20911,20914,3,,10
update,20913,20922,20924,2,,11
update,20924,20932,20935,3,,12
update,21000,21009,21012,3,,13
inbound,21000,21009,21013,4,,14
update,21011,21019,21022,3,,15
update,21022,21031,21034,3,,0
inbound,21025,21033,21036,3,,1
update,21033,21041,21044,3,,2
update,21044,21053,21056,3,,3
update,21055,21064,21067,3,,4
update,21066,21074,21077,3,,5
update,21077,21086,21088,2,,6
update,21088,21096,21099,3,,7
inbound,21100,21108,21111,3,,9
update,21099,21108,21111,3,,8
update,21110,21119,21122,3,,10
update,21121,21129,21132,3,,11
update,21132,21140,21143,3,,12
update,21143,21151,21154,3,,13
inbound,21155,21162,21165,3,,15
update,21154,21162,21166,4,,14
update,21165,21174,21176,2,,0
update,21176,21184,21186,2,,1
update,21187,21195,21198,3,,2
update,21198,21206,21209,3,,3
inbound,21200,21209,21211,2,,4
update,21209,21217,21219,2,,5
inbound,21210,21219,21222,3,,6
update,21220,21228,21231,3,,7
inbound,21225,21234,21237,3,,8
update,21231,21238,21241,3,,9
update,21242,21250,21254,4,,10
update,21253,21262,21264,2,,11
update,21264,21272,21274,2,,12
inbound,21265,21274,21277,3,,13
update,21275,21284,21286,2,,14
update,21286,21295,21297,2,,15
update,21297,21306,21308,2,,0
update,21308,21316,21319,3,,1
inbound,21320,21328,21331,3,,3
update,21319,21328,21331,3,,2
update,21330,21339,21342,3,,4
update,21341,21350,21353,3,,5
update,21352,21361,21364,3,,6
update,21363,21372,21381,9,,7
update,21374,21382,21386,4,,8
inbound,21375,21383,21388,5,,9
update,21385,21394,21397,3,,10
update,21396,21405,21408,3,,11
inbound,21400,21408,21414,6,,12
update,21407,21415,21418,3,,13
update,21418,21427,21430,3,,14
inbound,21425,21434,21436,2,,15
inbound,21430,21437,21441,4,,1
update,21429,21437,21441,4,,0
update,21440,21449,21452,3,,2
update,21451,21460,21463,3,,3
update,21462,21471,21474,3,,4
update,21473,21482,21484,2,,5
update,21484,21493,21496,3,,6
inbound,21485,21494,21497,3,,7
update,21495,21503,21506,3,,8
update,21506,21514,21517,3,,9
update,21517,21525,21528,3,,10
update,21528,21536,21539,3,,11
update,21539,21548,21552,4,,12
inbound,21540,21549,21553,4,,13
update,21550,21558,21561,3,,14
update,21561,21569,21572,3,,15
update,21572,21581,21584,3,,0
update,21583,21591,21594,3,,1
inbound,21595,21603,21606,3,,3
update,21594,21603,21606,3,,2
update,21605,21613,21616,3,,4
update,21616,21624,21627,3,,5
update,21627,21634,21637,3,,6
update,21638,21647,21649,2,,7
update,21649,21657,21660,3,,8
inbound,21650,21658,21662,4,,9
update,21660,21669,21672,3,,10
update,21671,21680,21683,3,,11
update,21682,21691,21695,4,,12
update,21693,21702,21705,3,,13
update,21704,21713,21717,4,,14
inbound,21705,21714,21717,3,,15
update,21715,21723,21726,3,,0
update,21726,21733,21736,3,,1
update,21737,21745,21748,3,,2
update,21748,21757,21759,2,,3
inbound,21760,21768,21770,2,,5
update,21759,21768,21771,3,,4
update,21770,21778,21781,3,,6
update,21781,21789,21792,3,,7
update,21792,21799,21802,3,,8
update,21803,21811,21814,3,,9
inbound,21815,21822,21825,3,,11
update,21814,21822,21826,4,,10
update,21825,21833,21844,11,,12
update,21836,21844,21847,3,,13
update,21847,21856,21859,3,,14
update,21858,21867,21870,3,,15
update,21869,21878,21881,3,,0
update,21880,21888,21891,3,,1
update,21891,21899,21902,3,,2
update,21902,21911,21914,3,,3
update,21913,21921,21924,3,,4
update,21924,21933,21936,3,,5
update,22000,22007,22012,5,,6
inbound,22000,22007,22012,5,,7
update,22011,22019,22024,5,,8
update,22022,22029,22033,4,,9
inbound,22025,22033,22037,4,,10
update,22033,22041,22045,4,,11
update,22044,22053,22057,4,,12
update,22055,22063,22068,5,,13
update,22066,22074,22078,4,,14
update,22077,22086,22091,5,,15
update,22088,22097,22101,4,,0
update,22099,22107,22112,5,,1
inbound,22100,22108,22113,5,,2
update,22110,22118,22121,3,,3
update,22121,22129,22132,3,,4
update,22132,22141,22144,3,,5
update,22143,22152,22154,2,,6
update,22154,22162,22166,4,,7
inbound,22155,22163,22167,4,,8
update,22165,22173,22175,2,,9
update,22176,22185,22187,2,,10
update,22187,22195,22198,3,,11
update,22198,22205,22208,3,,12
inbound,22200,22208,22212,4,,13
update,22209,22218,22222,4,,14
inbound,22210,22218,22223,5,,15
update,22220,22229,22232,3,,0
inbound,22225,22234,22237,3,,1
update,22231,22240,22242,2,,2
update,22242,22251,22253,2,,3
update,22253,22261,22264,3,,4
update,22264,22273,22277,4,,5
inbound,22265,22273,22277,4,,6
update,22275,22283,22287,4,,7
update,22286,22294,22298,4,,8
update,22297,22306,22309,3,,9
update,22308,22316,22320,4,,10
inbound,22320,22328,22335,7,,12
update,22319,22327,22335,8,,11
update,22330,22338,22341,3,,13
update,22341,22350,22353,3,,14
update,22352,22361,22364,3,,15
update,22363,22371,22377,6,,0
inbound,22375,22383,22387,4,,2
update,22374,22383,22389,6,,1
update,22385,22393,22398,5,,3
update,22396,22404,22407,3,,4
inbound,22400,22408,22412,4,,5
update,22407,22416,22419,3,,6
update,22418,22427,22430,3,,7
inbound,22425,22433,22436,3,,8
inbound,22430,22438,22442,4,,10
update,22429,22438,22442,4,,9
update,22440,22449,22453,4,,11
update,22451,22460,22464,4,,12
update,22462,22471,22473,2,,13
update,22473,22482,22485,3,,14
update,22484,22492,22496,4,,15
inbound,22485,22493,22497,4,,0
update,22495,22504,22507,3,,1
update,22506,22515,22518,3,,2
update,22517,22526,22529,3,,3
update,22528,22535,22539,4,,4
update,22539,22547,22551,4,,5
inbound,22540,22548,22552,4,,6
update,22550,22559,22562,3,,7
update,22561,22569,22572,3,,8
update,22572,22581,22585,4,,9
update,22583,22591,22595,4,,10
update,22594,22602,22606,4,,11
inbound,22595,22604,22607,3,,12
update,22605,22614,22618,4,,13
update,22616,22624,22631,7,,14
update,22627,22636,22639,3,,15
update,22638,22647,22650,3,,0
inbound,22650,22657,22661,4,,2
update,22649,22657,22661,4,,1
update,22660,22668,22672,4,,3
update,22671,22680,22683,3,,4
update,22682,22691,22693,2,,5
update,22693,22702,22705,3,,6
update,22704,22713,22717,4,,7
inbound,22705,22713,22717,4,,8
update,22715,22723,22726,3,,9
update,22726,22735,22738,3,,10
update,22737,22746,22750,4,,11
update,22748,22757,22760,3,,12
update,22759,22767,22771,4,,13
inbound,22760,22769,22772,3,,14
update,22770,22779,22782,3,,15
update,22781,22790,22795,5,,0
update,22792,22801,22804,3,,1
update,22803,22811,22814,3,,2
inbound,22815,22824,22826,2,,4
update,22814,22823,22828,5,,3
update,22825,22834,22837,3,,5
update,22836,22844,22849,5,,6
update,22847,22856,22859,3,,7
update,22858,22866,22868,2,,8
update,22869,22877,22881,4,,9
update,22880,22888,22891,3,,10
update,22891,22900,22903,3,,11
update,22902,22910,22914,4,,12
update,22913,22922,22925,3,,13
update,22924,22931,22934,3,,14
inbound,23000,23007,23011,4,,0
update,23000,23007,23012,5,,15
update,23011,23020,23023,3,,1
update,23022,23031,23034,3,,2
inbound,23025,23034,23038,4,,3
update,23033,23042,23045,3,,4
update,23044,23052,23055,3,,5
update,23055,23064,23067,3,,6
update,23066,23074,23077,3,,7
update,23077,23084,23088,4,,8
update,23088,23096,23100,4,,9
update,23099,23106,23110,4,,10
inbound,23100,23109,23112,3,,11
update,23110,23119,23122,3,,12
update,23121,23129,23133,4,,13
update,23132,23139,23143,4,,14
update,23143,23152,23154,2,,15
update,23154,23162,23166,4,,0
inbound,23155,23164,23167,3,,1
update,23165,23173,23177,4,,2
update,23176,23185,23188,3,,3
update,23187,23195,23199,4,,4
update,23198,23206,23209,3,,5
inbound,23200,23209,23212,3,,6
update,23209,23218,23222,4,,7
inbound,23210,23219,23223,4,,8
update,23220,23229,23232,3,,9
inbound,23225,23234,23236,2,,10
update,23231,23240,23242,2,,11
update,23242,23251,23254,3,,12
update,23253,23262,23265,3,,13
update,23264,23272,23276,4,,14
inbound,23265,23273,23277,4,,15
update,23275,23283,23286,3,,0
update,23286,23295,23298,3,,1
update,23297,23306,23310,4,,2
update,23308,23317,23320,3,,3
update,23319,23327,23330,3,,4
inbound,23320,23329,23333,4,,5
update,23330,23339,23342,3,,6
update,23341,23350,23353,3,,7
update,23352,23360,23364,4,,8
update,23363,23371,23374,3,,9
update,23374,23384,23389,5,,10
inbound,23375,23384,23389,5,,11
update,23385,23393,23396,3,,12
update,23396,23404,23407,3,,13
inbound,23400,23409,23412,3,,14
update,23407,23415,23419,4,,15
update,23418,23426,23429,3,,0
inbound,23425,23434,23437,3,,1
update,23429,23437,23441,4,,2
inbound,23430,23438,23442,4,,3
update,23440,23449,23452,3,,4
update,23451,23460,23463,3,,5
update,23462,23471,23474,3,,6
update,23473,23481,23484,3,,7
update,23484,23492,23497,5,,8
inbound,23485,23493,23498,5,,9
update,23495,23503,23506,3,,10
update,23506,23515,23518,3,,11
update,23517,23526,23529,3,,12
update,23528,23537,23540,3,,13
update,23539,23548,23551,3,,14
inbound,23540,23548,23553,5,,15
update,23550,23559,23561,2,,0
update,23561,23570,23572,2,,1
update,23572,23581,23584,3,,2
update,23583,23591,23595,4,,3
update,23594,23602,23605,3,,4
inbound,23595,23603,23607,4,,5
update,23605,23614,23616,2,,6
update,23616,23625,23627,2,,7
update,23627,23636,23639,3,,8
update,23638,23646,23649,3,,9
update,23649,23658,23661,3,,10
inbound,23650,23658,23662,4,,11
update,23660,23669,23672,3,,12
update,23671,23680,23683,3,,13
update,23682,23690,23692,2,,14
update,23693,23702,23705,3,,15
update,23704,23713,23717,4,,0
inbound,23705,23715,23720,5,,1
update,23715,23724,23727,3,,2
update,23726,23735,23738,3,,3
update,23737,23746,23749,3,,4
update,23748,23757,23760,3,,5
inbound,23760,23767,23770,3,,7
update,23759,23767,23771,4,,6
update,23770,23779,23782,3,,8
update,23781,23789,23792,3,,9
update,23792,23800,23803,3,,10
update,23803,23811,23814,3,,11
update,23814,23823,23827,4,,12
inbound,23815,23824,23827,3,,13
update,23825,23834,23837,3,,14
update,23836,23845,23848,3,,15
update,23847,23856,23859,3,,0
update,23858,23867,23870,3,,1
update,23869,23878,23881,3,,2
update,23880,23888,23891,3,,3
update,23891,23899,23902,3,,4
update,23902,23911,23914,3,,5
update,23913,23921,23925,4,,6
update,23924,23933,23936,3,,7
update,24000,24009,24013,4,,8
inbound,24000,24009,24014,5,,9
update,24011,24019,24022,3,,10
update,24022,24030,24034,4,,11
inbound,24025,24032,24035,3,,12
update,24033,24042,24045,3,,13
update,24044,24053,24056,3,,14
update,24055,24064,24067,3,,15
update,24066,24075,24078,3,,0
update,24077,24086,24089,3,,1
update,24088,24096,24100,4,,2
update,24099,24107,24111,4,,3
inbound,24100,24109,24112,3,,4
update,24110,24119,24122,3,,5
update,24121,24130,24133,3,,6
update,24132,24140,24143,3,,7
update,24143,24152,24155,3,,8
update,24154,24163,24166,3,,9
inbound,24155,24164,24167,3,,10
update,24165,24174,24176,2,,11
update,24176,24185,24188,3,,12
update,24187,24195,24198,3,,13
update,24198,24207,24212,5,,14
inbound,24200,24209,24212,3,,15
update,24209,24216,24219,3,,0
inbound,24210,24219,24222,3,,1
update,24220,24229,24232,3,,2
inbound,24225,24233,24236,3,,3
update,24231,24240,24242,2,,4
update,24242,24251,24254,3,,5
update,24253,24261,24264,3,,6
update,24264,24272,24276,4,,7
inbound,24265,24274,24277,3,,8
update,24275,24283,24286,3,,9
update,24286,24295,24298,3,,10
update,24297,24304,24307,3,,11
update,24308,24317,24320,3,,12
inbound,24320,24327,24331,4,,14
update,24319,24327,24331,4,,13
update,24330,24339,24342,3,,15
update,24341,24350,24352,2,,0
update,24352,24359,24362,3,,1
update,24363,24371,24374,3,,2
update,24374,24383,24388,5,,3
inbound,24375,24384,24389,5,,4
update,24385,24392,24398,6,,5
update,24396,24404,24407,3,,6
inbound,24400,24407,24411,4,,7
update,24407,24416,24419,3,,8
update,24418,24426,24428,2,,9
inbound,24425,24434,24436,2,,10
inbound,24430,24438,24441,3,,12
update,24429,24438,24441,3,,11
update,24440,24449,24452,3,,13
update,24451,24460,24462,2,,14
update,24462,24471,24473,2,,15
update,24473,24481,24485,4,,0
update,24484,24493,24498,5,,1
inbound,24485,24494,24499,5,,2
update,24495,24503,24508,5,,3
update,24506,24514,24518,4,,4
update,24517,24526,24531,5,,5
update,24528,24537,24544,7,,6
inbound,24540,24549,24552,3,,8
update,24539,24548,24554,6,,7
update,24550,24559,24564,5,,9
update,24561,24569,24574,5,,10
update,24572,24580,24586,6,,11
update,24583,24591,24598,7,,12
update,24594,24602,24607,5,,13
inbound,24595,24603,24609,6,,14
update,24605,24614,24624,10,,15
update,24616,24623,24630,7,,0
update,24627,24636,24640,4,,1
update,24638,24646,24648,2,,2
update,24649,24658,24661,3,,3
inbound,24650,24659,24664,5,,4
update,24660,24669,24672,3,,5
update,24671,24679,24682,3,,6
update,24682,24690,24694,4,,7
update,24693,24701,24704,3,,8
update,24704,24712,24715,3,,9
inbound,24705,24714,24718,4,,10
update,24715,24722,24726,4,,11
update,24726,24734,24737,3,,12
update,24737,24745,24749,4,,13
update,24748,24755,24758,3,,14
update,24759,24768,24771,3,,15
inbound,24760,24769,24771,2,,0
update,24770,24778,24781,3,,1
update,24781,24790,24793,3,,2
update,24792,24801,24804,3,,3
update,24803,24811,24814,3,,4
inbound,24815,24822,24824,2,,6
update,24814,24822,24826,4,,5
update,24825,24833,24836,3,,7
update,24836,24844,24848,4,,8
update,24847,24856,24859,3,,9
update,24858,24867,24870,3,,10
update,24869,24877,24880,3,,11
update,24880,24888,24891,3,,12
update,24891,24900,24903,3,,13
update,24902,24910,24913,3,,14
update,24913,24922,24924,2,,15
update,24924,24933,24936,3,,0
update,25000,25008,25011,3,,1
inbound,25000,25008,25012,4,,2
update,25011,25019,25022,3,,3
update,25022,25030,25033,3,,4
inbound,25025,25033,25036,3,,5
update,25033,25042,25046,4,,6
update,25044,25053,25056,3,,7
update,25055,25064,25067,3,,8
update,25066,25075,25078,3,,9
update,25077,25086,25089,3,,10
update,25088,25096,25100,4,,11
inbound,25100,25108,25112,4,,13
update,25099,25108,25112,4,,12
update,25110,25119,25122,3,,14
update,25121,25130,25133,3,,15
update,25132,25141,25144,3,,0
update,25143,25151,25154,3,,1
inbound,25155,25162,25165,3,,3
update,25154,25162,25165,3,,2
update,25165,25174,25177,3,,4
update,25176,25184,25186,2,,5
update,25187,25196,25199,3,,6
update,25198,25207,25210,3,,7
inbound,25200,25209,25212,3,,8
update,25209,25218,25221,3,,9
inbound,25210,25218,25221,3,,10
update,25220,25229,25231,2,,11
inbound,25225,25234,25237,3,,12
update,25231,25240,25243,3,,13
update,25242,25250,25253,3,,14
update,25253,25262,25265,3,,15
update,25264,25272,25275,3,,0
inbound,25265,25272,25276,4,,1
update,25275,25283,25286,3,,2
update,25286,25295,25298,3,,3
update,25297,25305,25308,3,,4
update,25308,25317,25320,3,,5
update,25319,25327,25330,3,,6
inbound,25320,25330,25332,2,,7
update,25330,25339,25342,3,,8
update,25341,25349,25352,3,,9
update,25352,25361,25364,3,,10
update,25363,25372,25375,3,,11
update,25374,25383,25386,3,,12
inbound,25375,25384,25387,3,,13
update,25385,25393,25397,4,,14
update,25396,25405,25408,3,,15
inbound,25400,25408,25411,3,,0
update,25407,25415,25418,3,,1
update,25418,25427,25430,3,,2
inbound,25425,25434,25437,3,,3
update,25429,25437,25440,3,,4
inbound,25430,25439,25442,3,,5
update,25440,25449,25452,3,,6
update,25451,25459,25462,3,,7
update,25462,25471,25474,3,,8
update,25473,25481,25484,3,,9
update,25484,25492,25496,4,,10
inbound,25485,25493,25496,3,,11
update,25495,25504,25506,2,,12
update,25506,25514,25517,3,,13
update,25517,25526,25529,3,,14
update,25528,25537,25540,3,,15
update,25539,25546,25550,4,,0
inbound,25540,25550,25552,2,,1
update,25550,25558,25561,3,,2
update,25561,25569,25572,3,,3
update,25572,25581,25584,3,,4
update,25583,25591,25597,6,,5
update,25594,25603,25606,3,,6
inbound,25595,25605,25609,4,,7
update,25605,25614,25618,4,,8
update,25616,25625,25628,3,,9
update,25627,25635,25639,4,,10
update,25638,25646,25650,4,,11
update,25649,25658,25662,4,,12
inbound,25650,25660,25665,5,,13
update,25660,25667,25670,3,,14
update,25671,25678,25683,5,,15
update,25682,25691,25695,4,,0
update,25693,25700,25703,3,,1
update,25704,25713,25717,4,,2
inbound,25705,25715,25718,3,,3
update,25715,25724,25727,3,,4
update,25726,25735,25738,3,,5
update,25737,25746,25750,4,,6
update,25748,25757,25760,3,,7
update,25759,25767,25771,4,,8
inbound,25760,25769,25771,2,,9
update,25770,25779,25782,3,,10
update,25781,25790,25793,3,,11
update,25792,25800,25803,3,,12
update,25803,25812,25815,3,,13
update,25814,25822,25825,3,,14
inbound,25815,25824,25826,2,,15
update,25825,25833,25836,3,,0
update,25836,25844,25846,2,,1
update,25847,25856,25859,3,,2
update,25858,25867,25870,3,,3
update,25869,25878,25881,3,,4
update,25880,25889,25893,4,,5
update,25891,25900,25903,3,,6
update,25902,25911,25914,3,,7
update,25913,25922,25925,3,,8
update,25924,25932,25935,3,,9
update,26000,26009,26013,4,,10
inbound,26000,26009,26013,4,,11
update,26011,26021,26024,3,,12
update,26022,26031,26034,3,,13
inbound,26025,26034,26037,3,,14
update,26033,26043,26046,3,,15
update,26044,26054,26057,3,,0
update,26055,26065,26068,3,,1
update,26066,26076,26078,2,,2
update,26077,26086,26088,2,,3
update,26088,26097,26100,3,,4
update,26099,26109,26112,3,,5
inbound,26100,26109,26113,4,,6
update,26110,26119,26121,2,,7
update,26121,26130,26132,2,,8
update,26132,26142,26145,3,,9
update,26143,26153,26156,3,,10
update,26154,26163,26168,5,,11
inbound,26155,26164,26169,5,,12
update,26165,26175,26178,3,,13
update,26176,26186,26189,3,,14
update,26187,26197,26200,3,,15
update,26198,26208,26211,3,,0
inbound,26200,26210,26213,3,,1
update,26209,26218,26222,4,,2
inbound,26210,26219,26222,3,,3
update,26220,26229,26233,4,,4
inbound,26225,26235,26238,3,,5
update,26231,26240,26243,3,,6
update,26242,26251,26254,3,,7
update,26253,26262,26264,2,,8
update,26264,26273,26277,4,,9
inbound,26265,26275,26279,4,,10
update,26275,26285,26288,3,,11
update,26286,26296,26299,3,,12
update,26297,26307,26310,3,,13
update,26308,26318,26320,2,,14
update,26319,26327,26330,3,,15
inbound,26320,26330,26332,2,,0
update,26330,26340,26343,3,,1
update,26341,26350,26353,3,,2
update,26352,26361,26365,4,,3
update,26363,26373,26376,3,,4
update,26374,26383,26387,4,,5
inbound,26375,26384,26390,6,,6
update,26385,26393,26396,3,,7
update,26396,26406,26412,6,,8
inbound,26400,26408,26414,6,,9
update,26407,26417,26420,3,,10
update,26418,26427,26430,3,,11
inbound,26425,26435,26438,3,,12
update,26429,26438,26443,5,,13
inbound,26430,26439,26443,4,,14
update,26440,26450,26453,3,,15
update,26451,26460,26463,3,,0
update,26462,26471,26475,4,,1
update,26473,26483,26486,3,,2
update,26484,26493,26497,4,,3
inbound,26485,26495,26500,5,,4
update,26495,26505,26508,3,,5
update,26506,26515,26518,3,,6
update,26517,26527,26530,3,,7
update,26528,26537,26540,3,,8
update,26539,26548,26551,3,,9
inbound,26540,26550,26553,3,,10
update,26550,26560,26563,3,,11
update,26561,26571,26574,3,,12
update,26572,26581,26584,3,,13
update,26583,26592,26595,3,,14
update,26594,26603,26607,4,,15
inbound,26595,26604,26607,3,,0
update,26605,26615,26617,2,,1
update,26616,26625,26628,3,,2
update,26627,26637,26641,4,,3
update,26638,26648,26651,3,,4
update,26649,26659,26662,3,,5
inbound,26650,26659,26663,4,,6
update,26660,26668,26671,3,,7
update,26671,26681,26684,3,,8
update,26682,26692,26695,3,,9
update,26693,26703,26705,2,,10
update,26704,26714,26717,3,,11
inbound,26705,26715,26719,4,,12
update,26715,26725,26728,3,,13
update,26726,26734,26737,3,,14
update,26737,26747,26749,2,,15
update,26748,26758,26761,3,,0
update,26759,26768,26770,2,,1
inbound,26760,26770,26773,3,,2
update,26770,26778,26781,3,,3
update,26781,26790,26794,4,,4
update,26792,26801,26804,3,,5
update,26803,26813,26815,2,,6
update,26814,26823,26827,4,,7
inbound,26815,26824,26827,3,,8
update,26825,26833,26836,3,,9
update,26836,26844,26847,3,,10
update,26847,26857,26860,3,,11
update,26858,26868,26871,3,,12
update,26869,26877,26880,3,,13
update,26880,26889,26892,3,,14
update,26891,26901,26904,3,,15
update,26902,26912,26915,3,,0
update,26913,26923,26926,3,,1
update,26924,26934,26937,3,,2
inbound,27000,27009,27013,4,,4
update,27000,27009,27013,4,,3
update,27011,27020,27023,3,,5
update,27022,27032,27035,3,,6
inbound,27025,27034,27037,3,,7
update,27033,27042,27046,4,,8
update,27044,27054,27057,3,,9
update,27055,27065,27068,3,,10
update,27066,27076,27079,3,,11
update,27077,27087,27090,3,,12
update,27088,27098,27102,4,,13
update,27099,27108,27112,4,,14
inbound,27100,27110,27113,3,,15
update,27110,27120,27123,3,,0
update,27121,27130,27133,3,,1
update,27132,27142,27145,3,,2
update,27143,27152,27155,3,,3
update,27154,27163,27166,3,,4
inbound,27155,27163,27167,4,,5
update,27165,27174,27177,3,,6
update,27176,27186,27189,3,,7
update,27187,27196,27199,3,,8
update,27198,27208,27211,3,,9
inbound,27200,27209,27212,3,,10
update,27209,27219,27223,4,,11
inbound,27210,27220,27223,3,,12
update,27220,27229,27233,4,,13
inbound,27225,27234,27236,2,,14
update,27231,27241,27243,2,,15
update,27242,27251,27254,3,,0
update,27253,27263,27266,3,,1
update,27264,27273,27276,3,,2
inbound,27265,27274,27277,3,,3
update,27275,27285,27288,3,,4
update,27286,27295,27299,4,,5
update,27297,27307,27310,3,,6
update,27308,27317,27320,3,,7
inbound,27320,27329,27333,4,,9
update,27319,27329,27334,5,,8
update,27330,27340,27343,3,,10
update,27341,27350,27353,3,,11
update,27352,27362,27364,2,,12
update,27363,27372,27375,3,,13
update,27374,27384,27387,3,,14
inbound,27375,27385,27389,4,,15
update,27385,27395,27398,3,,0
update,27396,27405,27412,7,,1
inbound,27400,27409,27418,9,,2
update,27407,27416,27419,3,,3
update,27418,27427,27430,3,,4
inbound,27425,27434,27437,3,,5
update,27429,27437,27442,5,,6
inbound,27430,27440,27444,4,,7
update,27440,27449,27453,4,,8
update,27451,27461,27464,3,,9
update,27462,27471,27474,3,,10
update,27473,27483,27485,2,,11
update,27484,27493,27497,4,,12
inbound,27485,27494,27498,4,,13
update,27495,27504,27507,3,,14
update,27506,27516,27519,3,,15
update,27517,27527,27530,3,,0
update,27528,27537,27541,4,,1
update,27539,27548,27552,4,,2
inbound,27540,27550,27553,3,,3
update,27550,27559,27562,3,,4
update,27561,27571,27575,4,,5
update,27572,27581,27584,3,,6
update,27583,27593,27596,3,,7
update,27594,27603,27607,4,,8
inbound,27595,27605,27608,3,,9
update,27605,27614,27617,3,,10
update,27616,27626,27628,2,,11
update,27627,27635,27638,3,,12
update,27638,27648,27650,2,,13
update,27649,27658,27660,2,,14
inbound,27650,27660,27663,3,,15
update,27660,27668,27672,4,,0
update,27671,27680,27683,3,,1
update,27682,27692,27695,3,,2
update,27693,27703,27706,3,,3
inbound,27705,27714,27718,4,,5
update,27704,27714,27718,4,,4
update,27715,27725,27728,3,,6
update,27726,27735,27738,3,,7
update,27737,27746,27749,3,,8
update,27748,27756,27759,3,,9
inbound,27760,27770,27773,3,,11
update,27759,27769,27773,4,,10
update,27770,27778,27782,4,,12
update,27781,27791,27794,3,,13
update,27792,27802,27805,3,,14
update,27803,27812,27815,3,,15
update,27814,27823,27827,4,,0
inbound,27815,27824,27827,3,,1
update,27825,27835,27838,3,,2
update,27836,27845,27848,3,,3
update,27847,27857,27859,2,,4
update,27858,27867,27870,3,,5
update,27869,27878,27881,3,,6
update,27880,27889,27891,2,,7
update,27891,27900,27903,3,,8
update,27902,27911,27914,3,,9
update,27913,27923,27926,3,,10
update,27924,27933,27937,4,,11
update,28000,28009,28013,4,,12
inbound,28000,28009,28013,4,,13
update,28011,28020,28023,3,,14
update,28022,28031,28035,4,,15
inbound,28025,28035,28039,4,,0
update,28033,28043,28049,6,,1
update,28044,28053,28057,4,,2
update,28055,28064,28068,4,,3
update,28066,28075,28079,4,,4
update,28077,28086,28090,4,,5
update,28088,28097,28100,3,,6
update,28099,28109,28113,4,,7
inbound,28100,28110,28114,4,,8
update,28110,28118,28121,3,,9
update,28121,28130,28133,3,,10
update,28132,28142,28145,3,,11
update,28143,28153,28161,8,,12
inbound,28155,28164,28168,4,,14
update,28154,28164,28168,4,,13
update,28165,28175,28178,3,,15
update,28176,28186,28188,2,,0
update,28187,28197,28200,3,,1
update,28198,28207,28209,2,,2
inbound,28200,28209,28212,3,,3
update,28209,28217,28221,4,,4
inbound,28210,28220,28222,2,,5
update,28220,28229,28231,2,,6
inbound,28225,28235,28238,3,,7
update,28231,28240,28243,3,,8
update,28242,28252,28254,2,,9
update,28253,28262,28265,3,,10
update,28264,28273,28276,3,,11
inbound,28265,28275,28278,3,,12
update,28275,28285,28288,3,,13
update,28286,28295,28298,3,,14
update,28297,28305,28308,3,,15
update,28308,28317,28320,3,,0
update,28319,28327,28331,4,,1
inbound,28320,28329,28333,4,,2
update,28330,28340,28342,2,,3
update,28341,28351,28354,3,,4
update,28352,28362,28365,3,,5
update,28363,28373,28376,3,,6
inbound,28375,28383,28387,4,,8
update,28374,28383,28387,4,,7
update,28385,28395,28398,3,,9
update,28396,28406,28408,2,,10
inbound,28400,28410,28413,3,,11
update,28407,28417,28420,3,,12
update,28418,28427,28432,5,,13
inbound,28425,28434,28458,24,,14
update,28440,28448,28459,11,,1
inbound,28430,28439,28459,20,,0
update,28429,28439,28459,20,,15
update,28451,28460,28464,4,,2
update,28462,28472,28506,34,,3
inbound,28485,28494,28507,13,,6
update,28484,28492,28507,15,,5
update,28473,28483,28507,24,,4
update,28495,28505,28512,7,,7
update,28506,28515,28552,37,,8
update,28517,28527,28552,25,,9
update,28528,28538,28552,14,,10
inbound,28540,28548,28552,4,,12
update,28539,28548,28553,5,,11
update,28550,28559,28563,4,,13
update,28594,28604,28619,15,,1
update,28583,28592,28619,27,,0
update,28605,28614,28619,5,,3
inbound,28595,28605,28619,14,,2
update,28561,28570,28619,49,,14
update,28572,28581,28619,38,,15
update,28616,28626,28629,3,,4
update,28627,28636,28638,2,,5
update,28638,28647,28650,3,,6
inbound,28650,28659,28663,4,,8
update,28649,28659,28663,4,,7
update,28660,28670,28673,3,,9
update,28671,28681,28683,2,,10
update,28682,28692,28695,3,,11
update,28693,28701,28704,3,,12
update,28704,28714,28718,4,,13
inbound,28705,28714,28719,5,,14
update,28715,28725,28729,4,,15
update,28726,28736,28738,2,,0
update,28737,28746,28749,3,,1
update,28748,28757,28761,4,,2
inbound,28760,28770,28772,2,,4
update,28759,28769,28773,4,,3
update,28770,28780,28783,3,,5
update,28781,28790,28793,3,,6
update,28792,28800,28804,4,,7
update,28803,28811,28814,3,,8
inbound,28815,28823,28826,3,,10
update,28814,28823,28826,3,,9
update,28825,28833,28837,4,,11
update,28836,28846,28849,3,,12
update,28847,28856,28859,3,,13
update,28858,28867,28870,3,,14
update,28869,28879,28882,3,,15
update,28880,28890,28893,3,,0
update,28891,28901,28904,3,,1
update,28902,28911,28913,2,,2
update,28913,28923,28926,3,,3
update,28924,28934,28937,3,,4
inbound,29000,29009,29012,3,,6
update,29000,29009,29012,3,,5
update,29011,29021,29023,2,,7
update,29022,29030,29033,3,,8
inbound,29025,29035,29037,2,,9
update,29033,29042,29044,2,,10
update,29044,29053,29056,3,,11
update,29055,29065,29067,2,,12
update,29066,29076,29078,2,,13
update,29077,29086,29089,3,,14
update,29088,29098,29100,2,,15
update,29099,29109,29112,3,,0
inbound,29100,29109,29113,4,,1
update,29110,29120,29123,3,,2
update,29121,29131,29133,2,,3
update,29132,29141,29144,3,,4
update,29143,29152,29155,3,,5
update,29154,29163,29166,3,,6
inbound,29155,29164,29167,3,,7
update,29165,29174,29177,3,,8
update,29176,29185,29187,2,,9
update,29187,29196,29199,3,,10
update,29198,29208,29210,2,,11
inbound,29200,29210,29214,4,,12
update,29209,29219,29222,3,,13
inbound,29210,29219,29222,3,,14
update,29220,29229,29232,3,,15
inbound,29225,29235,29238,3,,0
update,29231,29241,29244,3,,1
update,29242,29252,29255,3,,2
update,29253,29262,29265,3,,3
update,29264,29274,29278,4,,4
inbound,29265,29274,29278,4,,5
update,29275,29285,29288,3,,6
update,29286,29295,29298,3,,7
update,29297,29307,29309,2,,8
update,29308,29318,29321,3,,9
update,29319,29329,29333,4,,10
inbound,29320,29330,29333,3,,11
update,29330,29339,29341,2,,12
update,29341,29351,29354,3,,13
update,29352,29361,29364,3,,14
update,29363,29373,29377,4,,15
update,29374,29384,29387,3,,0
inbound,29375,29384,29388,4,,1
update,29385,29395,29403,8,,2
inbound,29400,29408,29415,7,,4
update,29396,29404,29415,11,,3
update,29407,29416,29419,3,,5
update,29418,29426,29431,5,,6
inbound,29425,29435,29439,4,,7
update,29429,29438,29443,5,,8
inbound,29430,29439,29443,4,,9
update,29440,29450,29453,3,,10
update,29451,29460,29463,3,,11
update,29462,29472,29475,3,,12
update,29473,29483,29486,3,,13
update,29484,29494,29497,3,,14
inbound,29485,29494,29497,3,,15
update,29495,29505,29508,3,,0
update,29506,29515,29518,3,,1
update,29517,29527,29530,3,,2
update,29528,29536,29540,4,,3
update,29539,29548,29552,4,,4
inbound,29540,29548,29552,4,,5
update,29550,29559,29561,2,,6
update,29561,29571,29574,3,,7
update,29572,29582,29585,3,,8
update,29583,29593,29595,2,,9
inbound,29595,29604,29607,3,,11
update,29594,29604,29608,4,,10
update,29605,29614,29617,3,,12
update,29616,29626,29629,3,,13
update,29627,29636,29639,3,,14
update,29638,29648,29650,2,,15
update,29649,29659,29662,3,,0
inbound,29650,29660,29663,3,,1
update,29660,29670,29673,3,,2
update,29671,29681,29684,3,,3
update,29682,29692,29695,3,,4
update,29693,29702,29705,3,,5
update,29704,29714,29717,3,,6
inbound,29705,29715,29718,3,,7
update,29715,29725,29728,3,,8
update,29726,29735,29739,4,,9
update,29737,29745,29749,4,,10
update,29748,29757,29760,3,,11
inbound,29760,29770,29772,2,,13
update,29759,29768,29772,4,,12
update,29770,29780,29782,2,,14
update,29781,29789,29792,3,,15
update,29792,29801,29803,2,,0
update,29803,29812,29814,2,,1
update,29814,29823,29826,3,,2
inbound,29815,29824,29827,3,,3
update,29825,29835,29837,2,,4
update,29836,29845,29848,3,,5
update,29847,29857,29860,3,,6
update,29858,29867,29869,2,,7
update,29869,29878,29881,3,,8
update,29880,29888,29891,3,,9
update,29891,29900,29903,3,,10
update,29902,29911,29914,3,,11
update,29913,29923,29926,3,,12
update,29924,29933,29936,3,,13
update,30000,30008,30011,3,,14
inbound,30000,30010,30013,3,,15
update,30011,30020,30023,3,,0
update,30022,30032,30035,3,,1
inbound,30025,30037,30039,2,,2
update,30033,30043,30045,2,,3
update,30044,30052,30055,3,,4
update,30055,30064,30067,3,,5
update,30066,30076,30079,3,,6
update,30077,30086,30088,2,,7
update,30088,30098,30100,2,,8
update,30099,30109,30111,2,,9
inbound,30100,30111,30114,3,,10
update,30110,30120,30123,3,,11
update,30121,30131,30133,2,,12
update,30132,30141,30144,3,,13
update,30143,30152,30156,4,,14
update,30154,30164,30167,3,,15
inbound,30155,30167,30170,3,,0
update,30165,30174,30177,3,,1
update,30176,30188,30190,2,,2
update,30187,30198,30201,3,,3
update,30198,30210,30212,2,,4
inbound,30200,30212,30214,2,,5
update,30209,30219,30222,3,,6
inbound,30210,30222,30224,2,,7
update,30220,30232,30234,2,,8
inbound,30225,30235,30238,3,,9
update,30231,30242,30245,3,,10
update,30242,30254,30257,3,,11
update,30253,30265,30268,3,,12
inbound,30265,30276,30279,3,,14
update,30264,30276,30279,3,,13
update,30275,30287,30289,2,,15
update,30286,30298,30300,2,,0
update,30297,30309,30312,3,,1
update,30308,30319,30321,2,,2
inbound,30320,30331,30333,2,,4
update,30319,30330,30333,3,,3
update,30330,30341,30343,2,,5
update,30341,30352,30355,3,,6
update,30352,30362,30365,3,,7
update,30363,30374,30377,3,,8
update,30374,30385,30389,4,,9
inbound,30375,30385,30390,5,,10
update,30385,30396,30399,3,,11
update,30396,30408,30411,3,,12
inbound,30400,30410,30413,3,,13
update,30407,30418,30421,3,,14
update,30418,30430,30434,4,,15
inbound,30425,30437,30440,3,,0
update,30429,30441,30443,2,,1
inbound,30430,30441,30444,3,,2
update,30440,30452,30454,2,,3
update,30451,30463,30465,2,,4
update,30462,30473,30476,3,,5
update,30473,30485,30488,3,,6
inbound,30485,30496,30500,4,,8
update,30484,30496,30500,4,,7
update,30495,30505,30509,4,,9
update,30506,30518,30522,4,,10
update,30517,30529,30532,3,,11
update,30528,30539,30543,4,,12
update,30539,30551,30555,4,,13
inbound,30540,30552,30556,4,,14
update,30550,30561,30563,2,,15
update,30561,30573,30575,2,,0
update,30572,30583,30586,3,,1
update,30583,30593,30596,3,,2
update,30594,30606,30609,3,,3
inbound,30595,30606,30609,3,,4
update,30605,30617,30621,4,,5
update,30616,30627,30630,3,,6
update,30627,30638,30642,4,,7
update,30638,30650,30652,2,,8
update,30649,30661,30664,3,,9
inbound,30650,30662,30665,3,,10
update,30660,30671,30673,2,,11
update,30671,30683,30686,3,,12
update,30682,30694,30697,3,,13
update,30693,30704,30707,3,,14
update,30704,30716,30719,3,,15
inbound,30705,30717,30720,3,,0
update,30715,30726,30729,3,,1
update,30726,30738,30742,4,,2
update,30737,30749,30752,3,,3
update,30748,30760,30763,3,,4
inbound,30760,30771,30773,2,,6
update,30759,30771,30774,3,,5
update,30770,30782,30784,2,,7
update,30781,30793,30796,3,,8
update,30792,30803,30806,3,,9
update,30803,30814,30817,3,,10
inbound,30815,30826,30828,2,,12
update,30814,30826,30829,3,,11
update,30825,30837,30840,3,,13
update,30836,30848,30851,3,,14
update,30847,30859,30861,2,,15
update,30858,30870,30873,3,,0
update,30869,30880,30883,3,,1
update,30880,30892,30895,3,,2
update,30891,30902,30905,3,,3
update,30902,30914,30919,5,,4
update,30913,30925,30928,3,,5
update,30924,30936,30939,3,,6
inbound,31000,31012,31015,3,,8
update,31000,31012,31016,4,,7
update,31011,31022,31025,3,,9
update,31022,31032,31036,4,,10
inbound,31025,31037,31040,3,,11
update,31033,31045,31048,3,,12
update,31044,31056,31060,4,,13
update,31055,31066,31069,3,,14
update,31066,31078,31082,4,,15
update,31077,31088,31091,3,,0
update,31088,31100,31104,4,,1
update,31099,31110,31114,4,,2
inbound,31100,31112,31116,4,,3
update,31110,31121,31125,4,,4
update,31121,31132,31137,5,,5
update,31132,31143,31146,3,,6
update,31143,31155,31158,3,,7
update,31154,31165,31170,5,,8
inbound,31155,31166,31172,6,,9
update,31165,31176,31179,3,,10
update,31176,31187,31190,3,,11
update,31187,31198,31200,2,,12
update,31198,31208,31212,4,,13
inbound,31200,31211,31214,3,,14
update,31209,31221,31224,3,,15
inbound,31210,31221,31224,3,,0
update,31220,31232,31235,3,,1
inbound,31225,31236,31239,3,,2
update,31231,31242,31247,5,,3
update,31242,31254,31257,3,,4
update,31253,31265,31267,2,,5
update,31264,31276,31280,4,,6
inbound,31265,31276,31281,5,,7
update,31275,31286,31290,4,,8
update,31286,31296,31300,4,,9
update,31297,31307,31310,3,,10
update,31308,31320,31323,3,,11
update,31319,31330,31334,4,,12
inbound,31320,31332,31336,4,,13
update,31330,31342,31345,3,,14
update,31341,31353,31357,4,,15
update,31352,31364,31368,4,,0
update,31363,31375,31379,4,,1
update,31374,31386,31389,3,,2
inbound,31375,31387,31391,4,,3
update,31385,31396,31399,3,,4
update,31396,31407,31411,4,,5
inbound,31400,31411,31414,3,,6
update,31407,31418,31421,3,,7
update,31418,31429,31441,12,,8
inbound,31425,31437,31448,11,,9
update,31429,31441,31448,7,,10
inbound,31430,31441,31451,10,,11
update,31440,31450,31454,4,,12
update,31451,31462,31471,9,,13
update,31462,31473,31478,5,,14
update,31473,31484,31488,4,,15
update,31484,31495,31500,5,,0
inbound,31485,31495,31500,5,,1
update,31495,31505,31509,4,,2
update,31506,31518,31521,3,,3
update,31517,31529,31532,3,,4
update,31528,31540,31542,2,,5
update,31539,31551,31555,4,,6
inbound,31540,31552,31556,4,,7
update,31550,31561,31565,4,,8
update,31561,31573,31578,5,,9
update,31572,31583,31586,3,,10
update,31583,31595,31598,3,,11
inbound,31595,31607,31610,3,,13
update,31594,31605,31611,6,,12
update,31605,31616,31619,3,,14
update,31616,31627,31631,4,,15
update,31627,31638,31642,4,,0
update,31638,31650,31653,3,,1
update,31649,31661,31665,4,,2
inbound,31650,31661,31665,4,,3
update,31660,31672,31674,2,,4
update,31671,31682,31684,2,,5
update,31682,31694,31697,3,,6
update,31693,31705,31707,2,,7
inbound,31705,31716,31719,3,,9
update,31704,31716,31720,4,,8
update,31715,31726,31728,2,,10
update,31726,31736,31741,5,,11
update,31737,31749,31752,3,,12
update,31748,31759,31762,3,,13
inbound,31760,31771,31773,2,,15
update,31759,31771,31774,3,,14
update,31770,31781,31784,3,,0
update,31781,31793,31797,4,,1
update,31792,31803,31806,3,,2
update,31803,31815,31818,3,,3
inbound,31815,31826,31829,3,,5
update,31814,31826,31830,4,,4
update,31825,31836,31840,4,,6
update,31836,31848,31851,3,,7
update,31847,31859,31862,3,,8
update,31858,31869,31872,3,,9
update,31869,31880,31883,3,,10
update,31880,31891,31894,3,,11
update,31891,31903,31907,4,,12
update,31902,31913,31916,3,,13
update,31913,31925,31928,3,,14
update,31924,31936,31940,4,,15
update,32000,32011,32028,17,,0
update,32011,32023,32028,5,,2
inbound,32000,32011,32028,17,,1
update,32022,32034,32038,4,,3
inbound,32025,32037,32041,4,,4
update,32033,32044,32047,3,,5
update,32044,32055,32058,3,,6
update,32055,32067,32070,3,,7
update,32066,32077,32080,3,,8
update,32077,32088,32091,3,,9
update,32088,32099,32102,3,,10
inbound,32100,32111,32115,4,,12
update,32099,32110,32115,5,,11
update,32110,32122,32126,4,,13
update,32121,32132,32136,4,,14
update,32132,32142,32146,4,,15
update,32143,32154,32158,4,,0
update,32154,32165,32171,6,,1
inbound,32155,32166,32171,5,,2
update,32165,32177,32180,3,,3
update,32176,32187,32190,3,,4
update,32187,32199,32203,4,,5
inbound,32200,32210,32215,5,,7
update,32198,32210,32216,6,,6
update,32209,32219,32225,6,,8
inbound,32210,32221,32227,6,,9
update,32220,32231,32235,4,,10
inbound,32225,32235,32239,4,,11
update,32231,32242,32245,3,,12
update,32242,32252,32256,4,,13
update,32253,32264,32268,4,,14
update,32264,32275,32278,3,,15
inbound,32265,32277,32280,3,,0
update,32275,32286,32288,2,,1
update,32286,32298,32301,3,,2
update,32297,32308,32312,4,,3
update,32308,32320,32323,3,,4
update,32319,32329,32332,3,,5
inbound,32320,32332,32335,3,,6
update,32330,32342,32347,5,,7
update,32341,32351,32356,5,,8
update,32352,32364,32368,4,,9
update,32363,32375,32382,7,,10
update,32374,32385,32388,3,,11
inbound,32375,32386,32390,4,,12
update,32385,32397,32401,4,,13
update,32396,32407,32410,3,,14
inbound,32400,32410,32414,4,,15
update,32407,32419,32422,3,,0
update,32418,32429,32432,3,,1
inbound,32425,32436,32445,9,,2
update,32429,32440,32445,5,,3
inbound,32430,32441,32447,6,,4
update,32440,32451,32454,3,,5
update,32451,32462,32465,3,,6
update,32462,32473,32476,3,,7
update,32473,32484,32488,4,,8
update,32484,32496,32498,2,,9
inbound,32485,32496,32500,4,,10
update,32495,32506,32510,4,,11
update,32506,32516,32520,4,,12
update,32517,32528,32531,3,,13
update,32528,32539,32542,3,,14
update,32539,32550,32554,4,,15
inbound,32540,32552,32556,4,,0
update,32550,32561,32564,3,,1
update,32561,32572,32575,3,,2
update,32572,32584,32587,3,,3
update,32583,32594,32596,2,,4
update,32594,32605,32609,4,,5
inbound,32595,32606,32610,4,,6
update,32605,32616,32619,3,,7
update,32616,32627,32630,3,,8
update,32627,32638,32641,3,,9
update,32638,32649,32652,3,,10
inbound,32650,32661,32666,5,,12
update,32649,32661,32666,5,,11
update,32660,32671,32674,3,,13
update,32671,32682,32685,3,,14
update,32682,32693,32695,2,,15
update,32693,32704,32708,4,,0
update,32704,32714,32717,3,,1
inbound,32705,32717,32720,3,,2
update,32715,32727,32730,3,,3
update,32726,32737,32740,3,,4
update,32737,32747,32751,4,,5
update,32748,32759,32761,2,,6
inbound,32760,32770,32773,3,,8
update,32759,32770,32774,4,,7
update,32770,32781,32785,4,,9
update,32781,32792,32795,3,,10
update,32792,32803,32806,3,,11
update,32803,32815,32818,3,,12
inbound,32815,32825,32827,2,,14
update,32814,32825,32829,4,,13
update,32825,32837,32841,4,,15
update,32836,32848,32851,3,,0
update,32847,32859,32863,4,,1
update,32858,32870,32873,3,,2
update,32869,32881,32883,2,,3
update,32880,32891,32894,3,,4
update,32891,32903,32906,3,,5
update,32902,32913,32915,2,,6
update,32913,32924,32927,3,,7
update,32924,32935,32938,3,,8
inbound,33000,33012,33016,4,,10
update,33000,33012,33016,4,,9
update,33011,33022,33025,3,,11
update,33022,33034,33037,3,,12
inbound,33025,33036,33039,3,,13
update,33033,33045,33048,3,,14
update,33044,33055,33058,3,,15
update,33055,33067,33071,4,,0
update,33066,33077,33080,3,,1
update,33077,33089,33092,3,,2
update,33088,33099,33102,3,,3
inbound,33100,33111,33114,3,,5
update,33099,33111,33116,5,,4
update,33110,33121,33124,3,,6
update,33121,33133,33137,4,,7
update,33132,33142,33145,3,,8
update,33143,33155,33158,3,,9
update,33154,33166,33169,3,,10
inbound,33155,33167,33170,3,,11
update,33165,33176,33179,3,,12
update,33176,33187,33190,3,,13
update,33187,33198,33201,3,,14
update,33198,33210,33214,4,,15
inbound,33200,33211,33215,4,,0
update,33209,33220,33223,3,,1
inbound,33210,33221,33227,6,,2
update,33220,33230,33234,4,,3
inbound,33225,33236,33239,3,,4
update,33231,33242,33245,3,,5
update,33242,33254,33257,3,,6
update,33253,33264,33267,3,,7
inbound,33265,33276,33280,4,,9
update,33264,33276,33281,5,,8
update,33275,33286,33289,3,,10
update,33286,33298,33301,3,,11
update,33297,33308,33311,3,,12
update,33308,33320,33323,3,,13
inbound,33320,33330,33336,6,,15
update,33319,33330,33336,6,,14
update,33330,33341,33345,4,,0
update,33341,33353,33356,3,,1
update,33352,33364,33367,3,,2
update,33363,33374,33376,2,,3
update,33374,33385,33389,4,,4
inbound,33375,33385,33389,4,,5
update,33385,33397,33400,3,,6
update,33396,33407,33410,3,,7
inbound,33400,33411,33414,3,,8
update,33407,33419,33422,3,,9
update,33418,33429,33432,3,,10
inbound,33425,33437,33441,4,,11
inbound,33430,33441,33445,4,,13
update,33429,33441,33447,6,,12
update,33440,33451,33456,5,,14
update,33451,33462,33465,3,,15
update,33462,33473,33475,2,,0
update,33473,33484,33486,2,,1
inbound,33485,33496,33501,5,,3
update,33484,33495,33502,7,,2
update,33495,33506,33509,3,,4
update,33506,33518,33521,3,,5
update,33517,33527,33530,3,,6
update,33528,33539,33543,4,,7
update,33539,33551,33555,4,,8
inbound,33540,33551,33555,4,,9
update,33550,33562,33565,3,,10
update,33561,33573,33577,4,,11
update,33572,33582,33586,4,,12
update,33583,33594,33598,4,,13
inbound,33595,33606,33609,3,,15
update,33594,33605,33610,5,,14
update,33605,33617,33621,4,,0
update,33616,33628,33631,3,,1
update,33627,33638,33641,3,,2
update,33638,33649,33651,2,,3
update,33649,33661,33667,6,,4
inbound,33650,33662,33667,5,,5
update,33660,33671,33674,3,,6
update,33671,33683,33686,3,,7
update,33682,33692,33696,4,,8
update,33693,33703,33706,3,,9
inbound,33705,33716,33719,3,,11
update,33704,33716,33719,3,,10
update,33715,33727,33729,2,,12
update,33726,33737,33739,2,,13
update,33737,33748,33751,3,,14
update,33748,33760,33764,4,,15
inbound,33760,33770,33773,3,,1
update,33759,33770,33775,5,,0
update,33770,33781,33784,3,,2
update,33781,33792,33794,2,,3
update,33792,33803,33807,4,,4
update,33803,33813,33817,4,,5
update,33814,33825,33829,4,,6
inbound,33815,33826,33829,3,,7
update,33825,33836,33839,3,,8
update,33836,33848,33851,3,,9
update,33847,33858,33862,4,,10
update,33858,33870,33874,4,,11
update,33869,33880,33885,5,,12
update,33880,33890,33893,3,,13
update,33891,33903,33906,3,,14
update,33902,33913,33916,3,,15
update,33913,33925,33928,3,,0
update,33924,33935,33938,3,,1
update,34000,34012,34016,4,,2
inbound,34000,34012,34016,4,,3
update,34011,34022,34025,3,,4
update,34022,34033,34036,3,,5
inbound,34025,34037,34039,2,,6
update,34033,34044,34047,3,,7
update,34044,34056,34059,3,,8
update,34055,34066,34069,3,,9
update,34066,34078,34108,30,,10
update,34077,34088,34108,20,,11
update,34088,34099,34108,9,,12
update,34099,34110,34115,5,,13
inbound,34100,34111,34115,4,,14
update,34110,34122,34125,3,,15
update,34121,34133,34136,3,,0
update,34132,34144,34147,3,,1
update,34143,34155,34158,3,,2
update,34154,34166,34169,3,,3
inbound,34155,34166,34170,4,,4
update,34165,34177,34180,3,,5
update,34176,34187,34191,4,,6
update,34187,34199,34202,3,,7
update,34198,34209,34213,4,,8
inbound,34200,34211,34214,3,,9
update,34209,34221,34224,3,,10
inbound,34210,34222,34225,3,,11
update,34220,34231,34234,3,,12
inbound,34225,34237,34240,3,,13
update,34231,34242,34245,3,,14
update,34242,34254,34257,3,,15
update,34253,34264,34267,3,,0
update,34264,34276,34279,3,,1
inbound,34265,34277,34280,3,,2
update,34275,34287,34290,3,,3
update,34286,34297,34300,3,,4
update,34297,34308,34311,3,,5
update,34308,34320,34323,3,,6
update,34319,34330,34334,4,,7
inbound,34320,34330,34334,4,,8
update,34330,34341,34344,3,,9
update,34341,34352,34356,4,,10
update,34352,34364,34367,3,,11
update,34363,34375,34378,3,,12
update,34374,34385,34389,4,,13
inbound,34375,34385,34389,4,,14
update,34385,34397,34400,3,,15
update,34396,34408,34410,2,,0
inbound,34400,34412,34415,3,,1
update,34407,34419,34422,3,,2
update,34418,34430,34433,3,,3
inbound,34425,34436,34439,3,,4
inbound,34430,34441,34444,3,,6
update,34429,34440,34444,4,,5
update,34440,34451,34455,4,,7
update,34451,34462,34466,4,,8
update,34462,34473,34476,3,,9
update,34473,34483,34486,3,,10
inbound,34485,34496,34499,3,,12
update,34484,34496,34499,3,,11
update,34495,34507,34510,3,,13
update,34506,34517,34519,2,,14
update,34517,34528,34531,3,,15
update,34528,34539,34542,3,,0
update,34539,34550,34553,3,,1
inbound,34540,34551,34554,3,,2
update,34550,34561,34563,2,,3
update,34561,34573,34576,3,,4
update,34572,34583,34585,2,,5
update,34583,34594,34596,2,,6
inbound,34595,34605,34608,3,,8
update,34594,34605,34609,4,,7
update,34605,34616,34619,3,,9
update,34616,34627,34630,3,,10
update,34627,34638,34643,5,,11
update,34638,34649,34653,4,,12
update,34649,34661,34664,3,,13
inbound,34650,34661,34665,4,,14
update,34660,34672,34675,3,,15
update,34671,34682,34685,3,,0
update,34682,34693,34696,3,,1
update,34693,34704,34708,4,,2
update,34704,34715,34718,3,,3
inbound,34705,34716,34719,3,,4
update,34715,34725,34730,5,,5
update,34726,34737,34741,4,,6
update,34737,34749,34753,4,,7
update,34748,34759,34763,4,,8
update,34759,34769,34772,3,,9
inbound,34760,34772,34773,1,,10
update,34770,34781,34784,3,,11
update,34781,34792,34795,3,,12
update,34792,34803,34806,3,,13
update,34803,34814,34817,3,,14
update,34814,34826,34830,4,,15
inbound,34815,34827,34830,3,,0
update,34825,34837,34841,4,,1
update,34836,34848,34851,3,,2
update,34847,34858,34860,2,,3
update,34858,34870,34873,3,,4
update,34869,34881,34884,3,,5
update,34880,34891,34894,3,,6
update,34891,34902,34905,3,,7
update,34902,34914,34917,3,,8
update,34913,34925,34928,3,,9
update,34924,34936,34939,3,,10
update,35000,35010,35013,3,,11
inbound,35000,35010,35014,4,,12
update,35011,35022,35025,3,,13
update,35022,35034,35037,3,,14
inbound,35025,35036,35039,3,,15
update,35033,35044,35047,3,,0
update,35044,35055,35058,3,,1
update,35055,35066,35069,3,,2
update,35066,35077,35080,3,,3
update,35077,35088,35092,4,,4
update,35088,35099,35104,5,,5
inbound,35100,35111,35114,3,,7
update,35099,35111,35115,4,,6
update,35110,35121,35124,3,,8
update,35121,35133,35136,3,,9
update,35132,35144,35148,4,,10
update,35143,35155,35158,3,,11
inbound,35155,35167,35171,4,,13
update,35154,35166,35172,6,,12
update,35165,35176,35180,4,,14
update,35176,35188,35191,3,,15
update,35187,35199,35202,3,,0
update,35198,35209,35214,5,,1
inbound,35200,35212,35215,3,,2
update,35209,35220,35225,5,,3
inbound,35210,35221,35225,4,,4
update,35220,35230,35233,3,,5
inbound,35225,35237,35240,3,,6
update,35231,35243,35246,3,,7
update,35242,35253,35256,3,,8
update,35253,35264,35267,3,,9
update,35264,35275,35279,4,,10
inbound,35265,35277,35280,3,,11
update,35275,35285,35289,4,,12
update,35286,35296,35300,4,,13
update,35297,35309,35312,3,,14
update,35308,35319,35324,5,,15
update,35319,35329,35333,4,,0
inbound,35320,35331,35334,3,,1
update,35330,35341,35343,2,,2
update,35341,35352,35356,4,,3
update,35352,35363,35368,5,,4
update,35363,35374,35377,3,,5
update,35374,35384,35387,3,,6
inbound,35375,35387,35390,3,,7
update,35385,35397,35401,4,,8
update,35396,35408,35411,3,,9
inbound,35400,35411,35414,3,,10
update,35407,35418,35421,3,,11
update,35418,35428,35431,3,,12
inbound,35425,35435,35438,3,,13
update,35429,35441,35444,3,,14
inbound,35430,35442,35445,3,,15
update,35440,35451,35454,3,,0
update,35451,35463,35468,5,,1
update,35462,35472,35475,3,,2
update,35473,35485,35488,3,,3
update,35484,35494,35498,4,,4
inbound,35485,35496,35499,3,,5
update,35495,35507,35510,3,,6
update,35506,35518,35521,3,,7
update,35517,35528,35531,3,,8
update,35528,35539,35541,2,,9
inbound,35540,35550,35553,3,,11
update,35539,35550,35554,4,,10
update,35550,35561,35564,3,,12
update,35561,35573,35575,2,,13
update,35572,35583,35586,3,,14
update,35583,35594,35598,4,,15
update,35594,35605,35608,3,,0
inbound,35595,35606,35609,3,,1
update,35605,35616,35618,2,,2
update,35616,35627,35630,3,,3
update,35627,35638,35641,3,,4
update,35638,35649,35653,4,,5
inbound,35650,35660,35664,4,,7
update,35649,35660,35664,4,,6
update,35660,35672,35674,2,,8
update,35671,35681,35685,4,,9
update,35682,35693,35696,3,,10
update,35693,35704,35708,4,,11
update,35704,35715,35719,4,,12
inbound,35705,35716,35722,6,,13
update,35715,35727,35731,4,,14
update,35726,35737,35743,6,,15
update,35737,35749,35752,3,,0
update,35748,35760,35766,6,,1
update,35759,35769,35774,5,,2
inbound,35760,35772,35777,5,,3
update,35770,35781,35786,5,,4
update,35781,35792,35797,5,,5
update,35792,35802,35805,3,,6
update,35803,35815,35823,8,,7
inbound,35815,35825,35828,3,,9
update,35814,35825,35831,6,,8
update,35825,35837,35841,4,,10
update,35836,35847,35850,3,,11
update,35847,35858,35861,3,,12
update,35858,35868,35871,3,,13
update,35869,35881,35883,2,,14
update,35880,35891,35895,4,,15
update,35891,35902,35905,3,,0
update,35902,35914,35917,3,,1
update,35913,35925,35928,3,,2
update,35924,35936,35939,3,,3
inbound,36000,36011,36014,3,,5
update,36000,36010,36014,4,,4
update,36011,36022,36025,3,,6
update,36022,36034,36038,4,,7
inbound,36025,36036,36040,4,,8
update,36033,36044,36047,3,,9
update,36044,36054,36057,3,,10
update,36055,36066,36069,3,,11
update,36066,36078,36081,3,,12
update,36077,36088,36090,2,,13
update,36088,36098,36101,3,,14
update,36099,36110,36114,4,,15
inbound,36100,36111,36115,4,,0
update,36110,36122,36124,2,,1
update,36121,36132,36135,3,,2
update,36132,36143,36146,3,,3
update,36143,36153,36156,3,,4
inbound,36155,36166,36171,5,,6
update,36154,36166,36172,6,,5
update,36165,36175,36178,3,,7
update,36176,36187,36190,3,,8
update,36187,36198,36202,4,,9
update,36198,36210,36213,3,,10
inbound,36200,36212,36214,2,,11
update,36209,36221,36224,3,,12
inbound,36210,36222,36225,3,,13
update,36220,36231,36233,2,,14
inbound,36225,36237,36239,2,,15
update,36231,36242,36245,3,,0
update,36242,36253,36256,3,,1
update,36253,36265,36267,2,,2
update,36264,36276,36279,3,,3
inbound,36265,36276,36279,3,,4
update,36275,36287,36290,3,,5
update,36286,36296,36299,3,,6
update,36297,36309,36312,3,,7
update,36308,36318,36321,3,,8
update,36319,36330,36332,2,,9
inbound,36320,36332,36335,3,,10
update,36330,36340,36343,3,,11
update,36341,36352,36354,2,,12
update,36352,36362,36365,3,,13
update,36363,36374,36377,3,,14
update,36374,36386,36389,3,,15
inbound,36375,36387,36389,2,,0
update,36385,36396,36399,3,,1
update,36396,36407,36409,2,,2
inbound,36400,36412,36414,2,,3
update,36407,36417,36420,3,,4
update,36418,36430,36433,3,,5
inbound,36425,36437,36440,3,,6
inbound,36430,36440,36443,3,,8
update,36429,36440,36444,4,,7
update,36440,36450,36454,4,,9
update,36451,36462,36467,5,,10
update,36462,36473,36476,3,,11
update,36473,36484,36487,3,,12
update,36484,36495,36498,3,,13
inbound,36485,36496,36499,3,,14
update,36495,36507,36510,3,,15
update,36506,36518,36521,3,,0
update,36517,36528,36530,2,,1
update,36528,36538,36541,3,,2
update,36539,36550,36552,2,,3
inbound,36540,36552,36555,3,,4
update,36550,36561,36564,3,,5
update,36561,36573,36575,2,,6
update,36572,36584,36587,3,,7
update,36583,36594,36597,3,,8
update,36594,36605,36608,3,,9
inbound,36595,36606,36609,3,,10
update,36605,36617,36620,3,,11
update,36616,36628,36631,3,,12
update,36627,36639,36642,3,,13
update,36638,36650,36653,3,,14
update,36649,36660,36663,3,,15
inbound,36650,36660,36664,4,,0
update,36660,36672,36675,3,,1
update,36671,36682,36685,3,,2
update,36682,36694,36697,3,,3
update,36693,36703,36706,3,,4
update,36704,36715,36717,2,,5
inbound,36705,36717,36720,3,,6
update,36715,36727,36730,3,,7
update,36726,36738,36740,2,,8
update,36737,36748,36751,3,,9
update,36748,36759,36762,3,,10
inbound,36760,36771,36775,4,,12
update,36759,36770,36775,5,,11
update,36770,36781,36784,3,,13
update,36781,36792,36795,3,,14
update,36792,36804,36807,3,,15
update,36803,36814,36816,2,,0
update,36814,36826,36829,3,,1
inbound,36815,36827,36830,3,,2
update,36825,36837,36840,3,,3
update,36836,36848,36851,3,,4
update,36847,36858,36860,2,,5
update,36858,36869,36872,3,,6
update,36869,36880,36882,2,,7
update,36880,36892,36895,3,,8
update,36891,36903,36906,3,,9
update,36902,36914,36917,3,,10
update,36913,36925,36927,2,,11
update,36924,36935,36938,3,,12
inbound,37000,37011,37015,4,,14
update,37000,37011,37016,5,,13
update,37011,37022,37026,4,,15
update,37022,37033,37035,2,,0
inbound,37025,37035,37039,4,,1
update,37033,37044,37047,3,,2
update,37044,37056,37059,3,,3
update,37055,37066,37069,3,,4
update,37066,37078,37081,3,,5
update,37077,37088,37092,4,,6
update,37088,37100,37103,3,,7
inbound,37100,37111,37114,3,,9
update,37099,37111,37115,4,,8
update,37110,37121,37124,3,,10
update,37121,37133,37136,3,,11
update,37132,37144,37147,3,,12
update,37143,37154,37158,4,,13
update,37154,37166,37169,3,,14
inbound,37155,37167,37171,4,,15
update,37165,37177,37180,3,,0
update,37176,37188,37190,2,,1
update,37187,37199,37203,4,,2
update,37198,37210,37212,2,,3
inbound,37200,37212,37215,3,,4
update,37209,37219,37222,3,,5
inbound,37210,37220,37223,3,,6
update,37220,37231,37234,3,,7
inbound,37225,37236,37239,3,,8
update,37231,37242,37245,3,,9
update,37242,37254,37256,2,,10
update,37253,37263,37267,4,,11
update,37264,37274,37277,3,,12
inbound,37265,37276,37279,3,,13
update,37275,37286,37289,3,,14
update,37286,37298,37300,2,,15
update,37297,37308,37310,2,,0
update,37308,37319,37322,3,,1
update,37319,37330,37333,3,,2
inbound,37320,37332,37336,4,,3
update,37330,37342,37345,3,,4
update,37341,37351,37354,3,,5
update,37352,37364,37367,3,,6
update,37363,37374,37376,2,,7
update,37374,37386,37390,4,,8
inbound,37375,37387,37390,3,,9
update,37385,37396,37399,3,,10
update,37396,37408,37410,2,,11
inbound,37400,37412,37414,2,,12
update,37407,37418,37428,10,,13
update,37418,37429,37433,4,,14
inbound,37425,37437,37440,3,,15
update,37429,37440,37444,4,,0
inbound,37430,37442,37445,3,,1
update,37440,37452,37455,3,,2
update,37451,37463,37467,4,,3
update,37462,37472,37476,4,,4
update,37473,37483,37486,3,,5
update,37484,37495,37498,3,,6
inbound,37485,37497,37500,3,,7
update,37495,37507,37510,3,,8
update,37506,37518,37520,2,,9
update,37517,37528,37531,3,,10
update,37528,37540,37543,3,,11
update,37539,37550,37553,3,,12
inbound,37540,37552,37555,3,,13
update,37550,37560,37563,3,,14
update,37561,37572,37575,3,,15
update,37572,37584,37586,2,,0
update,37583,37595,37598,3,,1
update,37594,37605,37608,3,,2
inbound,37595,37606,37609,3,,3
update,37605,37616,37619,3,,4
update,37616,37628,37631,3,,5
update,37627,37637,37641,4,,6
update,37638,37649,37653,4,,7
update,37649,37661,37663,2,,8
inbound,37650,37661,37664,3,,9
update,37660,37672,37675,3,,10
update,37671,37682,37686,4,,11
update,37682,37693,37697,4,,12
update,37693,37704,37707,3,,13
update,37704,37715,37720,5,,14
inbound,37705,37716,37721,5,,15
update,37715,37727,37730,3,,0
update,37726,37737,37740,3,,1
update,37737,37749,37752,3,,2
update,37748,37760,37764,4,,3
inbound,37760,37771,37775,4,,5
update,37759,37771,37778,7,,4
update,37770,37781,37787,6,,6
update,37781,37793,37797,4,,7
update,37792,37804,37807,3,,8
update,37803,37814,37819,5,,9
inbound,37815,37827,37832,5,,11
update,37814,37826,37832,6,,10
update,37825,37836,37839,3,,12
update,37836,37848,37851,3,,13
update,37847,37859,37863,4,,14
update,37858,37869,37872,3,,15
update,37869,37881,37885,4,,0
update,37880,37891,37895,4,,1
update,37891,37902,37905,3,,2
update,37902,37914,37917,3,,3
update,37913,37925,37928,3,,4
update,37924,37936,37939,3,,5
update,38000,38012,38015,3,,6
inbound,38000,38012,38015,3,,7
update,38011,38023,38026,3,,8
update,38022,38034,38037,3,,9
inbound,38025,38036,38039,3,,10
update,38033,38044,38047,3,,11
update,38044,38056,38059,3,,12
update,38055,38066,38069,3,,13
update,38066,38078,38081,3,,14
update,38077,38089,38092,3,,15
update,38088,38098,38102,4,,0
update,38099,38110,38113,3,,1
inbound,38100,38111,38114,3,,2
update,38110,38121,38126,5,,3
update,38121,38132,38135,3,,4
update,38132,38144,38146,2,,5
update,38143,38155,38157,2,,6
update,38154,38166,38169,3,,7
inbound,38155,38167,38170,3,,8
update,38165,38176,38179,3,,9
update,38176,38187,38190,3,,10
update,38187,38199,38201,2,,11
update,38198,38210,38213,3,,12
inbound,38200,38212,38215,3,,13
update,38209,38220,38224,4,,14
inbound,38210,38221,38224,3,,15
update,38220,38232,38234,2,,0
inbound,38225,38235,38238,3,,1
update,38231,38242,38244,2,,2
update,38242,38254,38256,2,,3
update,38253,38264,38267,3,,4
update,38264,38275,38278,3,,5
inbound,38265,38276,38279,3,,6
update,38275,38285,38288,3,,7
update,38286,38297,38300,3,,8
update,38297,38308,38311,3,,9
update,38308,38320,38323,3,,10
inbound,38320,38331,38334,3,,12
update,38319,38331,38334,3,,11
update,38330,38341,38344,3,,13
update,38341,38353,38356,3,,14
update,38352,38363,38366,3,,15
update,38363,38374,38377,3,,0
update,38374,38384,38387,3,,1
inbound,38375,38387,38389,2,,2
update,38385,38396,38399,3,,3
update,38396,38407,38410,3,,4
inbound,38400,38411,38415,4,,5
update,38407,38417,38420,3,,6
update,38418,38428,38431,3,,7
inbound,38425,38436,38439,3,,8
update,38429,38440,38443,3,,9
inbound,38430,38440,38443,3,,10
update,38440,38451,38454,3,,11
update,38451,38463,38465,2,,12
update,38462,38474,38478,4,,13
update,38473,38484,38487,3,,14
update,38484,38496,38499,3,,15
inbound,38485,38497,38500,3,,0
update,38495,38506,38509,3,,1
update,38506,38518,38521,3,,2
update,38517,38528,38531,3,,3
update,38528,38539,38542,3,,4
update,38539,38550,38553,3,,5
inbound,38540,38551,38554,3,,6
update,38550,38562,38564,2,,7
update,38561,38573,38576,3,,8
update,38572,38583,38586,3,,9
update,38583,38594,38597,3,,10
update,38594,38604,38608,4,,11
inbound,38595,38606,38608,2,,12
update,38605,38617,38621,4,,13
update,38616,38628,38631,3,,14
update,38627,38639,38641,2,,15
update,38638,38648,38651,3,,0
inbound,38650,38660,38663,3,,2
update,38649,38660,38664,4,,1
update,38660,38672,38674,2,,3
update,38671,38683,38685,2,,4
update,38682,38693,38696,3,,5
update,38693,38705,38708,3,,6
update,38704,38715,38718,3,,7
inbound,38705,38717,38720,3,,8
update,38715,38727,38729,2,,9
update,38726,38738,38741,3,,10
update,38737,38749,38751,2,,11
update,38748,38759,38761,2,,12
update,38759,38770,38774,4,,13
inbound,38760,38772,38775,3,,14
update,38770,38782,38785,3,,15
update,38781,38793,38796,3,,0
update,38792,38804,38807,3,,1
update,38803,38815,38818,3,,2
update,38814,38825,38829,4,,3
inbound,38815,38826,38829,3,,4
update,38825,38837,38840,3,,5
update,38836,38848,38851,3,,6
update,38847,38859,38861,2,,7
update,38858,38869,38871,2,,8
update,38869,38881,38883,2,,9
update,38880,38891,38894,3,,10
update,38891,38902,38905,3,,11
update,38902,38913,38916,3,,12
update,38913,38925,38928,3,,13
update,38924,38936,38939,3,,14
inbound,39000,39012,39015,3,,0
update,39000,39012,39015,3,,15
update,39011,39023,39026,3,,1
update,39022,39033,39036,3,,2
inbound,39025,39036,39039,3,,3
update,39033,39045,39048,3,,4
update,39044,39056,39059,3,,5
update,39055,39065,39068,3,,6
update,39066,39077,39080,3,,7
update,39077,39088,39091,3,,8
update,39088,39099,39102,3,,9
update,39099,39111,39114,3,,10
inbound,39100,39112,39115,3,,11
update,39110,39120,39123,3,,12
update,39121,39132,39135,3,,13
update,39132,39142,39145,3,,14
update,39143,39155,39158,3,,15
update,39154,39164,39168,4,,0
inbound,39155,39166,39169,3,,1
update,39165,39177,39180,3,,2
update,39176,39186,39189,3,,3
update,39187,39198,39200,2,,4
update,39198,39210,39213,3,,5
inbound,39200,39212,39216,4,,6
inbound,39210,39220,39224,4,,8
update,39209,39220,39224,4,,7
update,39220,39231,39234,3,,9
inbound,39225,39236,39239,3,,10
update,39231,39242,39244,2,,11
update,39242,39252,39255,3,,12
update,39253,39264,39267,3,,13
update,39264,39275,39279,4,,14
inbound,39265,39275,39279,4,,15
update,39275,39286,39290,4,,0
update,39286,39298,39301,3,,1
update,39297,39309,39312,3,,2
update,39308,39318,39321,3,,3
update,39319,39329,39333,4,,4
inbound,39320,39331,39335,4,,5
update,39330,39342,39345,3,,6
update,39341,39352,39356,4,,7
update,39352,39363,39366,3,,8
update,39363,39374,39378,4,,9
update,39374,39385,39388,3,,10
inbound,39375,39387,39390,3,,11
update,39385,39397,39401,4,,12
update,39396,39407,39410,3,,13
inbound,39400,39410,39413,3,,14
update,39407,39418,39422,4,,15
update,39418,39428,39432,4,,0
inbound,39425,39437,39440,3,,1
update,39429,39440,39443,3,,2
inbound,39430,39441,39445,4,,3
update,39440,39451,39455,4,,4
update,39451,39462,39465,3,,5
update,39462,39474,39478,4,,6
update,39473,39484,39487,3,,7
inbound,39485,39496,39500,4,,9
update,39484,39496,39500,4,,8
update,39495,39506,39509,3,,10
update,39506,39518,39521,3,,11
update,39517,39529,39533,4,,12
update,39528,39540,39543,3,,13
update,39539,39551,39555,4,,14
inbound,39540,39551,39556,5,,15
update,39550,39560,39563,3,,0
update,39561,39573,39575,2,,1
update,39572,39583,39586,3,,2
update,39583,39594,39597,3,,3
update,39594,39605,39608,3,,4
inbound,39595,39607,39610,3,,5
update,39605,39616,39619,3,,6
update,39616,39627,39630,3,,7
update,39627,39637,39641,4,,8
update,39638,39649,39652,3,,9
update,39649,39660,39663,3,,10
inbound,39650,39661,39664,3,,11
update,39660,39671,39674,3,,12
update,39671,39682,39685,3,,13
update,39682,39694,39696,2,,14
update,39693,39705,39707,2,,15
update,39704,39715,39717,2,,0
inbound,39705,39717,39720,3,,1
update,39715,39727,39730,3,,2
update,39726,39737,39740,3,,3
update,39737,39749,39752,3,,4
update,39748,39759,39762,3,,5
inbound,39760,39771,39773,2,,7
update,39759,39769,39773,4,,6
update,39770,39782,39786,4,,8
update,39781,39792,39795,3,,9
update,39792,39803,39806,3,,10
update,39803,39814,39817,3,,11
inbound,39815,39825,39828,3,,13
update,39814,39825,39829,4,,12
update,39825,39836,39840,4,,14
update,39836,39848,39852,4,,15
update,39847,39859,39864,5,,0
update,39858,39870,39873,3,,1
update,39869,39880,39883,3,,2
update,39880,39892,39895,3,,3
update,39891,39902,39905,3,,4
update,39902,39913,39916,3,,5
update,39913,39924,39927,3,,6
update,39924,39936,39939,3,,7
inbound,40000,40011,40014,3,,9
update,40000,40011,40015,4,,8
update,40011,40022,40025,3,,10
update,40022,40034,40038,4,,11
inbound,40025,40036,40039,3,,12
update,40033,40044,40047,3,,13
update,40044,40056,40059,3,,14
update,40055,40066,40069,3,,15
update,40066,40077,40080,3,,0
update,40077,40089,40092,3,,1
update,40088,40099,40102,3,,2
inbound,40100,40111,40114,3,,4
update,40099,40111,40115,4,,3
update,40110,40121,40124,3,,5
update,40121,40132,40135,3,,6
update,40132,40144,40147,3,,7
update,40143,40155,40159,4,,8
inbound,40155,40166,40170,4,,10
update,40154,40166,40170,4,,9
update,40165,40176,40179,3,,11
update,40176,40188,40191,3,,12
update,40187,40198,40202,4,,13
update,40198,40210,40214,4,,14
inbound,40200,40212,40215,3,,15
inbound,40210,40220,40227,7,,1
update,40209,40219,40228,9,,0
update,40220,40230,40233,3,,2
inbound,40225,40236,40239,3,,3
update,40231,40242,40244,2,,4
update,40242,40253,40256,3,,5
update,40253,40264,40267,3,,6
update,40264,40275,40277,2,,7
inbound,40265,40277,40281,4,,8
update,40275,40287,40289,2,,9
update,40286,40297,40300,3,,10
update,40297,40309,40312,3,,11
update,40308,40320,40323,3,,12
inbound,40320,40330,40334,4,,14
update,40319,40330,40334,4,,13
update,40330,40342,40345,3,,15
update,40341,40352,40355,3,,0
update,40352,40363,40366,3,,1
update,40363,40374,40377,3,,2
update,40374,40385,40389,4,,3
inbound,40375,40386,40390,4,,4
update,40385,40396,40399,3,,5
update,40396,40408,40411,3,,6
inbound,40400,40411,40414,3,,7
update,40407,40418,40421,3,,8
update,40418,40429,40432,3,,9
inbound,40425,40437,40439,2,,10
update,40429,40441,40445,4,,11
inbound,40430,40441,40445,4,,12
update,40440,40451,40453,2,,13
update,40451,40461,40464,3,,14
update,40462,40473,40477,4,,15
update,40473,40483,40489,6,,0
update,40484,40495,40499,4,,1
inbound,40485,40495,40501,6,,2
update,40495,40507,40509,2,,3
update,40506,40518,40521,3,,4
update,40517,40528,40532,4,,5
update,40528,40540,40543,3,,6
inbound,40540,40551,40556,5,,8
update,40539,40551,40559,8,,7
update,40550,40562,40568,6,,9
update,40561,40572,40578,6,,10
update,40572,40582,40586,4,,11
update,40583,40594,40598,4,,12
inbound,40595,40607,40615,8,,14
update,40594,40606,40615,9,,13
update,40605,40615,40621,6,,15
update,40616,40627,40631,4,,0
update,40627,40639,40642,3,,1
update,40638,40650,40654,4,,2
update,40649,40660,40664,4,,3
inbound,40650,40661,40665,4,,4
update,40660,40671,40676,5,,5
update,40671,40683,40687,4,,6
update,40682,40694,40697,3,,7
update,40693,40705,40707,2,,8
update,40704,40715,40719,4,,9
inbound,40705,40715,40719,4,,10
update,40715,40725,40729,4,,11
update,40726,40738,40741,3,,12
update,40737,40748,40751,3,,13
update,40748,40759,40762,3,,14
update,40759,40771,40774,3,,15
inbound,40760,40772,40775,3,,0
update,40770,40782,40787,5,,1
update,40781,40793,40795,2,,2
update,40792,40803,40806,3,,3
update,40803,40815,40818,3,,4
inbound,40815,40826,40829,3,,6
update,40814,40826,40831,5,,5
update,40825,40837,40840,3,,7
update,40836,40848,40851,3,,8
update,40847,40858,40862,4,,9
update,40858,40868,40872,4,,10
update,40869,40880,40883,3,,11
update,40880,40891,40894,3,,12
update,40891,40903,40905,2,,13
update,40902,40913,40916,3,,14
update,40913,40924,40927,3,,15
update,40924,40935,40938,3,,0
update,41000,41011,41014,3,,1
inbound,41000,41013,41017,4,,2
update,41011,41021,41024,3,,3
update,41022,41034,41037,3,,4
inbound,41025,41036,41040,4,,5
update,41033,41045,41048,3,,6
update,41044,41055,41059,4,,7
update,41055,41067,41070,3,,8
update,41066,41078,41080,2,,9
update,41077,41087,41090,3,,10
update,41088,41099,41104,5,,11
update,41099,41110,41113,3,,12
inbound,41100,41112,41115,3,,13
update,41110,41122,41125,3,,14
update,41121,41134,41138,4,,15
update,41132,41144,41147,3,,0
update,41143,41156,41159,3,,1
inbound,41155,41167,41170,3,,3
update,41154,41167,41170,3,,2
update,41165,41177,41179,2,,4
update,41176,41188,41191,3,,5
update,41187,41200,41202,2,,6
update,41198,41211,41215,4,,7
inbound,41200,41212,41216,4,,8
inbound,41210,41222,41225,3,,10
update,41209,41222,41226,4,,9
update,41220,41233,41236,3,,11
inbound,41225,41236,41239,3,,12
update,41231,41244,41247,3,,13
update,41242,41255,41258,3,,14
update,41253,41265,41268,3,,15
update,41264,41277,41281,4,,0
inbound,41265,41277,41281,4,,1
update,41275,41286,41289,3,,2
update,41286,41298,41302,4,,3
update,41297,41309,41313,4,,4
update,41308,41321,41324,3,,5
update,41319,41332,41335,3,,6
inbound,41320,41333,41337,4,,7
update,41330,41341,41344,3,,8
update,41341,41354,41358,4,,9
update,41352,41364,41367,3,,10
update,41363,41375,41378,3,,11
update,41374,41386,41389,3,,12
inbound,41375,41387,41391,4,,13
update,41385,41396,41399,3,,14
update,41396,41408,41411,3,,15
inbound,41400,41411,41415,4,,0
update,41407,41420,41423,3,,1
update,41418,41431,41433,2,,2
inbound,41425,41437,41440,3,,3
update,41429,41440,41444,4,,4
inbound,41430,41441,41445,4,,5
update,41440,41452,41454,2,,6
update,41451,41463,41466,3,,7
update,41462,41474,41478,4,,8
update,41473,41486,41490,4,,9
update,41484,41496,41506,10,,10
inbound,41485,41497,41506,9,,11
update,41495,41506,41510,4,,12
update,41506,41518,41523,5,,13
update,41517,41529,41532,3,,14
update,41528,41540,41543,3,,15
update,41539,41550,41554,4,,0
inbound,41540,41552,41555,3,,1
update,41550,41563,41566,3,,2
update,41561,41573,41576,3,,3
update,41572,41584,41587,3,,4
update,41583,41595,41598,3,,5
update,41594,41606,41609,3,,6
inbound,41595,41608,41612,4,,7
update,41605,41617,41621,4,,8
update,41616,41628,41631,3,,9
update,41627,41638,41641,3,,10
update,41638,41649,41652,3,,11
update,41649,41660,41664,4,,12
inbound,41650,41662,41665,3,,13
update,41660,41672,41675,3,,14
update,41671,41684,41686,2,,15
update,41682,41695,41698,3,,0
update,41693,41705,41708,3,,1
update,41704,41715,41720,5,,2
inbound,41705,41718,41720,2,,3
update,41715,41728,41731,3,,4
update,41726,41738,41741,3,,5
update,41737,41750,41752,2,,6
update,41748,41760,41763,3,,7
inbound,41760,41772,41775,3,,9
update,41759,41772,41775,3,,8
update,41770,41783,41787,4,,10
update,41781,41792,41796,4,,11
update,41792,41804,41807,3,,12
update,41803,41816,41819,3,,13
update,41814,41826,41830,4,,14
inbound,41815,41827,41830,3,,15
update,41825,41836,41839,3,,0
update,41836,41848,41851,3,,1
update,41847,41860,41863,3,,2
update,41858,41870,41873,3,,3
update,41869,41882,41885,3,,4
update,41880,41893,41896,3,,5
update,41891,41904,41909,5,,6
update,41902,41914,41917,3,,7
update,41913,41925,41927,2,,8
update,41924,41936,41939,3,,9
inbound,42000,42013,42016,3,,11
update,42000,42013,42017,4,,10
update,42011,42024,42027,3,,12
update,42022,42034,42037,3,,13
inbound,42025,42037,42040,3,,14
update,42033,42046,42050,4,,15
update,42044,42056,42060,4,,0
update,42055,42068,42072,4,,1
update,42066,42078,42082,4,,2
update,42077,42089,42092,3,,3
update,42088,42101,42103,2,,4
update,42099,42112,42115,3,,5
inbound,42100,42113,42116,3,,6
update,42110,42122,42124,2,,7
update,42121,42134,42137,3,,8
update,42132,42145,42148,3,,9
update,42143,42156,42159,3,,10
update,42154,42166,42169,3,,11
inbound,42155,42166,42170,4,,12
update,42165,42177,42180,3,,13
update,42176,42188,42191,3,,14
update,42187,42200,42203,3,,15
update,42198,42210,42214,4,,0
inbound,42200,42212,42215,3,,1
inbound,42210,42221,42224,3,,3
update,42209,42221,42225,4,,2
update,42220,42233,42235,2,,4
inbound,42225,42237,42240,3,,5
update,42231,42244,42246,2,,6
update,42242,42255,42257,2,,7
update,42253,42266,42269,3,,8
update,42264,42277,42282,5,,9
inbound,42265,42277,42282,5,,10
update,42275,42286,42289,3,,11
update,42286,42298,42301,3,,12
update,42297,42309,42312,3,,13
update,42308,42319,42323,4,,14
update,42319,42331,42335,4,,15
inbound,42320,42332,42336,4,,0
update,42330,42342,42345,3,,1
update,42341,42353,42356,3,,2
update,42352,42364,42368,4,,3
update,42363,42375,42378,3,,4
update,42374,42387,42394,7,,5
inbound,42375,42387,42394,7,,6
update,42385,42397,42401,4,,7
update,42396,42408,42411,3,,8
inbound,42400,42411,42414,3,,9
update,42407,42420,42424,4,,10
update,42418,42430,42433,3,,11
inbound,42425,42437,42440,3,,12
update,42429,42440,42444,4,,13
inbound,42430,42442,42445,3,,14
update,42440,42453,42456,3,,15
update,42451,42463,42466,3,,0
update,42462,42475,42477,2,,1
update,42473,42486,42514,28,,2
inbound,42485,42497,42514,17,,4
update,42495,42506,42514,8,,5
update,42484,42497,42514,17,,3
update,42506,42517,42521,4,,6
update,42517,42530,42533,3,,7
update,42528,42540,42543,3,,8
update,42539,42550,42554,4,,9
inbound,42540,42553,42556,3,,10
update,42550,42562,42564,2,,11
update,42561,42574,42577,3,,12
update,42572,42585,42588,3,,13
update,42583,42596,42599,3,,14
inbound,42595,42607,42610,3,,0
update,42594,42607,42610,3,,15
update,42605,42616,42619,3,,1
update,42616,42629,42631,2,,2
update,42627,42639,42642,3,,3
update,42638,42651,42653,2,,4
inbound,42650,42662,42665,3,,6
update,42649,42662,42666,4,,5
update,42660,42672,42674,2,,7
update,42671,42684,42686,2,,8
update,42682,42695,42698,3,,9
update,42693,42705,42708,3,,10
update,42704,42716,42719,3,,11
inbound,42705,42718,42721,3,,12
update,42715,42727,42730,3,,13
update,42726,42738,42741,3,,14
update,42737,42750,42753,3,,15
update,42748,42761,42763,2,,0
inbound,42760,42772,42774,2,,2
update,42759,42772,42775,3,,1
update,42770,42783,42785,2,,3
update,42781,42793,42796,3,,4
update,42792,42804,42807,3,,5
update,42803,42815,42818,3,,6
inbound,42815,42827,42830,3,,8
update,42814,42827,42831,4,,7
update,42825,42838,42841,3,,9
update,42836,42848,42851,3,,10
update,42847,42859,42862,3,,11
update,42858,42870,42873,3,,12
update,42869,42881,42884,3,,13
update,42880,42892,42896,4,,14
update,42891,42903,42906,3,,15
update,42902,42915,42918,3,,0
update,42913,42926,42929,3,,1
update,42924,42936,42939,3,,2
update,43000,43011,43015,4,,3
inbound,43000,43011,43015,4,,4
update,43011,43023,43026,3,,5
update,43022,43034,43037,3,,6
inbound,43025,43037,43040,3,,7
update,43033,43045,43048,3,,8
update,43044,43057,43060,3,,9
update,43055,43067,43069,2,,10
update,43066,43079,43082,3,,11
update,43077,43089,43092,3,,12
update,43088,43100,43103,3,,13
update,43099,43111,43114,3,,14
inbound,43100,43113,43116,3,,15
update,43110,43123,43126,3,,0
update,43121,43134,43137,3,,1
update,43132,43144,43147,3,,2
update,43143,43156,43158,2,,3
inbound,43155,43167,43171,4,,5
update,43154,43167,43171,4,,4
update,43165,43177,43180,3,,6
update,43176,43188,43190,2,,7
update,43187,43199,43202,3,,8
update,43198,43210,43214,4,,9
inbound,43200,43212,43215,3,,10
update,43209,43222,43226,4,,11
inbound,43210,43223,43226,3,,12
update,43220,43231,43235,4,,13
inbound,43225,43238,43241,3,,14
update,43231,43243,43246,3,,15
update,43242,43254,43257,3,,0
update,43253,43266,43268,2,,1
update,43264,43277,43281,4,,2
inbound,43265,43277,43281,4,,3
update,43275,43286,43290,4,,4
update,43286,43299,43302,3,,5
update,43297,43310,43314,4,,6
update,43308,43320,43324,4,,7
update,43319,43331,43334,3,,8
inbound,43320,43332,43335,3,,9
update,43330,43342,43345,3,,10
update,43341,43353,43357,4,,11
update,43352,43364,43367,3,,12
update,43363,43376,43379,3,,13
update,43374,43386,43389,3,,14
inbound,43375,43388,43391,3,,15
update,43385,43398,43401,3,,0
update,43396,43408,43411,3,,1
inbound,43400,43412,43415,3,,2
update,43407,43419,43422,3,,3
update,43418,43430,43433,3,,4
inbound,43425,43437,43440,3,,5
inbound,43430,43442,43445,3,,7
update,43429,43442,43445,3,,6
update,43440,43452,43454,2,,8
update,43451,43464,43467,3,,9
update,43462,43474,43477,3,,10
update,43473,43485,43487,2,,11
inbound,43485,43496,43503,7,,13
update,43484,43496,43503,7,,12
update,43495,43506,43510,4,,14
update,43506,43518,43522,4,,15
update,43517,43528,43531,3,,0
update,43528,43540,43543,3,,1
update,43539,43551,43554,3,,2
inbound,43540,43551,43555,4,,3
update,43550,43562,43564,2,,4
update,43561,43572,43575,3,,5
update,43572,43584,43587,3,,6
update,43583,43595,43598,3,,7
update,43594,43606,43609,3,,8
inbound,43595,43607,43611,4,,9
update,43605,43616,43619,3,,10
update,43616,43627,43630,3,,11
update,43627,43640,43642,2,,12
update,43638,43650,43653,3,,13
update,43649,43661,43665,4,,14
inbound,43650,43662,43666,4,,15
update,43660,43673,43676,3,,0
update,43671,43684,43687,3,,1
update,43682,43695,43698,3,,2
update,43693,43705,43707,2,,3
update,43704,43716,43719,3,,4
inbound,43705,43717,43721,4,,5
update,43715,43726,43729,3,,6
update,43726,43737,43740,3,,7
update,43737,43748,43751,3,,8
update,43748,43760,43762,2,,9
inbound,43760,43771,43774,3,,11
update,43759,43771,43774,3,,10
update,43770,43783,43785,2,,12
update,43781,43793,43796,3,,13
update,43792,43804,43811,7,,14
update,43803,43815,43818,3,,15
inbound,43815,43827,43829,2,,1
update,43814,43825,43829,4,,0
update,43825,43837,43840,3,,2
update,43836,43848,43850,2,,3
update,43847,43859,43862,3,,4
update,43858,43871,43874,3,,5
update,43869,43881,43884,3,,6
update,43880,43892,43896,4,,7
update,43891,43903,43906,3,,8
update,43902,43914,43919,5,,9
update,43913,43925,43928,3,,10
update,43924,43936,43938,2,,11
inbound,44000,44013,44016,3,,13
update,44000,44013,44017,4,,12
update,44011,44023,44027,4,,14
update,44022,44034,44036,2,,15
inbound,44025,44036,44040,4,,0
update,44033,44045,44049,4,,1
update,44044,44056,44059,3,,2
update,44055,44068,44071,3,,3
update,44066,44079,44082,3,,4
update,44077,44089,44091,2,,5
update,44088,44100,44103,3,,6
update,44099,44111,44115,4,,7
inbound,44100,44112,44115,3,,8
update,44110,44121,44124,3,,9
update,44121,44132,44136,4,,10
update,44132,44144,44146,2,,11
update,44143,44155,44157,2,,12
update,44154,44165,44169,4,,13
inbound,44155,44166,44170,4,,14
update,44165,44178,44181,3,,15
update,44176,44188,44190,2,,0
update,44187,44199,44202,3,,1
update,44198,44210,44214,4,,2
inbound,44200,44212,44215,3,,3
update,44209,44221,44224,3,,4
inbound,44210,44222,44225,3,,5
update,44220,44232,44235,3,,6
inbound,44225,44237,44240,3,,7
update,44231,44243,44247,4,,8
update,44242,44253,44257,4,,9
update,44253,44266,44269,3,,10
update,44264,44276,44279,3,,11
inbound,44265,44277,44281,4,,12
update,44275,44287,44290,3,,13
update,44286,44298,44301,3,,14
update,44297,44310,44313,3,,15
update,44308,44319,44322,3,,0
update,44319,44331,44335,4,,1
inbound,44320,44332,44335,3,,2
update,44330,44342,44344,2,,3
update,44341,44354,44357,3,,4
update,44352,44364,44367,3,,5
update,44363,44375,44379,4,,6
update,44374,44386,44389,3,,7
inbound,44375,44387,44391,4,,8
update,44385,44397,44401,4,,9
update,44396,44408,44412,4,,10
inbound,44400,44411,44414,3,,11
update,44407,44419,44422,3,,12
update,44418,44430,44433,3,,13
inbound,44425,44436,44439,3,,14
update,44429,44440,44444,4,,15
inbound,44430,44442,44445,3,,0
update,44440,44452,44455,3,,1
update,44451,44463,44466,3,,2
update,44462,44474,44476,2,,3
update,44473,44485,44488,3,,4
update,44484,44496,44501,5,,5
inbound,44485,44497,44501,4,,6
update,44495,44508,44513,5,,7
update,44506,44518,44522,4,,8
update,44517,44529,44532,3,,9
update,44528,44540,44542,2,,10
inbound,44540,44552,44555,3,,12
update,44539,44551,44556,5,,11
update,44550,44562,44565,3,,13
update,44561,44573,44577,4,,14
update,44572,44584,44587,3,,15
update,44583,44594,44597,3,,0
update,44594,44606,44610,4,,1
inbound,44595,44607,44611,4,,2
update,44605,44617,44620,3,,3
update,44616,44628,44631,3,,4
update,44627,44640,44643,3,,5
update,44638,44650,44653,3,,6
update,44649,44660,44664,4,,7
inbound,44650,44662,44665,3,,8
update,44660,44672,44675,3,,9
update,44671,44683,44686,3,,10
update,44682,44694,44697,3,,11
update,44693,44705,44708,3,,12
update,44704,44716,44720,4,,13
inbound,44705,44717,44722,5,,14
update,44715,44727,44730,3,,15
update,44726,44738,44740,2,,0
update,44737,44749,44753,4,,1
update,44748,44761,44765,4,,2
inbound,44760,44772,44775,3,,4
update,44759,44772,44777,5,,3
update,44770,44782,44788,6,,5
update,44781,44794,44800,6,,6
update,44792,44804,44809,5,,7
update,44803,44814,44818,4,,8
update,44814,44826,44829,3,,9
inbound,44815,44827,44834,7,,10
update,44825,44837,44841,4,,11
update,44836,44847,44851,4,,12
update,44847,44858,44867,9,,13
update,44858,44870,44876,6,,14
update,44869,44881,44885,4,,15
update,44880,44892,44896,4,,0
update,44891,44903,44906,3,,1
update,44902,44913,44916,3,,2
update,44913,44925,44927,2,,3
update,44924,44936,44939,3,,4
inbound,45000,45012,45017,5,,6
update,45000,45012,45017,5,,5
update,45011,45023,45026,3,,7
update,45022,45034,45038,4,,8
inbound,45025,45036,45039,3,,9
update,45033,45045,45048,3,,10
update,45044,45055,45058,3,,11
update,45055,45067,45070,3,,12
update,45066,45078,45081,3,,13
update,45077,45088,45091,3,,14
update,45088,45101,45103,2,,15
inbound,45100,45112,45115,3,,1
update,45099,45112,45115,3,,0
update,45110,45121,45126,5,,2
update,45121,45132,45135,3,,3
update,45132,45144,45147,3,,4
update,45143,45155,45158,3,,5
update,45154,45166,45169,3,,6
inbound,45155,45167,45170,3,,7
update,45165,45176,45180,4,,8
update,45176,45188,45193,5,,9
update,45187,45200,45204,4,,10
update,45198,45209,45214,5,,11
inbound,45200,45213,45218,5,,12
update,45209,45221,45225,4,,13
inbound,45210,45222,45226,4,,14
update,45220,45232,45235,3,,15
inbound,45225,45236,45239,3,,0
update,45231,45243,45246,3,,1
update,45242,45254,45256,2,,2
update,45253,45265,45268,3,,3
update,45264,45276,45279,3,,4
inbound,45265,45276,45280,4,,5
update,45275,45287,45290,3,,6
update,45286,45298,45301,3,,7
update,45297,45309,45312,3,,8
update,45308,45320,45323,3,,9
update,45319,45331,45334,3,,10
inbound,45320,45332,45335,3,,11
update,45330,45342,45345,3,,12
update,45341,45353,45356,3,,13
update,45352,45364,45367,3,,14
update,45363,45375,45379,4,,15
update,45374,45386,45389,3,,0
inbound,45375,45387,45392,5,,1
update,45385,45397,45400,3,,2
update,45396,45407,45411,4,,3
inbound,45400,45412,45415,3,,4
update,45407,45419,45422,3,,5
update,45418,45430,45433,3,,6
inbound,45425,45437,45440,3,,7
update,45429,45440,45443,3,,8
inbound,45430,45441,45445,4,,9
update,45440,45453,45456,3,,10
update,45451,45463,45466,3,,11
update,45462,45475,45478,3,,12
update,45473,45485,45488,3,,13
inbound,45485,45497,45505,8,,15
update,45484,45495,45505,10,,14
update,45495,45507,45511,4,,0
update,45506,45518,45523,5,,1
update,45517,45528,45532,4,,2
update,45528,45540,45543,3,,3
update,45539,45551,45554,3,,4
inbound,45540,45553,45556,3,,5
update,45550,45562,45564,2,,6
update,45561,45573,45576,3,,7
update,45572,45584,45587,3,,8
update,45583,45596,45599,3,,9
update,45594,45605,45609,4,,10
inbound,45595,45606,45610,4,,11
update,45605,45616,45619,3,,12
update,45616,45628,45631,3,,13
update,45627,45640,45643,3,,14
update,45638,45650,45653,3,,15
update,45649,45660,45663,3,,0
inbound,45650,45662,45664,2,,1
update,45660,45672,45675,3,,2
update,45671,45683,45686,3,,3
update,45682,45694,45697,3,,4
update,45693,45706,45708,2,,5
inbound,45705,45716,45719,3,,7
update,45704,45716,45720,4,,6
update,45715,45727,45730,3,,8
update,45726,45737,45741,4,,9
update,45737,45749,45752,3,,10
update,45748,45760,45762,2,,11
update,45759,45771,45774,3,,12
inbound,45760,45773,45775,2,,13
update,45770,45782,45785,3,,14
update,45781,45793,45795,2,,15
update,45792,45804,45808,4,,0
update,45803,45815,45819,4,,1
inbound,45815,45828,45831,3,,3
update,45814,45826,45833,7,,2
update,45825,45836,45839,3,,4
update,45836,45848,45853,5,,5
update,45847,45859,45864,5,,6
update,45858,45870,45874,4,,7
update,45869,45882,45886,4,,8
update,45880,45892,45896,4,,9
update,45891,45902,45906,4,,10
update,45902,45915,45920,5,,11
update,45913,45925,45930,5,,12
update,45924,45936,45940,4,,13
update,46000,46013,46016,3,,14
inbound,46000,46013,46016,3,,15
update,46011,46022,46025,3,,0
update,46022,46034,46038,4,,1
inbound,46025,46037,46039,2,,2
update,46033,46045,46048,3,,3
update,46044,46057,46060,3,,4
update,46055,46066,46069,3,,5
update,46066,46078,46081,3,,6
update,46077,46089,46092,3,,7
update,46088,46100,46103,3,,8
update,46099,46111,46114,3,,9
inbound,46100,46112,46115,3,,10
update,46110,46122,46125,3,,11
update,46121,46133,46136,3,,12
update,46132,46144,46147,3,,13
update,46143,46155,46158,3,,14
update,46154,46165,46169,4,,15
inbound,46155,46167,46169,2,,0
update,46165,46177,46179,2,,1
update,46176,46188,46191,3,,2
update,46187,46200,46203,3,,3
update,46198,46209,46212,3,,4
inbound,46200,46211,46214,3,,5
update,46209,46220,46225,5,,6
inbound,46210,46222,46225,3,,7
update,46220,46233,46235,2,,8
inbound,46225,46237,46239,2,,9
update,46231,46242,46245,3,,10
update,46242,46254,46257,3,,11
update,46253,46264,46267,3,,12
update,46264,46276,46280,4,,13
inbound,46265,46276,46280,4,,14
update,46275,46288,46291,3,,15
update,46286,46298,46301,3,,0
update,46297,46309,46312,3,,1
update,46308,46320,46323,3,,2
update,46319,46331,46334,3,,3
inbound,46320,46332,46336,4,,4
update,46330,46342,46345,3,,5
update,46341,46354,46357,3,,6
update,46352,46364,46367,3,,7
update,46363,46374,46377,3,,8
update,46374,46387,46390,3,,9
inbound,46375,46388,46391,3,,10
update,46385,46398,46400,2,,11
update,46396,46408,46411,3,,12
inbound,46400,46413,46415,2,,13
update,46407,46418,46421,3,,14
update,46418,46430,46433,3,,15
inbound,46425,46437,46439,2,,0
update,46429,46440,46444,4,,1
inbound,46430,46442,46446,4,,2
update,46440,46451,46454,3,,3
update,46451,46464,46467,3,,4
update,46462,46474,46477,3,,5
update,46473,46485,46488,3,,6
update,46484,46497,46500,3,,7
inbound,46485,46497,46500,3,,8
update,46495,46506,46509,3,,9
update,46506,46518,46522,4,,10
update,46517,46529,46532,3,,11
update,46528,46539,46543,4,,12
update,46539,46551,46554,3,,13
inbound,46540,46552,46558,6,,14
update,46550,46562,46565,3,,15
update,46561,46574,46577,3,,0
update,46572,46584,46587,3,,1
update,46583,46595,46598,3,,2
update,46594,46606,46610,4,,3
inbound,46595,46607,46610,3,,4
update,46605,46617,46620,3,,5
update,46616,46627,46630,3,,6
update,46627,46640,46643,3,,7
update,46638,46651,46654,3,,8
update,46649,46660,46664,4,,9
inbound,46650,46662,46664,2,,10
update,46660,46671,46674,3,,11
update,46671,46683,46686,3,,12
update,46682,46694,46696,2,,13
update,46693,46705,46707,2,,14
update,46704,46716,46719,3,,15
inbound,46705,46718,46721,3,,0
update,46715,46727,46730,3,,1
update,46726,46738,46741,3,,2
update,46737,46749,46752,3,,3
update,46748,46759,46762,3,,4
inbound,46760,46772,46774,2,,6
update,46759,46770,46774,4,,5
update,46770,46782,46785,3,,7
update,46781,46793,46796,3,,8
update,46792,46803,46806,3,,9
update,46803,46816,46819,3,,10
inbound,46815,46828,46830,2,,12
update,46814,46827,46830,3,,11
update,46825,46838,46840,2,,13
update,46836,46848,46851,3,,14
update,46847,46859,46863,4,,15
update,46858,46870,46873,3,,0
update,46869,46880,46883,3,,1
update,46880,46892,46895,3,,2
update,46891,46903,46907,4,,3
update,46902,46915,46918,3,,4
update,46913,46925,46929,4,,5
update,46924,46936,46939,3,,6
update,47000,47011,47015,4,,7
inbound,47000,47011,47015,4,,8
update,47011,47023,47026,3,,9
update,47022,47034,47037,3,,10
inbound,47025,47037,47040,3,,11
update,47033,47045,47048,3,,12
update,47044,47056,47060,4,,13
update,47055,47067,47070,3,,14
update,47066,47078,47082,4,,15
update,47077,47089,47092,3,,0
update,47088,47099,47102,3,,1
update,47099,47111,47116,5,,2
inbound,47100,47112,47116,4,,3
update,47110,47121,47125,4,,4
update,47121,47133,47136,3,,5
update,47132,47144,47147,3,,6
update,47143,47155,47159,4,,7
update,47154,47166,47170,4,,8
inbound,47155,47166,47170,4,,9
update,47165,47176,47179,3,,10
update,47176,47188,47192,4,,11
update,47187,47199,47202,3,,12
update,47198,47210,47213,3,,13
inbound,47200,47212,47217,5,,14
update,47209,47221,47225,4,,15
inbound,47210,47222,47226,4,,0
update,47220,47231,47234,3,,1
inbound,47225,47237,47240,3,,2
update,47231,47243,47247,4,,3
update,47242,47254,47257,3,,4
update,47253,47265,47268,3,,5
update,47264,47276,47279,3,,6
inbound,47265,47277,47281,4,,7
update,47275,47286,47289,3,,8
update,47286,47298,47302,4,,9
update,47297,47309,47312,3,,10
update,47308,47319,47322,3,,11
update,47319,47331,47334,3,,12
inbound,47320,47332,47336,4,,13
update,47330,47342,47345,3,,14
update,47341,47353,47356,3,,15
update,47352,47364,47366,2,,0
update,47363,47375,47378,3,,1
update,47374,47386,47390,4,,2
inbound,47375,47387,47391,4,,3
update,47385,47398,47401,3,,4
update,47396,47408,47411,3,,5
inbound,47400,47412,47415,3,,6
update,47407,47419,47422,3,,7
update,47418,47431,47434,3,,8
inbound,47425,47437,47442,5,,9
update,47429,47440,47445,5,,10
inbound,47430,47442,47445,3,,11
update,47440,47452,47455,3,,12
update,47451,47463,47466,3,,13
update,47462,47473,47476,3,,14
update,47473,47484,47488,4,,15
update,47484,47495,47498,3,,0
inbound,47485,47497,47501,4,,1
update,47495,47506,47510,4,,2
update,47506,47518,47522,4,,3
update,47517,47528,47532,4,,4
update,47528,47540,47545,5,,5
update,47539,47550,47554,4,,6
inbound,47540,47553,47556,3,,7
update,47550,47562,47565,3,,8
update,47561,47573,47576,3,,9
update,47572,47584,47587,3,,10
update,47583,47594,47597,3,,11
update,47594,47606,47609,3,,12
inbound,47595,47607,47611,4,,13
update,47605,47617,47620,3,,14
update,47616,47628,47631,3,,15
update,47627,47638,47641,3,,0
update,47638,47649,47655,6,,1
update,47649,47661,47665,4,,2
inbound,47650,47661,47666,5,,3
update,47660,47672,47674,2,,4
update,47671,47683,47686,3,,5
update,47682,47695,47698,3,,6
update,47693,47705,47708,3,,7
update,47704,47716,47719,3,,8
inbound,47705,47716,47720,4,,9
update,47715,47727,47730,3,,10
update,47726,47738,47741,3,,11
update,47737,47749,47752,3,,12
update,47748,47759,47762,3,,13
update,47759,47771,47774,3,,14
inbound,47760,47773,47775,2,,15
update,47770,47782,47785,3,,0
update,47781,47793,47795,2,,1
update,47792,47804,47807,3,,2
update,47803,47814,47818,4,,3
inbound,47815,47827,47829,2,,5
update,47814,47827,47831,4,,4
update,47825,47837,47841,4,,6
update,47836,47848,47851,3,,7
update,47847,47859,47862,3,,8
update,47858,47870,47875,5,,9
update,47869,47881,47884,3,,10
update,47880,47892,47895,3,,11
update,47891,47903,47906,3,,12
update,47902,47913,47916,3,,13
update,47913,47925,47928,3,,14
update,47924,47935,47938,3,,15
update,48000,48013,48016,3,,0
inbound,48000,48013,48017,4,,1
update,48011,48024,48027,3,,2
update,48022,48034,48037,3,,3
inbound,48025,48037,48040,3,,4
update,48033,48046,48049,3,,5
update,48044,48057,48060,3,,6
update,48055,48067,48070,3,,7
update,48066,48079,48082,3,,8
update,48077,48090,48095,5,,9
update,48088,48101,48104,3,,10
update,48099,48112,48115,3,,11
inbound,48100,48113,48116,3,,12
update,48110,48123,48126,3,,13
update,48121,48134,48137,3,,14
update,48132,48144,48148,4,,15
update,48143,48156,48162,6,,0
update,48154,48166,48170,4,,1
inbound,48155,48168,48171,3,,2
update,48165,48178,48181,3,,3
update,48176,48189,48193,4,,4
update,48187,48201,48205,4,,5
update,48198,48211,48214,3,,6
inbound,48200,48213,48216,3,,7
update,48209,48222,48225,3,,8
inbound,48210,48223,48226,3,,9
update,48220,48233,48236,3,,10
inbound,48225,48238,48241,3,,11
update,48231,48244,48247,3,,12
update,48242,48255,48258,3,,13
update,48253,48265,48268,3,,14
update,48264,48276,48280,4,,15
inbound,48265,48278,48281,3,,0
update,48275,48287,48290,3,,1
update,48286,48299,48302,3,,2
update,48297,48310,48313,3,,3
update,48308,48321,48324,3,,4
update,48319,48332,48335,3,,5
inbound,48320,48332,48338,6,,6
update,48330,48342,48346,4,,7
update,48341,48353,48356,3,,8
update,48352,48365,48367,2,,9
update,48363,48376,48379,3,,10
update,48374,48387,48390,3,,11
inbound,48375,48388,48392,4,,12
update,48385,48399,48402,3,,13
update,48396,48409,48412,3,,14
inbound,48400,48412,48415,3,,15
update,48407,48420,48425,5,,0
update,48418,48431,48434,3,,1
inbound,48425,48439,48442,3,,2
update,48429,48442,48446,4,,3
inbound,48430,48442,48447,5,,4
update,48440,48453,48456,3,,5
update,48451,48464,48467,3,,6
update,48462,48475,48478,3,,7
update,48473,48486,48490,4,,8
inbound,48485,48498,48503,5,,10
update,48484,48498,48503,5,,9
update,48495,48508,48511,3,,11
update,48506,48519,48522,3,,12
update,48517,48530,48536,6,,13
update,48528,48541,48545,4,,14
update,48539,48553,48556,3,,15
inbound,48540,48553,48556,3,,0
update,48550,48563,48566,3,,1
update,48561,48574,48577,3,,2
update,48572,48584,48588,4,,3
update,48583,48595,48598,3,,4
inbound,48595,48608,48611,3,,6
update,48594,48608,48612,4,,5
update,48605,48618,48621,3,,7
update,48616,48628,48631,3,,8
update,48627,48640,48644,4,,9
update,48638,48651,48654,3,,10
update,48649,48662,48666,4,,11
inbound,48650,48663,48667,4,,12
update,48660,48673,48676,3,,13
update,48671,48684,48687,3,,14
update,48682,48695,48699,4,,15
update,48693,48706,48709,3,,0
update,48704,48717,48721,4,,1
inbound,48705,48718,48722,4,,2
update,48715,48727,48730,3,,3
update,48726,48739,48742,3,,4
update,48737,48750,48753,3,,5
update,48748,48761,48764,3,,6
inbound,48760,48773,48776,3,,8
update,48759,48772,48776,4,,7
update,48770,48783,48786,3,,9
update,48781,48793,48796,3,,10
update,48792,48805,48808,3,,11
update,48803,48816,48820,4,,12
inbound,48815,48827,48830,3,,14
update,48814,48827,48832,5,,13
update,48825,48837,48840,3,,15
update,48836,48848,48852,4,,0
update,48847,48860,48863,3,,1
update,48858,48872,48875,3,,2
update,48869,48882,48885,3,,3
update,48880,48893,48897,4,,4
update,48891,48904,48907,3,,5
update,48902,48915,48918,3,,6
update,48913,48925,48929,4,,7
update,48924,48937,48940,3,,8
inbound,49000,49013,49016,3,,10
update,49000,49013,49017,4,,9
update,49011,49024,49027,3,,11
update,49022,49035,49038,3,,12
inbound,49025,49038,49041,3,,13
update,49033,49046,49049,3,,14
update,49044,49057,49060,3,,15
update,49055,49067,49070,3,,0
update,49066,49078,49082,4,,1
update,49077,49090,49093,3,,2
update,49088,49101,49104,3,,3
update,49099,49111,49115,4,,4
inbound,49100,49112,49117,5,,5
update,49110,49123,49126,3,,6
update,49121,49134,49137,3,,7
update,49132,49146,49149,3,,8
update,49143,49156,49159,3,,9
update,49154,49167,49170,3,,10
inbound,49155,49168,49172,4,,11
update,49165,49178,49181,3,,12
update,49176,49188,49191,3,,13
update,49187,49200,49203,3,,14
update,49198,49211,49214,3,,15
inbound,49200,49213,49217,4,,0
update,49209,49221,49226,5,,1
inbound,49210,49224,49228,4,,2
update,49220,49233,49236,3,,3
inbound,49225,49238,49241,3,,4
update,49231,49244,49247,3,,5
update,49242,49255,49258,3,,6
update,49253,49267,49270,3,,7
update,49264,49277,49280,3,,8
inbound,49265,49278,49281,3,,9
update,49275,49288,49291,3,,10
update,49286,49299,49302,3,,11
update,49297,49310,49313,3,,12
update,49308,49321,49324,3,,13
update,49319,49332,49336,4,,14
inbound,49320,49332,49336,4,,15
update,49330,49343,49345,2,,0
update,49341,49354,49357,3,,1
update,49352,49364,49368,4,,2
update,49363,49376,49378,2,,3
inbound,49375,49387,49391,4,,5
update,49374,49387,49391,4,,4
update,49385,49397,49401,4,,6
update,49396,49409,49415,6,,7
inbound,49400,49413,49417,4,,8
update,49407,49420,49423,3,,9
update,49418,49431,49434,3,,10
inbound,49425,49437,49441,4,,11
update,49429,49442,49446,4,,12
inbound,49430,49443,49447,4,,13
update,49440,49452,49455,3,,14
update,49451,49464,49467,3,,15
update,49462,49475,49478,3,,0
update,49473,49485,49489,4,,1
update,49484,49496,49500,4,,2
inbound,49485,49498,49501,3,,3
update,49495,49508,49511,3,,4
update,49506,49519,49526,7,,5
update,49517,49530,49534,4,,6
update,49528,49541,49545,4,,7
update,49539,49552,49557,5,,8
inbound,49540,49553,49558,5,,9
update,49550,49563,49566,3,,10
update,49561,49573,49576,3,,11
update,49572,49585,49588,3,,12
update,49583,49595,49599,4,,13
update,49594,49607,49611,4,,14
inbound,49595,49608,49613,5,,15
update,49605,49618,49621,3,,0
update,49616,49629,49634,5,,1
update,49627,49640,49644,4,,2
update,49638,49650,49653,3,,3
update,49649,49662,49666,4,,4
inbound,49650,49662,49666,4,,5
update,49660,49673,49677,4,,6
update,49671,49684,49687,3,,7
update,49682,49695,49698,3,,8
update,49693,49706,49709,3,,9
update,49704,49717,49721,4,,10
inbound,49705,49717,49722,5,,11
update,49715,49728,49730,2,,12
update,49726,49739,49742,3,,13
update,49737,49750,49753,3,,14
update,49748,49760,49764,4,,15
update,49759,49772,49775,3,,0
inbound,49760,49773,49775,2,,1
update,49770,49783,49786,3,,2
update,49781,49794,49797,3,,3
update,49792,49805,49809,4,,4
update,49803,49816,49819,3,,5
update,49814,49827,49832,5,,6
inbound,49815,49828,49832,4,,7
update,49825,49838,49842,4,,8
update,49836,49849,49852,3,,9
update,49847,49860,49864,4,,10
update,49858,49871,49875,4,,11
update,49869,49883,49886,3,,12
update,49880,49893,49896,3,,13
update,49891,49904,49907,3,,14
update,49902,49915,49918,3,,15
update,49913,49926,49930,4,,0
update,49924,49937,49939,2,,1
inbound,50000,50013,50017,4,,3
update,50000,50013,50017,4,,2
update,50011,50025,50028,3,,4
update,50022,50034,50037,3,,5
inbound,50025,50037,50040,3,,6
update,50033,50046,50049,3,,7
update,50044,50058,50061,3,,8
update,50055,50069,50072,3,,9
update,50066,50079,50082,3,,10
update,50077,50090,50093,3,,11
update,50088,50102,50105,3,,12
inbound,50100,50112,50115,3,,14
update,50099,50112,50115,3,,13
update,50110,50123,50126,3,,15
update,50121,50134,50137,3,,0
update,50132,50145,50148,3,,1
update,50143,50156,50159,3,,2
update,50154,50167,50170,3,,3
inbound,50155,50168,50171,3,,4
update,50165,50178,50180,2,,5
update,50176,50190,50193,3,,6
update,50187,50200,50203,3,,7
update,50198,50211,50214,3,,8
inbound,50200,50213,50216,3,,9
update,50209,50223,50226,3,,10
inbound,50210,50223,50226,3,,11
update,50220,50233,50236,3,,12
inbound,50225,50238,50241,3,,13
update,50231,50244,50247,3,,14
update,50242,50255,50258,3,,15
update,50253,50266,50269,3,,0
update,50264,50277,50280,3,,1
inbound,50265,50278,50281,3,,2
update,50275,50288,50291,3,,3
update,50286,50298,50301,3,,4
update,50297,50309,50313,4,,5
update,50308,50322,50325,3,,6
update,50319,50331,50335,4,,7
inbound,50320,50333,50336,3,,8
update,50330,50343,50346,3,,9
update,50341,50354,50357,3,,10
update,50352,50364,50368,4,,11
update,50363,50376,50379,3,,12
update,50374,50387,50390,3,,13
inbound,50375,50387,50391,4,,14
update,50385,50398,50401,3,,15
update,50396,50409,50412,3,,0
inbound,50400,50413,50416,3,,1
update,50407,50419,50422,3,,2
update,50418,50431,50434,3,,3
inbound,50425,50437,50440,3,,4
update,50429,50441,50445,4,,5
inbound,50430,50443,50446,3,,6
update,50440,50454,50457,3,,7
update,50451,50464,50467,3,,8
update,50462,50475,50478,3,,9
update,50473,50486,50489,3,,10
inbound,50485,50498,50501,3,,12
update,50484,50498,50501,3,,11
update,50495,50508,50511,3,,13
update,50506,50520,50523,3,,14
update,50517,50530,50533,3,,15
update,50528,50540,50545,5,,0
update,50539,50551,50555,4,,1
inbound,50540,50552,50555,3,,2
update,50550,50564,50567,3,,3
update,50561,50574,50577,3,,4
update,50572,50585,50588,3,,5
update,50583,50597,50600,3,,6
update,50594,50608,50611,3,,7
inbound,50595,50609,50612,3,,8
update,50605,50618,50620,2,,9
update,50616,50629,50634,5,,10
update,50627,50640,50643,3,,11
update,50638,50651,50654,3,,12
update,50649,50661,50667,6,,13
inbound,50650,50663,50667,4,,14
update,50660,50674,50677,3,,15
update,50671,50683,50687,4,,0
update,50682,50696,50701,5,,1
update,50693,50707,50711,4,,2
update,50704,50716,50721,5,,3
inbound,50705,50718,50722,4,,4
update,50715,50728,50731,3,,5
update,50726,50739,50743,4,,6
update,50737,50749,50752,3,,7
update,50748,50761,50764,3,,8
inbound,50760,50773,50776,3,,10
update,50759,50772,50776,4,,9
update,50770,50783,50786,3,,11
update,50781,50794,50797,3,,12
update,50792,50804,50808,4,,13
update,50803,50817,50820,3,,14
inbound,50815,50827,50830,3,,0
update,50814,50827,50831,4,,15
update,50825,50838,50842,4,,1
update,50836,50848,50856,8,,2
update,50847,50860,50863,3,,3
update,50858,50870,50874,4,,4
update,50869,50882,50885,3,,5
update,50880,50893,50896,3,,6
update,50891,50904,50907,3,,7
update,50902,50915,50918,3,,8
update,50913,50925,50929,4,,9
update,50924,50937,50940,3,,10
inbound,51000,51013,51016,3,,12
update,51000,51013,51016,3,,11
update,51011,51024,51027,3,,13
update,51022,51035,51039,4,,14
inbound,51025,51037,51041,4,,15
update,51033,51046,51048,2,,0
update,51044,51056,51059,3,,1
update,51055,51067,51070,3,,2
update,51066,51079,51083,4,,3
update,51077,51089,51093,4,,4
update,51088,51101,51104,3,,5
update,51099,51112,51116,4,,6
inbound,51100,51112,51116,4,,7
update,51110,51123,51126,3,,8
update,51121,51134,51137,3,,9
update,51132,51144,51148,4,,10
update,51143,51157,51160,3,,11
update,51154,51166,51170,4,,12
inbound,51155,51167,51171,4,,13
update,51165,51178,51181,3,,14
update,51176,51189,51193,4,,15
update,51187,51199,51203,4,,0
update,51198,51211,51217,6,,1
inbound,51200,51213,51217,4,,2
update,51209,51222,51225,3,,3
inbound,51210,51223,51226,3,,4
update,51220,51233,51236,3,,5
inbound,51225,51237,51240,3,,6
update,51231,51243,51246,3,,7
update,51242,51255,51258,3,,8
update,51253,51266,51269,3,,9
update,51264,51277,51280,3,,10
inbound,51265,51278,51282,4,,11
update,51275,51288,51291,3,,12
update,51286,51299,51302,3,,13
update,51297,51310,51313,3,,14
update,51308,51321,51324,3,,15
update,51319,51331,51335,4,,0
inbound,51320,51333,51336,3,,1
update,51330,51343,51346,3,,2
update,51341,51354,51357,3,,3
update,51352,51364,51367,3,,4
update,51363,51375,51378,3,,5
update,51374,51386,51390,4,,6
inbound,51375,51388,51391,3,,7
update,51385,51398,51402,4,,8
update,51396,51409,51412,3,,9
inbound,51400,51413,51416,3,,10
update,51407,51420,51423,3,,11
update,51418,51431,51434,3,,12
inbound,51425,51438,51441,3,,13
inbound,51430,51442,51446,4,,15
update,51429,51442,51447,5,,14
update,51440,51453,51456,3,,0
update,51451,51464,51467,3,,1
update,51462,51475,51479,4,,2
update,51473,51486,51489,3,,3
inbound,51485,51498,51502,4,,5
update,51484,51497,51502,5,,4
update,51495,51508,51513,5,,6
update,51506,51518,51521,3,,7
update,51517,51529,51532,3,,8
update,51528,51540,51545,5,,9
inbound,51540,51552,51557,5,,11
update,51539,51552,51559,7,,10
update,51550,51563,51566,3,,12
update,51561,51574,51579,5,,13
update,51572,51585,51589,4,,14
update,51583,51596,51599,3,,15
update,51594,51607,51613,6,,0
inbound,51595,51608,51613,5,,1
update,51605,51618,51622,4,,2
update,51616,51629,51632,3,,3
update,51627,51640,51643,3,,4
update,51638,51651,51654,3,,5
update,51649,51662,51665,3,,6
inbound,51650,51664,51668,4,,7
update,51660,51673,51676,3,,8
update,51671,51684,51687,3,,9
update,51682,51694,51697,3,,10
update,51693,51706,51709,3,,11
update,51704,51717,51721,4,,12
inbound,51705,51718,51722,4,,13
update,51715,51729,51733,4,,14
update,51726,51739,51742,3,,15
update,51737,51750,51754,4,,0
update,51748,51760,51764,4,,1
update,51759,51772,51775,3,,2
inbound,51760,51773,51775,2,,3
update,51770,51783,51787,4,,4
update,51781,51794,51797,3,,5
update,51792,51804,51807,3,,6
update,51803,51816,51819,3,,7
update,51814,51827,51830,3,,8
inbound,51815,51828,51831,3,,9
update,51825,51837,51841,4,,10
update,51836,51849,51852,3,,11
update,51847,51860,51863,3,,12
update,51858,51871,51874,3,,13
update,51869,51881,51884,3,,14
update,51880,51893,51896,3,,15
update,51891,51904,51907,3,,0
update,51902,51915,51918,3,,1
update,51913,51925,51929,4,,2
update,51924,51936,51939,3,,3
inbound,52000,52013,52016,3,,5
update,52000,52013,52017,4,,4
update,52011,52023,52026,3,,6
update,52022,52035,52037,2,,7
inbound,52025,52037,52041,4,,8
update,52033,52046,52049,3,,9
update,52044,52057,52060,3,,10
update,52055,52067,52070,3,,11
update,52066,52079,52083,4,,12
update,52077,52090,52094,4,,13
update,52088,52101,52107,6,,14
update,52099,52112,52117,5,,15
inbound,52100,52113,52119,6,,0
update,52110,52123,52127,4,,1
update,52121,52134,52137,3,,2
update,52132,52145,52148,3,,3
update,52143,52156,52159,3,,4
update,52154,52166,52170,4,,5
inbound,52155,52168,52171,3,,6
update,52165,52178,52181,3,,7
update,52176,52189,52191,2,,8
update,52187,52200,52204,4,,9
update,52198,52211,52215,4,,10
inbound,52200,52213,52217,4,,11
update,52209,52221,52225,4,,12
inbound,52210,52222,52227,5,,13
update,52220,52233,52236,3,,14
inbound,52225,52237,52240,3,,15
update,52231,52244,52247,3,,0
update,52242,52255,52258,3,,1
update,52253,52266,52269,3,,2
update,52264,52277,52280,3,,3
inbound,52265,52278,52282,4,,4
update,52275,52287,52291,4,,5
update,52286,52299,52302,3,,6
update,52297,52310,52313,3,,7
update,52308,52320,52325,5,,8
update,52319,52332,52335,3,,9
inbound,52320,52334,52338,4,,10
update,52330,52343,52346,3,,11
update,52341,52354,52357,3,,12
update,52352,52365,52368,3,,13
update,52363,52377,52379,2,,14
update,52374,52386,52390,4,,15
inbound,52375,52387,52391,4,,0
update,52385,52397,52401,4,,1
update,52396,52409,52413,4,,2
inbound,52400,52413,52417,4,,3
update,52407,52420,52424,4,,4
update,52418,52433,52442,9,,5
update,52429,52441,52447,6,,7
inbound,52425,52438,52448,10,,6
inbound,52430,52443,52449,6,,8
update,52440,52453,52457,4,,9
update,52451,52463,52469,6,,10
update,52462,52475,52479,4,,11
update,52473,52486,52493,7,,12
update,52484,52496,52501,5,,13
inbound,52485,52498,52503,5,,14
update,52495,52508,52512,4,,15
update,52506,52519,52523,4,,0
update,52517,52530,52534,4,,1
update,52528,52540,52546,6,,2
update,52539,52552,52558,6,,3
inbound,52540,52552,52559,7,,4
update,52550,52562,52567,5,,5
update,52561,52573,52577,4,,6
update,52572,52585,52588,3,,7
update,52583,52595,52599,4,,8
update,52594,52607,52611,4,,9
inbound,52595,52608,52612,4,,10
update,52605,52617,52620,3,,11
update,52616,52629,52632,3,,12
update,52627,52640,52643,3,,13
update,52638,52651,52654,3,,14
update,52649,52661,52665,4,,15
inbound,52650,52662,52666,4,,0
update,52660,52673,52676,3,,1
update,52671,52683,52686,3,,2
update,52682,52695,52698,3,,3
update,52693,52706,52709,3,,4
update,52704,52717,52721,4,,5
inbound,52705,52718,52722,4,,6
update,52715,52728,52731,3,,7
update,52726,52738,52742,4,,8
update,52737,52750,52753,3,,9
update,52748,52761,52764,3,,10
update,52759,52772,52775,3,,11
inbound,52760,52773,52776,3,,12
update,52770,52782,52785,3,,13
update,52781,52794,52796,2,,14
update,52792,52805,52809,4,,15
update,52803,52816,52819,3,,0
inbound,52815,52827,52830,3,,2
update,52814,52827,52831,4,,1
update,52825,52838,52840,2,,3
update,52836,52849,52852,3,,4
update,52847,52859,52862,3,,5
update,52858,52871,52873,2,,6
update,52869,52882,52885,3,,7
update,52880,52893,52896,3,,8
update,52891,52904,52907,3,,9
update,52902,52915,52918,3,,10
update,52913,52926,52930,4,,11
update,52924,52937,52941,4,,12
update,53000,53012,53015,3,,13
inbound,53000,53012,53016,4,,14
update,53011,53024,53027,3,,15
update,53022,53034,53037,3,,0
inbound,53025,53037,53040,3,,1
update,53033,53046,53049,3,,2
update,53044,53056,53060,4,,3
update,53055,53068,53071,3,,4
update,53066,53079,53082,3,,5
update,53077,53090,53093,3,,6
update,53088,53101,53104,3,,7
update,53099,53111,53115,4,,8
inbound,53100,53113,53116,3,,9
update,53110,53123,53127,4,,10
update,53121,53134,53136,2,,11
update,53132,53145,53149,4,,12
update,53143,53156,53159,3,,13
inbound,53155,53167,53171,4,,15
update,53154,53167,53171,4,,14
update,53165,53177,53180,3,,0
update,53176,53189,53192,3,,1
update,53187,53199,53203,4,,2
update,53198,53210,53214,4,,3
inbound,53200,53213,53216,3,,4
inbound,53210,53222,53226,4,,6
update,53209,53222,53226,4,,5
update,53220,53233,53236,3,,7
inbound,53225,53238,53241,3,,8
update,53231,53245,53248,3,,9
update,53242,53254,53258,4,,10
update,53253,53265,53268,3,,11
inbound,53265,53277,53280,3,,13
update,53264,53277,53281,4,,12
update,53275,53288,53291,3,,14
update,53286,53299,53302,3,,15
update,53297,53310,53313,3,,0
update,53308,53321,53324,3,,1
inbound,53320,53332,53336,4,,3
update,53319,53332,53337,5,,2
update,53330,53342,53345,3,,4
update,53341,53354,53357,3,,5
update,53352,53365,53367,2,,6
update,53363,53376,53378,2,,7
update,53374,53387,53390,3,,8
inbound,53375,53388,53392,4,,9
update,53385,53398,53401,3,,10
update,53396,53409,53412,3,,11
inbound,53400,53413,53415,2,,12
update,53407,53420,53423,3,,13
update,53418,53430,53434,4,,14
inbound,53425,53437,53442,5,,15
update,53429,53443,53446,3,,0
inbound,53430,53443,53447,4,,1
update,53440,53453,53455,2,,2
update,53451,53464,53467,3,,3
update,53462,53475,53478,3,,4
update,53473,53485,53488,3,,5
update,53484,53497,53500,3,,6
inbound,53485,53498,53502,4,,7
update,53495,53508,53512,4,,8
update,53506,53519,53522,3,,9
update,53517,53531,53534,3,,10
update,53528,53540,53543,3,,11
inbound,53540,53552,53556,4,,13
update,53539,53552,53557,5,,12
update,53550,53562,53567,5,,14
update,53561,53574,53578,4,,15
update,53572,53584,53588,4,,0
update,53583,53596,53599,3,,1
update,53594,53607,53611,4,,2
inbound,53595,53609,53613,4,,3
update,53605,53618,53621,3,,4
update,53616,53629,53632,3,,5
update,53627,53639,53642,3,,6
update,53638,53651,53654,3,,7
inbound,53650,53662,53666,4,,9
update,53649,53661,53670,9,,8
update,53660,53673,53676,3,,10
update,53671,53684,53687,3,,11
update,53682,53695,53698,3,,12
update,53693,53706,53710,4,,13
update,53704,53717,53721,4,,14
inbound,53705,53719,53722,3,,15
update,53715,53728,53731,3,,0
update,53726,53739,53742,3,,1
update,53737,53749,53753,4,,2
update,53748,53761,53764,3,,3
update,53759,53772,53775,3,,4
inbound,53760,53773,53776,3,,5
update,53770,53783,53785,2,,6
update,53781,53794,53796,2,,7
update,53792,53805,53808,3,,8
update,53803,53816,53819,3,,9
inbound,53815,53828,53832,4,,11
update,53814,53827,53833,6,,10
update,53825,53838,53842,4,,12
update,53836,53849,53852,3,,13
update,53847,53860,53863,3,,14
update,53858,53870,53873,3,,15
update,53869,53882,53885,3,,0
update,53880,53893,53896,3,,1
update,53891,53904,53907,3,,2
update,53902,53915,53918,3,,3
update,53913,53926,53929,3,,4
update,53924,53938,53944,6,,5
update,54000,54013,54017,4,,6
inbound,54000,54013,54017,4,,7
update,54011,54024,54027,3,,8
update,54022,54035,54038,3,,9
inbound,54025,54038,54041,3,,10
update,54033,54046,54049,3,,11
update,54044,54057,54060,3,,12
update,54055,54068,54072,4,,13
update,54066,54079,54082,3,,14
update,54077,54090,54093,3,,15
update,54088,54101,54105,4,,0
update,54099,54111,54115,4,,1
inbound,54100,54113,54116,3,,2
update,54110,54123,54126,3,,3
update,54121,54134,54137,3,,4
update,54132,54144,54147,3,,5
update,54143,54155,54158,3,,6
update,54154,54167,54171,4,,7
inbound,54155,54168,54171,3,,8
update,54165,54177,54180,3,,9
update,54176,54188,54192,4,,10
update,54187,54200,54203,3,,11
update,54198,54211,54215,4,,12
inbound,54200,54213,54216,3,,13
inbound,54210,54222,54225,3,,15
update,54209,54222,54225,3,,14
update,54220,54233,54236,3,,0
inbound,54225,54238,54242,4,,1
update,54231,54244,54247,3,,2
update,54242,54255,54258,3,,3
update,54253,54265,54268,3,,4
inbound,54265,54278,54281,3,,6
update,54264,54277,54282,5,,5
update,54275,54288,54291,3,,7
update,54286,54299,54302,3,,8
update,54297,54311,54315,4,,9
update,54308,54320,54324,4,,10
update,54319,54332,54335,3,,11
inbound,54320,54333,54337,4,,12
update,54330,54343,54346,3,,13
update,54341,54354,54357,3,,14
update,54352,54364,54368,4,,15
update,54363,54376,54379,3,,0
inbound,54375,54388,54391,3,,2
update,54374,54387,54392,5,,1
update,54385,54398,54401,3,,3
update,54396,54409,54412,3,,4
inbound,54400,54413,54415,2,,5
update,54407,54420,54422,2,,6
update,54418,54430,54434,4,,7
inbound,54425,54437,54441,4,,8
update,54429,54442,54445,3,,9
inbound,54430,54443,54447,4,,10
update,54440,54453,54456,3,,11
update,54451,54463,54467,4,,12
update,54462,54475,54478,3,,13
update,54473,54486,54489,3,,14
update,54484,54497,54500,3,,15
inbound,54485,54498,54502,4,,0
update,54495,54508,54511,3,,1
update,54506,54519,54521,2,,2
update,54517,54530,54533,3,,3
update,54528,54540,54543,3,,4
inbound,54540,54552,54556,4,,6
update,54539,54552,54556,4,,5
update,54550,54563,54566,3,,7
update,54561,54574,54578,4,,8
update,54572,54585,54588,3,,9
update,54583,54596,54599,3,,10
update,54594,54606,54610,4,,11
inbound,54595,54607,54611,4,,12
update,54605,54618,54621,3,,13
update,54616,54629,54632,3,,14
update,54627,54640,54643,3,,15
update,54638,54651,54654,3,,0
inbound,54650,54663,54666,3,,2
update,54649,54663,54666,3,,1
update,54660,54673,54676,3,,3
update,54671,54684,54687,3,,4
update,54682,54696,54699,3,,5
update,54693,54706,54708,2,,6
update,54704,54717,54720,3,,7
inbound,54705,54718,54721,3,,8
update,54715,54728,54730,2,,9
update,54726,54739,54742,3,,10
update,54737,54750,54752,2,,11
update,54748,54760,54763,3,,12
inbound,54760,54773,54775,2,,14
update,54759,54771,54776,5,,13
update,54770,54783,54786,3,,15
update,54781,54794,54797,3,,0
update,54792,54804,54808,4,,1
update,54803,54816,54819,3,,2
update,54814,54827,54831,4,,3
inbound,54815,54829,54832,3,,4
update,54825,54838,54841,3,,5
update,54836,54849,54853,4,,6
update,54847,54859,54862,3,,7
update,54858,54870,54874,4,,8
update,54869,54882,54886,4,,9
update,54880,54893,54897,4,,10
update,54891,54903,54908,5,,11
update,54902,54914,54918,4,,12
update,54913,54926,54930,4,,13
update,54924,54937,54940,3,,14
update,55000,55013,55017,4,,15
inbound,55000,55016,55020,4,,0
update,55011,55023,55026,3,,1
update,55022,55035,55038,3,,2
inbound,55025,55040,55043,3,,3
update,55033,55046,55050,4,,4
update,55044,55056,55059,3,,5
update,55055,55068,55071,3,,6
update,55066,55078,55081,3,,7
update,55077,55090,55093,3,,8
update,55088,55101,55104,3,,9
update,55099,55112,55115,3,,10
inbound,55100,55115,55118,3,,11
update,55110,55123,55125,2,,12
update,55121,55135,55137,2,,13
update,55132,55146,55148,2,,14
update,55143,55156,55158,2,,15
update,55154,55166,55169,3,,0
inbound,55155,55171,55174,3,,1
update,55165,55178,55181,3,,2
update,55176,55189,55192,3,,3
update,55187,55199,55202,3,,4
update,55198,55211,55214,3,,5
inbound,55200,55216,55218,2,,6
update,55209,55222,55224,2,,7
inbound,55210,55226,55229,3,,8
update,55220,55232,55235,3,,9
inbound,55225,55240,55244,4,,10
update,55231,55245,55248,3,,11
update,55242,55254,55258,4,,12
update,55253,55266,55271,5,,13
update,55264,55277,55280,3,,14
inbound,55265,55280,55283,3,,15
update,55275,55288,55291,3,,0
update,55286,55299,55302,3,,1
update,55297,55313,55316,3,,2
update,55308,55324,55327,3,,3
update,55319,55335,55338,3,,4
inbound,55320,55335,55339,4,,5
update,55330,55346,55349,3,,6
update,55341,55356,55359,3,,7
update,55352,55368,55370,2,,8
update,55363,55379,55383,4,,9
update,55374,55390,55393,3,,10
inbound,55375,55391,55394,3,,11
update,55385,55401,55404,3,,12
update,55396,55411,55414,3,,13
inbound,55400,55416,55419,3,,14
update,55407,55422,55425,3,,15
update,55418,55433,55437,4,,0
inbound,55425,55441,55445,4,,1
update,55429,55445,55448,3,,2
inbound,55430,55446,55449,3,,3
update,55440,55456,55459,3,,4
update,55451,55467,55470,3,,5
update,55462,55478,55481,3,,6
update,55473,55489,55494,5,,7
update,55484,55500,55503,3,,8
inbound,55485,55502,55507,5,,9
update,55495,55511,55514,3,,10
update,55506,55522,55525,3,,11
update,55517,55533,55536,3,,12
update,55528,55544,55547,3,,13
inbound,55540,55555,55559,4,,15
update,55539,55555,55559,4,,14
update,55550,55567,55571,4,,0
update,55561,55577,55581,4,,1
update,55572,55588,55592,4,,2
update,55583,55599,55602,3,,3
update,55594,55610,55613,3,,4
inbound,55595,55611,55614,3,,5
update,55605,55621,55624,3,,6
update,55616,55632,55635,3,,7
update,55627,55643,55646,3,,8
update,55638,55653,55657,4,,9
update,55649,55665,55668,3,,10
inbound,55650,55666,55669,3,,11
update,55660,55675,55678,3,,12
update,55671,55687,55690,3,,13
update,55682,55698,55701,3,,14
update,55693,55709,55711,2,,15
inbound,55705,55721,55724,3,,1
update,55704,55721,55724,3,,0
update,55715,55730,55734,4,,2
update,55726,55742,55745,3,,3
update,55737,55753,55756,3,,4
update,55748,55763,55767,4,,5
inbound,55760,55776,55778,2,,7
update,55759,55776,55779,3,,6
update,55770,55785,55788,3,,8
update,55781,55797,55800,3,,9
update,55792,55808,55811,3,,10
update,55803,55818,55822,4,,11
update,55814,55830,55833,3,,12
inbound,55815,55831,55834,3,,13
update,55825,55841,55844,3,,14
update,55836,55852,55856,4,,15
update,55847,55863,55867,4,,0
update,55858,55874,55877,3,,1
update,55869,55885,55888,3,,2
update,55880,55897,55900,3,,3
update,55891,55907,55910,3,,4
update,55902,55918,55921,3,,5
update,55913,55930,55933,3,,6
update,55924,55940,55943,3,,7
inbound,56000,56016,56020,4,,9
update,56000,56015,56021,6,,8
update,56011,56027,56030,3,,10
update,56022,56038,56043,5,,11
inbound,56025,56042,56049,7,,12
update,56033,56049,56054,5,,13
update,56044,56059,56063,4,,14
update,56055,56071,56078,7,,15
update,56066,56082,56088,6,,0
update,56077,56093,56101,8,,1
update,56088,56104,56108,4,,2
update,56099,56115,56121,6,,3
inbound,56100,56116,56122,6,,4
update,56110,56126,56129,3,,5
update,56121,56137,56140,3,,6
update,56132,56148,56151,3,,7
update,56143,56159,56163,4,,8
update,56154,56169,56173,4,,9
inbound,56155,56170,56174,4,,10
update,56165,56181,56185,4,,11
update,56176,56191,56194,3,,12
update,56187,56203,56206,3,,13
update,56198,56215,56218,3,,14
inbound,56200,56216,56220,4,,15
update,56209,56225,56229,4,,0
inbound,56210,56226,56230,4,,1
update,56220,56235,56238,3,,2
inbound,56225,56240,56243,3,,3
update,56231,56246,56249,3,,4
update,56242,56258,56261,3,,5
update,56253,56269,56273,4,,6
update,56264,56279,56283,4,,7
inbound,56265,56281,56285,4,,8
update,56275,56291,56294,3,,9
update,56286,56302,56305,3,,10
update,56297,56313,56316,3,,11
update,56308,56324,56327,3,,12
update,56319,56335,56338,3,,13
inbound,56320,56336,56340,4,,14
update,56330,56345,56349,4,,15
update,56341,56357,56360,3,,0
update,56352,56368,56371,3,,1
update,56363,56378,56381,3,,2
inbound,56375,56391,56394,3,,4
update,56374,56391,56395,4,,3
update,56385,56401,56403,2,,5
update,56396,56411,56415,4,,6
inbound,56400,56416,56419,3,,7
update,56407,56422,56426,4,,8
update,56418,56434,56436,2,,9
inbound,56425,56441,56443,2,,10
inbound,56430,56446,56450,4,,12
update,56429,56445,56450,5,,11
update,56440,56455,56458,3,,13
update,56451,56467,56470,3,,14
update,56462,56478,56481,3,,15
update,56473,56489,56492,3,,0
update,56484,56500,56504,4,,1
inbound,56485,56501,56504,3,,2
update,56495,56511,56515,4,,3
update,56506,56522,56524,2,,4
update,56517,56532,56535,3,,5
update,56528,56544,56547,3,,6
update,56539,56555,56559,4,,7
inbound,56540,56555,56559,4,,8
update,56550,56566,56569,3,,9
update,56561,56577,56582,5,,10
update,56572,56587,56591,4,,11
update,56583,56599,56602,3,,12
update,56594,56610,56614,4,,13
inbound,56595,56610,56615,5,,14
update,56605,56621,56624,3,,15
update,56616,56632,56636,4,,0
update,56627,56642,56645,3,,1
update,56638,56654,56657,3,,2
update,56649,56665,56668,3,,3
inbound,56650,56666,56669,3,,4
update,56660,56675,56678,3,,5
update,56671,56687,56690,3,,6
update,56682,56697,56701,4,,7
update,56693,56709,56712,3,,8
inbound,56705,56721,56724,3,,10
update,56704,56720,56724,4,,9
update,56715,56731,56734,3,,11
update,56726,56742,56745,3,,12
update,56737,56753,56755,2,,13
update,56748,56764,56767,3,,14
update,56759,56775,56778,3,,15
inbound,56760,56777,56779,2,,0
update,56770,56786,56789,3,,1
update,56781,56797,56800,3,,2
update,56792,56808,56810,2,,3
update,56803,56819,56822,3,,4
update,56814,56830,56834,4,,5
inbound,56815,56831,56834,3,,6
update,56825,56841,56844,3,,7
update,56836,56852,56855,3,,8
update,56847,56863,56868,5,,9
update,56858,56874,56877,3,,10
update,56869,56885,56888,3,,11
update,56880,56896,56899,3,,12
update,56891,56907,56910,3,,13
update,56902,56918,56921,3,,14
update,56913,56929,56932,3,,15
update,56924,56939,56942,3,,0
update,57000,57015,57019,4,,1
inbound,57000,57015,57020,5,,2
update,57011,57026,57029,3,,3
update,57022,57038,57041,3,,4
inbound,57025,57040,57044,4,,5
update,57033,57049,57053,4,,6
update,57044,57060,57063,3,,7
update,57055,57071,57074,3,,8
update,57066,57082,57085,3,,9
update,57077,57093,57096,3,,10
update,57088,57104,57106,2,,11
inbound,57100,57115,57118,3,,13
update,57099,57115,57120,5,,12
update,57110,57126,57129,3,,14
update,57121,57137,57140,3,,15
update,57132,57148,57153,5,,0
update,57143,57159,57162,3,,1
update,57154,57170,57174,4,,2
inbound,57155,57170,57174,4,,3
update,57165,57181,57184,3,,4
update,57176,57191,57195,4,,5
update,57187,57202,57206,4,,6
update,57198,57214,57218,4,,7
inbound,57200,57216,57220,4,,8
update,57209,57225,57228,3,,9
inbound,57210,57226,57230,4,,10
update,57220,57235,57238,3,,11
inbound,57225,57240,57244,4,,12
update,57231,57247,57250,3,,13
update,57242,57258,57263,5,,14
update,57253,57269,57272,3,,15
inbound,57265,57280,57284,4,,1
update,57264,57280,57284,4,,0
update,57275,57291,57294,3,,2
update,57286,57302,57305,3,,3
update,57297,57313,57316,3,,4
update,57308,57324,57327,3,,5
update,57319,57335,57338,3,,6
inbound,57320,57337,57341,4,,7
update,57330,57346,57349,3,,8
update,57341,57357,57360,3,,9
update,57352,57368,57371,3,,10
update,57363,57379,57382,3,,11
update,57374,57390,57394,4,,12
inbound,57375,57391,57395,4,,13
update,57385,57401,57404,3,,14
update,57396,57412,57415,3,,15
inbound,57400,57416,57419,3,,0
update,57407,57423,57426,3,,1
update,57418,57434,57437,3,,2
inbound,57425,57440,57443,3,,3
update,57429,57445,57448,3,,4
inbound,57430,57446,57451,5,,5
update,57440,57455,57459,4,,6
update,57451,57467,57470,3,,7
update,57462,57478,57481,3,,8
update,57473,57488,57491,3,,9
update,57484,57499,57503,4,,10
inbound,57485,57500,57504,4,,11
update,57495,57510,57514,4,,12
update,57506,57522,57526,4,,13
update,57517,57532,57535,3,,14
update,57528,57543,57547,4,,15
update,57539,57555,57558,3,,0
inbound,57540,57556,57560,4,,1
update,57550,57566,57570,4,,2
update,57561,57577,57580,3,,3
update,57572,57588,57596,8,,4
update,57583,57599,57603,4,,5
update,57594,57610,57613,3,,6
inbound,57595,57611,57615,4,,7
update,57605,57621,57624,3,,8
update,57616,57632,57635,3,,9
update,57627,57644,57648,4,,10
update,57638,57654,57658,4,,11
update,57649,57664,57668,4,,12
inbound,57650,57665,57669,4,,13
update,57660,57675,57678,3,,14
update,57671,57687,57690,3,,15
update,57682,57698,57702,4,,0
update,57693,57709,57712,3,,1
update,57704,57719,57723,4,,2
inbound,57705,57721,57724,3,,3
update,57715,57730,57734,4,,4
update,57726,57742,57745,3,,5
update,57737,57753,57756,3,,6
update,57748,57764,57768,4,,7
inbound,57760,57776,57778,2,,9
update,57759,57775,57778,3,,8
update,57770,57786,57789,3,,10
update,57781,57797,57801,4,,11
update,57792,57808,57811,3,,12
update,57803,57819,57822,3,,13
update,57814,57830,57833,3,,14
inbound,57815,57832,57834,2,,15
update,57825,57842,57845,3,,0
update,57836,57852,57855,3,,1
update,57847,57862,57866,4,,2
update,57858,57873,57876,3,,3
update,57869,57884,57888,4,,4
update,57880,57896,57900,4,,5
update,57891,57907,57911,4,,6
update,57902,57918,57921,3,,7
update,57913,57928,57931,3,,8
update,57924,57939,57943,4,,9
inbound,58000,58016,58020,4,,11
update,58000,58016,58020,4,,10
update,58011,58026,58029,3,,12
update,58022,58038,58041,3,,13
inbound,58025,58040,58043,3,,14
update,58033,58049,58052,3,,15
update,58044,58060,58063,3,,0
update,58055,58070,58074,4,,1
update,58066,58082,58085,3,,2
update,58077,58093,58096,3,,3
update,58088,58104,58107,3,,4
update,58099,58115,58118,3,,5
inbound,58100,58116,58120,4,,6
update,58110,58126,58129,3,,7
update,58121,58137,58140,3,,8
update,58132,58148,58151,3,,9
update,58143,58159,58163,4,,10
update,58154,58169,58173,4,,11
inbound,58155,58171,58175,4,,12
update,58165,58181,58184,3,,13
update,58176,58192,58199,7,,14
update,58187,58203,58207,4,,15
update,58198,58213,58219,6,,0
inbound,58200,58215,58219,4,,1
inbound,58210,58226,58232,6,,3
update,58209,58225,58234,9,,2
update,58220,58235,58238,3,,4
inbound,58225,58241,58244,3,,5
update,58231,58247,58250,3,,6
update,58242,58258,58261,3,,7
update,58253,58268,58271,3,,8
update,58264,58279,58283,4,,9
inbound,58265,58280,58284,4,,10
update,58275,58291,58294,3,,11
update,58286,58302,58305,3,,12
update,58297,58313,58316,3,,13
update,58308,58324,58327,3,,14
update,58319,58335,58338,3,,15
inbound,58320,58336,58340,4,,0
update,58330,58346,58349,3,,1
update,58341,58357,58360,3,,2
update,58352,58367,58371,4,,3
update,58363,58378,58382,4,,4
inbound,58375,58391,58394,3,,6
update,58374,58390,58394,4,,5
update,58385,58400,58404,4,,7
update,58396,58412,58415,3,,8
inbound,58400,58416,58419,3,,9
update,58407,58422,58425,3,,10
update,58418,58434,58437,3,,11
inbound,58425,58441,58444,3,,12
update,58429,58445,58449,4,,13
inbound,58430,58445,58449,4,,14
update,58440,58456,58459,3,,15
update,58451,58467,58470,3,,0
update,58462,58477,58481,4,,1
update,58473,58489,58492,3,,2
inbound,58485,58500,58504,4,,4
update,58484,58500,58504,4,,3
update,58495,58511,58515,4,,5
update,58506,58522,58525,3,,6
update,58517,58533,58537,4,,7
update,58528,58544,58546,2,,8
update,58539,58554,58558,4,,9
inbound,58540,58556,58560,4,,10
update,58550,58566,58569,3,,11
update,58561,58576,58580,4,,12
update,58572,58588,58595,7,,13
update,58583,58599,58603,4,,14
update,58594,58610,58613,3,,15
inbound,58595,58611,58614,3,,0
update,58605,58621,58624,3,,1
update,58616,58632,58635,3,,2
update,58627,58643,58646,3,,3
update,58638,58654,58657,3,,4
update,58649,58665,58669,4,,5
inbound,58650,58666,58670,4,,6
update,58660,58676,58679,3,,7
update,58671,58688,58691,3,,8
update,58682,58697,58701,4,,9
update,58693,58708,58712,4,,10
update,58704,58719,58723,4,,11
inbound,58705,58721,58724,3,,12
update,58715,58730,58734,4,,13
update,58726,58742,58745,3,,14
update,58737,58753,58755,2,,15
update,58748,58764,58767,3,,0
update,58759,58775,58778,3,,1
inbound,58760,58776,58778,2,,2
update,58770,58786,58789,3,,3
update,58781,58797,58800,3,,4
update,58792,58808,58811,3,,5
update,58803,58819,58822,3,,6
inbound,58815,58831,58834,3,,8
update,58814,58830,58834,4,,7
update,58825,58841,58845,4,,9
update,58836,58852,58855,3,,10
update,58847,58863,58866,3,,11
update,58858,58874,58879,5,,12
update,58869,58885,58888,3,,13
update,58880,58896,58899,3,,14
update,58891,58907,58909,2,,15
update,58902,58918,58921,3,,0
update,58913,58929,58934,5,,1
update,58924,58940,58942,2,,2
inbound,59000,59016,59020,4,,4
update,59000,59016,59020,4,,3
update,59011,59027,59031,4,,5
update,59022,59038,59041,3,,6
inbound,59025,59041,59045,4,,7
update,59033,59049,59052,3,,8
update,59044,59060,59063,3,,9
update,59055,59070,59073,3,,10
update,59066,59082,59085,3,,11
update,59077,59093,59096,3,,12
update,59088,59104,59107,3,,13
update,59099,59114,59118,4,,14
inbound,59100,59115,59120,5,,15
update,59110,59126,59129,3,,0
update,59121,59136,59141,5,,1
update,59132,59148,59151,3,,2
update,59143,59159,59162,3,,3
inbound,59155,59170,59174,4,,5
update,59154,59170,59174,4,,4
update,59165,59181,59184,3,,6
update,59176,59192,59195,3,,7
update,59187,59202,59205,3,,8
update,59198,59213,59216,3,,9
inbound,59200,59216,59220,4,,10
update,59209,59225,59228,3,,11
inbound,59210,59226,59230,4,,12
update,59220,59236,59239,3,,13
inbound,59225,59240,59243,3,,14
update,59231,59247,59252,5,,15
update,59242,59257,59261,4,,0
update,59253,59269,59272,3,,1
update,59264,59280,59283,3,,2
inbound,59265,59281,59284,3,,3
update,59275,59290,59293,3,,4
update,59286,59302,59305,3,,5
update,59297,59313,59316,3,,6
update,59308,59324,59328,4,,7
update,59319,59334,59338,4,,8
inbound,59320,59336,59339,3,,9
update,59330,59345,59348,3,,10
update,59341,59356,59364,8,,11
update,59352,59368,59371,3,,12
update,59363,59379,59382,3,,13
update,59374,59390,59393,3,,14
inbound,59375,59391,59394,3,,15
update,59385,59400,59404,4,,0
update,59396,59412,59415,3,,1
inbound,59400,59415,59418,3,,2
update,59407,59422,59425,3,,3
update,59418,59434,59437,3,,4
inbound,59425,59441,59444,3,,5
update,59429,59444,59449,5,,6
inbound,59430,59445,59450,5,,7
update,59440,59456,59459,3,,8
update,59451,59467,59472,5,,9
update,59462,59478,59481,3,,10
update,59473,59489,59491,2,,11
update,59484,59500,59503,3,,12
inbound,59485,59501,59504,3,,13
update,59495,59511,59514,3,,14
update,59506,59522,59525,3,,15
update,59517,59533,59536,3,,0
update,59528,59544,59546,2,,1
update,59539,59555,59558,3,,2
inbound,59540,59556,59560,4,,3
update,59550,59565,59570,5,,4
update,59561,59577,59579,2,,5
update,59572,59588,59590,2,,6
update,59583,59600,59604,4,,7
update,59594,59609,59614,5,,8
inbound,59595,59611,59616,5,,9
update,59605,59621,59624,3,,10
update,59616,59632,59635,3,,11
update,59627,59642,59645,3,,12
update,59638,59654,59659,5,,13
update,59649,59665,59668,3,,14
inbound,59650,59666,59670,4,,15
update,59660,59676,59679,3,,0
update,59671,59687,59694,7,,1
update,59682,59698,59701,3,,2
update,59693,59710,59714,4,,3
update,59704,59720,59723,3,,4
inbound,59705,59721,59725,4,,5
update,59715,59731,59734,3,,6
update,59726,59741,59744,3,,7
update,59737,59753,59757,4,,8
update,59748,59764,59767,3,,9
update,59759,59775,59778,3,,10
inbound,59760,59777,59779,2,,11
update,59770,59786,59789,3,,12
update,59781,59797,59802,5,,13
update,59792,59808,59811,3,,14
update,59803,59819,59822,3,,15
update,59814,59830,59834,4,,0
inbound,59815,59831,59834,3,,1
update,59825,59841,59844,3,,2
update,59836,59851,59854,3,,3
update,59847,59863,59867,4,,4
update,59858,59874,59877,3,,5
update,59869,59885,59889,4,,6
update,59880,59895,59899,4,,7
update,59891,59907,59911,4,,8
update,59902,59918,59921,3,,9
update,59913,59929,59932,3,,10
update,59924,59939,59942,3,,11
inbound,60000,60016,60019,3,,13
update,60000,60016,60022,6,,12
update,60011,60027,60030,3,,14
update,60022,60038,60041,3,,15
inbound,60025,60040,60043,3,,0
update,60033,60049,60052,3,,1
update,60044,60060,60063,3,,2
update,60055,60070,60073,3,,3
update,60066,60082,60085,3,,4
update,60077,60094,60097,3,,5
update,60088,60104,60108,4,,6
update,60099,60115,60118,3,,7
inbound,60100,60116,60120,4,,8
update,60110,60126,60129,3,,9
update,60121,60138,60141,3,,10
update,60132,60148,60151,3,,11
update,60143,60159,60162,3,,12
update,60154,60170,60173,3,,13
inbound,60155,60171,60174,3,,14
update,60165,60180,60184,4,,15
update,60176,60193,60196,3,,0
update,60187,60203,60206,3,,1
update,60198,60214,60217,3,,2
inbound,60200,60216,60219,3,,3
update,60209,60224,60228,4,,4
inbound,60210,60225,60228,3,,5
update,60220,60236,60239,3,,6
inbound,60225,60241,60243,2,,7
update,60231,60247,60249,2,,8
update,60242,60258,60261,3,,9
update,60253,60269,60273,4,,10
update,60264,60280,60284,4,,11
inbound,60265,60281,60285,4,,12
update,60275,60291,60295,4,,13
update,60286,60302,60306,4,,14
update,60297,60314,60317,3,,15
update,60308,60324,60327,3,,0
update,60319,60335,60338,3,,1
inbound,60320,60336,60339,3,,2
update,60330,60346,60349,3,,3
update,60341,60357,60361,4,,4
update,60352,60368,60371,3,,5
update,60363,60379,60382,3,,6
update,60374,60390,60393,3,,7
inbound,60375,60391,60394,3,,8
update,60385,60401,60404,3,,9
update,60396,60412,60415,3,,10
inbound,60400,60417,60420,3,,11
update,60407,60423,60425,2,,12
update,60418,60434,60436,2,,13
inbound,60425,60441,60443,2,,14
inbound,60430,60446,60449,3,,0
update,60429,60446,60449,3,,15
update,60440,60456,60459,3,,1
update,60451,60467,60470,3,,2
update,60462,60477,60480,3,,3
update,60473,60489,60492,3,,4
update,60484,60499,60503,4,,5
inbound,60485,60501,60503,2,,6
update,60495,60511,60514,3,,7
update,60506,60522,60525,3,,8
update,60517,60533,60536,3,,9
update,60528,60544,60548,4,,10
update,60539,60555,60558,3,,11
inbound,60540,60556,60559,3,,12
update,60550,60566,60569,3,,13
update,60561,60577,60580,3,,14
update,60572,60588,60591,3,,15
update,60583,60598,60603,5,,0
update,60594,60609,60613,4,,1
inbound,60595,60611,60615,4,,2
update,60605,60620,60623,3,,3
update,60616,60632,60635,3,,4
update,60627,60644,60647,3,,5
update,60638,60654,60657,3,,6
inbound,60650,60666,60669,3,,8
update,60649,60666,60670,4,,7
update,60660,60676,60678,2,,9
update,60671,60687,60689,2,,10
update,60682,60699,60702,3,,11
update,60693,60710,60714,4,,12
update,60704,60720,60725,5,,13
inbound,60705,60721,60726,5,,14
update,60715,60731,60734,3,,15
update,60726,60741,60745,4,,0
update,60737,60753,60757,4,,1
update,60748,60764,60769,5,,2
inbound,60760,60776,60778,2,,4
update,60759,60775,60780,5,,3
update,60770,60786,60790,4,,5
update,60781,60797,60800,3,,6
update,60792,60809,60813,4,,7
update,60803,60819,60822,3,,8
update,60814,60829,60833,4,,9
inbound,60815,60831,60833,2,,10
update,60825,60842,60845,3,,11
update,60836,60852,60855,3,,12
update,60847,60863,60867,4,,13
update,60858,60874,60877,3,,14
update,60869,60884,60887,3,,15
update,60880,60897,60900,3,,0
update,60891,60907,60911,4,,1
update,60902,60918,60921,3,,2
update,60913,60929,60932,3,,3
update,60924,60940,60943,3,,4
update,61000,61016,61019,3,,5
inbound,61000,61016,61019,3,,6
update,61011,61027,61031,4,,7
update,61022,61038,61041,3,,8
inbound,61025,61041,61044,3,,9
update,61033,61049,61051,2,,10
update,61044,61060,61063,3,,11
update,61055,61071,61074,3,,12
update,61066,61082,61085,3,,13
update,61077,61093,61096,3,,14
update,61088,61104,61107,3,,15
update,61099,61115,61119,4,,0
inbound,61100,61116,61120,4,,1
update,61110,61125,61128,3,,2
update,61121,61137,61140,3,,3
update,61132,61148,61151,3,,4
update,61143,61159,61162,3,,5
update,61154,61169,61172,3,,6
inbound,61155,61171,61175,4,,7
update,61165,61180,61184,4,,8
update,61176,61192,61194,2,,9
update,61187,61203,61206,3,,10
update,61198,61214,61218,4,,11
inbound,61200,61215,61218,3,,12
update,61209,61225,61229,4,,13
inbound,61210,61226,61230,4,,14
update,61220,61236,61238,2,,15
inbound,61225,61241,61244,3,,0
update,61231,61247,61250,3,,1
update,61242,61258,61261,3,,2
update,61253,61269,61272,3,,3
update,61264,61280,61284,4,,4
inbound,61265,61282,61285,3,,5
update,61275,61291,61293,2,,6
update,61286,61302,61305,3,,7
update,61297,61312,61315,3,,8
update,61308,61323,61326,3,,9
update,61319,61335,61338,3,,10
inbound,61320,61336,61340,4,,11
update,61330,61345,61349,4,,12
update,61341,61357,61360,3,,13
update,61352,61367,61370,3,,14
update,61363,61380,61384,4,,15
update,61374,61390,61393,3,,0
inbound,61375,61391,61394,3,,1
update,61385,61400,61403,3,,2
update,61396,61412,61415,3,,3
inbound,61400,61416,61419,3,,4
update,61407,61423,61425,2,,5
update,61418,61434,61437,3,,6
inbound,61425,61440,61444,4,,7
update,61429,61445,61448,3,,8
inbound,61430,61446,61449,3,,9
update,61440,61456,61459,3,,10
update,61451,61467,61470,3,,11
update,61462,61478,61481,3,,12
update,61473,61489,61492,3,,13
inbound,61485,61500,61503,3,,15
update,61484,61500,61504,4,,14
update,61495,61511,61514,3,,0
update,61506,61522,61524,2,,1
update,61517,61533,61536,3,,2
update,61528,61544,61547,3,,3
update,61539,61554,61558,4,,4
inbound,61540,61556,61559,3,,5
update,61550,61566,61569,3,,6
update,61561,61576,61579,3,,7
update,61572,61588,61591,3,,8
update,61583,61599,61602,3,,9
update,61594,61610,61615,5,,10
inbound,61595,61611,61617,6,,11
update,61605,61620,61625,5,,12
update,61616,61632,61636,4,,13
update,61627,61643,61646,3,,14
update,61638,61654,61657,3,,15
update,61649,61665,61669,4,,0
inbound,61650,61668,61676,8,,1
update,61660,61676,61682,6,,2
update,61671,61687,61691,4,,3
update,61682,61698,61701,3,,4
update,61693,61709,61712,3,,5
update,61704,61720,61723,3,,6
inbound,61705,61721,61724,3,,7
update,61715,61731,61735,4,,8
update,61726,61741,61745,4,,9
update,61737,61753,61756,3,,10
update,61748,61764,61767,3,,11
update,61759,61774,61778,4,,12
inbound,61760,61776,61779,3,,13
update,61770,61785,61791,6,,14
update,61781,61797,61800,3,,15
update,61792,61808,61811,3,,0
update,61803,61818,61821,3,,1
inbound,61815,61831,61833,2,,3
update,61814,61830,61833,3,,2
update,61825,61841,61844,3,,4
update,61836,61852,61855,3,,5
update,61847,61863,61866,3,,6
update,61858,61873,61876,3,,7
update,61869,61885,61889,4,,8
update,61880,61896,61899,3,,9
update,61891,61907,61910,3,,10
update,61902,61917,61921,4,,11
update,61913,61928,61931,3,,12
update,61924,61940,61943,3,,13
update,62000,62016,62021,5,,14
inbound,62000,62017,62021,4,,15
update,62011,62026,62034,8,,0
update,62022,62038,62041,3,,1
inbound,62025,62041,62044,3,,2
update,62033,62049,62052,3,,3
update,62044,62060,62063,3,,4
update,62055,62070,62074,4,,5
update,62066,62081,62085,4,,6
update,62077,62093,62096,3,,7
update,62088,62103,62107,4,,8
update,62099,62115,62119,4,,9
inbound,62100,62117,62121,4,,10
update,62110,62126,62131,5,,11
update,62121,62137,62142,5,,12
update,62132,62148,62152,4,,13
update,62143,62159,62163,4,,14
update,62154,62170,62175,5,,15
inbound,62155,62171,62176,5,,0
update,62165,62181,62185,4,,1
update,62176,62191,62194,3,,2
update,62187,62203,62207,4,,3
update,62198,62214,62217,3,,4
inbound,62200,62217,62221,4,,5
update,62209,62225,62228,3,,6
inbound,62210,62227,62231,4,,7
update,62220,62236,62240,4,,8
inbound,62225,62242,62245,3,,9
update,62231,62247,62249,2,,10
update,62242,62257,62260,3,,11
update,62253,62269,62272,3,,12
update,62264,62279,62283,4,,13
inbound,62265,62282,62285,3,,14
update,62275,62291,62294,3,,15
update,62286,62302,62305,3,,0
update,62297,62313,62316,3,,1
update,62308,62324,62327,3,,2
update,62319,62335,62340,5,,3
inbound,62320,62337,62340,3,,4
update,62330,62346,62349,3,,5
update,62341,62356,62360,4,,6
update,62352,62368,62371,3,,7
update,62363,62378,62382,4,,8
update,62374,62390,62393,3,,9
inbound,62375,62392,62395,3,,10
update,62385,62401,62404,3,,11
update,62396,62411,62414,3,,12
inbound,62400,62417,62420,3,,13
update,62407,62423,62426,3,,14
update,62418,62434,62437,3,,15
inbound,62425,62441,62445,4,,0
update,62429,62445,62448,3,,1
inbound,62430,62447,62450,3,,2
update,62440,62456,62459,3,,3
update,62451,62466,62470,4,,4
update,62462,62478,62481,3,,5
update,62473,62489,62493,4,,6
update,62484,62500,62505,5,,7
inbound,62485,62502,62508,6,,8
update,62495,62511,62516,5,,9
update,62506,62522,62526,4,,10
update,62517,62533,62537,4,,11
update,62528,62545,62551,6,,12
update,62539,62555,62560,5,,13
inbound,62540,62557,62562,5,,14
update,62550,62567,62571,4,,15
update,62561,62578,62583,5,,0
update,62572,62589,62593,4,,1
update,62583,62600,62604,4,,2
update,62594,62611,62621,10,,3
inbound,62595,62612,62621,9,,4
update,62605,62622,62630,8,,5
update,62616,62633,62639,6,,6
update,62627,62646,62651,5,,7
update,62638,62655,62660,5,,8
update,62649,62665,62670,5,,9
inbound,62650,62667,62671,4,,10
update,62660,62677,62681,4,,11
update,62671,62687,62692,5,,12
update,62682,62699,62702,3,,13
update,62693,62710,62713,3,,14
update,62704,62720,62723,3,,15
inbound,62705,62721,62725,4,,0
update,62715,62732,62735,3,,1
update,62726,62743,62746,3,,2
update,62737,62754,62757,3,,3
update,62748,62765,62768,3,,4
update,62759,62776,62780,4,,5
inbound,62760,62777,62780,3,,6
update,62770,62787,62790,3,,7
update,62781,62798,62802,4,,8
update,62792,62808,62811,3,,9
update,62803,62820,62823,3,,10
inbound,62815,62831,62834,3,,12
update,62814,62831,62835,4,,11
update,62825,62842,62845,3,,13
update,62836,62853,62856,3,,14
update,62847,62863,62867,4,,15
update,62858,62875,62878,3,,0
update,62869,62886,62890,4,,1
update,62880,62897,62901,4,,2
update,62891,62907,62911,4,,3
update,62902,62919,62923,4,,4
update,62913,62930,62932,2,,5
update,62924,62940,62944,4,,6
inbound,63000,63018,63021,3,,8
update,63000,63018,63023,5,,7
update,63011,63028,63030,2,,9
update,63022,63039,63042,3,,10
inbound,63025,63042,63045,3,,11
update,63033,63049,63052,3,,12
update,63044,63061,63064,3,,13
update,63055,63072,63075,3,,14
update,63066,63083,63087,4,,15
update,63077,63094,63097,3,,0
update,63088,63105,63108,3,,1
inbound,63100,63117,63121,4,,3
update,63099,63116,63121,5,,2
update,63110,63127,63129,2,,4
update,63121,63138,63141,3,,5
update,63132,63148,63152,4,,6
update,63143,63160,63163,3,,7
update,63154,63170,63173,3,,8
inbound,63155,63172,63176,4,,9
update,63165,63182,63184,2,,10
update,63176,63193,63195,2,,11
update,63187,63204,63207,3,,12
update,63198,63215,63218,3,,13
inbound,63200,63217,63221,4,,14
update,63209,63226,63230,4,,15
inbound,63210,63228,63231,3,,0
update,63220,63237,63239,2,,1
inbound,63225,63241,63245,4,,2
update,63231,63248,63251,3,,3
update,63242,63259,63261,2,,4
update,63253,63270,63273,3,,5
update,63264,63281,63284,3,,6
inbound,63265,63282,63286,4,,7
update,63275,63291,63294,3,,8
update,63286,63303,63306,3,,9
update,63297,63313,63316,3,,10
update,63308,63324,63327,3,,11
update,63319,63336,63341,5,,12
inbound,63320,63337,63342,5,,13
update,63330,63347,63350,3,,14
update,63341,63357,63361,4,,15
update,63352,63369,63373,4,,0
update,63363,63380,63383,3,,1
update,63374,63391,63395,4,,2
inbound,63375,63391,63395,4,,3
update,63385,63401,63405,4,,4
update,63396,63413,63416,3,,5
inbound,63400,63416,63420,4,,6
update,63407,63424,63427,3,,7
update,63418,63435,63438,3,,8
inbound,63425,63441,63445,4,,9
update,63429,63446,63452,6,,10
inbound,63430,63447,63452,5,,11
update,63440,63456,63460,4,,12
update,63451,63468,63471,3,,13
update,63462,63479,63482,3,,14
update,63473,63490,63493,3,,15
update,63484,63501,63505,4,,0
inbound,63485,63501,63505,4,,1
update,63495,63512,63515,3,,2
update,63506,63523,63526,3,,3
update,63517,63534,63537,3,,4
update,63528,63545,63548,3,,5
update,63539,63556,63560,4,,6
inbound,63540,63557,63565,8,,7
update,63550,63566,63569,3,,8
update,63561,63577,63580,3,,9
update,63572,63589,63593,4,,10
update,63583,63600,63602,2,,11
inbound,63595,63612,63616,4,,13
update,63594,63611,63617,6,,12
update,63605,63622,63628,6,,14
update,63616,63633,63637,4,,15
update,63627,63644,63646,2,,0
update,63638,63655,63659,4,,1
update,63649,63666,63670,4,,2
inbound,63650,63667,63670,3,,3
update,63660,63677,63680,3,,4
update,63671,63688,63691,3,,5
update,63682,63698,63701,3,,6
update,63693,63710,63713,3,,7
update,63704,63721,63724,3,,8
inbound,63705,63722,63727,5,,9
update,63715,63732,63734,2,,10
update,63726,63743,63746,3,,11
update,63737,63754,63757,3,,12
update,63748,63764,63768,4,,13
update,63759,63775,63779,4,,14
inbound,63760,63776,63779,3,,15
update,63770,63787,63790,3,,0
update,63781,63798,63802,4,,1
update,63792,63808,63811,3,,2
update,63803,63820,63823,3,,3
update,63814,63831,63834,3,,4
inbound,63815,63832,63835,3,,5
update,63825,63842,63845,3,,6
update,63836,63853,63856,3,,7
update,63847,63864,63867,3,,8
update,63858,63875,63878,3,,9
update,63869,63886,63889,3,,10
update,63880,63897,63901,4,,11
update,63891,63908,63911,3,,12
update,63902,63919,63922,3,,13
update,63913,63930,63934,4,,14
update,63924,63940,63943,3,,15
update,64000,64017,64021,4,,0
inbound,64000,64017,64021,4,,1
update,64011,64027,64031,4,,2
update,64022,64038,64041,3,,3
inbound,64025,64043,64045,2,,4
update,64033,64050,64053,3,,5
update,64044,64061,64064,3,,6
update,64055,64072,64075,3,,7
update,64066,64083,64087,4,,8
update,64077,64094,64097,3,,9
update,64088,64105,64108,3,,10
update,64099,64116,64119,3,,11
inbound,64100,64117,64122,5,,12
update,64110,64127,64130,3,,13
update,64121,64138,64142,4,,14
update,64132,64149,64152,3,,15
update,64143,64160,64163,3,,0
update,64154,64171,64175,4,,1
inbound,64155,64172,64175,3,,2
update,64165,64182,64185,3,,3
update,64176,64192,64195,3,,4
update,64187,64204,64207,3,,5
update,64198,64215,64219,4,,6
inbound,64200,64216,64221,5,,7
update,64209,64226,64230,4,,8
inbound,64210,64227,64231,4,,9
update,64220,64237,64240,3,,10
inbound,64225,64242,64245,3,,11
update,64231,64248,64251,3,,12
update,64242,64258,64261,3,,13
update,64253,64269,64272,3,,14
update,64264,64281,64284,3,,15
inbound,64265,64282,64285,3,,0
update,64275,64292,64295,3,,1
update,64286,64303,64306,3,,2
update,64297,64314,64316,2,,3
update,64308,64325,64327,2,,4
update,64319,64335,64339,4,,5
inbound,64320,64337,64340,3,,6
update,64330,64347,64350,3,,7
update,64341,64358,64361,3,,8
update,64352,64368,64371,3,,9
update,64363,64380,64383,3,,10
update,64374,64391,64394,3,,11
inbound,64375,64392,64396,4,,12
update,64385,64402,64405,3,,13
update,64396,64414,64417,3,,14
inbound,64400,64417,64421,4,,15
update,64407,64425,64428,3,,0
update,64418,64434,64437,3,,1
inbound,64425,64442,64444,2,,2
update,64429,64445,64448,3,,3
inbound,64430,64447,64449,2,,4
update,64440,64457,64460,3,,5
update,64451,64468,64472,4,,6
update,64462,64479,64482,3,,7
update,64473,64491,64494,3,,8
update,64484,64501,64505,4,,9
inbound,64485,64502,64506,4,,10
update,64495,64512,64515,3,,11
update,64506,64522,64525,3,,12
update,64517,64534,64537,3,,13
update,64528,64545,64548,3,,14
update,64539,64556,64559,3,,15
inbound,64540,64557,64561,4,,0
update,64550,64567,64570,3,,1
update,64561,64578,64581,3,,2
update,64572,64588,64591,3,,3
update,64583,64600,64603,3,,4
update,64594,64611,64614,3,,5
inbound,64595,64612,64615,3,,6
update,64605,64621,64626,5,,7
update,64616,64634,64637,3,,8
update,64627,64644,64647,3,,9
update,64638,64655,64658,3,,10
update,64649,64666,64670,4,,11
inbound,64650,64668,64671,3,,12
update,64660,64677,64680,3,,13
update,64671,64688,64690,2,,14
update,64682,64698,64701,3,,15
update,64693,64710,64713,3,,0
update,64704,64720,64724,4,,1
inbound,64705,64721,64725,4,,2
update,64715,64732,64735,3,,3
update,64726,64743,64746,3,,4
update,64737,64754,64758,4,,5
update,64748,64765,64769,4,,6
update,64759,64776,64780,4,,7
inbound,64760,64777,64781,4,,8
update,64770,64787,64790,3,,9
update,64781,64798,64802,4,,10
update,64792,64809,64812,3,,11
update,64803,64820,64822,2,,12
update,64814,64831,64834,3,,13
inbound,64815,64832,64834,2,,14
update,64825,64842,64845,3,,15
update,64836,64853,64856,3,,0
update,64847,64864,64867,3,,1
update,64858,64874,64878,4,,2
update,64869,64886,64889,3,,3
update,64880,64897,64900,3,,4
update,64891,64907,64911,4,,5
update,64902,64918,64922,4,,6
update,64913,64930,64933,3,,7
update,64924,64940,64944,4,,8
update,65000,65018,65023,5,,9
inbound,65000,65018,65024,6,,10
update,65011,65028,65030,2,,11
update,65022,65038,65042,4,,12
inbound,65025,65042,65045,3,,13
update,65033,65050,65053,3,,14
update,65044,65061,65064,3,,15
update,65055,65072,65075,3,,0
update,65066,65082,65085,3,,1
update,65077,65094,65096,2,,2
update,65088,65105,65108,3,,3
inbound,65100,65116,65122,6,,5
update,65099,65116,65122,6,,4
update,65110,65127,65133,6,,6
update,65121,65137,65140,3,,7
update,65132,65148,65151,3,,8
update,65143,65159,65162,3,,9
update,65154,65170,65173,3,,10
inbound,65155,65171,65175,4,,11
update,65165,65182,65184,2,,12
update,65176,65194,65196,2,,13
update,65187,65204,65206,2,,14
update,65198,65216,65219,3,,15
inbound,65200,65217,65220,3,,0
update,65209,65226,65229,3,,1
inbound,65210,65227,65230,3,,2
update,65220,65237,65240,3,,3
inbound,65225,65241,65244,3,,4
update,65231,65248,65251,3,,5
update,65242,65259,65262,3,,6
update,65253,65269,65274,5,,7
inbound,65265,65282,65285,3,,9
update,65264,65282,65287,5,,8
update,65275,65292,65295,3,,10
update,65286,65302,65305,3,,11
update,65297,65314,65317,3,,12
update,65308,65325,65328,3,,13
update,65319,65336,65339,3,,14
inbound,65320,65337,65340,3,,15
update,65330,65347,65350,3,,0
update,65341,65358,65361,3,,1
update,65352,65369,65372,3,,2
update,65363,65380,65383,3,,3
inbound,65375,65391,65395,4,,5
update,65374,65391,65395,4,,4
update,65385,65402,65405,3,,6
update,65396,65413,65416,3,,7
inbound,65400,65417,65420,3,,8
update,65407,65424,65427,3,,9
update,65418,65435,65439,4,,10
inbound,65425,65442,65445,3,,11
update,65429,65446,65448,2,,12
inbound,65430,65448,65451,3,,13
update,65440,65457,65460,3,,14
update,65451,65468,65471,3,,15
update,65462,65480,65482,2,,0
update,65473,65489,65492,3,,1
inbound,65485,65501,65504,3,,3
update,65484,65501,65505,4,,2
update,65495,65512,65514,2,,4
update,65506,65522,65525,3,,5
update,65517,65534,65536,2,,6
update,65528,65544,65547,3,,7
update,65539,65555,65559,4,,8
inbound,65540,65557,65560,3,,9
update,65550,65567,65569,2,,10
update,65561,65578,65580,2,,11
update,65572,65588,65591,3,,12
update,65583,65599,65602,3,,13
update,65594,65611,65614,3,,14
inbound,65595,65612,65615,3,,15
update,65605,65621,65624,3,,0
update,65616,65633,65636,3,,1
update,65627,65644,65646,2,,2
update,65638,65655,65657,2,,3
update,65649,65666,65670,4,,4
inbound,65650,65667,65670,3,,5
update,65660,65677,65679,2,,6
update,65671,65687,65690,3,,7
update,65682,65698,65701,3,,8
update,65693,65710,65713,3,,9
inbound,65705,65721,65724,3,,11
update,65704,65721,65725,4,,10
update,65715,65732,65735,3,,12
update,65726,65743,65746,3,,13
update,65737,65754,65757,3,,14
update,65748,65765,65768,3,,15
update,65759,65775,65778,3,,0
inbound,65760,65777,65779,2,,1
update,65770,65787,65789,2,,2
update,65781,65798,65801,3,,3
update,65792,65810,65812,2,,4
update,65803,65820,65822,2,,5
update,65814,65831,65834,3,,6
inbound,65815,65832,65835,3,,7
update,65825,65842,65845,3,,8
update,65836,65853,65856,3,,9
update,65847,65864,65867,3,,10
update,65858,65875,65878,3,,11
update,65869,65886,65889,3,,12
update,65880,65897,65900,3,,13
update,65891,65908,65912,4,,14
update,65902,65919,65922,3,,15
update,65913,65930,65933,3,,0
update,65924,65941,65944,3,,1
update,66000,66017,66020,3,,2
inbound,66000,66020,66023,3,,3
update,66011,66028,66030,2,,4
update,66022,66039,66041,2,,5
inbound,66025,66045,66048,3,,6
update,66033,66050,66053,3,,7
update,66044,66061,66064,3,,8
update,66055,66072,66075,3,,9
update,66066,66083,66086,3,,10
update,66077,66093,66096,3,,11
update,66088,66105,66108,3,,12
update,66099,66116,66119,3,,13
inbound,66100,66119,66124,5,,14
update,66110,66127,66131,4,,15
update,66121,66138,66141,3,,0
update,66132,66149,66153,4,,1
update,66143,66160,66164,4,,2
update,66154,66171,66176,5,,3
inbound,66155,66174,66178,4,,4
update,66165,66182,66188,6,,5
update,66176,66192,66197,5,,6
update,66187,66204,66210,6,,7
update,66198,66215,66219,4,,8
inbound,66200,66219,66224,5,,9
update,66209,66226,66233,7,,10
inbound,66210,66230,66236,6,,11
update,66220,66237,66240,3,,12
inbound,66225,66245,66250,5,,13
update,66231,66247,66255,8,,14
update,66242,66259,66262,3,,15
update,66253,66269,66273,4,,0
update,66264,66280,66283,3,,1
inbound,66265,66285,66288,3,,2
update,66275,66292,66295,3,,3
update,66286,66302,66305,3,,4
update,66297,66313,66316,3,,5
update,66308,66325,66328,3,,6
update,66319,66335,66338,3,,7
inbound,66320,66340,66342,2,,8
update,66330,66347,66350,3,,9
update,66341,66358,66361,3,,10
update,66352,66369,66372,3,,11
update,66363,66380,66383,3,,12
update,66374,66391,66393,2,,13
inbound,66375,66395,66398,3,,14
update,66385,66401,66405,4,,15
update,66396,66413,66416,3,,0
inbound,66400,66419,66422,3,,1
update,66407,66423,66426,3,,2
update,66418,66434,66437,3,,3
inbound,66425,66445,66449,4,,4
update,66429,66445,66449,4,,5
inbound,66430,66449,66452,3,,6
update,66440,66456,66459,3,,7
update,66451,66468,66471,3,,8
update,66462,66478,66481,3,,9
update,66473,66490,66493,3,,10
update,66484,66501,66504,3,,11
inbound,66485,66505,66508,3,,12
update,66495,66512,66514,2,,13
update,66506,66523,66526,3,,14
update,66517,66534,66537,3,,15
update,66528,66545,66548,3,,0
update,66539,66556,66559,3,,1
inbound,66540,66559,66562,3,,2
update,66550,66567,66570,3,,3
update,66561,66578,66581,3,,4
update,66572,66589,66592,3,,5
update,66583,66600,66602,2,,6
update,66594,66611,66613,2,,7
inbound,66595,66615,66618,3,,8
update,66605,66622,66625,3,,9
update,66616,66633,66639,6,,10
update,66627,66644,66648,4,,11
update,66638,66655,66658,3,,12
update,66649,66666,66669,3,,13
inbound,66650,66669,66672,3,,14
update,66660,66677,66680,3,,15
update,66671,66688,66691,3,,0
update,66682,66699,66702,3,,1
update,66693,66710,66713,3,,2
update,66704,66721,66724,3,,3
inbound,66705,66725,66728,3,,4
update,66715,66731,66735,4,,5
update,66726,66742,66745,3,,6
update,66737,66753,66756,3,,7
update,66748,66764,66767,3,,8
update,66759,66776,66778,2,,9
inbound,66760,66781,66783,2,,10
update,66770,66787,66790,3,,11
update,66781,66801,66804,3,,12
update,66792,66812,66815,3,,13
update,66803,66823,66826,3,,14
update,66814,66834,66838,4,,15
inbound,66815,66835,66839,4,,0
update,66825,66845,66848,3,,1
update,66836,66856,66859,3,,2
update,66847,66867,66869,2,,3
update,66858,66878,66881,3,,4
update,66869,66889,66892,3,,5
update,66880,66900,66903,3,,6
update,66891,66911,66915,4,,7
update,66902,66922,66927,5,,8
update,66913,66933,66936,3,,9
update,66924,66944,66946,2,,10
update,67000,67020,67023,3,,11
inbound,67000,67020,67024,4,,12
update,67011,67031,67034,3,,13
update,67022,67042,67045,3,,14
inbound,67025,67044,67048,4,,15
update,67033,67052,67055,3,,0
update,67044,67063,67066,3,,1
update,67055,67075,67078,3,,2
update,67066,67086,67089,3,,3
update,67077,67096,67100,4,,4
update,67088,67108,67111,3,,5
update,67099,67119,67122,3,,6
inbound,67100,67120,67124,4,,7
update,67110,67129,67133,4,,8
update,67121,67141,67144,3,,9
update,67132,67152,67155,3,,10
update,67143,67163,67166,3,,11
update,67154,67174,67177,3,,12
inbound,67155,67174,67179,5,,13
update,67165,67185,67187,2,,14
update,67176,67196,67198,2,,15
update,67187,67207,67210,3,,0
update,67198,67218,67221,3,,1
inbound,67200,67220,67224,4,,2
update,67209,67229,67232,3,,3
inbound,67210,67230,67234,4,,4
update,67220,67240,67243,3,,5
inbound,67225,67245,67248,3,,6
update,67231,67251,67253,2,,7
update,67242,67262,67264,2,,8
update,67253,67273,67276,3,,9
update,67264,67284,67288,4,,10
inbound,67265,67285,67289,4,,11
update,67275,67295,67297,2,,12
update,67286,67305,67308,3,,13
update,67297,67317,67320,3,,14
update,67308,67328,67331,3,,15
update,67319,67339,67342,3,,0
inbound,67320,67340,67343,3,,1
update,67330,67349,67353,4,,2
update,67341,67361,67364,3,,3
update,67352,67372,67375,3,,4
update,67363,67382,67385,3,,5
update,67374,67393,67397,4,,6
inbound,67375,67395,67399,4,,7
update,67385,67405,67408,3,,8
update,67396,67415,67419,4,,9
inbound,67400,67419,67424,5,,10
update,67407,67426,67432,6,,11
update,67418,67438,67441,3,,12
inbound,67425,67444,67447,3,,13
update,67429,67449,67452,3,,14
inbound,67430,67450,67453,3,,15
update,67440,67460,67463,3,,0
update,67451,67471,67478,7,,1
update,67462,67481,67485,4,,2
update,67473,67492,67496,4,,3
update,67484,67504,67508,4,,4
inbound,67485,67506,67511,5,,5
update,67495,67515,67519,4,,6
update,67506,67526,67529,3,,7
update,67517,67536,67541,5,,8
update,67528,67548,67553,5,,9
update,67539,67559,67563,4,,10
inbound,67540,67560,67565,5,,11
update,67550,67570,67573,3,,12
update,67561,67581,67585,4,,13
update,67572,67591,67595,4,,14
update,67583,67602,67605,3,,15
update,67594,67614,67619,5,,0
inbound,67595,67614,67619,5,,1
update,67605,67625,67628,3,,2
update,67616,67636,67646,10,,3
update,67627,67646,67653,7,,4
update,67638,67658,67661,3,,5
update,67649,67669,67672,3,,6
inbound,67650,67670,67675,5,,7
update,67660,67680,67683,3,,8
update,67671,67691,67695,4,,9
update,67682,67701,67705,4,,10
update,67693,67713,67716,3,,11
update,67704,67723,67727,4,,12
inbound,67705,67725,67730,5,,13
update,67715,67735,67739,4,,14
update,67726,67746,67750,4,,15
update,67737,67756,67760,4,,0
update,67748,67767,67772,5,,1
update,67759,67778,67781,3,,2
inbound,67760,67780,67783,3,,3
update,67770,67789,67793,4,,4
update,67781,67801,67804,3,,5
update,67792,67811,67816,5,,6
update,67803,67822,67826,4,,7
inbound,67815,67834,67838,4,,9
update,67814,67834,67838,4,,8
update,67825,67845,67848,3,,10
update,67836,67856,67859,3,,11
update,67847,67867,67870,3,,12
update,67858,67877,67880,3,,13
update,67869,67889,67892,3,,14
update,67880,67900,67904,4,,15
update,67891,67911,67914,3,,0
update,67902,67922,67926,4,,1
update,67913,67933,67936,3,,2
update,67924,67944,67948,4,,3
inbound,68000,68020,68024,4,,5
update,68000,68020,68025,5,,4
update,68011,68031,68034,3,,6
update,68022,68042,68045,3,,7
inbound,68025,68044,68048,4,,8
update,68033,68053,68056,3,,9
update,68044,68064,68067,3,,10
update,68055,68075,68078,3,,11
update,68066,68086,68090,4,,12
update,68077,68097,68099,2,,13
update,68088,68108,68111,3,,14
update,68099,68119,68122,3,,15
inbound,68100,68120,68125,5,,0
update,68110,68129,68132,3,,1
update,68121,68141,68145,4,,2
update,68132,68152,68155,3,,3
update,68143,68163,68165,2,,4
update,68154,68174,68177,3,,5
inbound,68155,68175,68180,5,,6
update,68165,68184,68187,3,,7
update,68176,68196,68200,4,,8
update,68187,68207,68210,3,,9
update,68198,68218,68220,2,,10
inbound,68200,68220,68223,3,,11
update,68209,68229,68233,4,,12
inbound,68210,68230,68233,3,,13
update,68220,68240,68244,4,,14
inbound,68225,68245,68249,4,,15
update,68231,68251,68256,5,,0
update,68242,68262,68265,3,,1
update,68253,68273,68275,2,,2
update,68264,68283,68289,6,,3
inbound,68265,68284,68289,5,,4
update,68275,68295,68298,3,,5
update,68286,68305,68308,3,,6
update,68297,68317,68320,3,,7
update,68308,68328,68331,3,,8
update,68319,68339,68342,3,,9
inbound,68320,68340,68344,4,,10
update,68330,68349,68353,4,,11
update,68341,68361,68363,2,,12
update,68352,68372,68375,3,,13
update,68363,68383,68386,3,,14
inbound,68375,68395,68399,4,,0
update,68374,68393,68399,6,,15
update,68385,68405,68408,3,,1
update,68396,68415,68418,3,,2
inbound,68400,68420,68423,3,,3
update,68407,68427,68430,3,,4
update,68418,68438,68440,2,,5
inbound,68425,68445,68448,3,,6
update,68429,68448,68452,4,,7
inbound,68430,68450,68455,5,,8
update,68440,68460,68463,3,,9
update,68451,68470,68473,3,,10
update,68462,68481,68484,3,,11
update,68473,68493,68495,2,,12
inbound,68485,68504,68508,4,,14
update,68484,68504,68508,4,,13
update,68495,68515,68518,3,,15
update,68506,68526,68528,2,,0
update,68517,68537,68540,3,,1
update,68528,68547,68550,3,,2
update,68539,68559,68562,3,,3
inbound,68540,68560,68563,3,,4
update,68550,68570,68573,3,,5
update,68561,68581,68584,3,,6
update,68572,68591,68595,4,,7
update,68583,68603,68606,3,,8
update,68594,68614,68617,3,,9
inbound,68595,68615,68618,3,,10
update,68605,68625,68628,3,,11
update,68616,68636,68639,3,,12
update,68627,68646,68651,5,,13
update,68638,68658,68660,2,,14
update,68649,68669,68672,3,,15
inbound,68650,68669,68674,5,,0
update,68660,68679,68682,3,,1
update,68671,68690,68693,3,,2
update,68682,68702,68704,2,,3
update,68693,68712,68715,3,,4
update,68704,68724,68727,3,,5
inbound,68705,68725,68728,3,,6
update,68715,68735,68738,3,,7
update,68726,68746,68749,3,,8
update,68737,68756,68759,3,,9
update,68748,68767,68770,3,,10
inbound,68760,68779,68782,3,,12
update,68759,68779,68782,3,,11
update,68770,68790,68792,2,,13
update,68781,68801,68804,3,,14
update,68792,68812,68814,2,,15
update,68803,68823,68826,3,,0
update,68814,68834,68837,3,,1
inbound,68815,68835,68838,3,,2
update,68825,68845,68848,3,,3
update,68836,68856,68859,3,,4
update,68847,68867,68870,3,,5
update,68858,68878,68881,3,,6
update,68869,68889,68892,3,,7
update,68880,68900,68903,3,,8
update,68891,68911,68914,3,,9
update,68902,68922,68926,4,,10
update,68913,68933,68936,3,,11
update,68924,68944,68947,3,,12
inbound,69000,69020,69023,3,,14
update,69000,69020,69024,4,,13
update,69011,69031,69034,3,,15
update,69022,69042,69045,3,,0
inbound,69025,69045,69048,3,,1
update,69033,69053,69056,3,,2
update,69044,69064,69067,3,,3
update,69055,69074,69077,3,,4
update,69066,69086,69089,3,,5
update,69077,69097,69100,3,,6
update,69088,69108,69111,3,,7
update,69099,69119,69122,3,,8
inbound,69100,69120,69124,4,,9
update,69110,69130,69133,3,,10
update,69121,69141,69144,3,,11
update,69132,69152,69155,3,,12
update,69143,69163,69166,3,,13
update,69154,69173,69177,4,,14
inbound,69155,69174,69178,4,,15
update,69165,69185,69188,3,,0
update,69176,69196,69199,3,,1
update,69187,69207,69210,3,,2
update,69198,69218,69222,4,,3
inbound,69200,69219,69222,3,,4
update,69209,69229,69232,3,,5
inbound,69210,69230,69233,3,,6
update,69220,69240,69243,3,,7
inbound,69225,69245,69248,3,,8
update,69231,69251,69254,3,,9
update,69242,69262,69265,3,,10
update,69253,69272,69275,3,,11
update,69264,69284,69287,3,,12
inbound,69265,69285,69288,3,,13
update,69275,69295,69298,3,,14
update,69286,69306,69309,3,,15
update,69297,69317,69320,3,,0
update,69308,69328,69330,2,,1
update,69319,69338,69342,4,,2
inbound,69320,69340,69342,2,,3
update,69330,69350,69352,2,,4
update,69341,69361,69364,3,,5
update,69352,69372,69375,3,,6
update,69363,69383,69386,3,,7
update,69374,69394,69397,3,,8
inbound,69375,69395,69398,3,,9
update,69385,69404,69407,3,,10
update,69396,69416,69419,3,,11
inbound,69400,69419,69422,3,,12
update,69407,69427,69429,2,,13
update,69418,69438,69441,3,,14
inbound,69425,69445,69447,2,,15
update,69429,69449,69452,3,,0
inbound,69430,69450,69453,3,,1
update,69440,69460,69463,3,,2
update,69451,69471,69475,4,,3
update,69462,69482,69485,3,,4
update,69473,69493,69496,3,,5
update,69484,69503,69507,4,,6
inbound,69485,69505,69508,3,,7
update,69495,69515,69518,3,,8
update,69506,69526,69529,3,,9
update,69517,69537,69540,3,,10
update,69528,69548,69551,3,,11
update,69539,69559,69562,3,,12
inbound,69540,69560,69563,3,,13
update,69550,69570,69573,3,,14
update,69561,69581,69583,2,,15
update,69572,69592,69594,2,,0
update,69583,69603,69605,2,,1
update,69594,69614,69617,3,,2
inbound,69595,69615,69618,3,,3
update,69605,69625,69628,3,,4
update,69616,69636,69639,3,,5
update,69627,69646,69652,6,,6
update,69638,69658,69660,2,,7
update,69649,69669,69672,3,,8
inbound,69650,69670,69673,3,,9
update,69660,69680,69682,2,,10
update,69671,69690,69693,3,,11
update,69682,69701,69704,3,,12
update,69693,69713,69716,3,,13
update,69704,69723,69727,4,,14
inbound,69705,69724,69728,4,,15
update,69715,69735,69737,2,,0
update,69726,69746,69748,2,,1
update,69737,69757,69760,3,,2
update,69748,69768,69771,3,,3
update,69759,69778,69781,3,,4
inbound,69760,69780,69782,2,,5
update,69770,69789,69792,3,,6
update,69781,69801,69803,2,,7
update,69792,69811,69814,3,,8
update,69803,69822,69826,4,,9
update,69814,69834,69837,3,,10
inbound,69815,69835,69838,3,,11
update,69825,69845,69847,2,,12
update,69836,69856,69860,4,,13
update,69847,69867,69870,3,,14
update,69858,69878,69880,2,,15
update,69869,69888,69891,3,,0
update,69880,69899,69902,3,,1
update,69891,69911,69914,3,,2
update,69902,69922,69925,3,,3
update,69913,69933,69936,3,,4
update,69924,69944,69947,3,,5
inbound,70000,70019,70023,4,,7
update,70000,70019,70023,4,,6
update,70011,70030,70033,3,,8
update,70022,70042,70045,3,,9
inbound,70025,70045,70048,3,,10
update,70033,70053,70056,3,,11
update,70044,70064,70067,3,,12
update,70055,70075,70079,4,,13
update,70066,70086,70090,4,,14
update,70077,70097,70100,3,,15
update,70088,70108,70111,3,,0
update,70099,70118,70122,4,,1
inbound,70100,70120,70123,3,,2
update,70110,70130,70133,3,,3
update,70121,70141,70144,3,,4
update,70132,70152,70155,3,,5
update,70143,70164,70168,4,,6
update,70154,70175,70179,4,,7
inbound,70155,70175,70180,5,,8
update,70165,70186,70189,3,,9
update,70176,70197,70200,3,,10
update,70187,70208,70210,2,,11
update,70198,70219,70221,2,,12
inbound,70200,70220,70228,8,,13
update,70209,70230,70235,5,,14
inbound,70210,70231,70238,7,,15
update,70220,70242,70246,4,,0
inbound,70225,70245,70248,3,,1
update,70231,70252,70255,3,,2
update,70242,70263,70266,3,,3
update,70253,70274,70277,3,,4
update,70264,70285,70288,3,,5
inbound,70265,70286,70289,3,,6
update,70275,70296,70303,7,,7
update,70286,70307,70310,3,,8
update,70297,70317,70323,6,,9
update,70308,70329,70332,3,,10
update,70319,70340,70343,3,,11
inbound,70320,70341,70347,6,,12
update,70330,70351,70354,3,,13
update,70341,70362,70365,3,,14
update,70352,70373,70376,3,,15
update,70363,70383,70386,3,,0
update,70374,70395,70398,3,,1
inbound,70375,70396,70401,5,,2
update,70385,70406,70412,6,,3
update,70396,70417,70420,3,,4
inbound,70400,70421,70425,4,,5
update,70407,70428,70431,3,,6
update,70418,70439,70442,3,,7
inbound,70425,70446,70449,3,,8
update,70429,70450,70453,3,,9
inbound,70430,70452,70455,3,,10
update,70440,70460,70463,3,,11
update,70451,70471,70475,4,,12
update,70462,70483,70486,3,,13
update,70473,70494,70497,3,,14
update,70484,70505,70509,4,,15
inbound,70485,70506,70511,5,,0
update,70495,70516,70518,2,,1
update,70506,70527,70530,3,,2
update,70517,70537,70540,3,,3
update,70528,70549,70553,4,,4
update,70539,70559,70563,4,,5
inbound,70540,70561,70564,3,,6
update,70550,70571,70574,3,,7
update,70561,70582,70585,3,,8
update,70572,70593,70595,2,,9
update,70583,70603,70606,3,,10
update,70594,70615,70618,3,,11
inbound,70595,70616,70621,5,,12
update,70605,70626,70632,6,,13
update,70616,70637,70641,4,,14
update,70627,70647,70652,5,,15
update,70638,70659,70664,5,,0
update,70649,70670,70673,3,,1
inbound,70650,70671,70676,5,,2
update,70660,70681,70685,4,,3
update,70671,70692,70695,3,,4
update,70682,70703,70706,3,,5
update,70693,70714,70717,3,,6
update,70704,70725,70728,3,,7
inbound,70705,70726,70730,4,,8
update,70715,70736,70739,3,,9
update,70726,70746,70749,3,,10
update,70737,70757,70760,3,,11
update,70748,70769,70772,3,,12
inbound,70760,70781,70784,3,,14
update,70759,70780,70785,5,,13
update,70770,70790,70795,5,,15
update,70781,70802,70809,7,,0
update,70792,70813,70818,5,,1
update,70803,70824,70828,4,,2
inbound,70815,70836,70843,7,,4
update,70814,70835,70843,8,,3
update,70825,70845,70850,5,,5
update,70836,70856,70860,4,,6
update,70847,70868,70872,4,,7
update,70858,70878,70882,4,,8
update,70869,70890,70893,3,,9
update,70880,70901,70905,4,,10
update,70891,70912,70916,4,,11
update,70902,70923,70926,3,,12
update,70913,70934,70937,3,,13
update,70924,70945,70948,3,,14
update,71000,71021,71024,3,,15
inbound,71000,71021,71024,3,,0
update,71011,71032,71035,3,,1
update,71022,71043,71046,3,,2
inbound,71025,71046,71050,4,,3
update,71033,71054,71058,4,,4
update,71044,71065,71068,3,,5
update,71055,71076,71080,4,,6
update,71066,71086,71089,3,,7
update,71077,71098,71101,3,,8
update,71088,71109,71112,3,,9
update,71099,71120,71124,4,,10
inbound,71100,71121,71124,3,,11
update,71110,71131,71133,2,,12
update,71121,71141,71144,3,,13
update,71132,71152,71155,3,,14
update,71143,71164,71167,3,,15
update,71154,71175,71179,4,,0
inbound,71155,71176,71181,5,,1
update,71165,71185,71188,3,,2
update,71176,71197,71200,3,,3
update,71187,71208,71211,3,,4
update,71198,71219,71223,4,,5
inbound,71200,71221,71224,3,,6
update,71209,71229,71233,4,,7
inbound,71210,71231,71235,4,,8
update,71220,71241,71244,3,,9
inbound,71225,71246,71249,3,,10
update,71231,71251,71255,4,,11
update,71242,71263,71266,3,,12
update,71253,71274,71277,3,,13
update,71264,71284,71288,4,,14
inbound,71265,71286,71289,3,,15
update,71275,71296,71298,2,,0
update,71286,71306,71310,4,,1
update,71297,71317,71321,4,,2
update,71308,71328,71331,3,,3
update,71319,71340,71344,4,,4
inbound,71320,71341,71345,4,,5
update,71330,71351,71354,3,,6
update,71341,71361,71364,3,,7
update,71352,71373,71375,2,,8
update,71363,71383,71386,3,,9
update,71374,71395,71398,3,,10
inbound,71375,71396,71400,4,,11
update,71385,71405,71409,4,,12
update,71396,71416,71419,3,,13
inbound,71400,71421,71423,2,,14
update,71407,71428,71431,3,,15
update,71418,71439,71441,2,,0
inbound,71425,71446,71449,3,,1
update,71429,71450,71454,4,,2
inbound,71430,71451,71456,5,,3
update,71440,71461,71465,4,,4
update,71451,71472,71475,3,,5
update,71462,71483,71485,2,,6
update,71473,71494,71497,3,,7
update,71484,71505,71508,3,,8
inbound,71485,71506,71509,3,,9
update,71495,71515,71519,4,,10
update,71506,71527,71530,3,,11
update,71517,71538,71542,4,,12
update,71528,71549,71551,2,,13
update,71539,71560,71564,4,,14
inbound,71540,71561,71564,3,,15
update,71550,71570,71574,4,,0
update,71561,71582,71584,2,,1
update,71572,71592,71595,3,,2
update,71583,71604,71607,3,,3
inbound,71595,71615,71619,4,,5
update,71594,71615,71619,4,,4
update,71605,71625,71629,4,,6
update,71616,71637,71640,3,,7
update,71627,71648,71651,3,,8
update,71638,71659,71665,6,,9
inbound,71650,71670,71675,5,,11
update,71649,71670,71676,6,,10
update,71660,71681,71685,4,,12
update,71671,71692,71695,3,,13
update,71682,71703,71707,4,,14
update,71693,71714,71718,4,,15
update,71704,71725,71730,5,,0
inbound,71705,71726,71734,8,,1
update,71715,71736,71741,5,,2
update,71726,71746,71750,4,,3
update,71737,71758,71761,3,,4
update,71748,71769,71772,3,,5
update,71759,71780,71783,3,,6
inbound,71760,71781,71784,3,,7
update,71770,71791,71794,3,,8
update,71781,71802,71805,3,,9
update,71792,71813,71816,3,,10
update,71803,71824,71827,3,,11
inbound,71815,71836,71839,3,,13
update,71814,71834,71839,5,,12
update,71825,71846,71849,3,,14
update,71836,71856,71859,3,,15
update,71847,71867,71870,3,,0
update,71858,71879,71882,3,,1
update,71869,71890,71893,3,,2
update,71880,71901,71904,3,,3
update,71891,71911,71914,3,,4
update,71902,71923,71926,3,,5
update,71913,71934,71938,4,,6
update,71924,71945,71948,3,,7
update,72000,72021,72025,4,,8
inbound,72000,72021,72025,4,,9
update,72011,72032,72035,3,,10
update,72022,72042,72046,4,,11
inbound,72025,72046,72048,2,,12
update,72033,72054,72057,3,,13
update,72044,72065,72069,4,,14
update,72055,72075,72079,4,,15
update,72066,72087,72090,3,,0
update,72077,72098,72101,3,,1
update,72088,72109,72111,2,,2
inbound,72100,72120,72123,3,,4
update,72099,72120,72124,4,,3
update,72110,72130,72133,3,,5
update,72121,72142,72145,3,,6
update,72132,72153,72156,3,,7
update,72143,72164,72167,3,,8
update,72154,72175,72183,8,,9
inbound,72155,72176,72183,7,,10
update,72165,72186,72189,3,,11
update,72176,72197,72200,3,,12
update,72187,72207,72212,5,,13
update,72198,72219,72223,4,,14
inbound,72200,72220,72224,4,,15
update,72209,72229,72233,4,,0
inbound,72210,72230,72234,4,,1
update,72220,72241,72244,3,,2
inbound,72225,72245,72248,3,,3
update,72231,72252,72254,2,,4
update,72242,72262,72265,3,,5
update,72253,72274,72277,3,,6
update,72264,72285,72288,3,,7
inbound,72265,72286,72289,3,,8
update,72275,72295,72298,3,,9
update,72286,72306,72309,3,,10
update,72297,72318,72321,3,,11
update,72308,72329,72332,3,,12
update,72319,72340,72342,2,,13
inbound,72320,72341,72344,3,,14
update,72330,72351,72355,4,,15
update,72341,72362,72365,3,,0
update,72352,72373,72376,3,,1
update,72363,72383,72386,3,,2
update,72374,72395,72398,3,,3
inbound,72375,72396,72403,7,,4
update,72385,72406,72409,3,,5
update,72396,72417,72420,3,,6
inbound,72400,72420,72424,4,,7
update,72407,72428,72431,3,,8
update,72418,72439,72442,3,,9
inbound,72425,72446,72450,4,,10
update,72429,72450,72453,3,,11
inbound,72430,72451,72455,4,,12
update,72440,72461,72463,2,,13
update,72451,72472,72474,2,,14
update,72462,72482,72485,3,,15
update,72473,72494,72496,2,,0
update,72484,72504,72508,4,,1
inbound,72485,72506,72509,3,,2
update,72495,72516,72519,3,,3
update,72506,72527,72530,3,,4
update,72517,72537,72541,4,,5
update,72528,72548,72551,3,,6
update,72539,72560,72564,4,,7
inbound,72540,72561,72567,6,,8
update,72550,72570,72574,4,,9
update,72561,72582,72585,3,,10
update,72572,72592,72598,6,,11
update,72583,72604,72607,3,,12
update,72594,72615,72618,3,,13
inbound,72595,72616,72619,3,,14
update,72605,72626,72629,3,,15
update,72616,72637,72640,3,,0
update,72627,72648,72651,3,,1
update,72638,72659,72662,3,,2
update,72649,72670,72675,5,,3
inbound,72650,72671,72677,6,,4
update,72660,72680,72684,4,,5
update,72671,72692,72695,3,,6
update,72682,72703,72707,4,,7
update,72693,72714,72717,3,,8
update,72704,72724,72729,5,,9
inbound,72705,72726,72733,7,,10
update,72715,72735,72740,5,,11
update,72726,72747,72750,3,,12
update,72737,72758,72763,5,,13
update,72748,72769,72774,5,,14
update,72759,72780,72784,4,,15
inbound,72760,72781,72786,5,,0
update,72770,72791,72795,4,,1
update,72781,72801,72805,4,,2
update,72792,72813,72816,3,,3
update,72803,72824,72828,4,,4
update,72814,72834,72838,4,,5
inbound,72815,72836,72839,3,,6
update,72825,72845,72848,3,,7
update,72836,72857,72860,3,,8
update,72847,72868,72871,3,,9
update,72858,72879,72882,3,,10
update,72869,72890,72892,2,,11
update,72880,72901,72906,5,,12
update,72891,72912,72914,2,,13
update,72902,72922,72925,3,,14
update,72913,72934,72937,3,,15
update,72924,72945,72948,3,,0
inbound,73000,73021,73024,3,,2
update,73000,73021,73024,3,,1
update,73011,73032,73035,3,,3
update,73022,73043,73046,3,,4
inbound,73025,73046,73048,2,,5
update,73033,73054,73057,3,,6
update,73044,73064,73068,4,,7
update,73055,73076,73079,3,,8
update,73066,73087,73090,3,,9
update,73077,73098,73101,3,,10
update,73088,73109,73112,3,,11
update,73099,73120,73123,3,,12
inbound,73100,73121,73124,3,,13
update,73110,73130,73133,3,,14
update,73121,73142,73145,3,,15
update,73132,73153,73157,4,,0
update,73143,73164,73167,3,,1
update,73154,73175,73178,3,,2
inbound,73155,73176,73179,3,,3
update,73165,73185,73188,3,,4
update,73176,73196,73199,3,,5
update,73187,73207,73210,3,,6
update,73198,73219,73222,3,,7
inbound,73200,73221,73224,3,,8
inbound,73210,73230,73233,3,,10
update,73209,73230,73233,3,,9
update,73220,73241,73244,3,,11
inbound,73225,73246,73249,3,,12
update,73231,73252,73255,3,,13
update,73242,73263,73266,3,,14
update,73253,73273,73276,3,,15
update,73264,73285,73288,3,,0
inbound,73265,73286,73289,3,,1
update,73275,73296,73299,3,,2
update,73286,73307,73310,3,,3
update,73297,73318,73321,3,,4
update,73308,73328,73331,3,,5
update,73319,73340,73343,3,,6
inbound,73320,73341,73344,3,,7
update,73330,73350,73353,3,,8
update,73341,73361,73364,3,,9
update,73352,73372,73375,3,,10
update,73363,73384,73386,2,,11
update,73374,73395,73398,3,,12
inbound,73375,73395,73398,3,,13
update,73385,73406,73410,4,,14
update,73396,73417,73421,4,,15
inbound,73400,73421,73424,3,,0
update,73407,73428,73431,3,,1
update,73418,73438,73441,3,,2
inbound,73425,73445,73448,3,,3
inbound,73430,73450,73454,4,,5
update,73429,73450,73455,5,,4
update,73440,73461,73465,4,,6
update,73451,73472,73476,4,,7
update,73462,73482,73485,3,,8
update,73473,73494,73496,2,,9
update,73484,73505,73509,4,,10
inbound,73485,73506,73509,3,,11
update,73495,73516,73518,2,,12
update,73506,73526,73529,3,,13
update,73517,73538,73540,2,,14
update,73528,73549,73553,4,,15
update,73539,73559,73563,4,,0
inbound,73540,73561,73564,3,,1
update,73550,73570,73573,3,,2
update,73561,73581,73584,3,,3
update,73572,73592,73595,3,,4
update,73583,73604,73607,3,,5
update,73594,73615,73618,3,,6
inbound,73595,73616,73619,3,,7
update,73605,73625,73628,3,,8
update,73616,73637,73639,2,,9
update,73627,73648,73651,3,,10
update,73638,73659,73663,4,,11
update,73649,73670,73675,5,,12
inbound,73650,73671,73676,5,,13
update,73660,73681,73685,4,,14
update,73671,73692,73695,3,,15
update,73682,73703,73706,3,,0
update,73693,73714,73717,3,,1
update,73704,73724,73728,4,,2
inbound,73705,73725,73729,4,,3
update,73715,73736,73739,3,,4
update,73726,73747,73750,3,,5
update,73737,73758,73761,3,,6
update,73748,73769,73772,3,,7
update,73759,73780,73783,3,,8
inbound,73760,73781,73784,3,,9
update,73770,73791,73794,3,,10
update,73781,73802,73805,3,,11
update,73792,73813,73816,3,,12
update,73803,73823,73826,3,,13
update,73814,73835,73839,4,,14
inbound,73815,73836,73839,3,,15
update,73825,73846,73850,4,,0
update,73836,73857,73860,3,,1
update,73847,73868,73871,3,,2
update,73858,73879,73882,3,,3
update,73869,73890,73892,2,,4
update,73880,73901,73903,2,,5
update,73891,73912,73914,2,,6
update,73902,73922,73925,3,,7
update,73913,73934,73936,2,,8
update,73924,73944,73947,3,,9
update,74000,74021,74024,3,,10
inbound,74000,74021,74025,4,,11
update,74011,74032,74035,3,,12
update,74022,74043,74046,3,,13
inbound,74025,74046,74049,3,,14
update,74033,74054,74058,4,,15
update,74044,74064,74067,3,,0
update,74055,74076,74079,3,,1
update,74066,74087,74091,4,,2
update,74077,74097,74100,3,,3
update,74088,74109,74112,3,,4
update,74099,74120,74124,4,,5
inbound,74100,74120,74124,4,,6
update,74110,74131,74133,2,,7
update,74121,74142,74144,2,,8
update,74132,74153,74156,3,,9
update,74143,74164,74169,5,,10
update,74154,74174,74178,4,,11
inbound,74155,74176,74179,3,,12
update,74165,74186,74189,3,,13
update,74176,74197,74200,3,,14
update,74187,74208,74213,5,,15
update,74198,74219,74222,3,,0
inbound,74200,74221,74225,4,,1
update,74209,74230,74233,3,,2
inbound,74210,74231,74235,4,,3
update,74220,74240,74243,3,,4
inbound,74225,74246,74248,2,,5
update,74231,74252,74254,2,,6
update,74242,74262,74265,3,,7
update,74253,74274,74277,3,,8
update,74264,74285,74288,3,,9
inbound,74265,74286,74290,4,,10
update,74275,74296,74299,3,,11
update,74286,74307,74310,3,,12
update,74297,74318,74321,3,,13
update,74308,74328,74332,4,,14
update,74319,74340,74343,3,,15
inbound,74320,74341,74344,3,,0
update,74330,74351,74353,2,,1
update,74341,74362,74365,3,,2
update,74352,74373,74376,3,,3
update,74363,74383,74388,5,,4
update,74374,74395,74397,2,,5
inbound,74375,74396,74399,3,,6
update,74385,74406,74409,3,,7
update,74396,74417,74421,4,,8
inbound,74400,74420,74424,4,,9
update,74407,74428,74431,3,,10
update,74418,74439,74441,2,,11
inbound,74425,74446,74448,2,,12
update,74429,74450,74453,3,,13
inbound,74430,74451,74454,3,,14
update,74440,74460,74463,3,,15
update,74451,74472,74475,3,,0
update,74462,74483,74486,3,,1
update,74473,74494,74499,5,,2
update,74484,74505,74509,4,,3
inbound,74485,74506,74510,4,,4
update,74495,74516,74518,2,,5
update,74506,74527,74530,3,,6
update,74517,74537,74540,3,,7
update,74528,74549,74552,3,,8
update,74539,74560,74564,4,,9
inbound,74540,74561,74565,4,,10
update,74550,74571,74573,2,,11
update,74561,74581,74585,4,,12
update,74572,74593,74596,3,,13
update,74583,74603,74606,3,,14
update,74594,74615,74618,3,,15
inbound,74595,74616,74620,4,,0
update,74605,74626,74630,4,,1
update,74616,74637,74640,3,,2
update,74627,74648,74651,3,,3
update,74638,74658,74661,3,,4
update,74649,74669,74674,5,,5
inbound,74650,74671,74675,4,,6
update,74660,74681,74686,5,,7
update,74671,74692,74695,3,,8
update,74682,74703,74705,2,,9
update,74693,74714,74717,3,,10
update,74704,74724,74728,4,,11
inbound,74705,74726,74730,4,,12
update,74715,74736,74739,3,,13
update,74726,74747,74752,5,,14
update,74737,74758,74761,3,,15
update,74748,74769,74773,4,,0
update,74759,74779,74782,3,,1
inbound,74760,74780,74783,3,,2
update,74770,74791,74794,3,,3
update,74781,74802,74805,3,,4
update,74792,74813,74816,3,,5
update,74803,74824,74828,4,,6
update,74814,74835,74838,3,,7
inbound,74815,74836,74839,3,,8
update,74825,74846,74848,2,,9
update,74836,74857,74863,6,,10
update,74847,74867,74870,3,,11
update,74858,74879,74882,3,,12
update,74869,74890,74893,3,,13
update,74880,74901,74904,3,,14
update,74891,74912,74915,3,,15
update,74902,74922,74926,4,,0
update,74913,74934,74936,2,,1
update,74924,74945,74948,3,,2
update,75000,75020,75024,4,,3
inbound,75000,75020,75024,4,,4
update,75011,75031,75035,4,,5
update,75022,75042,75045,3,,6
inbound,75025,75046,75052,6,,7
update,75033,75054,75057,3,,8
update,75044,75065,75068,3,,9
update,75055,75076,75080,4,,10
update,75066,75087,75090,3,,11
update,75077,75097,75100,3,,12
update,75088,75109,75113,4,,13
update,75099,75120,75123,3,,14
inbound,75100,75121,75126,5,,15
update,75110,75131,75138,7,,0
update,75121,75141,75145,4,,1
update,75132,75153,75157,4,,2
update,75143,75163,75169,6,,3
inbound,75155,75176,75179,3,,5
update,75154,75175,75180,5,,4
update,75165,75186,75190,4,,6
update,75176,75197,75201,4,,7
update,75187,75208,75213,5,,8
update,75198,75219,75224,5,,9
inbound,75200,75221,75226,5,,10
inbound,75210,75231,75235,4,,12
update,75209,75230,75236,6,,11
update,75220,75242,75247,5,,13
inbound,75225,75246,75250,4,,14
update,75231,75251,75256,5,,15
update,75242,75263,75267,4,,0
update,75253,75274,75277,3,,1
update,75264,75284,75288,4,,2
inbound,75265,75286,75290,4,,3
update,75275,75295,75299,4,,4
update,75286,75307,75310,3,,5
update,75297,75318,75322,4,,6
update,75308,75329,75333,4,,7
update,75319,75340,75345,5,,8
inbound,75320,75342,75348,6,,9
update,75330,75351,75355,4,,10
update,75341,75362,75367,5,,11
update,75352,75372,75375,3,,12
update,75363,75384,75386,2,,13
update,75374,75395,75398,3,,14
inbound,75375,75396,75400,4,,15
update,75385,75406,75409,3,,0
update,75396,75417,75420,3,,1
inbound,75400,75421,75424,3,,2
update,75407,75427,75430,3,,3
update,75418,75439,75442,3,,4
inbound,75425,75446,75449,3,,5
update,75429,75449,75453,4,,6
inbound,75430,75450,75454,4,,7
update,75440,75461,75464,3,,8
update,75451,75472,75475,3,,9
update,75462,75482,75486,4,,10
update,75473,75493,75497,4,,11
update,75484,75504,75508,4,,12
inbound,75485,75505,75508,3,,13
update,75495,75515,75518,3,,14
update,75506,75526,75529,3,,15
update,75517,75537,75541,4,,0
update,75528,75549,75551,2,,1
update,75539,75560,75564,4,,2
inbound,75540,75562,75565,3,,3
update,75550,75570,75573,3,,4
update,75561,75581,75584,3,,5
update,75572,75593,75596,3,,6
update,75583,75603,75606,3,,7
update,75594,75615,75619,4,,8
inbound,75595,75616,75620,4,,9
update,75605,75625,75628,3,,10
update,75616,75637,75640,3,,11
update,75627,75648,75651,3,,12
update,75638,75659,75661,2,,13
update,75649,75670,75673,3,,14
inbound,75650,75671,75674,3,,15
update,75660,75681,75685,4,,0
update,75671,75691,75695,4,,1
update,75682,75703,75706,3,,2
update,75693,75714,75718,4,,3
inbound,75705,75725,75729,4,,5
update,75704,75725,75729,4,,4
update,75715,75735,75738,3,,6
update,75726,75747,75750,3,,7
update,75737,75758,75761,3,,8
update,75748,75769,75772,3,,9
update,75759,75779,75783,4,,10
inbound,75760,75781,75783,2,,11
update,75770,75791,75795,4,,12
update,75781,75802,75806,4,,13
update,75792,75813,75816,3,,14
update,75803,75824,75827,3,,15
update,75814,75835,75838,3,,0
inbound,75815,75835,75839,4,,1
update,75825,75845,75848,3,,2
update,75836,75856,75859,3,,3
update,75847,75868,75871,3,,4
update,75858,75879,75882,3,,5
update,75869,75889,75892,3,,6
update,75880,75901,75904,3,,7
update,75891,75911,75915,4,,8
update,75902,75923,75926,3,,9
update,75913,75933,75936,3,,10
update,75924,75945,75947,2,,11
update,76000,76021,76024,3,,12
inbound,76000,76021,76025,4,,13
update,76011,76032,76036,4,,14
update,76022,76042,76045,3,,15
inbound,76025,76046,76049,3,,0
update,76033,76054,76057,3,,1
update,76044,76064,76067,3,,2
update,76055,76076,76079,3,,3
update,76066,76086,76090,4,,4
update,76077,76097,76100,3,,5
update,76088,76109,76112,3,,6
update,76099,76120,76123,3,,7
inbound,76100,76120,76124,4,,8
update,76110,76131,76134,3,,9
update,76121,76142,76145,3,,10
update,76132,76153,76155,2,,11
update,76143,76164,76167,3,,12
update,76154,76175,76178,3,,13
inbound,76155,76176,76180,4,,14
update,76165,76186,76189,3,,15
update,76176,76196,76200,4,,0
update,76187,76208,76211,3,,1
update,76198,76219,76222,3,,2
inbound,76200,76221,76225,4,,3
update,76209,76230,76233,3,,4
inbound,76210,76231,76235,4,,5
update,76220,76241,76244,3,,6
inbound,76225,76246,76249,3,,7
update,76231,76252,76256,4,,8
update,76242,76262,76266,4,,9
update,76253,76274,76277,3,,10
inbound,76265,76285,76291,6,,12
update,76264,76285,76291,6,,11
update,76275,76296,76299,3,,13
update,76286,76307,76310,3,,14
update,76297,76318,76321,3,,15
update,76308,76329,76336,7,,0
update,76319,76340,76343,3,,1
inbound,76320,76341,76346,5,,2
update,76330,76350,76354,4,,3
update,76341,76362,76368,6,,4
update,76352,76373,76378,5,,5
update,76363,76384,76390,6,,6
update,76374,76395,76401,6,,7
inbound,76375,76396,76402,6,,8
update,76385,76405,76408,3,,9
update,76396,76417,76420,3,,10
inbound,76400,76421,76423,2,,11
update,76407,76428,76431,3,,12
update,76418,76439,76443,4,,13
inbound,76425,76445,76448,3,,14
update,76429,76449,76453,4,,15
inbound,76430,76450,76454,4,,0
update,76440,76460,76463,3,,1
update,76451,76471,76474,3,,2
update,76462,76482,76486,4,,3
update,76473,76494,76497,3,,4
update,76484,76505,76508,3,,5
inbound,76485,76506,76510,4,,6
update,76495,76516,76519,3,,7
update,76506,76526,76529,3,,8
update,76517,76537,76540,3,,9
update,76528,76549,76553,4,,10
update,76539,76559,76564,5,,11
inbound,76540,76561,76566,5,,12
update,76550,76571,76573,2,,13
update,76561,76582,76586,4,,14
update,76572,76593,76596,3,,15
update,76583,76604,76607,3,,0
update,76594,76615,76618,3,,1
inbound,76595,76616,76619,3,,2
update,76605,76626,76629,3,,3
update,76616,76637,76640,3,,4
update,76627,76648,76652,4,,5
update,76638,76658,76662,4,,6
update,76649,76669,76672,3,,7
inbound,76650,76671,76674,3,,8
update,76660,76681,76685,4,,9
update,76671,76692,76697,5,,10
update,76682,76703,76707,4,,11
update,76693,76713,76716,3,,12
update,76704,76725,76728,3,,13
inbound,76705,76726,76730,4,,14
update,76715,76735,76738,3,,15
update,76726,76746,76749,3,,0
update,76737,76758,76761,3,,1
update,76748,76769,76773,4,,2
update,76759,76780,76783,3,,3
inbound,76760,76781,76784,3,,4
update,76770,76791,76794,3,,5
update,76781,76802,76805,3,,6
update,76792,76813,76817,4,,7
update,76803,76824,76827,3,,8
update,76814,76835,76838,3,,9
inbound,76815,76835,76838,3,,10
update,76825,76846,76848,2,,11
update,76836,76857,76860,3,,12
update,76847,76868,76871,3,,13
update,76858,76878,76882,4,,14
update,76869,76889,76892,3,,15
update,76880,76901,76904,3,,0
update,76891,76912,76915,3,,1
update,76902,76923,76926,3,,2
update,76913,76933,76936,3,,3
update,76924,76945,76948,3,,4
update,77000,77021,77024,3,,5
inbound,77000,77021,77024,3,,6
update,77011,77032,77036,4,,7
update,77022,77042,77045,3,,8
inbound,77025,77045,77048,3,,9
update,77033,77054,77057,3,,10
update,77044,77065,77068,3,,11
update,77055,77075,77079,4,,12
update,77066,77087,77090,3,,13
update,77077,77097,77100,3,,14
update,77088,77109,77111,2,,15
update,77099,77120,77123,3,,0
inbound,77100,77121,77124,3,,1
update,77110,77131,77134,3,,2
update,77121,77142,77145,3,,3
update,77132,77153,77155,2,,4
update,77143,77164,77167,3,,5
update,77154,77175,77178,3,,6
inbound,77155,77176,77179,3,,7
update,77165,77185,77188,3,,8
update,77176,77197,77200,3,,9
update,77187,77207,77211,4,,10
update,77198,77219,77223,4,,11
inbound,77200,77221,77224,3,,12
update,77209,77229,77232,3,,13
inbound,77210,77230,77233,3,,14
update,77220,77241,77243,2,,15
inbound,77225,77246,77248,2,,0
update,77231,77252,77254,2,,1
update,77242,77262,77266,4,,2
update,77253,77274,77277,3,,3
update,77264,77284,77287,3,,4
inbound,77265,77286,77289,3,,5
update,77275,77296,77298,2,,6
update,77286,77307,77309,2,,7
update,77297,77318,77321,3,,8
update,77308,77329,77332,3,,9
update,77319,77340,77343,3,,10
inbound,77320,77341,77345,4,,11
update,77330,77351,77354,3,,12
update,77341,77362,77365,3,,13
update,77352,77372,77375,3,,14
update,77363,77384,77387,3,,15
update,77374,77394,77398,4,,0
inbound,77375,77395,77398,3,,1
update,77385,77406,77409,3,,2
update,77396,77417,77420,3,,3
inbound,77400,77421,77423,2,,4
update,77407,77428,77430,2,,5
update,77418,77439,77442,3,,6
inbound,77425,77446,77449,3,,7
update,77429,77450,77453,3,,8
inbound,77430,77451,77454,3,,9
update,77440,77461,77464,3,,10
update,77451,77472,77475,3,,11
update,77462,77483,77486,3,,12
update,77473,77493,77496,3,,13
update,77484,77505,77510,5,,14
inbound,77485,77506,77510,4,,15
update,77495,77515,77518,3,,0
update,77506,77527,77530,3,,1
update,77517,77537,77540,3,,2
update,77528,77548,77551,3,,3
update,77539,77560,77563,3,,4
inbound,77540,77560,77564,4,,5
update,77550,77571,77574,3,,6
update,77561,77582,77585,3,,7
update,77572,77593,77596,3,,8
update,77583,77604,77607,3,,9
update,77594,77615,77618,3,,10
inbound,77595,77616,77619,3,,11
update,77605,77626,77629,3,,12
update,77616,77636,77639,3,,13
update,77627,77648,77652,4,,14
update,77638,77659,77662,3,,15
inbound,77650,77670,77673,3,,1
update,77649,77670,77674,4,,0
update,77660,77681,77685,4,,2
update,77671,77692,77696,4,,3
update,77682,77702,77706,4,,4
update,77693,77714,77717,3,,5
update,77704,77724,77728,4,,6
inbound,77705,77726,77729,3,,7
update,77715,77736,77739,3,,8
update,77726,77747,77750,3,,9
update,77737,77758,77762,4,,10
update,77748,77769,77773,4,,11
inbound,77760,77780,77783,3,,13
update,77759,77780,77783,3,,12
update,77770,77791,77794,3,,14
update,77781,77802,77805,3,,15
update,77792,77812,77815,3,,0
update,77803,77824,77827,3,,1
inbound,77815,77835,77838,3,,3
update,77814,77835,77840,5,,2
update,77825,77846,77849,3,,4
update,77836,77856,77860,4,,5
update,77847,77868,77871,3,,6
update,77858,77879,77882,3,,7
update,77869,77890,77893,3,,8
update,77880,77901,77905,4,,9
update,77891,77912,77915,3,,10
update,77902,77923,77927,4,,11
update,77913,77934,77944,10,,12
update,77924,77944,77948,4,,13
inbound,78000,78021,78024,3,,15
update,78000,78021,78025,4,,14
update,78011,78032,78035,3,,0
update,78022,78042,78046,4,,1
inbound,78025,78046,78049,3,,2
update,78033,78054,78057,3,,3
update,78044,78065,78068,3,,4
update,78055,78076,78079,3,,5
update,78066,78086,78089,3,,6
update,78077,78098,78102,4,,7
update,78088,78108,78112,4,,8
inbound,78100,78120,78124,4,,10
update,78099,78120,78124,4,,9
update,78110,78130,78133,3,,11
update,78121,78142,78145,3,,12
update,78132,78153,78156,3,,13
update,78143,78163,78166,3,,14
update,78154,78175,78179,4,,15
inbound,78155,78176,78180,4,,0
update,78165,78186,78189,3,,1
update,78176,78196,78200,4,,2
update,78187,78208,78211,3,,3
update,78198,78219,78222,3,,4
inbound,78200,78221,78224,3,,5
update,78209,78230,78233,3,,6
inbound,78210,78230,78233,3,,7
update,78220,78241,78244,3,,8
inbound,78225,78246,78249,3,,9
update,78231,78252,78254,2,,10
update,78242,78262,78266,4,,11
update,78253,78274,78277,3,,12
update,78264,78285,78288,3,,13
inbound,78265,78286,78289,3,,14
update,78275,78296,78300,4,,15
update,78286,78306,78311,5,,0
update,78297,78318,78323,5,,1
update,78308,78329,78333,4,,2
update,78319,78339,78343,4,,3
inbound,78320,78340,78346,6,,4
update,78330,78351,78355,4,,5
update,78341,78361,78364,3,,6
update,78352,78373,78377,4,,7
update,78363,78383,78389,6,,8
update,78374,78394,78401,7,,9
inbound,78375,78397,78401,4,,10
update,78385,78405,78409,4,,11
update,78396,78417,78420,3,,12
inbound,78400,78420,78423,3,,13
update,78407,78428,78431,3,,14
update,78418,78439,78441,2,,15
inbound,78425,78445,78448,3,,0
update,78429,78449,78454,5,,1
inbound,78430,78451,78454,3,,2
update,78440,78461,78463,2,,3
update,78451,78471,78475,4,,4
update,78462,78483,78486,3,,5
update,78473,78494,78496,2,,6
update,78484,78504,78508,4,,7
inbound,78485,78505,78509,4,,8
update,78495,78515,78518,3,,9
update,78506,78527,78530,3,,10
update,78517,78537,78541,4,,11
update,78528,78548,78551,3,,12
update,78539,78560,78564,4,,13
inbound,78540,78560,78564,4,,14
update,78550,78571,78574,3,,15
update,78561,78581,78584,3,,0
update,78572,78593,78596,3,,1
update,78583,78604,78607,3,,2
update,78594,78615,78620,5,,3
inbound,78595,78616,78620,4,,4
update,78605,78626,78630,4,,5
update,78616,78637,78640,3,,6
update,78627,78648,78651,3,,7
update,78638,78659,78663,4,,8
update,78649,78670,78673,3,,9
inbound,78650,78671,78674,3,,10
update,78660,78680,78684,4,,11
update,78671,78692,78695,3,,12
update,78682,78703,78708,5,,13
update,78693,78714,78719,5,,14
update,78704,78725,78728,3,,15
inbound,78705,78726,78730,4,,0
update,78715,78736,78739,3,,1
update,78726,78747,78751,4,,2
update,78737,78758,78761,3,,3
update,78748,78769,78772,3,,4
update,78759,78779,78782,3,,5
inbound,78760,78780,78784,4,,6
update,78770,78791,78794,3,,7
update,78781,78802,78805,3,,8
update,78792,78812,78815,3,,9
update,78803,78823,78826,3,,10
update,78814,78835,78838,3,,11
inbound,78815,78836,78838,2,,12
update,78825,78846,78849,3,,13
update,78836,78857,78860,3,,14
update,78847,78868,78871,3,,15
update,78858,78879,78882,3,,0
update,78869,78889,78893,4,,1
update,78880,78901,78904,3,,2
update,78891,78912,78914,2,,3
update,78902,78923,78926,3,,4
update,78913,78934,78938,4,,5
update,78924,78945,78949,4,,6
inbound,79000,79020,79024,4,,8
update,79000,79020,79024,4,,7
update,79011,79032,79036,4,,9
update,79022,79043,79046,3,,10
inbound,79025,79046,79050,4,,11
update,79033,79053,79057,4,,12
update,79044,79065,79068,3,,13
update,79055,79076,79080,4,,14
update,79066,79087,79090,3,,15
update,79077,79097,79101,4,,0
update,79088,79109,79112,3,,1
update,79099,79120,79123,3,,2
inbound,79100,79121,79124,3,,3
update,79110,79131,79134,3,,4
update,79121,79142,79145,3,,5
update,79132,79153,79156,3,,6
update,79143,79164,79168,4,,7
inbound,79155,79176,79178,2,,9
update,79154,79174,79180,6,,8
update,79165,79186,79189,3,,10
update,79176,79197,79199,2,,11
update,79187,79208,79211,3,,12
update,79198,79219,79223,4,,13
inbound,79200,79221,79225,4,,14
update,79209,79230,79233,3,,15
inbound,79210,79231,79235,4,,0
update,79220,79240,79244,4,,1
inbound,79225,79246,79249,3,,2
update,79231,79252,79254,2,,3
update,79242,79262,79265,3,,4
update,79253,79273,79277,4,,5
update,79264,79285,79288,3,,6
inbound,79265,79286,79289,3,,7
update,79275,79295,79299,4,,8
update,79286,79307,79310,3,,9
update,79297,79318,79321,3,,10
update,79308,79328,79332,4,,11
inbound,79320,79341,79344,3,,13
update,79319,79339,79345,6,,12
update,79330,79351,79353,2,,14
update,79341,79362,79367,5,,15
update,79352,79373,79375,2,,0
update,79363,79384,79387,3,,1
update,79374,79395,79399,4,,2
inbound,79375,79396,79400,4,,3
update,79385,79405,79408,3,,4
update,79396,79417,79420,3,,5
inbound,79400,79421,79424,3,,6
update,79407,79428,79430,2,,7
update,79418,79439,79442,3,,8
inbound,79425,79446,79448,2,,9
update,79429,79449,79452,3,,10
inbound,79430,79451,79455,4,,11
update,79440,79461,79464,3,,12
update,79451,79472,79475,3,,13
update,79462,79483,79486,3,,14
update,79473,79493,79497,4,,15
update,79484,79505,79508,3,,0
inbound,79485,79506,79510,4,,1
update,79495,79516,79519,3,,2
update,79506,79527,79530,3,,3
update,79517,79538,79542,4,,4
update,79528,79549,79552,3,,5
update,79539,79559,79563,4,,6
inbound,79540,79561,79564,3,,7
update,79550,79571,79573,2,,8
update,79561,79582,79585,3,,9
update,79572,79593,79596,3,,10
update,79583,79604,79607,3,,11
update,79594,79615,79620,5,,12
inbound,79595,79616,79620,4,,13
update,79605,79626,79629,3,,14
update,79616,79637,79640,3,,15
update,79627,79647,79650,3,,0
update,79638,79658,79662,4,,1
update,79649,79669,79673,4,,2
inbound,79650,79671,79675,4,,3
update,79660,79681,79684,3,,4
update,79671,79691,79694,3,,5
update,79682,79702,79706,4,,6
update,79693,79713,79717,4,,7
update,79704,79724,79727,3,,8
inbound,79705,79725,79729,4,,9
update,79715,79736,79739,3,,10
update,79726,79747,79750,3,,11
update,79737,79757,79761,4,,12
update,79748,79769,79772,3,,13
inbound,79760,79781,79783,2,,15
update,79759,79779,79784,5,,14
update,79770,79791,79794,3,,0
update,79781,79802,79805,3,,1
update,79792,79813,79816,3,,2
update,79803,79824,79827,3,,3
update,79814,79835,79839,4,,4
inbound,79815,79835,79839,4,,5
update,79825,79845,79848,3,,6
update,79836,79857,79860,3,,7
update,79847,79868,79871,3,,8
update,79858,79879,79882,3,,9
update,79869,79890,79893,3,,10
update,79880,79900,79904,4,,11
update,79891,79912,79916,4,,12
update,79902,79923,79926,3,,13
update,79913,79934,79937,3,,14
update,79924,79945,79948,3,,15
update,80000,80020,80024,4,,0
inbound,80000,80021,80027,6,,1
update,80011,80031,80035,4,,2
update,80022,80043,80047,4,,3
inbound,80025,80046,80050,4,,4
update,80033,80053,80059,6,,5
update,80044,80065,80067,2,,6
update,80055,80076,80079,3,,7
update,80066,80087,80090,3,,8
update,80077,80098,80101,3,,9
update,80088,80109,80112,3,,10
update,80099,80120,80123,3,,11
inbound,80100,80121,80125,4,,12
update,80110,80131,80135,4,,13
update,80121,80142,80145,3,,14
update,80132,80153,80157,4,,15
update,80143,80164,80168,4,,0
update,80154,80175,80178,3,,1
inbound,80155,80175,80179,4,,2
update,80165,80186,80189,3,,3
update,80176,80197,80200,3,,4
update,80187,80208,80212,4,,5
update,80198,80219,80223,4,,6
inbound,80200,80220,80223,3,,7
update,80209,80230,80233,3,,8
inbound,80210,80231,80235,4,,9
update,80220,80241,80244,3,,10
inbound,80225,80246,80249,3,,11
update,80231,80252,80255,3,,12
update,80242,80263,80266,3,,13
update,80253,80274,80277,3,,14
update,80264,80285,80288,3,,15
inbound,80265,80286,80289,3,,0
update,80275,80295,80298,3,,1
update,80286,80307,80310,3,,2
update,80297,80318,80321,3,,3
update,80308,80329,80331,2,,4
update,80319,80339,80343,4,,5
inbound,80320,80340,80345,5,,6
update,80330,80351,80355,4,,7
update,80341,80362,80366,4,,8
update,80352,80373,80375,2,,9
update,80363,80384,80390,6,,10
update,80374,80394,80398,4,,11
inbound,80375,80396,80399,3,,12
update,80385,80406,80409,3,,13
update,80396,80417,80420,3,,14
inbound,80400,80420,80423,3,,15
update,80407,80428,80431,3,,0
update,80418,80438,80442,4,,1
inbound,80425,80446,80449,3,,2
update,80429,80449,80454,5,,3
inbound,80430,80451,80454,3,,4
update,80440,80461,80467,6,,5
update,80451,80471,80474,3,,6
update,80462,80483,80486,3,,7
update,80473,80494,80497,3,,8
update,80484,80505,80509,4,,9
inbound,80485,80505,80509,4,,10
update,80495,80516,80519,3,,11
update,80506,80527,80529,2,,12
update,80517,80538,80542,4,,13
update,80528,80549,80552,3,,14
update,80539,80560,80563,3,,15
inbound,80540,80560,80565,5,,0
update,80550,80571,80574,3,,1
update,80561,80582,80585,3,,2
update,80572,80593,80596,3,,3
update,80583,80603,80608,5,,4
update,80594,80615,80618,3,,5
inbound,80595,80615,80619,4,,6
update,80605,80625,80629,4,,7
update,80616,80637,80640,3,,8
update,80627,80648,80652,4,,9
update,80638,80659,80662,3,,10
update,80649,80669,80673,4,,11
inbound,80650,80671,80674,3,,12
update,80660,80681,80684,3,,13
update,80671,80692,80695,3,,14
update,80682,80702,80705,3,,15
update,80693,80714,80718,4,,0
update,80704,80725,80729,4,,1
inbound,80705,80726,80731,5,,2
update,80715,80736,80739,3,,3
update,80726,80746,80749,3,,4
update,80737,80757,80761,4,,5
update,80748,80769,80772,3,,6
inbound,80760,80781,80783,2,,8
update,80759,80780,80785,5,,7
update,80770,80790,80793,3,,9
update,80781,80802,80805,3,,10
update,80792,80813,80816,3,,11
update,80803,80824,80827,3,,12
inbound,80815,80836,80837,1,,14
update,80814,80835,80838,3,,13
update,80825,80846,80850,4,,15
update,80836,80857,80862,5,,0
update,80847,80868,80875,7,,1
update,80858,80879,80886,7,,2
update,80869,80890,80894,4,,3
update,80880,80901,80904,3,,4
update,80891,80911,80916,5,,5
update,80902,80923,80926,3,,6
update,80913,80933,80937,4,,7
update,80924,80945,80948,3,,8
update,81000,81021,81024,3,,9
inbound,81000,81021,81025,4,,10
update,81011,81032,81035,3,,11
update,81022,81043,81047,4,,12
inbound,81025,81047,81050,3,,13
update,81033,81054,81057,3,,14
update,81044,81065,81068,3,,15
update,81055,81076,81079,3,,0
update,81066,81087,81089,2,,1
update,81077,81098,81101,3,,2
update,81088,81109,81114,5,,3
update,81099,81120,81124,4,,4
inbound,81100,81121,81124,3,,5
update,81110,81130,81133,3,,6
update,81121,81142,81145,3,,7
update,81132,81153,81156,3,,8
update,81143,81164,81167,3,,9
update,81154,81175,81179,4,,10
inbound,81155,81175,81179,4,,11
update,81165,81186,81189,3,,12
update,81176,81196,81199,3,,13
update,81187,81208,81211,3,,14
update,81198,81218,81222,4,,15
inbound,81200,81221,81223,2,,0
update,81209,81230,81233,3,,1
inbound,81210,81231,81234,3,,2
update,81220,81241,81244,3,,3
inbound,81225,81246,81249,3,,4
update,81231,81252,81255,3,,5
update,81242,81263,81266,3,,6
update,81253,81274,81277,3,,7
update,81264,81285,81289,4,,8
inbound,81265,81285,81289,4,,9
update,81275,81296,81299,3,,10
update,81286,81307,81310,3,,11
update,81297,81317,81320,3,,12
update,81308,81329,81331,2,,13
update,81319,81340,81343,3,,14
inbound,81320,81341,81344,3,,15
update,81330,81351,81354,3,,0
update,81341,81362,81365,3,,1
update,81352,81373,81376,3,,2
update,81363,81383,81386,3,,3
update,81374,81395,81398,3,,4
inbound,81375,81396,81399,3,,5
update,81385,81405,81411,6,,6
update,81396,81417,81420,3,,7
inbound,81400,81421,81424,3,,8
update,81407,81428,81431,3,,9
update,81418,81439,81442,3,,10
inbound,81425,81445,81448,3,,11
update,81429,81450,81454,4,,12
inbound,81430,81451,81454,3,,13
update,81440,81461,81463,2,,14
update,81451,81472,81475,3,,15
update,81462,81482,81485,3,,0
update,81473,81494,81496,2,,1
update,81484,81505,81508,3,,2
inbound,81485,81506,81509,3,,3
update,81495,81516,81519,3,,4
update,81506,81527,81530,3,,5
update,81517,81538,81541,3,,6
update,81528,81549,81551,2,,7
update,81539,81559,81564,5,,8
inbound,81540,81561,81565,4,,9
update,81550,81571,81574,3,,10
update,81561,81582,81585,3,,11
update,81572,81593,81596,3,,12
update,81583,81604,81606,2,,13
update,81594,81615,81618,3,,14
inbound,81595,81616,81619,3,,15
update,81605,81626,81629,3,,0
update,81616,81637,81640,3,,1
update,81627,81648,81651,3,,2
update,81638,81659,81662,3,,3
update,81649,81669,81672,3,,4
inbound,81650,81671,81673,2,,5
update,81660,81681,81683,2,,6
update,81671,81691,81694,3,,7
update,81682,81703,81707,4,,8
update,81693,81714,81719,5,,9
update,81704,81725,81728,3,,10
inbound,81705,81727,81730,3,,11
update,81715,81736,81738,2,,12
update,81726,81747,81750,3,,13
update,81737,81758,81761,3,,14
update,81748,81769,81772,3,,15
inbound,81760,81781,81784,3,,1
update,81759,81780,81784,4,,0
update,81770,81791,81795,4,,2
update,81781,81802,81804,2,,3
update,81792,81813,81815,2,,4
update,81803,81823,81826,3,,5
inbound,81815,81836,81838,2,,7
update,81814,81834,81838,4,,6
update,81825,81846,81849,3,,8
update,81836,81857,81860,3,,9
update,81847,81868,81871,3,,10
update,81858,81879,81882,3,,11
update,81869,81889,81892,3,,12
update,81880,81901,81904,3,,13
update,81891,81912,81915,3,,14
update,81902,81923,81925,2,,15
update,81913,81934,81936,2,,0
update,81924,81944,81947,3,,1
inbound,82000,82021,82024,3,,3
update,82000,82021,82025,4,,2
update,82011,82032,82035,3,,4
update,82022,82042,82046,4,,5
inbound,82025,82045,82051,6,,6
update,82033,82054,82057,3,,7
update,82044,82065,82068,3,,8
update,82055,82076,82079,3,,9
update,82066,82087,82090,3,,10
update,82077,82098,82101,3,,11
update,82088,82109,82113,4,,12
update,82099,82119,82123,4,,13
inbound,82100,82121,82124,3,,14
update,82110,82130,82133,3,,15
update,82121,82141,82145,4,,0
update,82132,82152,82155,3,,1
update,82143,82163,82167,4,,2
update,82154,82175,82178,3,,3
inbound,82155,82176,82179,3,,4
update,82165,82186,82189,3,,5
update,82176,82197,82200,3,,6
update,82187,82208,82211,3,,7
update,82198,82218,82223,5,,8
inbound,82200,82221,82225,4,,9
update,82209,82230,82234,4,,10
inbound,82210,82231,82235,4,,11
update,82220,82241,82246,5,,12
inbound,82225,82245,82252,7,,13
update,82231,82252,82255,3,,14
update,82242,82263,82268,5,,15
update,82253,82274,82277,3,,0
update,82264,82285,82288,3,,1
inbound,82265,82286,82289,3,,2
update,82275,82296,82299,3,,3
update,82286,82307,82310,3,,4
update,82297,82317,82321,4,,5
update,82308,82329,82332,3,,6
update,82319,82339,82343,4,,7
inbound,82320,82341,82344,3,,8
update,82330,82350,82353,3,,9
update,82341,82361,82364,3,,10
update,82352,82372,82375,3,,11
update,82363,82383,82387,4,,12
update,82374,82395,82399,4,,13
inbound,82375,82396,82400,4,,14
update,82385,82406,82409,3,,15
update,82396,82417,82420,3,,0
inbound,82400,82421,82424,3,,1
update,82407,82427,82431,4,,2
update,82418,82439,82442,3,,3
inbound,82425,82446,82449,3,,4
update,82429,82450,82453,3,,5
inbound,82430,82450,82453,3,,6
update,82440,82460,82463,3,,7
update,82451,82472,82475,3,,8
update,82462,82483,82486,3,,9
update,82473,82494,82497,3,,10
update,82484,82505,82508,3,,11
inbound,82485,82506,82510,4,,12
update,82495,82515,82518,3,,13
update,82506,82527,82530,3,,14
update,82517,82538,82541,3,,15
update,82528,82549,82553,4,,0
inbound,82540,82560,82564,4,,2
update,82539,82560,82564,4,,1
update,82550,82571,82574,3,,3
update,82561,82582,82585,3,,4
update,82572,82593,82596,3,,5
update,82583,82604,82608,4,,6
inbound,82595,82615,82620,5,,8
update,82594,82615,82621,6,,7
update,82605,82626,82630,4,,9
update,82616,82636,82641,5,,10
update,82627,82648,82654,6,,11
update,82638,82658,82663,5,,12
update,82649,82669,82673,4,,13
inbound,82650,82671,82675,4,,14
update,82660,82681,82684,3,,15
update,82671,82692,82695,3,,0
update,82682,82703,82706,3,,1
update,82693,82714,82717,3,,2
inbound,82705,82726,82733,7,,4
update,82704,82725,82733,8,,3
update,82715,82736,82740,4,,5
update,82726,82747,82750,3,,6
update,82737,82758,82761,3,,7
update,82748,82769,82772,3,,8
inbound,82760,82780,82782,2,,10
update,82759,82780,82784,4,,9
update,82770,82790,82795,5,,11
update,82781,82802,82806,4,,12
update,82792,82813,82817,4,,13
update,82803,82824,82828,4,,14
update,82814,82835,82840,5,,15
inbound,82815,82835,82840,5,,0
update,82825,82845,82850,5,,1
update,82836,82857,82860,3,,2
update,82847,82868,82871,3,,3
update,82858,82879,82882,3,,4
update,82869,82890,82893,3,,5
update,82880,82900,82904,4,,6
update,82891,82912,82915,3,,7
update,82902,82923,82927,4,,8
update,82913,82933,82938,5,,9
update,82924,82945,82948,3,,10
update,83000,83020,83024,4,,11
inbound,83000,83022,83025,3,,12
update,83011,83032,83035,3,,13
update,83022,83043,83046,3,,14
inbound,83025,83047,83051,4,,15
update,83033,83054,83057,3,,0
update,83044,83065,83068,3,,1
update,83055,83076,83078,2,,2
update,83066,83087,83090,3,,3
update,83077,83098,83102,4,,4
update,83088,83108,83111,3,,5
update,83099,83119,83123,4,,6
inbound,83100,83122,83124,2,,7
update,83110,83131,83134,3,,8
update,83121,83142,83144,2,,9
update,83132,83153,83155,2,,10
update,83143,83164,83166,2,,11
update,83154,83175,83179,4,,12
inbound,83155,83176,83180,4,,13
update,83165,83186,83189,3,,14
update,83176,83197,83200,3,,15
update,83187,83207,83212,5,,0
update,83198,83219,83222,3,,1
inbound,83200,83221,83224,3,,2
update,83209,83229,83232,3,,3
inbound,83210,83232,83235,3,,4
update,83220,83241,83244,3,,5
inbound,83225,83247,83250,3,,6
update,83231,83252,83254,2,,7
update,83242,83263,83266,3,,8
update,83253,83274,83276,2,,9
update,83264,83285,83288,3,,10
inbound,83265,83287,83290,3,,11
update,83275,83295,83298,3,,12
update,83286,83307,83310,3,,13
update,83297,83318,83321,3,,14
update,83308,83329,83332,3,,15
update,83319,83339,83342,3,,0
inbound,83320,83342,83345,3,,1
update,83330,83350,83353,3,,2
update,83341,83361,83364,3,,3
update,83352,83373,83376,3,,4
update,83363,83384,83387,3,,5
update,83374,83395,83399,4,,6
inbound,83375,83397,83400,3,,7
update,83385,83406,83408,2,,8
update,83396,83417,83419,2,,9
inbound,83400,83422,83424,2,,10
update,83407,83428,83431,3,,11
update,83418,83438,83441,3,,12
inbound,83425,83447,83449,2,,13
update,83429,83449,83453,4,,14
inbound,83430,83452,83454,2,,15
update,83440,83461,83464,3,,0
update,83451,83472,83475,3,,1
update,83462,83483,83486,3,,2
update,83473,83494,83496,2,,3
update,83484,83505,83508,3,,4
inbound,83485,83507,83510,3,,5
update,83495,83515,83518,3,,6
update,83506,83527,83530,3,,7
update,83517,83538,83541,3,,8
update,83528,83548,83552,4,,9
update,83539,83560,83563,3,,10
inbound,83540,83562,83565,3,,11
update,83550,83570,83573,3,,12
update,83561,83582,83585,3,,13
update,83572,83593,83596,3,,14
update,83583,83604,83607,3,,15
update,83594,83614,83617,3,,0
inbound,83595,83617,83620,3,,1
update,83605,83625,83628,3,,2
update,83616,83637,83640,3,,3
update,83627,83648,83651,3,,4
update,83638,83659,83661,2,,5
update,83649,83669,83673,4,,6
inbound,83650,83672,83675,3,,7
update,83660,83681,83683,2,,8
update,83671,83692,83695,3,,9
update,83682,83703,83706,3,,10
update,83693,83714,83717,3,,11
update,83704,83724,83728,4,,12
inbound,83705,83726,83733,7,,13
update,83715,83736,83740,4,,14
update,83726,83747,83750,3,,15
update,83737,83757,83761,4,,0
update,83748,83768,83771,3,,1
update,83759,83779,83783,4,,2
inbound,83760,83782,83784,2,,3
update,83770,83791,83794,3,,4
update,83781,83802,83805,3,,5
update,83792,83812,83816,4,,6
update,83803,83824,83827,3,,7
update,83814,83835,83838,3,,8
inbound,83815,83837,83840,3,,9
update,83825,83846,83849,3,,10
update,83836,83857,83860,3,,11
update,83847,83868,83871,3,,12
update,83858,83880,83883,3,,13
update,83869,83891,83894,3,,14
update,83880,83901,83905,4,,15
update,83891,83913,83916,3,,0
update,83902,83924,83927,3,,1
update,83913,83934,83937,3,,2
update,83924,83946,83949,3,,3
update,84000,84021,84025,4,,4
inbound,84000,84021,84026,5,,5
update,84011,84033,84036,3,,6
update,84022,84044,84047,3,,7
inbound,84025,84047,84051,4,,8
update,84033,84055,84059,4,,9
update,84044,84066,84069,3,,10
update,84055,84076,84079,3,,11
update,84066,84088,84091,3,,12
update,84077,84099,84102,3,,13
update,84088,84109,84113,4,,14
update,84099,84121,84125,4,,15
inbound,84100,84122,84126,4,,0
update,84110,84132,84135,3,,1
update,84121,84143,84146,3,,2
update,84132,84154,84158,4,,3
update,84143,84165,84168,3,,4
update,84154,84176,84179,3,,5
inbound,84155,84177,84181,4,,6
update,84165,84186,84189,3,,7
update,84176,84197,84201,4,,8
update,84187,84209,84212,3,,9
update,84198,84220,84223,3,,10
inbound,84200,84222,84225,3,,11
update,84209,84231,84234,3,,12
inbound,84210,84232,84236,4,,13
update,84220,84242,84245,3,,14
inbound,84225,84247,84250,3,,15
update,84231,84253,84256,3,,0
update,84242,84263,84267,4,,1
update,84253,84275,84277,2,,2
update,84264,84285,84289,4,,3
inbound,84265,84286,84291,5,,4
update,84275,84296,84299,3,,5
update,84286,84307,84311,4,,6
update,84297,84319,84322,3,,7
update,84308,84329,84332,3,,8
update,84319,84341,84344,3,,9
inbound,84320,84342,84346,4,,10
update,84330,84351,84356,5,,11
update,84341,84363,84365,2,,12
update,84352,84373,84376,3,,13
update,84363,84385,84388,3,,14
update,84374,84396,84399,3,,15
inbound,84375,84397,84404,7,,0
update,84385,84407,84410,3,,1
update,84396,84418,84420,2,,2
inbound,84400,84422,84425,3,,3
update,84407,84428,84431,3,,4
update,84418,84440,84443,3,,5
inbound,84425,84447,84450,3,,6
update,84429,84450,84454,4,,7
inbound,84430,84452,84455,3,,8
update,84440,84462,84464,2,,9
update,84451,84473,84477,4,,10
update,84462,84484,84487,3,,11
update,84473,84495,84498,3,,12
update,84484,84505,84513,8,,13
inbound,84485,84506,84513,7,,14
update,84495,84516,84520,4,,15
update,84506,84528,84531,3,,0
update,84517,84539,84542,3,,1
update,84528,84550,84552,2,,2
update,84539,84560,84564,4,,3
inbound,84540,84562,84565,3,,4
update,84550,84572,84575,3,,5
update,84561,84583,84586,3,,6
update,84572,84594,84596,2,,7
update,84583,84604,84607,3,,8
inbound,84595,84617,84621,4,,10
update,84594,84616,84621,5,,9
update,84605,84626,84630,4,,11
update,84616,84638,84641,3,,12
update,84627,84648,84651,3,,13
update,84638,84659,84662,3,,14
update,84649,84670,84674,4,,15
inbound,84650,84672,84675,3,,0
update,84660,84681,84685,4,,1
update,84671,84692,84695,3,,2
update,84682,84704,84707,3,,3
update,84693,84715,84718,3,,4
update,84704,84726,84730,4,,5
inbound,84705,84727,84731,4,,6
update,84715,84737,84741,4,,7
update,84726,84748,84751,3,,8
update,84737,84759,84762,3,,9
update,84748,84770,84773,3,,10
update,84759,84781,84784,3,,11
inbound,84760,84782,84785,3,,12
update,84770,84791,84795,4,,13
update,84781,84803,84806,3,,14
update,84792,84814,84817,3,,15
update,84803,84825,84828,3,,0
inbound,84815,84837,84842,5,,2
update,84814,84836,84843,7,,1
update,84825,84847,84850,3,,3
update,84836,84858,84861,3,,4
update,84847,84869,84872,3,,5
update,84858,84880,84883,3,,6
update,84869,84891,84894,3,,7
update,84880,84902,84905,3,,8
update,84891,84913,84916,3,,9
update,84902,84924,84927,3,,10
update,84913,84934,84937,3,,11
update,84924,84946,84949,3,,12
inbound,85000,85021,85025,4,,14
update,85000,85021,85025,4,,13
update,85011,85033,85036,3,,15
update,85022,85044,85047,3,,0
inbound,85025,85046,85049,3,,1
update,85033,85055,85059,4,,2
update,85044,85066,85068,2,,3
update,85055,85076,85079,3,,4
update,85066,85088,85091,3,,5
update,85077,85099,85101,2,,6
update,85088,85110,85113,3,,7
update,85099,85121,85124,3,,8
inbound,85100,85122,85125,3,,9
update,85110,85132,85135,3,,10
update,85121,85143,85146,3,,11
update,85132,85154,85157,3,,12
update,85143,85165,85168,3,,13
update,85154,85176,85180,4,,14
inbound,85155,85177,85181,4,,15
update,85165,85187,85190,3,,0
update,85176,85198,85201,3,,1
update,85187,85208,85211,3,,2
update,85198,85220,85223,3,,3
inbound,85200,85222,85225,3,,4
update,85209,85231,85234,3,,5
inbound,85210,85232,85235,3,,6
update,85220,85241,85244,3,,7
inbound,85225,85247,85250,3,,8
update,85231,85253,85256,3,,9
update,85242,85264,85268,4,,10
update,85253,85275,85277,2,,11
update,85264,85285,85289,4,,12
inbound,85265,85287,85290,3,,13
update,85275,85297,85299,2,,14
update,85286,85308,85312,4,,15
update,85297,85318,85321,3,,0
update,85308,85329,85333,4,,1
update,85319,85341,85345,4,,2
inbound,85320,85342,85346,4,,3
update,85330,85352,85355,3,,4
update,85341,85363,85367,4,,5
update,85352,85374,85379,5,,6
update,85363,85385,85393,8,,7
inbound,85375,85396,85400,4,,9
update,85374,85396,85401,5,,8
update,85385,85407,85410,3,,10
update,85396,85418,85420,2,,11
inbound,85400,85422,85424,2,,12
update,85407,85428,85431,3,,13
update,85418,85439,85443,4,,14
inbound,85425,85447,85449,2,,15
update,85429,85451,85454,3,,0
inbound,85430,85452,85455,3,,1
update,85440,85461,85464,3,,2
update,85451,85473,85476,3,,3
update,85462,85484,85487,3,,4
update,85473,85494,85499,5,,5
update,85484,85505,85508,3,,6
inbound,85485,85506,85509,3,,7
update,85495,85517,85519,2,,8
update,85506,85527,85530,3,,9
update,85517,85538,85541,3,,10
update,85528,85549,85552,3,,11
update,85539,85561,85564,3,,12
inbound,85540,85562,85565,3,,13
update,85550,85572,85575,3,,14
update,85561,85583,85586,3,,15
update,85572,85594,85597,3,,0
update,85583,85604,85610,6,,1
update,85594,85616,85619,3,,2
inbound,85595,85617,85620,3,,3
update,85605,85627,85630,3,,4
update,85616,85637,85640,3,,5
update,85627,85648,85651,3,,6
update,85638,85660,85663,3,,7
update,85649,85671,85674,3,,8
inbound,85650,85672,85675,3,,9
update,85660,85682,85685,3,,10
update,85671,85692,85695,3,,11
update,85682,85704,85707,3,,12
update,85693,85715,85718,3,,13
inbound,85705,85726,85730,4,,15
update,85704,85726,85730,4,,14
update,85715,85737,85742,5,,0
update,85726,85748,85751,3,,1
update,85737,85759,85762,3,,2
update,85748,85770,85773,3,,3
inbound,85760,85782,85784,2,,5
update,85759,85781,85784,3,,4
update,85770,85791,85795,4,,6
update,85781,85803,85806,3,,7
update,85792,85813,85816,3,,8
update,85803,85825,85828,3,,9
inbound,85815,85837,85839,2,,11
update,85814,85836,85840,4,,10
update,85825,85847,85850,3,,12
update,85836,85858,85861,3,,13
update,85847,85869,85872,3,,14
update,85858,85880,85883,3,,15
update,85869,85891,85894,3,,0
update,85880,85902,85906,4,,1
update,85891,85913,85916,3,,2
update,85902,85924,85928,4,,3
update,85913,85935,85939,4,,4
update,85924,85946,85949,3,,5
inbound,86000,86022,86025,3,,7
update,86000,86022,86025,3,,6
update,86011,86033,86036,3,,8
update,86022,86044,86049,5,,9
inbound,86025,86047,86049,2,,10
update,86033,86055,86059,4,,11
update,86044,86066,86072,6,,12
update,86055,86077,86080,3,,13
update,86066,86088,86091,3,,14
update,86077,86099,86102,3,,15
update,86088,86110,86113,3,,0
update,86099,86121,86125,4,,1
inbound,86100,86122,86125,3,,2
update,86110,86132,86135,3,,3
update,86121,86142,86145,3,,4
update,86132,86153,86160,7,,5
update,86143,86164,86168,4,,6
update,86154,86176,86179,3,,7
inbound,86155,86177,86181,4,,8
update,86165,86186,86189,3,,9
update,86176,86197,86201,4,,10
update,86187,86209,86212,3,,11
update,86198,86220,86223,3,,12
inbound,86200,86222,86225,3,,13
update,86209,86230,86234,4,,14
inbound,86210,86232,86235,3,,15
update,86220,86242,86246,4,,0
inbound,86225,86247,86250,3,,1
update,86231,86253,86256,3,,2
update,86242,86264,86269,5,,3
update,86253,86274,86277,3,,4
update,86264,86286,86290,4,,5
inbound,86265,86286,86290,4,,6
update,86275,86297,86300,3,,7
update,86286,86308,86312,4,,8
update,86297,86318,86321,3,,9
update,86308,86330,86332,2,,10
update,86319,86341,86345,4,,11
inbound,86320,86342,86346,4,,12
update,86330,86352,86355,3,,13
update,86341,86363,86366,3,,14
update,86352,86373,86376,3,,15
update,86363,86385,86387,2,,0
inbound,86375,86397,86403,6,,2
update,86374,86396,86405,9,,1
update,86385,86407,86413,6,,3
update,86396,86418,86422,4,,4
inbound,86400,86422,86426,4,,5
update,86407,86429,86433,4,,6
update,86418,86440,86444,4,,7
inbound,86425,86447,86452,5,,8
update,86429,86451,86455,4,,9
inbound,86430,86452,86458,6,,10
update,86440,86462,86465,3,,11
update,86451,86473,86476,3,,12
update,86462,86483,86490,7,,13
update,86473,86494,86500,6,,14
update,86484,86506,86511,5,,15
inbound,86485,86507,86513,6,,0
update,86495,86516,86521,5,,1
update,86506,86529,86546,17,,2
update,86517,86538,86548,10,,3
update,86528,86549,86554,5,,4
update,86539,86561,86564,3,,5
inbound,86540,86562,86566,4,,6
update,86550,86572,86574,2,,7
update,86561,86582,86586,4,,8
update,86572,86594,86597,3,,9
update,86583,86605,86609,4,,10
update,86594,86616,86619,3,,11
inbound,86595,86617,86622,5,,12
update,86605,86627,86630,3,,13
update,86616,86637,86640,3,,14
update,86627,86649,86652,3,,15
update,86638,86660,86663,3,,0
update,86649,86671,86675,4,,1
inbound,86650,86672,86676,4,,2
update,86660,86682,86685,3,,3
update,86671,86692,86695,3,,4
update,86682,86704,86707,3,,5
update,86693,86715,86718,3,,6
update,86704,86726,86730,4,,7
inbound,86705,86727,86731,4,,8
update,86715,86736,86739,3,,9
update,86726,86748,86753,5,,10
update,86737,86759,86764,5,,11
update,86748,86769,86773,4,,12
update,86759,86780,86784,4,,13
inbound,86760,86782,86785,3,,14
update,86770,86792,86795,3,,15
update,86781,86803,86806,3,,0
update,86792,86814,86818,4,,1
update,86803,86825,86828,3,,2
inbound,86815,86837,86839,2,,4
update,86814,86836,86839,3,,3
update,86825,86847,86850,3,,5
update,86836,86858,86861,3,,6
update,86847,86869,86872,3,,7
update,86858,86880,86883,3,,8
update,86869,86890,86893,3,,9
update,86880,86902,86905,3,,10
update,86891,86913,86915,2,,11
update,86902,86924,86928,4,,12
update,86913,86935,86938,3,,13
update,86924,86946,86949,3,,14
inbound,87000,87021,87025,4,,0
update,87000,87021,87025,4,,15
update,87011,87032,87035,3,,1
update,87022,87044,87047,3,,2
inbound,87025,87047,87049,2,,3
update,87033,87055,87058,3,,4
update,87044,87065,87069,4,,5
update,87055,87077,87080,3,,6
update,87066,87087,87090,3,,7
update,87077,87099,87102,3,,8
update,87088,87109,87112,3,,9
update,87099,87120,87124,4,,10
inbound,87100,87121,87125,4,,11
update,87110,87132,87135,3,,12
update,87121,87142,87147,5,,13
update,87132,87153,87156,3,,14
update,87143,87165,87167,2,,15
update,87154,87176,87180,4,,0
inbound,87155,87177,87180,3,,1
update,87165,87187,87190,3,,2
update,87176,87197,87200,3,,3
update,87187,87209,87212,3,,4
update,87198,87219,87222,3,,5
inbound,87200,87221,87224,3,,6
update,87209,87231,87234,3,,7
inbound,87210,87232,87236,4,,8
update,87220,87242,87245,3,,9
inbound,87225,87246,87249,3,,10
update,87231,87253,87260,7,,11
update,87242,87264,87267,3,,12
update,87253,87275,87278,3,,13
update,87264,87286,87289,3,,14
inbound,87265,87287,87291,4,,15
update,87275,87297,87300,3,,0
update,87286,87308,87311,3,,1
update,87297,87319,87323,4,,2
update,87308,87330,87333,3,,3
update,87319,87341,87344,3,,4
inbound,87320,87342,87346,4,,5
update,87330,87352,87355,3,,6
update,87341,87362,87367,5,,7
update,87352,87374,87377,3,,8
update,87363,87385,87387,2,,9
update,87374,87396,87400,4,,10
inbound,87375,87397,87401,4,,11
update,87385,87407,87410,3,,12
update,87396,87418,87421,3,,13
inbound,87400,87422,87425,3,,14
update,87407,87429,87432,3,,15
update,87418,87440,87443,3,,0
inbound,87425,87447,87450,3,,1
update,87429,87450,87454,4,,2
inbound,87430,87451,87455,4,,3
update,87440,87462,87465,3,,4
update,87451,87473,87477,4,,5
update,87462,87483,87486,3,,6
update,87473,87495,87498,3,,7
update,87484,87505,87510,5,,8
inbound,87485,87507,87511,4,,9
update,87495,87517,87519,2,,10
update,87506,87528,87530,2,,11
update,87517,87539,87542,3,,12
update,87528,87550,87554,4,,13
update,87539,87560,87564,4,,14
inbound,87540,87562,87565,3,,15
update,87550,87572,87575,3,,0
update,87561,87583,87586,3,,1
update,87572,87594,87597,3,,2
update,87583,87605,87608,3,,3
update,87594,87615,87619,4,,4
inbound,87595,87617,87621,4,,5
update,87605,87627,87630,3,,6
update,87616,87638,87640,2,,7
update,87627,87649,87652,3,,8
update,87638,87660,87664,4,,9
update,87649,87671,87674,3,,10
inbound,87650,87672,87675,3,,11
update,87660,87682,87685,3,,12
update,87671,87692,87695,3,,13
update,87682,87704,87708,4,,14
update,87693,87715,87718,3,,15
update,87704,87726,87730,4,,0
inbound,87705,87727,87730,3,,1
update,87715,87736,87739,3,,2
update,87726,87748,87755,7,,3
update,87737,87758,87762,4,,4
update,87748,87770,87773,3,,5
update,87759,87781,87784,3,,6
inbound,87760,87782,87785,3,,7
update,87770,87792,87795,3,,8
update,87781,87803,87806,3,,9
update,87792,87814,87817,3,,10
update,87803,87825,87828,3,,11
update,87814,87836,87839,3,,12
inbound,87815,87837,87840,3,,13
update,87825,87847,87850,3,,14
update,87836,87858,87861,3,,15
update,87847,87868,87871,3,,0
update,87858,87880,87882,2,,1
update,87869,87891,87894,3,,2
update,87880,87902,87905,3,,3
update,87891,87913,87916,3,,4
update,87902,87924,87927,3,,5
update,87913,87934,87937,3,,6
update,87924,87946,87949,3,,7
inbound,88000,88021,88024,3,,9
update,88000,88021,88025,4,,8
update,88011,88033,88036,3,,10
update,88022,88043,88046,3,,11
inbound,88025,88046,88049,3,,12
update,88033,88055,88058,3,,13
update,88044,88065,88068,3,,14
update,88055,88076,88080,4,,15
update,88066,88087,88090,3,,0
update,88077,88099,88102,3,,1
update,88088,88110,88113,3,,2
update,88099,88121,88125,4,,3
inbound,88100,88122,88126,4,,4
update,88110,88132,88136,4,,5
update,88121,88143,88146,3,,6
update,88132,88154,88157,3,,7
update,88143,88165,88168,3,,8
update,88154,88176,88180,4,,9
inbound,88155,88177,88181,4,,10
update,88165,88187,88190,3,,11
update,88176,88198,88201,3,,12
update,88187,88209,88213,4,,13
update,88198,88220,88222,2,,14
inbound,88200,88222,88226,4,,15
update,88209,88231,88234,3,,0
inbound,88210,88232,88236,4,,1
update,88220,88242,88245,3,,2
inbound,88225,88247,88249,2,,3
update,88231,88253,88256,3,,4
update,88242,88264,88266,2,,5
update,88253,88275,88279,4,,6
update,88264,88285,88289,4,,7
inbound,88265,88286,88290,4,,8
update,88275,88297,88300,3,,9
update,88286,88308,88312,4,,10
update,88297,88318,88321,3,,11
update,88308,88329,88333,4,,12
update,88319,88341,88344,3,,13
inbound,88320,88342,88346,4,,14
update,88330,88352,88356,4,,15
update,88341,88362,88365,3,,0
update,88352,88374,88377,3,,1
update,88363,88384,88390,6,,2
update,88374,88396,88401,5,,3
inbound,88375,88397,88403,6,,4
update,88385,88407,88410,3,,5
update,88396,88417,88420,3,,6
inbound,88400,88422,88425,3,,7
update,88407,88429,88432,3,,8
update,88418,88440,88443,3,,9
inbound,88425,88446,88449,3,,10
inbound,88430,88451,88454,3,,12
update,88429,88451,88454,3,,11
update,88440,88462,88467,5,,13
update,88451,88473,88476,3,,14
update,88462,88483,88487,4,,15
update,88473,88495,88498,3,,0
update,88484,88506,88510,4,,1
inbound,88485,88507,88511,4,,2
update,88495,88517,88520,3,,3
update,88506,88528,88530,2,,4
update,88517,88538,88541,3,,5
update,88528,88549,88553,4,,6
update,88539,88561,88565,4,,7
inbound,88540,88562,88566,4,,8
update,88550,88572,88575,3,,9
update,88561,88582,88585,3,,10
update,88572,88594,88597,3,,11
update,88583,88605,88607,2,,12
update,88594,88615,88619,4,,13
inbound,88595,88616,88620,4,,14
update,88605,88627,88630,3,,15
update,88616,88638,88641,3,,0
update,88627,88649,88653,4,,1
update,88638,88660,88662,2,,2
update,88649,88671,88674,3,,3
inbound,88650,88672,88675,3,,4
update,88660,88682,88686,4,,5
update,88671,88692,88695,3,,6
update,88682,88704,88707,3,,7
update,88693,88715,88718,3,,8
update,88704,88726,88730,4,,9
inbound,88705,88727,88730,3,,10
update,88715,88737,88740,3,,11
update,88726,88748,88751,3,,12
update,88737,88759,88763,4,,13
update,88748,88770,88775,5,,14
update,88759,88781,88784,3,,15
inbound,88760,88782,88785,3,,0
update,88770,88791,88794,3,,1
update,88781,88802,88807,5,,2
update,88792,88813,88817,4,,3
update,88803,88825,88828,3,,4
update,88814,88836,88840,4,,5
inbound,88815,88837,88840,3,,6
update,88825,88847,88850,3,,7
update,88836,88858,88861,3,,8
update,88847,88869,88872,3,,9
update,88858,88880,88882,2,,10
update,88869,88891,88894,3,,11
update,88880,88902,88905,3,,12
update,88891,88913,88916,3,,13
update,88902,88924,88926,2,,14
update,88913,88935,88939,4,,15
update,88924,88946,88949,3,,0
update,89000,89022,89025,3,,1
inbound,89000,89022,89025,3,,2
update,89011,89033,89035,2,,3
update,89022,89044,89047,3,,4
inbound,89025,89047,89049,2,,5
update,89033,89054,89059,5,,6
update,89044,89066,89069,3,,7
update,89055,89077,89080,3,,8
update,89066,89088,89091,3,,9
update,89077,89099,89102,3,,10
update,89088,89110,89113,3,,11
update,89099,89121,89124,3,,12
inbound,89100,89121,89125,4,,13
update,89110,89132,89134,2,,14
update,89121,89143,89145,2,,15
update,89132,89154,89157,3,,0
update,89143,89165,89168,3,,1
update,89154,89175,89179,4,,2
inbound,89155,89177,89180,3,,3
update,89165,89187,89190,3,,4
update,89176,89197,89200,3,,5
update,89187,89208,89211,3,,6
update,89198,89220,89223,3,,7
inbound,89200,89221,89224,3,,8
update,89209,89230,89233,3,,9
inbound,89210,89231,89234,3,,10
update,89220,89242,89244,2,,11
inbound,89225,89246,89249,3,,12
update,89231,89252,89255,3,,13
update,89242,89263,89266,3,,14
update,89253,89275,89278,3,,15
update,89264,89286,89289,3,,0
inbound,89265,89287,89290,3,,1
update,89275,89296,89299,3,,2
update,89286,89307,89311,4,,3
update,89297,89319,89321,2,,4
update,89308,89329,89332,3,,5
update,89319,89340,89344,4,,6
inbound,89320,89342,89345,3,,7
update,89330,89352,89355,3,,8
update,89341,89363,89365,2,,9
update,89352,89374,89376,2,,10
update,89363,89385,89387,2,,11
update,89374,89396,89399,3,,12
inbound,89375,89396,89400,4,,13
update,89385,89407,89410,3,,14
update,89396,89418,89421,3,,15
inbound,89400,89422,89424,2,,0
update,89407,89428,89431,3,,1
update,89418,89440,89443,3,,2
inbound,89425,89447,89454,7,,3
update,89429,89451,89454,3,,4
inbound,89430,89452,89455,3,,5
update,89440,89461,89464,3,,6
update,89451,89473,89476,3,,7
update,89462,89484,89487,3,,8
update,89473,89495,89498,3,,9
update,89484,89505,89509,4,,10
inbound,89485,89507,89510,3,,11
update,89495,89517,89520,3,,12
update,89506,89528,89531,3,,13
update,89517,89539,89542,3,,14
update,89528,89550,89553,3,,15
update,89539,89561,89564,3,,0
inbound,89540,89562,89565,3,,1
update,89550,89572,89576,4,,2
update,89561,89583,89586,3,,3
update,89572,89593,89597,4,,4
update,89583,89605,89609,4,,5
update,89594,89615,89619,4,,6
inbound,89595,89617,89620,3,,7
update,89605,89627,89630,3,,8
update,89616,89638,89641,3,,9
update,89627,89649,89652,3,,10
update,89638,89659,89662,3,,11
update,89649,89670,89674,4,,12
inbound,89650,89672,89675,3,,13
update,89660,89682,89685,3,,14
update,89671,89693,89696,3,,15
update,89682,89704,89707,3,,0
update,89693,89715,89718,3,,1
update,89704,89726,89730,4,,2
inbound,89705,89727,89731,4,,3
update,89715,89737,89740,3,,4
update,89726,89747,89750,3,,5
update,89737,89759,89764,5,,6
update,89748,89770,89774,4,,7
inbound,89760,89782,89784,2,,9
update,89759,89781,89785,4,,8
update,89770,89792,89795,3,,10
update,89781,89803,89806,3,,11
update,89792,89814,89817,3,,12
update,89803,89825,89828,3,,13
inbound,89815,89837,89839,2,,15
update,89814,89836,89839,3,,14
update,89825,89847,89849,2,,0
update,89836,89858,89861,3,,1
update,89847,89868,89872,4,,2
update,89858,89880,89883,3,,3
update,89869,89891,89894,3,,4
update,89880,89902,89905,3,,5
update,89891,89913,89916,3,,6
update,89902,89924,89927,3,,7
update,89913,89935,89938,3,,8
update,89924,89946,89949,3,,9
inbound,90000,90022,90025,3,,11
update,90000,90021,90027,6,,10
update,90011,90033,90036,3,,12
update,90022,90044,90047,3,,13
inbound,90025,90047,90050,3,,14
update,90033,90055,90057,2,,15
update,90044,90066,90069,3,,0
update,90055,90077,90080,3,,1
update,90066,90087,90091,4,,2
update,90077,90098,90101,3,,3
update,90088,90110,90113,3,,4
inbound,90100,90121,90125,4,,6
update,90099,90121,90125,4,,5
update,90110,90132,90135,3,,7
update,90121,90143,90146,3,,8
update,90132,90154,90159,5,,9
update,90143,90164,90168,4,,10
update,90154,90176,90180,4,,11
inbound,90155,90177,90181,4,,12
update,90165,90186,90190,4,,13
update,90176,90197,90200,3,,14
update,90187,90208,90212,4,,15
update,90198,90220,90223,3,,0
inbound,90200,90221,90225,4,,1
update,90209,90231,90235,4,,2
inbound,90210,90232,90236,4,,3
update,90220,90242,90245,3,,4
inbound,90225,90247,90251,4,,5
update,90231,90253,90256,3,,6
update,90242,90263,90266,3,,7
update,90253,90275,90277,2,,8
update,90264,90286,90289,3,,9
inbound,90265,90286,90290,4,,10
update,90275,90297,90300,3,,11
update,90286,90308,90311,3,,12
update,90297,90318,90322,4,,13
update,90308,90330,90333,3,,14
update,90319,90340,90344,4,,15
inbound,90320,90342,90346,4,,0
update,90330,90352,90355,3,,1
update,90341,90363,90366,3,,2
update,90352,90374,90379,5,,3
update,90363,90385,90408,23,,4
update,90374,90396,90409,13,,5
inbound,90375,90397,90409,12,,6
update,90385,90407,90412,5,,7
update,90396,90419,90423,4,,8
inbound,90400,90421,90426,5,,9
update,90407,90429,90433,4,,10
update,90418,90439,90444,5,,11
inbound,90425,90446,90449,3,,12
update,90429,90451,90455,4,,13
inbound,90430,90452,90456,4,,14
update,90440,90461,90464,3,,15
update,90451,90473,90476,3,,0
update,90462,90484,90487,3,,1
update,90473,90495,90498,3,,2
update,90484,90506,90509,3,,3
inbound,90485,90506,90511,5,,4
update,90495,90517,90520,3,,5
update,90506,90528,90531,3,,6
update,90517,90539,90542,3,,7
update,90528,90549,90553,4,,8
update,90539,90560,90564,4,,9
inbound,90540,90561,90565,4,,10
update,90550,90572,90575,3,,11
update,90561,90582,90586,4,,12
update,90572,90593,90597,4,,13
update,90583,90605,90608,3,,14
update,90594,90616,90620,4,,15
inbound,90595,90617,90621,4,,0
update,90605,90626,90629,3,,1
update,90616,90638,90641,3,,2
update,90627,90649,90652,3,,3
update,90638,90659,90663,4,,4
update,90649,90670,90674,4,,5
inbound,90650,90671,90675,4,,6
update,90660,90682,90684,2,,7
update,90671,90692,90696,4,,8
update,90682,90704,90707,3,,9
update,90693,90714,90717,3,,10
update,90704,90725,90729,4,,11
inbound,90705,90727,90731,4,,12
update,90715,90736,90740,4,,13
update,90726,90748,90753,5,,14
update,90737,90759,90763,4,,15
update,90748,90769,90775,6,,0
inbound,90760,90781,90783,2,,2
update,90759,90781,90785,4,,1
update,90770,90792,90795,3,,3
update,90781,90803,90806,3,,4
update,90792,90814,90817,3,,5
update,90803,90825,90828,3,,6
inbound,90815,90837,90839,2,,8
update,90814,90836,90840,4,,7
update,90825,90847,90850,3,,9
update,90836,90857,90861,4,,10
update,90847,90869,90872,3,,11
update,90858,90879,90883,4,,12
update,90869,90890,90895,5,,13
update,90880,90902,90905,3,,14
update,90891,90913,90917,4,,15
update,90902,90924,90928,4,,0
update,90913,90934,90937,3,,1
update,90924,90945,90949,4,,2
inbound,91000,91022,91025,3,,4
update,91000,91022,91025,3,,3
update,91011,91032,91035,3,,5
update,91022,91044,91047,3,,6
inbound,91025,91047,91050,3,,7
update,91033,91055,91058,3,,8
update,91044,91066,91069,3,,9
update,91055,91077,91079,2,,10
update,91066,91088,91091,3,,11
update,91077,91098,91102,4,,12
update,91088,91109,91113,4,,13
update,91099,91120,91124,4,,14
inbound,91100,91122,91126,4,,15
update,91110,91131,91134,3,,0
update,91121,91143,91146,3,,1
update,91132,91154,91157,3,,2
update,91143,91165,91168,3,,3
update,91154,91176,91179,3,,4
inbound,91155,91177,91182,5,,5
update,91165,91187,91190,3,,6
update,91176,91197,91200,3,,7
update,91187,91209,91212,3,,8
update,91198,91220,91222,2,,9
inbound,91200,91222,91225,3,,10
update,91209,91231,91234,3,,11
inbound,91210,91232,91237,5,,12
update,91220,91241,91246,5,,13
inbound,91225,91247,91250,3,,14
update,91231,91252,91256,4,,15
update,91242,91264,91267,3,,0
update,91253,91274,91277,3,,1
update,91264,91286,91290,4,,2
inbound,91265,91287,91291,4,,3
update,91275,91296,91300,4,,4
update,91286,91307,91310,3,,5
update,91297,91319,91322,3,,6
update,91308,91330,91333,3,,7
update,91319,91341,91345,4,,8
inbound,91320,91342,91347,5,,9
update,91330,91352,91355,3,,10
update,91341,91363,91366,3,,11
update,91352,91374,91377,3,,12
update,91363,91384,91388,4,,13
update,91374,91395,91399,4,,14
inbound,91375,91396,91400,4,,15
update,91385,91407,91410,3,,0
update,91396,91418,91421,3,,1
inbound,91400,91421,91424,3,,2
update,91407,91429,91432,3,,3
update,91418,91440,91443,3,,4
inbound,91425,91446,91450,4,,5
update,91429,91451,91454,3,,6
inbound,91430,91452,91456,4,,7
update,91440,91461,91465,4,,8
update,91451,91473,91476,3,,9
update,91462,91484,91487,3,,10
update,91473,91495,91498,3,,11
update,91484,91506,91510,4,,12
inbound,91485,91507,91511,4,,13
update,91495,91517,91520,3,,14
update,91506,91528,91531,3,,15
update,91517,91539,91541,2,,0
update,91528,91550,91553,3,,1
update,91539,91561,91565,4,,2
inbound,91540,91562,91565,3,,3
update,91550,91572,91575,3,,4
update,91561,91583,91586,3,,5
update,91572,91594,91597,3,,6
update,91583,91605,91608,3,,7
update,91594,91616,91621,5,,8
inbound,91595,91617,91621,4,,9
update,91605,91627,91630,3,,10
update,91616,91637,91641,4,,11
update,91627,91649,91651,2,,12
update,91638,91659,91662,3,,13
update,91649,91671,91675,4,,14
inbound,91650,91672,91675,3,,15
update,91660,91682,91685,3,,0
update,91671,91693,91696,3,,1
update,91682,91704,91707,3,,2
update,91693,91715,91718,3,,3
update,91704,91726,91731,5,,4
inbound,91705,91727,91731,4,,5
update,91715,91737,91741,4,,6
update,91726,91748,91751,3,,7
update,91737,91759,91761,2,,8
update,91748,91770,91777,7,,9
update,91759,91781,91786,5,,10
inbound,91760,91781,91786,5,,11
update,91770,91791,91796,5,,12
update,91781,91803,91807,4,,13
update,91792,91814,91819,5,,14
update,91803,91825,91829,4,,15
inbound,91815,91836,91840,4,,1
update,91814,91836,91841,5,,0
update,91825,91847,91851,4,,2
update,91836,91858,91861,3,,3
update,91847,91869,91872,3,,4
update,91858,91879,91882,3,,5
update,91869,91891,91894,3,,6
update,91880,91901,91904,3,,7
update,91891,91913,91916,3,,8
update,91902,91924,91927,3,,9
update,91913,91935,91938,3,,10
update,91924,91946,91949,3,,11
update,92000,92021,92025,4,,12
inbound,92000,92023,92027,4,,13
update,92011,92033,92036,3,,14
update,92022,92044,92047,3,,15
inbound,92025,92048,92051,3,,0
update,92033,92054,92057,3,,1
update,92044,92065,92068,3,,2
update,92055,92077,92080,3,,3
update,92066,92088,92091,3,,4
update,92077,92098,92102,4,,5
update,92088,92110,92113,3,,6
update,92099,92120,92125,5,,7
inbound,92100,92122,92126,4,,8
update,92110,92132,92135,3,,9
update,92121,92142,92145,3,,10
update,92132,92154,92157,3,,11
update,92143,92165,92168,3,,12
update,92154,92176,92180,4,,13
inbound,92155,92178,92182,4,,14
update,92165,92186,92189,3,,15
update,92176,92197,92200,3,,0
update,92187,92208,92211,3,,1
update,92198,92220,92223,3,,2
inbound,92200,92223,92227,4,,3
update,92209,92231,92234,3,,4
inbound,92210,92233,92236,3,,5
update,92220,92241,92244,3,,6
inbound,92225,92247,92250,3,,7
update,92231,92252,92255,3,,8
update,92242,92263,92268,5,,9
update,92253,92275,92279,4,,10
update,92264,92286,92289,3,,11
inbound,92265,92288,92292,4,,12
update,92275,92297,92301,4,,13
update,92286,92307,92313,6,,14
update,92297,92319,92322,3,,15
update,92308,92329,92332,3,,0
update,92319,92340,92343,3,,1
inbound,92320,92342,92346,4,,2
update,92330,92352,92355,3,,3
update,92341,92362,92366,4,,4
update,92352,92373,92376,3,,5
update,92363,92385,92389,4,,6
update,92374,92396,92398,2,,7
inbound,92375,92398,92401,3,,8
update,92385,92406,92409,3,,9
update,92396,92418,92421,3,,10
inbound,92400,92423,92427,4,,11
update,92407,92428,92431,3,,12
update,92418,92439,92443,4,,13
inbound,92425,92447,92450,3,,14
update,92429,92450,92453,3,,15
inbound,92430,92452,92455,3,,0
update,92440,92461,92464,3,,1
update,92451,92472,92475,3,,2
update,92462,92484,92487,3,,3
update,92473,92495,92497,2,,4
update,92484,92506,92509,3,,5
inbound,92485,92508,92511,3,,6
update,92495,92517,92520,3,,7
update,92506,92528,92531,3,,8
update,92517,92539,92542,3,,9
update,92528,92549,92552,3,,10
update,92539,92561,92565,4,,11
inbound,92540,92562,92566,4,,12
update,92550,92571,92574,3,,13
update,92561,92582,92585,3,,14
update,92572,92593,92596,3,,15
update,92583,92604,92608,4,,0
update,92594,92616,92619,3,,1
inbound,92595,92618,92621,3,,2
update,92605,92627,92631,4,,3
update,92616,92638,92641,3,,4
update,92627,92649,92652,3,,5
update,92638,92660,92663,3,,6
inbound,92650,92673,92678,5,,8
update,92649,92671,92679,8,,7
update,92660,92682,92685,3,,9
update,92671,92693,92697,4,,10
update,92682,92703,92708,5,,11
update,92693,92715,92717,2,,12
update,92704,92726,92730,4,,13
inbound,92705,92728,92731,3,,14
update,92715,92736,92740,4,,15
update,92726,92748,92750,2,,0
update,92737,92759,92762,3,,1
update,92748,92770,92773,3,,2
inbound,92760,92783,92786,3,,4
update,92759,92781,92786,5,,3
update,92770,92792,92796,4,,5
update,92781,92802,92805,3,,6
update,92792,92813,92816,3,,7
update,92803,92825,92828,3,,8
inbound,92815,92837,92839,2,,10
update,92814,92835,92840,5,,9
update,92825,92847,92850,3,,11
update,92836,92858,92860,2,,12
update,92847,92869,92871,2,,13
update,92858,92880,92882,2,,14
update,92869,92891,92894,3,,15
update,92880,92901,92904,3,,0
update,92891,92913,92915,2,,1
update,92902,92924,92927,3,,2
update,92913,92935,92937,2,,3
update,92924,92946,92948,2,,4
update,93000,93023,93026,3,,5
inbound,93000,93023,93027,4,,6
update,93011,93034,93037,3,,7
update,93022,93045,93048,3,,8
inbound,93025,93048,93051,3,,9
update,93033,93056,93059,3,,10
update,93044,93067,93070,3,,11
update,93055,93078,93080,2,,12
update,93066,93089,93091,2,,13
update,93077,93099,93103,4,,14
update,93088,93111,93114,3,,15
update,93099,93121,93125,4,,0
inbound,93100,93123,93126,3,,1
update,93110,93133,93135,2,,2
update,93121,93143,93146,3,,3
update,93132,93154,93157,3,,4
update,93143,93166,93168,2,,5
update,93154,93176,93180,4,,6
inbound,93155,93178,93180,2,,7
update,93165,93188,93191,3,,8
update,93176,93199,93201,2,,9
update,93187,93210,93213,3,,10
update,93198,93221,93224,3,,11
inbound,93200,93222,93225,3,,12
update,93209,93232,93235,3,,13
inbound,93210,93233,93236,3,,14
update,93220,93243,93245,2,,15
inbound,93225,93248,93250,2,,0
update,93231,93253,93256,3,,1
update,93242,93264,93267,3,,2
update,93253,93275,93278,3,,3
update,93264,93286,93290,4,,4
inbound,93265,93288,93291,3,,5
update,93275,93298,93302,4,,6
update,93286,93309,93312,3,,7
update,93297,93320,93323,3,,8
update,93308,93331,93334,3,,9
update,93319,93342,93346,4,,10
inbound,93320,93343,93346,3,,11
update,93330,93353,93356,3,,12
update,93341,93363,93366,3,,13
update,93352,93375,93378,3,,14
update,93363,93386,93389,3,,15
update,93374,93396,93400,4,,0
inbound,93375,93398,93401,3,,1
update,93385,93408,93413,5,,2
update,93396,93418,93421,3,,3
inbound,93400,93423,93426,3,,4
update,93407,93430,93434,4,,5
update,93418,93441,93444,3,,6
inbound,93425,93448,93451,3,,7
inbound,93430,93452,93455,3,,9
update,93429,93452,93456,4,,8
update,93440,93463,93466,3,,10
update,93451,93474,93477,3,,11
update,93462,93485,93488,3,,12
update,93473,93496,93498,2,,13
update,93484,93507,93510,3,,14
inbound,93485,93508,93511,3,,15
update,93495,93517,93522,5,,0
update,93506,93528,93531,3,,1
update,93517,93540,93542,2,,2
update,93528,93551,93554,3,,3
update,93539,93562,93565,3,,4
inbound,93540,93563,93567,4,,5
update,93550,93573,93576,3,,6
update,93561,93584,93587,3,,7
update,93572,93595,93599,4,,8
update,93583,93606,93609,3,,9
update,93594,93617,93620,3,,10
inbound,93595,93618,93621,3,,11
update,93605,93628,93632,4,,12
update,93616,93639,93642,3,,13
update,93627,93649,93652,3,,14
update,93638,93661,93663,2,,15
update,93649,93672,93675,3,,0
inbound,93650,93673,93676,3,,1
update,93660,93682,93685,3,,2
update,93671,93694,93697,3,,3
update,93682,93705,93708,3,,4
update,93693,93715,93718,3,,5
update,93704,93727,93731,4,,6
inbound,93705,93728,93732,4,,7
update,93715,93738,93742,4,,8
update,93726,93749,93752,3,,9
update,93737,93759,93762,3,,10
update,93748,93771,93774,3,,11
inbound,93760,93783,93786,3,,13
update,93759,93782,93788,6,,12
update,93770,93793,93796,3,,14
update,93781,93803,93806,3,,15
update,93792,93815,93818,3,,0
update,93803,93826,93829,3,,1
inbound,93815,93837,93841,4,,3
update,93814,93837,93841,4,,2
update,93825,93847,93854,7,,4
update,93836,93858,93861,3,,5
update,93847,93870,93872,2,,6
update,93858,93881,93884,3,,7
update,93869,93892,93895,3,,8
update,93880,93903,93906,3,,9
update,93891,93914,93917,3,,10
update,93902,93924,93928,4,,11
update,93913,93936,93939,3,,12
update,93924,93947,93950,3,,13
update,94000,94023,94027,4,,14
inbound,94000,94023,94027,4,,15
update,94011,94034,94037,3,,0
update,94022,94045,94048,3,,1
inbound,94025,94048,94051,3,,2
update,94033,94055,94058,3,,3
update,94044,94066,94069,3,,4
update,94055,94078,94081,3,,5
update,94066,94089,94092,3,,6
update,94077,94099,94102,3,,7
update,94088,94111,94114,3,,8
update,94099,94121,94125,4,,9
inbound,94100,94123,94126,3,,10
update,94110,94133,94137,4,,11
update,94121,94144,94148,4,,12
update,94132,94155,94157,2,,13
update,94143,94166,94169,3,,14
update,94154,94176,94183,7,,15
inbound,94155,94178,94183,5,,0
update,94165,94188,94190,2,,1
update,94176,94199,94202,3,,2
update,94187,94210,94213,3,,3
update,94198,94221,94224,3,,4
inbound,94200,94223,94226,3,,5
update,94209,94232,94235,3,,6
inbound,94210,94233,94237,4,,7
update,94220,94243,94245,2,,8
inbound,94225,94247,94250,3,,9
update,94231,94253,94257,4,,10
update,94242,94264,94267,3,,11
update,94253,94276,94279,3,,12
update,94264,94286,94291,5,,13
inbound,94265,94287,94291,4,,14
update,94275,94298,94301,3,,15
update,94286,94309,94312,3,,0
update,94297,94320,94323,3,,1
update,94308,94331,94334,3,,2
inbound,94320,94342,94346,4,,4
update,94319,94342,94346,4,,3
update,94330,94353,94356,3,,5
update,94341,94364,94368,4,,6
update,94352,94375,94378,3,,7
update,94363,94386,94389,3,,8
inbound,94375,94398,94402,4,,10
update,94374,94397,94402,5,,9
update,94385,94408,94411,3,,11
update,94396,94419,94422,3,,12
inbound,94400,94423,94426,3,,13
update,94407,94430,94433,3,,14
update,94418,94441,94444,3,,15
inbound,94425,94448,94451,3,,0
update,94429,94451,94454,3,,1
inbound,94430,94452,94456,4,,2
update,94440,94463,94465,2,,3
update,94451,94474,94477,3,,4
update,94462,94485,94488,3,,5
update,94473,94496,94498,2,,6
update,94484,94506,94512,6,,7
inbound,94485,94507,94512,5,,8
update,94495,94518,94521,3,,9
update,94506,94529,94532,3,,10
update,94517,94540,94543,3,,11
update,94528,94551,94554,3,,12
update,94539,94561,94565,4,,13
inbound,94540,94562,94566,4,,14
update,94550,94573,94576,3,,15
update,94561,94584,94587,3,,0
update,94572,94595,94598,3,,1
update,94583,94606,94609,3,,2
update,94594,94616,94621,5,,3
inbound,94595,94617,94622,5,,4
update,94605,94628,94632,4,,5
update,94616,94639,94643,4,,6
update,94627,94650,94657,7,,7
update,94638,94660,94665,5,,8
update,94649,94672,94675,3,,9
inbound,94650,94673,94676,3,,10
update,94660,94683,94687,4,,11
update,94671,94694,94696,2,,12
update,94682,94705,94708,3,,13
update,94693,94716,94720,4,,14
update,94704,94727,94734,7,,15
inbound,94705,94728,94735,7,,0
update,94715,94738,94741,3,,1
update,94726,94749,94751,2,,2
update,94737,94760,94763,3,,3
update,94748,94770,94774,4,,4
update,94759,94781,94788,7,,5
inbound,94760,94783,94788,5,,6
update,94770,94793,94797,4,,7
update,94781,94804,94807,3,,8
update,94792,94814,94818,4,,9
update,94803,94826,94829,3,,10
inbound,94815,94838,94842,4,,12
update,94814,94837,94842,5,,11
update,94825,94847,94851,4,,13
update,94836,94858,94862,4,,14
update,94847,94870,94873,3,,15
update,94858,94881,94884,3,,0
update,94869,94891,94895,4,,1
update,94880,94903,94906,3,,2
update,94891,94914,94918,4,,3
update,94902,94925,94928,3,,4
update,94913,94935,94939,4,,5
update,94924,94946,94954,8,,6
update,95000,95023,95026,3,,7
inbound,95000,95023,95027,4,,8
update,95011,95033,95036,3,,9
update,95022,95045,95049,4,,10
inbound,95025,95048,95051,3,,11
update,95033,95056,95061,5,,12
update,95044,95067,95070,3,,13
update,95055,95078,95081,3,,14
update,95066,95089,95092,3,,15
update,95077,95100,95103,3,,0
update,95088,95111,95114,3,,1
update,95099,95122,95126,4,,2
inbound,95100,95129,95132,3,,3
update,95110,95132,95136,4,,4
update,95121,95143,95147,4,,5
update,95132,95154,95157,3,,6
update,95143,95166,95172,6,,7
update,95154,95177,95180,3,,8
inbound,95155,95183,95186,3,,9
update,95165,95188,95190,2,,10
update,95176,95199,95202,3,,11
update,95187,95210,95213,3,,12
update,95198,95221,95224,3,,13
inbound,95200,95223,95227,4,,14
update,95209,95231,95235,4,,15
inbound,95210,95238,95241,3,,0
update,95220,95242,95245,3,,1
inbound,95225,95254,95258,4,,3
update,95231,95254,95258,4,,2
update,95242,95265,95268,3,,4
update,95253,95276,95281,5,,5
update,95264,95287,95290,3,,6
inbound,95265,95294,95297,3,,7
update,95275,95298,95301,3,,8
update,95286,95309,95312,3,,9
update,95297,95320,95323,3,,10
update,95308,95330,95333,3,,11
update,95319,95342,95345,3,,12
inbound,95320,95349,95353,4,,13
update,95330,95352,95355,3,,14
update,95341,95364,95367,3,,15
update,95352,95375,95381,6,,0
update,95363,95385,95391,6,,1
update,95374,95396,95400,4,,2
inbound,95375,95404,95408,4,,3
update,95385,95407,95413,6,,4
update,95396,95418,95423,5,,5
inbound,95400,95429,95432,3,,6
update,95407,95430,95436,6,,7
update,95418,95441,95446,5,,8
inbound,95425,95454,95458,4,,10
update,95429,95452,95460,8,,9
inbound,95430,95459,95468,9,,11
update,95440,95463,95481,18,,12
update,95451,95474,95481,7,,13
update,95462,95485,95489,4,,14
update,95473,95500,95505,5,,15
update,95484,95507,95511,4,,0
update,95517,95540,95565,25,,4
update,95495,95517,95566,49,,2
update,95528,95551,95566,15,,5
inbound,95485,95513,95566,53,,1
update,95506,95529,95566,37,,3
update,95539,95562,95566,4,,6
inbound,95540,95569,95572,3,,7
update,95550,95572,95576,4,,8
update,95561,95583,95587,4,,9
update,95572,95595,95598,3,,10
update,95583,95606,95608,2,,11
update,95594,95617,95621,4,,12
inbound,95595,95624,95627,3,,13
update,95605,95628,95630,2,,14
update,95616,95639,95643,4,,15
update,95627,95649,95652,3,,0
update,95638,95661,95664,3,,1
update,95649,95672,95674,2,,2
inbound,95650,95679,95682,3,,3
update,95660,95682,95685,3,,4
update,95671,95694,95697,3,,5
update,95682,95704,95708,4,,6
update,95693,95716,95721,5,,7
update,95704,95727,95730,3,,8
inbound,95705,95734,95737,3,,9
update,95715,95737,95741,4,,10
update,95726,95749,95752,3,,11
update,95737,95760,95763,3,,12
update,95748,95771,95773,2,,13
update,95759,95782,95784,2,,14
inbound,95760,95789,95792,3,,15
update,95770,95793,95800,7,,0
update,95781,95804,95808,4,,1
update,95792,95815,95818,3,,2
update,95803,95825,95831,6,,3
update,95814,95836,95840,4,,4
inbound,95815,95844,95846,2,,5
update,95825,95848,95853,5,,6
update,95836,95859,95861,2,,7
update,95847,95869,95872,3,,8
update,95858,95880,95883,3,,9
update,95869,95892,95895,3,,10
update,95880,95903,95906,3,,11
update,95891,95914,95917,3,,12
update,95902,95924,95928,4,,13
update,95913,95936,95939,3,,14
update,95924,95947,95950,3,,15
update,96000,96029,96033,4,,0
inbound,96000,96029,96034,5,,1
update,96011,96040,96043,3,,2
update,96022,96051,96056,5,,3
inbound,96025,96054,96057,3,,4
update,96033,96062,96066,4,,5
update,96044,96072,96075,3,,6
update,96055,96084,96087,3,,7
update,96066,96095,96098,3,,8
update,96077,96106,96109,3,,9
update,96088,96117,96122,5,,10
inbound,96100,96128,96132,4,,12
update,96099,96128,96132,4,,11
update,96110,96139,96142,3,,13
update,96121,96150,96154,4,,14
update,96132,96161,96164,3,,15
update,96143,96172,96175,3,,0
update,96154,96183,96186,3,,1
inbound,96155,96184,96188,4,,2
update,96165,96194,96197,3,,3
update,96176,96205,96207,2,,4
update,96187,96215,96219,4,,5
update,96198,96226,96230,4,,6
inbound,96200,96228,96232,4,,7
update,96209,96238,96240,2,,8
inbound,96210,96239,96243,4,,9
update,96220,96249,96252,3,,10
inbound,96225,96254,96257,3,,11
update,96231,96260,96263,3,,12
update,96242,96271,96274,3,,13
update,96253,96282,96285,3,,14
update,96264,96292,96297,5,,15
inbound,96265,96294,96297,3,,0
update,96275,96304,96307,3,,1
update,96286,96314,96318,4,,2
update,96297,96325,96328,3,,3
update,96308,96336,96339,3,,4
inbound,96320,96348,96352,4,,6
update,96319,96348,96352,4,,5
update,96330,96359,96362,3,,7
update,96341,96370,96373,3,,8
update,96352,96381,96384,3,,9
update,96363,96391,96394,3,,10
update,96374,96403,96407,4,,11
inbound,96375,96404,96407,3,,12
update,96385,96414,96417,3,,13
update,96396,96424,96428,4,,14
inbound,96400,96428,96432,4,,15
update,96407,96436,96439,3,,0
update,96418,96447,96450,3,,1
inbound,96425,96454,96456,2,,2
update,96429,96458,96461,3,,3
inbound,96430,96458,96462,4,,4
update,96440,96468,96471,3,,5
update,96451,96480,96483,3,,6
update,96462,96490,96496,6,,7
update,96473,96502,96505,3,,8
update,96484,96513,96517,4,,9
inbound,96485,96514,96518,4,,10
update,96495,96523,96527,4,,11
update,96506,96535,96538,3,,12
update,96517,96546,96550,4,,13
update,96528,96557,96560,3,,14
update,96539,96568,96571,3,,15
inbound,96540,96569,96575,6,,0
update,96550,96579,96582,3,,1
update,96561,96590,96595,5,,2
update,96572,96601,96605,4,,3
update,96583,96612,96617,5,,4
update,96594,96623,96627,4,,5
inbound,96595,96624,96628,4,,6
update,96605,96634,96639,5,,7
update,96616,96644,96648,4,,8
update,96627,96656,96660,4,,9
update,96638,96667,96673,6,,10
update,96649,96678,96686,8,,11
inbound,96650,96680,96686,6,,12
update,96660,96689,96696,7,,13
update,96671,96700,96704,4,,14
update,96682,96711,96714,3,,15
update,96693,96722,96725,3,,0
inbound,96705,96733,96738,5,,2
update,96704,96733,96738,5,,1
update,96715,96744,96746,2,,3
update,96726,96755,96758,3,,4
update,96737,96766,96769,3,,5
update,96748,96777,96780,3,,6
update,96759,96788,96791,3,,7
inbound,96760,96789,96792,3,,8
update,96770,96799,96804,5,,9
update,96781,96809,96813,4,,10
update,96792,96821,96824,3,,11
update,96803,96831,96834,3,,12
inbound,96815,96843,96847,4,,14
update,96814,96843,96847,4,,13
update,96825,96854,96857,3,,15
update,96836,96864,96867,3,,0
update,96847,96875,96878,3,,1
update,96858,96886,96889,3,,2
update,96869,96898,96901,3,,3
update,96880,96909,96913,4,,4
update,96891,96920,96922,2,,5
update,96902,96931,96933,2,,6
update,96913,96942,96945,3,,7
update,96924,96953,96956,3,,8
update,97000,97028,97032,4,,9
inbound,97000,97028,97032,4,,10
update,97011,97040,97043,3,,11
update,97022,97050,97053,3,,12
inbound,97025,97053,97056,3,,13
update,97033,97061,97065,4,,14
update,97044,97073,97076,3,,15
update,97055,97083,97087,4,,0
update,97066,97095,97098,3,,1
update,97077,97105,97109,4,,2
update,97088,97116,97119,3,,3
update,97099,97128,97132,4,,4
inbound,97100,97129,97133,4,,5
update,97110,97139,97142,3,,6
update,97121,97150,97153,3,,7
update,97132,97161,97164,3,,8
update,97143,97172,97175,3,,9
update,97154,97183,97186,3,,10
inbound,97155,97184,97187,3,,11
update,97165,97194,97197,3,,12
update,97176,97204,97207,3,,13
update,97187,97216,97219,3,,14
update,97198,97227,97231,4,,15
inbound,97200,97228,97232,4,,0
update,97209,97238,97241,3,,1
inbound,97210,97239,97242,3,,2
update,97220,97249,97252,3,,3
inbound,97225,97254,97257,3,,4
update,97231,97260,97263,3,,5
update,97242,97271,97274,3,,6
update,97253,97281,97284,3,,7
update,97264,97293,97296,3,,8
inbound,97265,97294,97297,3,,9
update,97275,97304,97307,3,,10
update,97286,97315,97317,2,,11
update,97297,97326,97329,3,,12
update,97308,97337,97340,3,,13
update,97319,97348,97351,3,,14
inbound,97320,97349,97352,3,,15
update,97330,97359,97362,3,,0
update,97341,97370,97373,3,,1
update,97352,97380,97383,3,,2
update,97363,97392,97395,3,,3
update,97374,97403,97407,4,,4
inbound,97375,97404,97408,4,,5
update,97385,97414,97417,3,,6
update,97396,97425,97428,3,,7
inbound,97400,97428,97431,3,,8
update,97407,97436,97439,3,,9
update,97418,97446,97449,3,,10
inbound,97425,97454,97456,2,,11
update,97429,97458,97461,3,,12
inbound,97430,97459,97462,3,,13
update,97440,97469,97472,3,,14
update,97451,97480,97483,3,,15
update,97462,97490,97493,3,,0
update,97473,97502,97505,3,,1
update,97484,97513,97516,3,,2
inbound,97485,97513,97517,4,,3
update,97495,97524,97527,3,,4
update,97506,97535,97538,3,,5
update,97517,97546,97549,3,,6
update,97528,97557,97560,3,,7
update,97539,97568,97571,3,,8
inbound,97540,97569,97572,3,,9
update,97550,97579,97582,3,,10
update,97561,97590,97593,3,,11
update,97572,97601,97604,3,,12
update,97583,97612,97615,3,,13
inbound,97595,97623,97627,4,,15
update,97594,97623,97627,4,,14
update,97605,97634,97637,3,,0
update,97616,97645,97649,4,,1
update,97627,97656,97659,3,,2
update,97638,97666,97669,3,,3
update,97649,97677,97681,4,,4
inbound,97650,97679,97682,3,,5
update,97660,97689,97692,3,,6
update,97671,97700,97703,3,,7
update,97682,97711,97714,3,,8
update,97693,97722,97725,3,,9
update,97704,97733,97736,3,,10
inbound,97705,97734,97737,3,,11
update,97715,97744,97747,3,,12
update,97726,97755,97758,3,,13
update,97737,97765,97768,3,,14
update,97748,97777,97781,4,,15
update,97759,97788,97791,3,,0
inbound,97760,97789,97791,2,,1
update,97770,97798,97801,3,,2
update,97781,97810,97814,4,,3
update,97792,97821,97824,3,,4
update,97803,97831,97834,3,,5
inbound,97815,97843,97845,2,,7
update,97814,97842,97846,4,,6
update,97825,97854,97856,2,,8
update,97836,97865,97868,3,,9
update,97847,97876,97879,3,,10
update,97858,97887,97890,3,,11
update,97869,97898,97901,3,,12
update,97880,97909,97912,3,,13
update,97891,97920,97924,4,,14
update,97902,97931,97934,3,,15
update,97913,97941,97944,3,,0
update,97924,97953,97956,3,,1
inbound,98000,98029,98035,6,,3
update,98000,98029,98035,6,,2
update,98011,98039,98043,4,,4
update,98022,98050,98054,4,,5
inbound,98025,98054,98057,3,,6
update,98033,98061,98065,4,,7
update,98044,98073,98076,3,,8
update,98055,98084,98088,4,,9
update,98066,98095,98099,4,,10
update,98077,98105,98109,4,,11
update,98088,98117,98121,4,,12
update,98099,98128,98136,8,,13
inbound,98100,98128,98136,8,,14
update,98110,98139,98146,7,,15
update,98121,98149,98152,3,,0
update,98132,98161,98165,4,,1
update,98143,98172,98176,4,,2
inbound,98155,98183,98187,4,,4
update,98154,98183,98188,5,,3
update,98165,98193,98197,4,,5
update,98176,98205,98210,5,,6
update,98187,98215,98219,4,,7
update,98198,98227,98231,4,,8
inbound,98200,98229,98233,4,,9
update,98209,98237,98242,5,,10
inbound,98210,98239,98243,4,,11
update,98220,98249,98253,4,,12
inbound,98225,98253,98257,4,,13
update,98231,98260,98263,3,,14
update,98242,98271,98275,4,,15
update,98253,98282,98286,4,,0
inbound,98265,98294,98298,4,,2
update,98264,98293,98298,5,,1
update,98275,98304,98309,5,,3
update,98286,98315,98318,3,,4
update,98297,98325,98329,4,,5
update,98308,98336,98341,5,,6
update,98319,98348,98352,4,,7
inbound,98320,98348,98353,5,,8
update,98330,98359,98363,4,,9
update,98341,98370,98374,4,,10
update,98352,98380,98384,4,,11
update,98363,98392,98395,3,,12
update,98374,98403,98407,4,,13
inbound,98375,98404,98409,5,,14
update,98385,98414,98417,3,,15
update,98396,98425,98429,4,,0
inbound,98400,98429,98434,5,,1
update,98407,98435,98439,4,,2
update,98418,98447,98451,4,,3
inbound,98425,98454,98459,5,,4
inbound,98430,98459,98463,4,,6
update,98429,98458,98464,6,,5
update,98440,98468,98473,5,,7
update,98451,98480,98483,3,,8
update,98462,98490,98493,3,,9
update,98473,98502,98505,3,,10
update,98484,98513,98518,5,,11
inbound,98485,98514,98518,4,,12
update,98495,98523,98527,4,,13
update,98506,98535,98538,3,,14
update,98517,98546,98549,3,,15
update,98528,98557,98560,3,,0
update,98539,98568,98571,3,,1
inbound,98540,98569,98572,3,,2
update,98550,98578,98582,4,,3
update,98561,98589,98592,3,,4
update,98572,98601,98603,2,,5
update,98583,98612,98615,3,,6
update,98594,98623,98627,4,,7
inbound,98595,98623,98627,4,,8
update,98605,98634,98637,3,,9
update,98616,98645,98648,3,,10
update,98627,98655,98658,3,,11
update,98638,98667,98670,3,,12
update,98649,98677,98681,4,,13
inbound,98650,98678,98682,4,,14
update,98660,98688,98691,3,,15
update,98671,98700,98702,2,,0
update,98682,98710,98713,3,,1
update,98693,98722,98725,3,,2
update,98704,98733,98737,4,,3
inbound,98705,98734,98738,4,,4
update,98715,98744,98747,3,,5
update,98726,98755,98757,2,,6
update,98737,98765,98768,3,,7
update,98748,98777,98780,3,,8
inbound,98760,98789,98791,2,,10
update,98759,98788,98792,4,,9
update,98770,98798,98801,3,,11
update,98781,98810,98816,6,,12
update,98792,98821,98825,4,,13
update,98803,98832,98836,4,,14
inbound,98815,98843,98845,2,,0
update,98814,98843,98847,4,,15
update,98825,98854,98857,3,,1
update,98836,98865,98868,3,,2
update,98847,98875,98878,3,,3
update,98858,98887,98890,3,,4
update,98869,98898,98901,3,,5
update,98880,98909,98912,3,,6
update,98891,98919,98922,3,,7
update,98902,98930,98933,3,,8
update,98913,98942,98945,3,,9
update,98924,98952,98956,4,,10
inbound,99000,99028,99032,4,,12
update,99000,99028,99032,4,,11
update,99011,99039,99042,3,,13
update,99022,99051,99054,3,,14
inbound,99025,99054,99057,3,,15
update,99033,99062,99064,2,,0
update,99044,99073,99077,4,,1
update,99055,99084,99087,3,,2
update,99066,99095,99098,3,,3
update,99077,99106,99109,3,,4
update,99088,99117,99121,4,,5
update,99099,99128,99131,3,,6
inbound,99100,99129,99132,3,,7
update,99110,99139,99142,3,,8
update,99121,99150,99154,4,,9
update,99132,99160,99163,3,,10
update,99143,99172,99175,3,,11
update,99154,99183,99187,4,,12
inbound,99155,99184,99187,3,,13
update,99165,99194,99197,3,,14
update,99176,99205,99207,2,,15
update,99187,99216,99218,2,,0
update,99198,99227,99231,4,,1
inbound,99200,99229,99233,4,,2
update,99209,99238,99241,3,,3
inbound,99210,99239,99243,4,,4
update,99220,99249,99252,3,,5
inbound,99225,99253,99257,4,,6
update,99231,99259,99262,3,,7
update,99242,99271,99274,3,,8
update,99253,99282,99285,3,,9
update,99264,99292,99296,4,,10
inbound,99265,99294,99297,3,,11
update,99275,99303,99306,3,,12
update,99286,99315,99318,3,,13
update,99297,99326,99329,3,,14
update,99308,99337,99340,3,,15
update,99319,99348,99352,4,,0
inbound,99320,99349,99353,4,,1
update,99330,99359,99362,3,,2
update,99341,99370,99374,4,,3
update,99352,99380,99383,3,,4
update,99363,99391,99394,3,,5
update,99374,99403,99407,4,,6
inbound,99375,99404,99407,3,,7
update,99385,99414,99417,3,,8
update,99396,99424,99427,3,,9
inbound,99400,99429,99432,3,,10
update,99407,99436,99438,2,,11
update,99418,99446,99450,4,,12
inbound,99425,99454,99457,3,,13
update,99429,99458,99462,4,,14
inbound,99430,99459,99463,4,,15
update,99440,99469,99473,4,,0
update,99451,99479,99482,3,,1
update,99462,99491,99494,3,,2
update,99473,99502,99505,3,,3
update,99484,99513,99517,4,,4
inbound,99485,99514,99518,4,,5
update,99495,99523,99526,3,,6
update,99506,99535,99538,3,,7
update,99517,99546,99550,4,,8
update,99528,99557,99560,3,,9
update,99539,99568,99571,3,,10
inbound,99540,99569,99573,4,,11
update,99550,99579,99582,3,,12
update,99561,99589,99592,3,,13
update,99572,99601,99604,3,,14
update,99583,99611,99614,3,,15
update,99594,99622,99625,3,,0
inbound,99595,99624,99626,2,,1
update,99605,99634,99637,3,,2
update,99616,99645,99648,3,,3
update,99627,99655,99658,3,,4
update,99638,99667,99670,3,,5
update,99649,99677,99681,4,,6
inbound,99650,99679,99683,4,,7
update,99660,99689,99692,3,,8
update,99671,99700,99703,3,,9
update,99682,99711,99714,3,,10
update,99693,99721,99725,4,,11
update,99704,99732,99736,4,,12
inbound,99705,99734,99738,4,,13
update,99715,99744,99746,2,,14
update,99726,99755,99758,3,,15
update,99737,99766,99769,3,,0
update,99748,99777,99780,3,,1
update,99759,99787,99791,4,,2
inbound,99760,99789,99791,2,,3
update,99770,99799,99801,2,,4
update,99781,99810,99813,3,,5
update,99792,99821,99825,4,,6
update,99803,99832,99835,3,,7
inbound,99815,99844,99846,2,,9
update,99814,99843,99846,3,,8
update,99825,99854,99857,3,,10
update,99836,99864,99867,3,,11
update,99847,99875,99879,4,,12
update,99858,99886,99890,4,,13
update,99869,99898,99904,6,,14
update,99880,99908,99911,3,,15
update,99891,99920,99923,3,,0
update,99902,99931,99934,3,,1
update,99913,99941,99945,4,,2
update,99924,99953,99956,3,,3
inbound,100000,100030,100034,4,,5
update,100000,100030,100034,4,,4
update,100011,100042,100045,3,,6
update,100022,100053,100055,2,,7
inbound,100025,100055,100059,4,,8
update,100033,100064,100067,3,,9
update,100044,100074,100078,4,,10
update,100055,100086,100090,4,,11
update,100066,100097,100100,3,,12
update,100077,100108,100111,3,,13
update,100088,100119,100122,3,,14
update,100099,100130,100133,3,,15
inbound,100100,100131,100134,3,,0
update,100110,100140,100144,4,,1
update,100121,100152,100156,4,,2
update,100132,100163,100165,2,,3
update,100143,100174,100177,3,,4
update,100154,100185,100188,3,,5
inbound,100155,100186,100189,3,,6
update,100165,100195,100199,4,,7
update,100176,100207,100211,4,,8
update,100187,100217,100220,3,,9
update,100198,100229,100232,3,,10
inbound,100200,100231,100235,4,,11
update,100209,100239,100242,3,,12
inbound,100210,100240,100244,4,,13
update,100220,100250,100254,4,,14
inbound,100225,100256,100259,3,,15
update,100231,100261,100264,3,,0
update,100242,100272,100276,4,,1
update,100253,100283,100287,4,,2
update,100264,100295,100298,3,,3
inbound,100265,100296,100300,4,,4
update,100275,100306,100309,3,,5
update,100286,100317,100320,3,,6
update,100297,100328,100331,3,,7
update,100308,100338,100341,3,,8
update,100319,100350,100353,3,,9
inbound,100320,100351,100354,3,,10
update,100330,100360,100363,3,,11
update,100341,100371,100374,3,,12
update,100352,100383,100385,2,,13
update,100363,100394,100397,3,,14
update,100374,100405,100408,3,,15
inbound,100375,100406,100409,3,,0
update,100385,100416,100419,3,,1
update,100396,100427,100430,3,,2
inbound,100400,100431,100434,3,,3
update,100407,100437,100440,3,,4
update,100418,100448,100452,4,,5
inbound,100425,100455,100462,7,,6
update,100429,100460,100464,4,,7
inbound,100430,100461,100467,6,,8
update,100440,100471,100474,3,,9
update,100451,100482,100486,4,,10
update,100462,100493,100496,3,,11
update,100473,100504,100507,3,,12
inbound,100485,100515,100519,4,,14
update,100484,100515,100519,4,,13
update,100495,100525,100528,3,,15
update,100506,100537,100540,3,,0
update,100517,100548,100551,3,,1
update,100528,100559,100562,3,,2
update,100539,100569,100573,4,,3
inbound,100540,100570,100574,4,,4
update,100550,100580,100584,4,,5
update,100561,100591,100594,3,,6
update,100572,100603,100606,3,,7
update,100583,100614,100617,3,,8
update,100594,100625,100628,3,,9
inbound,100595,100625,100629,4,,10
update,100605,100636,100639,3,,11
update,100616,100647,100650,3,,12
update,100627,100658,100661,3,,13
update,100638,100669,100672,3,,14
update,100649,100680,100683,3,,15
inbound,100650,100681,100684,3,,0
update,100660,100691,100694,3,,1
update,100671,100702,100705,3,,2
update,100682,100712,100716,4,,3
update,100693,100724,100729,5,,4
update,100704,100734,100739,5,,5
inbound,100705,100736,100741,5,,6
update,100715,100746,100748,2,,7
update,100726,100757,100761,4,,8
update,100737,100768,100773,5,,9
update,100748,100778,100783,5,,10
inbound,100760,100791,100793,2,,12
update,100759,100789,100793,4,,11
update,100770,100800,100804,4,,13
update,100781,100812,100815,3,,14
update,100792,100823,100828,5,,15
update,100803,100834,100837,3,,0
update,100814,100845,100848,3,,1
inbound,100815,100846,100849,3,,2
update,100825,100856,100859,3,,3
update,100836,100867,100870,3,,4
update,100847,100878,100881,3,,5
update,100858,100888,100892,4,,6
update,100869,100899,100902,3,,7
update,100880,100911,100914,3,,8
update,100891,100922,100926,4,,9
update,100902,100933,100937,4,,10
update,100913,100944,100947,3,,11
update,100924,100955,100958,3,,12
update,101000,101030,101034,4,,13
inbound,101000,101031,101037,6,,14
update,101011,101041,101045,4,,15
update,101022,101053,101057,4,,0
inbound,101025,101056,101060,4,,1
update,101033,101064,101067,3,,2
update,101044,101075,101077,2,,3
update,101055,101085,101089,4,,4
update,101066,101096,101100,4,,5
update,101077,101108,101111,3,,6
update,101088,101119,101122,3,,7
update,101099,101130,101133,3,,8
inbound,101100,101130,101134,4,,9
update,101110,101141,101143,2,,10
update,101121,101152,101155,3,,11
update,101132,101163,101166,3,,12
update,101143,101173,101177,4,,13
update,101154,101184,101188,4,,14
inbound,101155,101186,101189,3,,15
update,101165,101196,101199,3,,0
update,101176,101207,101210,3,,1
update,101187,101218,101221,3,,2
update,101198,101229,101233,4,,3
inbound,101200,101230,101233,3,,4
update,101209,101240,101243,3,,5
inbound,101210,101241,101245,4,,6
update,101220,101251,101254,3,,7
inbound,101225,101256,101259,3,,8
update,101231,101262,101265,3,,9
update,101242,101273,101275,2,,10
update,101253,101284,101287,3,,11
update,101264,101294,101298,4,,12
inbound,101265,101296,101300,4,,13
update,101275,101306,101310,4,,14
update,101286,101317,101320,3,,15
update,101297,101328,101331,3,,0
update,101308,101338,101342,4,,1
update,101319,101350,101354,4,,2
inbound,101320,101351,101355,4,,3
update,101330,101361,101364,3,,4
update,101341,101372,101375,3,,5
update,101352,101382,101386,4,,6
update,101363,101394,101397,3,,7
update,101374,101405,101408,3,,8
inbound,101375,101406,101409,3,,9
update,101385,101416,101419,3,,10
update,101396,101427,101430,3,,11
inbound,101400,101431,101434,3,,12
update,101407,101438,101441,3,,13
update,101418,101449,101453,4,,14
inbound,101425,101456,101459,3,,15
update,101429,101460,101463,3,,0
inbound,101430,101460,101464,4,,1
update,101440,101471,101475,4,,2
update,101451,101482,101485,3,,3
update,101462,101493,101496,3,,4
update,101473,101504,101507,3,,5
update,101484,101515,101519,4,,6
inbound,101485,101516,101520,4,,7
update,101495,101526,101528,2,,8
update,101506,101536,101540,4,,9
update,101517,101548,101551,3,,10
update,101528,101558,101563,5,,11
update,101539,101570,101573,3,,12
inbound,101540,101571,101574,3,,13
update,101550,101581,101584,3,,14
update,101561,101592,101595,3,,15
update,101572,101603,101606,3,,0
update,101583,101614,101617,3,,1
update,101594,101624,101628,4,,2
inbound,101595,101626,101629,3,,3
update,101605,101636,101638,2,,4
update,101616,101647,101650,3,,5
update,101627,101657,101660,3,,6
update,101638,101669,101672,3,,7
update,101649,101680,101683,3,,8
inbound,101650,101681,101684,3,,9
update,101660,101691,101693,2,,10
update,101671,101702,101705,3,,11
update,101682,101713,101716,3,,12
update,101693,101724,101728,4,,13
update,101704,101734,101738,4,,14
inbound,101705,101736,101739,3,,15
update,101715,101746,101749,3,,0
update,101726,101757,101760,3,,1
update,101737,101768,101770,2,,2
update,101748,101778,101782,4,,3
update,101759,101790,101793,3,,4
inbound,101760,101791,101795,4,,5
update,101770,101800,101803,3,,6
update,101781,101811,101814,3,,7
update,101792,101823,101830,7,,8
update,101803,101834,101837,3,,9
update,101814,101845,101850,5,,10
inbound,101815,101846,101850,4,,11
update,101825,101856,101859,3,,12
update,101836,101867,101873,6,,13
update,101847,101878,101883,5,,14
update,101858,101889,101892,3,,15
update,101869,101900,101904,4,,0
update,101880,101911,101913,2,,1
update,101891,101921,101925,4,,2
update,101902,101933,101935,2,,3
update,101913,101944,101947,3,,4
update,101924,101954,101957,3,,5
update,102000,102031,102034,3,,6
inbound,102000,102031,102035,4,,7
update,102011,102042,102045,3,,8
update,102022,102053,102056,3,,9
inbound,102025,102055,102058,3,,10
update,102033,102063,102066,3,,11
update,102044,102075,102078,3,,12
update,102055,102086,102089,3,,13
update,102066,102096,102099,3,,14
update,102077,102108,102110,2,,15
update,102088,102119,102121,2,,0
update,102099,102130,102133,3,,1
inbound,102100,102131,102134,3,,2
update,102110,102141,102144,3,,3
update,102121,102152,102156,4,,4
update,102132,102163,102166,3,,5
update,102143,102174,102177,3,,6
update,102154,102185,102188,3,,7
inbound,102155,102186,102189,3,,8
update,102165,102196,102199,3,,9
update,102176,102207,102210,3,,10
update,102187,102218,102221,3,,11
update,102198,102229,102232,3,,12
inbound,102200,102231,102234,3,,13
update,102209,102240,102243,3,,14
inbound,102210,102241,102244,3,,15
update,102220,102251,102254,3,,0
inbound,102225,102256,102259,3,,1
update,102231,102262,102265,3,,2
update,102242,102273,102276,3,,3
update,102253,102284,102287,3,,4
update,102264,102295,102299,4,,5
inbound,102265,102296,102299,3,,6
update,102275,102306,102308,2,,7
update,102286,102317,102320,3,,8
update,102297,102328,102331,3,,9
update,102308,102339,102341,2,,10
update,102319,102350,102354,4,,11
inbound,102320,102351,102354,3,,12
update,102330,102361,102363,2,,13
update,102341,102372,102375,3,,14
update,102352,102382,102385,3,,15
update,102363,102394,102397,3,,0
update,102374,102405,102408,3,,1
inbound,102375,102406,102409,3,,2
update,102385,102415,102418,3,,3
update,102396,102427,102429,2,,4
inbound,102400,102430,102433,3,,5
update,102407,102438,102441,3,,6
update,102418,102449,102453,4,,7
inbound,102425,102456,102459,3,,8
update,102429,102460,102463,3,,9
inbound,102430,102461,102464,3,,10
update,102440,102471,102474,3,,11
update,102451,102482,102485,3,,12
update,102462,102492,102495,3,,13
update,102473,102504,102506,2,,14
update,102484,102515,102518,3,,15
inbound,102485,102516,102519,3,,0
update,102495,102526,102529,3,,1
update,102506,102537,102541,4,,2
update,102517,102548,102551,3,,3
update,102528,102559,102562,3,,4
update,102539,102570,102573,3,,5
inbound,102540,102570,102574,4,,6
update,102550,102581,102584,3,,7
update,102561,102591,102594,3,,8
update,102572,102603,102606,3,,9
update,102583,102614,102617,3,,10
update,102594,102625,102629,4,,11
inbound,102595,102626,102629,3,,12
update,102605,102636,102638,2,,13
update,102616,102646,102649,3,,14
update,102627,102657,102660,3,,15
update,102638,102668,102671,3,,0
update,102649,102680,102683,3,,1
inbound,102650,102681,102684,3,,2
update,102660,102691,102694,3,,3
update,102671,102702,102705,3,,4
update,102682,102713,102717,4,,5
update,102693,102724,102728,4,,6
update,102704,102735,102739,4,,7
inbound,102705,102736,102740,4,,8
update,102715,102746,102750,4,,9
update,102726,102757,102760,3,,10
update,102737,102768,102771,3,,11
update,102748,102779,102783,4,,12
update,102759,102790,102793,3,,13
inbound,102760,102791,102793,2,,14
update,102770,102801,102804,3,,15
update,102781,102812,102815,3,,0
update,102792,102823,102826,3,,1
update,102803,102834,102837,3,,2
inbound,102815,102846,102848,2,,4
update,102814,102844,102848,4,,3
update,102825,102856,102859,3,,5
update,102836,102866,102869,3,,6
update,102847,102877,102880,3,,7
update,102858,102889,102892,3,,8
update,102869,102900,102902,2,,9
update,102880,102910,102914,4,,10
update,102891,102922,102925,3,,11
update,102902,102933,102935,2,,12
update,102913,102944,102947,3,,13
update,102924,102955,102958,3,,14
update,103000,103031,103034,3,,15
inbound,103000,103031,103034,3,,0
update,103011,103041,103044,3,,1
update,103022,103053,103056,3,,2
inbound,103025,103056,103059,3,,3
update,103033,103064,103067,3,,4
update,103044,103075,103079,4,,5
update,103055,103086,103090,4,,6
update,103066,103097,103101,4,,7
update,103077,103108,103113,5,,8
update,103088,103119,103123,4,,9
update,103099,103130,103136,6,,10
inbound,103100,103130,103137,7,,11
update,103110,103141,103145,4,,12
update,103121,103152,103157,5,,13
update,103132,103163,103171,8,,14
update,103143,103174,103182,8,,15
update,103154,103184,103192,8,,0
inbound,103155,103185,103192,7,,1
update,103165,103196,103200,4,,2
update,103176,103207,103211,4,,3
update,103187,103218,103221,3,,4
update,103198,103228,103232,4,,5
inbound,103200,103231,103234,3,,6
update,103209,103240,103244,4,,7
inbound,103210,103241,103245,4,,8
update,103220,103251,103254,3,,9
inbound,103225,103255,103258,3,,10
update,103231,103261,103265,4,,11
update,103242,103273,103276,3,,12
update,103253,103284,103287,3,,13
update,103264,103295,103298,3,,14
inbound,103265,103296,103300,4,,15
update,103275,103306,103309,3,,0
update,103286,103317,103320,3,,1
update,103297,103328,103331,3,,2
update,103308,103339,103342,3,,3
update,103319,103350,103354,4,,4
inbound,103320,103352,103356,4,,5
update,103330,103361,103364,3,,6
update,103341,103372,103376,4,,7
update,103352,103383,103387,4,,8
update,103363,103394,103397,3,,9
update,103374,103405,103408,3,,10
inbound,103375,103406,103411,5,,11
update,103385,103416,103419,3,,12
update,103396,103426,103429,3,,13
inbound,103400,103431,103433,2,,14
update,103407,103438,103441,3,,15
update,103418,103449,103452,3,,0
inbound,103425,103456,103459,3,,1
update,103429,103459,103463,4,,2
inbound,103430,103460,103464,4,,3
update,103440,103471,103474,3,,4
update,103451,103482,103485,3,,5
update,103462,103493,103496,3,,6
update,103473,103504,103507,3,,7
update,103484,103514,103518,4,,8
inbound,103485,103515,103519,4,,9
update,103495,103526,103529,3,,10
update,103506,103537,103540,3,,11
update,103517,103547,103551,4,,12
update,103528,103558,103562,4,,13
update,103539,103570,103573,3,,14
inbound,103540,103571,103575,4,,15
update,103550,103580,103583,3,,0
update,103561,103591,103595,4,,1
update,103572,103603,103606,3,,2
update,103583,103613,103616,3,,3
inbound,103595,103625,103629,4,,5
update,103594,103625,103630,5,,4
update,103605,103636,103639,3,,6
update,103616,103647,103650,3,,7
update,103627,103657,103660,3,,8
update,103638,103669,103672,3,,9
update,103649,103680,103684,4,,10
inbound,103650,103681,103685,4,,11
update,103660,103691,103694,3,,12
update,103671,103702,103705,3,,13
update,103682,103713,103715,2,,14
update,103693,103724,103727,3,,15
update,103704,103735,103738,3,,0
inbound,103705,103736,103739,3,,1
update,103715,103746,103749,3,,2
update,103726,103757,103760,3,,3
update,103737,103768,103770,2,,4
update,103748,103779,103782,3,,5
inbound,103760,103791,103793,2,,7
update,103759,103790,103794,4,,6
update,103770,103801,103803,2,,8
update,103781,103812,103815,3,,9
update,103792,103823,103826,3,,10
update,103803,103834,103838,4,,11
inbound,103815,103846,103849,3,,13
update,103814,103845,103849,4,,12
update,103825,103856,103860,4,,14
update,103836,103867,103870,3,,15
update,103847,103878,103881,3,,0
update,103858,103889,103892,3,,1
update,103869,103900,103903,3,,2
update,103880,103911,103913,2,,3
update,103891,103922,103924,2,,4
update,103902,103933,103936,3,,5
update,103913,103944,103947,3,,6
update,103924,103955,103958,3,,7
update,104000,104030,104033,3,,8
inbound,104000,104038,104041,3,,9
update,104011,104042,104044,2,,10
update,104022,104053,104056,3,,11
inbound,104025,104063,104066,3,,12
update,104033,104064,104068,4,,13
update,104044,104075,104078,3,,14
update,104055,104086,104089,3,,15
update,104066,104096,104100,4,,0
update,104077,104108,104111,3,,1
update,104088,104119,104122,3,,2
update,104099,104130,104133,3,,3
inbound,104100,104138,104141,3,,4
update,104110,104141,104143,2,,5
update,104121,104152,104155,3,,6
update,104132,104163,104167,4,,7
update,104143,104173,104177,4,,8
update,104154,104185,104188,3,,9
inbound,104155,104193,104197,4,,10
update,104165,104195,104199,4,,11
update,104176,104207,104210,3,,12
update,104187,104217,104221,4,,13
update,104198,104229,104232,3,,14
inbound,104200,104237,104242,5,,15
update,104209,104240,104243,3,,0
inbound,104210,104247,104251,4,,1
update,104220,104251,104254,3,,2
update,104231,104262,104265,3,,3
inbound,104225,104263,104266,3,,4
update,104242,104272,104276,4,,5
update,104253,104284,104287,3,,6
update,104264,104295,104298,3,,7
inbound,104265,104303,104306,3,,8
update,104275,104306,104309,3,,9
update,104286,104317,104320,3,,10
update,104297,104328,104331,3,,11
update,104308,104339,104341,2,,12
update,104319,104349,104352,3,,13
inbound,104320,104358,104362,4,,14
update,104330,104361,104364,3,,15
update,104341,104372,104375,3,,0
update,104352,104383,104386,3,,1
update,104363,104394,104397,3,,2
update,104374,104405,104408,3,,3
inbound,104375,104412,104416,4,,4
update,104385,104416,104419,3,,5
update,104396,104427,104430,3,,6
update,104407,104437,104441,4,,7
inbound,104400,104437,104441,4,,8
update,104418,104449,104452,3,,9
update,104429,104460,104463,3,,10
inbound,104425,104463,104466,3,,11
inbound,104430,104468,104472,4,,12
update,104440,104470,104473,3,,13
update,104451,104482,104485,3,,14
update,104462,104493,104497,4,,15
update,104473,104504,104507,3,,0
update,104484,104515,104518,3,,1
inbound,104485,104522,104526,4,,2
update,104495,104526,104529,3,,3
update,104506,104537,104540,3,,4
update,104517,104548,104551,3,,5
update,104528,104559,104562,3,,6
update,104539,104570,104573,3,,7
inbound,104540,104578,104581,3,,8
update,104550,104580,104583,3,,9
update,104561,104591,104595,4,,10
update,104572,104602,104605,3,,11
update,104583,104614,104617,3,,12
update,104594,104625,104628,3,,13
inbound,104595,104633,104636,3,,14
update,104605,104637,104640,3,,15
update,104616,104654,104657,3,,0
update,104627,104665,104667,2,,1
update,104638,104676,104679,3,,2
update,104649,104687,104690,3,,3
inbound,104650,104688,104691,3,,4
update,104660,104697,104700,3,,5
update,104671,104709,104711,2,,6
update,104682,104720,104723,3,,7
update,104693,104731,104734,3,,8
update,104704,104742,104744,2,,9
inbound,104705,104743,104746,3,,10
update,104715,104753,104756,3,,11
update,104726,104764,104768,4,,12
update,104737,104775,104778,3,,13
update,104748,104785,104789,4,,14
update,104759,104796,104801,5,,15
inbound,104760,104798,104801,3,,0
update,104770,104808,104811,3,,1
update,104781,104819,104822,3,,2
update,104792,104830,104833,3,,3
update,104803,104841,104847,6,,4
inbound,104815,104852,104857,5,,6
update,104814,104852,104858,6,,5
update,104825,104863,104866,3,,7
update,104836,104874,104877,3,,8
update,104847,104885,104887,2,,9
update,104858,104896,104899,3,,10
update,104869,104907,104910,3,,11
update,104880,104918,104921,3,,12
update,104891,104928,104932,4,,13
update,104902,104939,104942,3,,14
update,104913,104950,104953,3,,15
update,104924,104962,104966,4,,0
inbound,105000,105037,105041,4,,2
update,105000,105037,105042,5,,1
update,105011,105049,105052,3,,3
update,105022,105060,105063,3,,4
inbound,105025,105063,105066,3,,5
update,105033,105071,105074,3,,6
update,105044,105082,105085,3,,7
update,105055,105093,105096,3,,8
update,105066,105103,105107,4,,9
update,105077,105115,105118,3,,10
update,105088,105126,105129,3,,11
update,105099,105137,105140,3,,12
inbound,105100,105138,105141,3,,13
update,105110,105148,105151,3,,14
update,105121,105159,105161,2,,15
update,105132,105170,105173,3,,0
update,105143,105181,105184,3,,1
update,105154,105192,105195,3,,2
inbound,105155,105193,105196,3,,3
update,105165,105203,105205,2,,4
update,105176,105214,105217,3,,5
update,105187,105225,105228,3,,6
update,105198,105235,105239,4,,7
inbound,105200,105238,105241,3,,8
update,105209,105247,105250,3,,9
inbound,105210,105248,105252,4,,10
update,105220,105258,105261,3,,11
inbound,105225,105262,105265,3,,12
update,105231,105269,105271,2,,13
update,105242,105280,105283,3,,14
update,105253,105291,105294,3,,15
update,105264,105302,105305,3,,0
inbound,105265,105303,105307,4,,1
update,105275,105312,105315,3,,2
update,105286,105323,105326,3,,3
update,105297,105335,105338,3,,4
update,105308,105346,105349,3,,5
update,105319,105357,105361,4,,6
inbound,105320,105358,105362,4,,7
update,105330,105368,105370,2,,8
update,105341,105379,105382,3,,9
update,105352,105389,105392,3,,10
update,105363,105401,105404,3,,11
update,105374,105412,105416,4,,12
inbound,105375,105412,105416,4,,13
update,105385,105422,105425,3,,14
update,105396,105434,105437,3,,15
inbound,105400,105437,105440,3,,0
update,105407,105445,105448,3,,1
update,105418,105456,105459,3,,2
inbound,105425,105463,105466,3,,3
update,105429,105466,105470,4,,4
inbound,105430,105467,105471,4,,5
update,105440,105478,105481,3,,6
update,105451,105488,105493,5,,7
update,105462,105500,105503,3,,8
update,105473,105511,105515,4,,9
update,105484,105522,105526,4,,10
inbound,105485,105524,105530,6,,11
update,105495,105533,105537,4,,12
update,105506,105544,105548,4,,13
update,105517,105555,105559,4,,14
update,105528,105565,105570,5,,15
update,105539,105577,105582,5,,0
inbound,105540,105578,105583,5,,1
update,105550,105588,105593,5,,2
update,105561,105598,105603,5,,3
update,105572,105610,105613,3,,4
update,105583,105621,105625,4,,5
inbound,105595,105633,105640,7,,7
update,105594,105632,105645,13,,6
update,105605,105643,105647,4,,8
update,105616,105653,105662,9,,9
update,105627,105665,105669,4,,10
update,105638,105676,105678,2,,11
inbound,105650,105687,105691,4,,13
update,105649,105687,105691,4,,12
update,105660,105698,105700,2,,14
update,105671,105708,105712,4,,15
update,105682,105719,105722,3,,0
update,105693,105731,105734,3,,1
update,105704,105742,105745,3,,2
inbound,105705,105743,105746,3,,3
update,105715,105753,105756,3,,4
update,105726,105764,105766,2,,5
update,105737,105775,105778,3,,6
update,105748,105786,105789,3,,7
inbound,105760,105797,105800,3,,9
update,105759,105797,105801,4,,8
update,105770,105808,105811,3,,10
update,105781,105819,105822,3,,11
update,105792,105830,105833,3,,12
update,105803,105840,105844,4,,13
inbound,105815,105852,105858,6,,15
update,105814,105852,105859,7,,14
update,105825,105863,105867,4,,0
update,105836,105874,105878,4,,1
update,105847,105885,105888,3,,2
update,105858,105896,105898,2,,3
update,105869,105907,105910,3,,4
update,105880,105918,105920,2,,5
update,105891,105929,105932,3,,6
update,105902,105940,105943,3,,7
update,105913,105950,105954,4,,8
update,105924,105962,105965,3,,9
update,106000,106037,106041,4,,10
inbound,106000,106037,106041,4,,11
update,106011,106049,106052,3,,12
update,106022,106060,106063,3,,13
inbound,106025,106063,106065,2,,14
update,106033,106071,106073,2,,15
update,106044,106082,106085,3,,0
update,106055,106092,106096,4,,1
update,106066,106104,106107,3,,2
update,106077,106115,106118,3,,3
update,106088,106126,106129,3,,4
update,106099,106137,106140,3,,5
inbound,106100,106138,106141,3,,6
update,106110,106148,106151,3,,7
update,106121,106159,106162,3,,8
update,106132,106169,106173,4,,9
update,106143,106181,106185,4,,10
update,106154,106192,106195,3,,11
inbound,106155,106193,106197,4,,12
update,106165,106203,106206,3,,13
update,106176,106214,106217,3,,14
update,106187,106225,106228,3,,15
update,106198,106235,106239,4,,0
inbound,106200,106238,106240,2,,1
update,106209,106247,106250,3,,2
inbound,106210,106248,106251,3,,3
update,106220,106258,106261,3,,4
inbound,106225,106263,106266,3,,5
update,106231,106269,106272,3,,6
update,106242,106280,106283,3,,7
update,106253,106291,106294,3,,8
update,106264,106302,106306,4,,9
inbound,106265,106303,106307,4,,10
update,106275,106313,106316,3,,11
update,106286,106324,106327,3,,12
update,106297,106335,106339,4,,13
update,106308,106345,106348,3,,14
update,106319,106357,106360,3,,15
inbound,106320,106358,106361,3,,0
update,106330,106367,106370,3,,1
update,106341,106379,106382,3,,2
update,106352,106390,106393,3,,3
update,106363,106401,106403,2,,4
update,106374,106412,106415,3,,5
inbound,106375,106413,106416,3,,6
update,106385,106423,106426,3,,7
update,106396,106434,106437,3,,8
inbound,106400,106438,106441,3,,9
update,106407,106445,106448,3,,10
update,106418,106456,106459,3,,11
inbound,106425,106462,106465,3,,12
update,106429,106466,106470,4,,13
inbound,106430,106468,106471,3,,14
update,106440,106478,106481,3,,15
update,106451,106489,106492,3,,0
update,106462,106500,106503,3,,1
update,106473,106511,106514,3,,2
update,106484,106522,106526,4,,3
inbound,106485,106523,106527,4,,4
update,106495,106533,106536,3,,5
update,106506,106543,106546,3,,6
update,106517,106555,106558,3,,7
update,106528,106566,106569,3,,8
update,106539,106577,106580,3,,9
inbound,106540,106578,106581,3,,10
update,106550,106588,106591,3,,11
update,106561,106599,106602,3,,12
update,106572,106610,106613,3,,13
update,106583,106621,106625,4,,14
update,106594,106632,106635,3,,15
inbound,106595,106633,106636,3,,0
update,106605,106643,106646,3,,1
update,106616,106654,106657,3,,2
update,106627,106665,106668,3,,3
update,106638,106676,106679,3,,4
update,106649,106687,106690,3,,5
inbound,106650,106687,106691,4,,6
update,106660,106698,106702,4,,7
update,106671,106709,106712,3,,8
update,106682,106720,106723,3,,9
update,106693,106731,106734,3,,10
update,106704,106742,106745,3,,11
inbound,106705,106743,106747,4,,12
update,106715,106753,106757,4,,13
update,106726,106763,106768,5,,14
update,106737,106775,106778,3,,15
update,106748,106786,106789,3,,0
update,106759,106797,106802,5,,1
inbound,106760,106800,106803,3,,2
update,106770,106807,106812,5,,3
update,106781,106819,106822,3,,4
update,106792,106830,106833,3,,5
update,106803,106841,106844,3,,6
update,106814,106852,106856,4,,7
inbound,106815,106854,106856,2,,8
update,106825,106863,106866,3,,9
update,106836,106874,106877,3,,10
update,106847,106885,106888,3,,11
update,106858,106896,106899,3,,12
update,106869,106906,106909,3,,13
update,106880,106918,106920,2,,14
update,106891,106928,106931,3,,15
update,106902,106940,106942,2,,0
update,106913,106951,106954,3,,1
update,106924,106962,106965,3,,2
inbound,107000,107039,107042,3,,4
update,107000,107039,107043,4,,3
update,107011,107050,107054,4,,5
update,107022,107061,107065,4,,6
inbound,107025,107065,107068,3,,7
update,107033,107072,107074,2,,8
update,107044,107083,107086,3,,9
update,107055,107094,107097,3,,10
update,107066,107105,107107,2,,11
update,107077,107116,107119,3,,12
update,107088,107127,107130,3,,13
update,107099,107138,107141,3,,14
inbound,107100,107139,107143,4,,15
update,107110,107148,107151,3,,0
update,107121,107160,107163,3,,1
update,107132,107170,107173,3,,2
update,107143,107182,107185,3,,3
inbound,107155,107193,107197,4,,5
update,107154,107193,107197,4,,4
update,107165,107204,107208,4,,6
update,107176,107215,107218,3,,7
update,107187,107226,107229,3,,8
update,107198,107237,107240,3,,9
inbound,107200,107238,107242,4,,10
update,107209,107248,107254,6,,11
inbound,107210,107249,107255,6,,12
update,107220,107259,107262,3,,13
inbound,107225,107263,107266,3,,14
update,107231,107270,107272,2,,15
update,107242,107281,107283,2,,0
update,107253,107291,107295,4,,1
update,107264,107303,107307,4,,2
inbound,107265,107303,107307,4,,3
update,107275,107314,107317,3,,4
update,107286,107325,107328,3,,5
update,107297,107336,107339,3,,6
update,107308,107347,107351,4,,7
update,107319,107358,107362,4,,8
inbound,107320,107359,107363,4,,9
update,107330,107369,107372,3,,10
update,107341,107380,107384,4,,11
update,107352,107391,107394,3,,12
update,107363,107402,107404,2,,13
update,107374,107413,107416,3,,14
inbound,107375,107414,107417,3,,15
update,107385,107423,107427,4,,0
update,107396,107435,107438,3,,1
inbound,107400,107439,107442,3,,2
update,107407,107446,107449,3,,3
update,107418,107457,107459,2,,4
inbound,107425,107464,107466,2,,5
update,107429,107468,107472,4,,6
inbound,107430,107469,107473,4,,7
update,107440,107479,107482,3,,8
update,107451,107490,107493,3,,9
update,107462,107500,107504,4,,10
update,107473,107512,107515,3,,11
update,107484,107522,107526,4,,12
inbound,107485,107523,107527,4,,13
update,107495,107534,107537,3,,14
update,107506,107545,107548,3,,15
update,107517,107555,107558,3,,0
update,107528,107567,107569,2,,1
update,107539,107577,107580,3,,2
inbound,107540,107579,107582,3,,3
update,107550,107589,107593,4,,4
update,107561,107600,107604,4,,5
update,107572,107610,107613,3,,6
update,107583,107621,107625,4,,7
update,107594,107633,107638,5,,8
inbound,107595,107634,107638,4,,9
update,107605,107644,107646,2,,10
update,107616,107655,107658,3,,11
update,107627,107666,107671,5,,12
update,107638,107677,107680,3,,13
update,107649,107688,107691,3,,14
inbound,107650,107689,107692,3,,15
update,107660,107699,107701,2,,0
update,107671,107710,107712,2,,1
update,107682,107721,107723,2,,2
update,107693,107732,107735,3,,3
update,107704,107743,107748,5,,4
inbound,107705,107744,107748,4,,5
update,107715,107754,107757,3,,6
update,107726,107765,107768,3,,7
update,107737,107776,107779,3,,8
update,107748,107787,107790,3,,9
inbound,107760,107798,107801,3,,11
update,107759,107798,107802,4,,10
update,107770,107808,107812,4,,12
update,107781,107820,107823,3,,13
update,107792,107831,107834,3,,14
update,107803,107842,107845,3,,15
update,107814,107853,107856,3,,0
inbound,107815,107854,107856,2,,1
update,107825,107864,107871,7,,2
update,107836,107874,107878,4,,3
update,107847,107886,107889,3,,4
update,107858,107897,107901,4,,5
update,107869,107907,107912,5,,6
update,107880,107919,107922,3,,7
update,107891,107930,107933,3,,8
update,107902,107941,107945,4,,9
update,107913,107952,107954,2,,10
update,107924,107963,107966,3,,11
update,108000,108038,108044,6,,12
inbound,108000,108040,108044,4,,13
update,108011,108050,108054,4,,14
update,108022,108061,108064,3,,15
inbound,108025,108065,108068,3,,0
update,108033,108072,108075,3,,1
update,108044,108083,108086,3,,2
update,108055,108094,108097,3,,3
update,108066,108105,108108,3,,4
update,108077,108116,108119,3,,5
update,108088,108127,108130,3,,6
update,108099,108138,108141,3,,7
inbound,108100,108139,108143,4,,8
update,108110,108149,108152,3,,9
update,108121,108160,108162,2,,10
update,108132,108171,108174,3,,11
update,108143,108182,108185,3,,12
update,108154,108193,108197,4,,13
inbound,108155,108194,108199,5,,14
update,108165,108204,108206,2,,15
update,108176,108215,108218,3,,0
update,108187,108226,108229,3,,1
update,108198,108236,108240,4,,2
inbound,108200,108240,108242,2,,3
update,108209,108248,108251,3,,4
inbound,108210,108250,108254,4,,5
update,108220,108258,108262,4,,6
inbound,108225,108264,108267,3,,7
update,108231,108269,108272,3,,8
update,108242,108281,108284,3,,9
update,108253,108291,108294,3,,10
update,108264,108303,108306,3,,11
inbound,108265,108305,108309,4,,12
update,108275,108314,108318,4,,13
update,108286,108325,108328,3,,14
update,108297,108336,108339,3,,15
update,108308,108346,108350,4,,0
update,108319,108357,108361,4,,1
inbound,108320,108360,108364,4,,2
update,108330,108368,108371,3,,3
update,108341,108380,108383,3,,4
update,108352,108391,108394,3,,5
update,108363,108402,108405,3,,6
update,108374,108413,108415,2,,7
inbound,108375,108415,108418,3,,8
update,108385,108424,108427,3,,9
update,108396,108435,108438,3,,10
inbound,108400,108440,108442,2,,11
update,108407,108446,108449,3,,12
update,108418,108457,108462,5,,13
inbound,108425,108465,108473,8,,14
inbound,108430,108470,108474,4,,0
update,108429,108468,108475,7,,15
update,108440,108479,108483,4,,1
update,108451,108490,108493,3,,2
update,108462,108501,108504,3,,3
update,108473,108512,108516,4,,4
update,108484,108523,108526,3,,5
inbound,108485,108525,108528,3,,6
update,108495,108534,108537,3,,7
update,108506,108546,108549,3,,8
update,108517,108556,108560,4,,9
update,108528,108568,108571,3,,10
update,108539,108578,108582,4,,11
inbound,108540,108580,108583,3,,12
update,108550,108590,108592,2,,13
update,108561,108601,108604,3,,14
update,108572,108612,108616,4,,15
update,108583,108622,108625,3,,0
update,108594,108634,108638,4,,1
inbound,108595,108635,108639,4,,2
update,108605,108645,108648,3,,3
update,108616,108656,108659,3,,4
update,108627,108666,108669,3,,5
update,108638,108677,108680,3,,6
update,108649,108689,108693,4,,7
inbound,108650,108690,108693,3,,8
update,108660,108700,108703,3,,9
update,108671,108710,108714,4,,10
update,108682,108722,108726,4,,11
update,108693,108732,108736,4,,12
update,108704,108744,108747,3,,13
inbound,108705,108745,108749,4,,14
update,108715,108755,108758,3,,15
update,108726,108765,108769,4,,0
update,108737,108777,108780,3,,1
update,108748,108787,108790,3,,2
update,108759,108799,108802,3,,3
inbound,108760,108800,108802,2,,4
update,108770,108810,108813,3,,5
update,108781,108821,108824,3,,6
update,108792,108832,108834,2,,7
update,108803,108842,108846,4,,8
inbound,108815,108855,108857,2,,10
update,108814,108853,108857,4,,9
update,108825,108865,108869,4,,11
update,108836,108876,108881,5,,12
update,108847,108886,108890,4,,13
update,108858,108898,108902,4,,14
update,108869,108908,108911,3,,15
update,108880,108920,108923,3,,0
update,108891,108931,108934,3,,1
update,108902,108942,108945,3,,2
update,108913,108953,108957,4,,3
update,108924,108964,108967,3,,4
inbound,109000,109040,109044,4,,6
update,109000,109040,109044,4,,5
update,109011,109051,109054,3,,7
update,109022,109062,109065,3,,8
inbound,109025,109065,109068,3,,9
update,109033,109073,109076,3,,10
update,109044,109084,109087,3,,11
update,109055,109095,109098,3,,12
update,109066,109105,109108,3,,13
update,109077,109117,109121,4,,14
update,109088,109127,109131,4,,15
update,109099,109138,109142,4,,0
inbound,109100,109140,109143,3,,1
update,109110,109149,109152,3,,2
update,109121,109161,109164,3,,3
update,109132,109171,109174,3,,4
update,109143,109183,109185,2,,5
update,109154,109194,109198,4,,6
inbound,109155,109195,109202,7,,7
update,109165,109204,109208,4,,8
update,109176,109216,109219,3,,9
update,109187,109226,109230,4,,10
update,109198,109238,109242,4,,11
inbound,109200,109239,109243,4,,12
update,109209,109248,109252,4,,13
inbound,109210,109249,109253,4,,14
update,109220,109260,109263,3,,15
inbound,109225,109265,109268,3,,0
update,109231,109271,109274,3,,1
update,109242,109282,109285,3,,2
update,109253,109293,109296,3,,3
update,109264,109304,109307,3,,4
inbound,109265,109306,109310,4,,5
update,109275,109314,109318,4,,6
update,109286,109326,109329,3,,7
update,109297,109336,109339,3,,8
update,109308,109348,109351,3,,9
update,109319,109359,109363,4,,10
inbound,109320,109360,109364,4,,11
update,109330,109370,109372,2,,12
update,109341,109381,109384,3,,13
update,109352,109392,109395,3,,14
update,109363,109402,109405,3,,15
update,109374,109414,109417,3,,0
inbound,109375,109415,109419,4,,1
update,109385,109425,109428,3,,2
update,109396,109436,109439,3,,3
inbound,109400,109440,109443,3,,4
update,109407,109446,109450,4,,5
update,109418,109458,109461,3,,6
inbound,109425,109465,109468,3,,7
update,109429,109469,109472,3,,8
inbound,109430,109470,109474,4,,9
update,109440,109479,109482,3,,10
update,109451,109491,109494,3,,11
update,109462,109502,109505,3,,12
update,109473,109513,109516,3,,13
update,109484,109523,109527,4,,14
inbound,109485,109525,109529,4,,15
update,109495,109535,109538,3,,0
update,109506,109546,109549,3,,1
update,109517,109557,109560,3,,2
update,109528,109567,109570,3,,3
update,109539,109578,109582,4,,4
inbound,109540,109580,109583,3,,5
update,109550,109590,109593,3,,6
update,109561,109600,109603,3,,7
update,109572,109612,109616,4,,8
update,109583,109623,109627,4,,9
update,109594,109634,109639,5,,10
inbound,109595,109634,109639,5,,11
update,109605,109645,109649,4,,12
update,109616,109656,109659,3,,13
update,109627,109667,109670,3,,14
update,109638,109678,109681,3,,15
update,109649,109689,109693,4,,0
inbound,109650,109690,109695,5,,1
update,109660,109700,109703,3,,2
update,109671,109711,109714,3,,3
update,109682,109722,109725,3,,4
update,109693,109732,109735,3,,5
update,109704,109744,109749,5,,6
inbound,109705,109745,109749,4,,7
update,109715,109755,109758,3,,8
update,109726,109766,109769,3,,9
update,109737,109777,109780,3,,10
update,109748,109788,109791,3,,11
update,109759,109799,109802,3,,12
inbound,109760,109800,109804,4,,13
update,109770,109810,109813,3,,14
update,109781,109821,109825,4,,15
update,109792,109832,109835,3,,0
update,109803,109843,109846,3,,1
inbound,109815,109854,109857,3,,3
update,109814,109854,109858,4,,2
update,109825,109865,109868,3,,4
update,109836,109876,109881,5,,5
update,109847,109887,109891,4,,6
update,109858,109897,109900,3,,7
update,109869,109908,109912,4,,8
update,109880,109920,109922,2,,9
update,109891,109931,109934,3,,10
update,109902,109941,109945,4,,11
update,109913,109953,109956,3,,12
update,109924,109963,109966,3,,13
inbound,110000,110040,110044,4,,15
update,110000,110040,110044,4,,14
update,110011,110051,110054,3,,0
update,110022,110062,110064,2,,1
inbound,110025,110064,110067,3,,2
update,110033,110073,110076,3,,3
update,110044,110083,110087,4,,4
update,110055,110095,110098,3,,5
update,110066,110106,110109,3,,6
update,110077,110117,110120,3,,7
update,110088,110127,110130,3,,8
update,110099,110138,110142,4,,9
inbound,110100,110140,110143,3,,10
update,110110,110150,110153,3,,11
update,110121,110160,110163,3,,12
update,110132,110172,110175,3,,13
update,110143,110183,110186,3,,14
update,110154,110194,110198,4,,15
inbound,110155,110195,110198,3,,0
update,110165,110204,110208,4,,1
update,110176,110216,110219,3,,2
update,110187,110227,110230,3,,3
update,110198,110238,110241,3,,4
inbound,110200,110240,110243,3,,5
update,110209,110249,110252,3,,6
inbound,110210,110250,110253,3,,7
update,110220,110260,110263,3,,8
inbound,110225,110264,110267,3,,9
update,110231,110271,110274,3,,10
update,110242,110282,110285,3,,11
update,110253,110293,110296,3,,12
update,110264,110303,110306,3,,13
inbound,110265,110305,110308,3,,14
update,110275,110315,110318,3,,15
update,110286,110326,110329,3,,0
update,110297,110337,110340,3,,1
update,110308,110348,110351,3,,2
update,110319,110359,110362,3,,3
inbound,110320,110360,110363,3,,4
update,110330,110369,110373,4,,5
update,110341,110381,110384,3,,6
update,110352,110392,110395,3,,7
update,110363,110403,110406,3,,8
update,110374,110414,110418,4,,9
inbound,110375,110415,110418,3,,10
update,110385,110425,110428,3,,11
update,110396,110436,110439,3,,12
inbound,110400,110440,110442,2,,13
update,110407,110447,110450,3,,14
update,110418,110458,110461,3,,15
inbound,110425,110465,110468,3,,0
update,110429,110468,110472,4,,1
inbound,110430,110469,110472,3,,2
update,110440,110480,110483,3,,3
update,110451,110491,110494,3,,4
update,110462,110502,110505,3,,5
update,110473,110512,110515,3,,6
update,110484,110523,110527,4,,7
inbound,110485,110525,110528,3,,8
update,110495,110535,110537,2,,9
update,110506,110546,110549,3,,10
update,110517,110556,110559,3,,11
update,110528,110567,110571,4,,12
update,110539,110579,110582,3,,13
inbound,110540,110580,110583,3,,14
update,110550,110589,110592,3,,15
update,110561,110601,110604,3,,0
update,110572,110612,110615,3,,1
update,110583,110623,110625,2,,2
update,110594,110634,110637,3,,3
inbound,110595,110635,110638,3,,4
update,110605,110645,110648,3,,5
update,110616,110656,110659,3,,6
update,110627,110667,110670,3,,7
update,110638,110678,110681,3,,8
update,110649,110689,110693,4,,9
inbound,110650,110690,110693,3,,10
update,110660,110699,110702,3,,11
update,110671,110711,110714,3,,12
update,110682,110722,110725,3,,13
update,110693,110732,110735,3,,14
update,110704,110744,110747,3,,15
inbound,110705,110745,110748,3,,0
update,110715,110755,110758,3,,1
update,110726,110765,110769,4,,2
update,110737,110777,110780,3,,3
update,110748,110788,110791,3,,4
inbound,110760,110799,110801,2,,6
update,110759,110799,110802,3,,5
update,110770,110810,110812,2,,7
update,110781,110821,110823,2,,8
update,110792,110832,110835,3,,9
update,110803,110843,110846,3,,10
update,110814,110854,110857,3,,11
inbound,110815,110855,110857,2,,12
update,110825,110865,110868,3,,13
update,110836,110876,110880,4,,14
update,110847,110887,110890,3,,15
update,110858,110898,110901,3,,0
update,110869,110908,110911,3,,1
update,110880,110920,110923,3,,2
update,110891,110930,110933,3,,3
update,110902,110941,110944,3,,4
update,110913,110952,110955,3,,5
update,110924,110964,110967,3,,6
inbound,111000,111040,111043,3,,8
update,111000,111040,111044,4,,7
update,111011,111051,111055,4,,9
update,111022,111061,111065,4,,10
inbound,111025,111065,111068,3,,11
update,111033,111073,111077,4,,12
update,111044,111084,111087,3,,13
update,111055,111095,111099,4,,14
update,111066,111106,111110,4,,15
update,111077,111116,111120,4,,0
update,111088,111128,111132,4,,1
update,111099,111138,111143,5,,2
inbound,111100,111139,111145,6,,3
update,111110,111150,111153,3,,4
update,111121,111161,111165,4,,5
update,111132,111172,111175,3,,6
update,111143,111183,111186,3,,7
update,111154,111194,111197,3,,8
inbound,111155,111194,111197,3,,9
update,111165,111205,111208,3,,10
update,111176,111215,111219,4,,11
update,111187,111227,111230,3,,12
update,111198,111237,111241,4,,13
inbound,111200,111239,111243,4,,14
update,111209,111249,111252,3,,15
inbound,111210,111251,111255,4,,0
update,111220,111259,111262,3,,1
inbound,111225,111265,111267,2,,2
update,111231,111271,111275,4,,3
update,111242,111282,111285,3,,4
update,111253,111293,111296,3,,5
update,111264,111304,111308,4,,6
inbound,111265,111304,111309,5,,7
update,111275,111315,111318,3,,8
update,111286,111326,111329,3,,9
update,111297,111337,111340,3,,10
update,111308,111348,111352,4,,11
inbound,111320,111359,111362,3,,13
update,111319,111359,111364,5,,12
update,111330,111370,111373,3,,14
update,111341,111381,111385,4,,15
update,111352,111392,111394,2,,0
update,111363,111402,111405,3,,1
inbound,111375,111414,111417,3,,3
update,111374,111414,111420,6,,2
update,111385,111424,111427,3,,4
update,111396,111436,111439,3,,5
inbound,111400,111440,111443,3,,6
update,111407,111447,111450,3,,7
update,111418,111458,111461,3,,8
inbound,111425,111465,111468,3,,9
update,111429,111469,111472,3,,10
inbound,111430,111470,111474,4,,11
update,111440,111480,111482,2,,12
update,111451,111490,111494,4,,13
update,111462,111501,111504,3,,14
update,111473,111513,111516,3,,15
update,111484,111524,111527,3,,0
inbound,111485,111525,111528,3,,1
update,111495,111535,111538,3,,2
update,111506,111546,111549,3,,3
update,111517,111556,111560,4,,4
update,111528,111568,111571,3,,5
update,111539,111579,111582,3,,6
inbound,111540,111580,111584,4,,7
update,111550,111590,111593,3,,8
update,111561,111601,111604,3,,9
update,111572,111611,111614,3,,10
update,111583,111623,111626,3,,11
update,111594,111633,111637,4,,12
inbound,111595,111634,111638,4,,13
update,111605,111645,111648,3,,14
update,111616,111656,111659,3,,15
update,111627,111666,111669,3,,0
update,111638,111678,111681,3,,1
update,111649,111689,111692,3,,2
inbound,111650,111690,111694,4,,3
update,111660,111700,111703,3,,4
update,111671,111711,111713,2,,5
update,111682,111722,111725,3,,6
update,111693,111733,111736,3,,7
update,111704,111743,111747,4,,8
inbound,111705,111745,111748,3,,9
update,111715,111754,111758,4,,10
update,111726,111766,111769,3,,11
update,111737,111777,111780,3,,12
update,111748,111787,111790,3,,13
inbound,111760,111800,111802,2,,15
update,111759,111799,111802,3,,14
update,111770,111809,111813,4,,0
update,111781,111821,111823,2,,1
update,111792,111831,111835,4,,2
update,111803,111842,111845,3,,3
inbound,111815,111855,111857,2,,5
update,111814,111854,111857,3,,4
update,111825,111865,111868,3,,6
update,111836,111876,111879,3,,7
update,111847,111887,111892,5,,8
update,111858,111898,111902,4,,9
update,111869,111909,111916,7,,10
update,111880,111920,111924,4,,11
update,111891,111931,111935,4,,12
update,111902,111942,111946,4,,13
update,111913,111952,111957,5,,14
update,111924,111964,111968,4,,15
inbound,112000,112040,112044,4,,1
update,112000,112040,112046,6,,0
update,112011,112051,112053,2,,2
update,112022,112062,112065,3,,3
inbound,112025,112065,112067,2,,4
update,112033,112072,112075,3,,5
update,112044,112083,112086,3,,6
update,112055,112095,112098,3,,7
update,112066,112105,112108,3,,8
update,112077,112117,112119,2,,9
update,112088,112128,112131,3,,10
update,112099,112138,112142,4,,11
inbound,112100,112140,112143,3,,12
update,112110,112150,112153,3,,13
update,112121,112161,112164,3,,14
update,112132,112172,112175,3,,15
update,112143,112183,112186,3,,0
inbound,112155,112194,112198,4,,2
update,112154,112194,112198,4,,1
update,112165,112205,112208,3,,3
update,112176,112216,112219,3,,4
update,112187,112227,112229,2,,5
update,112198,112238,112241,3,,6
inbound,112200,112240,112243,3,,7
update,112209,112248,112251,3,,8
inbound,112210,112250,112253,3,,9
update,112220,112259,112263,4,,10
inbound,112225,112265,112268,3,,11
update,112231,112271,112274,3,,12
update,112242,112282,112285,3,,13
update,112253,112293,112296,3,,14
update,112264,112303,112307,4,,15
inbound,112265,112305,112308,3,,0
update,112275,112315,112318,3,,1
update,112286,112326,112328,2,,2
update,112297,112337,112340,3,,3
update,112308,112348,112351,3,,4
update,112319,112358,112365,7,,5
inbound,112320,112360,112367,7,,6
update,112330,112370,112374,4,,7
update,112341,112381,112384,3,,8
update,112352,112392,112399,7,,9
update,112363,112402,112406,4,,10
update,112374,112414,112418,4,,11
inbound,112375,112415,112419,4,,12
update,112385,112425,112428,3,,13
update,112396,112436,112439,3,,14
inbound,112400,112440,112444,4,,15
update,112407,112447,112450,3,,0
update,112418,112458,112461,3,,1
inbound,112425,112464,112467,3,,2
update,112429,112469,112472,3,,3
inbound,112430,112470,112474,4,,4
update,112440,112480,112483,3,,5
update,112451,112491,112494,3,,6
update,112462,112502,112505,3,,7
update,112473,112512,112516,4,,8
update,112484,112524,112527,3,,9
inbound,112485,112525,112529,4,,10
update,112495,112535,112538,3,,11
update,112506,112545,112549,4,,12
update,112517,112557,112561,4,,13
update,112528,112567,112571,4,,14
update,112539,112579,112582,3,,15
inbound,112540,112580,112584,4,,0
update,112550,112589,112593,4,,1
update,112561,112601,112604,3,,2
update,112572,112612,112615,3,,3
update,112583,112623,112625,2,,4
update,112594,112633,112637,4,,5
inbound,112595,112635,112638,3,,6
update,112605,112645,112648,3,,7
update,112616,112655,112658,3,,8
update,112627,112666,112669,3,,9
update,112638,112678,112681,3,,10
update,112649,112689,112693,4,,11
inbound,112650,112689,112693,4,,12
update,112660,112699,112703,4,,13
update,112671,112711,112714,3,,14
update,112682,112722,112725,3,,15
update,112693,112733,112736,3,,0
update,112704,112743,112747,4,,1
inbound,112705,112745,112748,3,,2
update,112715,112755,112762,7,,3
update,112726,112766,112772,6,,4
update,112737,112777,112781,4,,5
update,112748,112787,112795,8,,6
inbound,112760,112799,112803,4,,8
update,112759,112799,112804,5,,7
update,112770,112810,112814,4,,9
update,112781,112820,112823,3,,10
update,112792,112832,112836,4,,11
update,112803,112843,112846,3,,12
update,112814,112854,112857,3,,13
inbound,112815,112856,112859,3,,14
update,112825,112865,112868,3,,15
update,112836,112876,112879,3,,0
update,112847,112887,112893,6,,1
update,112858,112898,112902,4,,2
update,112869,112909,112912,3,,3
update,112880,112920,112923,3,,4
update,112891,112930,112934,4,,5
update,112902,112942,112945,3,,6
update,112913,112953,112955,2,,7
update,112924,112964,112966,2,,8
inbound,113000,113040,113043,3,,10
update,113000,113040,113043,3,,9
update,113011,113051,113054,3,,11
update,113022,113062,113065,3,,12
inbound,113025,113064,113067,3,,13
update,113033,113073,113076,3,,14
update,113044,113084,113086,2,,15
update,113055,113094,113098,4,,0
update,113066,113106,113109,3,,1
update,113077,113117,113120,3,,2
update,113088,113128,113131,3,,3
update,113099,113138,113141,3,,4
inbound,113100,113140,113143,3,,5
update,113110,113150,113153,3,,6
update,113121,113161,113164,3,,7
update,113132,113171,113175,4,,8
update,113143,113183,113187,4,,9
update,113154,113193,113198,5,,10
inbound,113155,113195,113199,4,,11
update,113165,113205,113208,3,,12
update,113176,113215,113221,6,,13
update,113187,113226,113232,6,,14
update,113198,113238,113243,5,,15
inbound,113200,113240,113245,5,,0
update,113209,113249,113255,6,,1
inbound,113210,113250,113258,8,,2
update,113220,113260,113264,4,,3
inbound,113225,113264,113267,3,,4
update,113231,113271,113275,4,,5
update,113242,113281,113287,6,,6
update,113253,113293,113297,4,,7
update,113264,113304,113308,4,,8
inbound,113265,113305,113309,4,,9
update,113275,113314,113319,5,,10
update,113286,113325,113329,4,,11
update,113297,113337,113341,4,,12
update,113308,113348,113351,3,,13
update,113319,113359,113363,4,,14
inbound,113320,113360,113364,4,,15
update,113330,113370,113373,3,,0
update,113341,113381,113385,4,,1
update,113352,113392,113395,3,,2
update,113363,113403,113405,2,,3
update,113374,113414,113418,4,,4
inbound,113375,113415,113418,3,,5
update,113385,113424,113427,3,,6
update,113396,113436,113439,3,,7
inbound,113400,113440,113443,3,,8
update,113407,113446,113450,4,,9
update,113418,113457,113460,3,,10
inbound,113425,113465,113468,3,,11
update,113429,113468,113471,3,,12
inbound,113430,113470,113473,3,,13
update,113440,113480,113483,3,,14
update,113451,113491,113493,2,,15
update,113462,113502,113505,3,,0
update,113473,113512,113515,3,,1
update,113484,113524,113527,3,,2
inbound,113485,113525,113528,3,,3
update,113495,113534,113537,3,,4
update,113506,113546,113549,3,,5
update,113517,113557,113560,3,,6
update,113528,113568,113571,3,,7
update,113539,113578,113582,4,,8
inbound,113540,113580,113584,4,,9
update,113550,113589,113594,5,,10
update,113561,113601,113604,3,,11
update,113572,113612,113615,3,,12
update,113583,113623,113626,3,,13
update,113594,113634,113638,4,,14
inbound,113595,113634,113639,5,,15
update,113605,113645,113647,2,,0
update,113616,113656,113659,3,,1
update,113627,113667,113670,3,,2
update,113638,113678,113681,3,,3
update,113649,113689,113693,4,,4
inbound,113650,113690,113693,3,,5
update,113660,113700,113704,4,,6
update,113671,113711,113714,3,,7
update,113682,113722,113725,3,,8
update,113693,113733,113736,3,,9
update,113704,113744,113748,4,,10
inbound,113705,113744,113749,5,,11
update,113715,113755,113758,3,,12
update,113726,113766,113769,3,,13
update,113737,113777,113780,3,,14
update,113748,113788,113791,3,,15
update,113759,113798,113802,4,,0
inbound,113760,113800,113803,3,,1
update,113770,113810,113814,4,,2
update,113781,113821,113824,3,,3
update,113792,113832,113835,3,,4
update,113803,113843,113846,3,,5
inbound,113815,113854,113856,2,,7
update,113814,113854,113858,4,,6
update,113825,113865,113868,3,,8
update,113836,113875,113879,4,,9
update,113847,113886,113889,3,,10
update,113858,113898,113905,7,,11
update,113869,113909,113912,3,,12
update,113880,113920,113924,4,,13
update,113891,113931,113934,3,,14
update,113902,113942,113944,2,,15
update,113913,113953,113956,3,,0
update,113924,113964,113967,3,,1
inbound,114000,114040,114043,3,,3
update,114000,114040,114044,4,,2
update,114011,114051,114053,2,,4
update,114022,114062,114065,3,,5
inbound,114025,114065,114067,2,,6
update,114033,114072,114075,3,,7
update,114044,114084,114087,3,,8
update,114055,114095,114098,3,,9
update,114066,114105,114108,3,,10
update,114077,114117,114120,3,,11
update,114088,114128,114130,2,,12
update,114099,114139,114142,3,,13
inbound,114100,114140,114143,3,,14
update,114110,114150,114152,2,,15
update,114121,114161,114163,2,,0
update,114132,114172,114174,2,,1
update,114143,114183,114185,2,,2
update,114154,114193,114197,4,,3
inbound,114155,114195,114198,3,,4
update,114165,114205,114208,3,,5
update,114176,114216,114219,3,,6
update,114187,114227,114230,3,,7
update,114198,114237,114241,4,,8
inbound,114200,114240,114243,3,,9
update,114209,114249,114252,3,,10
inbound,114210,114250,114255,5,,11
update,114220,114259,114262,3,,12
inbound,114225,114265,114268,3,,13
update,114231,114271,114274,3,,14
update,114242,114282,114285,3,,15
update,114253,114292,114295,3,,0
update,114264,114303,114307,4,,1
inbound,114265,114305,114308,3,,2
update,114275,114315,114317,2,,3
update,114286,114325,114329,4,,4
update,114297,114337,114340,3,,5
update,114308,114348,114351,3,,6
update,114319,114359,114362,3,,7
inbound,114320,114360,114363,3,,8
update,114330,114370,114373,3,,9
update,114341,114381,114384,3,,10
update,114352,114392,114395,3,,11
update,114363,114403,114406,3,,12
update,114374,114413,114417,4,,13
inbound,114375,114415,114418,3,,14
update,114385,114425,114428,3,,15
update,114396,114436,114439,3,,0
inbound,114400,114439,114442,3,,1
update,114407,114447,114450,3,,2
update,114418,114458,114461,3,,3
inbound,114425,114465,114468,3,,4
update,114429,114469,114472,3,,5
inbound,114430,114470,114473,3,,6
update,114440,114480,114483,3,,7
update,114451,114491,114494,3,,8
update,114462,114502,114505,3,,9
update,114473,114512,114515,3,,10
update,114484,114523,114527,4,,11
inbound,114485,114525,114527,2,,12
update,114495,114535,114537,2,,13
update,114506,114546,114548,2,,14
update,114517,114557,114559,2,,15
update,114528,114567,114570,3,,0
update,114539,114578,114582,4,,1
inbound,114540,114579,114582,3,,2
update,114550,114590,114593,3,,3
update,114561,114600,114603,3,,4
update,114572,114611,114614,3,,5
update,114583,114622,114625,3,,6
inbound,114595,114634,114637,3,,8
update,114594,114634,114637,3,,7
update,114605,114645,114648,3,,9
update,114616,114656,114659,3,,10
update,114627,114667,114670,3,,11
update,114638,114678,114681,3,,12
update,114649,114689,114692,3,,13
inbound,114650,114690,114693,3,,14
update,114660,114700,114703,3,,15
update,114671,114711,114714,3,,0
update,114682,114722,114724,2,,1
update,114693,114733,114736,3,,2
update,114704,114744,114747,3,,3
inbound,114705,114745,114748,3,,4
update,114715,114755,114758,3,,5
update,114726,114766,114769,3,,6
update,114737,114776,114779,3,,7
update,114748,114788,114790,2,,8
update,114759,114799,114802,3,,9
inbound,114760,114800,114802,2,,10
update,114770,114810,114812,2,,11
update,114781,114821,114823,2,,12
update,114792,114832,114834,2,,13
update,114803,114842,114845,3,,14
inbound,114815,114854,114856,2,,0
update,114814,114854,114857,3,,15
update,114825,114865,114867,2,,1
update,114836,114876,114878,2,,2
update,114847,114887,114889,2,,3
update,114858,114898,114900,2,,4
update,114869,114909,114912,3,,5
update,114880,114920,114923,3,,6
update,114891,114931,114934,3,,7
update,114902,114942,114945,3,,8
update,114913,114953,114956,3,,9
update,114924,114964,114967,3,,10
update,115000,115039,115044,5,,11
inbound,115000,115039,115044,5,,12
update,115011,115050,115054,4,,13
update,115022,115062,115065,3,,14
inbound,115025,115065,115067,2,,15
update,115033,115073,115076,3,,0
update,115044,115083,115086,3,,1
update,115055,115095,115097,2,,2
update,115066,115105,115108,3,,3
update,115077,115117,115120,3,,4
update,115088,115128,115131,3,,5
update,115099,115139,115143,4,,6
inbound,115100,115140,115144,4,,7
update,115110,115150,115154,4,,8
update,115121,115161,115164,3,,9
update,115132,115171,115174,3,,10
update,115143,115182,115186,4,,11
update,115154,115193,115197,4,,12
inbound,115155,115194,115199,5,,13
update,115165,115205,115207,2,,14
update,115176,115215,115218,3,,15
update,115187,115226,115231,5,,0
update,115198,115238,115241,3,,1
inbound,115200,115240,115243,3,,2
update,115209,115248,115252,4,,3
inbound,115210,115249,115252,3,,4
update,115220,115259,115263,4,,5
inbound,115225,115265,115268,3,,6
update,115231,115271,115274,3,,7
update,115242,115282,115285,3,,8
update,115253,115293,115296,3,,9
update,115264,115303,115307,4,,10
inbound,115265,115305,115308,3,,11
update,115275,115315,115318,3,,12
update,115286,115326,115330,4,,13
update,115297,115337,115339,2,,14
update,115308,115347,115350,3,,15
update,115319,115359,115362,3,,0
inbound,115320,115360,115364,4,,1
update,115330,115370,115372,2,,2
update,115341,115380,115383,3,,3
update,115352,115392,115394,2,,4
update,115363,115403,115406,3,,5
inbound,115375,115414,115418,4,,7
update,115374,115414,115419,5,,6
update,115385,115425,115428,3,,8
update,115396,115436,115439,3,,9
inbound,115400,115439,115442,3,,10
update,115407,115447,115450,3,,11
update,115418,115457,115460,3,,12
inbound,115425,115465,115470,5,,13
inbound,115430,115469,115472,3,,15
update,115429,115469,115473,4,,14
update,115440,115480,115483,3,,0
update,115451,115491,115494,3,,1
update,115462,115502,115505,3,,2
update,115473,115513,115515,2,,3
update,115484,115523,115527,4,,4
inbound,115485,115525,115528,3,,5
update,115495,115535,115539,4,,6
update,115506,115546,115549,3,,7
update,115517,115557,115560,3,,8
update,115528,115568,115571,3,,9
update,115539,115579,115583,4,,10
inbound,115540,115581,115585,4,,11
update,115550,115589,115593,4,,12
update,115561,115600,115603,3,,13
update,115572,115612,115615,3,,14
update,115583,115623,115626,3,,15
update,115594,115633,115637,4,,0
inbound,115595,115635,115638,3,,1
update,115605,115644,115647,3,,2
update,115616,115656,115659,3,,3
update,115627,115667,115672,5,,4
update,115638,115678,115683,5,,5
inbound,115650,115690,115696,6,,7
update,115649,115689,115696,7,,6
update,115660,115700,115706,6,,8
update,115671,115711,115714,3,,9
update,115682,115722,115726,4,,10
update,115693,115733,115739,6,,11
inbound,115705,115745,115748,3,,13
update,115704,115743,115750,7,,12
update,115715,115754,115761,7,,14
update,115726,115766,115772,6,,15
update,115737,115777,115783,6,,0
update,115748,115788,115793,5,,1
update,115759,115799,115803,4,,2
inbound,115760,115799,115804,5,,3
update,115770,115809,115812,3,,4
update,115781,115820,115824,4,,5
update,115792,115832,115835,3,,6
update,115803,115843,115846,3,,7
update,115814,115854,115858,4,,8
inbound,115815,115855,115859,4,,9
update,115825,115865,115868,3,,10
update,115836,115876,115880,4,,11
update,115847,115887,115889,2,,12
update,115858,115898,115901,3,,13
update,115869,115909,115916,7,,14
update,115880,115920,115923,3,,15
update,115891,115931,115934,3,,0
update,115902,115942,115945,3,,1
update,115913,115952,115955,3,,2
update,115924,115964,115967,3,,3
inbound,116000,116040,116044,4,,5
update,116000,116040,116044,4,,4
update,116011,116051,116054,3,,6
update,116022,116061,116065,4,,7
inbound,116025,116065,116067,2,,8
update,116033,116073,116075,2,,9
update,116044,116084,116087,3,,10
update,116055,116095,116098,3,,11
update,116066,116106,116109,3,,12
update,116077,116117,116120,3,,13
update,116088,116128,116131,3,,14
update,116099,116139,116142,3,,15
inbound,116100,116140,116144,4,,0
update,116110,116150,116152,2,,1
update,116121,116160,116164,4,,2
update,116132,116172,116175,3,,3
update,116143,116183,116186,3,,4
update,116154,116194,116197,3,,5
inbound,116155,116195,116199,4,,6
update,116165,116205,116208,3,,7
update,116176,116216,116219,3,,8
update,116187,116227,116230,3,,9
update,116198,116238,116242,4,,10
inbound,116200,116239,116244,5,,11
update,116209,116249,116252,3,,12
inbound,116210,116255,116258,3,,13
update,116220,116259,116262,3,,14
inbound,116225,116265,116268,3,,15
update,116231,116271,116274,3,,0
update,116242,116282,116285,3,,1
update,116253,116293,116295,2,,2
update,116264,116304,116307,3,,3
inbound,116265,116309,116312,3,,4
update,116275,116315,116317,2,,5
update,116286,116326,116329,3,,6
update,116297,116337,116340,3,,7
update,116308,116348,116352,4,,8
update,116319,116358,116362,4,,9
inbound,116320,116364,116368,4,,10
update,116330,116370,116373,3,,11
update,116341,116381,116384,3,,12
update,116352,116392,116395,3,,13
update,116363,116402,116406,4,,14
update,116374,116414,116417,3,,15
inbound,116375,116419,116423,4,,0
update,116385,116425,116428,3,,1
update,116396,116436,116439,3,,2
inbound,116400,116440,116443,3,,3
update,116407,116447,116451,4,,4
update,116418,116457,116461,4,,5
inbound,116425,116464,116467,3,,6
update,116429,116469,116471,2,,7
inbound,116430,116475,116478,3,,8
update,116440,116480,116482,2,,9
update,116451,116491,116494,3,,10
update,116462,116502,116505,3,,11
update,116473,116512,116515,3,,12
update,116484,116523,116526,3,,13
inbound,116485,116530,116533,3,,14
update,116495,116535,116538,3,,15
update,116506,116546,116549,3,,0
update,116517,116557,116561,4,,1
update,116528,116568,116571,3,,2
update,116539,116579,116583,4,,3
inbound,116540,116585,116588,3,,4
update,116550,116590,116592,2,,5
update,116561,116600,116603,3,,6
update,116572,116611,116615,4,,7
update,116583,116623,116626,3,,8
update,116594,116634,116637,3,,9
inbound,116595,116640,116643,3,,10
update,116605,116645,116648,3,,11
update,116616,116655,116658,3,,12
update,116627,116667,116670,3,,13
update,116638,116678,116681,3,,14
update,116649,116689,116692,3,,15
inbound,116650,116695,116698,3,,0
update,116660,116699,116702,3,,1
update,116671,116711,116715,4,,2
update,116682,116722,116725,3,,3
update,116693,116733,116736,3,,4
update,116704,116744,116746,2,,5
inbound,116705,116750,116753,3,,6
update,116715,116754,116757,3,,7
update,116726,116766,116769,3,,8
update,116737,116777,116779,2,,9
update,116748,116788,116791,3,,10
update,116759,116799,116801,2,,11
inbound,116760,116805,116807,2,,12
update,116770,116809,116812,3,,13
update,116781,116821,116826,5,,14
update,116792,116832,116836,4,,15
update,116803,116843,116847,4,,0
update,116814,116854,116857,3,,1
inbound,116815,116860,116863,3,,2
update,116825,116865,116871,6,,3
update,116836,116876,116879,3,,4
update,116847,116886,116889,3,,5
update,116858,116898,116904,6,,6
update,116869,116909,116912,3,,7
update,116880,116920,116930,10,,8
update,116891,116930,116935,5,,9
update,116902,116942,116949,7,,10
update,116913,116953,116958,5,,11
update,116924,116964,116971,7,,12
inbound,117000,117045,117048,3,,14
update,117000,117045,117048,3,,13
update,117011,117055,117058,3,,15
update,117022,117067,117070,3,,0
inbound,117025,117070,117074,4,,1
update,117033,117078,117080,2,,2
update,117044,117089,117092,3,,3
update,117055,117099,117103,4,,4
update,117066,117111,117114,3,,5
update,117077,117122,117125,3,,6
update,117088,117132,117135,3,,7
update,117099,117144,117147,3,,8
inbound,117100,117145,117149,4,,9
update,117110,117155,117158,3,,10
update,117121,117166,117169,3,,11
update,117132,117177,117179,2,,12
update,117143,117188,117191,3,,13
update,117154,117198,117202,4,,14
inbound,117155,117200,117203,3,,15
update,117165,117210,117213,3,,0
update,117176,117221,117224,3,,1
update,117187,117232,117234,2,,2
update,117198,117243,117248,5,,3
inbound,117200,117245,117250,5,,4
update,117209,117254,117259,5,,5
inbound,117210,117255,117259,4,,6
update,117220,117265,117268,3,,7
inbound,117225,117270,117273,3,,8
update,117231,117276,117278,2,,9
update,117242,117286,117290,4,,10
update,117253,117298,117300,2,,11
update,117264,117308,117312,4,,12
inbound,117265,117310,117313,3,,13
update,117275,117320,117323,3,,14
update,117286,117331,117333,2,,15
update,117297,117341,117344,3,,0
update,117308,117353,117356,3,,1
update,117319,117363,117367,4,,2
inbound,117320,117365,117369,4,,3
update,117330,117375,117378,3,,4
update,117341,117386,117389,3,,5
update,117352,117396,117399,3,,6
update,117363,117408,117411,3,,7
update,117374,117419,117422,3,,8
inbound,117375,117420,117423,3,,9
update,117385,117430,117433,3,,10
update,117396,117441,117444,3,,11
inbound,117400,117445,117447,2,,12
update,117407,117452,117455,3,,13
update,117418,117463,117466,3,,14
inbound,117425,117470,117473,3,,15
update,117429,117473,117478,5,,0
inbound,117430,117475,117478,3,,1
update,117440,117485,117488,3,,2
update,117451,117496,117499,3,,3
update,117462,117507,117510,3,,4
update,117473,117517,117520,3,,5
update,117484,117529,117533,4,,6
inbound,117485,117530,117533,3,,7
update,117495,117540,117543,3,,8
update,117506,117550,117553,3,,9
update,117517,117562,117565,3,,10
update,117528,117573,117576,3,,11
update,117539,117583,117587,4,,12
inbound,117540,117585,117588,3,,13
update,117550,117595,117597,2,,14
update,117561,117606,117608,2,,15
update,117572,117617,117620,3,,0
update,117583,117628,117631,3,,1
update,117594,117639,117642,3,,2
inbound,117595,117640,117644,4,,3
update,117605,117650,117652,2,,4
update,117616,117661,117664,3,,5
update,117627,117671,117674,3,,6
update,117638,117683,117686,3,,7
update,117649,117693,117697,4,,8
inbound,117650,117695,117699,4,,9
update,117660,117705,117707,2,,10
update,117671,117716,117719,3,,11
update,117682,117727,117731,4,,12
update,117693,117738,117741,3,,13
update,117704,117749,117752,3,,14
inbound,117705,117750,117753,3,,15
update,117715,117760,117762,2,,0
update,117726,117771,117774,3,,1
update,117737,117782,117785,3,,2
update,117748,117793,117796,3,,3
update,117759,117804,117808,4,,4
inbound,117760,117805,117808,3,,5
update,117770,117814,117818,4,,6
update,117781,117825,117828,3,,7
update,117792,117837,117840,3,,8
update,117803,117848,117850,2,,9
update,117814,117859,117862,3,,10
inbound,117815,117860,117863,3,,11
update,117825,117869,117872,3,,12
update,117836,117881,117884,3,,13
update,117847,117892,117895,3,,14
update,117858,117902,117905,3,,15
update,117869,117913,117917,4,,0
update,117880,117925,117929,4,,1
update,117891,117936,117940,4,,2
update,117902,117947,117950,3,,3
update,117913,117957,117960,3,,4
update,117924,117968,117971,3,,5
update,118000,118044,118048,4,,6
inbound,118000,118044,118048,4,,7
update,118011,118056,118059,3,,8
update,118022,118067,118070,3,,9
inbound,118025,118069,118072,3,,10
update,118033,118078,118081,3,,11
update,118044,118089,118092,3,,12
update,118055,118099,118102,3,,13
update,118066,118110,118113,3,,14
update,118077,118122,118125,3,,15
update,118088,118133,118136,3,,0
update,118099,118144,118147,3,,1
inbound,118100,118145,118148,3,,2
update,118110,118154,118157,3,,3
update,118121,118166,118168,2,,4
update,118132,118176,118179,3,,5
update,118143,118187,118190,3,,6
inbound,118155,118199,118202,3,,8
update,118154,118199,118203,4,,7
update,118165,118210,118213,3,,9
update,118176,118221,118223,2,,10
update,118187,118231,118234,3,,11
update,118198,118243,118245,2,,12
inbound,118200,118245,118248,3,,13
update,118209,118253,118257,4,,14
inbound,118210,118255,118259,4,,15
update,118220,118265,118268,3,,0
inbound,118225,118270,118273,3,,1
update,118231,118276,118279,3,,2
update,118242,118287,118290,3,,3
update,118253,118298,118301,3,,4
inbound,118265,118309,118313,4,,6
update,118264,118309,118313,4,,5
update,118275,118320,118323,3,,7
update,118286,118331,118334,3,,8
update,118297,118341,118345,4,,9
update,118308,118353,118356,3,,10
inbound,118320,118364,118367,3,,12
update,118319,118364,118367,3,,11
update,118330,118375,118377,2,,13
update,118341,118385,118388,3,,14
update,118352,118397,118400,3,,15
update,118363,118408,118411,3,,0
update,118374,118419,118423,4,,1
inbound,118375,118420,118424,4,,2
update,118385,118430,118433,3,,3
update,118396,118441,118444,3,,4
inbound,118400,118445,118448,3,,5
update,118407,118452,118455,3,,6
update,118418,118462,118466,4,,7
inbound,118425,118470,118472,2,,8
update,118429,118474,118477,3,,9
inbound,118430,118475,118478,3,,10
update,118440,118485,118488,3,,11
update,118451,118496,118499,3,,12
update,118462,118506,118510,4,,13
update,118473,118518,118522,4,,14
update,118484,118529,118534,5,,15
inbound,118485,118530,118536,6,,0
update,118495,118540,118543,3,,1
update,118506,118551,118555,4,,2
update,118517,118562,118566,4,,3
update,118528,118573,118576,3,,4
update,118539,118584,118587,3,,5
inbound,118540,118585,118588,3,,6
update,118550,118595,118598,3,,7
update,118561,118606,118609,3,,8
update,118572,118617,118620,3,,9
update,118583,118628,118631,3,,10
update,118594,118639,118643,4,,11
inbound,118595,118640,118643,3,,12
update,118605,118650,118653,3,,13
update,118616,118661,118664,3,,14
update,118627,118671,118676,5,,15
update,118638,118683,118686,3,,0
inbound,118650,118694,118697,3,,2
update,118649,118694,118698,4,,1
update,118660,118705,118708,3,,3
update,118671,118715,118718,3,,4
update,118682,118726,118729,3,,5
update,118693,118737,118740,3,,6
update,118704,118748,118752,4,,7
inbound,118705,118749,118752,3,,8
update,118715,118760,118762,2,,9
update,118726,118771,118774,3,,10
update,118737,118782,118787,5,,11
update,118748,118792,118795,3,,12
inbound,118760,118805,118807,2,,14
update,118759,118803,118807,4,,13
update,118770,118814,118817,3,,15
update,118781,118826,118829,3,,0
update,118792,118836,118839,3,,1
update,118803,118848,118851,3,,2
update,118814,118859,118862,3,,3
inbound,118815,118860,118862,2,,4
update,118825,118870,118873,3,,5
update,118836,118881,118884,3,,6
update,118847,118892,118895,3,,7
update,118858,118902,118905,3,,8
update,118869,118914,118916,2,,9
update,118880,118924,118929,5,,10
update,118891,118936,118938,2,,11
update,118902,118946,118949,3,,12
update,118913,118958,118961,3,,13
update,118924,118968,118971,3,,14
inbound,119000,119045,119048,3,,0
update,119000,119045,119049,4,,15
update,119011,119055,119058,3,,1
update,119022,119067,119070,3,,2
inbound,119025,119070,119073,3,,3
update,119033,119078,119081,3,,4
update,119044,119089,119092,3,,5
update,119055,119100,119104,4,,6
update,119066,119110,119114,4,,7
update,119077,119122,119124,2,,8
update,119088,119132,119136,4,,9
update,119099,119144,119147,3,,10
inbound,119100,119144,119148,4,,11
update,119110,119154,119157,3,,12
update,119121,119165,119168,3,,13
update,119132,119177,119180,3,,14
update,119143,119187,119190,3,,15
update,119154,119199,119202,3,,0
inbound,119155,119200,119203,3,,1
update,119165,119209,119212,3,,2
update,119176,119220,119223,3,,3
update,119187,119232,119235,3,,4
inbound,119200,119245,119248,3,,6
update,119198,119243,119248,5,,5
update,119209,119253,119256,3,,7
inbound,119210,119256,119259,3,,8
update,119220,119265,119268,3,,9
inbound,119225,119270,119272,2,,10
update,119231,119276,119278,2,,11
update,119242,119287,119290,3,,12
update,119253,119298,119301,3,,13
update,119264,119309,119313,4,,14
inbound,119265,119310,119314,4,,15
update,119275,119319,119323,4,,0
update,119286,119330,119333,3,,1
update,119297,119342,119345,3,,2
update,119308,119353,119356,3,,3
update,119319,119363,119367,4,,4
inbound,119320,119364,119368,4,,5
update,119330,119375,119378,3,,6
update,119341,119386,119389,3,,7
update,119352,119397,119400,3,,8
update,119363,119408,119411,3,,9
update,119374,119418,119421,3,,10
inbound,119375,119420,119424,4,,11
update,119385,119430,119433,3,,12
update,119396,119441,119444,3,,13
inbound,119400,119445,119448,3,,14
update,119407,119452,119455,3,,15
update,119418,119462,119466,4,,0
inbound,119425,119470,119472,2,,1
update,119429,119473,119476,3,,2
inbound,119430,119474,119478,4,,3
update,119440,119485,119488,3,,4
update,119451,119496,119499,3,,5
update,119462,119507,119510,3,,6
update,119473,119517,119520,3,,7
update,119484,119528,119532,4,,8
inbound,119485,119530,119533,3,,9
update,119495,119540,119544,4,,10
update,119506,119551,119553,2,,11
update,119517,119562,119565,3,,12
update,119528,119573,119576,3,,13
update,119539,119583,119587,4,,14
inbound,119540,119585,119588,3,,15
update,119550,119595,119599,4,,0
update,119561,119606,119609,3,,1
update,119572,119617,119620,3,,2
update,119583,119628,119631,3,,3
update,119594,119639,119642,3,,4
inbound,119595,119640,119643,3,,5
update,119605,119650,119653,3,,6
update,119616,119660,119664,4,,7
update,119627,119671,119674,3,,8
update,119638,119683,119686,3,,9
update,119649,119694,119698,4,,10
inbound,119650,119695,119699,4,,11
update,119660,119704,119707,3,,12
update,119671,119716,119719,3,,13
update,119682,119727,119730,3,,14
update,119693,119738,119741,3,,15
update,119704,119749,119753,4,,0
inbound,119705,119750,119754,4,,1
update,119715,119760,119763,3,,2
update,119726,119770,119773,3,,3
update,119737,119781,119784,3,,4
update,119748,119793,119796,3,,5
update,119759,119804,119807,3,,6
inbound,119760,119805,119807,2,,7
update,119770,119815,119818,3,,8
update,119781,119826,119829,3,,9
update,119792,119837,119840,3,,10
update,119803,119848,119850,2,,11
update,119814,119859,119862,3,,12
inbound,119815,119860,119862,2,,13
update,119825,119870,119873,3,,14
update,119836,119881,119884,3,,15
update,119847,119891,119895,4,,0
update,119858,119902,119906,4,,1
update,119869,119913,119916,3,,2
update,119880,119925,119929,4,,3
update,119891,119936,119940,4,,4
update,119902,119947,119949,2,,5
update,119913,119957,119960,3,,6
update,119924,119968,119971,3,,7
