kind,scheduled_ms,started_ms,finished_ms,wall_ms,error,writer
update,22,39,79,40,,3
update,11,39,88,49,,2
update,33,40,94,54,,5
update,0,36,99,63,,0
inbound,25,39,104,65,,4
update,44,75,116,41,,6
update,66,78,122,44,,8
update,55,78,132,54,,7
inbound,0,38,133,95,,1
update,99,100,141,41,,11
update,77,79,156,77,,9
update,88,90,157,67,,10
update,143,144,157,13,,0
update,110,112,161,49,,13
inbound,155,157,165,8,,2
update,154,155,165,10,,1
update,132,133,166,33,,15
inbound,100,104,167,63,,12
update,121,122,168,46,,14
update,165,166,170,4,,3
update,176,177,182,5,,4
update,187,188,191,3,,5
update,198,200,208,8,,6
inbound,200,202,212,10,,7
update,209,211,216,5,,8
inbound,210,212,221,9,,9
update,220,221,227,6,,10
inbound,225,227,238,11,,11
update,231,232,239,7,,12
update,242,243,247,4,,13
update,253,255,259,4,,14
update,264,266,270,4,,15
inbound,265,268,277,9,,0
update,275,276,281,5,,1
update,286,288,293,5,,2
update,297,299,303,4,,3
update,308,309,314,5,,4
update,319,320,324,4,,5
inbound,320,323,332,9,,6
update,330,332,338,6,,7
update,341,342,348,6,,8
update,352,353,357,4,,9
update,363,364,367,3,,10
update,374,376,380,4,,11
inbound,375,378,382,4,,12
update,385,387,391,4,,13
update,396,397,401,4,,14
inbound,400,401,408,7,,15
update,407,408,413,5,,0
update,418,419,423,4,,1
inbound,425,428,431,3,,2
update,429,431,434,3,,3
inbound,430,432,437,5,,4
update,440,441,444,3,,5
update,451,453,457,4,,6
update,462,463,466,3,,7
update,473,474,478,4,,8
update,484,486,489,3,,9
inbound,485,487,493,6,,10
update,495,496,499,3,,11
update,506,508,511,3,,12
update,517,519,522,3,,13
update,528,529,534,5,,14
update,539,540,544,4,,15
inbound,540,543,546,3,,0
update,550,552,555,3,,1
update,561,563,569,6,,2
update,572,573,576,3,,3
update,583,584,587,3,,4
update,594,595,598,3,,5
inbound,595,598,601,3,,6
update,605,607,610,3,,7
update,616,617,620,3,,8
update,627,628,631,3,,9
update,638,640,643,3,,10
update,649,651,656,5,,11
inbound,650,652,656,4,,12
update,660,661,664,3,,13
update,671,672,675,3,,14
update,682,683,686,3,,15
update,693,695,698,3,,0
update,704,705,709,4,,1
inbound,705,707,711,4,,2
update,715,716,720,4,,3
update,726,727,731,4,,4
update,737,739,742,3,,5
update,748,750,753,3,,6
update,759,761,765,4,,7
inbound,760,762,766,4,,8
update,770,771,775,4,,9
update,781,782,787,5,,10
update,792,793,796,3,,11
update,803,804,808,4,,12
update,814,816,820,4,,13
inbound,815,818,822,4,,14
update,825,826,829,3,,15
update,836,838,841,3,,0
update,847,848,851,3,,1
update,858,859,862,3,,2
update,869,870,873,3,,3
update,880,882,885,3,,4
update,891,892,896,4,,5
update,902,903,906,3,,6
update,913,915,918,3,,7
update,924,925,928,3,,8
update,1000,1002,1007,5,,9
inbound,1000,1003,1007,4,,10
update,1011,1014,1016,2,,11
update,1022,1025,1027,2,,12
inbound,1025,1027,1032,5,,13
update,1033,1035,1038,3,,14
update,1044,1047,1053,6,,15
update,1055,1057,1062,5,,0
update,1066,1068,1072,4,,1
update,1077,1080,1085,5,,2
update,1088,1091,1096,5,,3
update,1099,1101,1107,6,,4
inbound,1100,1103,1110,7,,5
update,1110,1112,1118,6,,6
update,1121,1124,1127,3,,7
update,1132,1134,1139,5,,8
update,1143,1146,1151,5,,9
update,1154,1156,1161,5,,10
inbound,1155,1159,1164,5,,11
update,1165,1168,1173,5,,12
update,1176,1179,1183,4,,13
update,1187,1189,1193,4,,14
update,1198,1200,1205,5,,15
inbound,1200,1203,1209,6,,0
update,1209,1211,1217,6,,1
inbound,1210,1214,1218,4,,2
update,1220,1222,1227,5,,3
inbound,1225,1227,1231,4,,4
update,1231,1233,1237,4,,5
update,1242,1245,1248,3,,6
update,1253,1256,1261,5,,7
inbound,1265,1267,1273,6,,9
update,1264,1266,1273,7,,8
update,1275,1278,1282,4,,10
update,1286,1289,1292,3,,11
update,1297,1300,1304,4,,12
update,1308,1311,1318,7,,13
update,1319,1322,1331,9,,14
inbound,1320,1322,1332,10,,15
update,1330,1333,1339,6,,0
update,1341,1344,1347,3,,1
update,1352,1355,1360,5,,2
update,1363,1365,1374,9,,3
inbound,1375,1378,1393,15,,5
update,1385,1387,1393,6,,6
update,1374,1376,1398,22,,4
update,1396,1398,1408,10,,7
inbound,1400,1402,1413,11,,8
update,1407,1411,1417,6,,9
update,1418,1420,1426,6,,10
inbound,1425,1428,1432,4,,11
update,1429,1431,1437,6,,12
inbound,1430,1432,1445,13,,13
update,1440,1443,1447,4,,14
update,1451,1454,1458,4,,15
update,1462,1464,1467,3,,0
update,1473,1475,1480,5,,1
update,1484,1486,1490,4,,2
inbound,1485,1487,1494,7,,3
update,1495,1497,1500,3,,4
update,1506,1509,1512,3,,5
update,1517,1519,1524,5,,6
update,1528,1530,1534,4,,7
inbound,1540,1542,1546,4,,9
update,1539,1541,1546,5,,8
update,1550,1552,1556,4,,10
update,1561,1563,1567,4,,11
update,1572,1575,1579,4,,12
update,1583,1586,1589,3,,13
update,1594,1596,1605,9,,14
inbound,1595,1597,1606,9,,15
update,1605,1608,1612,4,,0
update,1616,1618,1625,7,,1
update,1627,1629,1633,4,,2
update,1638,1641,1644,3,,3
inbound,1650,1653,1661,8,,5
update,1649,1651,1663,12,,4
update,1660,1662,1669,7,,6
update,1671,1673,1681,8,,7
update,1682,1684,1689,5,,8
update,1693,1696,1701,5,,9
inbound,1705,1708,1716,8,,11
update,1704,1706,1716,10,,10
update,1715,1717,1731,14,,12
update,1726,1729,1736,7,,13
update,1737,1739,1747,8,,14
update,1748,1750,1757,7,,15
inbound,1760,1763,1768,5,,1
update,1759,1762,1772,10,,0
update,1770,1772,1778,6,,2
update,1781,1783,1787,4,,3
update,1792,1795,1805,10,,4
update,1803,1805,1810,5,,5
update,1814,1817,1820,3,,6
inbound,1815,1818,1822,4,,7
update,1825,1828,1831,3,,8
update,1836,1838,1841,3,,9
update,1847,1849,1852,3,,10
update,1858,1861,1864,3,,11
update,1869,1871,1874,3,,12
update,1880,1882,1889,7,,13
update,1891,1894,1897,3,,14
update,1902,1904,1908,4,,15
update,1913,1915,1918,3,,0
update,1924,1927,1929,2,,1
update,2000,2002,2006,4,,2
inbound,2000,2002,2007,5,,3
update,2011,2014,2017,3,,4
update,2022,2024,2027,3,,5
inbound,2025,2027,2031,4,,6
update,2033,2035,2039,4,,7
update,2044,2047,2050,3,,8
update,2055,2057,2061,4,,9
update,2066,2069,2072,3,,10
update,2077,2079,2082,3,,11
update,2088,2091,2093,2,,12
update,2099,2102,2108,6,,13
inbound,2100,2102,2108,6,,14
update,2110,2112,2115,3,,15
update,2121,2124,2126,2,,0
update,2132,2135,2137,2,,1
update,2143,2145,2148,3,,2
update,2154,2157,2161,4,,3
inbound,2155,2158,2162,4,,4
update,2165,2168,2170,2,,5
update,2176,2178,2181,3,,6
update,2187,2189,2192,3,,7
update,2198,2200,2204,4,,8
inbound,2200,2202,2205,3,,9
update,2209,2212,2215,3,,10
inbound,2210,2213,2216,3,,11
update,2220,2222,2225,3,,12
inbound,2225,2227,2230,3,,13
update,2231,2233,2236,3,,14
update,2242,2245,2247,2,,15
update,2253,2256,2258,2,,0
update,2264,2266,2270,4,,1
inbound,2265,2268,2271,3,,2
update,2275,2277,2280,3,,3
update,2286,2289,2292,3,,4
update,2297,2299,2303,4,,5
update,2308,2310,2314,4,,6
update,2319,2321,2325,4,,7
inbound,2320,2323,2329,6,,8
update,2330,2333,2335,2,,9
update,2341,2343,2346,3,,10
update,2352,2355,2358,3,,11
update,2363,2365,2369,4,,12
update,2374,2377,2380,3,,13
inbound,2375,2378,2382,4,,14
update,2385,2387,2390,3,,15
update,2396,2399,2402,3,,0
inbound,2400,2402,2405,3,,1
update,2407,2410,2412,2,,2
update,2418,2421,2423,2,,3
inbound,2425,2428,2431,3,,4
update,2429,2431,2435,4,,5
inbound,2430,2433,2436,3,,6
update,2440,2442,2445,3,,7
update,2451,2454,2457,3,,8
update,2462,2464,2467,3,,9
update,2473,2476,2479,3,,10
update,2484,2486,2490,4,,11
inbound,2485,2488,2491,3,,12
update,2495,2497,2500,3,,13
update,2506,2509,2512,3,,14
update,2517,2520,2523,3,,15
update,2528,2531,2533,2,,0
update,2539,2542,2545,3,,1
inbound,2540,2543,2547,4,,2
update,2550,2553,2555,2,,3
update,2561,2563,2566,3,,4
update,2572,2575,2577,2,,5
update,2583,2586,2588,2,,6
update,2594,2596,2600,4,,7
inbound,2595,2597,2601,4,,8
update,2605,2607,2611,4,,9
update,2616,2618,2621,3,,10
update,2627,2629,2633,4,,11
update,2638,2641,2644,3,,12
update,2649,2652,2655,3,,13
inbound,2650,2653,2660,7,,14
update,2660,2662,2666,4,,15
update,2671,2674,2677,3,,0
update,2682,2685,2689,4,,1
update,2693,2695,2698,3,,2
update,2704,2706,2709,3,,3
inbound,2705,2707,2711,4,,4
update,2715,2717,2720,3,,5
update,2726,2729,2732,3,,6
update,2737,2740,2743,3,,7
update,2748,2750,2753,3,,8
update,2759,2761,2765,4,,9
inbound,2760,2762,2766,4,,10
update,2770,2773,2775,2,,11
update,2781,2783,2786,3,,12
update,2792,2795,2798,3,,13
update,2803,2806,2812,6,,14
inbound,2815,2817,2820,3,,0
update,2814,2816,2821,5,,15
update,2825,2828,2832,4,,1
update,2836,2838,2841,3,,2
update,2847,2850,2853,3,,3
update,2858,2860,2863,3,,4
update,2869,2871,2874,3,,5
update,2880,2882,2885,3,,6
update,2891,2893,2896,3,,7
update,2902,2904,2907,3,,8
update,2913,2915,2918,3,,9
update,2924,2926,2930,4,,10
inbound,3000,3004,3007,3,,12
update,3000,3004,3007,3,,11
update,3011,3014,3017,3,,13
update,3022,3026,3028,2,,14
inbound,3025,3028,3032,4,,15
update,3033,3036,3039,3,,0
update,3044,3048,3050,2,,1
update,3055,3058,3061,3,,2
update,3066,3070,3073,3,,3
update,3077,3081,3084,3,,4
update,3088,3092,3094,2,,5
update,3099,3102,3105,3,,6
inbound,3100,3103,3107,4,,7
update,3110,3113,3116,3,,8
update,3121,3124,3127,3,,9
update,3132,3135,3138,3,,10
update,3143,3147,3149,2,,11
update,3154,3157,3160,3,,12
inbound,3155,3158,3162,4,,13
update,3165,3169,3172,3,,14
update,3176,3180,3182,2,,15
update,3187,3190,3193,3,,0
update,3198,3202,3205,3,,1
inbound,3200,3204,3207,3,,2
update,3209,3213,3216,3,,3
inbound,3210,3214,3217,3,,4
update,3220,3223,3226,3,,5
inbound,3225,3228,3233,5,,6
update,3231,3234,3237,3,,7
update,3242,3245,3248,3,,8
update,3253,3257,3260,3,,9
update,3264,3268,3271,3,,10
inbound,3265,3269,3272,3,,11
update,3275,3279,3282,3,,12
update,3286,3290,3292,2,,13
update,3297,3300,3303,3,,14
update,3308,3312,3316,4,,15
update,3319,3322,3327,5,,0
inbound,3320,3323,3328,5,,1
update,3330,3333,3336,3,,2
update,3341,3345,3348,3,,3
update,3352,3355,3358,3,,4
update,3363,3367,3370,3,,5
update,3374,3377,3381,4,,6
inbound,3375,3378,3382,4,,7
update,3385,3388,3392,4,,8
update,3396,3399,3403,4,,9
inbound,3400,3404,3407,3,,10
update,3407,3411,3413,2,,11
update,3418,3422,3425,3,,12
inbound,3425,3428,3433,5,,13
inbound,3430,3433,3437,4,,15
update,3429,3433,3438,5,,14
update,3440,3443,3445,2,,0
update,3451,3454,3458,4,,1
update,3462,3465,3468,3,,2
update,3473,3476,3479,3,,3
update,3484,3488,3492,4,,4
inbound,3485,3488,3492,4,,5
update,3495,3499,3502,3,,6
update,3506,3510,3513,3,,7
update,3517,3520,3523,3,,8
update,3528,3531,3534,3,,9
update,3539,3543,3546,3,,10
inbound,3540,3544,3549,5,,11
update,3550,3553,3556,3,,12
update,3561,3565,3568,3,,13
update,3572,3576,3578,2,,14
update,3583,3586,3591,5,,15
update,3594,3597,3600,3,,0
inbound,3595,3598,3602,4,,1
update,3605,3608,3611,3,,2
update,3616,3620,3623,3,,3
update,3627,3630,3633,3,,4
update,3638,3642,3644,2,,5
update,3649,3652,3656,4,,6
inbound,3650,3654,3657,3,,7
update,3660,3664,3668,4,,8
update,3671,3675,3681,6,,9
inbound,3705,3709,3732,23,,13
update,3682,3685,3732,47,,10
update,3715,3719,3732,13,,14
update,3693,3697,3732,35,,11
update,3704,3708,3732,24,,12
update,3726,3729,3736,7,,15
inbound,3760,3764,3778,14,,3
update,3759,3763,3778,15,,2
update,3737,3740,3778,38,,0
update,3748,3752,3779,27,,1
update,3770,3774,3779,5,,4
update,3781,3784,3824,40,,5
update,3814,3817,3824,7,,8
update,3803,3807,3824,17,,7
inbound,3815,3818,3825,7,,9
update,3792,3796,3825,29,,6
update,3825,3828,3830,2,,10
update,3836,3839,3842,3,,11
update,3847,3850,3854,4,,12
update,3858,3861,3865,4,,13
update,3869,3872,3875,3,,14
update,3880,3883,3887,4,,15
update,3891,3894,3897,3,,0
update,3902,3906,3908,2,,1
update,3913,3917,3920,3,,2
update,3924,3928,3930,2,,3
update,4000,4003,4006,3,,4
inbound,4000,4005,4008,3,,5
update,4011,4014,4017,3,,6
update,4022,4026,4028,2,,7
inbound,4025,4031,4033,2,,8
update,4033,4037,4039,2,,9
update,4044,4047,4050,3,,10
update,4055,4058,4061,3,,11
update,4066,4069,4072,3,,12
update,4077,4080,4082,2,,13
update,4088,4092,4095,3,,14
update,4099,4102,4105,3,,15
inbound,4100,4106,4109,3,,0
update,4110,4114,4117,3,,1
update,4121,4124,4128,4,,2
update,4132,4135,4138,3,,3
update,4143,4147,4150,3,,4
update,4154,4157,4160,3,,5
inbound,4155,4160,4163,3,,6
update,4165,4169,4172,3,,7
update,4176,4179,4185,6,,8
update,4187,4190,4193,3,,9
update,4198,4201,4204,3,,10
inbound,4200,4205,4208,3,,11
update,4209,4212,4215,3,,12
inbound,4210,4216,4218,2,,13
update,4220,4223,4226,3,,14
inbound,4225,4230,4233,3,,15
update,4231,4234,4237,3,,0
update,4242,4246,4249,3,,1
update,4253,4257,4260,3,,2
update,4264,4267,4270,3,,3
inbound,4265,4270,4273,3,,4
update,4275,4279,4281,2,,5
update,4286,4290,4293,3,,6
update,4297,4301,4303,2,,7
update,4308,4311,4315,4,,8
update,4319,4322,4325,3,,9
inbound,4320,4326,4329,3,,10
update,4330,4334,4337,3,,11
update,4341,4345,4348,3,,12
update,4352,4356,4358,2,,13
update,4363,4366,4369,3,,14
update,4374,4377,4380,3,,15
inbound,4375,4381,4384,3,,0
update,4385,4389,4391,2,,1
update,4396,4399,4402,3,,2
inbound,4400,4405,4408,3,,3
update,4407,4411,4414,3,,4
update,4418,4422,4426,4,,5
inbound,4425,4431,4433,2,,6
update,4429,4433,4436,3,,7
inbound,4430,4436,4439,3,,8
update,4440,4443,4446,3,,9
update,4451,4455,4458,3,,10
update,4462,4465,4468,3,,11
update,4473,4476,4479,3,,12
update,4484,4488,4490,2,,13
inbound,4485,4492,4494,2,,14
update,4495,4499,4501,2,,15
update,4506,4510,4512,2,,0
update,4517,4520,4523,3,,1
update,4528,4532,4538,6,,2
update,4539,4543,4545,2,,3
inbound,4540,4547,4549,2,,4
update,4550,4553,4556,3,,5
update,4561,4564,4568,4,,6
update,4572,4576,4579,3,,7
update,4583,4586,4590,4,,8
update,4594,4598,4602,4,,9
inbound,4595,4601,4605,4,,10
update,4605,4608,4611,3,,11
update,4616,4620,4622,2,,12
update,4627,4630,4633,3,,13
update,4638,4641,4647,6,,14
update,4649,4653,4656,3,,15
inbound,4650,4657,4660,3,,0
update,4660,4664,4666,2,,1
update,4671,4674,4679,5,,2
update,4682,4685,4688,3,,3
update,4693,4697,4699,2,,4
update,4704,4708,4711,3,,5
inbound,4705,4712,4716,4,,6
update,4715,4718,4721,3,,7
update,4726,4730,4732,2,,8
update,4737,4740,4743,3,,9
update,4748,4752,4756,4,,10
update,4759,4762,4765,3,,11
inbound,4760,4767,4769,2,,12
update,4770,4773,4776,3,,13
update,4781,4785,4788,3,,14
update,4792,4795,4798,3,,15
update,4803,4807,4809,2,,0
update,4814,4819,4823,4,,1
inbound,4815,4821,4828,7,,2
update,4825,4831,4834,3,,3
update,4836,4842,4844,2,,4
update,4847,4852,4858,6,,5
update,4858,4863,4866,3,,6
update,4869,4874,4877,3,,7
update,4880,4885,4888,3,,8
update,4891,4896,4899,3,,9
update,4902,4907,4910,3,,10
update,4913,4919,4922,3,,11
update,4924,4930,4933,3,,12
update,5000,5007,5010,3,,13
inbound,5000,5007,5010,3,,14
update,5011,5017,5020,3,,15
update,5022,5028,5031,3,,0
inbound,5025,5031,5033,2,,1
update,5033,5040,5042,2,,2
update,5044,5050,5053,3,,3
update,5055,5061,5064,3,,4
update,5066,5072,5075,3,,5
update,5077,5084,5089,5,,6
update,5088,5094,5097,3,,7
update,5099,5106,5109,3,,8
inbound,5100,5107,5110,3,,9
update,5110,5117,5119,2,,10
update,5121,5128,5130,2,,11
update,5132,5139,5141,2,,12
update,5143,5149,5152,3,,13
update,5154,5161,5164,3,,14
inbound,5155,5162,5165,3,,15
update,5165,5171,5173,2,,0
update,5176,5183,5185,2,,1
update,5187,5193,5196,3,,2
update,5198,5205,5208,3,,3
inbound,5200,5207,5210,3,,4
inbound,5210,5216,5219,3,,6
update,5209,5216,5219,3,,5
update,5220,5226,5229,3,,7
inbound,5225,5232,5235,3,,8
update,5231,5238,5240,2,,9
update,5242,5248,5251,3,,10
update,5253,5259,5262,3,,11
update,5264,5271,5274,3,,12
inbound,5265,5271,5274,3,,13
update,5275,5282,5284,2,,14
update,5286,5292,5295,3,,15
update,5297,5304,5307,3,,0
update,5308,5315,5317,2,,1
update,5319,5325,5328,3,,2
inbound,5320,5326,5329,3,,3
update,5330,5337,5339,2,,4
update,5341,5347,5350,3,,5
update,5352,5359,5362,3,,6
update,5363,5370,5372,2,,7
update,5374,5380,5384,4,,8
inbound,5375,5382,5385,3,,9
update,5385,5392,5394,2,,10
update,5396,5402,5405,3,,11
inbound,5400,5406,5409,3,,12
update,5407,5413,5415,2,,13
update,5418,5425,5427,2,,14
inbound,5425,5431,5434,3,,15
inbound,5430,5436,5439,3,,1
update,5429,5436,5440,4,,0
update,5440,5447,5449,2,,2
update,5451,5457,5460,3,,3
update,5462,5468,5471,3,,4
update,5473,5479,5482,3,,5
update,5484,5490,5493,3,,6
inbound,5485,5492,5495,3,,7
update,5495,5502,5505,3,,8
update,5506,5513,5515,2,,9
update,5517,5523,5526,3,,10
update,5528,5534,5537,3,,11
update,5539,5546,5549,3,,12
inbound,5540,5547,5550,3,,13
update,5550,5557,5559,2,,14
update,5561,5568,5570,2,,15
update,5572,5578,5581,3,,0
update,5583,5589,5592,3,,1
update,5594,5601,5604,3,,2
inbound,5595,5602,5605,3,,3
update,5605,5611,5614,3,,4
update,5616,5622,5625,3,,5
update,5627,5634,5637,3,,6
update,5638,5645,5647,2,,7
update,5649,5656,5659,3,,8
inbound,5650,5657,5659,2,,9
update,5660,5667,5669,2,,10
update,5671,5677,5680,3,,11
update,5682,5688,5691,3,,12
update,5693,5700,5702,2,,13
update,5704,5711,5714,3,,14
inbound,5705,5712,5714,2,,15
update,5715,5722,5724,2,,0
update,5726,5733,5735,2,,1
update,5737,5743,5746,3,,2
update,5748,5755,5757,2,,3
update,5759,5766,5769,3,,4
inbound,5760,5767,5769,2,,5
update,5770,5777,5779,2,,6
update,5781,5787,5791,4,,7
update,5792,5799,5802,3,,8
update,5803,5810,5812,2,,9
update,5814,5821,5824,3,,10
inbound,5815,5822,5825,3,,11
update,5825,5832,5835,3,,12
update,5836,5843,5845,2,,13
update,5847,5854,5856,2,,14
update,5858,5864,5867,3,,15
update,5869,5876,5879,3,,0
update,5880,5887,5890,3,,1
update,5891,5898,5900,2,,2
update,5902,5908,5911,3,,3
update,5913,5919,5922,3,,4
update,5924,5931,5933,2,,5
inbound,6000,6007,6010,3,,7
update,6000,6006,6010,4,,6
update,6011,6017,6021,4,,8
update,6022,6028,6031,3,,9
inbound,6025,6031,6034,3,,10
update,6033,6040,6042,2,,11
update,6044,6050,6053,3,,12
update,6055,6062,6065,3,,13
update,6066,6072,6075,3,,14
update,6077,6084,6087,3,,15
update,6088,6095,6098,3,,0
update,6099,6105,6109,4,,1
inbound,6100,6107,6110,3,,2
update,6110,6117,6119,2,,3
update,6121,6127,6130,3,,4
update,6132,6138,6141,3,,5
update,6143,6149,6152,3,,6
update,6154,6161,6165,4,,7
inbound,6155,6162,6165,3,,8
update,6165,6172,6175,3,,9
update,6176,6182,6186,4,,10
update,6187,6194,6197,3,,11
update,6198,6205,6207,2,,12
inbound,6200,6207,6210,3,,13
update,6209,6215,6218,3,,14
inbound,6210,6216,6220,4,,15
update,6220,6226,6229,3,,0
inbound,6225,6231,6234,3,,1
update,6231,6237,6240,3,,2
update,6242,6248,6252,4,,3
update,6253,6260,6263,3,,4
update,6264,6271,6276,5,,5
inbound,6265,6271,6277,6,,6
update,6275,6282,6285,3,,7
update,6286,6292,6295,3,,8
update,6297,6303,6307,4,,9
update,6308,6315,6317,2,,10
update,6319,6325,6329,4,,11
inbound,6320,6326,6329,3,,12
update,6330,6336,6339,3,,13
update,6341,6348,6351,3,,14
update,6352,6359,6362,3,,15
update,6363,6370,6373,3,,0
inbound,6375,6381,6384,3,,2
update,6374,6381,6384,3,,1
update,6385,6391,6395,4,,3
update,6396,6402,6405,3,,4
inbound,6400,6406,6409,3,,5
update,6407,6414,6417,3,,6
update,6418,6424,6427,3,,7
inbound,6425,6431,6434,3,,8
update,6429,6435,6438,3,,9
inbound,6430,6436,6440,4,,10
update,6440,6446,6451,5,,11
update,6451,6457,6461,4,,12
update,6462,6468,6472,4,,13
update,6473,6479,6482,3,,14
inbound,6485,6491,6495,4,,0
update,6484,6490,6495,5,,15
update,6495,6502,6505,3,,1
update,6506,6512,6515,3,,2
update,6517,6524,6528,4,,3
update,6528,6534,6537,3,,4
update,6539,6546,6550,4,,5
inbound,6540,6547,6551,4,,6
update,6550,6557,6561,4,,7
update,6561,6568,6570,2,,8
update,6572,6579,6581,2,,9
update,6583,6589,6592,3,,10
update,6594,6600,6615,15,,11
update,6605,6612,6615,3,,13
inbound,6595,6602,6615,13,,12
update,6616,6622,6625,3,,14
update,6627,6634,6636,2,,15
update,6638,6644,6647,3,,0
update,6649,6656,6659,3,,1
inbound,6650,6657,6661,4,,2
update,6660,6666,6669,3,,3
update,6671,6678,6684,6,,4
update,6682,6688,6692,4,,5
update,6693,6700,6703,3,,6
inbound,6705,6712,6720,8,,8
update,6704,6711,6721,10,,7
update,6715,6722,6729,7,,9
update,6726,6732,6736,4,,10
update,6737,6743,6746,3,,11
update,6748,6755,6759,4,,12
update,6759,6766,6769,3,,13
inbound,6760,6767,6771,4,,14
update,6770,6777,6781,4,,15
update,6781,6788,6790,2,,0
update,6792,6799,6801,2,,1
update,6803,6809,6812,3,,2
update,6814,6821,6827,6,,3
inbound,6815,6822,6827,5,,4
update,6825,6832,6834,2,,5
update,6836,6842,6846,4,,6
update,6847,6853,6856,3,,7
update,6858,6865,6868,3,,8
update,6869,6875,6878,3,,9
update,6880,6887,6890,3,,10
update,6891,6898,6900,2,,11
update,6902,6908,6911,3,,12
update,6913,6920,6923,3,,13
update,6924,6930,6934,4,,14
inbound,7000,7007,7010,3,,0
update,7000,7006,7011,5,,15
update,7011,7017,7021,4,,1
update,7022,7029,7031,2,,2
inbound,7025,7031,7034,3,,3
update,7033,7040,7043,3,,4
update,7044,7051,7054,3,,5
update,7055,7061,7064,3,,6
update,7066,7073,7075,2,,7
update,7077,7083,7086,3,,8
update,7088,7095,7097,2,,9
update,7099,7105,7109,4,,10
inbound,7100,7107,7110,3,,11
update,7110,7116,7120,4,,12
update,7121,7127,7130,3,,13
update,7132,7138,7141,3,,14
update,7143,7149,7152,3,,15
update,7154,7160,7164,4,,0
inbound,7155,7161,7164,3,,1
update,7165,7172,7174,2,,2
update,7176,7183,7186,3,,3
update,7187,7193,7196,3,,4
update,7198,7205,7207,2,,5
inbound,7200,7207,7211,4,,6
update,7209,7215,7218,3,,7
inbound,7210,7217,7220,3,,8
update,7220,7226,7230,4,,9
inbound,7225,7232,7235,3,,10
update,7231,7238,7241,3,,11
update,7242,7249,7252,3,,12
update,7253,7260,7262,2,,13
update,7264,7271,7274,3,,14
inbound,7265,7272,7275,3,,15
update,7275,7282,7285,3,,0
update,7286,7292,7295,3,,1
update,7297,7303,7306,3,,2
update,7308,7315,7318,3,,3
update,7319,7325,7328,3,,4
inbound,7320,7326,7329,3,,5
update,7330,7337,7339,2,,6
update,7341,7348,7350,2,,7
update,7352,7359,7365,6,,8
update,7363,7369,7374,5,,9
inbound,7375,7381,7385,4,,11
update,7374,7381,7386,5,,10
update,7385,7391,7395,4,,12
update,7396,7403,7406,3,,13
inbound,7400,7406,7410,4,,14
update,7407,7413,7416,3,,15
update,7418,7424,7427,3,,0
inbound,7425,7431,7434,3,,1
update,7429,7435,7438,3,,2
inbound,7430,7436,7439,3,,3
update,7440,7447,7449,2,,4
update,7451,7457,7461,4,,5
update,7462,7469,7471,2,,6
update,7473,7479,7483,4,,7
update,7484,7491,7494,3,,8
inbound,7485,7492,7495,3,,9
update,7495,7501,7504,3,,10
update,7506,7512,7515,3,,11
update,7517,7524,7527,3,,12
update,7528,7535,7538,3,,13
update,7539,7546,7550,4,,14
inbound,7540,7547,7552,5,,15
update,7550,7557,7559,2,,0
update,7561,7568,7570,2,,1
update,7572,7579,7582,3,,2
update,7583,7590,7593,3,,3
update,7594,7600,7604,4,,4
inbound,7595,7602,7606,4,,5
update,7605,7612,7614,2,,6
update,7616,7622,7624,2,,7
update,7627,7633,7635,2,,8
update,7638,7644,7647,3,,9
update,7649,7654,7657,3,,10
inbound,7650,7655,7659,4,,11
update,7660,7666,7668,2,,12
update,7671,7676,7680,4,,13
update,7682,7687,7690,3,,14
update,7693,7699,7702,3,,15
inbound,7705,7711,7714,3,,1
update,7704,7709,7714,5,,0
update,7715,7720,7723,3,,2
update,7726,7732,7735,3,,3
update,7737,7742,7746,4,,4
update,7748,7754,7757,3,,5
update,7759,7764,7768,4,,6
inbound,7760,7766,7768,2,,7
update,7770,7776,7778,2,,8
update,7781,7786,7789,3,,9
update,7792,7797,7799,2,,10
update,7803,7808,7811,3,,11
update,7814,7820,7823,3,,12
inbound,7815,7820,7824,4,,13
update,7825,7830,7834,4,,14
update,7836,7841,7846,5,,15
update,7847,7853,7856,3,,0
update,7858,7863,7866,3,,1
update,7869,7875,7877,2,,2
update,7880,7885,7889,4,,3
update,7891,7897,7899,2,,4
update,7902,7908,7911,3,,5
update,7913,7918,7922,4,,6
update,7924,7930,7934,4,,7
inbound,8000,8006,8009,3,,9
update,8000,8006,8009,3,,8
update,8011,8016,8020,4,,10
update,8022,8028,8032,4,,11
inbound,8025,8031,8034,3,,12
update,8033,8038,8041,3,,13
update,8044,8049,8052,3,,14
update,8055,8061,8064,3,,15
update,8066,8071,8076,5,,0
update,8077,8082,8086,4,,1
update,8088,8093,8098,5,,2
inbound,8100,8105,8108,3,,4
update,8099,8105,8108,3,,3
update,8110,8115,8118,3,,5
update,8121,8127,8130,3,,6
update,8132,8138,8140,2,,7
update,8143,8148,8151,3,,8
update,8154,8159,8163,4,,9
inbound,8155,8161,8164,3,,10
update,8165,8170,8173,3,,11
update,8176,8181,8186,5,,12
update,8187,8192,8195,3,,13
update,8198,8203,8206,3,,14
inbound,8200,8206,8209,3,,15
update,8209,8214,8217,3,,0
inbound,8210,8215,8218,3,,1
update,8220,8225,8228,3,,2
inbound,8225,8230,8233,3,,3
update,8231,8237,8239,2,,4
update,8242,8248,8252,4,,5
update,8253,8259,8263,4,,6
update,8264,8269,8272,3,,7
inbound,8265,8270,8273,3,,8
update,8275,8281,8286,5,,9
update,8286,8291,8295,4,,10
update,8297,8302,8305,3,,11
update,8308,8313,8316,3,,12
update,8319,8324,8328,4,,13
inbound,8320,8325,8329,4,,14
update,8330,8336,8338,2,,15
update,8341,8346,8349,3,,0
update,8352,8357,8360,3,,1
update,8363,8369,8372,3,,2
update,8374,8380,8383,3,,3
inbound,8375,8380,8385,5,,4
update,8385,8391,8394,3,,5
update,8396,8402,8404,2,,6
inbound,8400,8406,8409,3,,7
update,8407,8413,8416,3,,8
update,8418,8424,8427,3,,9
inbound,8425,8430,8433,3,,10
update,8429,8434,8437,3,,11
inbound,8430,8436,8440,4,,12
update,8440,8446,8448,2,,13
update,8451,8457,8459,2,,14
update,8462,8467,8471,4,,15
update,8473,8478,8481,3,,0
update,8484,8489,8492,3,,1
inbound,8485,8491,8494,3,,2
update,8495,8500,8503,3,,3
update,8506,8512,8515,3,,4
update,8517,8523,8525,2,,5
update,8528,8534,8536,2,,6
update,8539,8545,8547,2,,7
inbound,8540,8547,8550,3,,8
update,8550,8555,8557,2,,9
update,8561,8567,8570,3,,10
update,8572,8578,8580,2,,11
update,8583,8588,8591,3,,12
update,8594,8599,8602,3,,13
inbound,8595,8602,8605,3,,14
update,8605,8611,8613,2,,15
update,8616,8621,8624,3,,0
update,8627,8632,8635,3,,1
update,8638,8644,8647,3,,2
update,8649,8654,8657,3,,3
inbound,8650,8657,8660,3,,4
update,8660,8666,8669,3,,5
update,8671,8677,8680,3,,6
update,8682,8687,8691,4,,7
update,8693,8699,8702,3,,8
update,8704,8710,8713,3,,9
inbound,8705,8712,8715,3,,10
update,8715,8720,8723,3,,11
update,8726,8732,8735,3,,12
update,8737,8743,8746,3,,13
update,8748,8753,8756,3,,14
update,8759,8765,8769,4,,15
inbound,8760,8767,8770,3,,0
update,8770,8776,8779,3,,1
update,8781,8786,8789,3,,2
update,8792,8798,8801,3,,3
update,8803,8808,8811,3,,4
update,8814,8820,8823,3,,5
inbound,8815,8821,8824,3,,6
update,8825,8830,8835,5,,7
update,8836,8842,8845,3,,8
update,8847,8852,8855,3,,9
update,8858,8864,8866,2,,10
update,8869,8874,8877,3,,11
update,8880,8885,8888,3,,12
update,8891,8897,8899,2,,13
update,8902,8907,8910,3,,14
update,8913,8919,8922,3,,15
update,8924,8929,8932,3,,0
inbound,9000,9007,9009,2,,2
update,9000,9007,9010,3,,1
update,9011,9017,9020,3,,3
update,9022,9028,9031,3,,4
inbound,9025,9032,9034,2,,5
update,9033,9039,9042,3,,6
update,9044,9050,9053,3,,7
update,9055,9062,9064,2,,8
update,9066,9072,9075,3,,9
update,9077,9084,9086,2,,10
update,9088,9095,9097,2,,11
update,9099,9106,9108,2,,12
inbound,9100,9106,9109,3,,13
update,9110,9117,9119,2,,14
update,9121,9127,9130,3,,15
update,9132,9138,9141,3,,0
update,9143,9150,9152,2,,1
update,9154,9160,9163,3,,2
inbound,9155,9162,9164,2,,3
update,9165,9172,9174,2,,4
update,9176,9182,9185,3,,5
update,9187,9193,9196,3,,6
update,9198,9205,9208,3,,7
inbound,9200,9206,9209,3,,8
inbound,9210,9216,9219,3,,10
update,9209,9216,9219,3,,9
update,9220,9226,9229,3,,11
inbound,9225,9232,9235,3,,12
update,9231,9238,9241,3,,13
update,9242,9249,9251,2,,14
update,9253,9260,9262,2,,15
update,9264,9270,9273,3,,0
inbound,9265,9271,9274,3,,1
update,9275,9281,9284,3,,2
update,9286,9293,9296,3,,3
update,9297,9304,9307,3,,4
update,9308,9315,9317,2,,5
inbound,9320,9326,9330,4,,7
update,9319,9326,9330,4,,6
update,9330,9337,9339,2,,8
update,9341,9348,9350,2,,9
update,9352,9359,9361,2,,10
update,9363,9369,9372,3,,11
inbound,9375,9381,9383,2,,13
update,9374,9381,9384,3,,12
update,9385,9391,9393,2,,14
update,9396,9403,9405,2,,15
inbound,9400,9407,9410,3,,0
update,9407,9413,9415,2,,1
update,9418,9425,9428,3,,2
inbound,9425,9432,9434,2,,3
update,9429,9435,9438,3,,4
inbound,9430,9438,9440,2,,5
update,9440,9446,9449,3,,6
update,9451,9457,9460,3,,7
update,9462,9469,9471,2,,8
update,9473,9480,9482,2,,9
update,9484,9490,9493,3,,10
inbound,9485,9491,9494,3,,11
update,9495,9501,9504,3,,12
update,9506,9513,9515,2,,13
update,9517,9524,9526,2,,14
update,9528,9535,9537,2,,15
update,9539,9545,9548,3,,0
inbound,9540,9546,9549,3,,1
update,9550,9557,9559,2,,2
update,9561,9567,9570,3,,3
update,9572,9579,9581,2,,4
update,9583,9590,9592,2,,5
inbound,9595,9601,9604,3,,7
update,9594,9601,9604,3,,6
update,9605,9612,9614,2,,8
update,9616,9622,9625,3,,9
update,9627,9633,9636,3,,10
update,9638,9645,9647,2,,11
update,9649,9656,9658,2,,12
inbound,9650,9657,9660,3,,13
update,9660,9667,9670,3,,14
update,9671,9678,9680,2,,15
update,9682,9689,9691,2,,0
update,9693,9700,9702,2,,1
update,9704,9710,9713,3,,2
inbound,9705,9711,9714,3,,3
update,9715,9721,9724,3,,4
update,9726,9732,9735,3,,5
update,9737,9744,9747,3,,6
update,9748,9755,9758,3,,7
update,9759,9765,9768,3,,8
inbound,9760,9766,9768,2,,9
update,9770,9777,9779,2,,10
update,9781,9787,9790,3,,11
update,9792,9799,9801,2,,12
update,9803,9810,9812,2,,13
inbound,9815,9822,9824,2,,15
update,9814,9822,9824,2,,14
update,9825,9833,9835,2,,0
update,9836,9843,9845,2,,1
update,9847,9854,9856,2,,2
update,9858,9865,9867,2,,3
update,9869,9875,9878,3,,4
update,9880,9886,9889,3,,5
update,9891,9897,9900,3,,6
update,9902,9909,9911,2,,7
update,9913,9920,9922,2,,8
update,9924,9931,9933,2,,9
inbound,10000,10006,10009,3,,11
update,10000,10006,10009,3,,10
update,10011,10017,10020,3,,12
update,10022,10028,10031,3,,13
inbound,10025,10032,10035,3,,14
update,10033,10040,10043,3,,15
update,10044,10050,10053,3,,0
update,10055,10062,10064,2,,1
update,10066,10073,10076,3,,2
update,10077,10084,10087,3,,3
update,10088,10095,10097,2,,4
update,10099,10106,10109,3,,5
inbound,10100,10106,10110,4,,6
update,10110,10116,10118,2,,7
update,10121,10128,10130,2,,8
update,10132,10138,10141,3,,9
update,10143,10150,10153,3,,10
update,10154,10160,10164,4,,11
inbound,10155,10161,10165,4,,12
update,10165,10172,10175,3,,13
update,10176,10183,10186,3,,14
update,10187,10193,10196,3,,15
update,10198,10205,10207,2,,0
inbound,10200,10207,10210,3,,1
update,10209,10216,10219,3,,2
inbound,10210,10216,10221,5,,3
update,10220,10226,10230,4,,4
inbound,10225,10232,10235,3,,5
update,10231,10237,10240,3,,6
update,10242,10249,10252,3,,7
update,10253,10259,10263,4,,8
update,10264,10270,10274,4,,9
inbound,10265,10272,10275,3,,10
update,10275,10281,10285,4,,11
update,10286,10293,10296,3,,12
update,10297,10303,10306,3,,13
update,10308,10315,10317,2,,14
update,10319,10327,10331,4,,15
inbound,10320,10327,10332,5,,0
update,10330,10336,10340,4,,1
update,10341,10348,10351,3,,2
update,10352,10359,10363,4,,3
update,10363,10369,10373,4,,4
update,10374,10381,10384,3,,5
inbound,10375,10382,10385,3,,6
update,10385,10392,10396,4,,7
update,10396,10402,10405,3,,8
inbound,10400,10406,10411,5,,9
update,10407,10413,10417,4,,10
update,10418,10424,10430,6,,11
inbound,10425,10431,10437,6,,12
update,10429,10436,10440,4,,13
inbound,10430,10436,10450,14,,14
update,10451,10458,10464,6,,0
update,10440,10447,10473,26,,15
update,10462,10468,10479,11,,1
update,10473,10479,10483,4,,2
inbound,10485,10491,10494,3,,4
update,10484,10490,10494,4,,3
update,10495,10502,10506,4,,5
update,10506,10512,10515,3,,6
update,10517,10525,10528,3,,7
update,10528,10535,10540,5,,8
update,10539,10545,10549,4,,9
inbound,10540,10548,10552,4,,10
update,10550,10556,10559,3,,11
update,10561,10567,10570,3,,12
update,10572,10579,10582,3,,13
update,10583,10589,10592,3,,14
update,10594,10600,10604,4,,15
inbound,10595,10602,10605,3,,0
update,10605,10612,10616,4,,1
update,10616,10622,10627,5,,2
update,10627,10633,10636,3,,3
update,10638,10644,10649,5,,4
update,10649,10656,10660,4,,5
inbound,10650,10658,10664,6,,6
update,10660,10667,10670,3,,7
update,10671,10679,10681,2,,8
update,10682,10690,10695,5,,9
update,10693,10699,10703,4,,10
inbound,10705,10711,10718,7,,12
update,10704,10711,10718,7,,11
update,10715,10722,10727,5,,13
update,10726,10732,10735,3,,14
update,10737,10744,10747,3,,15
update,10748,10755,10758,3,,0
update,10759,10766,10769,3,,1
inbound,10760,10767,10771,4,,2
update,10770,10777,10780,3,,3
update,10781,10788,10791,3,,4
update,10792,10799,10803,4,,5
update,10803,10810,10813,3,,6
inbound,10815,10823,10825,2,,8
update,10814,10822,10827,5,,7
update,10825,10832,10836,4,,9
update,10836,10843,10846,3,,10
update,10847,10853,10860,7,,11
update,10858,10864,10869,5,,12
update,10869,10876,10879,3,,13
update,10880,10887,10890,3,,14
update,10891,10898,10901,3,,15
update,10902,10909,10912,3,,0
update,10913,10919,10923,4,,1
update,10924,10930,10936,6,,2
inbound,11000,11006,11010,4,,4
update,11000,11006,11010,4,,3
update,11011,11018,11020,2,,5
update,11022,11029,11032,3,,6
inbound,11025,11032,11035,3,,7
update,11033,11040,11043,3,,8
update,11044,11050,11053,3,,9
update,11055,11061,11064,3,,10
update,11066,11072,11075,3,,11
update,11077,11084,11087,3,,12
update,11088,11094,11097,3,,13
update,11099,11106,11108,2,,14
inbound,11100,11107,11111,4,,15
update,11110,11116,11119,3,,0
update,11121,11128,11131,3,,1
update,11132,11139,11142,3,,2
update,11143,11149,11152,3,,3
inbound,11155,11161,11165,4,,5
update,11154,11161,11165,4,,4
update,11165,11171,11174,3,,6
update,11176,11183,11186,3,,7
update,11187,11194,11196,2,,8
update,11198,11205,11207,2,,9
inbound,11200,11207,11210,3,,10
inbound,11210,11217,11220,3,,12
update,11209,11217,11220,3,,11
update,11220,11226,11229,3,,13
inbound,11225,11231,11234,3,,14
update,11231,11238,11241,3,,15
update,11242,11248,11251,3,,0
update,11253,11260,11262,2,,1
update,11264,11270,11273,3,,2
inbound,11265,11271,11275,4,,3
update,11275,11282,11285,3,,4
update,11286,11293,11295,2,,5
update,11297,11303,11306,3,,6
update,11308,11315,11317,2,,7
update,11319,11325,11329,4,,8
inbound,11320,11326,11330,4,,9
update,11330,11337,11340,3,,10
update,11341,11347,11351,4,,11
update,11352,11359,11361,2,,12
update,11363,11370,11373,3,,13
update,11374,11380,11384,4,,14
inbound,11375,11381,11385,4,,15
update,11385,11392,11395,3,,0
update,11396,11402,11405,3,,1
inbound,11400,11406,11410,4,,2
update,11407,11415,11420,5,,3
update,11418,11425,11429,4,,4
inbound,11425,11431,11435,4,,5
update,11429,11435,11438,3,,6
inbound,11430,11436,11441,5,,7
update,11440,11447,11451,4,,8
update,11451,11459,11463,4,,9
update,11462,11469,11473,4,,10
update,11473,11479,11483,4,,11
update,11484,11491,11494,3,,12
inbound,11485,11492,11499,7,,13
update,11495,11502,11505,3,,14
update,11506,11512,11515,3,,15
update,11517,11525,11530,5,,0
update,11528,11534,11540,6,,1
inbound,11540,11547,11552,5,,3
update,11539,11545,11553,8,,2
update,11550,11557,11561,4,,4
update,11561,11568,11570,2,,5
update,11572,11578,11581,3,,6
update,11583,11589,11592,3,,7
update,11594,11600,11603,3,,8
inbound,11595,11602,11605,3,,9
update,11605,11612,11615,3,,10
update,11616,11623,11626,3,,11
update,11627,11634,11636,2,,12
update,11638,11644,11647,3,,13
inbound,11650,11657,11659,2,,15
update,11649,11657,11661,4,,14
update,11660,11667,11671,4,,0
update,11671,11678,11680,2,,1
update,11682,11690,11693,3,,2
update,11693,11699,11703,4,,3
update,11704,11712,11715,3,,4
inbound,11705,11713,11717,4,,5
update,11715,11722,11725,3,,6
update,11726,11732,11735,3,,7
update,11737,11744,11747,3,,8
update,11748,11755,11758,3,,9
update,11759,11765,11769,4,,10
inbound,11760,11768,11770,2,,11
update,11770,11777,11780,3,,12
update,11781,11787,11790,3,,13
update,11792,11799,11801,2,,14
update,11803,11809,11812,3,,15
inbound,11815,11822,11824,2,,1
update,11814,11822,11825,3,,0
update,11825,11832,11834,2,,2
update,11836,11843,11846,3,,3
update,11847,11853,11858,5,,4
update,11858,11865,11869,4,,5
update,11869,11876,11878,2,,6
update,11880,11886,11889,3,,7
update,11891,11897,11900,3,,8
update,11902,11909,11912,3,,9
update,11913,11920,11923,3,,10
update,11924,11931,11934,3,,11
inbound,12000,12006,12009,3,,13
update,12000,12006,12011,5,,12
update,12011,12017,12020,3,,14
update,12022,12029,12032,3,,15
inbound,12025,12032,12035,3,,0
update,12033,12039,12043,4,,1
update,12044,12051,12053,2,,2
update,12055,12061,12064,3,,3
update,12066,12074,12076,2,,4
update,12077,12084,12087,3,,5
update,12088,12095,12097,2,,6
update,12099,12105,12108,3,,7
inbound,12100,12107,12110,3,,8
update,12110,12117,12120,3,,9
update,12121,12127,12130,3,,10
update,12132,12139,12141,2,,11
update,12143,12149,12152,3,,12
update,12154,12160,12165,5,,13
inbound,12155,12161,12165,4,,14
update,12165,12171,12175,4,,15
update,12176,12182,12185,3,,0
update,12187,12194,12197,3,,1
update,12198,12205,12208,3,,2
inbound,12200,12206,12209,3,,3
update,12209,12215,12219,4,,4
inbound,12210,12217,12220,3,,5
update,12220,12227,12229,2,,6
inbound,12225,12231,12234,3,,7
update,12231,12237,12240,3,,8
update,12242,12248,12252,4,,9
update,12253,12259,12262,3,,10
update,12264,12271,12274,3,,11
inbound,12265,12273,12276,3,,12
update,12275,12282,12285,3,,13
update,12286,12293,12295,2,,14
update,12297,12303,12306,3,,15
update,12308,12315,12317,2,,0
inbound,12320,12326,12329,3,,2
update,12319,12325,12329,4,,1
update,12330,12336,12339,3,,3
update,12341,12347,12350,3,,4
update,12352,12358,12361,3,,5
update,12363,12370,12372,2,,6
update,12374,12380,12384,4,,7
inbound,12375,12382,12385,3,,8
update,12385,12392,12394,2,,9
update,12396,12403,12406,3,,10
inbound,12400,12407,12411,4,,11
update,12407,12414,12417,3,,12
update,12418,12426,12429,3,,13
inbound,12425,12432,12435,3,,14
update,12429,12436,12439,3,,15
inbound,12430,12437,12441,4,,0
update,12440,12447,12450,3,,1
update,12451,12458,12462,4,,2
update,12462,12468,12476,8,,3
update,12473,12479,12486,7,,4
inbound,12485,12491,12495,4,,6
update,12484,12491,12499,8,,5
update,12495,12502,12507,5,,7
update,12506,12513,12516,3,,8
update,12517,12525,12527,2,,9
update,12528,12534,12537,3,,10
update,12539,12546,12549,3,,11
inbound,12540,12547,12550,3,,12
update,12550,12556,12560,4,,13
update,12561,12567,12571,4,,14
update,12572,12579,12582,3,,15
update,12583,12590,12593,3,,0
update,12594,12600,12605,5,,1
inbound,12595,12602,12606,4,,2
update,12605,12612,12616,4,,3
update,12616,12623,12627,4,,4
update,12627,12634,12636,2,,5
update,12638,12646,12648,2,,6
inbound,12650,12656,12660,4,,8
update,12649,12656,12660,4,,7
update,12660,12668,12671,3,,9
update,12671,12679,12681,2,,10
update,12682,12690,12693,3,,11
update,12693,12701,12704,3,,12
update,12704,12710,12716,6,,13
inbound,12705,12712,12717,5,,14
update,12715,12722,12726,4,,15
update,12726,12733,12736,3,,0
update,12737,12745,12749,4,,1
update,12748,12756,12759,3,,2
update,12759,12766,12772,6,,3
inbound,12760,12768,12772,4,,4
update,12770,12778,12781,3,,5
update,12781,12788,12791,3,,6
update,12792,12798,12802,4,,7
update,12803,12810,12813,3,,8
inbound,12815,12823,12827,4,,10
update,12814,12822,12828,6,,9
update,12825,12831,12835,4,,11
update,12836,12842,12846,4,,12
update,12847,12854,12861,7,,13
update,12858,12864,12869,5,,14
update,12869,12875,12879,4,,15
update,12880,12887,12891,4,,0
update,12891,12898,12901,3,,1
update,12902,12910,12913,3,,2
update,12913,12921,12925,4,,3
update,12924,12930,12934,4,,4
update,13000,13007,13011,4,,5
inbound,13000,13008,13013,5,,6
update,13011,13019,13022,3,,7
update,13022,13030,13033,3,,8
inbound,13025,13033,13036,3,,9
update,13033,13040,13043,3,,10
update,13044,13052,13055,3,,11
update,13055,13062,13064,2,,12
update,13066,13072,13075,3,,13
update,13077,13084,13087,3,,14
update,13088,13095,13098,3,,15
update,13099,13107,13120,13,,0
inbound,13100,13108,13120,12,,1
update,13110,13118,13122,4,,2
update,13121,13130,13132,2,,3
update,13132,13140,13142,2,,4
update,13143,13150,13153,3,,5
update,13154,13162,13165,3,,6
inbound,13155,13162,13166,4,,7
update,13165,13173,13176,3,,8
update,13176,13185,13187,2,,9
update,13187,13194,13197,3,,10
update,13198,13205,13208,3,,11
inbound,13200,13208,13211,3,,12
update,13209,13217,13220,3,,13
inbound,13210,13217,13220,3,,14
update,13220,13229,13231,2,,15
inbound,13225,13233,13236,3,,0
update,13231,13239,13242,3,,1
update,13242,13250,13253,3,,2
update,13253,13260,13263,3,,3
update,13264,13272,13275,3,,4
inbound,13265,13272,13276,4,,5
update,13275,13282,13285,3,,6
update,13286,13294,13297,3,,7
update,13297,13306,13309,3,,8
update,13308,13316,13319,3,,9
update,13319,13327,13330,3,,10
inbound,13320,13327,13331,4,,11
update,13330,13338,13341,3,,12
update,13341,13350,13352,2,,13
update,13352,13361,13363,2,,14
update,13363,13371,13374,3,,15
update,13374,13382,13385,3,,0
inbound,13375,13383,13386,3,,1
update,13385,13392,13395,3,,2
update,13396,13404,13406,2,,3
inbound,13400,13408,13411,3,,4
update,13407,13415,13417,2,,5
update,13418,13427,13429,2,,6
inbound,13425,13432,13435,3,,7
inbound,13430,13437,13440,3,,9
update,13429,13437,13441,4,,8
update,13440,13448,13451,3,,10
update,13451,13459,13462,3,,11
update,13462,13471,13473,2,,12
update,13473,13481,13483,2,,13
update,13484,13491,13494,3,,14
inbound,13485,13493,13496,3,,15
update,13495,13503,13506,3,,0
update,13506,13514,13516,2,,1
update,13517,13526,13528,2,,2
update,13528,13536,13539,3,,3
inbound,13540,13547,13550,3,,5
update,13539,13547,13550,3,,4
update,13550,13557,13560,3,,6
update,13561,13569,13572,3,,7
update,13572,13580,13582,2,,8
update,13583,13592,13594,2,,9
update,13594,13601,13605,4,,10
inbound,13595,13602,13605,3,,11
update,13605,13613,13615,2,,12
update,13616,13624,13627,3,,13
update,13627,13634,13637,3,,14
update,13638,13647,13649,2,,15
update,13649,13657,13661,4,,0
inbound,13650,13659,13662,3,,1
update,13660,13667,13670,3,,2
update,13671,13679,13682,3,,3
update,13682,13689,13692,3,,4
update,13693,13701,13704,3,,5
inbound,13705,13713,13716,3,,7
update,13704,13713,13717,4,,6
update,13715,13723,13725,2,,8
update,13726,13735,13737,2,,9
update,13737,13745,13748,3,,10
update,13748,13756,13759,3,,11
inbound,13760,13768,13770,2,,13
update,13759,13768,13771,3,,12
update,13770,13777,13780,3,,14
update,13781,13789,13791,2,,15
update,13792,13800,13803,3,,0
update,13803,13811,13814,3,,1
inbound,13815,13823,13825,2,,3
update,13814,13823,13826,3,,2
update,13825,13833,13836,3,,4
update,13836,13845,13847,2,,5
update,13847,13855,13858,3,,6
update,13858,13866,13870,4,,7
update,13869,13877,13880,3,,8
update,13880,13888,13890,2,,9
update,13891,13899,13902,3,,10
update,13902,13910,13913,3,,11
update,13913,13921,13924,3,,12
update,13924,13932,13935,3,,13
update,14000,14008,14012,4,,14
inbound,14000,14008,14012,4,,15
update,14011,14019,14022,3,,0
update,14022,14030,14034,4,,1
inbound,14025,14033,14037,4,,2
update,14033,14041,14045,4,,3
update,14044,14053,14056,3,,4
update,14055,14063,14067,4,,5
update,14066,14074,14077,3,,6
update,14077,14085,14089,4,,7
update,14088,14096,14099,3,,8
inbound,14100,14107,14110,3,,10
update,14099,14107,14111,4,,9
update,14110,14118,14122,4,,11
update,14121,14130,14132,2,,12
update,14132,14141,14143,2,,13
update,14143,14151,14156,5,,14
update,14154,14161,14164,3,,15
inbound,14155,14163,14166,3,,0
update,14165,14174,14177,3,,1
update,14176,14184,14187,3,,2
update,14187,14196,14199,3,,3
update,14198,14206,14210,4,,4
inbound,14200,14209,14212,3,,5
update,14209,14218,14222,4,,6
inbound,14210,14218,14222,4,,7
update,14220,14228,14231,3,,8
inbound,14225,14232,14235,3,,9
update,14231,14239,14242,3,,10
update,14242,14249,14252,3,,11
update,14253,14262,14266,4,,12
update,14264,14272,14274,2,,13
inbound,14265,14274,14277,3,,14
update,14275,14283,14286,3,,15
update,14286,14295,14298,3,,0
update,14297,14305,14308,3,,1
update,14308,14317,14319,2,,2
update,14319,14328,14330,2,,3
inbound,14320,14330,14333,3,,4
update,14330,14338,14342,4,,5
update,14341,14349,14352,3,,6
update,14352,14361,14364,3,,7
update,14363,14370,14373,3,,8
update,14374,14383,14386,3,,9
inbound,14375,14384,14387,3,,10
update,14385,14393,14396,3,,11
update,14396,14405,14407,2,,12
inbound,14400,14409,14412,3,,13
update,14407,14416,14418,2,,14
update,14418,14427,14429,2,,15
inbound,14425,14433,14436,3,,0
update,14429,14436,14439,3,,1
inbound,14430,14439,14442,3,,2
update,14440,14448,14451,3,,3
update,14451,14458,14461,3,,4
update,14462,14470,14474,4,,5
update,14473,14482,14485,3,,6
update,14484,14493,14497,4,,7
inbound,14485,14494,14498,4,,8
update,14495,14503,14507,4,,9
update,14506,14515,14518,3,,10
update,14517,14526,14529,3,,11
update,14528,14537,14540,3,,12
update,14539,14547,14552,5,,13
inbound,14540,14549,14553,4,,14
update,14550,14558,14562,4,,15
update,14561,14569,14573,4,,0
update,14572,14580,14584,4,,1
update,14583,14592,14599,7,,2
update,14594,14602,14607,5,,3
inbound,14595,14604,14609,5,,4
update,14605,14612,14617,5,,5
update,14616,14625,14628,3,,6
update,14627,14636,14639,3,,7
update,14638,14646,14650,4,,8
update,14649,14657,14663,6,,9
inbound,14650,14659,14666,7,,10
update,14660,14667,14673,6,,11
update,14671,14680,14683,3,,12
update,14682,14691,14693,2,,13
update,14693,14700,14703,3,,14
update,14704,14712,14719,7,,15
inbound,14705,14713,14720,7,,0
update,14715,14723,14729,6,,1
update,14726,14735,14738,3,,2
update,14737,14745,14749,4,,3
update,14748,14755,14759,4,,4
update,14759,14767,14771,4,,5
inbound,14760,14770,14772,2,,6
update,14770,14778,14782,4,,7
update,14781,14789,14793,4,,8
update,14792,14800,14804,4,,9
update,14803,14812,14816,4,,10
update,14814,14822,14828,6,,11
inbound,14815,14824,14829,5,,12
update,14825,14833,14836,3,,13
update,14836,14844,14848,4,,14
update,14847,14856,14859,3,,15
update,14858,14865,14873,8,,0
update,14869,14878,14883,5,,1
update,14880,14888,14891,3,,2
update,14891,14900,14903,3,,3
update,14902,14911,14915,4,,4
update,14913,14921,14925,4,,5
update,14924,14933,14936,3,,6
inbound,15000,15010,15014,4,,8
update,15000,15010,15014,4,,7
update,15011,15021,15024,3,,9
update,15022,15031,15035,4,,10
inbound,15025,15035,15038,3,,11
update,15033,15043,15046,3,,12
update,15044,15054,15058,4,,13
update,15055,15065,15068,3,,14
update,15066,15076,15079,3,,15
update,15077,15087,15090,3,,0
update,15088,15098,15100,2,,1
update,15099,15109,15112,3,,2
inbound,15100,15109,15112,3,,3
update,15110,15120,15123,3,,4
update,15121,15131,15134,3,,5
update,15132,15141,15144,3,,6
update,15143,15152,15155,3,,7
update,15154,15163,15166,3,,8
inbound,15155,15165,15168,3,,9
update,15165,15175,15177,2,,10
update,15176,15185,15188,3,,11
update,15187,15196,15199,3,,12
update,15198,15207,15210,3,,13
inbound,15200,15210,15212,2,,14
update,15209,15217,15221,4,,15
inbound,15210,15219,15222,3,,0
update,15220,15229,15233,4,,1
inbound,15225,15235,15237,2,,2
update,15231,15241,15244,3,,3
update,15242,15251,15253,2,,4
update,15253,15262,15265,3,,5
inbound,15265,15274,15277,3,,7
update,15264,15274,15277,3,,6
update,15275,15285,15288,3,,8
update,15286,15295,15298,3,,9
update,15297,15306,15309,3,,10
update,15308,15317,15321,4,,11
update,15319,15328,15331,3,,12
inbound,15320,15329,15333,4,,13
update,15330,15340,15343,3,,14
update,15341,15350,15353,3,,15
update,15352,15361,15364,3,,0
update,15363,15372,15376,4,,1
update,15374,15384,15387,3,,2
inbound,15375,15385,15388,3,,3
update,15385,15394,15398,4,,4
update,15396,15405,15408,3,,5
inbound,15400,15409,15412,3,,6
update,15407,15417,15421,4,,7
update,15418,15426,15429,3,,8
inbound,15425,15434,15449,15,,9
inbound,15430,15440,15449,9,,11
update,15429,15440,15449,9,,10
update,15440,15450,15453,3,,12
update,15451,15461,15464,3,,13
update,15462,15472,15475,3,,14
update,15473,15483,15485,2,,15
inbound,15485,15494,15497,3,,1
update,15484,15494,15497,3,,0
update,15495,15504,15507,3,,2
update,15506,15515,15518,3,,3
update,15517,15527,15530,3,,4
update,15528,15537,15540,3,,5
update,15539,15549,15552,3,,6
inbound,15540,15550,15554,4,,7
update,15550,15560,15563,3,,8
update,15561,15571,15573,2,,9
update,15572,15581,15584,3,,10
update,15583,15593,15595,2,,11
update,15594,15604,15608,4,,12
inbound,15595,15604,15610,6,,13
update,15605,15615,15618,3,,14
update,15616,15625,15628,3,,15
update,15627,15636,15639,3,,0
update,15638,15648,15651,3,,1
inbound,15650,15660,15663,3,,3
update,15649,15659,15664,5,,2
update,15660,15670,15672,2,,4
update,15671,15680,15683,3,,5
update,15682,15691,15695,4,,6
update,15693,15703,15706,3,,7
update,15704,15713,15716,3,,8
inbound,15705,15714,15718,4,,9
update,15715,15725,15729,4,,10
update,15726,15734,15737,3,,11
update,15737,15747,15749,2,,12
update,15748,15757,15760,3,,13
update,15759,15768,15771,3,,14
inbound,15760,15769,15772,3,,15
update,15770,15779,15782,3,,0
update,15781,15790,15792,2,,1
update,15792,15801,15804,3,,2
update,15803,15812,15816,4,,3
update,15814,15823,15827,4,,4
inbound,15815,15825,15828,3,,5
update,15825,15835,15838,3,,6
update,15836,15845,15849,4,,7
update,15847,15857,15860,3,,8
update,15858,15868,15871,3,,9
update,15869,15878,15884,6,,10
update,15880,15889,15892,3,,11
update,15891,15900,15904,4,,12
update,15902,15911,15914,3,,13
update,15913,15923,15926,3,,14
update,15924,15934,15937,3,,15
update,16000,16009,16013,4,,0
inbound,16000,16009,16014,5,,1
update,16011,16021,16024,3,,2
update,16022,16032,16038,6,,3
inbound,16025,16034,16038,4,,4
update,16033,16042,16054,12,,5
update,16044,16053,16057,4,,6
update,16055,16064,16068,4,,7
update,16066,16075,16078,3,,8
update,16077,16086,16091,5,,9
update,16088,16098,16102,4,,10
inbound,16100,16110,16114,4,,12
update,16099,16109,16115,6,,11
update,16110,16120,16124,4,,13
update,16121,16130,16133,3,,14
update,16132,16142,16146,4,,15
update,16143,16152,16155,3,,0
update,16154,16164,16167,3,,1
inbound,16155,16165,16168,3,,2
update,16165,16174,16177,3,,3
update,16176,16186,16189,3,,4
update,16187,16197,16200,3,,5
update,16198,16208,16211,3,,6
inbound,16200,16210,16212,2,,7
update,16209,16218,16222,4,,8
inbound,16210,16219,16223,4,,9
update,16220,16229,16232,3,,10
inbound,16225,16235,16238,3,,11
update,16231,16241,16244,3,,12
update,16242,16251,16257,6,,13
update,16253,16262,16265,3,,14
update,16264,16273,16276,3,,15
inbound,16265,16273,16276,3,,0
update,16275,16284,16287,3,,1
update,16286,16296,16301,5,,2
update,16297,16306,16309,3,,3
update,16308,16318,16324,6,,4
update,16319,16328,16336,8,,5
inbound,16320,16329,16342,13,,6
update,16330,16340,16345,5,,7
update,16341,16350,16353,3,,8
update,16352,16361,16364,3,,9
update,16363,16372,16375,3,,10
inbound,16375,16384,16387,3,,12
update,16374,16384,16387,3,,11
update,16385,16395,16398,3,,13
update,16396,16404,16407,3,,14
inbound,16400,16409,16412,3,,15
update,16407,16416,16419,3,,0
update,16418,16428,16430,2,,1
inbound,16425,16435,16438,3,,2
update,16429,16438,16440,2,,3
inbound,16430,16440,16442,2,,4
update,16440,16450,16452,2,,5
update,16451,16460,16463,3,,6
update,16462,16472,16475,3,,7
update,16473,16483,16486,3,,8
update,16484,16494,16497,3,,9
inbound,16485,16495,16498,3,,10
update,16495,16504,16506,2,,11
update,16506,16515,16518,3,,12
update,16517,16526,16529,3,,13
update,16528,16537,16540,3,,14
update,16539,16549,16553,4,,15
inbound,16540,16549,16553,4,,0
update,16550,16559,16562,3,,1
update,16561,16571,16574,3,,2
update,16572,16582,16584,2,,3
update,16583,16592,16595,3,,4
update,16594,16604,16607,3,,5
inbound,16595,16605,16608,3,,6
update,16605,16614,16616,2,,7
update,16616,16625,16628,3,,8
update,16627,16636,16639,3,,9
update,16638,16647,16649,2,,10
update,16649,16659,16662,3,,11
inbound,16650,16660,16663,3,,12
update,16660,16670,16673,3,,13
update,16671,16680,16683,3,,14
update,16682,16691,16694,3,,15
update,16693,16703,16706,3,,0
update,16704,16714,16717,3,,1
inbound,16705,16715,16718,3,,2
update,16715,16725,16728,3,,3
update,16726,16736,16740,4,,4
update,16737,16746,16749,3,,5
update,16748,16757,16761,4,,6
inbound,16760,16769,16772,3,,8
update,16759,16768,16772,4,,7
update,16770,16780,16782,2,,9
update,16781,16790,16796,6,,10
update,16792,16801,16804,3,,11
update,16803,16813,16818,5,,12
inbound,16815,16824,16828,4,,14
update,16814,16823,16828,5,,13
update,16825,16834,16838,4,,15
update,16836,16845,16849,4,,0
update,16847,16856,16859,3,,1
update,16858,16868,16871,3,,2
update,16869,16879,16883,4,,3
update,16880,16890,16893,3,,4
update,16891,16900,16903,3,,5
update,16902,16910,16913,3,,6
update,16913,16922,16925,3,,7
update,16924,16934,16936,2,,8
inbound,17000,17010,17013,3,,10
update,17000,17010,17013,3,,9
update,17011,17021,17023,2,,11
update,17022,17032,17034,2,,12
inbound,17025,17034,17037,3,,13
update,17033,17043,17046,3,,14
update,17044,17054,17056,2,,15
update,17055,17064,17067,3,,0
update,17066,17075,17077,2,,1
update,17077,17087,17089,2,,2
update,17088,17097,17100,3,,3
inbound,17100,17109,17112,3,,5
update,17099,17109,17112,3,,4
update,17110,17119,17122,3,,6
update,17121,17130,17133,3,,7
update,17132,17142,17144,2,,8
update,17143,17153,17155,2,,9
inbound,17155,17163,17166,3,,11
update,17154,17163,17166,3,,10
update,17165,17174,17176,2,,12
update,17176,17186,17189,3,,13
update,17187,17197,17200,3,,14
update,17198,17207,17210,3,,15
inbound,17200,17209,17212,3,,0
update,17209,17217,17220,3,,1
inbound,17210,17219,17222,3,,2
update,17220,17230,17232,2,,3
inbound,17225,17234,17236,2,,4
update,17231,17240,17243,3,,5
update,17242,17251,17256,5,,6
update,17253,17262,17265,3,,7
update,17264,17273,17276,3,,8
inbound,17265,17274,17277,3,,9
update,17275,17284,17287,3,,10
update,17286,17295,17298,3,,11
update,17297,17307,17309,2,,12
update,17308,17318,17320,2,,13
update,17319,17329,17332,3,,14
inbound,17320,17330,17333,3,,15
update,17330,17340,17343,3,,0
update,17341,17351,17354,3,,1
update,17352,17362,17365,3,,2
update,17363,17372,17375,3,,3
update,17374,17383,17386,3,,4
inbound,17375,17385,17387,2,,5
update,17385,17395,17397,2,,6
update,17396,17405,17408,3,,7
inbound,17400,17409,17413,4,,8
update,17407,17416,17419,3,,9
update,17418,17428,17431,3,,10
inbound,17425,17435,17438,3,,11
update,17429,17438,17442,4,,12
inbound,17430,17440,17444,4,,13
update,17440,17449,17452,3,,14
update,17451,17460,17463,3,,15
update,17462,17470,17473,3,,0
update,17473,17482,17485,3,,1
update,17484,17494,17496,2,,2
inbound,17485,17494,17497,3,,3
update,17495,17505,17507,2,,4
update,17506,17516,17518,2,,5
update,17517,17526,17529,3,,6
update,17528,17537,17539,2,,7
update,17539,17549,17551,2,,8
inbound,17540,17549,17552,3,,9
update,17550,17559,17562,3,,10
update,17561,17571,17574,3,,11
update,17572,17582,17584,2,,12
update,17583,17593,17595,2,,13
update,17594,17603,17606,3,,14
inbound,17595,17604,17607,3,,15
update,17605,17614,17617,3,,0
update,17616,17626,17628,2,,1
update,17627,17637,17639,2,,2
update,17638,17647,17650,3,,3
update,17649,17658,17662,4,,4
inbound,17650,17659,17662,3,,5
update,17660,17669,17672,3,,6
update,17671,17680,17683,3,,7
update,17682,17692,17694,2,,8
update,17693,17702,17705,3,,9
update,17704,17713,17717,4,,10
inbound,17705,17714,17717,3,,11
update,17715,17725,17727,2,,12
update,17726,17735,17738,3,,13
update,17737,17747,17749,2,,14
update,17748,17757,17760,3,,15
inbound,17760,17768,17770,2,,1
update,17759,17768,17771,3,,0
update,17770,17779,17782,3,,2
update,17781,17790,17793,3,,3
update,17792,17802,17804,2,,4
update,17803,17812,17815,3,,5
update,17814,17822,17825,3,,6
inbound,17815,17825,17826,1,,7
update,17825,17835,17837,2,,8
update,17836,17845,17848,3,,9
update,17847,17856,17858,2,,10
update,17858,17868,17870,2,,11
update,17869,17878,17881,3,,12
update,17880,17889,17893,4,,13
update,17891,17901,17903,2,,14
update,17902,17912,17914,2,,15
update,17913,17923,17925,2,,0
update,17924,17934,17936,2,,1
update,18000,18009,18012,3,,2
inbound,18000,18009,18014,5,,3
update,18011,18020,18023,3,,4
update,18022,18031,18034,3,,5
inbound,18025,18034,18039,5,,6
update,18033,18042,18046,4,,7
update,18044,18054,18059,5,,8
update,18055,18064,18070,6,,9
update,18066,18076,18080,4,,10
update,18077,18087,18090,3,,11
update,18088,18098,18101,3,,12
update,18099,18108,18113,5,,13
inbound,18100,18108,18117,9,,14
update,18110,18119,18126,7,,15
update,18121,18130,18133,3,,0
update,18132,18142,18146,4,,1
update,18143,18153,18157,4,,2
update,18154,18163,18167,4,,3
inbound,18155,18164,18168,4,,4
update,18165,18175,18178,3,,5
update,18176,18185,18191,6,,6
update,18187,18196,18199,3,,7
update,18198,18207,18210,3,,8
inbound,18200,18210,18214,4,,9
update,18209,18219,18222,3,,10
inbound,18210,18220,18225,5,,11
update,18220,18230,18232,2,,12
inbound,18225,18234,18237,3,,13
update,18231,18240,18243,3,,14
update,18242,18252,18255,3,,15
update,18253,18263,18266,3,,0
inbound,18265,18274,18279,5,,2
update,18264,18273,18279,6,,1
update,18275,18284,18287,3,,3
update,18286,18296,18300,4,,4
update,18297,18307,18311,4,,5
update,18308,18318,18321,3,,6
inbound,18320,18330,18334,4,,8
update,18319,18328,18336,8,,7
update,18330,18340,18342,2,,9
update,18341,18351,18353,2,,10
update,18352,18362,18365,3,,11
update,18363,18372,18375,3,,12
update,18374,18384,18387,3,,13
inbound,18375,18385,18388,3,,14
update,18385,18394,18397,3,,15
update,18396,18405,18408,3,,0
inbound,18400,18410,18412,2,,1
update,18407,18417,18419,2,,2
update,18418,18427,18430,3,,3
inbound,18425,18435,18437,2,,4
update,18429,18438,18443,5,,5
inbound,18430,18440,18443,3,,6
update,18440,18450,18453,3,,7
update,18451,18461,18463,2,,8
update,18462,18472,18476,4,,9
update,18473,18482,18485,3,,10
update,18484,18493,18497,4,,11
inbound,18485,18495,18498,3,,12
update,18495,18505,18507,2,,13
update,18506,18515,18518,3,,14
update,18517,18526,18529,3,,15
update,18528,18538,18541,3,,0
update,18539,18548,18552,4,,1
inbound,18540,18550,18553,3,,2
update,18550,18559,18562,3,,3
update,18561,18570,18573,3,,4
update,18572,18581,18586,5,,5
update,18583,18592,18595,3,,6
update,18594,18604,18607,3,,7
inbound,18595,18604,18607,3,,8
update,18605,18614,18617,3,,9
update,18616,18625,18628,3,,10
update,18627,18636,18639,3,,11
update,18638,18648,18650,2,,12
inbound,18650,18659,18662,3,,14
update,18649,18659,18663,4,,13
update,18660,18670,18672,2,,15
update,18671,18680,18683,3,,0
update,18682,18691,18697,6,,1
update,18693,18702,18705,3,,2
inbound,18705,18713,18716,3,,4
update,18704,18713,18717,4,,3
update,18715,18725,18728,3,,5
update,18726,18736,18739,3,,6
update,18737,18747,18750,3,,7
update,18748,18758,18760,2,,8
inbound,18760,18770,18772,2,,10
update,18759,18769,18773,4,,9
update,18770,18780,18782,2,,11
update,18781,18791,18794,3,,12
update,18792,18801,18806,5,,13
update,18803,18813,18816,3,,14
update,18814,18823,18826,3,,15
inbound,18815,18824,18827,3,,0
update,18825,18835,18837,2,,1
update,18836,18846,18848,2,,2
update,18847,18856,18859,3,,3
update,18858,18868,18871,3,,4
update,18869,18878,18882,4,,5
update,18880,18890,18896,6,,6
update,18891,18901,18904,3,,7
update,18902,18912,18916,4,,8
update,18913,18922,18925,3,,9
update,18924,18933,18936,3,,10
inbound,19000,19009,19012,3,,12
update,19000,19009,19012,3,,11
update,19011,19021,19024,3,,13
update,19022,19031,19034,3,,14
inbound,19025,19034,19037,3,,15
update,19033,19043,19046,3,,0
update,19044,19054,19056,2,,1
update,19055,19065,19068,3,,2
update,19066,19075,19078,3,,3
update,19077,19086,19089,3,,4
update,19088,19097,19100,3,,5
update,19099,19108,19111,3,,6
inbound,19100,19109,19113,4,,7
update,19110,19119,19123,4,,8
update,19121,19130,19134,4,,9
update,19132,19142,19146,4,,10
update,19143,19153,19156,3,,11
update,19154,19163,19169,6,,12
inbound,19155,19165,19169,4,,13
update,19165,19174,19178,4,,14
update,19176,19186,19189,3,,15
update,19187,19197,19201,4,,0
update,19198,19208,19212,4,,1
inbound,19200,19209,19214,5,,2
update,19209,19218,19222,4,,3
inbound,19210,19219,19224,5,,4
update,19220,19229,19233,4,,5
inbound,19225,19235,19245,10,,6
update,19231,19242,19255,13,,7
update,19242,19250,19255,5,,8
update,19253,19262,19266,4,,9
update,19264,19273,19276,3,,10
inbound,19265,19274,19279,5,,11
update,19275,19284,19287,3,,12
update,19286,19296,19299,3,,13
update,19297,19307,19311,4,,14
update,19308,19317,19320,3,,15
update,19319,19328,19333,5,,0
inbound,19320,19330,19334,4,,1
update,19330,19339,19342,3,,2
update,19341,19351,19354,3,,3
update,19352,19361,19364,3,,4
update,19363,19373,19376,3,,5
update,19374,19383,19387,4,,6
inbound,19375,19384,19388,4,,7
update,19385,19394,19397,3,,8
update,19396,19405,19408,3,,9
inbound,19400,19410,19413,3,,10
update,19407,19416,19423,7,,11
update,19418,19427,19431,4,,12
inbound,19425,19435,19438,3,,13
update,19429,19438,19442,4,,14
inbound,19430,19440,19444,4,,15
update,19440,19449,19453,4,,0
update,19451,19460,19464,4,,1
update,19462,19472,19475,3,,2
update,19473,19483,19487,4,,3
update,19484,19494,19497,3,,4
inbound,19485,19495,19499,4,,5
update,19495,19504,19508,4,,6
update,19506,19515,19518,3,,7
update,19517,19527,19530,3,,8
update,19528,19537,19541,4,,9
update,19539,19548,19554,6,,10
inbound,19540,19550,19555,5,,11
update,19550,19560,19563,3,,12
update,19561,19570,19575,5,,13
update,19572,19582,19585,3,,14
update,19583,19592,19596,4,,15
update,19594,19604,19608,4,,0
inbound,19595,19604,19609,5,,1
update,19605,19615,19618,3,,2
update,19616,19625,19631,6,,3
update,19627,19636,19640,4,,4
update,19638,19648,19653,5,,5
update,19649,19659,19664,5,,6
inbound,19650,19660,19665,5,,7
update,19660,19669,19672,3,,8
update,19671,19680,19684,4,,9
update,19682,19691,19694,3,,10
update,19693,19703,19706,3,,11
update,19704,19713,19717,4,,12
inbound,19705,19714,19719,5,,13
update,19715,19725,19729,4,,14
update,19726,19734,19740,6,,15
update,19737,19747,19750,3,,0
update,19748,19757,19762,5,,1
update,19759,19769,19773,4,,2
inbound,19760,19770,19774,4,,3
update,19770,19779,19783,4,,4
update,19781,19791,19794,3,,5
update,19792,19801,19805,4,,6
update,19803,19813,19816,3,,7
inbound,19815,19824,19828,4,,9
update,19814,19823,19829,6,,8
update,19825,19835,19838,3,,10
update,19836,19845,19848,3,,11
update,19847,19856,19859,3,,12
update,19858,19868,19871,3,,13
update,19869,19879,19882,3,,14
update,19880,19890,19894,4,,15
update,19891,19900,19905,5,,0
update,19902,19911,19915,4,,1
update,19913,19922,19927,5,,2
update,19924,19934,19939,5,,3
inbound,20000,20010,20016,6,,5
update,20000,20010,20017,7,,4
update,20011,20020,20023,3,,6
update,20022,20031,20035,4,,7
inbound,20025,20035,20040,5,,8
update,20033,20042,20046,4,,9
update,20044,20053,20056,3,,10
update,20055,20065,20068,3,,11
update,20066,20076,20080,4,,12
update,20077,20087,20091,4,,13
update,20088,20098,20101,3,,14
inbound,20100,20110,20114,4,,0
update,20099,20109,20114,5,,15
update,20110,20120,20123,3,,1
update,20121,20131,20135,4,,2
update,20132,20141,20144,3,,3
update,20143,20153,20157,4,,4
update,20154,20164,20167,3,,5
inbound,20155,20165,20168,3,,6
update,20165,20174,20177,3,,7
update,20176,20186,20189,3,,8
update,20187,20196,20200,4,,9
update,20198,20208,20212,4,,10
inbound,20200,20210,20214,4,,11
update,20209,20219,20223,4,,12
inbound,20210,20220,20225,5,,13
update,20220,20230,20234,4,,14
inbound,20225,20234,20238,4,,15
update,20231,20241,20244,3,,0
update,20242,20252,20255,3,,1
update,20253,20262,20265,3,,2
update,20264,20273,20278,5,,3
inbound,20265,20275,20279,4,,4
update,20275,20285,20288,3,,5
update,20286,20296,20299,3,,6
update,20297,20306,20309,3,,7
update,20308,20317,20320,3,,8
update,20319,20328,20332,4,,9
inbound,20320,20329,20332,3,,10
update,20330,20340,20342,2,,11
update,20341,20350,20353,3,,12
update,20352,20361,20364,3,,13
update,20363,20373,20376,3,,14
update,20374,20383,20387,4,,15
inbound,20375,20384,20388,4,,0
update,20385,20394,20397,3,,1
update,20396,20406,20409,3,,2
inbound,20400,20409,20412,3,,3
update,20407,20416,20419,3,,4
update,20418,20428,20431,3,,5
inbound,20425,20435,20438,3,,6
update,20429,20438,20441,3,,7
inbound,20430,20439,20442,3,,8
update,20440,20448,20451,3,,9
update,20451,20461,20463,2,,10
update,20462,20472,20478,6,,11
update,20473,20483,20486,3,,12
update,20484,20494,20497,3,,13
inbound,20485,20495,20499,4,,14
update,20495,20505,20509,4,,15
update,20506,20515,20520,5,,0
update,20517,20526,20531,5,,1
update,20528,20538,20541,3,,2
update,20539,20548,20553,5,,3
inbound,20540,20550,20554,4,,4
update,20550,20559,20565,6,,5
update,20561,20571,20575,4,,6
update,20572,20582,20591,9,,7
update,20583,20592,20596,4,,8
update,20594,20603,20607,4,,9
inbound,20595,20604,20608,4,,10
update,20605,20614,20618,4,,11
update,20616,20626,20629,3,,12
update,20627,20637,20640,3,,13
update,20638,20647,20650,3,,14
update,20649,20657,20660,3,,15
inbound,20650,20659,20662,3,,0
update,20660,20669,20673,4,,1
update,20671,20680,20683,3,,2
update,20682,20692,20695,3,,3
update,20693,20702,20705,3,,4
update,20704,20714,20717,3,,5
inbound,20705,20715,20719,4,,6
update,20715,20723,20726,3,,7
update,20726,20736,20739,3,,8
update,20737,20746,20748,2,,9
update,20748,20757,20760,3,,10
update,20759,20768,20771,3,,11
inbound,20760,20769,20771,2,,12
update,20770,20780,20782,2,,13
update,20781,20790,20794,4,,14
update,20792,20802,20805,3,,15
update,20803,20813,20815,2,,0
update,20814,20823,20826,3,,1
inbound,20815,20825,20827,2,,2
update,20825,20834,20838,4,,3
update,20836,20845,20848,3,,4
update,20847,20856,20859,3,,5
update,20858,20868,20870,2,,6
update,20869,20879,20881,2,,7
update,20880,20890,20893,3,,8
update,20891,20900,20905,5,,9
update,20902,20911,20914,3,,10
update,20913,20923,20926,3,,11
update,20924,20934,20936,2,,12
update,21000,21010,21015,5,,13
inbound,21000,21010,21015,5,,14
update,21011,21021,21024,3,,15
update,21022,21032,21035,3,,0
inbound,21025,21036,21038,2,,1
update,21033,21042,21045,3,,2
update,21044,21054,21057,3,,3
update,21055,21065,21067,2,,4
update,21066,21076,21078,2,,5
update,21077,21086,21089,3,,6
update,21088,21098,21100,2,,7
update,21099,21108,21111,3,,8
inbound,21100,21111,21113,2,,9
update,21110,21119,21124,5,,10
update,21121,21130,21133,3,,11
update,21132,21141,21144,3,,12
update,21143,21152,21154,2,,13
update,21154,21163,21166,3,,14
inbound,21155,21166,21168,2,,15
update,21165,21174,21177,3,,0
update,21176,21185,21188,3,,1
update,21187,21196,21199,3,,2
update,21198,21208,21211,3,,3
inbound,21200,21210,21213,3,,4
update,21209,21219,21221,2,,5
inbound,21210,21221,21224,3,,6
update,21220,21230,21235,5,,7
inbound,21225,21235,21238,3,,8
update,21231,21241,21243,2,,9
update,21242,21252,21254,2,,10
update,21253,21262,21265,3,,11
update,21264,21274,21277,3,,12
inbound,21265,21275,21278,3,,13
update,21275,21284,21287,3,,14
update,21286,21296,21299,3,,15
update,21297,21307,21309,2,,0
update,21308,21317,21320,3,,1
update,21319,21329,21342,13,,2
update,21330,21339,21342,3,,4
inbound,21320,21330,21342,12,,3
update,21341,21350,21353,3,,5
update,21352,21362,21365,3,,6
update,21363,21373,21375,2,,7
update,21374,21384,21387,3,,8
inbound,21375,21385,21388,3,,9
update,21385,21394,21397,3,,10
update,21396,21405,21408,3,,11
inbound,21400,21410,21413,3,,12
update,21407,21415,21418,3,,13
update,21418,21427,21430,3,,14
inbound,21425,21436,21439,3,,15
update,21429,21439,21442,3,,0
inbound,21430,21441,21444,3,,1
update,21440,21449,21454,5,,2
update,21451,21460,21464,4,,3
update,21462,21471,21474,3,,4
update,21473,21483,21486,3,,5
update,21484,21494,21498,4,,6
inbound,21485,21495,21498,3,,7
update,21495,21505,21508,3,,8
update,21506,21516,21519,3,,9
update,21517,21528,21530,2,,10
update,21528,21538,21541,3,,11
update,21539,21549,21554,5,,12
inbound,21540,21551,21554,3,,13
update,21550,21561,21564,3,,14
update,21561,21571,21575,4,,15
update,21572,21582,21585,3,,0
update,21583,21594,21597,3,,1
update,21594,21604,21608,4,,2
inbound,21595,21606,21610,4,,3
update,21605,21616,21619,3,,4
update,21616,21626,21630,4,,5
update,21627,21638,21641,3,,6
update,21638,21649,21654,5,,7
inbound,21650,21660,21664,4,,9
update,21649,21660,21666,6,,8
update,21660,21671,21676,5,,10
update,21671,21682,21685,3,,11
update,21682,21693,21696,3,,12
update,21693,21704,21707,3,,13
update,21704,21715,21718,3,,14
inbound,21705,21715,21718,3,,15
update,21715,21725,21728,3,,0
update,21726,21736,21739,3,,1
update,21737,21747,21750,3,,2
update,21748,21758,21761,3,,3
inbound,21760,21769,21772,3,,5
update,21759,21769,21773,4,,4
update,21770,21781,21785,4,,6
update,21781,21791,21794,3,,7
update,21792,21803,21805,2,,8
update,21803,21814,21816,2,,9
update,21814,21825,21828,3,,10
inbound,21815,21826,21828,2,,11
update,21825,21835,21837,2,,12
update,21836,21847,21849,2,,13
update,21847,21857,21859,2,,14
update,21858,21869,21871,2,,15
update,21869,21879,21882,3,,0
update,21880,21891,21896,5,,1
update,21891,21901,21904,3,,2
update,21902,21913,21916,3,,3
update,21913,21924,21926,2,,4
update,21924,21934,21937,3,,5
inbound,22000,22011,22014,3,,7
update,22000,22011,22014,3,,6
update,22011,22022,22025,3,,8
update,22022,22032,22035,3,,9
inbound,22025,22035,22038,3,,10
update,22033,22043,22046,3,,11
update,22044,22055,22058,3,,12
update,22055,22066,22069,3,,13
update,22066,22077,22079,2,,14
update,22077,22086,22089,3,,15
update,22088,22098,22100,2,,0
update,22099,22109,22113,4,,1
inbound,22100,22111,22115,4,,2
update,22110,22121,22123,2,,3
update,22121,22132,22134,2,,4
update,22132,22143,22146,3,,5
update,22143,22154,22157,3,,6
update,22154,22165,22167,2,,7
inbound,22155,22166,22170,4,,8
update,22165,22175,22178,3,,9
update,22176,22186,22189,3,,10
update,22187,22197,22200,3,,11
update,22198,22208,22212,4,,12
inbound,22200,22210,22213,3,,13
update,22209,22219,22223,4,,14
inbound,22210,22221,22224,3,,15
update,22220,22230,22233,3,,0
inbound,22225,22235,22238,3,,1
update,22231,22241,22244,3,,2
update,22242,22252,22255,3,,3
update,22253,22263,22266,3,,4
update,22264,22275,22278,3,,5
inbound,22265,22275,22279,4,,6
update,22275,22286,22289,3,,7
update,22286,22297,22300,3,,8
update,22297,22308,22311,3,,9
update,22308,22318,22322,4,,10
update,22319,22329,22332,3,,11
inbound,22320,22330,22333,3,,12
update,22330,22340,22343,3,,13
update,22341,22352,22355,3,,14
update,22352,22363,22365,2,,15
update,22363,22373,22377,4,,0
update,22374,22384,22388,4,,1
inbound,22375,22385,22389,4,,2
update,22385,22395,22398,3,,3
update,22396,22406,22409,3,,4
inbound,22400,22410,22413,3,,5
update,22407,22417,22420,3,,6
update,22418,22429,22432,3,,7
inbound,22425,22436,22438,2,,8
update,22429,22439,22443,4,,9
inbound,22430,22441,22445,4,,10
update,22440,22450,22454,4,,11
update,22451,22462,22465,3,,12
update,22462,22472,22475,3,,13
update,22473,22483,22489,6,,14
update,22484,22494,22497,3,,15
inbound,22485,22495,22499,4,,0
update,22495,22505,22509,4,,1
update,22506,22517,22520,3,,2
update,22517,22528,22530,2,,3
update,22528,22539,22542,3,,4
update,22539,22549,22552,3,,5
inbound,22540,22550,22554,4,,6
update,22550,22560,22563,3,,7
update,22561,22570,22572,2,,8
update,22572,22583,22585,2,,9
update,22583,22592,22595,3,,10
update,22594,22604,22607,3,,11
inbound,22595,22605,22608,3,,12
update,22605,22615,22618,3,,13
update,22616,22626,22629,3,,14
update,22627,22638,22641,3,,15
update,22638,22649,22652,3,,0
update,22649,22660,22663,3,,1
inbound,22650,22661,22666,5,,2
update,22660,22670,22673,3,,3
update,22671,22681,22684,3,,4
update,22682,22693,22696,3,,5
update,22693,22703,22706,3,,6
update,22704,22715,22718,3,,7
inbound,22705,22716,22719,3,,8
update,22715,22725,22728,3,,9
update,22726,22735,22738,3,,10
update,22737,22747,22750,3,,11
update,22748,22759,22762,3,,12
update,22759,22769,22772,3,,13
inbound,22760,22771,22773,2,,14
update,22770,22780,22783,3,,15
update,22781,22791,22794,3,,0
update,22792,22802,22805,3,,1
update,22803,22814,22817,3,,2
update,22814,22825,22828,3,,3
inbound,22815,22826,22828,2,,4
update,22825,22835,22838,3,,5
update,22836,22846,22850,4,,6
update,22847,22858,22861,3,,7
update,22858,22868,22871,3,,8
update,22869,22880,22883,3,,9
update,22880,22890,22893,3,,10
update,22891,22902,22904,2,,11
update,22902,22912,22916,4,,12
update,22913,22923,22927,4,,13
update,22924,22935,22937,2,,14
update,23000,23011,23015,4,,15
inbound,23000,23011,23015,4,,0
update,23011,23021,23024,3,,1
update,23022,23032,23035,3,,2
inbound,23025,23035,23038,3,,3
update,23033,23043,23047,4,,4
update,23044,23055,23057,2,,5
update,23055,23065,23068,3,,6
update,23066,23076,23079,3,,7
update,23077,23087,23090,3,,8
update,23088,23098,23101,3,,9
update,23099,23109,23113,4,,10
inbound,23100,23111,23114,3,,11
update,23110,23121,23124,3,,12
update,23121,23132,23135,3,,13
update,23132,23142,23145,3,,14
update,23143,23154,23157,3,,15
update,23154,23164,23168,4,,0
inbound,23155,23166,23169,3,,1
update,23165,23176,23179,3,,2
update,23176,23187,23189,2,,3
update,23187,23196,23199,3,,4
update,23198,23208,23211,3,,5
inbound,23200,23210,23214,4,,6
update,23209,23219,23222,3,,7
inbound,23210,23220,23223,3,,8
update,23220,23231,23233,2,,9
inbound,23225,23236,23239,3,,10
update,23231,23241,23244,3,,11
update,23242,23253,23255,2,,12
update,23253,23264,23267,3,,13
update,23264,23274,23277,3,,14
inbound,23265,23275,23279,4,,15
update,23275,23285,23288,3,,0
update,23286,23296,23299,3,,1
update,23297,23308,23311,3,,2
update,23308,23319,23321,2,,3
inbound,23320,23330,23333,3,,5
update,23319,23330,23334,4,,4
update,23330,23340,23343,3,,6
update,23341,23352,23355,3,,7
update,23352,23363,23367,4,,8
update,23363,23373,23377,4,,9
update,23374,23384,23387,3,,10
inbound,23375,23385,23388,3,,11
update,23385,23396,23399,3,,12
update,23396,23407,23409,2,,13
inbound,23400,23411,23413,2,,14
update,23407,23418,23420,2,,15
update,23418,23429,23431,2,,0
inbound,23425,23435,23440,5,,1
update,23429,23439,23442,3,,2
inbound,23430,23440,23444,4,,3
update,23440,23450,23454,4,,4
update,23451,23461,23464,3,,5
update,23462,23473,23476,3,,6
update,23473,23483,23486,3,,7
update,23484,23493,23496,3,,8
inbound,23485,23495,23499,4,,9
update,23495,23506,23509,3,,10
update,23506,23516,23520,4,,11
update,23517,23528,23531,3,,12
update,23528,23539,23541,2,,13
update,23539,23549,23553,4,,14
inbound,23540,23550,23554,4,,15
update,23550,23560,23563,3,,0
update,23561,23572,23574,2,,1
update,23572,23582,23585,3,,2
update,23583,23593,23596,3,,3
update,23594,23603,23606,3,,4
inbound,23595,23605,23609,4,,5
update,23605,23615,23618,3,,6
update,23616,23626,23629,3,,7
update,23627,23638,23641,3,,8
update,23638,23649,23651,2,,9
update,23649,23659,23662,3,,10
inbound,23650,23660,23664,4,,11
update,23660,23670,23673,3,,12
update,23671,23681,23684,3,,13
update,23682,23693,23696,3,,14
update,23693,23704,23707,3,,15
update,23704,23714,23717,3,,0
inbound,23705,23715,23718,3,,1
update,23715,23725,23728,3,,2
update,23726,23737,23740,3,,3
update,23737,23748,23750,2,,4
update,23748,23758,23761,3,,5
inbound,23760,23771,23773,2,,7
update,23759,23770,23773,3,,6
update,23770,23780,23783,3,,8
update,23781,23792,23794,2,,9
update,23792,23803,23806,3,,10
update,23803,23813,23816,3,,11
update,23814,23824,23828,4,,12
inbound,23815,23826,23828,2,,13
update,23825,23836,23838,2,,14
update,23836,23846,23849,3,,15
update,23847,23858,23860,2,,0
update,23858,23868,23871,3,,1
update,23869,23880,23883,3,,2
update,23880,23890,23893,3,,3
update,23891,23902,23904,2,,4
update,23902,23913,23915,2,,5
update,23913,23923,23928,5,,6
update,23924,23935,23938,3,,7
inbound,24000,24010,24013,3,,9
update,24000,24010,24013,3,,8
update,24011,24021,24024,3,,10
update,24022,24033,24036,3,,11
inbound,24025,24036,24038,2,,12
update,24033,24043,24046,3,,13
update,24044,24055,24058,3,,14
update,24055,24066,24068,2,,15
update,24066,24076,24079,3,,0
update,24077,24087,24090,3,,1
update,24088,24098,24101,3,,2
inbound,24100,24110,24113,3,,4
update,24099,24110,24113,3,,3
update,24110,24121,24124,3,,5
update,24121,24131,24134,3,,6
update,24132,24143,24145,2,,7
update,24143,24154,24156,2,,8
update,24154,24164,24167,3,,9
inbound,24155,24164,24167,3,,10
update,24165,24175,24178,3,,11
update,24176,24186,24189,3,,12
update,24187,24198,24200,2,,13
update,24198,24208,24215,7,,14
inbound,24200,24211,24215,4,,15
update,24209,24219,24222,3,,0
inbound,24210,24219,24222,3,,1
update,24220,24230,24233,3,,2
inbound,24225,24235,24238,3,,3
update,24231,24242,24244,2,,4
update,24242,24252,24255,3,,5
update,24253,24263,24266,3,,6
update,24264,24274,24277,3,,7
inbound,24265,24275,24278,3,,8
update,24275,24286,24288,2,,9
update,24286,24296,24299,3,,10
update,24297,24308,24310,2,,11
update,24308,24319,24321,2,,12
update,24319,24330,24333,3,,13
inbound,24320,24331,24334,3,,14
update,24330,24341,24343,2,,15
update,24341,24351,24354,3,,0
update,24352,24362,24365,3,,1
update,24363,24374,24376,2,,2
update,24374,24384,24387,3,,3
inbound,24375,24385,24388,3,,4
update,24385,24395,24398,3,,5
update,24396,24407,24409,2,,6
inbound,24400,24411,24413,2,,7
update,24407,24417,24420,3,,8
update,24418,24429,24431,2,,9
inbound,24425,24436,24438,2,,10
update,24429,24439,24442,3,,11
inbound,24430,24440,24443,3,,12
update,24440,24450,24453,3,,13
update,24451,24462,24465,3,,14
update,24462,24473,24475,2,,15
update,24473,24483,24486,3,,0
inbound,24485,24495,24497,2,,2
update,24484,24495,24498,3,,1
update,24495,24506,24509,3,,3
update,24506,24517,24519,2,,4
update,24517,24527,24530,3,,5
update,24528,24538,24541,3,,6
inbound,24540,24549,24552,3,,8
update,24539,24549,24553,4,,7
update,24550,24561,24563,2,,9
update,24561,24571,24574,3,,10
update,24572,24583,24586,3,,11
update,24583,24594,24596,2,,12
inbound,24595,24605,24607,2,,14
update,24594,24604,24607,3,,13
update,24605,24615,24618,3,,15
update,24616,24626,24629,3,,0
update,24627,24638,24640,2,,1
update,24638,24649,24651,2,,2
update,24649,24659,24662,3,,3
inbound,24650,24659,24662,3,,4
update,24660,24670,24673,3,,5
update,24671,24682,24685,3,,6
update,24682,24693,24696,3,,7
update,24693,24704,24707,3,,8
update,24704,24715,24718,3,,9
inbound,24705,24715,24719,4,,10
update,24715,24725,24729,4,,11
update,24726,24736,24739,3,,12
update,24737,24748,24751,3,,13
update,24748,24759,24761,2,,14
update,24759,24769,24772,3,,15
inbound,24760,24770,24772,2,,0
update,24770,24781,24783,2,,1
update,24781,24791,24794,3,,2
update,24792,24802,24805,3,,3
update,24803,24814,24816,2,,4
inbound,24815,24825,24827,2,,6
update,24814,24824,24827,3,,5
update,24825,24835,24838,3,,7
update,24836,24847,24849,2,,8
update,24847,24857,24860,3,,9
update,24858,24868,24871,3,,10
update,24869,24880,24883,3,,11
update,24880,24890,24893,3,,12
update,24891,24902,24904,2,,13
update,24902,24913,24915,2,,14
update,24913,24923,24926,3,,15
update,24924,24935,24938,3,,0
inbound,25000,25010,25014,4,,2
update,25000,25010,25014,4,,1
update,25011,25022,25025,3,,3
update,25022,25033,25035,2,,4
inbound,25025,25035,25038,3,,5
update,25033,25044,25046,2,,6
update,25044,25055,25058,3,,7
update,25055,25065,25069,4,,8
update,25066,25076,25079,3,,9
update,25077,25088,25091,3,,10
update,25088,25099,25102,3,,11
update,25099,25110,25113,3,,12
inbound,25100,25111,25114,3,,13
update,25110,25121,25123,2,,14
update,25121,25131,25134,3,,15
update,25132,25143,25146,3,,0
update,25143,25153,25155,2,,1
inbound,25155,25165,25168,3,,3
update,25154,25165,25169,4,,2
update,25165,25175,25178,3,,4
update,25176,25187,25189,2,,5
update,25187,25197,25200,3,,6
update,25198,25208,25211,3,,7
inbound,25200,25210,25214,4,,8
update,25209,25220,25223,3,,9
inbound,25210,25220,25224,4,,10
update,25220,25231,25234,3,,11
inbound,25225,25235,25238,3,,12
update,25231,25242,25245,3,,13
update,25242,25253,25256,3,,14
update,25253,25263,25266,3,,15
update,25264,25275,25278,3,,0
inbound,25265,25275,25279,4,,1
update,25275,25285,25288,3,,2
update,25286,25296,25299,3,,3
update,25297,25308,25310,2,,4
update,25308,25319,25321,2,,5
update,25319,25330,25332,2,,6
inbound,25320,25330,25334,4,,7
update,25330,25341,25343,2,,8
update,25341,25352,25354,2,,9
update,25352,25362,25365,3,,10
update,25363,25373,25376,3,,11
update,25374,25385,25388,3,,12
inbound,25375,25385,25389,4,,13
update,25385,25396,25399,3,,14
update,25396,25406,25409,3,,15
inbound,25400,25411,25414,3,,0
update,25407,25418,25420,2,,1
update,25418,25428,25432,4,,2
inbound,25425,25436,25439,3,,3
update,25429,25440,25443,3,,4
inbound,25430,25440,25443,3,,5
update,25440,25451,25453,2,,6
update,25451,25461,25464,3,,7
update,25462,25472,25475,3,,8
update,25473,25483,25486,3,,9
update,25484,25495,25498,3,,10
inbound,25485,25496,25499,3,,11
update,25495,25506,25508,2,,12
update,25506,25517,25520,3,,13
update,25517,25527,25530,3,,14
update,25528,25539,25542,3,,15
update,25539,25549,25553,4,,0
inbound,25540,25550,25553,3,,1
update,25550,25560,25563,3,,2
update,25561,25571,25574,3,,3
update,25572,25582,25585,3,,4
update,25583,25593,25596,3,,5
update,25594,25604,25608,4,,6
inbound,25595,25606,25609,3,,7
update,25605,25616,25618,2,,8
update,25616,25626,25628,2,,9
update,25627,25637,25640,3,,10
update,25638,25649,25653,4,,11
update,25649,25659,25663,4,,12
inbound,25650,25660,25664,4,,13
update,25660,25670,25673,3,,14
update,25671,25682,25685,3,,15
update,25682,25693,25695,2,,0
update,25693,25704,25706,2,,1
update,25704,25714,25717,3,,2
inbound,25705,25715,25718,3,,3
update,25715,25725,25728,3,,4
update,25726,25737,25740,3,,5
update,25737,25747,25750,3,,6
update,25748,25759,25762,3,,7
update,25759,25769,25772,3,,8
inbound,25760,25770,25773,3,,9
update,25770,25781,25783,2,,10
update,25781,25791,25794,3,,11
update,25792,25803,25805,2,,12
update,25803,25814,25817,3,,13
inbound,25815,25825,25827,2,,15
update,25814,25824,25827,3,,14
update,25825,25836,25838,2,,0
update,25836,25846,25849,3,,1
update,25847,25857,25860,3,,2
update,25858,25869,25873,4,,3
update,25869,25879,25882,3,,4
update,25880,25890,25892,2,,5
update,25891,25901,25904,3,,6
update,25902,25912,25915,3,,7
update,25913,25923,25926,3,,8
update,25924,25934,25941,7,,9
update,26000,26010,26015,5,,10
inbound,26000,26010,26016,6,,11
update,26011,26021,26024,3,,12
update,26022,26032,26035,3,,13
inbound,26025,26035,26038,3,,14
update,26033,26043,26046,3,,15
update,26044,26054,26057,3,,0
update,26055,26066,26069,3,,1
update,26066,26077,26079,2,,2
update,26077,26087,26090,3,,3
update,26088,26099,26102,3,,4
update,26099,26110,26114,4,,5
inbound,26100,26110,26114,4,,6
update,26110,26120,26123,3,,7
update,26121,26132,26134,2,,8
update,26132,26142,26145,3,,9
update,26143,26153,26156,3,,10
update,26154,26165,26168,3,,11
inbound,26155,26165,26169,4,,12
update,26165,26175,26178,3,,13
update,26176,26186,26189,3,,14
update,26187,26198,26200,2,,15
update,26198,26208,26211,3,,0
inbound,26200,26211,26214,3,,1
update,26209,26219,26223,4,,2
inbound,26210,26220,26224,4,,3
update,26220,26230,26233,3,,4
inbound,26225,26235,26238,3,,5
update,26231,26242,26244,2,,6
update,26242,26252,26255,3,,7
update,26253,26264,26266,2,,8
update,26264,26274,26277,3,,9
inbound,26265,26275,26278,3,,10
update,26275,26286,26288,2,,11
update,26286,26297,26299,2,,12
update,26297,26308,26310,2,,13
update,26308,26318,26321,3,,14
update,26319,26330,26333,3,,15
inbound,26320,26331,26335,4,,0
update,26330,26341,26344,3,,1
update,26341,26351,26356,5,,2
update,26352,26363,26366,3,,3
update,26363,26372,26376,4,,4
update,26374,26384,26388,4,,5
inbound,26375,26385,26389,4,,6
update,26385,26395,26398,3,,7
update,26396,26406,26409,3,,8
inbound,26400,26410,26413,3,,9
update,26407,26417,26420,3,,10
update,26418,26429,26432,3,,11
inbound,26425,26435,26438,3,,12
update,26429,26439,26443,4,,13
inbound,26430,26440,26444,4,,14
update,26440,26451,26453,2,,15
update,26451,26462,26464,2,,0
update,26462,26472,26475,3,,1
update,26473,26484,26487,3,,2
update,26484,26495,26498,3,,3
inbound,26485,26496,26499,3,,4
update,26495,26506,26508,2,,5
update,26506,26516,26519,3,,6
update,26517,26527,26531,4,,7
update,26528,26538,26542,4,,8
update,26539,26550,26552,2,,9
inbound,26540,26551,26554,3,,10
update,26550,26561,26564,3,,11
update,26561,26571,26574,3,,12
update,26572,26583,26585,2,,13
update,26583,26594,26597,3,,14
update,26594,26605,26608,3,,15
inbound,26595,26606,26609,3,,0
update,26605,26615,26618,3,,1
update,26616,26626,26629,3,,2
update,26627,26638,26641,3,,3
update,26638,26648,26650,2,,4
update,26649,26660,26663,3,,5
inbound,26650,26661,26665,4,,6
update,26660,26671,26673,2,,7
update,26671,26681,26684,3,,8
update,26682,26693,26695,2,,9
update,26693,26704,26707,3,,10
update,26704,26715,26718,3,,11
inbound,26705,26715,26719,4,,12
update,26715,26725,26728,3,,13
update,26726,26737,26739,2,,14
update,26737,26747,26750,3,,15
update,26748,26759,26762,3,,0
inbound,26760,26770,26773,3,,2
update,26759,26769,26773,4,,1
update,26770,26781,26786,5,,3
update,26781,26792,26797,5,,4
update,26792,26802,26806,4,,5
update,26803,26813,26818,5,,6
update,26814,26824,26828,4,,7
inbound,26815,26826,26829,3,,8
update,26825,26836,26839,3,,9
update,26836,26847,26849,2,,10
update,26847,26858,26863,5,,11
update,26858,26868,26874,6,,12
update,26869,26879,26882,3,,13
update,26880,26890,26893,3,,14
update,26891,26901,26904,3,,15
update,26902,26912,26916,4,,0
update,26913,26923,26927,4,,1
update,26924,26934,26938,4,,2
inbound,27000,27010,27015,5,,4
update,27000,27010,27016,6,,3
update,27011,27021,27023,2,,5
update,27022,27032,27035,3,,6
inbound,27025,27035,27039,4,,7
update,27033,27044,27052,8,,8
update,27044,27055,27057,2,,9
update,27055,27065,27068,3,,10
update,27066,27077,27079,2,,11
update,27077,27088,27090,2,,12
update,27088,27098,27101,3,,13
update,27099,27109,27112,3,,14
inbound,27100,27109,27113,4,,15
update,27110,27121,27123,2,,0
update,27121,27131,27134,3,,1
update,27132,27142,27145,3,,2
update,27143,27153,27156,3,,3
update,27154,27165,27168,3,,4
inbound,27155,27166,27169,3,,5
update,27165,27174,27177,3,,6
update,27176,27187,27189,2,,7
update,27187,27197,27200,3,,8
update,27198,27209,27211,2,,9
inbound,27200,27211,27214,3,,10
inbound,27210,27219,27222,3,,12
update,27209,27219,27222,3,,11
update,27220,27230,27232,2,,13
inbound,27225,27235,27238,3,,14
update,27231,27241,27244,3,,15
update,27242,27252,27255,3,,0
update,27253,27264,27267,3,,1
update,27264,27275,27278,3,,2
inbound,27265,27275,27279,4,,3
update,27275,27285,27288,3,,4
update,27286,27297,27299,2,,5
update,27297,27307,27310,3,,6
update,27308,27319,27322,3,,7
update,27319,27329,27332,3,,8
inbound,27320,27330,27333,3,,9
update,27330,27339,27343,4,,10
update,27341,27351,27354,3,,11
update,27352,27362,27366,4,,12
update,27363,27374,27377,3,,13
update,27374,27385,27388,3,,14
inbound,27375,27385,27388,3,,15
update,27385,27395,27398,3,,0
update,27396,27407,27409,2,,1
inbound,27400,27410,27413,3,,2
update,27407,27417,27422,5,,3
update,27418,27428,27431,3,,4
inbound,27425,27436,27438,2,,5
update,27429,27440,27443,3,,6
inbound,27430,27441,27444,3,,7
update,27440,27451,27454,3,,8
update,27451,27461,27466,5,,9
update,27462,27472,27475,3,,10
update,27473,27483,27486,3,,11
update,27484,27494,27497,3,,12
inbound,27485,27496,27499,3,,13
update,27495,27505,27508,3,,14
update,27506,27517,27520,3,,15
update,27517,27527,27532,5,,0
update,27528,27538,27541,3,,1
update,27539,27549,27552,3,,2
inbound,27540,27550,27554,4,,3
update,27550,27560,27563,3,,4
update,27561,27571,27574,3,,5
update,27572,27582,27585,3,,6
update,27583,27593,27596,3,,7
update,27594,27604,27607,3,,8
inbound,27595,27605,27608,3,,9
update,27605,27615,27618,3,,10
update,27616,27626,27629,3,,11
update,27627,27638,27642,4,,12
update,27638,27648,27651,3,,13
update,27649,27659,27663,4,,14
inbound,27650,27661,27665,4,,15
update,27660,27671,27673,2,,0
update,27671,27682,27684,2,,1
update,27682,27692,27695,3,,2
update,27693,27703,27706,3,,3
update,27704,27715,27718,3,,4
inbound,27705,27716,27719,3,,5
update,27715,27725,27730,5,,6
update,27726,27736,27739,3,,7
update,27737,27748,27753,5,,8
update,27748,27758,27761,3,,9
update,27759,27770,27773,3,,10
inbound,27760,27771,27774,3,,11
update,27770,27781,27783,2,,12
update,27781,27792,27795,3,,13
update,27792,27803,27805,2,,14
update,27803,27813,27816,3,,15
inbound,27815,27826,27828,2,,1
update,27814,27825,27829,4,,0
update,27825,27836,27839,3,,2
update,27836,27847,27849,2,,3
update,27847,27857,27860,3,,4
update,27858,27868,27870,2,,5
update,27869,27880,27882,2,,6
update,27880,27891,27893,2,,7
update,27891,27901,27904,3,,8
update,27902,27913,27915,2,,9
update,27913,27923,27926,3,,10
update,27924,27935,27937,2,,11
update,28000,28011,28014,3,,12
inbound,28000,28011,28014,3,,13
update,28011,28021,28024,3,,14
update,28022,28032,28035,3,,15
inbound,28025,28036,28038,2,,0
update,28033,28043,28046,3,,1
update,28044,28055,28058,3,,2
update,28055,28066,28068,2,,3
update,28066,28077,28079,2,,4
update,28077,28087,28090,3,,5
update,28088,28099,28101,2,,6
inbound,28100,28110,28112,2,,8
update,28099,28110,28113,3,,7
update,28110,28121,28124,3,,9
update,28121,28132,28135,3,,10
update,28132,28143,28145,2,,11
update,28143,28154,28157,3,,12
inbound,28155,28165,28169,4,,14
update,28154,28165,28169,4,,13
update,28165,28175,28179,4,,15
update,28176,28186,28190,4,,0
update,28187,28197,28201,4,,1
update,28198,28208,28213,5,,2
inbound,28200,28210,28214,4,,3
update,28209,28220,28223,3,,4
inbound,28210,28221,28225,4,,5
update,28220,28231,28233,2,,6
inbound,28225,28236,28238,2,,7
update,28231,28242,28244,2,,8
update,28242,28253,28256,3,,9
update,28253,28263,28267,4,,10
inbound,28265,28276,28279,3,,12
update,28264,28275,28279,4,,11
update,28275,28286,28288,2,,13
update,28286,28297,28299,2,,14
update,28297,28307,28309,2,,15
update,28308,28319,28321,2,,0
update,28319,28329,28332,3,,1
inbound,28320,28330,28333,3,,2
update,28330,28340,28343,3,,3
update,28341,28351,28354,3,,4
update,28352,28362,28364,2,,5
update,28363,28373,28376,3,,6
inbound,28375,28385,28388,3,,8
update,28374,28385,28388,3,,7
update,28385,28396,28398,2,,9
update,28396,28407,28409,2,,10
inbound,28400,28410,28413,3,,11
update,28407,28418,28420,2,,12
update,28418,28429,28431,2,,13
inbound,28425,28435,28438,3,,14
inbound,28430,28439,28442,3,,0
update,28429,28439,28442,3,,15
update,28440,28450,28453,3,,1
update,28451,28461,28463,2,,2
update,28462,28472,28474,2,,3
update,28473,28484,28486,2,,4
update,28484,28494,28497,3,,5
inbound,28485,28494,28497,3,,6
update,28495,28506,28508,2,,7
update,28506,28516,28519,3,,8
update,28517,28528,28531,3,,9
update,28528,28539,28541,2,,10
inbound,28540,28550,28553,3,,12
update,28539,28549,28553,4,,11
update,28550,28561,28563,2,,13
update,28561,28571,28574,3,,14
update,28572,28583,28585,2,,15
update,28583,28593,28596,3,,0
inbound,28595,28605,28608,3,,2
update,28594,28605,28608,3,,1
update,28605,28615,28618,3,,3
update,28616,28626,28629,3,,4
update,28627,28638,28640,2,,5
update,28638,28648,28651,3,,6
update,28649,28659,28663,4,,7
inbound,28650,28660,28663,3,,8
update,28660,28669,28672,3,,9
update,28671,28682,28684,2,,10
update,28682,28692,28695,3,,11
update,28693,28704,28706,2,,12
update,28704,28715,28717,2,,13
inbound,28705,28716,28719,3,,14
update,28715,28726,28729,3,,15
update,28726,28737,28739,2,,0
update,28737,28747,28750,3,,1
update,28748,28759,28761,2,,2
update,28759,28769,28773,4,,3
inbound,28760,28770,28773,3,,4
update,28770,28780,28783,3,,5
update,28781,28792,28795,3,,6
update,28792,28803,28807,4,,7
update,28803,28814,28817,3,,8
update,28814,28824,28826,2,,9
inbound,28815,28825,28827,2,,10
update,28825,28835,28838,3,,11
update,28836,28847,28850,3,,12
update,28847,28858,28860,2,,13
update,28858,28869,28871,2,,14
update,28869,28880,28882,2,,15
update,28880,28890,28892,2,,0
update,28891,28901,28904,3,,1
update,28902,28912,28915,3,,2
update,28913,28924,28926,2,,3
update,28924,28934,28937,3,,4
inbound,29000,29011,29015,4,,6
update,29000,29010,29015,5,,5
update,29011,29021,29024,3,,7
update,29022,29032,29035,3,,8
inbound,29025,29036,29039,3,,9
update,29033,29044,29047,3,,10
update,29044,29054,29057,3,,11
update,29055,29066,29069,3,,12
update,29066,29076,29079,3,,13
update,29077,29087,29090,3,,14
update,29088,29098,29102,4,,15
update,29099,29109,29112,3,,0
inbound,29100,29112,29114,2,,1
update,29110,29120,29123,3,,2
update,29121,29131,29134,3,,3
update,29132,29143,29146,3,,4
update,29143,29154,29156,2,,5
update,29154,29164,29168,4,,6
inbound,29155,29167,29171,4,,7
update,29165,29176,29179,3,,8
update,29176,29187,29190,3,,9
update,29187,29198,29201,3,,10
update,29198,29209,29212,3,,11
inbound,29200,29211,29214,3,,12
update,29209,29220,29223,3,,13
inbound,29210,29221,29225,4,,14
update,29220,29231,29233,2,,15
inbound,29225,29237,29239,2,,0
update,29231,29241,29245,4,,1
update,29242,29252,29255,3,,2
update,29253,29264,29267,3,,3
update,29264,29274,29278,4,,4
inbound,29265,29276,29279,3,,5
update,29275,29286,29288,2,,6
update,29286,29297,29299,2,,7
update,29297,29307,29310,3,,8
update,29308,29318,29321,3,,9
update,29319,29329,29333,4,,10
inbound,29320,29331,29334,3,,11
update,29330,29340,29343,3,,12
update,29341,29352,29355,3,,13
update,29352,29363,29366,3,,14
update,29363,29373,29376,3,,15
update,29374,29385,29388,3,,0
inbound,29375,29387,29390,3,,1
update,29385,29395,29398,3,,2
update,29396,29406,29409,3,,3
inbound,29400,29411,29414,3,,4
update,29407,29417,29420,3,,5
update,29418,29428,29431,3,,6
inbound,29425,29437,29439,2,,7
inbound,29430,29442,29444,2,,9
update,29429,29439,29445,6,,8
update,29440,29451,29453,2,,10
update,29451,29461,29464,3,,11
update,29462,29473,29475,2,,12
update,29473,29483,29486,3,,13
update,29484,29494,29497,3,,14
inbound,29485,29497,29500,3,,15
update,29495,29505,29509,4,,0
update,29506,29517,29521,4,,1
update,29517,29529,29531,2,,2
update,29528,29540,29542,2,,3
inbound,29540,29551,29554,3,,5
update,29539,29551,29554,3,,4
update,29550,29561,29563,2,,6
update,29561,29572,29575,3,,7
update,29572,29583,29586,3,,8
update,29583,29595,29598,3,,9
update,29594,29606,29609,3,,10
inbound,29595,29606,29609,3,,11
update,29605,29617,29619,2,,12
update,29616,29627,29630,3,,13
update,29627,29638,29641,3,,14
update,29638,29650,29653,3,,15
update,29649,29660,29664,4,,0
inbound,29650,29662,29664,2,,1
update,29660,29672,29675,3,,2
update,29671,29682,29684,2,,3
update,29682,29693,29696,3,,4
update,29693,29704,29707,3,,5
update,29704,29715,29719,4,,6
inbound,29705,29717,29720,3,,7
update,29715,29727,29730,3,,8
update,29726,29736,29739,3,,9
update,29737,29748,29752,4,,10
update,29748,29759,29762,3,,11
update,29759,29770,29773,3,,12
inbound,29760,29771,29775,4,,13
update,29770,29781,29786,5,,14
update,29781,29792,29799,7,,15
update,29792,29804,29828,24,,0
update,29803,29815,29829,14,,1
update,29814,29825,29829,4,,2
inbound,29815,29827,29829,2,,3
update,29825,29837,29840,3,,4
update,29836,29847,29849,2,,5
update,29847,29859,29861,2,,6
update,29858,29869,29872,3,,7
update,29869,29880,29883,3,,8
update,29880,29891,29894,3,,9
update,29891,29903,29906,3,,10
update,29902,29914,29916,2,,11
update,29913,29925,29927,2,,12
update,29924,29935,29938,3,,13
inbound,30000,30012,30015,3,,15
update,30000,30012,30016,4,,14
update,30011,30022,30025,3,,0
update,30022,30033,30037,4,,1
inbound,30025,30037,30040,3,,2
update,30033,30044,30047,3,,3
update,30044,30056,30059,3,,4
update,30055,30066,30069,3,,5
update,30066,30078,30081,3,,6
update,30077,30088,30091,3,,7
update,30088,30100,30102,2,,8
inbound,30100,30110,30113,3,,10
update,30099,30110,30113,3,,9
update,30110,30121,30125,4,,11
update,30121,30133,30136,3,,12
update,30132,30143,30146,3,,13
update,30143,30155,30158,3,,14
update,30154,30166,30170,4,,15
inbound,30155,30167,30171,4,,0
update,30165,30176,30179,3,,1
update,30176,30187,30190,3,,2
update,30187,30198,30201,3,,3
update,30198,30209,30212,3,,4
inbound,30200,30212,30215,3,,5
update,30209,30221,30224,3,,6
inbound,30210,30221,30226,5,,7
update,30220,30231,30234,3,,8
inbound,30225,30236,30239,3,,9
update,30231,30243,30245,2,,10
update,30242,30253,30256,3,,11
update,30253,30264,30267,3,,12
update,30264,30275,30279,4,,13
inbound,30265,30277,30279,2,,14
update,30275,30286,30289,3,,15
update,30286,30297,30300,3,,0
update,30297,30309,30312,3,,1
update,30308,30319,30322,3,,2
update,30319,30331,30334,3,,3
inbound,30320,30332,30335,3,,4
update,30330,30342,30345,3,,5
update,30341,30353,30355,2,,6
update,30352,30364,30366,2,,7
update,30363,30374,30377,3,,8
inbound,30375,30386,30389,3,,10
update,30374,30386,30390,4,,9
update,30385,30397,30400,3,,11
update,30396,30407,30410,3,,12
inbound,30400,30411,30413,2,,13
update,30407,30418,30421,3,,14
update,30418,30428,30431,3,,15
inbound,30425,30437,30439,2,,0
update,30429,30440,30443,3,,1
inbound,30430,30441,30445,4,,2
update,30440,30451,30454,3,,3
update,30451,30463,30466,3,,4
update,30462,30474,30477,3,,5
update,30473,30485,30487,2,,6
update,30484,30495,30498,3,,7
inbound,30485,30496,30500,4,,8
update,30495,30507,30509,2,,9
update,30506,30517,30520,3,,10
update,30517,30528,30531,3,,11
update,30528,30540,30543,3,,12
update,30539,30551,30554,3,,13
inbound,30540,30552,30555,3,,14
update,30550,30561,30564,3,,15
update,30561,30572,30576,4,,0
update,30572,30584,30587,3,,1
update,30583,30594,30597,3,,2
inbound,30595,30606,30612,6,,4
update,30594,30605,30613,8,,3
update,30605,30616,30619,3,,5
update,30616,30627,30630,3,,6
update,30627,30638,30643,5,,7
update,30638,30649,30652,3,,8
update,30649,30661,30664,3,,9
inbound,30650,30662,30666,4,,10
update,30660,30671,30675,4,,11
update,30671,30682,30686,4,,12
update,30682,30693,30697,4,,13
update,30693,30704,30708,4,,14
update,30704,30716,30719,3,,15
inbound,30705,30716,30721,5,,0
update,30715,30726,30730,4,,1
update,30726,30737,30741,4,,2
update,30737,30749,30752,3,,3
update,30748,30759,30762,3,,4
inbound,30760,30770,30772,2,,6
update,30759,30770,30773,3,,5
update,30770,30782,30785,3,,7
update,30781,30793,30795,2,,8
update,30792,30804,30806,2,,9
update,30803,30814,30817,3,,10
inbound,30815,30827,30829,2,,12
update,30814,30825,30830,5,,11
update,30825,30837,30840,3,,13
update,30836,30847,30850,3,,14
update,30847,30859,30861,2,,15
update,30858,30869,30872,3,,0
update,30869,30880,30884,4,,1
update,30880,30891,30895,4,,2
update,30891,30902,30905,3,,3
update,30902,30913,30916,3,,4
update,30913,30925,30928,3,,5
update,30924,30935,30938,3,,6
update,31000,31012,31016,4,,7
inbound,31000,31012,31018,6,,8
update,31011,31022,31027,5,,9
update,31022,31033,31036,3,,10
inbound,31025,31037,31039,2,,11
update,31033,31045,31047,2,,12
update,31044,31055,31058,3,,13
update,31055,31066,31069,3,,14
update,31066,31078,31081,3,,15
update,31077,31088,31091,3,,0
update,31088,31099,31102,3,,1
update,31099,31111,31113,2,,2
inbound,31100,31112,31115,3,,3
update,31110,31122,31125,3,,4
update,31121,31132,31135,3,,5
update,31132,31143,31145,2,,6
update,31143,31154,31157,3,,7
inbound,31155,31166,31169,3,,9
update,31154,31166,31169,3,,8
update,31165,31176,31180,4,,10
update,31176,31188,31190,2,,11
update,31187,31198,31201,3,,12
update,31198,31209,31212,3,,13
inbound,31200,31211,31214,3,,14
update,31209,31220,31223,3,,15
inbound,31210,31222,31225,3,,0
update,31220,31231,31234,3,,1
inbound,31225,31236,31238,2,,2
update,31231,31242,31244,2,,3
update,31242,31253,31256,3,,4
update,31253,31264,31267,3,,5
inbound,31265,31275,31278,3,,7
update,31264,31275,31279,4,,6
update,31275,31287,31290,3,,8
update,31286,31297,31300,3,,9
update,31297,31308,31311,3,,10
update,31308,31319,31321,2,,11
update,31319,31331,31333,2,,12
inbound,31320,31332,31335,3,,13
update,31330,31342,31345,3,,14
update,31341,31353,31355,2,,15
update,31352,31362,31375,13,,0
update,31363,31375,31378,3,,1
update,31374,31385,31389,4,,2
inbound,31375,31387,31390,3,,3
update,31385,31397,31399,2,,4
update,31396,31407,31410,3,,5
inbound,31400,31411,31414,3,,6
update,31407,31418,31421,3,,7
update,31418,31429,31432,3,,8
inbound,31425,31436,31439,3,,9
update,31429,31441,31444,3,,10
inbound,31430,31441,31444,3,,11
update,31440,31451,31453,2,,12
update,31451,31463,31465,2,,13
update,31462,31474,31477,3,,14
update,31473,31485,31487,2,,15
update,31484,31495,31499,4,,0
inbound,31485,31496,31499,3,,1
update,31495,31505,31508,3,,2
update,31506,31518,31520,2,,3
update,31517,31528,31531,3,,4
update,31528,31539,31542,3,,5
inbound,31540,31551,31554,3,,7
update,31539,31551,31555,4,,6
update,31550,31561,31564,3,,8
update,31561,31573,31576,3,,9
update,31572,31584,31586,2,,10
update,31583,31594,31596,2,,11
inbound,31595,31605,31608,3,,13
update,31594,31605,31608,3,,12
update,31605,31617,31619,2,,14
update,31616,31627,31630,3,,15
update,31627,31638,31641,3,,0
update,31638,31649,31652,3,,1
inbound,31650,31661,31664,3,,3
update,31649,31661,31664,3,,2
update,31660,31672,31675,3,,4
update,31671,31682,31686,4,,5
update,31682,31693,31696,3,,6
update,31693,31705,31710,5,,7
inbound,31705,31716,31719,3,,9
update,31704,31716,31719,3,,8
update,31715,31727,31730,3,,10
update,31726,31737,31742,5,,11
update,31737,31749,31752,3,,12
update,31748,31759,31762,3,,13
update,31759,31770,31775,5,,14
inbound,31760,31771,31776,5,,15
update,31770,31781,31788,7,,0
update,31781,31792,31797,5,,1
update,31792,31803,31807,4,,2
update,31803,31814,31818,4,,3
inbound,31815,31826,31828,2,,5
update,31814,31825,31829,4,,4
update,31825,31837,31840,3,,6
update,31836,31847,31850,3,,7
update,31847,31859,31861,2,,8
update,31858,31870,31872,2,,9
update,31869,31881,31883,2,,10
update,31880,31891,31894,3,,11
update,31891,31903,31905,2,,12
update,31902,31914,31916,2,,13
update,31913,31924,31926,2,,14
update,31924,31935,31938,3,,15
inbound,32000,32011,32014,3,,1
update,32000,32011,32014,3,,0
update,32011,32023,32025,2,,2
update,32022,32033,32036,3,,3
inbound,32025,32036,32039,3,,4
update,32033,32045,32051,6,,5
update,32044,32055,32058,3,,6
update,32055,32067,32070,3,,7
update,32066,32077,32080,3,,8
update,32077,32089,32091,2,,9
update,32088,32099,32102,3,,10
inbound,32100,32111,32114,3,,12
update,32099,32111,32114,3,,11
update,32110,32121,32124,3,,13
update,32121,32132,32135,3,,14
update,32132,32143,32146,3,,15
update,32143,32154,32158,4,,0
inbound,32155,32165,32168,3,,2
update,32154,32165,32168,3,,1
update,32165,32177,32179,2,,3
update,32176,32187,32190,3,,4
update,32187,32198,32200,2,,5
update,32198,32210,32212,2,,6
inbound,32200,32212,32214,2,,7
inbound,32210,32221,32223,2,,9
update,32209,32221,32224,3,,8
update,32220,32231,32234,3,,10
inbound,32225,32237,32239,2,,11
update,32231,32242,32245,3,,12
update,32242,32254,32256,2,,13
update,32253,32264,32269,5,,14
update,32264,32275,32278,3,,15
inbound,32265,32276,32279,3,,0
update,32275,32286,32289,3,,1
update,32286,32298,32300,2,,2
update,32297,32309,32311,2,,3
update,32308,32319,32322,3,,4
update,32319,32331,32333,2,,5
inbound,32320,32331,32334,3,,6
update,32330,32342,32344,2,,7
update,32341,32353,32355,2,,8
update,32352,32363,32366,3,,9
update,32363,32375,32381,6,,10
update,32374,32385,32388,3,,11
inbound,32375,32385,32389,4,,12
update,32385,32396,32399,3,,13
update,32396,32408,32411,3,,14
inbound,32400,32412,32414,2,,15
update,32407,32418,32421,3,,0
update,32418,32430,32432,2,,1
inbound,32425,32437,32439,2,,2
inbound,32430,32441,32443,2,,4
update,32429,32441,32444,3,,3
update,32440,32451,32454,3,,5
update,32451,32463,32465,2,,6
update,32462,32473,32476,3,,7
update,32473,32485,32490,5,,8
update,32484,32495,32498,3,,9
inbound,32485,32497,32499,2,,10
update,32495,32507,32510,3,,11
update,32506,32518,32520,2,,12
update,32517,32528,32530,2,,13
update,32528,32540,32542,2,,14
update,32539,32550,32553,3,,15
inbound,32540,32550,32553,3,,0
update,32550,32561,32564,3,,1
update,32561,32572,32574,2,,2
update,32572,32584,32586,2,,3
update,32583,32594,32597,3,,4
inbound,32595,32605,32609,4,,6
update,32594,32605,32609,4,,5
update,32605,32617,32619,2,,7
update,32616,32628,32630,2,,8
update,32627,32638,32641,3,,9
update,32638,32649,32652,3,,10
update,32649,32661,32663,2,,11
inbound,32650,32661,32664,3,,12
update,32660,32671,32674,3,,13
update,32671,32682,32685,3,,14
update,32682,32694,32696,2,,15
update,32693,32705,32707,2,,0
update,32704,32715,32718,3,,1
inbound,32705,32715,32718,3,,2
update,32715,32727,32729,2,,3
update,32726,32737,32739,2,,4
update,32737,32749,32751,2,,5
update,32748,32759,32762,3,,6
inbound,32760,32771,32773,2,,8
update,32759,32771,32774,3,,7
update,32770,32781,32784,3,,9
update,32781,32793,32795,2,,10
update,32792,32804,32806,2,,11
update,32803,32814,32817,3,,12
update,32814,32826,32829,3,,13
inbound,32815,32827,32829,2,,14
update,32825,32836,32839,3,,15
update,32836,32848,32850,2,,0
update,32847,32858,32861,3,,1
update,32858,32869,32872,3,,2
update,32869,32881,32883,2,,3
update,32880,32891,32894,3,,4
update,32891,32903,32906,3,,5
update,32902,32914,32916,2,,6
update,32913,32924,32927,3,,7
update,32924,32935,32938,3,,8
inbound,33000,33011,33015,4,,10
update,33000,33011,33015,4,,9
update,33011,33021,33025,4,,11
update,33022,33034,33037,3,,12
inbound,33025,33037,33040,3,,13
update,33033,33045,33047,2,,14
update,33044,33056,33059,3,,15
update,33055,33066,33069,3,,0
update,33066,33077,33080,3,,1
update,33077,33088,33091,3,,2
update,33088,33099,33102,3,,3
inbound,33100,33111,33114,3,,5
update,33099,33111,33114,3,,4
update,33110,33122,33124,2,,6
update,33121,33133,33136,3,,7
update,33132,33143,33146,3,,8
update,33143,33154,33157,3,,9
update,33154,33166,33170,4,,10
inbound,33155,33167,33170,3,,11
update,33165,33177,33179,2,,12
update,33176,33187,33190,3,,13
update,33187,33199,33201,2,,14
update,33198,33208,33211,3,,15
inbound,33200,33212,33214,2,,0
update,33209,33220,33223,3,,1
inbound,33210,33221,33225,4,,2
update,33220,33232,33234,2,,3
inbound,33225,33236,33239,3,,4
update,33231,33242,33245,3,,5
update,33242,33254,33256,2,,6
update,33253,33265,33267,2,,7
update,33264,33276,33283,7,,8
inbound,33265,33277,33283,6,,9
update,33275,33286,33294,8,,10
update,33286,33298,33301,3,,11
update,33297,33308,33311,3,,12
update,33308,33320,33322,2,,13
update,33319,33330,33333,3,,14
inbound,33320,33332,33336,4,,15
update,33330,33341,33344,3,,0
update,33341,33352,33355,3,,1
update,33352,33363,33366,3,,2
update,33363,33374,33378,4,,3
update,33374,33386,33388,2,,4
inbound,33375,33387,33390,3,,5
update,33385,33396,33399,3,,6
update,33396,33407,33410,3,,7
inbound,33400,33411,33414,3,,8
update,33407,33419,33421,2,,9
update,33418,33429,33432,3,,10
inbound,33425,33436,33439,3,,11
update,33429,33440,33443,3,,12
inbound,33430,33441,33444,3,,13
update,33440,33450,33453,3,,14
update,33451,33462,33465,3,,15
update,33462,33473,33476,3,,0
update,33473,33484,33489,5,,1
update,33484,33496,33499,3,,2
inbound,33485,33496,33499,3,,3
update,33495,33507,33509,2,,4
update,33506,33517,33520,3,,5
update,33517,33528,33531,3,,6
update,33528,33539,33542,3,,7
update,33539,33550,33554,4,,8
inbound,33540,33552,33555,3,,9
update,33550,33561,33564,3,,10
update,33561,33572,33575,3,,11
update,33572,33584,33586,2,,12
update,33583,33595,33600,5,,13
inbound,33595,33605,33609,4,,15
update,33594,33605,33609,4,,14
update,33605,33616,33619,3,,0
update,33616,33628,33631,3,,1
update,33627,33638,33641,3,,2
update,33638,33650,33652,2,,3
update,33649,33660,33664,4,,4
inbound,33650,33661,33665,4,,5
update,33660,33671,33674,3,,6
update,33671,33683,33685,2,,7
update,33682,33693,33696,3,,8
update,33693,33704,33707,3,,9
update,33704,33716,33720,4,,10
inbound,33705,33717,33721,4,,11
update,33715,33726,33729,3,,12
update,33726,33737,33740,3,,13
update,33737,33748,33751,3,,14
update,33748,33759,33762,3,,15
update,33759,33770,33773,3,,0
inbound,33760,33771,33774,3,,1
update,33770,33782,33784,2,,2
update,33781,33792,33794,2,,3
update,33792,33804,33807,3,,4
update,33803,33814,33817,3,,5
update,33814,33825,33828,3,,6
inbound,33815,33827,33829,2,,7
update,33825,33837,33840,3,,8
update,33836,33847,33850,3,,9
update,33847,33859,33861,2,,10
update,33858,33870,33873,3,,11
update,33869,33880,33883,3,,12
update,33880,33892,33894,2,,13
update,33891,33903,33905,2,,14
update,33902,33913,33916,3,,15
update,33913,33924,33927,3,,0
update,33924,33936,33939,3,,1
inbound,34000,34012,34016,4,,3
update,34000,34012,34016,4,,2
update,34011,34023,34025,2,,4
update,34022,34033,34036,3,,5
inbound,34025,34036,34039,3,,6
update,34033,34045,34047,2,,7
update,34044,34056,34059,3,,8
update,34055,34067,34069,2,,9
update,34066,34078,34080,2,,10
update,34077,34089,34091,2,,11
update,34088,34100,34102,2,,12
update,34099,34110,34113,3,,13
inbound,34100,34111,34114,3,,14
update,34110,34122,34125,3,,15
update,34121,34132,34136,4,,0
update,34132,34143,34145,2,,1
update,34143,34154,34157,3,,2
update,34154,34166,34169,3,,3
inbound,34155,34166,34169,3,,4
update,34165,34177,34180,3,,5
update,34176,34187,34191,4,,6
update,34187,34198,34201,3,,7
update,34198,34210,34213,3,,8
inbound,34200,34211,34214,3,,9
update,34209,34221,34224,3,,10
inbound,34210,34222,34225,3,,11
update,34220,34231,34234,3,,12
inbound,34225,34237,34239,2,,13
update,34231,34243,34245,2,,14
update,34242,34254,34256,2,,15
update,34253,34264,34266,2,,0
update,34264,34275,34278,3,,1
inbound,34265,34276,34280,4,,2
update,34275,34287,34289,2,,3
update,34286,34298,34301,3,,4
update,34297,34308,34311,3,,5
update,34308,34319,34322,3,,6
update,34319,34331,34334,3,,7
inbound,34320,34332,34335,3,,8
update,34330,34342,34345,3,,9
update,34341,34352,34355,3,,10
update,34352,34364,34366,2,,11
update,34363,34374,34377,3,,12
update,34374,34385,34389,4,,13
inbound,34375,34386,34390,4,,14
update,34385,34397,34399,2,,15
update,34396,34407,34410,3,,0
inbound,34400,34411,34414,3,,1
update,34407,34418,34421,3,,2
update,34418,34429,34432,3,,3
inbound,34425,34437,34439,2,,4
update,34429,34440,34443,3,,5
inbound,34430,34442,34445,3,,6
update,34440,34451,34454,3,,7
update,34451,34462,34465,3,,8
update,34462,34473,34476,3,,9
update,34473,34485,34488,3,,10
inbound,34485,34496,34499,3,,12
update,34484,34496,34500,4,,11
update,34495,34507,34509,2,,13
update,34506,34517,34520,3,,14
update,34517,34528,34531,3,,15
update,34528,34540,34542,2,,0
update,34539,34550,34553,3,,1
inbound,34540,34551,34555,4,,2
update,34550,34562,34564,2,,3
update,34561,34573,34576,3,,4
update,34572,34583,34586,3,,5
update,34583,34594,34597,3,,6
update,34594,34606,34609,3,,7
inbound,34595,34607,34610,3,,8
update,34605,34616,34619,3,,9
update,34616,34626,34629,3,,10
update,34627,34639,34641,2,,11
update,34638,34649,34651,2,,12
update,34649,34660,34663,3,,13
inbound,34650,34661,34665,4,,14
update,34660,34671,34674,3,,15
update,34671,34682,34685,3,,0
update,34682,34693,34696,3,,1
update,34693,34704,34707,3,,2
update,34704,34716,34719,3,,3
inbound,34705,34717,34720,3,,4
update,34715,34727,34732,5,,5
update,34726,34738,34741,3,,6
update,34737,34748,34752,4,,7
update,34748,34759,34763,4,,8
inbound,34760,34771,34774,3,,10
update,34759,34771,34774,3,,9
update,34770,34782,34785,3,,11
update,34781,34793,34795,2,,12
update,34792,34804,34807,3,,13
update,34803,34814,34817,3,,14
inbound,34815,34826,34829,3,,0
update,34814,34826,34829,3,,15
update,34825,34836,34839,3,,1
update,34836,34847,34850,3,,2
update,34847,34859,34862,3,,3
update,34858,34869,34872,3,,4
update,34869,34881,34883,2,,5
update,34880,34891,34894,3,,6
update,34891,34902,34905,3,,7
update,34902,34913,34927,14,,8
update,34913,34924,34927,3,,9
update,34924,34935,34972,37,,10
update,35000,35012,35019,7,,11
inbound,35000,35012,35020,8,,12
update,35011,35023,35026,3,,13
update,35055,35065,35069,4,,2
inbound,35025,35037,35069,32,,15
update,35033,35045,35069,24,,0
update,35022,35033,35069,36,,14
update,35044,35054,35069,15,,1
update,35066,35077,35081,4,,3
update,35077,35089,35091,2,,4
update,35088,35099,35102,3,,5
update,35099,35111,35114,3,,6
inbound,35100,35112,35116,4,,7
update,35110,35121,35124,3,,8
update,35121,35132,35135,3,,9
update,35132,35143,35147,4,,10
update,35143,35155,35157,2,,11
update,35154,35165,35170,5,,12
inbound,35155,35167,35170,3,,13
update,35165,35176,35180,4,,14
update,35176,35187,35190,3,,15
update,35187,35199,35201,2,,0
update,35198,35210,35212,2,,1
inbound,35200,35212,35215,3,,2
update,35209,35221,35224,3,,3
inbound,35210,35222,35225,3,,4
update,35220,35231,35234,3,,5
inbound,35225,35236,35239,3,,6
update,35231,35243,35246,3,,7
update,35242,35254,35257,3,,8
update,35253,35264,35267,3,,9
update,35264,35276,35279,3,,10
inbound,35265,35277,35280,3,,11
update,35275,35287,35290,3,,12
update,35286,35297,35299,2,,13
update,35297,35308,35311,3,,14
update,35308,35320,35322,2,,15
update,35319,35330,35333,3,,0
inbound,35320,35331,35335,4,,1
update,35330,35341,35344,3,,2
update,35341,35353,35356,3,,3
update,35352,35363,35368,5,,4
update,35363,35374,35377,3,,5
update,35374,35385,35388,3,,6
inbound,35375,35387,35389,2,,7
update,35385,35396,35399,3,,8
update,35396,35407,35409,2,,9
inbound,35400,35411,35414,3,,10
update,35407,35419,35421,2,,11
update,35418,35430,35433,3,,12
inbound,35425,35437,35439,2,,13
update,35429,35440,35443,3,,14
inbound,35430,35441,35445,4,,15
update,35440,35452,35455,3,,0
update,35451,35463,35466,3,,1
update,35462,35474,35478,4,,2
update,35473,35485,35487,2,,3
update,35484,35495,35498,3,,4
inbound,35485,35496,35500,4,,5
update,35495,35507,35509,2,,6
update,35506,35517,35520,3,,7
update,35517,35529,35532,3,,8
update,35528,35540,35542,2,,9
inbound,35540,35550,35554,4,,11
update,35539,35550,35554,4,,10
update,35550,35561,35564,3,,12
update,35561,35573,35575,2,,13
update,35572,35583,35586,3,,14
update,35583,35594,35597,3,,15
update,35594,35606,35608,2,,0
inbound,35595,35606,35609,3,,1
update,35605,35617,35619,2,,2
update,35616,35628,35630,2,,3
update,35627,35637,35640,3,,4
update,35638,35649,35652,3,,5
inbound,35650,35661,35664,3,,7
update,35649,35660,35664,4,,6
update,35660,35672,35674,2,,8
update,35671,35683,35685,2,,9
update,35682,35693,35696,3,,10
update,35693,35705,35708,3,,11
update,35704,35715,35719,4,,12
inbound,35705,35717,35720,3,,13
update,35715,35727,35730,3,,14
update,35726,35738,35740,2,,15
update,35737,35748,35751,3,,0
update,35748,35759,35762,3,,1
update,35759,35771,35773,2,,2
inbound,35760,35772,35774,2,,3
update,35770,35781,35784,3,,4
update,35781,35792,35795,3,,5
update,35792,35803,35806,3,,6
update,35803,35815,35818,3,,7
update,35814,35826,35828,2,,8
inbound,35815,35826,35829,3,,9
update,35825,35837,35839,2,,10
update,35836,35848,35851,3,,11
update,35847,35859,35862,3,,12
update,35858,35870,35872,2,,13
update,35869,35880,35883,3,,14
update,35880,35892,35894,2,,15
update,35891,35903,35905,2,,0
update,35902,35913,35916,3,,1
update,35913,35925,35927,2,,2
update,35924,35935,35938,3,,3
update,36000,36012,36015,3,,4
inbound,36000,36012,36015,3,,5
update,36011,36023,36026,3,,6
update,36022,36033,36036,3,,7
inbound,36025,36037,36039,2,,8
update,36033,36044,36047,3,,9
update,36044,36055,36057,2,,10
update,36055,36067,36069,2,,11
update,36066,36077,36080,3,,12
update,36077,36089,36091,2,,13
update,36088,36099,36102,3,,14
update,36099,36111,36114,3,,15
inbound,36100,36111,36114,3,,0
update,36110,36122,36124,2,,1
update,36121,36133,36135,2,,2
update,36132,36143,36146,3,,3
update,36143,36154,36157,3,,4
update,36154,36166,36169,3,,5
inbound,36155,36166,36169,3,,6
update,36165,36176,36179,3,,7
update,36176,36187,36189,2,,8
update,36187,36199,36201,2,,9
update,36198,36209,36212,3,,10
inbound,36200,36211,36214,3,,11
update,36209,36221,36224,3,,12
inbound,36210,36221,36224,3,,13
update,36220,36231,36234,3,,14
inbound,36225,36236,36239,3,,15
update,36231,36243,36245,2,,0
update,36242,36253,36256,3,,1
update,36253,36264,36267,3,,2
inbound,36265,36276,36278,2,,4
update,36264,36276,36279,3,,3
update,36275,36286,36289,3,,5
update,36286,36296,36299,3,,6
update,36297,36309,36311,2,,7
update,36308,36320,36322,2,,8
inbound,36320,36331,36334,3,,10
update,36319,36330,36334,4,,9
update,36330,36342,36344,2,,11
update,36341,36352,36355,3,,12
update,36352,36363,36367,4,,13
update,36363,36375,36377,2,,14
update,36374,36386,36389,3,,15
inbound,36375,36386,36389,3,,0
update,36385,36396,36400,4,,1
update,36396,36407,36410,3,,2
inbound,36400,36412,36415,3,,3
update,36407,36418,36421,3,,4
update,36418,36429,36432,3,,5
inbound,36425,36437,36439,2,,6
update,36429,36440,36444,4,,7
inbound,36430,36442,36445,3,,8
update,36440,36451,36454,3,,9
update,36451,36463,36465,2,,10
update,36462,36473,36476,3,,11
update,36473,36485,36487,2,,12
inbound,36485,36496,36499,3,,14
update,36484,36496,36499,3,,13
update,36495,36507,36510,3,,15
update,36506,36517,36519,2,,0
update,36517,36529,36532,3,,1
update,36528,36540,36542,2,,2
update,36539,36550,36553,3,,3
inbound,36540,36550,36553,3,,4
update,36550,36562,36564,2,,5
update,36561,36572,36575,3,,6
update,36572,36583,36586,3,,7
update,36583,36595,36597,2,,8
inbound,36595,36606,36609,3,,10
update,36594,36606,36609,3,,9
update,36605,36616,36619,3,,11
update,36616,36627,36630,3,,12
update,36627,36639,36641,2,,13
update,36638,36650,36652,2,,14
update,36649,36660,36663,3,,15
inbound,36650,36660,36663,3,,0
update,36660,36671,36674,3,,1
update,36671,36682,36685,3,,2
update,36682,36694,36696,2,,3
update,36693,36705,36707,2,,4
inbound,36705,36715,36718,3,,6
update,36704,36715,36718,3,,5
update,36715,36726,36729,3,,7
update,36726,36737,36740,3,,8
update,36737,36749,36752,3,,9
update,36748,36760,36762,2,,10
inbound,36760,36770,36773,3,,12
update,36759,36770,36773,3,,11
update,36770,36781,36784,3,,13
update,36781,36792,36795,3,,14
update,36792,36804,36807,3,,15
update,36803,36815,36818,3,,0
inbound,36815,36826,36829,3,,2
update,36814,36825,36831,6,,1
update,36825,36836,36839,3,,3
update,36836,36847,36850,3,,4
update,36847,36859,36862,3,,5
update,36858,36870,36872,2,,6
update,36869,36880,36883,3,,7
update,36880,36891,36894,3,,8
update,36891,36903,36905,2,,9
update,36902,36913,36916,3,,10
update,36913,36925,36928,3,,11
update,36924,36935,36937,2,,12
update,37000,37012,37016,4,,13
inbound,37000,37012,37016,4,,14
update,37011,37023,37025,2,,15
update,37022,37033,37036,3,,0
inbound,37025,37036,37039,3,,1
update,37033,37044,37047,3,,2
update,37044,37055,37057,2,,3
update,37055,37067,37070,3,,4
update,37066,37077,37080,3,,5
update,37077,37089,37092,3,,6
update,37088,37099,37102,3,,7
update,37099,37110,37113,3,,8
inbound,37100,37112,37117,5,,9
update,37110,37121,37124,3,,10
update,37121,37131,37134,3,,11
update,37132,37144,37147,3,,12
update,37143,37155,37157,2,,13
update,37154,37165,37168,3,,14
inbound,37155,37166,37170,4,,15
update,37165,37177,37180,3,,0
update,37176,37188,37190,2,,1
update,37187,37199,37201,2,,2
update,37198,37209,37214,5,,3
inbound,37200,37211,37214,3,,4
update,37209,37219,37222,3,,5
inbound,37210,37221,37225,4,,6
update,37220,37231,37235,4,,7
inbound,37225,37237,37239,2,,8
update,37231,37243,37246,3,,9
update,37242,37254,37256,2,,10
update,37253,37265,37267,2,,11
update,37264,37276,37279,3,,12
inbound,37265,37277,37280,3,,13
update,37275,37287,37289,2,,14
update,37286,37298,37300,2,,15
update,37297,37308,37311,3,,0
update,37308,37319,37322,3,,1
inbound,37320,37331,37335,4,,3
update,37319,37331,37335,4,,2
update,37330,37341,37344,3,,4
update,37341,37352,37355,3,,5
update,37352,37364,37366,2,,6
update,37363,37375,37378,3,,7
update,37374,37385,37389,4,,8
inbound,37375,37387,37390,3,,9
update,37385,37397,37399,2,,10
update,37396,37407,37410,3,,11
inbound,37400,37411,37414,3,,12
update,37407,37418,37421,3,,13
update,37418,37430,37432,2,,14
inbound,37425,37437,37440,3,,15
update,37429,37441,37444,3,,0
inbound,37430,37442,37445,3,,1
update,37440,37451,37454,3,,2
update,37451,37463,37465,2,,3
update,37462,37474,37476,2,,4
update,37473,37485,37488,3,,5
update,37484,37495,37499,4,,6
inbound,37485,37496,37499,3,,7
update,37495,37506,37510,4,,8
update,37506,37517,37521,4,,9
update,37517,37529,37532,3,,10
update,37528,37539,37542,3,,11
inbound,37540,37551,37555,4,,13
update,37539,37550,37556,6,,12
update,37550,37561,37564,3,,14
update,37561,37572,37574,2,,15
update,37572,37583,37586,3,,0
update,37583,37594,37597,3,,1
update,37594,37606,37609,3,,2
inbound,37595,37607,37610,3,,3
update,37605,37616,37619,3,,4
update,37616,37627,37631,4,,5
update,37627,37639,37641,2,,6
update,37638,37649,37652,3,,7
update,37649,37660,37664,4,,8
inbound,37650,37661,37664,3,,9
update,37660,37671,37674,3,,10
update,37671,37683,37686,3,,11
update,37682,37693,37696,3,,12
update,37693,37704,37707,3,,13
update,37704,37716,37719,3,,14
inbound,37705,37716,37720,4,,15
update,37715,37726,37729,3,,0
update,37726,37737,37740,3,,1
update,37737,37749,37751,2,,2
update,37748,37759,37762,3,,3
update,37759,37771,37774,3,,4
inbound,37760,37772,37774,2,,5
update,37770,37781,37784,3,,6
update,37781,37792,37795,3,,7
update,37792,37803,37806,3,,8
update,37803,37814,37818,4,,9
update,37814,37825,37829,4,,10
inbound,37815,37827,37831,4,,11
update,37825,37837,37840,3,,12
update,37836,37847,37850,3,,13
update,37847,37859,37862,3,,14
update,37858,37870,37873,3,,15
update,37869,37880,37884,4,,0
update,37880,37891,37894,3,,1
update,37891,37903,37905,2,,2
update,37902,37913,37916,3,,3
update,37913,37925,37928,3,,4
update,37924,37935,37938,3,,5
update,38000,38012,38015,3,,6
inbound,38000,38013,38017,4,,7
update,38011,38023,38026,3,,8
update,38022,38033,38037,4,,9
inbound,38025,38037,38040,3,,10
update,38033,38045,38048,3,,11
update,38044,38055,38058,3,,12
update,38055,38066,38068,2,,13
update,38066,38078,38081,3,,14
update,38077,38089,38091,2,,15
update,38088,38100,38102,2,,0
update,38099,38111,38114,3,,1
inbound,38100,38112,38116,4,,2
update,38110,38123,38126,3,,3
update,38121,38133,38136,3,,4
update,38132,38145,38148,3,,5
update,38143,38156,38158,2,,6
update,38154,38167,38170,3,,7
inbound,38155,38167,38170,3,,8
update,38165,38177,38180,3,,9
update,38176,38188,38191,3,,10
update,38187,38199,38206,7,,11
update,38198,38210,38214,4,,12
inbound,38200,38213,38217,4,,13
update,38209,38221,38226,5,,14
inbound,38210,38222,38227,5,,15
update,38220,38233,38237,4,,0
inbound,38225,38238,38242,4,,1
update,38231,38243,38246,3,,2
update,38242,38255,38258,3,,3
update,38253,38266,38268,2,,4
update,38264,38276,38279,3,,5
inbound,38265,38277,38280,3,,6
update,38275,38287,38290,3,,7
update,38286,38299,38302,3,,8
update,38297,38309,38313,4,,9
update,38308,38322,38327,5,,10
update,38319,38332,38339,7,,11
inbound,38320,38332,38339,7,,12
update,38330,38342,38345,3,,13
update,38341,38353,38358,5,,14
update,38352,38365,38368,3,,15
update,38363,38375,38383,8,,0
inbound,38375,38387,38393,6,,2
update,38374,38387,38395,8,,1
update,38385,38397,38403,6,,3
update,38396,38409,38412,3,,4
inbound,38400,38412,38416,4,,5
update,38407,38420,38425,5,,6
update,38418,38430,38436,6,,7
inbound,38425,38437,38441,4,,8
update,38429,38442,38446,4,,9
inbound,38430,38443,38447,4,,10
update,38440,38452,38455,3,,11
update,38451,38464,38467,3,,12
update,38462,38474,38477,3,,13
update,38473,38486,38488,2,,14
update,38484,38496,38499,3,,15
inbound,38485,38497,38501,4,,0
update,38495,38508,38510,2,,1
update,38506,38519,38522,3,,2
update,38517,38529,38532,3,,3
update,38528,38540,38544,4,,4
inbound,38540,38552,38555,3,,6
update,38539,38552,38555,3,,5
update,38550,38562,38565,3,,7
update,38561,38574,38580,6,,8
update,38572,38585,38587,2,,9
update,38583,38595,38599,4,,10
update,38594,38606,38609,3,,11
inbound,38595,38607,38611,4,,12
update,38605,38617,38620,3,,13
update,38616,38628,38631,3,,14
update,38627,38639,38642,3,,15
update,38638,38651,38653,2,,0
update,38649,38662,38665,3,,1
inbound,38650,38662,38666,4,,2
update,38660,38673,38675,2,,3
update,38671,38683,38686,3,,4
update,38682,38694,38697,3,,5
update,38693,38706,38708,2,,6
inbound,38705,38717,38720,3,,8
update,38704,38717,38720,3,,7
update,38715,38727,38730,3,,9
update,38726,38738,38741,3,,10
update,38737,38749,38752,3,,11
update,38748,38760,38763,3,,12
inbound,38760,38772,38774,2,,14
update,38759,38772,38775,3,,13
update,38770,38783,38786,3,,15
update,38781,38794,38797,3,,0
update,38792,38804,38807,3,,1
update,38803,38815,38817,2,,2
update,38814,38826,38830,4,,3
inbound,38815,38827,38830,3,,4
update,38825,38838,38841,3,,5
update,38836,38848,38852,4,,6
update,38847,38859,38862,3,,7
update,38858,38871,38873,2,,8
update,38869,38881,38884,3,,9
update,38880,38893,38895,2,,10
update,38891,38904,38908,4,,11
update,38902,38915,38917,2,,12
update,38913,38926,38929,3,,13
update,38924,38937,38939,2,,14
update,39000,39013,39015,2,,15
inbound,39000,39013,39015,2,,0
update,39011,39023,39026,3,,1
update,39022,39035,39037,2,,2
inbound,39025,39037,39040,3,,3
update,39033,39046,39049,3,,4
update,39044,39056,39059,3,,5
update,39055,39067,39070,3,,6
update,39066,39078,39082,4,,7
update,39077,39090,39092,2,,8
update,39088,39100,39102,2,,9
update,39099,39111,39114,3,,10
inbound,39100,39111,39114,3,,11
update,39110,39122,39125,3,,12
update,39121,39134,39136,2,,13
update,39132,39145,39147,2,,14
update,39143,39156,39159,3,,15
inbound,39155,39166,39169,3,,1
update,39154,39166,39169,3,,0
update,39165,39176,39179,3,,2
update,39176,39189,39191,2,,3
update,39187,39199,39202,3,,4
update,39198,39209,39212,3,,5
inbound,39200,39213,39216,3,,6
update,39209,39222,39225,3,,7
inbound,39210,39223,39226,3,,8
update,39220,39233,39236,3,,9
inbound,39225,39237,39241,4,,10
update,39231,39243,39246,3,,11
update,39242,39255,39258,3,,12
update,39253,39265,39267,2,,13
update,39264,39277,39280,3,,14
inbound,39265,39278,39281,3,,15
update,39275,39288,39291,3,,0
update,39286,39299,39301,2,,1
update,39297,39309,39313,4,,2
update,39308,39321,39324,3,,3
update,39319,39332,39334,2,,4
inbound,39320,39333,39336,3,,5
update,39330,39343,39345,2,,6
update,39341,39354,39357,3,,7
update,39352,39364,39367,3,,8
update,39363,39376,39378,2,,9
update,39374,39386,39390,4,,10
inbound,39375,39388,39391,3,,11
update,39385,39398,39401,3,,12
update,39396,39407,39410,3,,13
inbound,39400,39413,39416,3,,14
update,39407,39419,39422,3,,15
update,39418,39430,39433,3,,0
inbound,39425,39437,39440,3,,1
inbound,39430,39441,39444,3,,3
update,39429,39441,39444,3,,2
update,39440,39453,39456,3,,4
update,39451,39464,39466,2,,5
update,39462,39474,39477,3,,6
update,39473,39485,39488,3,,7
inbound,39485,39497,39501,4,,9
update,39484,39497,39501,4,,8
update,39495,39508,39511,3,,10
update,39506,39519,39521,2,,11
update,39517,39529,39531,2,,12
update,39528,39541,39543,2,,13
inbound,39540,39551,39554,3,,15
update,39539,39551,39554,3,,14
update,39550,39562,39565,3,,0
update,39561,39574,39576,2,,1
update,39572,39585,39587,2,,2
update,39583,39595,39598,3,,3
update,39594,39607,39610,3,,4
inbound,39595,39607,39611,4,,5
update,39605,39617,39621,4,,6
update,39616,39629,39632,3,,7
update,39627,39639,39642,3,,8
update,39638,39651,39653,2,,9
update,39649,39661,39665,4,,10
inbound,39650,39662,39666,4,,11
update,39660,39672,39675,3,,12
update,39671,39683,39686,3,,13
update,39682,39694,39697,3,,14
update,39693,39705,39708,3,,15
update,39704,39716,39719,3,,0
inbound,39705,39717,39721,4,,1
update,39715,39727,39730,3,,2
update,39726,39739,39741,2,,3
update,39737,39749,39752,3,,4
update,39748,39761,39763,2,,5
update,39759,39771,39775,4,,6
inbound,39760,39773,39775,2,,7
update,39770,39782,39785,3,,8
update,39781,39792,39795,3,,9
update,39792,39805,39808,3,,10
update,39803,39816,39818,2,,11
update,39814,39826,39829,3,,12
inbound,39815,39827,39829,2,,13
update,39825,39838,39841,3,,14
update,39836,39848,39851,3,,15
update,39847,39859,39862,3,,0
update,39858,39870,39873,3,,1
update,39869,39881,39884,3,,2
update,39880,39893,39895,2,,3
update,39891,39903,39906,3,,4
update,39902,39914,39917,3,,5
update,39913,39925,39928,3,,6
update,39924,39936,39939,3,,7
update,40000,40013,40016,3,,8
inbound,40000,40013,40016,3,,9
update,40011,40023,40025,2,,10
update,40022,40035,40038,3,,11
inbound,40025,40038,40040,2,,12
update,40033,40045,40048,3,,13
update,40044,40057,40059,2,,14
update,40055,40068,40070,2,,15
update,40066,40078,40081,3,,0
update,40077,40090,40092,2,,1
update,40088,40100,40103,3,,2
update,40099,40111,40114,3,,3
inbound,40100,40111,40114,3,,4
update,40110,40122,40125,3,,5
update,40121,40133,40135,2,,6
update,40132,40145,40147,2,,7
update,40143,40156,40158,2,,8
inbound,40155,40167,40169,2,,10
update,40154,40167,40170,3,,9
update,40165,40178,40180,2,,11
update,40176,40188,40191,3,,12
update,40187,40200,40202,2,,13
update,40198,40211,40213,2,,14
inbound,40200,40213,40215,2,,15
update,40209,40222,40224,2,,0
inbound,40210,40223,40225,2,,1
update,40220,40233,40235,2,,2
inbound,40225,40237,40240,3,,3
update,40231,40244,40246,2,,4
update,40242,40254,40257,3,,5
update,40253,40265,40267,2,,6
inbound,40265,40277,40280,3,,8
update,40264,40277,40280,3,,7
update,40275,40288,40290,2,,9
update,40286,40298,40300,2,,10
update,40297,40309,40312,3,,11
update,40308,40321,40323,2,,12
update,40319,40330,40333,3,,13
inbound,40320,40333,40335,2,,14
update,40330,40342,40345,3,,15
update,40341,40354,40357,3,,0
update,40352,40365,40367,2,,1
update,40363,40376,40378,2,,2
update,40374,40387,40390,3,,3
inbound,40375,40388,40390,2,,4
update,40385,40398,40400,2,,5
update,40396,40408,40411,3,,6
inbound,40400,40413,40415,2,,7
update,40407,40420,40422,2,,8
update,40418,40430,40432,2,,9
inbound,40425,40437,40440,3,,10
update,40429,40442,40445,3,,11
inbound,40430,40442,40445,3,,12
update,40440,40452,40455,3,,13
update,40451,40464,40466,2,,14
update,40462,40474,40477,3,,15
update,40473,40485,40488,3,,0
inbound,40485,40497,40500,3,,2
update,40484,40497,40500,3,,1
update,40495,40507,40510,3,,3
update,40506,40518,40521,3,,4
update,40517,40530,40532,2,,5
update,40528,40541,40543,2,,6
update,40539,40551,40554,3,,7
inbound,40540,40551,40554,3,,8
update,40550,40562,40565,3,,9
update,40561,40573,40576,3,,10
update,40572,40585,40588,3,,11
update,40583,40596,40598,2,,12
inbound,40595,40606,40609,3,,14
update,40594,40606,40609,3,,13
update,40605,40618,40620,2,,15
update,40616,40628,40631,3,,0
update,40627,40640,40642,2,,1
update,40638,40651,40653,2,,2
update,40649,40661,40664,3,,3
inbound,40650,40662,40665,3,,4
update,40660,40672,40675,3,,5
update,40671,40684,40686,2,,6
update,40682,40694,40697,3,,7
update,40693,40706,40708,2,,8
inbound,40705,40717,40720,3,,10
update,40704,40717,40720,3,,9
update,40715,40728,40730,2,,11
update,40726,40739,40742,3,,12
update,40737,40749,40751,2,,13
update,40748,40760,40764,4,,14
update,40759,40772,40775,3,,15
inbound,40760,40773,40775,2,,0
update,40770,40782,40785,3,,1
update,40781,40794,40797,3,,2
update,40792,40804,40808,4,,3
update,40803,40815,40818,3,,4
inbound,40815,40827,40830,3,,6
update,40814,40826,40831,5,,5
update,40825,40837,40842,5,,7
update,40836,40848,40852,4,,8
update,40847,40860,40863,3,,9
update,40858,40870,40873,3,,10
update,40869,40881,40883,2,,11
update,40880,40892,40895,3,,12
update,40891,40904,40906,2,,13
update,40902,40915,40917,2,,14
update,40913,40925,40928,3,,15
update,40924,40936,40939,3,,0
update,41000,41013,41018,5,,1
inbound,41000,41013,41021,8,,2
update,41011,41023,41026,3,,3
update,41022,41034,41038,4,,4
inbound,41025,41038,41042,4,,5
update,41033,41046,41050,4,,6
update,41044,41057,41060,3,,7
update,41055,41067,41072,5,,8
update,41066,41079,41082,3,,9
update,41077,41089,41092,3,,10
update,41088,41101,41103,2,,11
update,41099,41112,41115,3,,12
inbound,41100,41112,41115,3,,13
update,41110,41122,41125,3,,14
update,41121,41134,41137,3,,15
update,41132,41145,41147,2,,0
update,41143,41156,41159,3,,1
update,41154,41167,41171,4,,2
inbound,41155,41168,41172,4,,3
update,41165,41177,41180,3,,4
update,41176,41189,41191,2,,5
update,41187,41199,41202,3,,6
update,41198,41210,41213,3,,7
inbound,41200,41212,41215,3,,8
update,41209,41221,41225,4,,9
inbound,41210,41222,41225,3,,10
update,41220,41232,41235,3,,11
inbound,41225,41238,41240,2,,12
update,41231,41243,41246,3,,13
update,41242,41254,41257,3,,14
update,41253,41265,41268,3,,15
update,41264,41277,41282,5,,0
inbound,41265,41277,41284,7,,1
update,41275,41288,41293,5,,2
update,41286,41298,41301,3,,3
update,41297,41310,41312,2,,4
update,41308,41320,41323,3,,5
update,41319,41332,41336,4,,6
inbound,41320,41333,41338,5,,7
update,41330,41343,41346,3,,8
update,41341,41353,41356,3,,9
update,41352,41364,41368,4,,10
update,41363,41375,41378,3,,11
update,41374,41387,41390,3,,12
inbound,41375,41388,41392,4,,13
update,41385,41397,41400,3,,14
update,41396,41409,41412,3,,15
inbound,41400,41412,41415,3,,0
update,41407,41420,41423,3,,1
update,41418,41431,41433,2,,2
inbound,41425,41438,41441,3,,3
update,41429,41441,41446,5,,4
inbound,41430,41443,41447,4,,5
update,41440,41453,41456,3,,6
update,41451,41464,41467,3,,7
update,41462,41474,41477,3,,8
update,41473,41486,41488,2,,9
update,41484,41497,41500,3,,10
inbound,41485,41498,41501,3,,11
update,41495,41507,41510,3,,12
update,41506,41518,41521,3,,13
update,41517,41529,41532,3,,14
update,41528,41540,41543,3,,15
inbound,41540,41552,41558,6,,1
update,41539,41551,41558,7,,0
update,41550,41562,41565,3,,2
update,41561,41574,41577,3,,3
update,41572,41585,41588,3,,4
update,41583,41595,41598,3,,5
update,41594,41606,41609,3,,6
inbound,41595,41608,41611,3,,7
update,41605,41618,41621,3,,8
update,41616,41629,41631,2,,9
update,41627,41639,41642,3,,10
update,41638,41650,41653,3,,11
update,41649,41662,41668,6,,12
inbound,41650,41663,41670,7,,13
update,41660,41673,41687,14,,14
update,41671,41684,41687,3,,15
update,41682,41694,41699,5,,0
update,41693,41705,41709,4,,1
update,41704,41716,41720,4,,2
inbound,41705,41717,41724,7,,3
update,41715,41728,41731,3,,4
update,41726,41738,41741,3,,5
update,41737,41750,41753,3,,6
update,41748,41760,41763,3,,7
update,41759,41772,41776,4,,8
inbound,41760,41773,41777,4,,9
update,41770,41782,41785,3,,10
update,41781,41794,41796,2,,11
update,41792,41805,41809,4,,12
update,41803,41815,41818,3,,13
update,41814,41827,41830,3,,14
inbound,41815,41828,41831,3,,15
update,41825,41838,41841,3,,0
update,41836,41849,41853,4,,1
update,41847,41860,41863,3,,2
update,41858,41870,41874,4,,3
update,41869,41882,41886,4,,4
update,41880,41892,41896,4,,5
update,41891,41904,41907,3,,6
update,41902,41915,41918,3,,7
update,41913,41926,41931,5,,8
update,41924,41936,41941,5,,9
update,42000,42012,42020,8,,10
inbound,42000,42012,42020,8,,11
update,42011,42023,42027,4,,12
update,42022,42035,42037,2,,13
inbound,42025,42037,42040,3,,14
update,42033,42046,42049,3,,15
update,42044,42057,42060,3,,0
update,42055,42068,42071,3,,1
update,42066,42078,42081,3,,2
update,42077,42089,42092,3,,3
update,42088,42101,42106,5,,4
update,42099,42111,42115,4,,5
inbound,42100,42112,42117,5,,6
update,42110,42123,42125,2,,7
update,42121,42134,42137,3,,8
update,42132,42144,42147,3,,9
update,42143,42155,42158,3,,10
update,42154,42166,42169,3,,11
inbound,42155,42166,42169,3,,12
update,42165,42177,42180,3,,13
update,42176,42189,42191,2,,14
update,42187,42199,42202,3,,15
update,42198,42210,42215,5,,0
inbound,42200,42212,42217,5,,1
inbound,42210,42222,42225,3,,3
update,42209,42222,42225,3,,2
update,42220,42233,42236,3,,4
inbound,42225,42237,42239,2,,5
update,42231,42244,42246,2,,6
update,42242,42255,42257,2,,7
update,42253,42266,42268,2,,8
update,42264,42276,42279,3,,9
inbound,42265,42277,42280,3,,10
update,42275,42288,42290,2,,11
update,42286,42299,42301,2,,12
update,42297,42310,42312,2,,13
update,42308,42321,42323,2,,14
update,42319,42330,42333,3,,15
inbound,42320,42333,42335,2,,0
update,42330,42342,42345,3,,1
update,42341,42354,42356,2,,2
update,42352,42365,42367,2,,3
update,42363,42376,42379,3,,4
update,42374,42387,42389,2,,5
inbound,42375,42388,42391,3,,6
update,42385,42397,42400,3,,7
update,42396,42408,42411,3,,8
inbound,42400,42412,42414,2,,9
update,42407,42420,42422,2,,10
update,42418,42430,42432,2,,11
inbound,42425,42437,42441,4,,12
update,42429,42442,42444,2,,13
inbound,42430,42443,42446,3,,14
update,42440,42452,42455,3,,15
update,42451,42463,42466,3,,0
update,42462,42475,42478,3,,1
update,42473,42485,42488,3,,2
update,42484,42497,42500,3,,3
inbound,42485,42497,42500,3,,4
update,42495,42508,42510,2,,5
update,42506,42518,42521,3,,6
update,42517,42529,42532,3,,7
update,42528,42541,42543,2,,8
update,42539,42551,42553,2,,9
inbound,42540,42553,42556,3,,10
update,42550,42562,42565,3,,11
update,42561,42574,42576,2,,12
update,42572,42584,42588,4,,13
update,42583,42595,42598,3,,14
update,42594,42606,42610,4,,15
inbound,42595,42608,42611,3,,0
update,42605,42617,42620,3,,1
update,42616,42629,42632,3,,2
update,42627,42639,42642,3,,3
update,42638,42650,42653,3,,4
update,42649,42662,42665,3,,5
inbound,42650,42663,42666,3,,6
update,42660,42672,42674,2,,7
update,42671,42683,42685,2,,8
update,42682,42694,42697,3,,9
update,42693,42705,42708,3,,10
update,42704,42717,42720,3,,11
inbound,42705,42718,42721,3,,12
update,42715,42728,42730,2,,13
update,42726,42739,42742,3,,14
update,42737,42749,42752,3,,15
update,42748,42760,42763,3,,0
inbound,42760,42773,42775,2,,2
update,42759,42772,42775,3,,1
update,42770,42782,42785,3,,3
update,42781,42794,42796,2,,4
update,42792,42804,42807,3,,5
update,42803,42816,42819,3,,6
update,42814,42826,42829,3,,7
inbound,42815,42828,42830,2,,8
update,42825,42838,42841,3,,9
update,42836,42848,42851,3,,10
update,42847,42859,42863,4,,11
update,42858,42871,42873,2,,12
update,42869,42881,42884,3,,13
update,42880,42893,42895,2,,14
update,42891,42903,42906,3,,15
update,42902,42915,42917,2,,0
update,42913,42926,42929,3,,1
update,42924,42936,42939,3,,2
inbound,43000,43013,43018,5,,4
update,43000,43013,43019,6,,3
update,43011,43024,43028,4,,5
update,43022,43034,43038,4,,6
inbound,43025,43037,43041,4,,7
update,43033,43046,43049,3,,8
update,43044,43056,43060,4,,9
update,43055,43067,43070,3,,10
update,43066,43078,43082,4,,11
update,43077,43090,43093,3,,12
update,43088,43100,43103,3,,13
update,43099,43112,43116,4,,14
inbound,43100,43113,43118,5,,15
update,43110,43122,43125,3,,0
update,43121,43134,43137,3,,1
update,43132,43144,43147,3,,2
update,43143,43155,43158,3,,3
update,43154,43167,43169,2,,4
inbound,43155,43168,43170,2,,5
update,43165,43178,43181,3,,6
update,43176,43188,43191,3,,7
update,43187,43200,43203,3,,8
update,43198,43211,43213,2,,9
inbound,43200,43213,43216,3,,10
update,43209,43222,43226,4,,11
inbound,43210,43223,43227,4,,12
update,43220,43233,43236,3,,13
inbound,43225,43237,43240,3,,14
update,43231,43243,43246,3,,15
update,43242,43255,43257,2,,0
update,43253,43265,43268,3,,1
update,43264,43276,43279,3,,2
inbound,43265,43277,43280,3,,3
update,43275,43287,43290,3,,4
update,43286,43299,43301,2,,5
update,43297,43309,43312,3,,6
update,43308,43321,43323,2,,7
inbound,43320,43332,43335,3,,9
update,43319,43331,43335,4,,8
update,43330,43343,43345,2,,10
update,43341,43354,43356,2,,11
update,43352,43364,43367,3,,12
update,43363,43376,43378,2,,13
update,43374,43387,43390,3,,14
inbound,43375,43387,43390,3,,15
update,43385,43398,43400,2,,0
update,43396,43408,43411,3,,1
inbound,43400,43413,43415,2,,2
update,43407,43420,43423,3,,3
update,43418,43430,43433,3,,4
inbound,43425,43437,43439,2,,5
update,43429,43442,43445,3,,6
inbound,43430,43443,43446,3,,7
update,43440,43453,43456,3,,8
update,43451,43463,43466,3,,9
update,43462,43474,43476,2,,10
update,43473,43485,43489,4,,11
update,43484,43496,43499,3,,12
inbound,43485,43497,43501,4,,13
update,43495,43508,43511,3,,14
update,43506,43519,43522,3,,15
update,43517,43529,43532,3,,0
update,43528,43540,43543,3,,1
update,43539,43551,43554,3,,2
inbound,43540,43552,43555,3,,3
update,43550,43563,43566,3,,4
update,43561,43572,43575,3,,5
update,43572,43584,43586,2,,6
update,43583,43596,43598,2,,7
update,43594,43606,43609,3,,8
inbound,43595,43607,43610,3,,9
update,43605,43616,43619,3,,10
update,43616,43628,43631,3,,11
update,43627,43639,43641,2,,12
update,43638,43651,43654,3,,13
update,43649,43662,43665,3,,14
inbound,43650,43663,43666,3,,15
update,43660,43673,43675,2,,0
update,43671,43683,43687,4,,1
update,43682,43694,43697,3,,2
update,43693,43705,43708,3,,3
update,43704,43717,43721,4,,4
inbound,43705,43718,43721,3,,5
update,43715,43728,43730,2,,6
update,43726,43739,43741,2,,7
update,43737,43749,43752,3,,8
update,43748,43760,43765,5,,9
inbound,43760,43772,43774,2,,11
update,43759,43772,43775,3,,10
update,43770,43783,43786,3,,12
update,43781,43794,43796,2,,13
update,43792,43804,43807,3,,14
update,43803,43815,43818,3,,15
inbound,43815,43827,43829,2,,1
update,43814,43826,43830,4,,0
update,43825,43838,43841,3,,2
update,43836,43849,43852,3,,3
update,43847,43860,43863,3,,4
update,43858,43870,43873,3,,5
update,43869,43881,43883,2,,6
update,43880,43892,43895,3,,7
update,43891,43904,43906,2,,8
update,43902,43914,43917,3,,9
update,43913,43925,43928,3,,10
update,43924,43936,43939,3,,11
update,44000,44013,44016,3,,12
inbound,44000,44013,44016,3,,13
update,44011,44023,44026,3,,14
update,44022,44034,44037,3,,15
inbound,44025,44039,44041,2,,0
update,44033,44045,44048,3,,1
update,44044,44057,44059,2,,2
update,44055,44068,44070,2,,3
update,44066,44078,44080,2,,4
update,44077,44090,44092,2,,5
update,44088,44100,44103,3,,6
update,44099,44112,44115,3,,7
inbound,44100,44113,44116,3,,8
update,44110,44123,44125,2,,9
update,44121,44133,44136,3,,10
update,44132,44145,44147,2,,11
update,44143,44155,44157,2,,12
update,44154,44167,44169,2,,13
inbound,44155,44169,44171,2,,14
update,44165,44177,44179,2,,15
update,44176,44189,44191,2,,0
update,44187,44199,44202,3,,1
update,44198,44211,44214,3,,2
inbound,44200,44213,44215,2,,3
update,44209,44222,44224,2,,4
inbound,44210,44224,44227,3,,5
update,44220,44232,44235,3,,6
inbound,44225,44239,44241,2,,7
update,44231,44243,44246,3,,8
update,44242,44254,44257,3,,9
update,44253,44266,44268,2,,10
update,44264,44276,44279,3,,11
inbound,44265,44278,44281,3,,12
update,44275,44287,44290,3,,13
update,44286,44298,44301,3,,14
update,44297,44310,44312,2,,15
update,44308,44321,44323,2,,0
update,44319,44331,44334,3,,1
inbound,44320,44333,44336,3,,2
update,44330,44343,44345,2,,3
update,44341,44353,44355,2,,4
update,44352,44364,44367,3,,5
update,44363,44375,44378,3,,6
update,44374,44387,44390,3,,7
inbound,44375,44388,44391,3,,8
update,44385,44397,44400,3,,9
update,44396,44409,44411,2,,10
inbound,44400,44413,44416,3,,11
update,44407,44419,44422,3,,12
update,44418,44431,44434,3,,13
inbound,44425,44438,44440,2,,14
update,44429,44442,44444,2,,15
inbound,44430,44444,44446,2,,0
update,44440,44452,44455,3,,1
update,44451,44463,44465,2,,2
update,44462,44475,44477,2,,3
update,44473,44485,44488,3,,4
update,44484,44497,44500,3,,5
inbound,44485,44498,44501,3,,6
update,44495,44508,44510,2,,7
update,44506,44519,44521,2,,8
update,44517,44530,44532,2,,9
update,44528,44540,44543,3,,10
update,44539,44552,44556,4,,11
inbound,44540,44554,44556,2,,12
update,44550,44563,44566,3,,13
update,44561,44574,44577,3,,14
update,44572,44586,44588,2,,15
update,44583,44596,44599,3,,0
update,44594,44608,44610,2,,1
inbound,44595,44608,44611,3,,2
update,44605,44619,44621,2,,3
update,44616,44629,44632,3,,4
update,44627,44641,44643,2,,5
update,44638,44652,44654,2,,6
update,44649,44662,44665,3,,7
inbound,44650,44662,44665,3,,8
update,44660,44673,44676,3,,9
update,44671,44683,44686,3,,10
update,44682,44695,44698,3,,11
update,44693,44707,44709,2,,12
inbound,44705,44717,44720,3,,14
update,44704,44717,44720,3,,13
update,44715,44729,44731,2,,15
update,44726,44739,44742,3,,0
update,44737,44750,44752,2,,1
update,44748,44762,44764,2,,2
update,44759,44772,44775,3,,3
inbound,44760,44774,44776,2,,4
update,44770,44784,44787,3,,5
update,44781,44795,44798,3,,6
update,44792,44805,44808,3,,7
update,44803,44817,44819,2,,8
update,44814,44827,44830,3,,9
inbound,44815,44828,44830,2,,10
update,44825,44838,44841,3,,11
update,44836,44849,44852,3,,12
update,44847,44860,44862,2,,13
update,44858,44872,44874,2,,14
update,44869,44882,44885,3,,15
update,44880,44893,44896,3,,0
update,44891,44905,44908,3,,1
update,44902,44916,44918,2,,2
update,44913,44927,44929,2,,3
update,44924,44937,44940,3,,4
inbound,45000,45013,45017,4,,6
update,45000,45013,45017,4,,5
update,45011,45026,45030,4,,7
update,45022,45035,45039,4,,8
inbound,45025,45038,45042,4,,9
update,45033,45046,45049,3,,10
update,45044,45058,45060,2,,11
update,45055,45069,45071,2,,12
update,45066,45080,45082,2,,13
update,45077,45090,45093,3,,14
update,45088,45102,45104,2,,15
update,45099,45112,45115,3,,0
inbound,45100,45113,45116,3,,1
update,45110,45124,45126,2,,2
update,45121,45135,45138,3,,3
update,45132,45146,45149,3,,4
update,45143,45156,45159,3,,5
update,45154,45167,45171,4,,6
inbound,45155,45168,45172,4,,7
update,45165,45178,45180,2,,8
update,45176,45189,45192,3,,9
update,45187,45200,45204,4,,10
update,45198,45212,45214,2,,11
inbound,45200,45214,45217,3,,12
update,45209,45223,45226,3,,13
inbound,45210,45224,45227,3,,14
update,45220,45234,45236,2,,15
inbound,45225,45239,45241,2,,0
update,45231,45244,45247,3,,1
update,45242,45256,45258,2,,2
update,45253,45267,45269,2,,3
update,45264,45278,45280,2,,4
inbound,45265,45279,45282,3,,5
update,45275,45288,45291,3,,6
update,45286,45300,45303,3,,7
update,45297,45310,45313,3,,8
update,45308,45321,45323,2,,9
update,45319,45332,45335,3,,10
inbound,45320,45333,45337,4,,11
update,45330,45344,45346,2,,12
update,45341,45355,45357,2,,13
update,45352,45366,45368,2,,14
update,45363,45376,45379,3,,15
update,45374,45387,45391,4,,0
inbound,45375,45388,45391,3,,1
update,45385,45399,45402,3,,2
update,45396,45409,45412,3,,3
inbound,45400,45413,45417,4,,4
update,45407,45420,45423,3,,5
update,45418,45432,45434,2,,6
inbound,45425,45439,45441,2,,7
update,45429,45442,45445,3,,8
inbound,45430,45443,45446,3,,9
update,45440,45454,45457,3,,10
update,45451,45464,45467,3,,11
update,45462,45476,45479,3,,12
update,45473,45487,45490,3,,13
update,45484,45497,45500,3,,14
inbound,45485,45498,45502,4,,15
update,45495,45508,45511,3,,0
update,45506,45519,45522,3,,1
update,45517,45530,45533,3,,2
update,45528,45541,45544,3,,3
update,45539,45553,45556,3,,4
inbound,45540,45554,45557,3,,5
update,45550,45564,45566,2,,6
update,45561,45574,45577,3,,7
update,45572,45585,45588,3,,8
update,45583,45596,45599,3,,9
update,45594,45608,45611,3,,10
inbound,45595,45608,45611,3,,11
update,45605,45618,45621,3,,12
update,45616,45629,45632,3,,13
update,45627,45640,45643,3,,14
update,45638,45651,45654,3,,15
update,45649,45663,45667,4,,0
inbound,45650,45664,45667,3,,1
update,45660,45673,45676,3,,2
update,45671,45685,45688,3,,3
update,45682,45696,45699,3,,4
update,45693,45706,45709,3,,5
update,45704,45716,45720,4,,6
inbound,45705,45718,45721,3,,7
update,45715,45729,45731,2,,8
update,45726,45739,45742,3,,9
update,45737,45750,45754,4,,10
update,45748,45761,45764,3,,11
update,45759,45771,45774,3,,12
inbound,45760,45773,45776,3,,13
update,45770,45783,45785,2,,14
update,45781,45795,45797,2,,15
update,45792,45805,45808,3,,0
update,45803,45816,45819,3,,1
update,45814,45827,45830,3,,2
inbound,45815,45829,45831,2,,3
update,45825,45839,45842,3,,4
update,45836,45850,45853,3,,5
update,45847,45860,45863,3,,6
update,45858,45872,45874,2,,7
update,45869,45883,45885,2,,8
update,45880,45893,45896,3,,9
update,45891,45904,45907,3,,10
update,45902,45916,45918,2,,11
update,45913,45927,45929,2,,12
update,45924,45938,45941,3,,13
update,46000,46014,46017,3,,14
inbound,46000,46014,46017,3,,15
update,46011,46024,46027,3,,0
update,46022,46035,46041,6,,1
inbound,46025,46039,46042,3,,2
update,46033,46047,46052,5,,3
update,46044,46058,46061,3,,4
update,46055,46068,46071,3,,5
update,46066,46079,46084,5,,6
update,46077,46090,46093,3,,7
update,46088,46101,46104,3,,8
update,46099,46112,46115,3,,9
inbound,46100,46113,46116,3,,10
update,46110,46124,46127,3,,11
update,46121,46134,46138,4,,12
update,46132,46146,46148,2,,13
update,46143,46157,46160,3,,14
inbound,46155,46168,46175,7,,0
update,46154,46167,46175,8,,15
update,46165,46178,46182,4,,1
update,46176,46189,46195,6,,2
update,46187,46200,46203,3,,3
update,46198,46211,46214,3,,4
inbound,46200,46214,46217,3,,5
update,46209,46222,46226,4,,6
inbound,46210,46224,46227,3,,7
update,46220,46233,46236,3,,8
inbound,46225,46238,46241,3,,9
update,46231,46245,46248,3,,10
update,46242,46256,46258,2,,11
update,46253,46266,46268,2,,12
update,46264,46277,46280,3,,13
inbound,46265,46278,46281,3,,14
update,46275,46288,46291,3,,15
update,46286,46300,46304,4,,0
update,46297,46310,46314,4,,1
update,46308,46321,46323,2,,2
update,46319,46332,46336,4,,3
inbound,46320,46333,46337,4,,4
update,46330,46343,46345,2,,5
update,46341,46355,46357,2,,6
update,46352,46365,46367,2,,7
update,46363,46377,46379,2,,8
update,46374,46386,46389,3,,9
inbound,46375,46388,46391,3,,10
update,46385,46399,46401,2,,11
update,46396,46410,46412,2,,12
inbound,46400,46413,46416,3,,13
update,46407,46420,46423,3,,14
update,46418,46431,46434,3,,15
inbound,46425,46439,46444,5,,0
update,46429,46443,46447,4,,1
inbound,46430,46444,46449,5,,2
update,46440,46453,46456,3,,3
update,46451,46465,46467,2,,4
update,46462,46476,46478,2,,5
update,46473,46487,46490,3,,6
update,46484,46497,46500,3,,7
inbound,46485,46498,46503,5,,8
update,46495,46508,46511,3,,9
update,46506,46520,46522,2,,10
update,46517,46531,46533,2,,11
update,46528,46542,46545,3,,12
update,46539,46553,46556,3,,13
inbound,46540,46554,46557,3,,14
update,46550,46564,46566,2,,15
update,46561,46575,46578,3,,0
update,46572,46586,46589,3,,1
update,46583,46597,46600,3,,2
update,46594,46608,46610,2,,3
inbound,46595,46609,46612,3,,4
update,46605,46618,46621,3,,5
update,46616,46630,46632,2,,6
update,46627,46641,46644,3,,7
update,46638,46651,46654,3,,8
update,46649,46662,46666,4,,9
inbound,46650,46664,46667,3,,10
update,46660,46673,46675,2,,11
update,46671,46685,46688,3,,12
update,46682,46695,46697,2,,13
update,46693,46707,46710,3,,14
inbound,46705,46718,46721,3,,0
update,46704,46718,46722,4,,15
update,46715,46728,46731,3,,1
update,46726,46740,46743,3,,2
update,46737,46750,46753,3,,3
update,46748,46761,46764,3,,4
update,46759,46772,46776,4,,5
inbound,46760,46774,46776,2,,6
update,46770,46784,46787,3,,7
update,46781,46794,46797,3,,8
update,46792,46806,46808,2,,9
update,46803,46817,46819,2,,10
update,46814,46827,46830,3,,11
inbound,46815,46828,46831,3,,12
update,46825,46839,46842,3,,13
update,46836,46849,46852,3,,14
update,46847,46860,46864,4,,15
update,46858,46871,46875,4,,0
update,46869,46883,46886,3,,1
update,46880,46893,46897,4,,2
update,46891,46905,46908,3,,3
update,46902,46916,46918,2,,4
update,46913,46926,46929,3,,5
update,46924,46938,46940,2,,6
update,47000,47013,47017,4,,7
inbound,47000,47013,47017,4,,8
update,47011,47024,47027,3,,9
update,47022,47035,47038,3,,10
inbound,47025,47038,47041,3,,11
update,47033,47046,47049,3,,12
update,47044,47057,47060,3,,13
update,47055,47069,47071,2,,14
update,47066,47080,47082,2,,15
update,47077,47090,47093,3,,0
update,47088,47101,47104,3,,1
update,47099,47112,47115,3,,2
inbound,47100,47113,47116,3,,3
update,47110,47123,47126,3,,4
update,47121,47135,47137,2,,5
update,47132,47146,47148,2,,6
update,47143,47156,47159,3,,7
inbound,47155,47168,47170,2,,9
update,47154,47168,47171,3,,8
update,47165,47179,47181,2,,10
update,47176,47189,47192,3,,11
update,47187,47201,47203,2,,12
update,47198,47212,47214,2,,13
inbound,47200,47214,47216,2,,14
update,47209,47222,47225,3,,15
inbound,47210,47222,47225,3,,0
update,47220,47234,47236,2,,1
inbound,47225,47238,47241,3,,2
update,47231,47245,47247,2,,3
update,47242,47255,47258,3,,4
update,47253,47267,47269,2,,5
inbound,47265,47277,47280,3,,7
update,47264,47277,47280,3,,6
update,47275,47288,47291,3,,8
update,47286,47300,47302,2,,9
update,47297,47311,47313,2,,10
update,47308,47321,47324,3,,11
update,47319,47333,47335,2,,12
inbound,47320,47334,47337,3,,13
update,47330,47344,47346,2,,14
update,47341,47354,47357,3,,15
update,47352,47366,47368,2,,0
update,47363,47377,47379,2,,1
inbound,47375,47387,47390,3,,3
update,47374,47387,47391,4,,2
update,47385,47399,47401,2,,4
update,47396,47409,47413,4,,5
inbound,47400,47412,47415,3,,6
update,47407,47421,47423,2,,7
update,47418,47431,47434,3,,8
inbound,47425,47439,47441,2,,9
update,47429,47442,47445,3,,10
inbound,47430,47443,47446,3,,11
update,47440,47453,47456,3,,12
update,47451,47465,47468,3,,13
update,47462,47476,47478,2,,14
update,47473,47486,47489,3,,15
update,47484,47497,47500,3,,0
inbound,47485,47498,47501,3,,1
update,47495,47508,47511,3,,2
update,47506,47519,47526,7,,3
update,47517,47530,47533,3,,4
update,47528,47542,47544,2,,5
inbound,47540,47552,47555,3,,7
update,47539,47552,47555,3,,6
update,47550,47564,47567,3,,8
update,47561,47575,47578,3,,9
update,47572,47585,47588,3,,10
update,47583,47596,47599,3,,11
update,47594,47608,47611,3,,12
inbound,47595,47609,47612,3,,13
update,47605,47619,47621,2,,14
update,47616,47629,47632,3,,15
update,47627,47640,47643,3,,0
update,47638,47651,47654,3,,1
inbound,47650,47662,47665,3,,3
update,47649,47662,47665,3,,2
update,47660,47674,47676,2,,4
update,47671,47684,47687,3,,5
update,47682,47696,47698,2,,6
update,47693,47706,47709,3,,7
update,47704,47718,47721,3,,8
inbound,47705,47718,47721,3,,9
update,47715,47729,47731,2,,10
update,47726,47740,47742,2,,11
update,47737,47750,47753,3,,12
update,47748,47762,47765,3,,13
inbound,47760,47773,47775,2,,15
update,47759,47773,47776,3,,14
update,47770,47783,47786,3,,0
update,47781,47794,47796,2,,1
update,47792,47806,47808,2,,2
update,47803,47816,47818,2,,3
inbound,47815,47828,47830,2,,5
update,47814,47828,47831,3,,4
update,47825,47839,47841,2,,6
update,47836,47850,47852,2,,7
update,47847,47860,47863,3,,8
update,47858,47872,47874,2,,9
update,47869,47882,47885,3,,10
update,47880,47894,47897,3,,11
update,47891,47905,47907,2,,12
update,47902,47915,47918,3,,13
update,47913,47927,47929,2,,14
update,47924,47938,47940,2,,15
update,48000,48014,48016,2,,0
inbound,48000,48014,48018,4,,1
update,48011,48024,48027,3,,2
update,48022,48035,48038,3,,3
inbound,48025,48039,48041,2,,4
update,48033,48046,48053,7,,5
update,48044,48058,48061,3,,6
update,48055,48068,48071,3,,7
update,48066,48079,48082,3,,8
update,48077,48091,48093,2,,9
update,48088,48102,48104,2,,10
update,48099,48112,48115,3,,11
inbound,48100,48113,48117,4,,12
update,48110,48124,48126,2,,13
update,48121,48134,48137,3,,14
update,48132,48144,48147,3,,15
update,48143,48156,48159,3,,0
update,48154,48168,48171,3,,1
inbound,48155,48169,48172,3,,2
update,48165,48179,48181,2,,3
update,48176,48190,48192,2,,4
update,48187,48201,48204,3,,5
update,48198,48211,48214,3,,6
inbound,48200,48214,48216,2,,7
update,48209,48222,48225,3,,8
inbound,48210,48224,48227,3,,9
update,48220,48233,48236,3,,10
inbound,48225,48238,48242,4,,11
update,48231,48245,48249,4,,12
update,48242,48256,48259,3,,13
update,48253,48267,48270,3,,14
update,48264,48277,48281,4,,15
inbound,48265,48279,48284,5,,0
update,48275,48288,48291,3,,1
update,48286,48299,48302,3,,2
update,48297,48310,48313,3,,3
update,48308,48321,48324,3,,4
update,48319,48332,48335,3,,5
inbound,48320,48334,48337,3,,6
update,48330,48344,48346,2,,7
update,48341,48354,48356,2,,8
update,48352,48365,48368,3,,9
update,48363,48376,48379,3,,10
update,48374,48387,48391,4,,11
inbound,48375,48389,48392,3,,12
update,48385,48398,48401,3,,13
update,48396,48410,48413,3,,14
inbound,48400,48414,48417,3,,15
update,48407,48420,48423,3,,0
update,48418,48432,48435,3,,1
inbound,48425,48439,48444,5,,2
update,48429,48442,48451,9,,3
inbound,48430,48444,48453,9,,4
update,48440,48453,48458,5,,5
update,48451,48464,48468,4,,6
update,48462,48476,48479,3,,7
update,48473,48487,48490,3,,8
inbound,48485,48499,48507,8,,10
update,48484,48497,48508,11,,9
update,48495,48509,48513,4,,11
update,48506,48519,48523,4,,12
update,48517,48531,48535,4,,13
update,48528,48541,48545,4,,14
update,48539,48553,48555,2,,15
inbound,48540,48554,48558,4,,0
update,48550,48564,48566,2,,1
update,48561,48574,48579,5,,2
update,48572,48586,48589,3,,3
update,48583,48596,48599,3,,4
update,48594,48608,48611,3,,5
inbound,48595,48609,48612,3,,6
update,48605,48619,48621,2,,7
update,48616,48629,48632,3,,8
update,48627,48640,48643,3,,9
update,48638,48652,48654,2,,10
inbound,48650,48663,48665,2,,12
update,48649,48663,48666,3,,11
update,48660,48673,48676,3,,13
update,48671,48684,48687,3,,14
update,48682,48696,48698,2,,15
update,48693,48706,48709,3,,0
update,48704,48718,48721,3,,1
inbound,48705,48719,48723,4,,2
update,48715,48728,48731,3,,3
update,48726,48739,48742,3,,4
update,48737,48751,48753,2,,5
update,48748,48762,48764,2,,6
inbound,48760,48772,48775,3,,8
update,48759,48772,48775,3,,7
update,48770,48784,48786,2,,9
update,48781,48795,48797,2,,10
update,48792,48806,48808,2,,11
update,48803,48817,48819,2,,12
update,48814,48827,48830,3,,13
inbound,48815,48828,48830,2,,14
update,48825,48838,48841,3,,15
update,48836,48849,48852,3,,0
update,48847,48861,48864,3,,1
update,48858,48871,48874,3,,2
update,48869,48883,48885,2,,3
update,48880,48893,48896,3,,4
update,48891,48905,48907,2,,5
update,48902,48915,48918,3,,6
update,48913,48927,48930,3,,7
update,48924,48938,48940,2,,8
inbound,49000,49013,49016,3,,10
update,49000,49013,49017,4,,9
update,49011,49024,49027,3,,11
update,49022,49036,49038,2,,12
inbound,49025,49038,49041,3,,13
update,49033,49047,49050,3,,14
update,49044,49058,49062,4,,15
update,49055,49068,49071,3,,0
update,49066,49079,49082,3,,1
update,49077,49091,49094,3,,2
update,49088,49102,49106,4,,3
inbound,49100,49113,49117,4,,5
update,49099,49112,49117,5,,4
update,49110,49123,49126,3,,6
update,49121,49134,49137,3,,7
update,49132,49145,49147,2,,8
update,49143,49156,49159,3,,9
update,49154,49168,49171,3,,10
inbound,49155,49169,49172,3,,11
update,49165,49179,49181,2,,12
update,49176,49189,49192,3,,13
update,49187,49200,49203,3,,14
update,49198,49211,49213,2,,15
inbound,49200,49213,49216,3,,0
update,49209,49222,49225,3,,1
inbound,49210,49223,49226,3,,2
update,49220,49233,49237,4,,3
inbound,49225,49238,49241,3,,4
update,49231,49244,49247,3,,5
update,49242,49255,49258,3,,6
update,49253,49266,49269,3,,7
update,49264,49278,49280,2,,8
inbound,49265,49279,49282,3,,9
update,49275,49288,49291,3,,10
update,49286,49299,49303,4,,11
update,49297,49310,49313,3,,12
update,49308,49321,49324,3,,13
update,49319,49333,49336,3,,14
inbound,49320,49334,49337,3,,15
update,49330,49344,49346,2,,0
update,49341,49354,49357,3,,1
update,49352,49365,49367,2,,2
update,49363,49377,49380,3,,3
inbound,49375,49389,49392,3,,5
update,49374,49388,49394,6,,4
update,49385,49398,49401,3,,6
update,49396,49410,49413,3,,7
inbound,49400,49413,49416,3,,8
update,49407,49420,49424,4,,9
update,49418,49431,49434,3,,10
inbound,49425,49438,49440,2,,11
update,49429,49443,49446,3,,12
inbound,49430,49443,49446,3,,13
update,49440,49453,49456,3,,14
update,49451,49464,49466,2,,15
update,49462,49476,49479,3,,0
update,49473,49486,49489,3,,1
update,49484,49497,49500,3,,2
inbound,49485,49499,49502,3,,3
update,49495,49509,49512,3,,4
update,49506,49520,49522,2,,5
update,49517,49530,49533,3,,6
update,49528,49542,49544,2,,7
update,49539,49553,49556,3,,8
inbound,49540,49554,49557,3,,9
update,49550,49564,49566,2,,10
update,49561,49574,49577,3,,11
update,49572,49586,49588,2,,12
update,49583,49597,49600,3,,13
update,49594,49608,49611,3,,14
inbound,49595,49609,49612,3,,15
update,49605,49619,49621,2,,0
update,49616,49630,49632,2,,1
update,49627,49641,49643,2,,2
update,49638,49651,49654,3,,3
update,49649,49662,49665,3,,4
inbound,49650,49663,49667,4,,5
update,49660,49674,49677,3,,6
update,49671,49684,49687,3,,7
update,49682,49695,49698,3,,8
update,49693,49707,49710,3,,9
update,49704,49717,49721,4,,10
inbound,49705,49719,49722,3,,11
update,49715,49729,49732,3,,12
update,49726,49739,49742,3,,13
update,49737,49751,49753,2,,14
update,49748,49762,49764,2,,15
update,49759,49772,49776,4,,0
inbound,49760,49774,49777,3,,1
update,49770,49783,49786,3,,2
update,49781,49794,49797,3,,3
update,49792,49805,49808,3,,4
update,49803,49816,49819,3,,5
inbound,49815,49829,49831,2,,7
update,49814,49828,49831,3,,6
update,49825,49838,49843,5,,8
update,49836,49850,49852,2,,9
update,49847,49861,49863,2,,10
update,49858,49872,49874,2,,11
update,49869,49883,49885,2,,12
update,49880,49894,49896,2,,13
update,49891,49905,49907,2,,14
update,49902,49915,49918,3,,15
update,49913,49927,49930,3,,0
update,49924,49938,49940,2,,1
inbound,50000,50014,50016,2,,3
update,50000,50014,50017,3,,2
update,50011,50025,50027,2,,4
update,50022,50036,50038,2,,5
inbound,50025,50038,50041,3,,6
update,50033,50047,50049,2,,7
update,50044,50058,50063,5,,8
update,50055,50068,50071,3,,9
update,50066,50079,50082,3,,10
update,50077,50091,50094,3,,11
update,50088,50102,50104,2,,12
update,50099,50113,50116,3,,13
inbound,50100,50114,50116,2,,14
update,50110,50124,50126,2,,15
update,50121,50134,50137,3,,0
update,50132,50146,50148,2,,1
update,50143,50157,50159,2,,2
update,50154,50166,50169,3,,3
inbound,50155,50168,50171,3,,4
update,50165,50178,50181,3,,5
update,50176,50190,50193,3,,6
update,50187,50201,50203,2,,7
update,50198,50211,50214,3,,8
inbound,50200,50213,50216,3,,9
inbound,50210,50222,50225,3,,11
update,50209,50222,50225,3,,10
update,50220,50234,50236,2,,12
inbound,50225,50238,50241,3,,13
update,50231,50245,50247,2,,14
update,50242,50256,50258,2,,15
update,50253,50266,50269,3,,0
inbound,50265,50278,50281,3,,2
update,50264,50278,50281,3,,1
update,50275,50288,50291,3,,3
update,50286,50299,50302,3,,4
update,50297,50311,50313,2,,5
update,50308,50321,50324,3,,6
inbound,50320,50332,50335,3,,8
update,50319,50332,50336,4,,7
update,50330,50344,50346,2,,9
update,50341,50353,50356,3,,10
update,50352,50365,50368,3,,11
update,50363,50377,50379,2,,12
inbound,50375,50387,50390,3,,14
update,50374,50387,50390,3,,13
update,50385,50398,50401,3,,15
update,50396,50409,50411,2,,0
inbound,50400,50414,50416,2,,1
update,50407,50420,50423,3,,2
update,50418,50432,50434,2,,3
inbound,50425,50438,50441,3,,4
inbound,50430,50442,50445,3,,6
update,50429,50442,50445,3,,5
update,50440,50452,50455,3,,7
update,50451,50464,50466,2,,8
update,50462,50476,50478,2,,9
update,50473,50486,50489,3,,10
inbound,50485,50498,50501,3,,12
update,50484,50498,50501,3,,11
update,50495,50508,50511,3,,13
update,50506,50519,50522,3,,14
update,50517,50531,50533,2,,15
update,50528,50541,50544,3,,0
inbound,50540,50553,50556,3,,2
update,50539,50553,50556,3,,1
update,50550,50563,50566,3,,3
update,50561,50575,50578,3,,4
update,50572,50586,50588,2,,5
update,50583,50597,50599,2,,6
update,50594,50607,50610,3,,7
inbound,50595,50608,50612,4,,8
update,50605,50619,50621,2,,9
update,50616,50629,50631,2,,10
update,50627,50641,50643,2,,11
update,50638,50651,50654,3,,12
update,50649,50663,50665,2,,13
inbound,50650,50664,50667,3,,14
update,50660,50674,50676,2,,15
update,50671,50685,50687,2,,0
update,50682,50695,50698,3,,1
update,50693,50706,50709,3,,2
update,50704,50718,50721,3,,3
inbound,50705,50718,50721,3,,4
update,50715,50728,50732,4,,5
update,50726,50740,50742,2,,6
update,50737,50751,50753,2,,7
update,50748,50761,50764,3,,8
inbound,50760,50772,50774,2,,10
update,50759,50772,50775,3,,9
update,50770,50784,50787,3,,11
update,50781,50795,50797,2,,12
update,50792,50806,50808,2,,13
update,50803,50816,50819,3,,14
update,50814,50827,50830,3,,15
inbound,50815,50828,50830,2,,0
update,50825,50839,50842,3,,1
update,50836,50849,50854,5,,2
update,50847,50861,50863,2,,3
update,50858,50871,50875,4,,4
update,50869,50883,50886,3,,5
update,50880,50894,50897,3,,6
update,50891,50905,50908,3,,7
update,50902,50915,50919,4,,8
update,50913,50926,50930,4,,9
update,50924,50938,50942,4,,10
update,51000,51013,51016,3,,11
inbound,51000,51015,51018,3,,12
update,51011,51024,51027,3,,13
update,51022,51036,51038,2,,14
inbound,51025,51039,51042,3,,15
update,51033,51046,51049,3,,0
update,51044,51057,51061,4,,1
update,51055,51068,51072,4,,2
update,51066,51079,51084,5,,3
update,51077,51090,51094,4,,4
update,51088,51101,51105,4,,5
update,51099,51112,51117,5,,6
inbound,51100,51114,51118,4,,7
update,51110,51123,51127,4,,8
update,51121,51134,51137,3,,9
update,51132,51146,51148,2,,10
update,51143,51157,51159,2,,11
update,51154,51167,51171,4,,12
inbound,51155,51170,51172,2,,13
update,51165,51178,51181,3,,14
update,51176,51190,51193,3,,15
update,51187,51200,51203,3,,0
update,51198,51212,51215,3,,1
inbound,51200,51215,51218,3,,2
update,51209,51222,51225,3,,3
inbound,51210,51225,51228,3,,4
update,51220,51234,51236,2,,5
inbound,51225,51239,51242,3,,6
update,51231,51244,51247,3,,7
update,51242,51256,51259,3,,8
update,51253,51268,51271,3,,9
update,51264,51278,51282,4,,10
inbound,51265,51279,51282,3,,11
update,51275,51290,51292,2,,12
update,51286,51300,51303,3,,13
update,51297,51312,51314,2,,14
update,51308,51323,51326,3,,15
inbound,51320,51333,51336,3,,1
update,51319,51333,51337,4,,0
update,51330,51344,51347,3,,2
update,51341,51356,51359,3,,3
update,51352,51366,51369,3,,4
update,51363,51378,51381,3,,5
update,51374,51388,51392,4,,6
inbound,51375,51389,51393,4,,7
update,51385,51400,51403,3,,8
update,51396,51411,51414,3,,9
inbound,51400,51414,51417,3,,10
update,51407,51421,51424,3,,11
update,51418,51432,51436,4,,12
inbound,51425,51440,51443,3,,13
update,51429,51444,51447,3,,14
inbound,51430,51445,51448,3,,15
update,51440,51455,51457,2,,0
update,51451,51466,51469,3,,1
update,51462,51476,51479,3,,2
update,51473,51488,51490,2,,3
inbound,51485,51499,51502,3,,5
update,51484,51499,51502,3,,4
update,51495,51510,51513,3,,6
update,51506,51521,51523,2,,7
update,51517,51531,51533,2,,8
update,51528,51542,51545,3,,9
update,51539,51553,51556,3,,10
inbound,51540,51554,51558,4,,11
update,51550,51564,51567,3,,12
update,51561,51576,51579,3,,13
update,51572,51587,51589,2,,14
update,51583,51597,51600,3,,15
update,51594,51608,51612,4,,0
inbound,51595,51610,51613,3,,1
update,51605,51620,51623,3,,2
update,51616,51631,51633,2,,3
update,51627,51642,51645,3,,4
update,51638,51651,51654,3,,5
update,51649,51663,51666,3,,6
inbound,51650,51665,51668,3,,7
update,51660,51674,51677,3,,8
update,51671,51685,51688,3,,9
update,51682,51697,51699,2,,10
update,51693,51707,51710,3,,11
update,51704,51719,51722,3,,12
inbound,51705,51720,51723,3,,13
update,51715,51730,51732,2,,14
update,51726,51740,51743,3,,15
update,51737,51752,51754,2,,0
update,51748,51763,51766,3,,1
inbound,51760,51774,51777,3,,3
update,51759,51774,51777,3,,2
update,51770,51784,51787,3,,4
update,51781,51796,51799,3,,5
update,51792,51806,51808,2,,6
update,51803,51818,51821,3,,7
update,51814,51829,51835,6,,8
inbound,51815,51830,51836,6,,9
update,51825,51840,51842,2,,10
update,51836,51850,51853,3,,11
update,51847,51862,51864,2,,12
update,51858,51873,51876,3,,13
update,51869,51884,51887,3,,14
update,51880,51895,51898,3,,15
update,51891,51905,51908,3,,0
update,51902,51917,51919,2,,1
update,51913,51928,51931,3,,2
update,51924,51939,51943,4,,3
update,52000,52014,52020,6,,4
inbound,52000,52014,52020,6,,5
update,52011,52025,52031,6,,6
update,52022,52037,52043,6,,7
inbound,52025,52039,52044,5,,8
update,52033,52047,52051,4,,9
update,52044,52059,52064,5,,10
update,52055,52069,52077,8,,11
update,52077,52092,52096,4,,13
update,52066,52081,52098,17,,12
update,52088,52102,52107,5,,14
update,52099,52114,52118,4,,15
inbound,52100,52115,52118,3,,0
update,52110,52125,52128,3,,1
update,52121,52136,52138,2,,2
update,52132,52146,52149,3,,3
update,52143,52157,52160,3,,4
update,52154,52168,52171,3,,5
inbound,52155,52169,52172,3,,6
update,52165,52179,52182,3,,7
update,52176,52191,52194,3,,8
update,52187,52202,52205,3,,9
update,52198,52212,52215,3,,10
inbound,52200,52214,52217,3,,11
update,52209,52224,52227,3,,12
inbound,52210,52225,52228,3,,13
update,52220,52234,52237,3,,14
inbound,52225,52239,52242,3,,15
update,52231,52245,52248,3,,0
update,52242,52256,52259,3,,1
update,52253,52268,52271,3,,2
update,52264,52278,52282,4,,3
inbound,52265,52280,52283,3,,4
update,52275,52289,52292,3,,5
update,52286,52301,52304,3,,6
update,52297,52311,52315,4,,7
update,52308,52322,52326,4,,8
update,52319,52334,52337,3,,9
inbound,52320,52334,52337,3,,10
update,52330,52345,52348,3,,11
update,52341,52356,52358,2,,12
update,52352,52366,52370,4,,13
update,52363,52377,52380,3,,14
update,52374,52388,52391,3,,15
inbound,52375,52389,52393,4,,0
update,52385,52399,52402,3,,1
update,52396,52410,52413,3,,2
inbound,52400,52414,52417,3,,3
update,52407,52422,52424,2,,4
update,52418,52432,52435,3,,5
inbound,52425,52439,52442,3,,6
update,52429,52444,52447,3,,7
inbound,52430,52445,52448,3,,8
update,52440,52455,52458,3,,9
update,52451,52465,52468,3,,10
update,52462,52477,52480,3,,11
update,52473,52488,52490,2,,12
update,52484,52498,52502,4,,13
inbound,52485,52499,52503,4,,14
update,52495,52509,52512,3,,15
update,52506,52520,52523,3,,0
update,52517,52532,52534,2,,1
update,52528,52542,52545,3,,2
update,52539,52553,52557,4,,3
inbound,52540,52554,52557,3,,4
update,52550,52564,52567,3,,5
update,52561,52575,52578,3,,6
update,52572,52586,52590,4,,7
update,52583,52598,52600,2,,8
update,52594,52608,52611,3,,9
inbound,52595,52610,52614,4,,10
update,52605,52620,52622,2,,11
update,52616,52631,52633,2,,12
update,52627,52641,52644,3,,13
update,52638,52652,52655,3,,14
update,52649,52664,52667,3,,15
inbound,52650,52665,52668,3,,0
update,52660,52674,52676,2,,1
update,52671,52685,52688,3,,2
update,52682,52697,52699,2,,3
update,52693,52707,52710,3,,4
update,52704,52718,52722,4,,5
inbound,52705,52719,52722,3,,6
update,52715,52730,52732,2,,7
update,52726,52740,52743,3,,8
update,52737,52752,52755,3,,9
update,52748,52763,52765,2,,10
update,52759,52774,52777,3,,11
inbound,52760,52775,52777,2,,12
update,52770,52785,52787,2,,13
update,52781,52795,52798,3,,14
update,52792,52807,52810,3,,15
update,52803,52818,52820,2,,0
update,52814,52828,52832,4,,1
inbound,52815,52829,52832,3,,2
update,52825,52840,52843,3,,3
update,52836,52850,52853,3,,4
update,52847,52862,52864,2,,5
update,52858,52873,52875,2,,6
update,52869,52883,52886,3,,7
update,52880,52894,52897,3,,8
update,52891,52906,52908,2,,9
update,52902,52917,52920,3,,10
update,52913,52927,52930,3,,11
update,52924,52938,52940,2,,12
inbound,53000,53014,53017,3,,14
update,53000,53014,53018,4,,13
update,53011,53026,53029,3,,15
update,53022,53037,53039,2,,0
inbound,53025,53039,53042,3,,1
update,53033,53047,53050,3,,2
update,53044,53059,53062,3,,3
update,53055,53069,53072,3,,4
update,53066,53081,53084,3,,5
update,53077,53091,53095,4,,6
update,53088,53102,53105,3,,7
update,53099,53114,53117,3,,8
inbound,53100,53115,53119,4,,9
update,53110,53124,53128,4,,10
update,53121,53136,53140,4,,11
update,53132,53146,53150,4,,12
update,53143,53158,53162,4,,13
inbound,53155,53169,53173,4,,15
update,53154,53169,53175,6,,14
update,53165,53179,53183,4,,0
update,53176,53190,53194,4,,1
update,53187,53201,53206,5,,2
update,53198,53212,53215,3,,3
inbound,53200,53215,53218,3,,4
update,53209,53224,53226,2,,5
inbound,53210,53224,53227,3,,6
update,53220,53234,53236,2,,7
inbound,53225,53240,53242,2,,8
update,53231,53246,53248,2,,9
update,53242,53256,53260,4,,10
update,53253,53268,53270,2,,11
inbound,53265,53278,53282,4,,13
update,53264,53278,53284,6,,12
update,53275,53290,53295,5,,14
update,53286,53301,53304,3,,15
update,53297,53311,53315,4,,0
update,53308,53323,53325,2,,1
update,53319,53333,53336,3,,2
inbound,53320,53335,53338,3,,3
update,53330,53344,53346,2,,4
update,53341,53356,53358,2,,5
update,53352,53367,53369,2,,6
update,53363,53378,53381,3,,7
update,53374,53389,53392,3,,8
inbound,53375,53389,53393,4,,9
update,53385,53399,53402,3,,10
update,53396,53410,53413,3,,11
inbound,53400,53415,53418,3,,12
update,53407,53421,53424,3,,13
update,53418,53432,53435,3,,14
inbound,53425,53439,53442,3,,15
update,53429,53443,53447,4,,0
inbound,53430,53445,53448,3,,1
update,53440,53454,53457,3,,2
update,53451,53465,53468,3,,3
update,53462,53476,53479,3,,4
update,53473,53488,53490,2,,5
update,53484,53499,53502,3,,6
inbound,53485,53500,53503,3,,7
update,53495,53510,53512,2,,8
update,53506,53520,53523,3,,9
update,53517,53532,53534,2,,10
update,53528,53543,53545,2,,11
update,53539,53554,53558,4,,12
inbound,53540,53555,53558,3,,13
update,53550,53564,53567,3,,14
update,53561,53575,53578,3,,15
update,53572,53587,53590,3,,0
update,53583,53597,53601,4,,1
inbound,53595,53609,53612,3,,3
update,53594,53609,53612,3,,2
update,53605,53620,53622,2,,4
update,53616,53631,53634,3,,5
update,53627,53641,53644,3,,6
update,53638,53652,53655,3,,7
update,53649,53664,53667,3,,8
inbound,53650,53665,53668,3,,9
update,53660,53674,53677,3,,10
update,53671,53686,53689,3,,11
update,53682,53697,53699,2,,12
update,53693,53708,53711,3,,13
inbound,53705,53719,53722,3,,15
update,53704,53719,53722,3,,14
update,53715,53729,53731,2,,0
update,53726,53739,53743,4,,1
update,53737,53752,53755,3,,2
update,53748,53762,53765,3,,3
update,53759,53773,53776,3,,4
inbound,53760,53775,53777,2,,5
update,53770,53784,53788,4,,6
update,53781,53796,53798,2,,7
update,53792,53806,53809,3,,8
update,53803,53817,53820,3,,9
update,53814,53829,53832,3,,10
inbound,53815,53830,53832,2,,11
update,53825,53840,53843,3,,12
update,53836,53851,53853,2,,13
update,53847,53861,53864,3,,14
update,53858,53872,53875,3,,15
update,53869,53883,53887,4,,0
update,53880,53894,53897,3,,1
update,53891,53905,53908,3,,2
update,53902,53916,53919,3,,3
update,53913,53928,53930,2,,4
update,53924,53937,53941,4,,5
inbound,54000,54014,54017,3,,7
update,54000,54014,54017,3,,6
update,54011,54024,54027,3,,8
update,54022,54036,54039,3,,9
inbound,54025,54039,54042,3,,10
update,54033,54047,54050,3,,11
update,54044,54059,54062,3,,12
update,54055,54070,54072,2,,13
update,54066,54081,54084,3,,14
update,54077,54092,54094,2,,15
update,54088,54103,54105,2,,0
update,54099,54113,54116,3,,1
inbound,54100,54115,54117,2,,2
update,54110,54124,54127,3,,3
update,54121,54135,54138,3,,4
update,54132,54147,54149,2,,5
update,54143,54158,54160,2,,6
update,54154,54168,54171,3,,7
inbound,54155,54169,54172,3,,8
update,54165,54179,54182,3,,9
update,54176,54191,54194,3,,10
update,54187,54202,54204,2,,11
update,54198,54212,54215,3,,12
inbound,54200,54215,54217,2,,13
update,54209,54223,54226,3,,14
inbound,54210,54223,54226,3,,15
update,54220,54234,54237,3,,0
inbound,54225,54240,54242,2,,1
update,54231,54246,54248,2,,2
update,54242,54256,54259,3,,3
update,54253,54267,54270,3,,4
update,54264,54278,54281,3,,5
inbound,54265,54278,54281,3,,6
update,54275,54289,54292,3,,7
update,54286,54300,54303,3,,8
update,54297,54311,54313,2,,9
update,54308,54323,54325,2,,10
update,54319,54333,54336,3,,11
inbound,54320,54333,54337,4,,12
update,54330,54345,54347,2,,13
update,54341,54355,54358,3,,14
update,54352,54366,54369,3,,15
update,54363,54378,54381,3,,0
update,54374,54389,54392,3,,1
inbound,54375,54389,54392,3,,2
update,54385,54400,54402,2,,3
update,54396,54410,54413,3,,4
inbound,54400,54414,54416,2,,5
update,54407,54421,54423,2,,6
update,54418,54432,54435,3,,7
inbound,54425,54440,54442,2,,8
update,54429,54444,54446,2,,9
inbound,54430,54444,54447,3,,10
update,54440,54455,54457,2,,11
update,54451,54466,54468,2,,12
update,54462,54476,54479,3,,13
update,54473,54488,54490,2,,14
inbound,54485,54499,54501,2,,0
update,54484,54499,54502,3,,15
update,54495,54510,54512,2,,1
update,54506,54521,54523,2,,2
update,54517,54532,54534,2,,3
update,54528,54542,54545,3,,4
update,54539,54553,54557,4,,5
inbound,54540,54554,54557,3,,6
update,54550,54565,54567,2,,7
update,54561,54575,54578,3,,8
update,54572,54586,54589,3,,9
update,54583,54597,54600,3,,10
inbound,54595,54608,54611,3,,12
update,54594,54608,54611,3,,11
update,54605,54620,54623,3,,13
update,54616,54631,54633,2,,14
update,54627,54641,54644,3,,15
update,54638,54652,54655,3,,0
update,54649,54663,54666,3,,1
inbound,54650,54664,54667,3,,2
update,54660,54675,54677,2,,3
update,54671,54685,54688,3,,4
update,54682,54696,54698,2,,5
update,54693,54708,54710,2,,6
inbound,54705,54718,54721,3,,8
update,54704,54718,54721,3,,7
update,54715,54729,54732,3,,9
update,54726,54741,54744,3,,10
update,54737,54752,54754,2,,11
update,54748,54763,54765,2,,12
inbound,54760,54773,54775,2,,14
update,54759,54773,54776,3,,13
update,54770,54784,54786,2,,15
update,54781,54796,54798,2,,0
update,54792,54807,54809,2,,1
update,54803,54817,54821,4,,2
inbound,54815,54830,54832,2,,4
update,54814,54830,54833,3,,3
update,54825,54840,54842,2,,5
update,54836,54851,54854,3,,6
update,54847,54861,54864,3,,7
update,54858,54873,54876,3,,8
update,54869,54884,54887,3,,9
update,54880,54895,54898,3,,10
update,54891,54905,54908,3,,11
update,54902,54917,54919,2,,12
update,54913,54928,54930,2,,13
update,54924,54938,54941,3,,14
inbound,55000,55014,55017,3,,0
update,55000,55014,55018,4,,15
update,55011,55026,55029,3,,1
update,55022,55037,55039,2,,2
inbound,55025,55039,55042,3,,3
update,55033,55047,55050,3,,4
update,55044,55059,55062,3,,5
update,55055,55069,55072,3,,6
update,55066,55081,55084,3,,7
update,55077,55091,55097,6,,8
update,55088,55103,55106,3,,9
update,55099,55113,55116,3,,10
inbound,55100,55114,55117,3,,11
update,55110,55124,55127,3,,12
update,55121,55135,55138,3,,13
update,55132,55147,55150,3,,14
update,55143,55157,55160,3,,15
update,55154,55169,55172,3,,0
inbound,55155,55170,55173,3,,1
update,55165,55180,55183,3,,2
update,55176,55191,55193,2,,3
update,55187,55202,55204,2,,4
update,55198,55212,55216,4,,5
inbound,55200,55215,55218,3,,6
update,55209,55223,55226,3,,7
inbound,55210,55225,55228,3,,8
update,55220,55235,55238,3,,9
inbound,55225,55239,55242,3,,10
update,55231,55246,55249,3,,11
update,55242,55256,55259,3,,12
update,55253,55267,55270,3,,13
update,55264,55279,55283,4,,14
inbound,55265,55280,55283,3,,15
update,55275,55289,55292,3,,0
update,55286,55301,55303,2,,1
update,55297,55311,55314,3,,2
update,55308,55322,55326,4,,3
update,55319,55333,55337,4,,4
inbound,55320,55334,55337,3,,5
update,55330,55344,55347,3,,6
update,55341,55356,55358,2,,7
update,55352,55366,55369,3,,8
update,55363,55378,55380,2,,9
update,55374,55387,55390,3,,10
inbound,55375,55389,55393,4,,11
update,55385,55400,55402,2,,12
update,55396,55411,55414,3,,13
inbound,55400,55414,55417,3,,14
update,55407,55422,55424,2,,15
update,55418,55432,55435,3,,0
inbound,55425,55440,55443,3,,1
update,55429,55444,55447,3,,2
inbound,55430,55445,55448,3,,3
update,55440,55454,55457,3,,4
update,55451,55465,55468,3,,5
update,55462,55476,55479,3,,6
update,55473,55487,55490,3,,7
update,55484,55499,55503,4,,8
inbound,55485,55500,55503,3,,9
update,55495,55509,55512,3,,10
update,55506,55520,55523,3,,11
update,55517,55531,55534,3,,12
update,55528,55543,55545,2,,13
update,55539,55553,55557,4,,14
inbound,55540,55554,55558,4,,15
update,55550,55564,55567,3,,0
update,55561,55576,55578,2,,1
update,55572,55586,55589,3,,2
update,55583,55597,55600,3,,3
update,55594,55608,55612,4,,4
inbound,55595,55609,55613,4,,5
update,55605,55620,55622,2,,6
update,55616,55630,55633,3,,7
update,55627,55641,55644,3,,8
update,55638,55653,55656,3,,9
update,55649,55663,55666,3,,10
inbound,55650,55664,55668,4,,11
update,55660,55675,55678,3,,12
update,55671,55686,55689,3,,13
update,55682,55697,55699,2,,14
update,55693,55708,55710,2,,15
update,55704,55718,55722,4,,0
inbound,55705,55719,55723,4,,1
update,55715,55729,55732,3,,2
update,55726,55741,55743,2,,3
update,55737,55752,55755,3,,4
update,55748,55762,55766,4,,5
update,55759,55773,55776,3,,6
inbound,55760,55775,55776,1,,7
update,55770,55784,55787,3,,8
update,55781,55795,55797,2,,9
update,55792,55806,55809,3,,10
update,55803,55818,55820,2,,11
update,55814,55828,55831,3,,12
inbound,55815,55829,55832,3,,13
update,55825,55840,55843,3,,14
update,55836,55850,55853,3,,15
update,55847,55861,55864,3,,0
update,55858,55872,55875,3,,1
update,55869,55883,55887,4,,2
update,55880,55894,55897,3,,3
update,55891,55905,55908,3,,4
update,55902,55916,55919,3,,5
update,55913,55927,55930,3,,6
update,55924,55938,55941,3,,7
inbound,56000,56014,56017,3,,9
update,56000,56014,56018,4,,8
update,56011,56026,56028,2,,10
update,56022,56036,56039,3,,11
inbound,56025,56039,56042,3,,12
update,56033,56048,56051,3,,13
update,56044,56059,56061,2,,14
update,56055,56069,56072,3,,15
update,56066,56080,56083,3,,0
update,56077,56091,56098,7,,1
update,56088,56103,56106,3,,2
update,56099,56113,56117,4,,3
inbound,56100,56115,56118,3,,4
update,56110,56124,56127,3,,5
update,56121,56136,56139,3,,6
update,56132,56146,56149,3,,7
update,56143,56157,56160,3,,8
update,56154,56169,56172,3,,9
inbound,56155,56170,56173,3,,10
update,56165,56179,56182,3,,11
update,56176,56191,56193,2,,12
update,56187,56202,56204,2,,13
update,56198,56212,56215,3,,14
inbound,56200,56215,56217,2,,15
update,56209,56223,56226,3,,0
inbound,56210,56224,56228,4,,1
update,56220,56235,56238,3,,2
inbound,56225,56240,56243,3,,3
update,56231,56246,56248,2,,4
update,56242,56257,56259,2,,5
update,56253,56268,56270,2,,6
update,56264,56279,56283,4,,7
inbound,56265,56279,56283,4,,8
update,56275,56290,56292,2,,9
update,56286,56300,56302,2,,10
update,56297,56311,56314,3,,11
update,56308,56323,56325,2,,12
update,56319,56333,56336,3,,13
inbound,56320,56334,56338,4,,14
update,56330,56344,56348,4,,15
update,56341,56355,56358,3,,0
update,56352,56366,56369,3,,1
update,56363,56378,56380,2,,2
update,56374,56387,56390,3,,3
inbound,56375,56389,56393,4,,4
update,56385,56399,56402,3,,5
update,56396,56411,56414,3,,6
inbound,56400,56415,56418,3,,7
update,56407,56422,56424,2,,8
update,56418,56433,56436,3,,9
inbound,56425,56440,56443,3,,10
update,56429,56443,56446,3,,11
inbound,56430,56444,56448,4,,12
update,56440,56454,56457,3,,13
update,56451,56465,56468,3,,14
update,56462,56477,56479,2,,15
update,56473,56488,56493,5,,0
update,56484,56498,56501,3,,1
inbound,56485,56500,56505,5,,2
update,56495,56509,56512,3,,3
update,56506,56520,56524,4,,4
update,56517,56531,56534,3,,5
update,56528,56543,56545,2,,6
update,56539,56554,56557,3,,7
inbound,56540,56554,56557,3,,8
update,56550,56564,56566,2,,9
update,56561,56576,56579,3,,10
update,56572,56587,56590,3,,11
update,56583,56598,56601,3,,12
update,56594,56608,56611,3,,13
inbound,56595,56609,56613,4,,14
update,56605,56620,56622,2,,15
update,56616,56631,56634,3,,0
update,56627,56641,56644,3,,1
update,56638,56652,56655,3,,2
update,56649,56664,56667,3,,3
inbound,56650,56665,56668,3,,4
update,56660,56675,56678,3,,5
update,56671,56686,56689,3,,6
update,56682,56697,56700,3,,7
update,56693,56707,56710,3,,8
update,56704,56719,56722,3,,9
inbound,56705,56720,56723,3,,10
update,56715,56729,56733,4,,11
update,56726,56740,56743,3,,12
update,56737,56752,56754,2,,13
update,56748,56762,56764,2,,14
update,56759,56773,56776,3,,15
inbound,56760,56774,56776,2,,0
update,56770,56783,56787,4,,1
update,56781,56795,56798,3,,2
update,56792,56806,56809,3,,3
update,56803,56818,56820,2,,4
update,56814,56828,56831,3,,5
inbound,56815,56829,56832,3,,6
update,56825,56839,56842,3,,7
update,56836,56850,56853,3,,8
update,56847,56862,56864,2,,9
update,56858,56873,56876,3,,10
update,56869,56883,56886,3,,11
update,56880,56894,56897,3,,12
update,56891,56906,56911,5,,13
update,56902,56917,56924,7,,14
update,56913,56927,56935,8,,15
update,56924,56939,56944,5,,0
update,57000,57015,57018,3,,1
inbound,57000,57015,57018,3,,2
update,57011,57026,57029,3,,3
update,57022,57036,57039,3,,4
inbound,57025,57039,57042,3,,5
update,57033,57047,57049,2,,6
update,57044,57058,57062,4,,7
update,57055,57069,57072,3,,8
update,57066,57080,57084,4,,9
update,57077,57091,57094,3,,10
update,57088,57103,57106,3,,11
update,57099,57114,57117,3,,12
inbound,57100,57115,57118,3,,13
update,57110,57124,57127,3,,14
update,57121,57136,57139,3,,15
update,57132,57147,57149,2,,0
update,57143,57157,57160,3,,1
update,57154,57167,57171,4,,2
inbound,57155,57169,57172,3,,3
update,57165,57179,57182,3,,4
update,57176,57190,57193,3,,5
update,57187,57202,57204,2,,6
update,57198,57213,57216,3,,7
inbound,57200,57215,57217,2,,8
update,57209,57223,57227,4,,9
inbound,57210,57225,57227,2,,10
update,57220,57234,57237,3,,11
inbound,57225,57239,57242,3,,12
update,57231,57246,57248,2,,13
update,57242,57257,57259,2,,14
update,57253,57267,57270,3,,15
inbound,57265,57278,57281,3,,1
update,57264,57278,57281,3,,0
update,57275,57289,57292,3,,2
update,57286,57301,57304,3,,3
update,57297,57312,57314,2,,4
update,57308,57323,57325,2,,5
inbound,57320,57334,57336,2,,7
update,57319,57334,57337,3,,6
update,57330,57345,57347,2,,8
update,57341,57355,57358,3,,9
update,57352,57366,57369,3,,10
update,57363,57378,57380,2,,11
inbound,57375,57389,57391,2,,13
update,57374,57388,57392,4,,12
update,57385,57400,57402,2,,14
update,57396,57411,57413,2,,15
inbound,57400,57414,57417,3,,0
update,57407,57422,57424,2,,1
update,57418,57432,57435,3,,2
inbound,57425,57439,57442,3,,3
inbound,57430,57443,57446,3,,5
update,57429,57443,57446,3,,4
update,57440,57454,57456,2,,6
update,57451,57465,57467,2,,7
update,57462,57477,57479,2,,8
update,57473,57487,57490,3,,9
inbound,57485,57499,57502,3,,11
update,57484,57499,57502,3,,10
update,57495,57509,57511,2,,12
update,57506,57521,57523,2,,13
update,57517,57532,57535,3,,14
update,57528,57543,57545,2,,15
update,57539,57554,57556,2,,0
inbound,57540,57554,57557,3,,1
update,57550,57565,57568,3,,2
update,57561,57575,57578,3,,3
update,57572,57587,57589,2,,4
update,57583,57597,57600,3,,5
update,57594,57608,57611,3,,6
inbound,57595,57609,57613,4,,7
update,57605,57620,57623,3,,8
update,57616,57630,57633,3,,9
update,57627,57641,57644,3,,10
update,57638,57653,57655,2,,11
update,57649,57663,57666,3,,12
inbound,57650,57665,57667,2,,13
update,57660,57675,57677,2,,14
update,57671,57685,57688,3,,15
update,57682,57697,57699,2,,0
update,57693,57707,57710,3,,1
update,57704,57718,57721,3,,2
inbound,57705,57719,57722,3,,3
update,57715,57729,57732,3,,4
update,57726,57741,57743,2,,5
update,57737,57751,57754,3,,6
update,57748,57762,57765,3,,7
inbound,57760,57774,57776,2,,9
update,57759,57773,57777,4,,8
update,57770,57785,57788,3,,10
update,57781,57796,57799,3,,11
update,57792,57807,57809,2,,12
update,57803,57817,57820,3,,13
update,57814,57828,57831,3,,14
inbound,57815,57829,57831,2,,15
update,57825,57840,57842,2,,0
update,57836,57850,57853,3,,1
update,57847,57862,57864,2,,2
update,57858,57873,57875,2,,3
update,57869,57883,57886,3,,4
update,57880,57895,57897,2,,5
update,57891,57905,57908,3,,6
update,57902,57916,57919,3,,7
update,57913,57928,57930,2,,8
update,57924,57939,57941,2,,9
inbound,58000,58014,58017,3,,11
update,58000,58014,58018,4,,10
update,58011,58025,58028,3,,12
update,58022,58037,58039,2,,13
inbound,58025,58039,58042,3,,14
update,58033,58047,58050,3,,15
update,58044,58058,58061,3,,0
update,58055,58070,58072,2,,1
update,58066,58080,58083,3,,2
update,58077,58092,58095,3,,3
update,58088,58102,58105,3,,4
update,58099,58114,58118,4,,5
inbound,58100,58115,58120,5,,6
update,58110,58124,58127,3,,7
update,58121,58135,58138,3,,8
update,58132,58146,58149,3,,9
update,58143,58157,58160,3,,10
update,58154,58169,58172,3,,11
inbound,58155,58170,58174,4,,12
update,58165,58180,58182,2,,13
update,58176,58190,58193,3,,14
update,58187,58201,58204,3,,15
update,58198,58213,58216,3,,0
inbound,58200,58215,58218,3,,1
update,58209,58223,58228,5,,2
inbound,58210,58225,58228,3,,3
update,58220,58235,58238,3,,4
inbound,58225,58240,58242,2,,5
update,58231,58246,58249,3,,6
update,58242,58257,58260,3,,7
update,58253,58268,58270,2,,8
update,58264,58279,58282,3,,9
inbound,58265,58280,58283,3,,10
update,58275,58289,58293,4,,11
update,58286,58300,58304,4,,12
update,58297,58311,58315,4,,13
update,58308,58323,58328,5,,14
update,58319,58333,58338,5,,15
inbound,58320,58335,58338,3,,0
update,58330,58344,58347,3,,1
update,58341,58356,58359,3,,2
update,58352,58366,58369,3,,3
update,58363,58378,58381,3,,4
update,58374,58388,58391,3,,5
inbound,58375,58391,58394,3,,6
update,58385,58399,58402,3,,7
update,58396,58411,58413,2,,8
inbound,58400,58415,58417,2,,9
update,58407,58421,58424,3,,10
update,58418,58433,58435,2,,11
inbound,58425,58441,58444,3,,12
update,58429,58443,58448,5,,13
inbound,58430,58446,58449,3,,14
update,58440,58454,58457,3,,15
update,58451,58466,58469,3,,0
update,58462,58476,58478,2,,1
update,58473,58488,58491,3,,2
update,58484,58499,58502,3,,3
inbound,58485,58501,58504,3,,4
update,58495,58509,58513,4,,5
update,58506,58520,58524,4,,6
update,58517,58532,58534,2,,7
update,58528,58543,58548,5,,8
update,58539,58553,58556,3,,9
inbound,58540,58555,58560,5,,10
update,58550,58564,58567,3,,11
update,58561,58576,58579,3,,12
update,58572,58587,58590,3,,13
update,58583,58598,58601,3,,14
update,58594,58608,58612,4,,15
inbound,58595,58610,58615,5,,0
update,58605,58620,58625,5,,1
update,58616,58630,58634,4,,2
update,58627,58642,58646,4,,3
update,58638,58652,58655,3,,4
update,58649,58663,58668,5,,5
inbound,58650,58666,58669,3,,6
update,58660,58674,58678,4,,7
update,58671,58685,58689,4,,8
update,58682,58696,58700,4,,9
update,58693,58708,58712,4,,10
update,58704,58718,58722,4,,11
inbound,58705,58720,58724,4,,12
update,58715,58729,58732,3,,13
update,58726,58740,58743,3,,14
update,58737,58752,58754,2,,15
update,58748,58763,58765,2,,0
update,58759,58773,58777,4,,1
inbound,58760,58775,58777,2,,2
update,58770,58784,58787,3,,3
update,58781,58796,58798,2,,4
update,58792,58807,58810,3,,5
update,58803,58817,58820,3,,6
update,58814,58829,58832,3,,7
inbound,58815,58830,58832,2,,8
update,58825,58840,58842,2,,9
update,58836,58851,58854,3,,10
update,58847,58861,58864,3,,11
update,58858,58873,58876,3,,12
update,58869,58883,58886,3,,13
update,58880,58894,58897,3,,14
update,58891,58906,58909,3,,15
update,58902,58916,58919,3,,0
update,58913,58928,58930,2,,1
update,58924,58939,58941,2,,2
inbound,59000,59016,59019,3,,4
update,59000,59016,59019,3,,3
update,59011,59026,59030,4,,5
update,59022,59037,59040,3,,6
inbound,59025,59040,59043,3,,7
update,59033,59049,59051,2,,8
update,59044,59059,59062,3,,9
update,59055,59071,59073,2,,10
update,59066,59081,59084,3,,11
update,59077,59092,59095,3,,12
update,59088,59104,59106,2,,13
update,59099,59114,59122,8,,14
inbound,59100,59116,59124,8,,15
update,59110,59126,59130,4,,0
update,59121,59137,59139,2,,1
update,59132,59148,59150,2,,2
update,59143,59159,59161,2,,3
update,59154,59169,59173,4,,4
inbound,59155,59170,59173,3,,5
update,59165,59180,59183,3,,6
update,59176,59191,59194,3,,7
update,59187,59203,59206,3,,8
update,59198,59213,59218,5,,9
inbound,59200,59215,59218,3,,10
update,59209,59224,59228,4,,11
inbound,59210,59226,59229,3,,12
update,59220,59235,59239,4,,13
inbound,59225,59240,59243,3,,14
update,59231,59246,59249,3,,15
update,59242,59257,59261,4,,0
update,59253,59269,59271,2,,1
update,59264,59280,59283,3,,2
inbound,59265,59281,59284,3,,3
update,59275,59291,59293,2,,4
update,59286,59301,59304,3,,5
update,59297,59313,59315,2,,6
update,59308,59324,59326,2,,7
inbound,59320,59335,59338,3,,9
update,59319,59335,59338,3,,8
update,59330,59346,59349,3,,10
update,59341,59355,59358,3,,11
update,59352,59367,59370,3,,12
update,59363,59379,59381,2,,13
update,59374,59389,59393,4,,14
inbound,59375,59390,59394,4,,15
update,59385,59400,59403,3,,0
update,59396,59412,59414,2,,1
inbound,59400,59416,59419,3,,2
update,59407,59423,59427,4,,3
update,59418,59434,59437,3,,4
inbound,59425,59441,59443,2,,5
update,59429,59444,59447,3,,6
inbound,59430,59445,59449,4,,7
update,59440,59455,59458,3,,8
update,59451,59466,59469,3,,9
update,59462,59478,59480,2,,10
update,59473,59488,59491,3,,11
update,59484,59500,59504,4,,12
inbound,59485,59501,59504,3,,13
update,59495,59510,59513,3,,14
update,59506,59522,59525,3,,15
update,59517,59533,59535,2,,0
update,59528,59543,59546,3,,1
inbound,59540,59555,59559,4,,3
update,59539,59555,59559,4,,2
update,59550,59566,59569,3,,4
update,59561,59576,59579,3,,5
update,59572,59588,59590,2,,6
update,59583,59598,59601,3,,7
update,59594,59609,59612,3,,8
inbound,59595,59610,59613,3,,9
update,59605,59620,59623,3,,10
update,59616,59631,59634,3,,11
update,59627,59642,59645,3,,12
update,59638,59654,59656,2,,13
update,59649,59665,59668,3,,14
inbound,59650,59665,59669,4,,15
update,59660,59676,59678,2,,0
update,59671,59687,59690,3,,1
update,59682,59698,59700,2,,2
update,59693,59708,59711,3,,3
update,59704,59720,59722,2,,4
inbound,59705,59722,59726,4,,5
update,59715,59730,59733,3,,6
update,59726,59742,59744,2,,7
update,59737,59752,59755,3,,8
update,59748,59764,59766,2,,9
inbound,59760,59775,59778,3,,11
update,59759,59775,59778,3,,10
update,59770,59785,59789,4,,12
update,59781,59796,59799,3,,13
update,59792,59807,59810,3,,14
update,59803,59819,59822,3,,15
update,59814,59829,59833,4,,0
inbound,59815,59831,59834,3,,1
update,59825,59840,59844,4,,2
update,59836,59852,59855,3,,3
update,59847,59862,59865,3,,4
update,59858,59874,59877,3,,5
update,59869,59885,59888,3,,6
update,59880,59896,59899,3,,7
update,59891,59906,59909,3,,8
update,59902,59917,59920,3,,9
update,59913,59929,59932,3,,10
update,59924,59940,59943,3,,11
update,60000,60015,60018,3,,12
inbound,60000,60015,60020,5,,13
update,60011,60027,60029,2,,14
update,60022,60038,60040,2,,15
inbound,60025,60040,60043,3,,0
update,60033,60048,60050,2,,1
update,60044,60060,60062,2,,2
update,60055,60070,60073,3,,3
update,60066,60082,60084,2,,4
update,60077,60093,60096,3,,5
update,60088,60103,60106,3,,6
update,60099,60114,60117,3,,7
inbound,60100,60115,60119,4,,8
update,60110,60125,60129,4,,9
update,60121,60136,60139,3,,10
update,60132,60147,60149,2,,11
update,60143,60159,60161,2,,12
update,60154,60169,60174,5,,13
inbound,60155,60170,60174,4,,14
update,60165,60181,60184,3,,15
update,60176,60192,60194,2,,0
update,60187,60203,60205,2,,1
update,60198,60213,60216,3,,2
inbound,60200,60216,60218,2,,3
update,60209,60224,60228,4,,4
inbound,60210,60226,60229,3,,5
update,60220,60235,60238,3,,6
inbound,60225,60240,60243,3,,7
update,60231,60246,60249,3,,8
update,60242,60257,60260,3,,9
update,60253,60269,60272,3,,10
update,60264,60279,60282,3,,11
inbound,60265,60280,60284,4,,12
update,60275,60290,60293,3,,13
update,60286,60301,60305,4,,14
update,60297,60312,60315,3,,15
update,60308,60323,60326,3,,0
update,60319,60334,60338,4,,1
inbound,60320,60334,60339,5,,2
update,60330,60346,60348,2,,3
update,60341,60357,60360,3,,4
update,60352,60368,60371,3,,5
update,60363,60378,60381,3,,6
inbound,60375,60389,60392,3,,8
update,60374,60389,60392,3,,7
update,60385,60400,60403,3,,9
update,60396,60412,60414,2,,10
inbound,60400,60415,60418,3,,11
update,60407,60422,60424,2,,12
update,60418,60434,60436,2,,13
inbound,60425,60441,60443,2,,14
update,60429,60444,60448,4,,15
inbound,60430,60445,60449,4,,0
update,60440,60455,60458,3,,1
update,60451,60467,60470,3,,2
update,60462,60477,60480,3,,3
update,60473,60489,60491,2,,4
inbound,60485,60499,60503,4,,6
update,60484,60499,60503,4,,5
update,60495,60510,60513,3,,7
update,60506,60522,60525,3,,8
update,60517,60533,60535,2,,9
update,60528,60543,60546,3,,10
update,60539,60554,60557,3,,11
inbound,60540,60554,60558,4,,12
update,60550,60566,60569,3,,13
update,60561,60576,60579,3,,14
update,60572,60587,60590,3,,15
update,60583,60598,60601,3,,0
update,60594,60609,60612,3,,1
inbound,60595,60610,60613,3,,2
update,60605,60620,60623,3,,3
update,60616,60631,60634,3,,4
update,60627,60643,60645,2,,5
update,60638,60654,60657,3,,6
update,60649,60665,60667,2,,7
inbound,60650,60666,60668,2,,8
update,60660,60675,60678,3,,9
update,60671,60686,60689,3,,10
update,60682,60697,60700,3,,11
update,60693,60709,60711,2,,12
update,60704,60719,60722,3,,13
inbound,60705,60720,60724,4,,14
update,60715,60730,60733,3,,15
update,60726,60741,60744,3,,0
update,60737,60753,60756,3,,1
update,60748,60763,60766,3,,2
inbound,60760,60775,60777,2,,4
update,60759,60774,60777,3,,3
update,60770,60785,60788,3,,5
update,60781,60797,60799,2,,6
update,60792,60807,60810,3,,7
update,60803,60819,60821,2,,8
update,60814,60830,60833,3,,9
inbound,60815,60831,60833,2,,10
update,60825,60840,60842,2,,11
update,60836,60851,60854,3,,12
update,60847,60863,60865,2,,13
update,60858,60874,60877,3,,14
update,60869,60885,60888,3,,15
update,60880,60896,60898,2,,0
update,60891,60907,60909,2,,1
update,60902,60918,60922,4,,2
update,60913,60929,60932,3,,3
update,60924,60939,60942,3,,4
inbound,61000,61015,61023,8,,6
update,61000,61015,61024,9,,5
update,61011,61026,61029,3,,7
update,61022,61038,61043,5,,8
inbound,61025,61040,61045,5,,9
update,61033,61049,61053,4,,10
update,61044,61060,61063,3,,11
update,61055,61071,61074,3,,12
update,61066,61082,61084,2,,13
update,61077,61093,61095,2,,14
update,61088,61103,61106,3,,15
update,61099,61114,61117,3,,0
inbound,61100,61115,61118,3,,1
update,61110,61125,61130,5,,2
update,61121,61137,61141,4,,3
update,61132,61147,61150,3,,4
update,61143,61159,61162,3,,5
update,61154,61169,61173,4,,6
inbound,61155,61170,61174,4,,7
update,61165,61180,61183,3,,8
update,61176,61192,61194,2,,9
update,61187,61203,61205,2,,10
update,61198,61213,61216,3,,11
inbound,61200,61216,61218,2,,12
update,61209,61224,61227,3,,13
inbound,61210,61224,61227,3,,14
update,61220,61235,61238,3,,15
inbound,61225,61240,61243,3,,0
update,61231,61247,61250,3,,1
update,61242,61258,61260,2,,2
update,61253,61269,61271,2,,3
update,61264,61280,61283,3,,4
inbound,61265,61281,61284,3,,5
update,61275,61291,61294,3,,6
update,61286,61302,61304,2,,7
update,61297,61312,61315,3,,8
update,61308,61323,61326,3,,9
update,61319,61335,61338,3,,10
inbound,61320,61335,61338,3,,11
update,61330,61345,61348,3,,12
update,61341,61357,61360,3,,13
update,61352,61368,61370,2,,14
update,61363,61379,61382,3,,15
update,61374,61389,61392,3,,0
inbound,61375,61391,61393,2,,1
update,61385,61401,61403,2,,2
update,61396,61411,61414,3,,3
inbound,61400,61416,61418,2,,4
update,61407,61422,61425,3,,5
update,61418,61434,61436,2,,6
inbound,61425,61441,61443,2,,7
inbound,61430,61444,61447,3,,9
update,61429,61444,61447,3,,8
update,61440,61455,61458,3,,10
update,61451,61466,61469,3,,11
update,61462,61478,61480,2,,12
update,61473,61488,61491,3,,13
inbound,61485,61500,61503,3,,15
update,61484,61500,61503,3,,14
update,61495,61510,61513,3,,0
update,61506,61521,61524,3,,1
update,61517,61532,61535,3,,2
update,61528,61544,61546,2,,3
update,61539,61554,61557,3,,4
inbound,61540,61554,61557,3,,5
update,61550,61565,61568,3,,6
update,61561,61577,61579,2,,7
update,61572,61587,61590,3,,8
update,61583,61599,61602,3,,9
update,61594,61610,61613,3,,10
inbound,61595,61610,61613,3,,11
update,61605,61621,61624,3,,12
update,61616,61632,61634,2,,13
update,61627,61642,61645,3,,14
update,61638,61654,61657,3,,15
update,61649,61665,61667,2,,0
inbound,61650,61665,61668,3,,1
update,61660,61676,61678,2,,2
update,61671,61686,61689,3,,3
update,61682,61698,61700,2,,4
update,61693,61708,61711,3,,5
update,61704,61719,61722,3,,6
inbound,61705,61719,61722,3,,7
update,61715,61731,61733,2,,8
update,61726,61741,61744,3,,9
update,61737,61753,61756,3,,10
update,61748,61764,61766,2,,11
inbound,61760,61776,61778,2,,13
update,61759,61775,61778,3,,12
update,61770,61785,61788,3,,14
update,61781,61797,61799,2,,15
update,61792,61808,61810,2,,0
update,61803,61818,61821,3,,1
inbound,61815,61830,61832,2,,3
update,61814,61829,61832,3,,2
update,61825,61841,61843,2,,4
update,61836,61851,61854,3,,5
update,61847,61862,61865,3,,6
update,61858,61873,61876,3,,7
update,61869,61884,61887,3,,8
update,61880,61896,61899,3,,9
update,61891,61907,61909,2,,10
update,61902,61918,61920,2,,11
update,61913,61929,61932,3,,12
update,61924,61940,61942,2,,13
inbound,62000,62015,62018,3,,15
update,62000,62015,62019,4,,14
update,62011,62027,62030,3,,0
update,62022,62037,62040,3,,1
inbound,62025,62040,62043,3,,2
update,62033,62049,62051,2,,3
update,62044,62060,62063,3,,4
update,62055,62071,62074,3,,5
update,62066,62082,62084,2,,6
update,62077,62093,62097,4,,7
update,62088,62104,62106,2,,8
update,62099,62114,62118,4,,9
inbound,62100,62115,62119,4,,10
update,62110,62126,62131,5,,11
update,62121,62137,62144,7,,12
update,62132,62147,62151,4,,13
update,62143,62158,62162,4,,14
update,62154,62169,62174,5,,15
inbound,62155,62171,62175,4,,0
update,62165,62180,62184,4,,1
update,62176,62192,62197,5,,2
update,62187,62202,62208,6,,3
update,62198,62214,62223,9,,4
inbound,62200,62216,62224,8,,5
update,62209,62225,62232,7,,6
inbound,62210,62226,62232,6,,7
update,62220,62235,62241,6,,8
inbound,62225,62240,62244,4,,9
update,62231,62246,62249,3,,10
update,62242,62257,62260,3,,11
update,62253,62269,62272,3,,12
inbound,62265,62280,62283,3,,14
update,62264,62280,62284,4,,13
update,62275,62290,62294,4,,15
update,62286,62302,62305,3,,0
update,62297,62312,62315,3,,1
update,62308,62323,62327,4,,2
update,62319,62334,62337,3,,3
inbound,62320,62335,62339,4,,4
update,62330,62346,62349,3,,5
update,62341,62357,62359,2,,6
update,62352,62368,62371,3,,7
update,62363,62379,62382,3,,8
update,62374,62390,62393,3,,9
inbound,62375,62391,62394,3,,10
update,62385,62400,62403,3,,11
update,62396,62411,62414,3,,12
inbound,62400,62415,62418,3,,13
update,62407,62423,62426,3,,14
update,62418,62433,62436,3,,15
inbound,62425,62441,62443,2,,0
update,62429,62444,62448,4,,1
inbound,62430,62446,62449,3,,2
update,62440,62455,62458,3,,3
update,62451,62467,62470,3,,4
update,62462,62477,62480,3,,5
update,62473,62489,62491,2,,6
inbound,62485,62499,62502,3,,8
update,62484,62499,62503,4,,7
update,62495,62511,62513,2,,9
update,62506,62521,62524,3,,10
update,62517,62532,62535,3,,11
update,62528,62544,62546,2,,12
update,62539,62554,62557,3,,13
inbound,62540,62555,62559,4,,14
update,62550,62566,62569,3,,15
update,62561,62576,62579,3,,0
update,62572,62587,62590,3,,1
update,62583,62598,62602,4,,2
update,62594,62610,62614,4,,3
inbound,62595,62610,62614,4,,4
update,62605,62621,62624,3,,5
update,62616,62631,62634,3,,6
update,62627,62643,62646,3,,7
update,62638,62653,62656,3,,8
update,62649,62664,62668,4,,9
inbound,62650,62665,62668,3,,10
update,62660,62676,62679,3,,11
update,62671,62687,62689,2,,12
update,62682,62697,62700,3,,13
update,62693,62708,62711,3,,14
update,62704,62719,62723,4,,15
inbound,62705,62721,62724,3,,0
update,62715,62730,62733,3,,1
update,62726,62741,62744,3,,2
update,62737,62752,62755,3,,3
update,62748,62763,62766,3,,4
update,62759,62774,62777,3,,5
inbound,62760,62775,62778,3,,6
update,62770,62786,62789,3,,7
update,62781,62796,62799,3,,8
update,62792,62808,62810,2,,9
update,62803,62819,62821,2,,10
update,62814,62829,62832,3,,11
inbound,62815,62831,62833,2,,12
update,62825,62841,62844,3,,13
update,62836,62851,62854,3,,14
update,62847,62863,62865,2,,15
update,62858,62874,62877,3,,0
update,62869,62885,62888,3,,1
update,62880,62896,62898,2,,2
update,62891,62906,62909,3,,3
update,62902,62918,62921,3,,4
update,62913,62929,62932,3,,5
update,62924,62939,62942,3,,6
inbound,63000,63015,63018,3,,8
update,63000,63015,63019,4,,7
update,63011,63026,63028,2,,9
update,63022,63038,63040,2,,10
inbound,63025,63040,63043,3,,11
update,63033,63048,63051,3,,12
update,63044,63060,63062,2,,13
update,63055,63071,63074,3,,14
update,63066,63082,63084,2,,15
update,63077,63093,63096,3,,0
update,63088,63104,63106,2,,1
update,63099,63115,63118,3,,2
inbound,63100,63115,63119,4,,3
update,63110,63126,63128,2,,4
update,63121,63136,63139,3,,5
update,63132,63148,63151,3,,6
update,63143,63158,63161,3,,7
update,63154,63169,63173,4,,8
inbound,63155,63170,63174,4,,9
update,63165,63180,63183,3,,10
update,63176,63192,63194,2,,11
update,63187,63202,63205,3,,12
update,63198,63214,63216,2,,13
inbound,63200,63216,63219,3,,14
inbound,63210,63225,63228,3,,0
update,63209,63225,63229,4,,15
update,63220,63236,63238,2,,1
inbound,63225,63241,63243,2,,2
update,63231,63247,63250,3,,3
update,63242,63258,63260,2,,4
update,63253,63269,63272,3,,5
update,63264,63280,63283,3,,6
inbound,63265,63280,63284,4,,7
update,63275,63291,63294,3,,8
update,63286,63301,63303,2,,9
update,63297,63313,63316,3,,10
update,63308,63323,63326,3,,11
update,63319,63334,63337,3,,12
inbound,63320,63335,63339,4,,13
update,63330,63345,63348,3,,14
update,63341,63357,63360,3,,15
update,63352,63367,63370,3,,0
update,63363,63378,63381,3,,1
update,63374,63390,63394,4,,2
inbound,63375,63391,63395,4,,3
update,63385,63400,63403,3,,4
update,63396,63411,63414,3,,5
inbound,63400,63415,63418,3,,6
update,63407,63422,63426,4,,7
update,63418,63434,63437,3,,8
inbound,63425,63440,63443,3,,9
update,63429,63444,63448,4,,10
inbound,63430,63446,63449,3,,11
update,63440,63455,63458,3,,12
update,63451,63467,63470,3,,13
update,63462,63477,63479,2,,14
update,63473,63489,63491,2,,15
inbound,63485,63500,63503,3,,1
update,63484,63500,63503,3,,0
update,63495,63511,63514,3,,2
update,63506,63521,63524,3,,3
update,63517,63533,63536,3,,4
update,63528,63543,63546,3,,5
update,63539,63555,63558,3,,6
inbound,63540,63556,63559,3,,7
update,63550,63565,63568,3,,8
update,63561,63576,63579,3,,9
update,63572,63587,63590,3,,10
update,63583,63598,63602,4,,11
update,63594,63610,63615,5,,12
inbound,63595,63610,63615,5,,13
update,63605,63620,63623,3,,14
update,63616,63632,63635,3,,15
update,63627,63642,63645,3,,0
update,63638,63653,63656,3,,1
update,63649,63664,63668,4,,2
inbound,63650,63666,63669,3,,3
update,63660,63676,63678,2,,4
update,63671,63687,63690,3,,5
update,63682,63697,63700,3,,6
update,63693,63708,63713,5,,7
update,63704,63720,63724,4,,8
inbound,63705,63720,63724,4,,9
update,63715,63731,63734,3,,10
update,63726,63741,63744,3,,11
update,63737,63752,63755,3,,12
update,63748,63764,63766,2,,13
update,63759,63774,63777,3,,14
inbound,63760,63775,63777,2,,15
update,63770,63784,63787,3,,0
update,63781,63796,63799,3,,1
update,63792,63807,63810,3,,2
update,63803,63819,63823,4,,3
inbound,63815,63830,63832,2,,5
update,63814,63829,63833,4,,4
update,63825,63840,63843,3,,6
update,63836,63851,63855,4,,7
update,63847,63862,63865,3,,8
update,63858,63874,63877,3,,9
update,63869,63885,63887,2,,10
update,63880,63896,63899,3,,11
update,63891,63906,63910,4,,12
update,63902,63917,63920,3,,13
update,63913,63929,63933,4,,14
update,63924,63939,63942,3,,15
inbound,64000,64015,64019,4,,1
update,64000,64015,64019,4,,0
update,64011,64026,64029,3,,2
update,64022,64037,64040,3,,3
inbound,64025,64041,64044,3,,4
update,64033,64048,64050,2,,5
update,64044,64059,64062,3,,6
update,64055,64070,64073,3,,7
update,64066,64082,64084,2,,8
update,64077,64092,64095,3,,9
update,64088,64103,64106,3,,10
update,64099,64115,64118,3,,11
inbound,64100,64116,64118,2,,12
update,64110,64126,64128,2,,13
update,64121,64136,64139,3,,14
update,64132,64147,64153,6,,15
update,64143,64159,64161,2,,0
update,64154,64169,64173,4,,1
inbound,64155,64170,64173,3,,2
update,64165,64181,64184,3,,3
update,64176,64192,64194,2,,4
update,64187,64203,64205,2,,5
update,64198,64213,64216,3,,6
inbound,64200,64215,64218,3,,7
update,64209,64224,64227,3,,8
inbound,64210,64226,64228,2,,9
update,64220,64235,64238,3,,10
inbound,64225,64240,64243,3,,11
update,64231,64246,64249,3,,12
update,64242,64258,64260,2,,13
update,64253,64269,64271,2,,14
update,64264,64280,64283,3,,15
inbound,64265,64281,64284,3,,0
update,64275,64291,64294,3,,1
update,64286,64302,64304,2,,2
update,64297,64313,64315,2,,3
update,64308,64322,64325,3,,4
update,64319,64334,64337,3,,5
inbound,64320,64334,64337,3,,6
update,64330,64345,64348,3,,7
update,64341,64356,64359,3,,8
update,64352,64368,64370,2,,9
update,64363,64379,64381,2,,10
inbound,64375,64390,64392,2,,12
update,64374,64390,64393,3,,11
update,64385,64401,64403,2,,13
update,64396,64412,64414,2,,14
inbound,64400,64415,64418,3,,15
update,64407,64422,64425,3,,0
update,64418,64434,64436,2,,1
inbound,64425,64441,64443,2,,2
update,64429,64445,64447,2,,3
inbound,64430,64445,64447,2,,4
update,64440,64456,64458,2,,5
update,64451,64466,64469,3,,6
update,64462,64477,64480,3,,7
update,64473,64487,64490,3,,8
update,64484,64499,64502,3,,9
inbound,64485,64500,64503,3,,10
update,64495,64510,64513,3,,11
update,64506,64521,64524,3,,12
update,64517,64533,64535,2,,13
update,64528,64544,64546,2,,14
update,64539,64554,64557,3,,15
inbound,64540,64555,64558,3,,0
update,64550,64565,64568,3,,1
update,64561,64576,64579,3,,2
update,64572,64587,64590,3,,3
update,64583,64598,64601,3,,4
update,64594,64610,64613,3,,5
inbound,64595,64610,64613,3,,6
update,64605,64620,64623,3,,7
update,64616,64632,64634,2,,8
update,64627,64642,64645,3,,9
update,64638,64653,64656,3,,10
update,64649,64665,64668,3,,11
inbound,64650,64666,64669,3,,12
update,64660,64676,64678,2,,13
update,64671,64687,64689,2,,14
update,64682,64697,64700,3,,15
update,64693,64709,64711,2,,0
inbound,64705,64720,64723,3,,2
update,64704,64720,64723,3,,1
update,64715,64730,64733,3,,3
update,64726,64741,64744,3,,4
update,64737,64752,64755,3,,5
update,64748,64764,64766,2,,6
update,64759,64775,64777,2,,7
inbound,64760,64776,64778,2,,8
update,64770,64786,64788,2,,9
update,64781,64797,64799,2,,10
update,64792,64807,64810,3,,11
update,64803,64818,64821,3,,12
update,64814,64830,64832,2,,13
inbound,64815,64831,64833,2,,14
update,64825,64841,64843,2,,15
update,64836,64851,64854,3,,0
update,64847,64862,64865,3,,1
update,64858,64874,64877,3,,2
update,64869,64884,64887,3,,3
update,64880,64895,64898,3,,4
update,64891,64906,64909,3,,5
update,64902,64918,64920,2,,6
update,64913,64929,64931,2,,7
update,64924,64939,64942,3,,8
update,65000,65016,65020,4,,9
inbound,65000,65016,65020,4,,10
update,65011,65026,65029,3,,11
update,65022,65038,65041,3,,12
inbound,65025,65041,65043,2,,13
update,65033,65049,65052,3,,14
update,65044,65060,65062,2,,15
update,65055,65071,65074,3,,0
update,65066,65082,65084,2,,1
update,65077,65092,65095,3,,2
update,65088,65103,65106,3,,3
update,65099,65115,65118,3,,4
inbound,65100,65115,65119,4,,5
update,65110,65125,65128,3,,6
update,65121,65137,65140,3,,7
update,65132,65147,65150,3,,8
update,65143,65159,65163,4,,9
update,65154,65169,65173,4,,10
inbound,65155,65170,65173,3,,11
update,65165,65181,65184,3,,12
update,65176,65192,65195,3,,13
update,65187,65202,65205,3,,14
update,65198,65214,65218,4,,15
inbound,65200,65216,65219,3,,0
update,65209,65225,65229,4,,1
inbound,65210,65226,65230,4,,2
update,65220,65235,65238,3,,3
inbound,65225,65241,65244,3,,4
update,65231,65246,65249,3,,5
update,65242,65258,65261,3,,6
update,65253,65269,65272,3,,7
update,65264,65279,65282,3,,8
inbound,65265,65282,65285,3,,9
update,65275,65291,65293,2,,10
update,65286,65302,65306,4,,11
update,65297,65312,65315,3,,12
update,65308,65323,65326,3,,13
update,65319,65335,65337,2,,14
inbound,65320,65337,65340,3,,15
update,65330,65346,65349,3,,0
update,65341,65356,65359,3,,1
update,65352,65368,65371,3,,2
update,65363,65378,65381,3,,3
update,65374,65390,65393,3,,4
inbound,65375,65391,65395,4,,5
update,65385,65400,65403,3,,6
update,65396,65411,65414,3,,7
inbound,65400,65415,65417,2,,8
update,65407,65422,65426,4,,9
update,65418,65434,65437,3,,10
inbound,65425,65441,65443,2,,11
update,65429,65445,65447,2,,12
inbound,65430,65447,65451,4,,13
update,65440,65456,65459,3,,14
update,65451,65467,65469,2,,15
update,65462,65477,65482,5,,0
update,65473,65488,65491,3,,1
update,65484,65500,65503,3,,2
inbound,65485,65502,65504,2,,3
update,65495,65511,65513,2,,4
update,65506,65522,65525,3,,5
update,65517,65532,65535,3,,6
update,65528,65544,65546,2,,7
update,65539,65555,65559,4,,8
inbound,65540,65556,65560,4,,9
update,65550,65566,65568,2,,10
update,65561,65577,65580,3,,11
update,65572,65587,65592,5,,12
update,65583,65599,65602,3,,13
update,65594,65609,65614,5,,14
inbound,65595,65611,65615,4,,15
update,65605,65620,65623,3,,0
update,65616,65632,65635,3,,1
update,65627,65643,65645,2,,2
update,65638,65654,65656,2,,3
update,65649,65665,65669,4,,4
inbound,65650,65667,65670,3,,5
update,65660,65676,65678,2,,6
update,65671,65686,65689,3,,7
update,65682,65697,65702,5,,8
update,65693,65709,65711,2,,9
update,65704,65719,65723,4,,10
inbound,65705,65721,65725,4,,11
update,65715,65730,65734,4,,12
update,65726,65742,65745,3,,13
update,65737,65753,65756,3,,14
update,65748,65763,65766,3,,15
inbound,65760,65776,65779,3,,1
update,65759,65774,65780,6,,0
update,65770,65786,65789,3,,2
update,65781,65797,65801,4,,3
update,65792,65808,65813,5,,4
update,65803,65819,65821,2,,5
update,65814,65830,65833,3,,6
inbound,65815,65832,65834,2,,7
update,65825,65841,65843,2,,8
update,65836,65852,65855,3,,9
update,65847,65862,65865,3,,10
update,65858,65874,65877,3,,11
update,65869,65885,65887,2,,12
update,65880,65895,65898,3,,13
update,65891,65906,65909,3,,14
update,65902,65918,65921,3,,15
update,65913,65928,65932,4,,0
update,65924,65940,65942,2,,1
update,66000,66016,66020,4,,2
inbound,66000,66016,66021,5,,3
update,66011,66028,66030,2,,4
update,66022,66038,66041,3,,5
inbound,66025,66041,66044,3,,6
update,66033,66050,66053,3,,7
update,66044,66061,66063,2,,8
update,66055,66071,66074,3,,9
update,66066,66083,66085,2,,10
update,66077,66094,66097,3,,11
update,66088,66105,66108,3,,12
update,66099,66116,66119,3,,13
inbound,66100,66117,66120,3,,14
update,66110,66126,66129,3,,15
update,66132,66148,66175,27,,1
update,66154,66171,66175,4,,3
update,66143,66159,66175,16,,2
inbound,66155,66172,66175,3,,4
update,66121,66138,66176,38,,0
update,66165,66182,66184,2,,5
update,66176,66193,66195,2,,6
update,66187,66204,66206,2,,7
update,66198,66215,66217,2,,8
inbound,66200,66217,66219,2,,9
update,66209,66225,66229,4,,10
inbound,66210,66227,66230,3,,11
update,66220,66237,66239,2,,12
inbound,66225,66241,66244,3,,13
update,66231,66248,66250,2,,14
update,66242,66258,66261,3,,15
update,66253,66270,66273,3,,0
update,66264,66280,66284,4,,1
inbound,66265,66281,66285,4,,2
update,66275,66292,66294,2,,3
update,66286,66302,66305,3,,4
update,66297,66313,66316,3,,5
update,66308,66324,66329,5,,6
update,66319,66335,66338,3,,7
inbound,66320,66336,66339,3,,8
update,66330,66346,66349,3,,9
update,66341,66358,66360,2,,10
update,66352,66369,66372,3,,11
update,66363,66379,66381,2,,12
inbound,66375,66391,66394,3,,14
update,66374,66391,66395,4,,13
update,66385,66401,66404,3,,15
update,66396,66412,66415,3,,0
inbound,66400,66416,66420,4,,1
update,66407,66424,66427,3,,2
update,66418,66434,66437,3,,3
inbound,66425,66441,66444,3,,4
update,66429,66445,66448,3,,5
inbound,66430,66446,66450,4,,6
update,66440,66456,66459,3,,7
update,66451,66468,66471,3,,8
update,66462,66478,66481,3,,9
update,66473,66490,66492,2,,10
update,66484,66501,66504,3,,11
inbound,66485,66502,66504,2,,12
update,66495,66512,66517,5,,13
update,66506,66523,66527,4,,14
update,66517,66534,66537,3,,15
update,66528,66545,66549,4,,0
update,66539,66556,66559,3,,1
inbound,66540,66556,66560,4,,2
update,66550,66566,66569,3,,3
update,66561,66577,66580,3,,4
update,66572,66588,66591,3,,5
update,66583,66599,66602,3,,6
update,66594,66610,66613,3,,7
inbound,66595,66611,66614,3,,8
update,66605,66621,66624,3,,9
update,66616,66633,66636,3,,10
update,66627,66643,66646,3,,11
update,66638,66655,66657,2,,12
update,66649,66665,66668,3,,13
inbound,66650,66667,66669,2,,14
update,66660,66676,66679,3,,15
update,66671,66688,66691,3,,0
update,66682,66699,66702,3,,1
update,66693,66710,66713,3,,2
update,66704,66721,66724,3,,3
inbound,66705,66722,66725,3,,4
update,66715,66731,66734,3,,5
update,66726,66742,66745,3,,6
update,66737,66753,66756,3,,7
update,66748,66764,66767,3,,8
inbound,66760,66776,66779,3,,10
update,66759,66775,66779,4,,9
update,66770,66786,66789,3,,11
update,66781,66797,66800,3,,12
update,66792,66808,66811,3,,13
update,66803,66819,66822,3,,14
update,66814,66831,66833,2,,15
inbound,66815,66832,66833,1,,0
update,66825,66842,66845,3,,1
update,66836,66852,66855,3,,2
update,66847,66864,66867,3,,3
update,66858,66874,66877,3,,4
update,66869,66886,66888,2,,5
update,66880,66897,66900,3,,6
update,66891,66908,66911,3,,7
update,66902,66918,66921,3,,8
update,66913,66930,66932,2,,9
update,66924,66940,66943,3,,10
inbound,67000,67016,67019,3,,12
update,67000,67016,67021,5,,11
update,67011,67028,67032,4,,13
update,67022,67038,67041,3,,14
inbound,67025,67041,67044,3,,15
update,67033,67049,67051,2,,0
update,67044,67061,67063,2,,1
update,67055,67071,67074,3,,2
update,67066,67083,67086,3,,3
update,67077,67093,67098,5,,4
update,67088,67104,67109,5,,5
update,67099,67116,67119,3,,6
inbound,67100,67117,67120,3,,7
update,67110,67126,67130,4,,8
update,67121,67137,67140,3,,9
update,67132,67148,67151,3,,10
update,67143,67159,67162,3,,11
inbound,67155,67171,67175,4,,13
update,67154,67171,67176,5,,12
update,67165,67182,67185,3,,14
update,67176,67192,67196,4,,15
update,67187,67204,67207,3,,0
update,67198,67215,67217,2,,1
inbound,67200,67217,67220,3,,2
update,67209,67225,67229,4,,3
inbound,67210,67226,67232,6,,4
update,67220,67236,67239,3,,5
inbound,67225,67242,67247,5,,6
update,67231,67247,67250,3,,7
update,67242,67258,67261,3,,8
update,67253,67269,67272,3,,9
update,67264,67280,67283,3,,10
inbound,67265,67281,67284,3,,11
update,67275,67291,67294,3,,12
update,67286,67302,67306,4,,13
update,67297,67313,67316,3,,14
update,67308,67324,67327,3,,15
update,67319,67336,67339,3,,0
inbound,67320,67336,67339,3,,1
update,67330,67347,67349,2,,2
update,67341,67357,67360,3,,3
update,67352,67369,67371,2,,4
update,67363,67380,67383,3,,5
update,67374,67390,67393,3,,6
inbound,67375,67391,67394,3,,7
update,67385,67401,67404,3,,8
update,67396,67412,67415,3,,9
inbound,67400,67417,67419,2,,10
update,67407,67424,67427,3,,11
update,67418,67434,67437,3,,12
inbound,67425,67442,67445,3,,13
update,67429,67446,67449,3,,14
inbound,67430,67447,67451,4,,15
update,67440,67456,67458,2,,0
update,67451,67467,67470,3,,1
update,67462,67478,67481,3,,2
update,67473,67489,67492,3,,3
update,67484,67501,67504,3,,4
inbound,67485,67501,67505,4,,5
update,67495,67512,67514,2,,6
update,67506,67523,67525,2,,7
update,67517,67533,67536,3,,8
update,67528,67544,67547,3,,9
update,67539,67555,67558,3,,10
inbound,67540,67556,67559,3,,11
update,67550,67567,67570,3,,12
update,67561,67577,67580,3,,13
update,67572,67589,67592,3,,14
update,67583,67599,67602,3,,15
inbound,67595,67610,67613,3,,1
update,67594,67610,67613,3,,0
update,67605,67621,67624,3,,2
update,67616,67632,67635,3,,3
update,67627,67643,67646,3,,4
update,67638,67655,67659,4,,5
update,67649,67665,67671,6,,6
inbound,67650,67666,67671,5,,7
update,67660,67676,67681,5,,8
update,67671,67688,67691,3,,9
update,67682,67698,67701,3,,10
update,67693,67710,67713,3,,11
update,67704,67721,67724,3,,12
inbound,67705,67722,67725,3,,13
update,67715,67732,67735,3,,14
update,67726,67743,67746,3,,15
update,67737,67752,67755,3,,0
update,67748,67765,67768,3,,1
inbound,67760,67776,67779,3,,3
update,67759,67776,67780,4,,2
update,67770,67786,67789,3,,4
update,67781,67798,67801,3,,5
update,67792,67808,67811,3,,6
update,67803,67820,67822,2,,7
update,67814,67829,67833,4,,8
inbound,67815,67831,67834,3,,9
update,67825,67841,67844,3,,10
update,67836,67852,67855,3,,11
update,67847,67864,67866,2,,12
update,67858,67875,67877,2,,13
update,67869,67886,67888,2,,14
update,67880,67896,67899,3,,15
update,67891,67908,67910,2,,0
update,67902,67919,67921,2,,1
update,67913,67930,67933,3,,2
update,67924,67940,67943,3,,3
inbound,68000,68016,68019,3,,5
update,68000,68016,68020,4,,4
update,68011,68028,68031,3,,6
update,68022,68039,68042,3,,7
inbound,68025,68041,68044,3,,8
update,68033,68050,68052,2,,9
update,68044,68060,68063,3,,10
update,68055,68071,68074,3,,11
update,68066,68082,68085,3,,12
update,68077,68094,68096,2,,13
update,68088,68104,68107,3,,14
inbound,68100,68116,68119,3,,0
update,68099,68116,68119,3,,15
update,68110,68127,68130,3,,1
update,68121,68138,68140,2,,2
update,68132,68148,68151,3,,3
update,68143,68159,68162,3,,4
update,68154,68170,68174,4,,5
inbound,68155,68172,68175,3,,6
update,68165,68182,68185,3,,7
update,68176,68192,68195,3,,8
update,68187,68204,68206,2,,9
update,68198,68215,68217,2,,10
inbound,68200,68217,68220,3,,11
update,68209,68226,68229,3,,12
inbound,68210,68227,68230,3,,13
update,68220,68237,68240,3,,14
inbound,68225,68242,68244,2,,15
update,68231,68247,68250,3,,0
update,68242,68258,68261,3,,1
update,68253,68269,68272,3,,2
update,68264,68281,68284,3,,3
inbound,68265,68281,68284,3,,4
update,68275,68292,68294,2,,5
update,68286,68302,68305,3,,6
update,68297,68314,68317,3,,7
update,68308,68325,68329,4,,8
update,68319,68336,68339,3,,9
inbound,68320,68337,68342,5,,10
update,68330,68346,68350,4,,11
update,68341,68357,68360,3,,12
update,68352,68369,68371,2,,13
update,68363,68379,68382,3,,14
update,68374,68391,68394,3,,15
inbound,68375,68392,68395,3,,0
update,68385,68401,68404,3,,1
update,68396,68413,68415,2,,2
inbound,68400,68416,68419,3,,3
update,68407,68424,68426,2,,4
update,68418,68435,68437,2,,5
inbound,68425,68441,68444,3,,6
inbound,68430,68446,68449,3,,8
update,68429,68446,68449,3,,7
update,68440,68456,68462,6,,9
update,68451,68467,68470,3,,10
update,68462,68478,68480,2,,11
update,68473,68490,68492,2,,12
inbound,68485,68501,68503,2,,14
update,68484,68500,68504,4,,13
update,68495,68512,68514,2,,15
update,68506,68522,68524,2,,0
update,68517,68534,68536,2,,1
update,68528,68544,68547,3,,2
update,68539,68555,68558,3,,3
inbound,68540,68557,68560,3,,4
update,68550,68567,68571,4,,5
update,68561,68577,68580,3,,6
update,68572,68589,68591,2,,7
update,68583,68600,68602,2,,8
update,68594,68610,68614,4,,9
inbound,68595,68612,68614,2,,10
update,68605,68621,68624,3,,11
update,68616,68632,68635,3,,12
update,68627,68644,68646,2,,13
update,68638,68654,68657,3,,14
update,68649,68665,68668,3,,15
inbound,68650,68667,68670,3,,0
update,68660,68676,68680,4,,1
update,68671,68687,68690,3,,2
update,68682,68698,68700,2,,3
update,68693,68710,68713,3,,4
update,68704,68721,68724,3,,5
inbound,68705,68723,68727,4,,6
update,68715,68731,68734,3,,7
update,68726,68742,68745,3,,8
update,68737,68754,68756,2,,9
update,68748,68765,68768,3,,10
update,68759,68776,68779,3,,11
inbound,68760,68778,68780,2,,12
update,68770,68787,68790,3,,13
update,68781,68798,68800,2,,14
update,68792,68808,68812,4,,15
update,68803,68820,68823,3,,0
update,68814,68831,68833,2,,1
inbound,68815,68833,68835,2,,2
update,68825,68842,68844,2,,3
update,68836,68853,68855,2,,4
update,68847,68863,68866,3,,5
update,68858,68874,68876,2,,6
update,68869,68886,68888,2,,7
update,68880,68896,68900,4,,8
update,68891,68908,68910,2,,9
update,68902,68918,68921,3,,10
update,68913,68930,68933,3,,11
update,68924,68941,68943,2,,12
update,69000,69017,69020,3,,13
inbound,69000,69017,69021,4,,14
update,69011,69029,69032,3,,15
update,69022,69040,69043,3,,0
inbound,69025,69042,69046,4,,1
update,69033,69051,69054,3,,2
update,69044,69062,69064,2,,3
update,69055,69072,69075,3,,4
update,69066,69084,69086,2,,5
update,69077,69095,69098,3,,6
update,69088,69105,69108,3,,7
update,69099,69117,69121,4,,8
inbound,69100,69118,69123,5,,9
update,69110,69127,69130,3,,10
update,69121,69138,69141,3,,11
update,69132,69150,69153,3,,12
update,69143,69161,69163,2,,13
update,69154,69172,69179,7,,14
inbound,69155,69172,69179,7,,15
update,69165,69183,69186,3,,0
update,69176,69194,69196,2,,1
update,69187,69204,69206,2,,2
update,69198,69216,69218,2,,3
inbound,69200,69218,69221,3,,4
update,69209,69226,69231,5,,5
inbound,69210,69228,69232,4,,6
update,69220,69237,69240,3,,7
inbound,69225,69242,69246,4,,8
update,69231,69249,69252,3,,9
update,69242,69260,69263,3,,10
update,69253,69271,69273,2,,11
update,69264,69281,69284,3,,12
inbound,69265,69283,69286,3,,13
update,69275,69293,69296,3,,14
update,69286,69304,69307,3,,15
update,69297,69314,69317,3,,0
update,69308,69326,69329,3,,1
update,69319,69337,69342,5,,2
inbound,69320,69338,69342,4,,3
update,69330,69347,69350,3,,4
update,69341,69358,69361,3,,5
update,69352,69370,69373,3,,6
update,69363,69380,69383,3,,7
update,69374,69392,69395,3,,8
inbound,69375,69393,69396,3,,9
update,69385,69403,69405,2,,10
update,69396,69414,69416,2,,11
inbound,69400,69417,69420,3,,12
update,69407,69425,69427,2,,13
update,69418,69435,69438,3,,14
inbound,69425,69442,69445,3,,15
inbound,69430,69447,69451,4,,1
update,69429,69447,69452,5,,0
update,69440,69457,69460,3,,2
update,69451,69469,69472,3,,3
update,69462,69479,69483,4,,4
update,69473,69490,69493,3,,5
update,69484,69501,69504,3,,6
inbound,69485,69502,69507,5,,7
update,69495,69512,69516,4,,8
update,69506,69523,69526,3,,9
update,69517,69535,69537,2,,10
update,69528,69545,69548,3,,11
update,69539,69557,69562,5,,12
inbound,69540,69558,69562,4,,13
update,69550,69568,69570,2,,14
update,69561,69579,69582,3,,15
update,69572,69589,69592,3,,0
update,69583,69600,69603,3,,1
update,69594,69612,69615,3,,2
inbound,69595,69613,69616,3,,3
update,69605,69622,69625,3,,4
update,69616,69634,69637,3,,5
update,69627,69645,69648,3,,6
update,69638,69656,69658,2,,7
update,69649,69667,69671,4,,8
inbound,69650,69668,69673,5,,9
update,69660,69677,69680,3,,10
update,69671,69688,69692,4,,11
update,69682,69699,69702,3,,12
update,69693,69710,69713,3,,13
update,69704,69722,69725,3,,14
inbound,69705,69723,69726,3,,15
update,69715,69733,69735,2,,0
update,69726,69743,69746,3,,1
update,69737,69755,69757,2,,2
update,69748,69765,69768,3,,3
update,69759,69776,69780,4,,4
inbound,69760,69777,69780,3,,5
update,69770,69787,69790,3,,6
update,69781,69799,69802,3,,7
update,69792,69810,69813,3,,8
update,69803,69821,69824,3,,9
inbound,69815,69832,69835,3,,11
update,69814,69832,69835,3,,10
update,69825,69843,69846,3,,12
update,69836,69854,69856,2,,13
update,69847,69864,69867,3,,14
update,69858,69876,69878,2,,15
update,69869,69886,69889,3,,0
update,69880,69897,69900,3,,1
update,69891,69909,69911,2,,2
update,69902,69919,69922,3,,3
update,69913,69930,69933,3,,4
update,69924,69941,69943,2,,5
update,70000,70018,70021,3,,6
inbound,70000,70018,70021,3,,7
update,70011,70029,70032,3,,8
update,70022,70039,70043,4,,9
inbound,70025,70042,70047,5,,10
update,70033,70051,70054,3,,11
update,70044,70061,70064,3,,12
update,70055,70073,70076,3,,13
update,70066,70084,70086,2,,14
update,70077,70094,70097,3,,15
update,70088,70106,70108,2,,0
update,70099,70116,70120,4,,1
inbound,70100,70117,70121,4,,2
update,70110,70127,70130,3,,3
update,70121,70139,70142,3,,4
update,70132,70150,70154,4,,5
update,70143,70160,70163,3,,6
update,70154,70171,70175,4,,7
inbound,70155,70173,70181,8,,8
update,70165,70182,70187,5,,9
update,70176,70194,70197,3,,10
update,70187,70204,70207,3,,11
update,70198,70216,70219,3,,12
inbound,70200,70217,70223,6,,13
update,70209,70227,70230,3,,14
inbound,70210,70227,70231,4,,15
update,70220,70238,70240,2,,0
inbound,70225,70242,70245,3,,1
update,70231,70248,70251,3,,2
update,70242,70259,70262,3,,3
update,70253,70270,70273,3,,4
update,70264,70280,70283,3,,5
inbound,70265,70283,70285,2,,6
update,70275,70293,70296,3,,7
update,70286,70303,70307,4,,8
update,70297,70314,70317,3,,9
update,70308,70325,70332,7,,10
inbound,70320,70337,70340,3,,12
update,70319,70337,70340,3,,11
update,70330,70348,70351,3,,13
update,70341,70358,70361,3,,14
update,70352,70370,70373,3,,15
update,70363,70381,70385,4,,0
update,70374,70392,70395,3,,1
inbound,70375,70392,70397,5,,2
update,70385,70403,70406,3,,3
update,70396,70413,70416,3,,4
inbound,70400,70418,70420,2,,5
update,70407,70425,70428,3,,6
update,70418,70435,70438,3,,7
inbound,70425,70442,70445,3,,8
update,70429,70446,70449,3,,9
inbound,70430,70446,70449,3,,10
update,70440,70457,70460,3,,11
update,70451,70469,70471,2,,12
update,70462,70479,70482,3,,13
update,70473,70491,70493,2,,14
update,70484,70501,70504,3,,15
inbound,70485,70502,70506,4,,0
update,70495,70512,70515,3,,1
update,70506,70523,70526,3,,2
update,70517,70534,70537,3,,3
update,70528,70546,70548,2,,4
update,70539,70556,70559,3,,5
inbound,70540,70558,70561,3,,6
update,70550,70567,70570,3,,7
update,70561,70579,70582,3,,8
update,70572,70589,70592,3,,9
update,70583,70601,70603,2,,10
update,70594,70612,70615,3,,11
inbound,70595,70612,70616,4,,12
update,70605,70622,70625,3,,13
update,70616,70633,70636,3,,14
update,70627,70645,70647,2,,15
update,70638,70655,70658,3,,0
update,70649,70667,70670,3,,1
inbound,70650,70667,70671,4,,2
update,70660,70678,70681,3,,3
update,70671,70688,70691,3,,4
update,70682,70700,70702,2,,5
update,70693,70710,70712,2,,6
update,70704,70721,70725,4,,7
inbound,70705,70722,70726,4,,8
update,70715,70733,70736,3,,9
update,70726,70743,70746,3,,10
update,70737,70754,70757,3,,11
update,70748,70766,70769,3,,12
update,70759,70776,70779,3,,13
inbound,70760,70777,70780,3,,14
update,70770,70787,70790,3,,15
update,70781,70798,70801,3,,0
update,70792,70810,70813,3,,1
update,70803,70820,70823,3,,2
inbound,70815,70832,70834,2,,4
update,70814,70832,70835,3,,3
update,70825,70842,70845,3,,5
update,70836,70853,70856,3,,6
update,70847,70865,70867,2,,7
update,70858,70876,70878,2,,8
update,70869,70887,70890,3,,9
update,70880,70898,70901,3,,10
update,70891,70908,70911,3,,11
update,70902,70919,70922,3,,12
update,70913,70931,70933,2,,13
update,70924,70942,70944,2,,14
inbound,71000,71017,71021,4,,0
update,71000,71017,71021,4,,15
update,71011,71029,71032,3,,1
update,71022,71040,71042,2,,2
inbound,71025,71042,71045,3,,3
update,71033,71051,71054,3,,4
update,71044,71061,71065,4,,5
update,71055,71073,71075,2,,6
update,71066,71084,71087,3,,7
update,71077,71094,71097,3,,8
update,71088,71106,71108,2,,9
update,71099,71116,71120,4,,10
inbound,71100,71118,71121,3,,11
update,71110,71128,71132,4,,12
update,71121,71139,71142,3,,13
update,71132,71150,71153,3,,14
update,71143,71161,71164,3,,15
update,71154,71172,71176,4,,0
inbound,71155,71173,71177,4,,1
update,71165,71183,71189,6,,2
update,71176,71193,71197,4,,3
update,71187,71205,71208,3,,4
update,71198,71215,71219,4,,5
inbound,71200,71217,71221,4,,6
inbound,71210,71227,71231,4,,8
update,71209,71227,71231,4,,7
update,71220,71238,71240,2,,9
inbound,71225,71242,71245,3,,10
update,71231,71248,71252,4,,11
update,71242,71260,71262,2,,12
update,71253,71271,71273,2,,13
update,71264,71281,71285,4,,14
inbound,71265,71283,71286,3,,15
update,71275,71292,71295,3,,0
update,71286,71304,71306,2,,1
update,71297,71315,71317,2,,2
update,71308,71325,71328,3,,3
update,71319,71336,71339,3,,4
inbound,71320,71337,71341,4,,5
update,71330,71348,71351,3,,6
update,71341,71358,71361,3,,7
update,71352,71369,71372,3,,8
update,71363,71380,71383,3,,9
update,71374,71391,71394,3,,10
inbound,71375,71393,71395,2,,11
update,71385,71403,71405,2,,12
update,71396,71413,71416,3,,13
inbound,71400,71417,71419,2,,14
update,71407,71425,71427,2,,15
update,71418,71436,71438,2,,0
inbound,71425,71442,71445,3,,1
inbound,71430,71446,71449,3,,3
update,71429,71446,71449,3,,2
update,71440,71458,71460,2,,4
update,71451,71468,71471,3,,5
update,71462,71479,71482,3,,6
update,71473,71491,71493,2,,7
update,71484,71502,71505,3,,8
inbound,71485,71502,71505,3,,9
update,71495,71512,71515,3,,10
update,71506,71523,71526,3,,11
update,71517,71534,71537,3,,12
update,71528,71546,71548,2,,13
inbound,71540,71556,71560,4,,15
update,71539,71556,71560,4,,14
update,71550,71568,71570,2,,0
update,71561,71578,71581,3,,1
update,71572,71589,71592,3,,2
update,71583,71600,71603,3,,3
inbound,71595,71611,71614,3,,5
update,71594,71611,71615,4,,4
update,71605,71623,71625,2,,6
update,71616,71634,71636,2,,7
update,71627,71645,71647,2,,8
update,71638,71655,71658,3,,9
inbound,71650,71666,71669,3,,11
update,71649,71666,71670,4,,10
update,71660,71678,71681,3,,12
update,71671,71689,71692,3,,13
update,71682,71700,71702,2,,14
update,71693,71710,71713,3,,15
update,71704,71722,71725,3,,0
inbound,71705,71722,71725,3,,1
update,71715,71732,71735,3,,2
update,71726,71744,71747,3,,3
update,71737,71755,71757,2,,4
update,71748,71765,71768,3,,5
inbound,71760,71776,71801,25,,7
update,71759,71776,71803,27,,6
update,71770,71788,71803,15,,8
update,71781,71799,71803,4,,9
update,71792,71809,71812,3,,10
update,71803,71821,71824,3,,11
update,71814,71831,71834,3,,12
inbound,71815,71832,71834,2,,13
update,71825,71842,71845,3,,14
update,71836,71854,71856,2,,15
update,71847,71864,71867,3,,0
update,71858,71875,71878,3,,1
update,71869,71886,71889,3,,2
update,71880,71898,71900,2,,3
update,71891,71908,71911,3,,4
update,71902,71920,71922,2,,5
update,71913,71930,71933,3,,6
update,71924,71941,71944,3,,7
inbound,72000,72018,72021,3,,9
update,72000,72017,72021,4,,8
update,72011,72028,72032,4,,10
update,72022,72040,72043,3,,11
inbound,72025,72043,72046,3,,12
update,72033,72051,72054,3,,13
update,72044,72062,72064,2,,14
update,72055,72072,72075,3,,15
update,72066,72083,72086,3,,0
update,72077,72094,72097,3,,1
update,72088,72105,72108,3,,2
update,72099,72117,72120,3,,3
inbound,72100,72117,72122,5,,4
update,72110,72127,72130,3,,5
update,72121,72138,72141,3,,6
update,72132,72149,72152,3,,7
update,72143,72160,72163,3,,8
update,72154,72171,72175,4,,9
inbound,72155,72172,72176,4,,10
update,72165,72183,72186,3,,11
update,72176,72194,72199,5,,12
update,72187,72205,72209,4,,13
update,72198,72216,72219,3,,14
inbound,72200,72217,72221,4,,15
update,72209,72227,72230,3,,0
inbound,72210,72227,72231,4,,1
update,72220,72238,72243,5,,2
inbound,72225,72242,72246,4,,3
update,72231,72248,72252,4,,4
update,72242,72259,72262,3,,5
update,72253,72270,72274,4,,6
update,72264,72282,72285,3,,7
inbound,72265,72283,72288,5,,8
update,72275,72292,72295,3,,9
update,72286,72304,72310,6,,10
update,72297,72315,72319,4,,11
update,72308,72325,72328,3,,12
update,72319,72337,72343,6,,13
inbound,72320,72338,72343,5,,14
update,72330,72347,72352,5,,15
update,72341,72359,72363,4,,0
update,72352,72370,72374,4,,1
update,72363,72380,72383,3,,2
update,72374,72391,72394,3,,3
inbound,72375,72392,72396,4,,4
update,72385,72403,72405,2,,5
update,72396,72413,72416,3,,6
inbound,72400,72417,72421,4,,7
update,72407,72424,72427,3,,8
update,72418,72435,72438,3,,9
inbound,72425,72443,72446,3,,10
update,72429,72447,72450,3,,11
inbound,72430,72447,72451,4,,12
update,72440,72458,72460,2,,13
update,72451,72468,72471,3,,14
update,72462,72480,72483,3,,15
update,72473,72490,72493,3,,0
update,72484,72502,72506,4,,1
inbound,72485,72503,72506,3,,2
update,72495,72513,72516,3,,3
update,72506,72524,72526,2,,4
update,72517,72535,72538,3,,5
update,72528,72545,72548,3,,6
update,72539,72557,72560,3,,7
inbound,72540,72557,72561,4,,8
update,72550,72567,72570,3,,9
update,72561,72578,72582,4,,10
update,72572,72589,72593,4,,11
update,72583,72601,72604,3,,12
update,72594,72611,72614,3,,13
inbound,72595,72612,72616,4,,14
update,72605,72622,72625,3,,15
update,72616,72633,72636,3,,0
update,72627,72645,72649,4,,1
update,72638,72656,72659,3,,2
update,72649,72666,72674,8,,3
inbound,72650,72670,72675,5,,4
update,72660,72677,72683,6,,5
update,72671,72689,72692,3,,6
update,72682,72699,72702,3,,7
update,72693,72711,72714,3,,8
update,72704,72721,72724,3,,9
inbound,72705,72722,72727,5,,10
update,72715,72732,72736,4,,11
update,72726,72744,72748,4,,12
update,72737,72754,72758,4,,13
update,72748,72766,72769,3,,14
update,72759,72776,72780,4,,15
inbound,72760,72778,72782,4,,0
update,72770,72787,72791,4,,1
update,72781,72799,72802,3,,2
update,72792,72810,72813,3,,3
update,72803,72821,72824,3,,4
update,72814,72831,72835,4,,5
inbound,72815,72831,72836,5,,6
update,72825,72842,72846,4,,7
update,72836,72854,72857,3,,8
update,72847,72864,72868,4,,9
update,72858,72875,72879,4,,10
update,72869,72886,72889,3,,11
update,72880,72897,72900,3,,12
update,72891,72908,72911,3,,13
update,72902,72919,72922,3,,14
update,72913,72931,72934,3,,15
update,72924,72941,72944,3,,0
update,73000,73018,73021,3,,1
inbound,73000,73018,73024,6,,2
update,73011,73028,73032,4,,3
update,73022,73040,73044,4,,4
inbound,73025,73043,73047,4,,5
update,73033,73051,73056,5,,6
update,73044,73062,73065,3,,7
update,73055,73073,73076,3,,8
update,73066,73084,73089,5,,9
update,73077,73095,73098,3,,10
update,73088,73106,73111,5,,11
update,73099,73117,73120,3,,12
inbound,73100,73118,73122,4,,13
update,73110,73127,73130,3,,14
update,73121,73138,73141,3,,15
update,73132,73150,73153,3,,0
update,73143,73161,73164,3,,1
update,73154,73172,73175,3,,2
inbound,73155,73173,73177,4,,3
update,73165,73182,73185,3,,4
update,73176,73194,73198,4,,5
update,73187,73204,73209,5,,6
update,73198,73216,73219,3,,7
inbound,73200,73218,73222,4,,8
update,73209,73226,73229,3,,9
inbound,73210,73228,73230,2,,10
update,73220,73238,73240,2,,11
inbound,73225,73242,73246,4,,12
update,73231,73248,73251,3,,13
update,73242,73260,73263,3,,14
update,73253,73271,73274,3,,15
inbound,73265,73283,73287,4,,1
update,73264,73282,73287,5,,0
update,73275,73292,73296,4,,2
update,73286,73303,73307,4,,3
update,73297,73314,73318,4,,4
update,73308,73326,73329,3,,5
update,73319,73336,73340,4,,6
inbound,73320,73338,73343,5,,7
update,73330,73348,73351,3,,8
update,73341,73358,73362,4,,9
update,73352,73369,73372,3,,10
update,73363,73380,73384,4,,11
inbound,73375,73392,73395,3,,13
update,73374,73392,73396,4,,12
update,73385,73403,73406,3,,14
update,73396,73414,73417,3,,15
inbound,73400,73417,73421,4,,0
update,73407,73424,73427,3,,1
update,73418,73435,73438,3,,2
inbound,73425,73442,73445,3,,3
update,73429,73447,73450,3,,4
inbound,73430,73448,73451,3,,5
update,73440,73457,73460,3,,6
update,73451,73469,73472,3,,7
update,73462,73479,73482,3,,8
update,73473,73491,73494,3,,9
update,73484,73501,73504,3,,10
inbound,73485,73502,73506,4,,11
update,73495,73512,73515,3,,12
update,73506,73523,73526,3,,13
update,73517,73534,73537,3,,14
update,73528,73546,73549,3,,15
update,73539,73556,73560,4,,0
inbound,73540,73557,73561,4,,1
update,73550,73567,73570,3,,2
update,73561,73578,73581,3,,3
update,73572,73590,73592,2,,4
update,73583,73600,73603,3,,5
update,73594,73612,73615,3,,6
inbound,73595,73613,73617,4,,7
update,73605,73622,73625,3,,8
update,73616,73633,73637,4,,9
update,73627,73645,73648,3,,10
update,73638,73655,73658,3,,11
update,73649,73667,73670,3,,12
inbound,73650,73668,73672,4,,13
update,73660,73677,73680,3,,14
update,73671,73688,73691,3,,15
update,73682,73700,73702,2,,0
update,73693,73711,73714,3,,1
update,73704,73721,73725,4,,2
inbound,73705,73722,73726,4,,3
update,73715,73732,73735,3,,4
update,73726,73743,73746,3,,5
update,73737,73754,73757,3,,6
update,73748,73765,73768,3,,7
inbound,73760,73777,73780,3,,9
update,73759,73776,73780,4,,8
update,73770,73787,73790,3,,10
update,73781,73799,73802,3,,11
update,73792,73810,73812,2,,12
update,73803,73820,73823,3,,13
inbound,73815,73832,73835,3,,15
update,73814,73832,73836,4,,14
update,73825,73843,73845,2,,0
update,73836,73853,73857,4,,1
update,73847,73865,73868,3,,2
update,73858,73875,73878,3,,3
update,73869,73887,73890,3,,4
update,73880,73897,73901,4,,5
update,73891,73909,73911,2,,6
update,73902,73920,73923,3,,7
update,73913,73931,73934,3,,8
update,73924,73942,73945,3,,9
update,74000,74017,74021,4,,10
inbound,74000,74017,74023,6,,11
update,74011,74028,74031,3,,12
update,74022,74040,74044,4,,13
inbound,74025,74042,74047,5,,14
update,74033,74050,74054,4,,15
update,74044,74061,74066,5,,0
update,74055,74072,74075,3,,1
update,74066,74084,74087,3,,2
update,74077,74094,74098,4,,3
update,74088,74105,74108,3,,4
update,74099,74117,74122,5,,5
inbound,74100,74118,74123,5,,6
update,74110,74127,74130,3,,7
update,74121,74139,74142,3,,8
update,74132,74150,74153,3,,9
update,74143,74160,74163,3,,10
update,74154,74172,74175,3,,11
inbound,74155,74173,74176,3,,12
update,74165,74183,74186,3,,13
update,74176,74193,74196,3,,14
update,74187,74204,74208,4,,15
update,74198,74215,74220,5,,0
inbound,74200,74217,74224,7,,1
update,74209,74227,74231,4,,2
inbound,74210,74228,74232,4,,3
update,74220,74237,74241,4,,4
inbound,74225,74242,74245,3,,5
update,74231,74248,74251,3,,6
update,74242,74259,74262,3,,7
update,74253,74271,74274,3,,8
update,74264,74281,74285,4,,9
inbound,74265,74282,74285,3,,10
update,74275,74292,74295,3,,11
update,74286,74304,74307,3,,12
update,74297,74314,74318,4,,13
update,74308,74325,74329,4,,14
update,74319,74337,74340,3,,15
inbound,74320,74338,74341,3,,0
update,74330,74347,74350,3,,1
update,74341,74358,74361,3,,2
update,74352,74369,74372,3,,3
update,74363,74380,74383,3,,4
update,74374,74391,74395,4,,5
inbound,74375,74393,74396,3,,6
update,74385,74403,74405,2,,7
update,74396,74413,74416,3,,8
inbound,74400,74417,74420,3,,9
update,74407,74424,74427,3,,10
update,74418,74435,74438,3,,11
inbound,74425,74443,74446,3,,12
update,74429,74447,74449,2,,13
inbound,74430,74447,74450,3,,14
update,74440,74458,74461,3,,15
update,74451,74468,74471,3,,0
update,74462,74479,74482,3,,1
update,74473,74491,74494,3,,2
inbound,74485,74502,74505,3,,4
update,74484,74502,74506,4,,3
update,74495,74513,74516,3,,5
update,74506,74523,74526,3,,6
update,74517,74534,74537,3,,7
update,74528,74546,74549,3,,8
update,74539,74557,74560,3,,9
inbound,74540,74558,74561,3,,10
update,74550,74568,74571,3,,11
update,74561,74579,74581,2,,12
update,74572,74589,74592,3,,13
update,74583,74601,74604,3,,14
update,74594,74612,74615,3,,15
inbound,74595,74612,74616,4,,0
update,74605,74622,74625,3,,1
update,74616,74633,74636,3,,2
update,74627,74644,74647,3,,3
update,74638,74655,74658,3,,4
update,74649,74666,74670,4,,5
inbound,74650,74668,74671,3,,6
update,74660,74677,74680,3,,7
update,74671,74689,74691,2,,8
update,74682,74699,74702,3,,9
update,74693,74711,74713,2,,10
update,74704,74721,74724,3,,11
inbound,74705,74722,74725,3,,12
update,74715,74732,74735,3,,13
update,74726,74744,74747,3,,14
update,74737,74755,74758,3,,15
update,74748,74765,74767,2,,0
inbound,74760,74777,74779,2,,2
update,74759,74777,74780,3,,1
update,74770,74788,74790,2,,3
update,74781,74799,74801,2,,4
update,74792,74810,74812,2,,5
update,74803,74820,74823,3,,6
inbound,74815,74832,74834,2,,8
update,74814,74832,74835,3,,7
update,74825,74842,74845,3,,9
update,74836,74853,74857,4,,10
update,74847,74864,74867,3,,11
update,74858,74876,74879,3,,12
update,74869,74886,74890,4,,13
update,74880,74897,74900,3,,14
update,74891,74908,74914,6,,15
update,74902,74919,74923,4,,0
update,74913,74931,74938,7,,1
update,74924,74942,74947,5,,2
inbound,75000,75017,75020,3,,4
update,75000,75017,75020,3,,3
update,75011,75028,75031,3,,5
update,75022,75040,75042,2,,6
inbound,75025,75042,75045,3,,7
update,75033,75051,75054,3,,8
update,75044,75061,75064,3,,9
update,75055,75073,75080,7,,10
update,75066,75083,75086,3,,11
update,75077,75094,75097,3,,12
update,75088,75106,75108,2,,13
update,75099,75117,75119,2,,14
inbound,75100,75117,75120,3,,15
update,75110,75128,75131,3,,0
update,75121,75138,75140,2,,1
update,75132,75150,75152,2,,2
update,75143,75160,75163,3,,3
update,75154,75171,75174,3,,4
inbound,75155,75172,75176,4,,5
update,75165,75182,75187,5,,6
update,75176,75193,75196,3,,7
update,75187,75204,75208,4,,8
update,75198,75215,75219,4,,9
inbound,75200,75217,75221,4,,10
update,75209,75226,75229,3,,11
inbound,75210,75227,75230,3,,12
update,75220,75237,75240,3,,13
inbound,75225,75243,75246,3,,14
update,75231,75249,75251,2,,15
update,75242,75259,75262,3,,0
update,75253,75271,75273,2,,1
inbound,75265,75281,75284,3,,3
update,75264,75281,75285,4,,2
update,75275,75292,75295,3,,4
update,75286,75303,75306,3,,5
update,75297,75314,75316,2,,6
update,75308,75326,75328,2,,7
update,75319,75337,75339,2,,8
inbound,75320,75338,75341,3,,9
update,75330,75348,75350,2,,10
update,75341,75358,75361,3,,11
update,75352,75370,75372,2,,12
update,75363,75381,75383,2,,13
update,75374,75391,75395,4,,14
inbound,75375,75392,75395,3,,15
update,75385,75403,75406,3,,0
update,75396,75414,75416,2,,1
inbound,75400,75417,75420,3,,2
update,75407,75424,75427,3,,3
update,75418,75435,75438,3,,4
inbound,75425,75442,75445,3,,5
update,75429,75447,75450,3,,6
inbound,75430,75447,75450,3,,7
update,75440,75458,75461,3,,8
update,75451,75469,75471,2,,9
update,75462,75480,75482,2,,10
update,75473,75490,75493,3,,11
inbound,75485,75502,75505,3,,13
update,75484,75502,75505,3,,12
update,75495,75512,75515,3,,14
update,75506,75523,75526,3,,15
update,75517,75534,75536,2,,0
update,75528,75546,75548,2,,1
update,75539,75557,75559,2,,2
inbound,75540,75558,75561,3,,3
update,75550,75567,75570,3,,4
update,75561,75579,75581,2,,5
update,75572,75590,75592,2,,6
update,75583,75600,75603,3,,7
inbound,75595,75612,75615,3,,9
update,75594,75612,75616,4,,8
update,75605,75623,75625,2,,10
update,75616,75633,75635,2,,11
update,75627,75644,75647,3,,12
update,75638,75656,75659,3,,13
update,75649,75667,75670,3,,14
inbound,75650,75668,75671,3,,15
update,75660,75678,75680,2,,0
update,75671,75689,75691,2,,1
update,75682,75699,75702,3,,2
update,75693,75711,75713,2,,3
update,75704,75721,75724,3,,4
inbound,75705,75721,75724,3,,5
update,75715,75732,75736,4,,6
update,75726,75744,75746,2,,7
update,75737,75754,75757,3,,8
update,75748,75766,75769,3,,9
inbound,75760,75777,75779,2,,11
update,75759,75777,75780,3,,10
update,75770,75787,75789,2,,12
update,75781,75799,75801,2,,13
update,75792,75809,75812,3,,14
update,75803,75820,75823,3,,15
inbound,75815,75832,75834,2,,1
update,75814,75832,75835,3,,0
update,75825,75842,75845,3,,2
update,75836,75853,75855,2,,3
update,75847,75865,75867,2,,4
update,75858,75875,75878,3,,5
update,75869,75886,75889,3,,6
update,75880,75897,75900,3,,7
update,75891,75909,75911,2,,8
update,75902,75919,75922,3,,9
update,75913,75930,75933,3,,10
update,75924,75942,75945,3,,11
update,76000,76017,76020,3,,12
inbound,76000,76017,76021,4,,13
update,76011,76028,76031,3,,14
update,76022,76039,76042,3,,15
inbound,76025,76043,76046,3,,0
update,76033,76050,76054,4,,1
update,76044,76061,76067,6,,2
update,76055,76073,76075,2,,3
update,76066,76083,76086,3,,4
update,76077,76095,76098,3,,5
update,76088,76106,76109,3,,6
update,76099,76117,76120,3,,7
inbound,76100,76118,76121,3,,8
update,76110,76128,76131,3,,9
update,76121,76139,76141,2,,10
update,76132,76149,76152,3,,11
update,76143,76160,76163,3,,12
update,76154,76171,76174,3,,13
inbound,76155,76173,76178,5,,14
update,76165,76182,76185,3,,15
update,76176,76193,76196,3,,0
update,76187,76204,76210,6,,1
update,76198,76215,76222,7,,2
inbound,76200,76217,76222,5,,3
update,76209,76227,76231,4,,4
inbound,76210,76227,76235,8,,5
update,76220,76238,76244,6,,6
inbound,76225,76243,76250,7,,7
update,76231,76248,76254,6,,8
update,76242,76260,76265,5,,9
update,76253,76270,76275,5,,10
inbound,76265,76282,76287,5,,12
update,76264,76281,76288,7,,11
update,76275,76292,76295,3,,13
update,76286,76304,76307,3,,14
update,76297,76314,76317,3,,15
update,76308,76325,76329,4,,0
update,76319,76337,76340,3,,1
inbound,76320,76338,76341,3,,2
update,76330,76348,76350,2,,3
update,76341,76358,76361,3,,4
update,76352,76369,76374,5,,5
update,76363,76381,76384,3,,6
update,76374,76392,76395,3,,7
inbound,76375,76393,76398,5,,8
update,76385,76402,76405,3,,9
update,76396,76414,76417,3,,10
inbound,76400,76417,76420,3,,11
update,76407,76425,76427,2,,12
update,76418,76436,76439,3,,13
inbound,76425,76443,76446,3,,14
update,76429,76446,76450,4,,15
inbound,76430,76447,76451,4,,0
update,76440,76458,76461,3,,1
update,76451,76468,76472,4,,2
update,76462,76479,76483,4,,3
update,76473,76491,76494,3,,4
update,76484,76501,76504,3,,5
inbound,76485,76502,76507,5,,6
update,76495,76513,76515,2,,7
update,76506,76523,76526,3,,8
update,76517,76534,76537,3,,9
update,76528,76545,76548,3,,10
update,76539,76556,76560,4,,11
inbound,76540,76557,76562,5,,12
update,76550,76568,76572,4,,13
update,76561,76578,76583,5,,14
update,76572,76590,76594,4,,15
update,76583,76600,76603,3,,0
update,76594,76611,76617,6,,1
inbound,76595,76613,76617,4,,2
update,76605,76622,76625,3,,3
update,76616,76634,76637,3,,4
update,76627,76645,76647,2,,5
update,76638,76656,76658,2,,6
update,76649,76666,76669,3,,7
inbound,76650,76668,76672,4,,8
update,76660,76677,76680,3,,9
update,76671,76688,76691,3,,10
update,76682,76699,76702,3,,11
update,76693,76710,76713,3,,12
update,76704,76721,76726,5,,13
inbound,76705,76723,76726,3,,14
update,76715,76733,76736,3,,15
update,76726,76744,76747,3,,0
update,76737,76754,76757,3,,1
update,76748,76766,76768,2,,2
update,76759,76776,76780,4,,3
inbound,76760,76778,76781,3,,4
update,76770,76788,76791,3,,5
update,76781,76799,76802,3,,6
update,76792,76810,76812,2,,7
update,76803,76820,76823,3,,8
update,76814,76831,76835,4,,9
inbound,76815,76833,76836,3,,10
update,76825,76842,76845,3,,11
update,76836,76854,76857,3,,12
update,76847,76865,76868,3,,13
update,76858,76876,76878,2,,14
update,76869,76886,76890,4,,15
update,76880,76898,76900,2,,0
update,76891,76908,76911,3,,1
update,76902,76919,76923,4,,2
update,76913,76930,76933,3,,3
update,76924,76942,76946,4,,4
inbound,77000,77018,77021,3,,6
update,77000,77018,77023,5,,5
update,77011,77029,77034,5,,7
update,77022,77040,77043,3,,8
inbound,77025,77042,77045,3,,9
update,77033,77050,77053,3,,10
update,77044,77062,77065,3,,11
update,77055,77073,77076,3,,12
update,77066,77084,77087,3,,13
update,77077,77094,77098,4,,14
update,77088,77105,77108,3,,15
update,77099,77116,77120,4,,0
inbound,77100,77118,77121,3,,1
update,77110,77127,77130,3,,2
update,77121,77138,77141,3,,3
update,77132,77149,77152,3,,4
update,77143,77160,77165,5,,5
inbound,77155,77172,77176,4,,7
update,77154,77172,77176,4,,6
update,77165,77182,77185,3,,8
update,77176,77194,77199,5,,9
update,77187,77204,77207,3,,10
inbound,77200,77218,77223,5,,12
update,77198,77215,77223,8,,11
inbound,77210,77228,77232,4,,14
update,77209,77226,77233,7,,13
update,77220,77238,77241,3,,15
inbound,77225,77242,77246,4,,0
update,77231,77249,77252,3,,1
update,77242,77259,77262,3,,2
update,77253,77270,77273,3,,3
inbound,77265,77283,77288,5,,5
update,77264,77281,77288,7,,4
update,77275,77292,77295,3,,6
update,77286,77304,77307,3,,7
update,77297,77314,77317,3,,8
update,77308,77325,77329,4,,9
update,77319,77337,77340,3,,10
inbound,77320,77338,77342,4,,11
update,77330,77347,77350,3,,12
update,77341,77359,77361,2,,13
update,77352,77370,77372,2,,14
update,77363,77381,77384,3,,15
update,77374,77391,77395,4,,0
inbound,77375,77392,77395,3,,1
update,77385,77403,77406,3,,2
update,77396,77413,77417,4,,3
inbound,77400,77418,77421,3,,4
update,77407,77425,77428,3,,5
update,77418,77436,77439,3,,6
inbound,77425,77442,77445,3,,7
update,77429,77446,77450,4,,8
inbound,77430,77448,77452,4,,9
update,77440,77457,77460,3,,10
update,77451,77468,77471,3,,11
update,77462,77480,77483,3,,12
update,77473,77490,77493,3,,13
update,77484,77502,77505,3,,14
inbound,77485,77502,77507,5,,15
update,77495,77513,77516,3,,0
update,77506,77523,77526,3,,1
update,77517,77534,77537,3,,2
update,77528,77546,77548,2,,3
update,77539,77556,77559,3,,4
inbound,77540,77558,77562,4,,5
update,77550,77568,77571,3,,6
update,77561,77579,77582,3,,7
update,77572,77590,77592,2,,8
update,77583,77600,77603,3,,9
update,77594,77611,77615,4,,10
inbound,77595,77612,77616,4,,11
update,77605,77622,77625,3,,12
update,77616,77633,77636,3,,13
update,77627,77644,77647,3,,14
update,77638,77655,77658,3,,15
update,77649,77666,77670,4,,0
inbound,77650,77667,77671,4,,1
update,77660,77677,77681,4,,2
update,77671,77688,77691,3,,3
update,77682,77700,77703,3,,4
update,77693,77710,77716,6,,5
inbound,77705,77722,77725,3,,7
update,77704,77721,77725,4,,6
update,77715,77732,77735,3,,8
update,77726,77744,77747,3,,9
update,77737,77755,77758,3,,10
update,77748,77766,77768,2,,11
update,77759,77776,77780,4,,12
inbound,77760,77777,77781,4,,13
update,77770,77788,77790,2,,14
update,77781,77799,77802,3,,15
update,77792,77810,77812,2,,0
update,77803,77821,77825,4,,1
update,77814,77831,77837,6,,2
inbound,77815,77832,77837,5,,3
update,77825,77842,77845,3,,4
update,77836,77854,77857,3,,5
update,77847,77864,77867,3,,6
update,77858,77875,77878,3,,7
update,77869,77886,77889,3,,8
update,77880,77898,77900,2,,9
update,77891,77908,77911,3,,10
update,77902,77918,77921,3,,11
update,77913,77930,77934,4,,12
update,77924,77941,77944,3,,13
inbound,78000,78017,78021,4,,15
update,78000,78017,78021,4,,14
update,78011,78029,78031,2,,0
update,78022,78039,78042,3,,1
inbound,78025,78042,78048,6,,2
update,78033,78050,78053,3,,3
update,78044,78061,78064,3,,4
update,78055,78073,78076,3,,5
update,78066,78083,78086,3,,6
update,78077,78095,78098,3,,7
update,78088,78106,78109,3,,8
update,78099,78117,78120,3,,9
inbound,78100,78117,78120,3,,10
update,78110,78128,78130,2,,11
update,78121,78139,78142,3,,12
update,78132,78150,78152,2,,13
update,78143,78161,78163,2,,14
update,78154,78171,78175,4,,15
inbound,78155,78173,78176,3,,0
update,78165,78183,78186,3,,1
update,78176,78193,78196,3,,2
update,78187,78205,78208,3,,3
update,78198,78215,78217,2,,4
inbound,78200,78217,78220,3,,5
inbound,78210,78227,78232,5,,7
update,78209,78227,78233,6,,6
update,78220,78238,78241,3,,8
inbound,78225,78243,78246,3,,9
update,78231,78249,78251,2,,10
update,78242,78260,78263,3,,11
update,78253,78270,78273,3,,12
update,78264,78282,78285,3,,13
inbound,78265,78283,78286,3,,14
update,78275,78293,78296,3,,15
update,78286,78304,78307,3,,0
update,78297,78314,78318,4,,1
update,78308,78325,78329,4,,2
inbound,78320,78337,78340,3,,4
update,78319,78337,78341,4,,3
update,78330,78348,78350,2,,5
update,78341,78358,78361,3,,6
update,78352,78370,78374,4,,7
update,78363,78381,78385,4,,8
update,78374,78391,78396,5,,9
inbound,78375,78392,78396,4,,10
update,78385,78403,78406,3,,11
update,78396,78413,78416,3,,12
inbound,78400,78418,78421,3,,13
update,78407,78425,78427,2,,14
update,78418,78436,78439,3,,15
inbound,78425,78443,78446,3,,0
update,78429,78446,78449,3,,1
inbound,78430,78447,78451,4,,2
update,78440,78457,78460,3,,3
update,78451,78469,78472,3,,4
update,78462,78480,78482,2,,5
update,78473,78490,78493,3,,6
update,78484,78501,78505,4,,7
inbound,78485,78503,78507,4,,8
update,78495,78513,78515,2,,9
update,78506,78523,78526,3,,10
update,78517,78534,78537,3,,11
update,78528,78546,78549,3,,12
update,78539,78556,78559,3,,13
inbound,78540,78559,78561,2,,14
update,78550,78567,78570,3,,15
update,78561,78579,78582,3,,0
update,78572,78589,78592,3,,1
update,78583,78601,78605,4,,2
update,78594,78612,78618,6,,3
inbound,78595,78613,78618,5,,4
update,78605,78623,78627,4,,5
update,78616,78633,78638,5,,6
update,78627,78645,78648,3,,7
update,78638,78655,78658,3,,8
update,78649,78666,78669,3,,9
inbound,78650,78668,78672,4,,10
update,78660,78678,78680,2,,11
update,78671,78688,78691,3,,12
update,78682,78700,78702,2,,13
update,78693,78710,78713,3,,14
update,78704,78721,78724,3,,15
inbound,78705,78723,78726,3,,0
update,78715,78732,78735,3,,1
update,78726,78744,78747,3,,2
update,78737,78755,78758,3,,3
update,78748,78765,78769,4,,4
update,78759,78777,78780,3,,5
inbound,78760,78779,78781,2,,6
update,78770,78788,78791,3,,7
update,78781,78799,78802,3,,8
update,78792,78809,78812,3,,9
update,78803,78820,78823,3,,10
update,78814,78831,78839,8,,11
inbound,78815,78833,78840,7,,12
update,78825,78843,78846,3,,13
update,78836,78853,78857,4,,14
update,78847,78865,78868,3,,15
update,78858,78875,78879,4,,0
update,78869,78886,78890,4,,1
update,78880,78898,78903,5,,2
update,78891,78908,78912,4,,3
update,78902,78919,78923,4,,4
update,78913,78930,78934,4,,5
update,78924,78942,78945,3,,6
inbound,79000,79019,79022,3,,8
update,79000,79019,79022,3,,7
update,79011,79029,79032,3,,9
update,79022,79041,79044,3,,10
inbound,79025,79043,79046,3,,11
update,79033,79052,79055,3,,12
update,79044,79063,79065,2,,13
update,79055,79074,79077,3,,14
update,79066,79085,79087,2,,15
update,79077,79096,79098,2,,0
update,79088,79106,79109,3,,1
update,79099,79117,79120,3,,2
inbound,79100,79118,79121,3,,3
update,79110,79128,79131,3,,4
update,79121,79139,79141,2,,5
update,79132,79151,79153,2,,6
update,79143,79162,79164,2,,7
inbound,79155,79172,79175,3,,9
update,79154,79172,79175,3,,8
update,79165,79183,79186,3,,10
update,79176,79195,79197,2,,11
update,79187,79205,79208,3,,12
update,79198,79217,79220,3,,13
inbound,79200,79218,79221,3,,14
update,79209,79227,79231,4,,15
inbound,79210,79228,79232,4,,0
update,79220,79238,79243,5,,1
inbound,79225,79243,79246,3,,2
update,79231,79249,79252,3,,3
update,79242,79260,79264,4,,4
update,79253,79272,79274,2,,5
update,79264,79283,79286,3,,6
inbound,79265,79284,79287,3,,7
update,79275,79294,79296,2,,8
update,79286,79304,79307,3,,9
update,79297,79315,79318,3,,10
update,79308,79327,79329,2,,11
update,79319,79337,79341,4,,12
inbound,79320,79339,79342,3,,13
update,79330,79348,79351,3,,14
update,79341,79360,79362,2,,15
update,79352,79370,79375,5,,0
update,79363,79381,79384,3,,1
update,79374,79392,79395,3,,2
inbound,79375,79393,79396,3,,3
update,79385,79404,79406,2,,4
update,79396,79415,79418,3,,5
inbound,79400,79419,79421,2,,6
update,79407,79426,79428,2,,7
update,79418,79436,79439,3,,8
inbound,79425,79443,79446,3,,9
update,79429,79448,79451,3,,10
inbound,79430,79448,79451,3,,11
update,79440,79458,79461,3,,12
update,79451,79470,79472,2,,13
update,79462,79480,79483,3,,14
update,79473,79491,79494,3,,15
update,79484,79502,79505,3,,0
inbound,79485,79502,79506,4,,1
update,79495,79514,79516,2,,2
update,79506,79524,79527,3,,3
update,79517,79535,79538,3,,4
update,79528,79547,79549,2,,5
update,79539,79558,79560,2,,6
inbound,79540,79559,79562,3,,7
update,79550,79569,79571,2,,8
update,79561,79579,79582,3,,9
update,79572,79589,79592,3,,10
update,79583,79602,79605,3,,11
inbound,79595,79612,79615,3,,13
update,79594,79612,79615,3,,12
update,79605,79623,79626,3,,14
update,79616,79634,79637,3,,15
update,79627,79645,79648,3,,0
update,79638,79657,79659,2,,1
inbound,79650,79667,79670,3,,3
update,79649,79667,79670,3,,2
update,79660,79678,79681,3,,4
update,79671,79689,79692,3,,5
update,79682,79700,79703,3,,6
update,79693,79711,79714,3,,7
inbound,79705,79723,79725,2,,9
update,79704,79723,79726,3,,8
update,79715,79734,79736,2,,10
update,79726,79745,79747,2,,11
update,79737,79755,79758,3,,12
update,79748,79767,79770,3,,13
inbound,79760,79778,79780,2,,15
update,79759,79778,79781,3,,14
update,79770,79789,79792,3,,0
update,79781,79799,79802,3,,1
update,79792,79811,79814,3,,2
update,79803,79822,79825,3,,3
inbound,79815,79833,79836,3,,5
update,79814,79833,79836,3,,4
update,79825,79844,79846,2,,6
update,79836,79854,79857,3,,7
update,79847,79866,79869,3,,8
update,79858,79877,79879,2,,9
update,79869,79887,79892,5,,10
update,79880,79898,79902,4,,11
update,79891,79910,79913,3,,12
update,79902,79921,79924,3,,13
update,79913,79932,79936,4,,14
update,79924,79942,79946,4,,15
inbound,80000,80019,80023,4,,1
update,80000,80019,80023,4,,0
update,80011,80030,80032,2,,2
update,80022,80041,80043,2,,3
inbound,80025,80043,80047,4,,4
update,80033,80051,80054,3,,5
update,80044,80063,80066,3,,6
update,80055,80073,80077,4,,7
update,80066,80085,80088,3,,8
update,80077,80096,80099,3,,9
update,80088,80107,80109,2,,10
update,80099,80117,80121,4,,11
inbound,80100,80119,80122,3,,12
update,80110,80128,80131,3,,13
update,80121,80140,80142,2,,14
update,80132,80150,80153,3,,15
update,80143,80162,80165,3,,0
update,80154,80172,80176,4,,1
inbound,80155,80174,80177,3,,2
update,80165,80183,80186,3,,3
update,80176,80194,80198,4,,4
update,80187,80205,80208,3,,5
update,80198,80217,80220,3,,6
inbound,80200,80219,80222,3,,7
update,80209,80227,80231,4,,8
inbound,80210,80228,80232,4,,9
update,80220,80238,80242,4,,10
inbound,80225,80243,80246,3,,11
update,80231,80250,80254,4,,12
update,80242,80261,80263,2,,13
update,80253,80272,80275,3,,14
update,80264,80282,80285,3,,15
inbound,80265,80283,80287,4,,0
update,80275,80293,80297,4,,1
update,80286,80304,80308,4,,2
update,80297,80316,80318,2,,3
update,80308,80326,80329,3,,4
update,80319,80338,80342,4,,5
inbound,80320,80339,80344,5,,6
update,80330,80348,80351,3,,7
update,80341,80360,80363,3,,8
update,80352,80371,80374,3,,9
update,80363,80382,80385,3,,10
update,80374,80393,80396,3,,11
inbound,80375,80394,80398,4,,12
update,80385,80404,80406,2,,13
update,80396,80414,80418,4,,14
inbound,80400,80419,80422,3,,15
update,80407,80425,80429,4,,0
update,80418,80437,80440,3,,1
inbound,80425,80444,80447,3,,2
update,80429,80448,80451,3,,3
inbound,80430,80449,80452,3,,4
update,80440,80459,80461,2,,5
update,80451,80470,80473,3,,6
update,80462,80480,80483,3,,7
update,80473,80491,80494,3,,8
update,80484,80502,80506,4,,9
inbound,80485,80504,80508,4,,10
update,80495,80514,80516,2,,11
update,80506,80524,80527,3,,12
update,80517,80535,80538,3,,13
update,80528,80546,80549,3,,14
update,80539,80558,80561,3,,15
inbound,80540,80559,80563,4,,0
update,80550,80568,80571,3,,1
update,80561,80579,80582,3,,2
update,80572,80591,80594,3,,3
update,80583,80602,80605,3,,4
update,80594,80612,80616,4,,5
inbound,80595,80614,80617,3,,6
update,80605,80624,80626,2,,7
update,80616,80634,80637,3,,8
update,80627,80646,80648,2,,9
update,80638,80657,80660,3,,10
update,80649,80668,80671,3,,11
inbound,80650,80669,80672,3,,12
update,80660,80678,80681,3,,13
update,80671,80690,80692,2,,14
update,80682,80700,80707,7,,15
update,80693,80711,80716,5,,0
update,80704,80722,80725,3,,1
inbound,80705,80724,80727,3,,2
update,80715,80733,80736,3,,3
update,80726,80744,80747,3,,4
update,80737,80755,80758,3,,5
update,80748,80767,80769,2,,6
inbound,80760,80778,80780,2,,8
update,80759,80777,80781,4,,7
update,80770,80788,80791,3,,9
update,80781,80800,80803,3,,10
update,80792,80810,80815,5,,11
update,80803,80822,80824,2,,12
update,80814,80832,80835,3,,13
inbound,80815,80833,80836,3,,14
update,80825,80843,80846,3,,15
update,80836,80855,80857,2,,0
update,80847,80865,80868,3,,1
update,80858,80877,80880,3,,2
update,80869,80888,80891,3,,3
update,80880,80899,80902,3,,4
update,80891,80909,80912,3,,5
update,80902,80921,80924,3,,6
update,80913,80931,80935,4,,7
update,80924,80943,80946,3,,8
inbound,81000,81019,81022,3,,10
update,81000,81019,81022,3,,9
update,81011,81029,81035,6,,11
update,81022,81040,81044,4,,12
inbound,81025,81044,81046,2,,13
update,81033,81052,81055,3,,14
update,81044,81062,81065,3,,15
update,81055,81074,81076,2,,0
update,81066,81084,81088,4,,1
update,81077,81095,81098,3,,2
update,81088,81106,81109,3,,3
update,81099,81117,81120,3,,4
inbound,81100,81119,81122,3,,5
update,81110,81128,81131,3,,6
update,81121,81139,81143,4,,7
update,81132,81150,81152,2,,8
update,81143,81162,81165,3,,9
update,81154,81172,81176,4,,10
inbound,81155,81174,81180,6,,11
update,81165,81184,81189,5,,12
update,81176,81195,81198,3,,13
update,81187,81206,81212,6,,14
update,81198,81217,81221,4,,15
inbound,81200,81218,81226,8,,0
inbound,81210,81229,81236,7,,2
update,81209,81228,81237,9,,1
update,81220,81239,81263,24,,3
update,81242,81261,81271,10,,6
inbound,81225,81243,81273,30,,4
update,81231,81249,81273,24,,5
update,81253,81271,81285,14,,7
update,81264,81283,81293,10,,8
inbound,81265,81284,81294,10,,9
update,81275,81293,81301,8,,10
update,81286,81305,81308,3,,11
update,81297,81315,81320,5,,12
update,81308,81326,81331,5,,13
update,81319,81338,81343,5,,14
inbound,81320,81338,81344,6,,15
update,81330,81349,81352,3,,0
update,81341,81360,81363,3,,1
update,81352,81370,81373,3,,2
update,81363,81382,81385,3,,3
update,81374,81392,81396,4,,4
inbound,81375,81394,81397,3,,5
update,81385,81404,81406,2,,6
update,81396,81414,81416,2,,7
inbound,81400,81418,81421,3,,8
update,81407,81425,81429,4,,9
update,81418,81436,81439,3,,10
inbound,81425,81443,81446,3,,11
update,81429,81447,81451,4,,12
inbound,81430,81448,81451,3,,13
update,81440,81458,81461,3,,14
update,81451,81470,81473,3,,15
update,81462,81481,81484,3,,0
update,81473,81491,81494,3,,1
update,81484,81502,81505,3,,2
inbound,81485,81504,81508,4,,3
update,81495,81513,81516,3,,4
update,81506,81523,81526,3,,5
update,81517,81535,81538,3,,6
update,81528,81546,81549,3,,7
update,81539,81558,81561,3,,8
inbound,81540,81558,81562,4,,9
update,81550,81568,81571,3,,10
update,81561,81579,81582,3,,11
update,81572,81591,81594,3,,12
update,81583,81602,81605,3,,13
update,81594,81613,81617,4,,14
inbound,81595,81614,81617,3,,15
update,81605,81623,81626,3,,0
update,81616,81635,81638,3,,1
update,81627,81646,81649,3,,2
update,81638,81656,81659,3,,3
update,81649,81668,81671,3,,4
inbound,81650,81668,81671,3,,5
update,81660,81679,81681,2,,6
update,81671,81689,81693,4,,7
update,81682,81701,81704,3,,8
update,81693,81711,81714,3,,9
update,81704,81722,81726,4,,10
inbound,81705,81723,81727,4,,11
update,81715,81733,81737,4,,12
update,81726,81744,81747,3,,13
update,81737,81756,81759,3,,14
update,81748,81766,81769,3,,15
update,81759,81778,81781,3,,0
inbound,81760,81779,81781,2,,1
update,81770,81788,81791,3,,2
update,81781,81799,81802,3,,3
update,81792,81810,81813,3,,4
update,81803,81822,81824,2,,5
update,81814,81833,81836,3,,6
inbound,81815,81835,81838,3,,7
update,81825,81843,81845,2,,8
update,81836,81854,81858,4,,9
update,81847,81865,81868,3,,10
update,81858,81876,81879,3,,11
update,81869,81887,81890,3,,12
update,81880,81898,81901,3,,13
update,81891,81909,81913,4,,14
update,81902,81921,81924,3,,15
update,81913,81932,81935,3,,0
update,81924,81942,81945,3,,1
inbound,82000,82018,82022,4,,3
update,82000,82018,82022,4,,2
update,82011,82029,82032,3,,4
update,82022,82041,82043,2,,5
inbound,82025,82043,82046,3,,6
update,82033,82052,82055,3,,7
update,82044,82062,82065,3,,8
update,82055,82073,82076,3,,9
update,82066,82084,82088,4,,10
update,82077,82096,82098,2,,11
update,82088,82106,82109,3,,12
update,82099,82117,82121,4,,13
inbound,82100,82119,82122,3,,14
update,82110,82128,82131,3,,15
update,82121,82140,82143,3,,0
update,82132,82150,82154,4,,1
update,82143,82161,82164,3,,2
update,82154,82172,82175,3,,3
inbound,82155,82172,82176,4,,4
update,82165,82184,82186,2,,5
update,82176,82195,82198,3,,6
update,82187,82205,82208,3,,7
update,82198,82217,82220,3,,8
inbound,82200,82219,82221,2,,9
update,82209,82228,82231,3,,10
inbound,82210,82229,82233,4,,11
update,82220,82239,82241,2,,12
inbound,82225,82243,82246,3,,13
update,82231,82249,82252,3,,14
update,82242,82260,82264,4,,15
update,82253,82271,82274,3,,0
update,82264,82283,82286,3,,1
inbound,82265,82284,82287,3,,2
update,82275,82293,82296,3,,3
update,82286,82304,82307,3,,4
update,82297,82315,82318,3,,5
update,82308,82326,82330,4,,6
update,82319,82337,82341,4,,7
inbound,82320,82339,82342,3,,8
update,82330,82349,82351,2,,9
update,82341,82359,82362,3,,10
update,82352,82370,82374,4,,11
update,82363,82382,82386,4,,12
update,82374,82392,82396,4,,13
inbound,82375,82394,82397,3,,14
update,82385,82403,82408,5,,15
update,82396,82415,82418,3,,0
inbound,82400,82418,82421,3,,1
update,82407,82426,82429,3,,2
update,82418,82436,82440,4,,3
inbound,82425,82444,82447,3,,4
update,82429,82447,82452,5,,5
inbound,82430,82448,82455,7,,6
update,82440,82459,82463,4,,7
update,82451,82469,82475,6,,8
update,82462,82481,82485,4,,9
update,82473,82492,82497,5,,10
update,82484,82502,82506,4,,11
inbound,82485,82503,82509,6,,12
update,82495,82514,82516,2,,13
update,82506,82524,82527,3,,14
update,82517,82536,82539,3,,15
update,82528,82546,82548,2,,0
update,82539,82557,82560,3,,1
inbound,82540,82558,82562,4,,2
update,82550,82568,82571,3,,3
update,82561,82579,82583,4,,4
update,82572,82590,82593,3,,5
update,82583,82602,82605,3,,6
update,82594,82612,82615,3,,7
inbound,82595,82613,82617,4,,8
update,82605,82624,82627,3,,9
update,82616,82634,82637,3,,10
update,82627,82645,82648,3,,11
update,82638,82657,82659,2,,12
update,82649,82667,82670,3,,13
inbound,82650,82668,82672,4,,14
update,82660,82678,82682,4,,15
update,82671,82690,82694,4,,0
update,82682,82700,82703,3,,1
update,82693,82711,82714,3,,2
inbound,82705,82723,82727,4,,4
update,82704,82722,82727,5,,3
update,82715,82734,82737,3,,5
update,82726,82745,82748,3,,6
update,82737,82756,82759,3,,7
update,82748,82766,82769,3,,8
inbound,82760,82778,82781,3,,10
update,82759,82778,82781,3,,9
update,82770,82789,82792,3,,11
update,82781,82799,82802,3,,12
update,82792,82810,82813,3,,13
update,82803,82821,82824,3,,14
update,82814,82832,82835,3,,15
inbound,82815,82834,82836,2,,0
update,82825,82843,82846,3,,1
update,82836,82854,82857,3,,2
update,82847,82865,82868,3,,3
update,82858,82876,82879,3,,4
update,82869,82887,82890,3,,5
update,82880,82898,82901,3,,6
update,82891,82910,82915,5,,7
update,82902,82921,82923,2,,8
update,82913,82932,82935,3,,9
update,82924,82942,82945,3,,10
update,83000,83018,83021,3,,11
inbound,83000,83018,83021,3,,12
update,83011,83030,83032,2,,13
update,83022,83040,83043,3,,14
inbound,83025,83044,83046,2,,15
update,83033,83051,83054,3,,0
update,83044,83062,83065,3,,1
update,83055,83073,83076,3,,2
update,83066,83085,83089,4,,3
update,83077,83095,83098,3,,4
update,83088,83106,83109,3,,5
update,83099,83118,83121,3,,6
inbound,83100,83118,83121,3,,7
update,83110,83128,83131,3,,8
update,83121,83139,83142,3,,9
update,83132,83151,83153,2,,10
update,83143,83161,83164,3,,11
inbound,83155,83173,83175,2,,13
update,83154,83172,83176,4,,12
update,83165,83183,83186,3,,14
update,83176,83194,83197,3,,15
update,83187,83206,83209,3,,0
update,83198,83217,83219,2,,1
inbound,83200,83219,83222,3,,2
inbound,83210,83228,83231,3,,4
update,83209,83228,83231,3,,3
update,83220,83238,83241,3,,5
inbound,83225,83242,83247,5,,6
update,83231,83250,83252,2,,7
update,83242,83261,83264,3,,8
update,83253,83271,83274,3,,9
update,83264,83282,83285,3,,10
inbound,83265,83283,83286,3,,11
update,83275,83294,83296,2,,12
update,83286,83304,83307,3,,13
update,83297,83315,83318,3,,14
update,83308,83326,83329,3,,15
inbound,83320,83338,83341,3,,1
update,83319,83338,83341,3,,0
update,83330,83348,83351,3,,2
update,83341,83359,83363,4,,3
update,83352,83371,83374,3,,4
update,83363,83381,83384,3,,5
update,83374,83392,83395,3,,6
inbound,83375,83393,83397,4,,7
update,83385,83404,83406,2,,8
update,83396,83415,83417,2,,9
inbound,83400,83418,83421,3,,10
update,83407,83425,83428,3,,11
update,83418,83436,83439,3,,12
inbound,83425,83443,83446,3,,13
update,83429,83448,83451,3,,14
inbound,83430,83448,83451,3,,15
update,83440,83458,83461,3,,0
update,83451,83470,83472,2,,1
update,83462,83481,83483,2,,2
update,83473,83492,83494,2,,3
inbound,83485,83502,83505,3,,5
update,83484,83502,83505,3,,4
update,83495,83513,83516,3,,6
update,83506,83524,83527,3,,7
update,83517,83536,83538,2,,8
update,83528,83547,83549,2,,9
update,83539,83557,83560,3,,10
inbound,83540,83557,83560,3,,11
update,83550,83568,83571,3,,12
update,83561,83579,83582,3,,13
update,83572,83590,83593,3,,14
update,83583,83601,83604,3,,15
update,83594,83613,83616,3,,0
inbound,83595,83613,83616,3,,1
update,83605,83623,83625,2,,2
update,83616,83635,83637,2,,3
update,83627,83646,83648,2,,4
update,83638,83656,83659,3,,5
inbound,83650,83667,83670,3,,7
update,83649,83667,83671,4,,6
update,83660,83679,83681,2,,8
update,83671,83690,83693,3,,9
update,83682,83701,83703,2,,10
update,83693,83712,83714,2,,11
update,83704,83722,83725,3,,12
inbound,83705,83722,83725,3,,13
update,83715,83734,83737,3,,14
update,83726,83744,83747,3,,15
update,83737,83756,83759,3,,0
update,83748,83767,83770,3,,1
inbound,83760,83778,83780,2,,3
update,83759,83778,83781,3,,2
update,83770,83788,83791,3,,4
update,83781,83799,83802,3,,5
update,83792,83810,83813,3,,6
update,83803,83821,83823,2,,7
inbound,83815,83833,83835,2,,9
update,83814,83833,83836,3,,8
update,83825,83844,83847,3,,10
update,83836,83855,83857,2,,11
update,83847,83865,83868,3,,12
update,83858,83877,83879,2,,13
update,83869,83888,83890,2,,14
update,83880,83899,83902,3,,15
update,83891,83910,83912,2,,0
update,83902,83920,83923,3,,1
update,83913,83931,83934,3,,2
update,83924,83943,83946,3,,3
inbound,84000,84018,84021,3,,5
update,84000,84018,84021,3,,4
update,84011,84030,84033,3,,6
update,84022,84041,84043,2,,7
inbound,84025,84043,84047,4,,8
update,84033,84052,84055,3,,9
update,84044,84062,84065,3,,10
update,84055,84074,84077,3,,11
update,84066,84084,84087,3,,12
update,84077,84096,84100,4,,13
update,84088,84106,84109,3,,14
update,84099,84117,84120,3,,15
inbound,84100,84118,84124,6,,0
update,84110,84128,84131,3,,1
update,84121,84139,84142,3,,2
update,84132,84151,84153,2,,3
update,84143,84161,84164,3,,4
update,84154,84173,84176,3,,5
inbound,84155,84174,84178,4,,6
update,84165,84184,84186,2,,7
update,84176,84194,84197,3,,8
update,84187,84205,84208,3,,9
update,84198,84216,84219,3,,10
inbound,84200,84218,84221,3,,11
update,84209,84228,84232,4,,12
inbound,84210,84229,84233,4,,13
update,84220,84238,84241,3,,14
inbound,84225,84243,84246,3,,15
update,84231,84249,84253,4,,0
update,84242,84262,84269,7,,1
update,84253,84271,84275,4,,2
update,84264,84283,84287,4,,3
inbound,84265,84284,84287,3,,4
update,84275,84294,84297,3,,5
update,84286,84304,84307,3,,6
update,84297,84316,84319,3,,7
update,84308,84327,84329,2,,8
update,84319,84337,84341,4,,9
inbound,84320,84339,84342,3,,10
update,84330,84348,84351,3,,11
update,84341,84359,84363,4,,12
update,84352,84370,84373,3,,13
update,84363,84381,84384,3,,14
update,84374,84393,84396,3,,15
inbound,84375,84393,84397,4,,0
update,84385,84403,84406,3,,1
update,84396,84415,84418,3,,2
inbound,84400,84418,84421,3,,3
update,84407,84426,84428,2,,4
update,84418,84436,84439,3,,5
inbound,84425,84443,84446,3,,6
inbound,84430,84449,84452,3,,8
update,84429,84448,84452,4,,7
update,84440,84459,84462,3,,9
update,84451,84470,84472,2,,10
update,84462,84480,84483,3,,11
update,84473,84492,84495,3,,12
update,84484,84503,84506,3,,13
inbound,84485,84504,84507,3,,14
update,84495,84514,84517,3,,15
update,84506,84525,84527,2,,0
update,84517,84535,84538,3,,1
update,84528,84546,84549,3,,2
update,84539,84558,84560,2,,3
inbound,84540,84559,84563,4,,4
update,84550,84568,84574,6,,5
update,84561,84579,84582,3,,6
update,84572,84591,84594,3,,7
update,84583,84602,84604,2,,8
inbound,84595,84613,84616,3,,10
update,84594,84613,84617,4,,9
update,84605,84624,84626,2,,11
update,84616,84634,84636,2,,12
update,84627,84645,84648,3,,13
update,84638,84656,84659,3,,14
update,84649,84668,84671,3,,15
inbound,84650,84668,84671,3,,0
update,84660,84678,84681,3,,1
update,84671,84689,84693,4,,2
update,84682,84700,84703,3,,3
update,84693,84711,84714,3,,4
update,84704,84723,84726,3,,5
inbound,84705,84724,84728,4,,6
update,84715,84734,84737,3,,7
update,84726,84745,84747,2,,8
update,84737,84756,84759,3,,9
update,84748,84767,84770,3,,10
update,84759,84778,84781,3,,11
inbound,84760,84779,84781,2,,12
update,84770,84789,84792,3,,13
update,84781,84799,84802,3,,14
update,84792,84810,84813,3,,15
update,84803,84822,84824,2,,0
update,84814,84832,84835,3,,1
inbound,84815,84833,84836,3,,2
update,84825,84844,84846,2,,3
update,84836,84854,84857,3,,4
update,84847,84865,84868,3,,5
update,84858,84876,84879,3,,6
update,84869,84887,84890,3,,7
update,84880,84899,84902,3,,8
update,84891,84909,84912,3,,9
update,84902,84921,84924,3,,10
update,84913,84932,84935,3,,11
update,84924,84942,84945,3,,12
update,85000,85019,85023,4,,13
inbound,85000,85019,85023,4,,14
update,85011,85030,85033,3,,15
update,85022,85041,85044,3,,0
inbound,85025,85043,85047,4,,1
update,85033,85052,85055,3,,2
update,85044,85062,85065,3,,3
update,85055,85073,85076,3,,4
update,85066,85085,85087,2,,5
update,85077,85095,85098,3,,6
update,85088,85106,85109,3,,7
update,85099,85117,85121,4,,8
inbound,85100,85118,85122,4,,9
update,85110,85128,85131,3,,10
update,85121,85140,85143,3,,11
update,85132,85151,85154,3,,12
update,85143,85161,85165,4,,13
update,85154,85172,85177,5,,14
inbound,85155,85173,85177,4,,15
update,85165,85183,85186,3,,0
update,85176,85195,85198,3,,1
update,85187,85206,85208,2,,2
update,85198,85217,85220,3,,3
inbound,85200,85219,85222,3,,4
update,85209,85228,85231,3,,5
inbound,85210,85229,85232,3,,6
update,85220,85238,85242,4,,7
inbound,85225,85244,85247,3,,8
update,85231,85249,85252,3,,9
update,85242,85260,85264,4,,10
update,85253,85271,85276,5,,11
update,85264,85282,85287,5,,12
inbound,85265,85284,85288,4,,13
update,85275,85294,85297,3,,14
update,85286,85304,85307,3,,15
update,85297,85316,85319,3,,0
update,85308,85327,85330,3,,1
update,85319,85337,85341,4,,2
inbound,85320,85339,85342,3,,3
update,85330,85348,85351,3,,4
update,85341,85359,85362,3,,5
update,85352,85371,85374,3,,6
update,85363,85381,85384,3,,7
update,85374,85392,85395,3,,8
inbound,85375,85393,85397,4,,9
update,85385,85403,85406,3,,10
update,85396,85415,85417,2,,11
inbound,85400,85418,85421,3,,12
update,85407,85426,85429,3,,13
update,85418,85437,85439,2,,14
inbound,85425,85444,85447,3,,15
update,85429,85447,85450,3,,0
inbound,85430,85448,85452,4,,1
update,85440,85459,85462,3,,2
update,85451,85470,85473,3,,3
update,85462,85480,85483,3,,4
update,85473,85491,85495,4,,5
update,85484,85502,85505,3,,6
inbound,85485,85503,85507,4,,7
update,85495,85514,85517,3,,8
update,85506,85524,85528,4,,9
update,85517,85535,85538,3,,10
update,85528,85546,85549,3,,11
update,85539,85558,85562,4,,12
inbound,85540,85558,85562,4,,13
update,85550,85568,85571,3,,14
update,85561,85580,85583,3,,15
update,85572,85590,85593,3,,0
update,85583,85601,85605,4,,1
update,85594,85612,85616,4,,2
inbound,85595,85614,85617,3,,3
update,85605,85623,85626,3,,4
update,85616,85634,85637,3,,5
update,85627,85645,85648,3,,6
update,85638,85657,85660,3,,7
update,85649,85668,85671,3,,8
inbound,85650,85669,85673,4,,9
update,85660,85678,85681,3,,10
update,85671,85689,85692,3,,11
update,85682,85700,85703,3,,12
update,85693,85711,85715,4,,13
update,85704,85723,85727,4,,14
inbound,85705,85724,85727,3,,15
update,85715,85733,85736,3,,0
update,85726,85744,85747,3,,1
update,85737,85756,85759,3,,2
update,85748,85766,85769,3,,3
inbound,85760,85778,85780,2,,5
update,85759,85778,85782,4,,4
update,85770,85788,85792,4,,6
update,85781,85800,85803,3,,7
update,85792,85810,85813,3,,8
update,85803,85821,85824,3,,9
inbound,85815,85833,85835,2,,11
update,85814,85833,85837,4,,10
update,85825,85844,85846,2,,12
update,85836,85854,85858,4,,13
update,85847,85866,85868,2,,14
update,85858,85876,85879,3,,15
update,85869,85887,85890,3,,0
update,85880,85898,85903,5,,1
update,85891,85909,85912,3,,2
update,85902,85921,85923,2,,3
update,85913,85932,85934,2,,4
update,85924,85942,85945,3,,5
inbound,86000,86018,86021,3,,7
update,86000,86018,86022,4,,6
update,86011,86030,86032,2,,8
update,86022,86041,86044,3,,9
inbound,86025,86043,86047,4,,10
update,86033,86051,86054,3,,11
update,86044,86061,86064,3,,12
update,86055,86073,86076,3,,13
update,86066,86084,86087,3,,14
update,86077,86095,86098,3,,15
update,86088,86107,86110,3,,0
update,86099,86117,86120,3,,1
inbound,86100,86118,86121,3,,2
update,86110,86128,86131,3,,3
update,86121,86140,86143,3,,4
update,86132,86151,86153,2,,5
update,86143,86161,86165,4,,6
update,86154,86172,86176,4,,7
inbound,86155,86174,86177,3,,8
update,86165,86184,86186,2,,9
update,86176,86194,86197,3,,10
update,86187,86205,86208,3,,11
update,86198,86216,86219,3,,12
inbound,86200,86219,86221,2,,13
update,86209,86227,86230,3,,14
inbound,86210,86228,86233,5,,15
update,86220,86239,86242,3,,0
inbound,86225,86243,86246,3,,1
update,86231,86249,86252,3,,2
update,86242,86260,86263,3,,3
update,86253,86272,86277,5,,4
update,86264,86283,86286,3,,5
inbound,86265,86284,86288,4,,6
update,86275,86293,86297,4,,7
update,86286,86304,86307,3,,8
update,86297,86316,86319,3,,9
update,86308,86327,86330,3,,10
update,86319,86337,86341,4,,11
inbound,86320,86338,86342,4,,12
update,86330,86348,86351,3,,13
update,86341,86359,86362,3,,14
update,86352,86370,86374,4,,15
update,86363,86382,86385,3,,0
update,86374,86393,86396,3,,1
inbound,86375,86393,86397,4,,2
update,86385,86404,86407,3,,3
update,86396,86414,86417,3,,4
inbound,86400,86418,86421,3,,5
update,86407,86426,86429,3,,6
update,86418,86437,86439,2,,7
inbound,86425,86443,86445,2,,8
update,86429,86448,86451,3,,9
inbound,86430,86449,86452,3,,10
update,86440,86459,86461,2,,11
update,86451,86469,86472,3,,12
update,86462,86481,86484,3,,13
update,86473,86491,86494,3,,14
update,86484,86503,86507,4,,15
inbound,86485,86504,86508,4,,0
update,86495,86514,86517,3,,1
update,86506,86524,86527,3,,2
update,86517,86536,86538,2,,3
update,86528,86546,86549,3,,4
update,86539,86557,86561,4,,5
inbound,86540,86557,86561,4,,6
update,86550,86569,86572,3,,7
update,86561,86580,86583,3,,8
update,86572,86590,86593,3,,9
update,86583,86601,86605,4,,10
update,86594,86613,86619,6,,11
inbound,86595,86614,86619,5,,12
update,86605,86623,86627,4,,13
update,86616,86634,86639,5,,14
update,86627,86645,86648,3,,15
update,86638,86656,86659,3,,0
update,86649,86668,86672,4,,1
inbound,86650,86669,86673,4,,2
update,86660,86679,86682,3,,3
update,86671,86690,86693,3,,4
update,86682,86700,86703,3,,5
update,86693,86712,86715,3,,6
update,86704,86723,86726,3,,7
inbound,86705,86724,86727,3,,8
update,86715,86733,86736,3,,9
update,86726,86744,86747,3,,10
update,86737,86756,86759,3,,11
update,86748,86767,86769,2,,12
update,86759,86777,86782,5,,13
inbound,86760,86778,86783,5,,14
update,86770,86788,86791,3,,15
update,86781,86799,86802,3,,0
update,86792,86811,86814,3,,1
update,86803,86821,86824,3,,2
inbound,86815,86833,86835,2,,4
update,86814,86833,86836,3,,3
update,86825,86843,86846,3,,5
update,86836,86854,86857,3,,6
update,86847,86866,86868,2,,7
update,86858,86876,86879,3,,8
update,86869,86887,86890,3,,9
update,86880,86898,86901,3,,10
update,86891,86910,86913,3,,11
update,86902,86921,86924,3,,12
update,86913,86931,86934,3,,13
update,86924,86942,86945,3,,14
update,87000,87019,87022,3,,15
inbound,87000,87019,87022,3,,0
update,87011,87030,87033,3,,1
update,87022,87041,87046,5,,2
inbound,87025,87043,87046,3,,3
update,87033,87052,87054,2,,4
update,87044,87063,87066,3,,5
update,87055,87074,87077,3,,6
update,87066,87085,87088,3,,7
update,87077,87096,87099,3,,8
update,87088,87106,87109,3,,9
update,87099,87117,87121,4,,10
inbound,87100,87118,87121,3,,11
update,87110,87129,87132,3,,12
update,87121,87140,87143,3,,13
update,87132,87150,87153,3,,14
update,87143,87161,87164,3,,15
update,87154,87172,87176,4,,0
inbound,87155,87173,87176,3,,1
update,87165,87183,87186,3,,2
update,87176,87194,87198,4,,3
update,87187,87206,87209,3,,4
update,87198,87217,87221,4,,5
inbound,87200,87218,87225,7,,6
update,87209,87227,87231,4,,7
inbound,87210,87229,87233,4,,8
update,87220,87239,87242,3,,9
inbound,87225,87243,87246,3,,10
update,87231,87249,87252,3,,11
update,87242,87261,87264,3,,12
update,87253,87271,87275,4,,13
update,87264,87283,87287,4,,14
inbound,87265,87283,87288,5,,15
update,87275,87294,87297,3,,0
update,87286,87304,87307,3,,1
update,87297,87315,87318,3,,2
update,87308,87326,87329,3,,3
inbound,87320,87337,87340,3,,5
update,87319,87337,87340,3,,4
update,87330,87347,87350,3,,6
update,87341,87359,87362,3,,7
update,87352,87370,87373,3,,8
update,87363,87382,87385,3,,9
update,87374,87393,87396,3,,10
inbound,87375,87393,87396,3,,11
update,87385,87403,87406,3,,12
update,87396,87414,87417,3,,13
inbound,87400,87418,87421,3,,14
update,87407,87425,87428,3,,15
update,87418,87436,87439,3,,0
inbound,87425,87443,87446,3,,1
update,87429,87446,87449,3,,2
inbound,87430,87449,87451,2,,3
update,87440,87459,87461,2,,4
update,87451,87469,87472,3,,5
update,87462,87480,87483,3,,6
update,87473,87491,87494,3,,7
update,87484,87502,87506,4,,8
inbound,87485,87504,87507,3,,9
update,87495,87514,87517,3,,10
update,87506,87525,87527,2,,11
update,87517,87536,87538,2,,12
update,87528,87545,87548,3,,13
inbound,87540,87558,87560,2,,15
update,87539,87557,87560,3,,14
update,87550,87569,87572,3,,0
update,87561,87580,87583,3,,1
update,87572,87591,87594,3,,2
update,87583,87601,87604,3,,3
update,87594,87613,87616,3,,4
inbound,87595,87613,87616,3,,5
update,87605,87624,87627,3,,6
update,87616,87634,87637,3,,7
update,87627,87645,87648,3,,8
update,87638,87656,87659,3,,9
inbound,87650,87668,87671,3,,11
update,87649,87668,87671,3,,10
update,87660,87678,87681,3,,12
update,87671,87689,87692,3,,13
update,87682,87701,87703,2,,14
update,87693,87711,87714,3,,15
update,87704,87722,87726,4,,0
inbound,87705,87722,87726,4,,1
update,87715,87734,87737,3,,2
update,87726,87745,87748,3,,3
update,87737,87756,87760,4,,4
update,87748,87767,87771,4,,5
inbound,87760,87778,87780,2,,7
update,87759,87778,87781,3,,6
update,87770,87789,87792,3,,8
update,87781,87799,87802,3,,9
update,87792,87810,87813,3,,10
update,87803,87821,87824,3,,11
update,87814,87832,87835,3,,12
inbound,87815,87833,87835,2,,13
update,87825,87844,87847,3,,14
update,87836,87854,87857,3,,15
update,87847,87865,87868,3,,0
update,87858,87876,87879,3,,1
update,87869,87887,87890,3,,2
update,87880,87898,87901,3,,3
update,87891,87910,87913,3,,4
update,87902,87920,87923,3,,5
update,87913,87931,87934,3,,6
update,87924,87942,87945,3,,7
update,88000,88018,88022,4,,8
inbound,88000,88019,88023,4,,9
update,88011,88030,88033,3,,10
update,88022,88041,88044,3,,11
inbound,88025,88044,88048,4,,12
update,88033,88051,88054,3,,13
update,88044,88062,88065,3,,14
update,88055,88073,88076,3,,15
update,88066,88085,88088,3,,0
update,88077,88096,88099,3,,1
update,88088,88106,88110,4,,2
update,88099,88118,88122,4,,3
inbound,88100,88120,88123,3,,4
update,88110,88129,88132,3,,5
update,88121,88139,88142,3,,6
update,88132,88151,88154,3,,7
update,88143,88162,88165,3,,8
update,88154,88172,88176,4,,9
inbound,88155,88175,88179,4,,10
update,88165,88183,88186,3,,11
update,88176,88194,88198,4,,12
update,88187,88206,88209,3,,13
update,88198,88217,88220,3,,14
inbound,88200,88220,88224,4,,15
update,88209,88227,88230,3,,0
inbound,88210,88230,88233,3,,1
update,88220,88239,88242,3,,2
inbound,88225,88244,88248,4,,3
update,88231,88250,88253,3,,4
update,88242,88260,88264,4,,5
update,88253,88272,88275,3,,6
update,88264,88283,88286,3,,7
inbound,88265,88285,88290,5,,8
update,88275,88293,88299,6,,9
update,88286,88305,88308,3,,10
update,88297,88316,88319,3,,11
update,88308,88326,88329,3,,12
update,88319,88337,88340,3,,13
inbound,88320,88340,88343,3,,14
update,88330,88348,88351,3,,15
update,88341,88360,88363,3,,0
update,88352,88370,88373,3,,1
update,88363,88382,88385,3,,2
update,88374,88392,88395,3,,3
inbound,88375,88395,88398,3,,4
update,88385,88404,88407,3,,5
update,88396,88414,88423,9,,6
inbound,88400,88423,88427,4,,7
update,88407,88426,88430,4,,8
update,88418,88437,88441,4,,9
inbound,88425,88445,88449,4,,10
update,88429,88447,88452,5,,11
inbound,88430,88450,88454,4,,12
update,88440,88459,88463,4,,13
update,88451,88469,88472,3,,14
update,88462,88480,88483,3,,15
update,88473,88492,88495,3,,0
update,88484,88502,88506,4,,1
inbound,88485,88505,88507,2,,2
update,88495,88514,88517,3,,3
update,88506,88525,88527,2,,4
update,88517,88536,88539,3,,5
update,88528,88546,88549,3,,6
update,88539,88557,88560,3,,7
inbound,88540,88559,88563,4,,8
update,88550,88568,88572,4,,9
update,88561,88580,88583,3,,10
update,88572,88591,88594,3,,11
update,88583,88602,88605,3,,12
update,88594,88613,88616,3,,13
inbound,88595,88614,88618,4,,14
update,88605,88623,88627,4,,15
update,88616,88634,88637,3,,0
update,88627,88646,88650,4,,1
update,88638,88656,88663,7,,2
update,88649,88667,88672,5,,3
inbound,88650,88669,88673,4,,4
update,88660,88679,88683,4,,5
update,88671,88690,88694,4,,6
update,88682,88700,88704,4,,7
update,88693,88711,88714,3,,8
update,88704,88723,88725,2,,9
inbound,88705,88725,88729,4,,10
update,88715,88734,88737,3,,11
update,88726,88745,88749,4,,12
update,88737,88757,88760,3,,13
update,88748,88767,88770,3,,14
update,88759,88778,88782,4,,15
inbound,88760,88779,88782,3,,0
update,88770,88790,88793,3,,1
update,88781,88801,88804,3,,2
update,88792,88811,88815,4,,3
update,88803,88823,88826,3,,4
inbound,88815,88835,88837,2,,6
update,88814,88834,88838,4,,5
update,88825,88844,88847,3,,7
update,88836,88855,88858,3,,8
update,88847,88866,88870,4,,9
update,88858,88877,88880,3,,10
update,88869,88888,88891,3,,11
update,88880,88899,88902,3,,12
update,88891,88910,88913,3,,13
update,88902,88921,88924,3,,14
update,88913,88933,88935,2,,15
update,88924,88943,88946,3,,0
inbound,89000,89020,89026,6,,2
update,89000,89020,89026,6,,1
update,89011,89030,89034,4,,3
update,89022,89041,89045,4,,4
inbound,89025,89044,89048,4,,5
update,89033,89053,89057,4,,6
update,89044,89063,89066,3,,7
update,89055,89075,89079,4,,8
update,89066,89086,89089,3,,9
update,89077,89097,89100,3,,10
update,89088,89107,89110,3,,11
update,89099,89119,89123,4,,12
inbound,89100,89120,89124,4,,13
update,89110,89130,89133,3,,14
update,89121,89141,89144,3,,15
update,89132,89151,89154,3,,0
update,89143,89162,89166,4,,1
update,89154,89173,89177,4,,2
inbound,89155,89175,89178,3,,3
update,89165,89184,89188,4,,4
update,89176,89196,89199,3,,5
update,89187,89207,89210,3,,6
update,89198,89218,89220,2,,7
inbound,89200,89220,89223,3,,8
update,89209,89228,89232,4,,9
inbound,89210,89229,89233,4,,10
update,89220,89239,89243,4,,11
inbound,89225,89245,89248,3,,12
update,89231,89250,89253,3,,13
update,89242,89262,89265,3,,14
update,89253,89273,89275,2,,15
update,89264,89284,89287,3,,0
inbound,89265,89284,89288,4,,1
update,89275,89294,89300,6,,2
update,89286,89305,89308,3,,3
update,89297,89317,89320,3,,4
update,89308,89328,89331,3,,5
update,89319,89338,89341,3,,6
inbound,89320,89339,89343,4,,7
update,89330,89349,89352,3,,8
update,89341,89360,89364,4,,9
update,89352,89371,89374,3,,10
update,89363,89382,89385,3,,11
inbound,89375,89394,89397,3,,13
update,89374,89394,89397,3,,12
update,89385,89405,89408,3,,14
update,89396,89415,89418,3,,15
inbound,89400,89419,89423,4,,0
update,89407,89426,89429,3,,1
update,89418,89437,89440,3,,2
inbound,89425,89444,89448,4,,3
update,89429,89449,89452,3,,4
inbound,89430,89450,89454,4,,5
update,89440,89460,89462,2,,6
update,89451,89470,89473,3,,7
update,89462,89481,89484,3,,8
update,89473,89492,89495,3,,9
update,89484,89503,89506,3,,10
inbound,89485,89504,89508,4,,11
update,89495,89514,89517,3,,12
update,89506,89525,89530,5,,13
update,89517,89536,89539,3,,14
update,89528,89548,89551,3,,15
inbound,89540,89559,89562,3,,1
update,89539,89559,89563,4,,0
update,89550,89569,89572,3,,2
update,89561,89581,89583,2,,3
update,89572,89591,89595,4,,4
update,89583,89603,89605,2,,5
update,89594,89614,89617,3,,6
inbound,89595,89615,89619,4,,7
update,89605,89624,89628,4,,8
update,89616,89636,89639,3,,9
update,89627,89647,89649,2,,10
update,89638,89657,89660,3,,11
update,89649,89668,89672,4,,12
inbound,89650,89670,89674,4,,13
update,89660,89679,89682,3,,14
update,89671,89690,89693,3,,15
update,89682,89701,89705,4,,0
update,89693,89713,89716,3,,1
update,89704,89724,89727,3,,2
inbound,89705,89725,89729,4,,3
update,89715,89734,89737,3,,4
update,89726,89745,89748,3,,5
update,89737,89756,89759,3,,6
update,89748,89768,89771,3,,7
update,89759,89779,89783,4,,8
inbound,89760,89780,89783,3,,9
update,89770,89790,89793,3,,10
update,89781,89800,89803,3,,11
update,89792,89811,89814,3,,12
update,89803,89823,89826,3,,13
inbound,89815,89834,89836,2,,15
update,89814,89834,89838,4,,14
update,89825,89844,89847,3,,0
update,89836,89855,89858,3,,1
update,89847,89867,89870,3,,2
update,89858,89877,89880,3,,3
update,89869,89889,89893,4,,4
update,89880,89899,89902,3,,5
update,89891,89909,89912,3,,6
update,89902,89922,89925,3,,7
update,89913,89933,89936,3,,8
update,89924,89944,89947,3,,9
update,90000,90020,90023,3,,10
inbound,90000,90020,90024,4,,11
update,90011,90031,90034,3,,12
update,90022,90041,90045,4,,13
inbound,90025,90044,90048,4,,14
update,90033,90053,90056,3,,15
update,90044,90064,90067,3,,0
update,90055,90074,90077,3,,1
update,90066,90085,90089,4,,2
update,90077,90097,90100,3,,3
update,90088,90108,90110,2,,4
inbound,90100,90119,90122,3,,6
update,90099,90119,90124,5,,5
update,90110,90130,90133,3,,7
update,90121,90140,90143,3,,8
update,90132,90151,90154,3,,9
update,90143,90163,90166,3,,10
update,90154,90173,90177,4,,11
inbound,90155,90174,90178,4,,12
update,90165,90184,90187,3,,13
update,90176,90196,90199,3,,14
update,90187,90207,90210,3,,15
update,90198,90218,90224,6,,0
inbound,90200,90220,90225,5,,1
update,90209,90228,90232,4,,2
inbound,90210,90229,90233,4,,3
update,90220,90239,90243,4,,4
inbound,90225,90245,90248,3,,5
update,90231,90250,90254,4,,6
update,90242,90262,90265,3,,7
update,90253,90273,90276,3,,8
inbound,90265,90284,90288,4,,10
update,90264,90284,90288,4,,9
update,90275,90295,90302,7,,11
update,90286,90305,90310,5,,12
update,90297,90316,90321,5,,13
update,90308,90328,90331,3,,14
update,90319,90339,90342,3,,15
inbound,90320,90339,90342,3,,0
update,90330,90350,90353,3,,1
update,90341,90360,90364,4,,2
update,90352,90371,90374,3,,3
update,90363,90382,90385,3,,4
update,90374,90393,90397,4,,5
inbound,90375,90394,90399,5,,6
update,90385,90405,90407,2,,7
update,90396,90416,90419,3,,8
inbound,90400,90419,90422,3,,9
update,90407,90426,90430,4,,10
update,90418,90437,90441,4,,11
inbound,90425,90445,90447,2,,12
update,90429,90449,90453,4,,13
inbound,90430,90450,90453,3,,14
update,90440,90459,90462,3,,15
update,90451,90471,90473,2,,0
update,90462,90481,90484,3,,1
update,90473,90492,90495,3,,2
update,90484,90503,90507,4,,3
inbound,90485,90504,90508,4,,4
update,90495,90514,90518,4,,5
update,90506,90525,90528,3,,6
update,90517,90536,90539,3,,7
update,90528,90548,90551,3,,8
update,90539,90558,90563,5,,9
inbound,90540,90559,90563,4,,10
update,90550,90569,90573,4,,11
update,90561,90580,90583,3,,12
update,90572,90592,90595,3,,13
update,90583,90602,90605,3,,14
update,90594,90613,90617,4,,15
inbound,90595,90614,90618,4,,0
update,90605,90624,90627,3,,1
update,90616,90635,90638,3,,2
update,90627,90646,90649,3,,3
update,90638,90658,90661,3,,4
update,90649,90669,90672,3,,5
inbound,90650,90669,90673,4,,6
update,90660,90679,90682,3,,7
update,90671,90691,90693,2,,8
update,90682,90702,90705,3,,9
update,90693,90713,90717,4,,10
update,90704,90724,90727,3,,11
inbound,90705,90725,90728,3,,12
update,90715,90735,90738,3,,13
update,90726,90746,90750,4,,14
update,90737,90757,90760,3,,15
update,90748,90768,90770,2,,0
update,90759,90779,90781,2,,1
inbound,90760,90780,90782,2,,2
update,90770,90789,90792,3,,3
update,90781,90801,90804,3,,4
update,90792,90812,90815,3,,5
update,90803,90823,90826,3,,6
update,90814,90834,90837,3,,7
inbound,90815,90835,90837,2,,8
update,90825,90845,90848,3,,9
update,90836,90856,90858,2,,10
update,90847,90867,90869,2,,11
update,90858,90878,90880,2,,12
update,90869,90888,90891,3,,13
update,90880,90900,90903,3,,14
update,90891,90910,90913,3,,15
update,90902,90922,90925,3,,0
update,90913,90932,90935,3,,1
update,90924,90944,90947,3,,2
inbound,91000,91019,91022,3,,4
update,91000,91019,91023,4,,3
update,91011,91031,91034,3,,5
update,91022,91042,91045,3,,6
inbound,91025,91044,91047,3,,7
update,91033,91052,91055,3,,8
update,91044,91063,91066,3,,9
update,91055,91074,91077,3,,10
update,91066,91085,91088,3,,11
update,91077,91096,91099,3,,12
update,91088,91108,91111,3,,13
update,91099,91119,91122,3,,14
inbound,91100,91119,91123,4,,15
update,91110,91130,91133,3,,0
update,91121,91140,91143,3,,1
update,91132,91151,91154,3,,2
update,91143,91162,91165,3,,3
inbound,91155,91173,91176,3,,5
update,91154,91173,91177,4,,4
update,91165,91185,91188,3,,6
update,91176,91196,91199,3,,7
update,91187,91207,91210,3,,8
update,91198,91218,91221,3,,9
inbound,91200,91220,91224,4,,10
update,91209,91229,91232,3,,11
inbound,91210,91229,91232,3,,12
update,91220,91239,91242,3,,13
inbound,91225,91244,91247,3,,14
update,91231,91250,91253,3,,15
update,91242,91261,91264,3,,0
update,91253,91272,91275,3,,1
inbound,91265,91283,91287,4,,3
update,91264,91283,91287,4,,2
update,91275,91294,91297,3,,4
update,91286,91306,91310,4,,5
update,91297,91316,91320,4,,6
update,91308,91328,91334,6,,7
inbound,91320,91340,91344,4,,9
update,91319,91339,91347,8,,8
update,91330,91349,91353,4,,10
update,91341,91360,91365,5,,11
update,91352,91371,91376,5,,12
update,91363,91383,91386,3,,13
update,91374,91393,91398,5,,14
inbound,91375,91394,91400,6,,15
update,91385,91405,91409,4,,0
update,91396,91415,91420,5,,1
inbound,91400,91419,91423,4,,2
update,91407,91426,91429,3,,3
update,91418,91438,91442,4,,4
inbound,91425,91445,91455,10,,5
update,91429,91448,91455,7,,6
inbound,91430,91449,91456,7,,7
update,91440,91460,91463,3,,8
update,91451,91472,91475,3,,9
update,91462,91481,91484,3,,10
update,91473,91493,91496,3,,11
update,91484,91503,91506,3,,12
inbound,91485,91505,91508,3,,13
update,91495,91515,91518,3,,14
update,91506,91525,91528,3,,15
update,91517,91537,91539,2,,0
update,91528,91548,91550,2,,1
update,91539,91558,91561,3,,2
inbound,91540,91559,91562,3,,3
update,91550,91569,91572,3,,4
update,91561,91581,91583,2,,5
update,91572,91591,91594,3,,6
update,91583,91602,91605,3,,7
update,91594,91613,91616,3,,8
inbound,91595,91614,91617,3,,9
update,91605,91625,91627,2,,10
update,91616,91635,91638,3,,11
update,91627,91647,91650,3,,12
update,91638,91658,91661,3,,13
inbound,91650,91669,91672,3,,15
update,91649,91669,91673,4,,14
update,91660,91680,91682,2,,0
update,91671,91690,91693,3,,1
update,91682,91701,91704,3,,2
update,91693,91712,91715,3,,3
update,91704,91723,91727,4,,4
inbound,91705,91724,91727,3,,5
update,91715,91734,91739,5,,6
update,91726,91745,91748,3,,7
update,91737,91756,91759,3,,8
update,91748,91767,91770,3,,9
inbound,91760,91779,91781,2,,11
update,91759,91779,91782,3,,10
update,91770,91789,91792,3,,12
update,91781,91800,91803,3,,13
update,91792,91812,91814,2,,14
update,91803,91823,91825,2,,15
inbound,91815,91833,91835,2,,1
update,91814,91833,91836,3,,0
update,91825,91845,91851,6,,2
update,91836,91856,91858,2,,3
update,91847,91866,91869,3,,4
update,91858,91877,91880,3,,5
update,91869,91889,91892,3,,6
update,91880,91900,91903,3,,7
update,91891,91910,91913,3,,8
update,91902,91921,91924,3,,9
update,91913,91933,91935,2,,10
update,91924,91944,91946,2,,11
inbound,92000,92019,92023,4,,13
update,92000,92019,92023,4,,12
update,92011,92030,92033,3,,14
update,92022,92041,92044,3,,15
inbound,92025,92045,92048,3,,0
update,92033,92052,92055,3,,1
update,92044,92063,92066,3,,2
update,92055,92074,92077,3,,3
update,92066,92086,92089,3,,4
update,92077,92096,92099,3,,5
update,92088,92107,92111,4,,6
update,92099,92118,92122,4,,7
inbound,92100,92119,92123,4,,8
update,92110,92129,92132,3,,9
update,92121,92141,92144,3,,10
update,92132,92152,92154,2,,11
update,92143,92162,92165,3,,12
update,92154,92174,92177,3,,13
inbound,92155,92174,92181,7,,14
update,92165,92184,92187,3,,15
update,92176,92195,92198,3,,0
update,92187,92206,92209,3,,1
update,92198,92218,92221,3,,2
inbound,92200,92220,92223,3,,3
update,92209,92228,92231,3,,4
inbound,92210,92229,92234,5,,5
update,92220,92239,92243,4,,6
inbound,92225,92245,92248,3,,7
update,92231,92250,92254,4,,8
update,92242,92261,92264,3,,9
update,92253,92272,92276,4,,10
update,92264,92283,92287,4,,11
inbound,92265,92285,92288,3,,12
update,92275,92295,92297,2,,13
update,92286,92306,92309,3,,14
update,92297,92317,92320,3,,15
update,92308,92328,92332,4,,0
update,92319,92338,92342,4,,1
inbound,92320,92339,92343,4,,2
update,92330,92350,92353,3,,3
update,92341,92360,92363,3,,4
update,92352,92372,92374,2,,5
update,92363,92382,92385,3,,6
update,92374,92393,92397,4,,7
inbound,92375,92394,92398,4,,8
update,92385,92405,92408,3,,9
update,92396,92415,92418,3,,10
inbound,92400,92419,92422,3,,11
update,92407,92426,92429,3,,12
update,92418,92437,92440,3,,13
inbound,92425,92445,92448,3,,14
inbound,92430,92449,92452,3,,0
update,92429,92449,92454,5,,15
update,92440,92460,92462,2,,1
update,92451,92470,92473,3,,2
update,92462,92481,92484,3,,3
update,92473,92492,92495,3,,4
update,92484,92504,92507,3,,5
inbound,92485,92505,92511,6,,6
update,92495,92515,92518,3,,7
update,92506,92525,92531,6,,8
update,92517,92536,92540,4,,9
update,92528,92547,92551,4,,10
update,92539,92559,92563,4,,11
inbound,92540,92559,92565,6,,12
update,92550,92569,92574,5,,13
update,92561,92580,92585,5,,14
update,92572,92592,92596,4,,15
update,92583,92602,92617,15,,0
update,92594,92615,92622,7,,1
inbound,92595,92617,92623,6,,2
update,92605,92625,92630,5,,3
update,92616,92636,92641,5,,4
update,92627,92646,92649,3,,5
update,92638,92658,92660,2,,6
update,92649,92669,92672,3,,7
inbound,92650,92670,92674,4,,8
update,92660,92679,92682,3,,9
update,92671,92690,92693,3,,10
update,92682,92702,92705,3,,11
update,92693,92713,92716,3,,12
update,92704,92724,92728,4,,13
inbound,92705,92725,92728,3,,14
update,92715,92734,92737,3,,15
update,92726,92745,92748,3,,0
update,92737,92756,92759,3,,1
update,92748,92768,92771,3,,2
inbound,92760,92780,92782,2,,4
update,92759,92779,92782,3,,3
update,92770,92790,92793,3,,5
update,92781,92800,92803,3,,6
update,92792,92812,92815,3,,7
update,92803,92822,92825,3,,8
update,92814,92833,92836,3,,9
inbound,92815,92834,92836,2,,10
update,92825,92844,92847,3,,11
update,92836,92856,92858,2,,12
update,92847,92867,92869,2,,13
update,92858,92877,92880,3,,14
update,92869,92888,92891,3,,15
update,92880,92900,92903,3,,0
update,92891,92911,92914,3,,1
update,92902,92921,92924,3,,2
update,92913,92933,92936,3,,3
update,92924,92943,92946,3,,4
update,93000,93019,93023,4,,5
inbound,93000,93019,93023,4,,6
update,93011,93031,93034,3,,7
update,93022,93042,93045,3,,8
inbound,93025,93045,93047,2,,9
update,93033,93052,93055,3,,10
update,93044,93063,93066,3,,11
update,93055,93075,93078,3,,12
update,93066,93086,93089,3,,13
update,93077,93097,93100,3,,14
update,93088,93107,93111,4,,15
update,93099,93119,93122,3,,0
inbound,93100,93119,93123,4,,1
update,93110,93130,93133,3,,2
update,93121,93140,93144,4,,3
update,93132,93151,93155,4,,4
update,93143,93162,93165,3,,5
update,93154,93173,93176,3,,6
inbound,93155,93174,93178,4,,7
update,93165,93185,93187,2,,8
update,93176,93195,93198,3,,9
update,93187,93206,93209,3,,10
update,93198,93217,93220,3,,11
inbound,93200,93219,93224,5,,12
inbound,93210,93229,93232,3,,14
update,93209,93229,93233,4,,13
update,93220,93240,93243,3,,15
inbound,93225,93244,93247,3,,0
update,93231,93250,93253,3,,1
update,93242,93261,93264,3,,2
update,93253,93273,93275,2,,3
update,93264,93283,93286,3,,4
inbound,93265,93284,93287,3,,5
update,93275,93295,93298,3,,6
update,93286,93305,93309,4,,7
update,93297,93316,93320,4,,8
update,93308,93328,93331,3,,9
update,93319,93339,93342,3,,10
inbound,93320,93339,93343,4,,11
update,93330,93349,93352,3,,12
update,93341,93361,93363,2,,13
update,93352,93371,93374,3,,14
update,93363,93382,93386,4,,15
update,93374,93393,93398,5,,0
inbound,93375,93395,93398,3,,1
update,93385,93404,93407,3,,2
update,93396,93415,93418,3,,3
inbound,93400,93419,93422,3,,4
update,93407,93426,93429,3,,5
update,93418,93437,93441,4,,6
inbound,93425,93445,93448,3,,7
update,93429,93449,93452,3,,8
inbound,93430,93450,93454,4,,9
update,93440,93459,93463,4,,10
update,93451,93470,93473,3,,11
update,93462,93482,93485,3,,12
update,93473,93492,93495,3,,13
update,93484,93503,93508,5,,14
inbound,93485,93504,93508,4,,15
update,93495,93515,93518,3,,0
update,93506,93525,93528,3,,1
update,93517,93535,93538,3,,2
update,93528,93547,93550,3,,3
update,93539,93559,93562,3,,4
inbound,93540,93559,93562,3,,5
update,93550,93569,93572,3,,6
update,93561,93580,93582,2,,7
update,93572,93592,93595,3,,8
update,93583,93602,93606,4,,9
update,93594,93614,93619,5,,10
inbound,93595,93614,93619,5,,11
update,93605,93625,93628,3,,12
update,93616,93635,93639,4,,13
update,93627,93646,93649,3,,14
update,93638,93658,93660,2,,15
update,93649,93668,93672,4,,0
inbound,93650,93670,93673,3,,1
update,93660,93679,93683,4,,2
update,93671,93690,93693,3,,3
update,93682,93701,93704,3,,4
update,93693,93713,93715,2,,5
inbound,93705,93724,93730,6,,7
update,93704,93724,93730,6,,6
update,93715,93734,93737,3,,8
update,93726,93746,93749,3,,9
update,93737,93756,93760,4,,10
update,93748,93767,93770,3,,11
inbound,93760,93779,93782,3,,13
update,93759,93778,93782,4,,12
update,93770,93790,93793,3,,14
update,93781,93801,93804,3,,15
update,93792,93812,93815,3,,0
update,93803,93822,93825,3,,1
inbound,93815,93835,93837,2,,3
update,93814,93833,93837,4,,2
update,93825,93844,93847,3,,4
update,93836,93855,93858,3,,5
update,93847,93866,93869,3,,6
update,93858,93877,93880,3,,7
update,93869,93889,93892,3,,8
update,93880,93900,93902,2,,9
update,93891,93911,93914,3,,10
update,93902,93921,93924,3,,11
update,93913,93932,93935,3,,12
update,93924,93944,93947,3,,13
update,94000,94020,94023,3,,14
inbound,94000,94020,94023,3,,15
update,94011,94030,94033,3,,0
update,94022,94041,94044,3,,1
inbound,94025,94045,94048,3,,2
update,94033,94053,94056,3,,3
update,94044,94064,94066,2,,4
update,94055,94074,94077,3,,5
update,94066,94085,94088,3,,6
update,94077,94096,94099,3,,7
update,94088,94108,94111,3,,8
update,94099,94119,94122,3,,9
inbound,94100,94120,94124,4,,10
update,94110,94129,94132,3,,11
update,94121,94140,94143,3,,12
update,94132,94152,94156,4,,13
update,94143,94163,94166,3,,14
update,94154,94174,94177,3,,15
inbound,94155,94174,94177,3,,0
update,94165,94184,94187,3,,1
update,94176,94195,94198,3,,2
update,94187,94206,94209,3,,3
update,94198,94218,94221,3,,4
inbound,94200,94219,94222,3,,5
update,94209,94229,94232,3,,6
inbound,94210,94229,94233,4,,7
update,94220,94240,94242,2,,8
inbound,94225,94245,94247,2,,9
update,94231,94250,94253,3,,10
update,94242,94261,94264,3,,11
update,94253,94273,94275,2,,12
update,94264,94283,94287,4,,13
inbound,94265,94284,94288,4,,14
update,94275,94294,94297,3,,15
update,94286,94306,94309,3,,0
update,94297,94317,94320,3,,1
update,94308,94327,94333,6,,2
update,94319,94339,94342,3,,3
inbound,94320,94340,94343,3,,4
update,94330,94349,94352,3,,5
update,94341,94360,94363,3,,6
update,94352,94371,94375,4,,7
update,94363,94382,94385,3,,8
update,94374,94394,94397,3,,9
inbound,94375,94395,94399,4,,10
update,94385,94405,94408,3,,11
update,94396,94415,94418,3,,12
inbound,94400,94420,94423,3,,13
update,94407,94427,94430,3,,14
update,94418,94437,94441,4,,15
inbound,94425,94444,94448,4,,0
update,94429,94449,94452,3,,1
inbound,94430,94451,94454,3,,2
update,94440,94460,94462,2,,3
update,94451,94470,94473,3,,4
update,94462,94482,94485,3,,5
update,94473,94493,94496,3,,6
update,94484,94504,94506,2,,7
inbound,94485,94504,94507,3,,8
update,94495,94514,94518,4,,9
update,94506,94526,94529,3,,10
update,94517,94537,94540,3,,11
update,94528,94547,94550,3,,12
update,94539,94558,94562,4,,13
inbound,94540,94559,94563,4,,14
update,94550,94569,94572,3,,15
update,94561,94580,94583,3,,0
update,94572,94592,94595,3,,1
update,94583,94602,94605,3,,2
update,94594,94613,94616,3,,3
inbound,94595,94614,94618,4,,4
update,94605,94625,94628,3,,5
update,94616,94635,94639,4,,6
update,94627,94647,94650,3,,7
update,94638,94658,94661,3,,8
update,94649,94668,94672,4,,9
inbound,94650,94669,94673,4,,10
update,94660,94679,94682,3,,11
update,94671,94691,94693,2,,12
update,94682,94702,94705,3,,13
update,94693,94713,94715,2,,14
update,94704,94724,94727,3,,15
inbound,94705,94724,94727,3,,0
update,94715,94734,94737,3,,1
update,94726,94746,94749,3,,2
update,94737,94755,94759,4,,3
update,94748,94767,94770,3,,4
update,94759,94778,94781,3,,5
inbound,94760,94779,94782,3,,6
update,94770,94789,94792,3,,7
update,94781,94801,94804,3,,8
update,94792,94812,94815,3,,9
update,94803,94822,94825,3,,10
inbound,94815,94833,94836,3,,12
update,94814,94833,94837,4,,11
update,94825,94845,94848,3,,13
update,94836,94856,94859,3,,14
update,94847,94866,94869,3,,15
update,94858,94877,94880,3,,0
update,94869,94889,94892,3,,1
update,94880,94899,94902,3,,2
update,94891,94911,94914,3,,3
update,94902,94921,94924,3,,4
update,94913,94932,94935,3,,5
update,94924,94944,94947,3,,6
update,95000,95019,95023,4,,7
inbound,95000,95019,95023,4,,8
update,95011,95030,95033,3,,9
update,95022,95041,95045,4,,10
inbound,95025,95044,95049,5,,11
update,95033,95053,95057,4,,12
update,95044,95063,95065,2,,13
update,95055,95075,95077,2,,14
update,95066,95085,95088,3,,15
update,95077,95097,95099,2,,0
update,95088,95108,95110,2,,1
inbound,95100,95119,95122,3,,3
update,95099,95119,95122,3,,2
update,95110,95129,95132,3,,4
update,95121,95141,95143,2,,5
update,95132,95151,95154,3,,6
update,95143,95162,95168,6,,7
update,95154,95174,95176,2,,8
inbound,95155,95175,95178,3,,9
update,95165,95185,95187,2,,10
update,95176,95195,95198,3,,11
update,95187,95206,95209,3,,12
update,95198,95217,95220,3,,13
inbound,95200,95220,95222,2,,14
update,95209,95228,95231,3,,15
inbound,95210,95228,95231,3,,0
update,95220,95239,95242,3,,1
inbound,95225,95245,95247,2,,2
update,95231,95251,95253,2,,3
update,95242,95261,95264,3,,4
update,95253,95272,95275,3,,5
inbound,95265,95284,95287,3,,7
update,95264,95284,95287,3,,6
update,95275,95294,95297,3,,8
update,95286,95306,95309,3,,9
update,95297,95316,95319,3,,10
update,95308,95328,95331,3,,11
update,95319,95339,95342,3,,12
inbound,95320,95340,95343,3,,13
update,95330,95350,95352,2,,14
update,95341,95360,95363,3,,15
update,95352,95371,95374,3,,0
update,95363,95383,95385,2,,1
update,95374,95394,95397,3,,2
inbound,95375,95395,95398,3,,3
update,95385,95405,95408,3,,4
update,95396,95415,95418,3,,5
inbound,95400,95420,95422,2,,6
update,95407,95426,95429,3,,7
update,95418,95437,95440,3,,8
inbound,95425,95445,95448,3,,9
update,95429,95449,95451,2,,10
inbound,95430,95449,95451,2,,11
update,95440,95460,95462,2,,12
update,95451,95470,95473,3,,13
update,95462,95482,95484,2,,14
update,95473,95493,95495,2,,15
update,95484,95503,95506,3,,0
inbound,95485,95504,95508,4,,1
update,95495,95515,95517,2,,2
update,95506,95526,95528,2,,3
update,95517,95537,95539,2,,4
update,95528,95548,95550,2,,5
inbound,95540,95558,95561,3,,7
update,95539,95558,95561,3,,6
update,95550,95569,95572,3,,8
update,95561,95580,95582,2,,9
update,95572,95592,95594,2,,10
update,95583,95602,95605,3,,11
update,95594,95613,95616,3,,12
inbound,95595,95614,95617,3,,13
update,95605,95624,95627,3,,14
update,95616,95635,95638,3,,15
update,95627,95646,95648,2,,0
update,95638,95658,95660,2,,1
update,95649,95669,95672,3,,2
inbound,95650,95670,95673,3,,3
update,95660,95680,95682,2,,4
update,95671,95690,95693,3,,5
update,95682,95701,95704,3,,6
update,95693,95712,95715,3,,7
update,95704,95723,95726,3,,8
inbound,95705,95724,95727,3,,9
update,95715,95734,95737,3,,10
update,95726,95746,95748,2,,11
update,95737,95757,95759,2,,12
update,95748,95767,95770,3,,13
inbound,95760,95779,95781,2,,15
update,95759,95779,95782,3,,14
update,95770,95790,95792,2,,0
update,95781,95800,95803,3,,1
update,95792,95811,95814,3,,2
update,95803,95823,95826,3,,3
inbound,95815,95834,95836,2,,5
update,95814,95834,95837,3,,4
update,95825,95844,95847,3,,6
update,95836,95856,95858,2,,7
update,95847,95867,95869,2,,8
update,95858,95877,95880,3,,9
update,95869,95888,95891,3,,10
update,95880,95900,95902,2,,11
update,95891,95911,95913,2,,12
update,95902,95922,95924,2,,13
update,95913,95932,95935,3,,14
update,95924,95944,95947,3,,15
update,96000,96019,96023,4,,0
inbound,96000,96019,96024,5,,1
update,96011,96031,96034,3,,2
update,96022,96041,96044,3,,3
inbound,96025,96044,96047,3,,4
update,96033,96052,96056,4,,5
update,96044,96063,96066,3,,6
update,96055,96074,96077,3,,7
update,96066,96085,96088,3,,8
update,96077,96096,96099,3,,9
update,96088,96108,96111,3,,10
update,96099,96118,96121,3,,11
inbound,96100,96120,96124,4,,12
update,96110,96130,96133,3,,13
update,96121,96141,96143,2,,14
update,96132,96151,96154,3,,15
update,96143,96162,96168,6,,0
update,96154,96174,96177,3,,1
inbound,96155,96175,96179,4,,2
update,96165,96185,96188,3,,3
update,96176,96196,96199,3,,4
update,96187,96206,96209,3,,5
update,96198,96217,96220,3,,6
inbound,96200,96219,96222,3,,7
update,96209,96229,96232,3,,8
inbound,96210,96231,96234,3,,9
update,96220,96240,96242,2,,10
inbound,96225,96244,96247,3,,11
update,96231,96250,96254,4,,12
update,96242,96261,96265,4,,13
update,96253,96272,96277,5,,14
update,96264,96284,96287,3,,15
inbound,96265,96286,96290,4,,0
update,96275,96294,96298,4,,1
update,96286,96306,96309,3,,2
update,96297,96316,96319,3,,3
update,96308,96327,96330,3,,4
update,96319,96338,96343,5,,5
inbound,96320,96341,96347,6,,6
update,96330,96350,96354,4,,7
update,96341,96361,96365,4,,8
update,96352,96372,96375,3,,9
update,96363,96383,96387,4,,10
update,96374,96393,96397,4,,11
inbound,96375,96395,96399,4,,12
update,96385,96404,96407,3,,13
update,96396,96415,96418,3,,14
inbound,96400,96420,96423,3,,15
update,96407,96427,96429,2,,0
update,96418,96437,96440,3,,1
inbound,96425,96445,96448,3,,2
update,96429,96448,96453,5,,3
inbound,96430,96450,96454,4,,4
update,96440,96459,96462,3,,5
update,96451,96471,96474,3,,6
update,96462,96481,96484,3,,7
update,96473,96493,96496,3,,8
update,96484,96503,96506,3,,9
inbound,96485,96505,96508,3,,10
update,96495,96514,96517,3,,11
update,96506,96525,96528,3,,12
update,96517,96537,96540,3,,13
update,96528,96548,96551,3,,14
update,96539,96558,96561,3,,15
inbound,96540,96560,96565,5,,0
update,96550,96570,96573,3,,1
update,96561,96580,96583,3,,2
update,96572,96591,96594,3,,3
update,96583,96603,96608,5,,4
update,96594,96614,96617,3,,5
inbound,96595,96615,96619,4,,6
update,96605,96625,96628,3,,7
update,96616,96636,96639,3,,8
update,96627,96646,96649,3,,9
update,96638,96658,96661,3,,10
update,96649,96668,96673,5,,11
inbound,96650,96670,96674,4,,12
update,96660,96680,96683,3,,13
update,96671,96690,96693,3,,14
update,96682,96701,96704,3,,15
update,96693,96712,96717,5,,0
update,96704,96724,96728,4,,1
inbound,96705,96726,96729,3,,2
update,96715,96734,96737,3,,3
update,96726,96745,96748,3,,4
update,96737,96756,96759,3,,5
update,96748,96768,96771,3,,6
update,96759,96779,96782,3,,7
inbound,96760,96781,96784,3,,8
update,96770,96790,96792,2,,9
update,96781,96800,96803,3,,10
update,96792,96812,96815,3,,11
update,96803,96822,96825,3,,12
update,96814,96834,96837,3,,13
inbound,96815,96836,96838,2,,14
update,96825,96844,96847,3,,15
update,96836,96855,96859,4,,0
update,96847,96867,96874,7,,1
update,96891,96910,96921,11,,5
update,96869,96889,96921,32,,3
update,96858,96877,96921,44,,2
update,96880,96900,96922,22,,4
update,96902,96921,96925,4,,6
update,96913,96932,96935,3,,7
update,96924,96944,96947,3,,8
inbound,97000,97020,97023,3,,10
update,97000,97020,97024,4,,9
update,97011,97032,97035,3,,11
update,97022,97043,97046,3,,12
inbound,97025,97046,97049,3,,13
update,97033,97054,97057,3,,14
update,97044,97064,97067,3,,15
update,97055,97076,97080,4,,0
update,97066,97086,97090,4,,1
update,97077,97097,97100,3,,2
update,97088,97109,97114,5,,3
update,97099,97120,97123,3,,4
inbound,97100,97120,97124,4,,5
update,97110,97130,97133,3,,6
update,97121,97142,97145,3,,7
update,97132,97153,97156,3,,8
update,97143,97164,97167,3,,9
update,97154,97174,97178,4,,10
inbound,97155,97177,97182,5,,11
update,97165,97185,97188,3,,12
update,97176,97196,97200,4,,13
update,97187,97208,97211,3,,14
update,97198,97218,97222,4,,15
inbound,97200,97220,97223,3,,0
update,97209,97229,97233,4,,1
inbound,97210,97231,97235,4,,2
update,97220,97240,97243,3,,3
inbound,97225,97245,97248,3,,4
update,97231,97251,97254,3,,5
update,97242,97262,97265,3,,6
update,97253,97273,97276,3,,7
update,97264,97285,97289,4,,8
inbound,97265,97285,97294,9,,9
update,97275,97295,97299,4,,10
update,97286,97307,97310,3,,11
update,97297,97317,97323,6,,12
update,97308,97328,97332,4,,13
inbound,97320,97341,97344,3,,15
update,97319,97340,97348,8,,14
update,97330,97352,97355,3,,0
update,97341,97361,97365,4,,1
update,97352,97372,97375,3,,2
update,97363,97384,97387,3,,3
update,97374,97395,97398,3,,4
inbound,97375,97395,97399,4,,5
update,97385,97405,97408,3,,6
update,97396,97416,97419,3,,7
inbound,97400,97420,97423,3,,8
update,97407,97428,97431,3,,9
update,97418,97439,97442,3,,10
inbound,97425,97446,97449,3,,11
update,97429,97449,97452,3,,12
inbound,97430,97450,97454,4,,13
update,97440,97460,97463,3,,14
update,97451,97472,97474,2,,15
update,97462,97482,97485,3,,0
update,97473,97493,97497,4,,1
update,97484,97504,97508,4,,2
inbound,97485,97506,97509,3,,3
update,97495,97515,97518,3,,4
update,97506,97527,97530,3,,5
update,97517,97537,97540,3,,6
update,97528,97548,97551,3,,7
update,97539,97560,97564,4,,8
inbound,97540,97561,97564,3,,9
update,97550,97570,97573,3,,10
update,97561,97581,97584,3,,11
update,97572,97593,97596,3,,12
update,97583,97603,97606,3,,13
update,97594,97614,97618,4,,14
inbound,97595,97616,97619,3,,15
update,97605,97625,97628,3,,0
update,97616,97636,97639,3,,1
update,97627,97648,97651,3,,2
update,97638,97658,97662,4,,3
update,97649,97670,97673,3,,4
inbound,97650,97671,97674,3,,5
update,97660,97680,97683,3,,6
update,97671,97692,97694,2,,7
update,97682,97703,97706,3,,8
update,97693,97714,97717,3,,9
update,97704,97725,97728,3,,10
inbound,97705,97725,97729,4,,11
update,97715,97735,97737,2,,12
update,97726,97746,97749,3,,13
update,97737,97756,97759,3,,14
update,97748,97768,97771,3,,15
update,97759,97779,97783,4,,0
inbound,97760,97781,97783,2,,1
update,97770,97790,97793,3,,2
update,97781,97802,97805,3,,3
update,97792,97812,97817,5,,4
update,97803,97823,97826,3,,5
inbound,97815,97835,97837,2,,7
update,97814,97835,97838,3,,6
update,97825,97845,97851,6,,8
update,97836,97857,97860,3,,9
update,97847,97869,97874,5,,10
update,97858,97879,97882,3,,11
update,97869,97889,97892,3,,12
update,97880,97900,97903,3,,13
update,97891,97911,97915,4,,14
update,97902,97923,97925,2,,15
update,97913,97934,97937,3,,0
update,97924,97944,97947,3,,1
update,98000,98021,98025,4,,2
inbound,98000,98021,98025,4,,3
update,98011,98031,98034,3,,4
update,98022,98042,98045,3,,5
inbound,98025,98045,98049,4,,6
update,98033,98053,98056,3,,7
update,98044,98064,98068,4,,8
update,98055,98075,98079,4,,9
update,98066,98087,98090,3,,10
update,98077,98097,98100,3,,11
update,98088,98109,98112,3,,12
update,98099,98119,98124,5,,13
inbound,98100,98121,98124,3,,14
update,98110,98130,98133,3,,15
update,98121,98142,98144,2,,0
update,98132,98152,98155,3,,1
update,98143,98164,98167,3,,2
update,98154,98175,98178,3,,3
inbound,98155,98176,98180,4,,4
update,98165,98185,98188,3,,5
update,98176,98197,98199,2,,6
update,98187,98207,98210,3,,7
update,98198,98219,98223,4,,8
inbound,98200,98221,98225,4,,9
update,98209,98229,98232,3,,10
inbound,98210,98230,98234,4,,11
update,98220,98240,98243,3,,12
inbound,98225,98246,98249,3,,13
update,98231,98252,98255,3,,14
update,98242,98262,98265,3,,15
update,98253,98272,98275,3,,0
update,98264,98284,98287,3,,1
inbound,98265,98285,98289,4,,2
update,98275,98296,98299,3,,3
update,98286,98307,98311,4,,4
update,98297,98317,98320,3,,5
update,98308,98329,98331,2,,6
update,98319,98339,98342,3,,7
inbound,98320,98339,98342,3,,8
update,98330,98351,98354,3,,9
update,98341,98361,98365,4,,10
update,98352,98373,98376,3,,11
update,98363,98383,98386,3,,12
update,98374,98395,98398,3,,13
inbound,98375,98396,98399,3,,14
update,98385,98405,98407,2,,15
update,98396,98417,98419,2,,0
inbound,98400,98420,98423,3,,1
update,98407,98427,98430,3,,2
update,98418,98439,98442,3,,3
inbound,98425,98445,98448,3,,4
update,98429,98449,98452,3,,5
inbound,98430,98450,98454,4,,6
update,98440,98460,98463,3,,7
update,98451,98471,98477,6,,8
update,98462,98482,98487,5,,9
update,98473,98494,98497,3,,10
update,98484,98504,98510,6,,11
inbound,98485,98505,98511,6,,12
update,98495,98516,98518,2,,13
update,98506,98527,98529,2,,14
update,98517,98538,98540,2,,15
update,98528,98548,98551,3,,0
update,98539,98559,98563,4,,1
inbound,98540,98560,98563,3,,2
update,98550,98570,98573,3,,3
update,98561,98581,98584,3,,4
update,98572,98592,98595,3,,5
update,98583,98604,98607,3,,6
update,98594,98614,98617,3,,7
inbound,98595,98614,98617,3,,8
update,98605,98626,98628,2,,9
update,98616,98636,98640,4,,10
update,98627,98648,98651,3,,11
update,98638,98658,98661,3,,12
update,98649,98669,98674,5,,13
inbound,98650,98671,98674,3,,14
update,98660,98681,98684,3,,15
update,98671,98692,98694,2,,0
update,98682,98703,98707,4,,1
update,98693,98713,98716,3,,2
update,98704,98724,98729,5,,3
inbound,98705,98725,98729,4,,4
update,98715,98736,98739,3,,5
update,98726,98746,98750,4,,6
update,98737,98757,98760,3,,7
update,98748,98768,98771,3,,8
inbound,98760,98780,98782,2,,10
update,98759,98779,98782,3,,9
update,98770,98790,98793,3,,11
update,98781,98802,98805,3,,12
update,98792,98813,98815,2,,13
update,98803,98824,98826,2,,14
update,98814,98834,98838,4,,15
inbound,98815,98835,98838,3,,0
update,98825,98846,98848,2,,1
update,98836,98856,98858,2,,2
update,98847,98868,98871,3,,3
update,98858,98879,98881,2,,4
update,98869,98889,98892,3,,5
update,98880,98900,98903,3,,6
update,98891,98911,98914,3,,7
update,98902,98923,98926,3,,8
update,98913,98933,98936,3,,9
update,98924,98944,98947,3,,10
update,99000,99021,99024,3,,11
inbound,99000,99021,99024,3,,12
update,99011,99032,99035,3,,13
update,99022,99042,99045,3,,14
inbound,99025,99045,99047,2,,15
update,99033,99054,99056,2,,0
update,99044,99064,99067,3,,1
update,99055,99076,99079,3,,2
update,99066,99086,99091,5,,3
update,99077,99098,99101,3,,4
update,99088,99109,99112,3,,5
update,99099,99119,99123,4,,6
inbound,99100,99120,99124,4,,7
update,99110,99130,99133,3,,8
update,99121,99141,99145,4,,9
update,99132,99152,99155,3,,10
update,99143,99164,99167,3,,11
update,99154,99175,99179,4,,12
inbound,99155,99176,99180,4,,13
update,99165,99185,99188,3,,14
update,99176,99196,99199,3,,15
update,99187,99208,99210,2,,0
update,99198,99219,99221,2,,1
inbound,99200,99221,99223,2,,2
update,99209,99230,99232,2,,3
inbound,99210,99231,99234,3,,4
update,99220,99241,99243,2,,5
inbound,99225,99245,99249,4,,6
update,99231,99252,99256,4,,7
update,99242,99262,99265,3,,8
update,99253,99273,99276,3,,9
update,99264,99284,99287,3,,10
inbound,99265,99285,99288,3,,11
update,99275,99296,99298,2,,12
update,99286,99306,99309,3,,13
update,99297,99317,99320,3,,14
update,99308,99329,99331,2,,15
inbound,99320,99340,99342,2,,1
update,99319,99339,99343,4,,0
update,99330,99351,99353,2,,2
update,99341,99362,99368,6,,3
update,99352,99372,99375,3,,4
update,99363,99384,99386,2,,5
update,99374,99394,99397,3,,6
inbound,99375,99395,99398,3,,7
update,99385,99406,99408,2,,8
update,99396,99416,99419,3,,9
inbound,99400,99420,99422,2,,10
update,99407,99428,99430,2,,11
update,99418,99438,99441,3,,12
inbound,99425,99446,99448,2,,13
update,99429,99449,99452,3,,14
inbound,99430,99455,99458,3,,15
update,99440,99461,99463,2,,0
update,99451,99471,99473,2,,1
update,99462,99483,99485,2,,2
update,99473,99493,99496,3,,3
update,99484,99505,99507,2,,4
inbound,99485,99510,99513,3,,5
update,99495,99515,99518,3,,6
update,99506,99526,99529,3,,7
update,99517,99538,99540,2,,8
update,99528,99549,99551,2,,9
update,99539,99559,99562,3,,10
inbound,99540,99566,99568,2,,11
update,99550,99570,99574,4,,12
update,99561,99582,99584,2,,13
update,99572,99592,99595,3,,14
update,99583,99603,99606,3,,15
update,99594,99615,99618,3,,0
inbound,99595,99621,99624,3,,1
update,99605,99625,99628,3,,2
update,99616,99636,99639,3,,3
update,99627,99647,99650,3,,4
update,99638,99658,99661,3,,5
update,99649,99670,99673,3,,6
inbound,99650,99676,99678,2,,7
update,99660,99680,99683,3,,8
update,99671,99691,99694,3,,9
update,99682,99703,99706,3,,10
update,99693,99714,99716,2,,11
update,99704,99725,99727,2,,12
inbound,99705,99730,99733,3,,13
update,99715,99736,99738,2,,14
update,99726,99747,99750,3,,15
update,99737,99758,99760,2,,0
update,99748,99768,99771,3,,1
update,99759,99779,99781,2,,2
inbound,99760,99786,99787,1,,3
update,99770,99790,99793,3,,4
update,99781,99801,99804,3,,5
update,99792,99812,99815,3,,6
update,99803,99824,99826,2,,7
update,99814,99834,99837,3,,8
inbound,99815,99840,99842,2,,9
update,99825,99845,99848,3,,10
update,99836,99857,99859,2,,11
update,99847,99867,99870,3,,12
update,99858,99878,99881,3,,13
update,99869,99890,99892,2,,14
update,99880,99900,99903,3,,15
update,99891,99911,99914,3,,0
update,99902,99923,99925,2,,1
update,99913,99933,99936,3,,2
update,99924,99944,99947,3,,3
inbound,100000,100027,100032,5,,5
update,100000,100027,100032,5,,4
update,100011,100037,100040,3,,6
update,100022,100049,100052,3,,7
inbound,100025,100051,100054,3,,8
update,100033,100060,100062,2,,9
update,100044,100070,100073,3,,10
update,100055,100082,100084,2,,11
update,100066,100092,100095,3,,12
update,100077,100103,100106,3,,13
update,100088,100115,100118,3,,14
update,100099,100125,100128,3,,15
inbound,100100,100126,100129,3,,0
update,100110,100137,100140,3,,1
update,100121,100147,100150,3,,2
update,100132,100158,100161,3,,3
update,100143,100170,100172,2,,4
update,100154,100181,100184,3,,5
inbound,100155,100182,100186,4,,6
update,100165,100192,100195,3,,7
update,100176,100202,100205,3,,8
update,100187,100213,100216,3,,9
update,100198,100225,100227,2,,10
inbound,100200,100227,100231,4,,11
update,100209,100235,100239,4,,12
inbound,100210,100236,100240,4,,13
update,100220,100247,100249,2,,14
inbound,100225,100252,100255,3,,15
update,100231,100257,100260,3,,0
update,100242,100268,100270,2,,1
update,100253,100279,100282,3,,2
update,100264,100291,100294,3,,3
inbound,100265,100291,100294,3,,4
update,100275,100301,100304,3,,5
update,100286,100313,100316,3,,6
update,100297,100323,100327,4,,7
update,100308,100335,100338,3,,8
inbound,100320,100346,100350,4,,10
update,100319,100346,100350,4,,9
update,100330,100356,100359,3,,11
update,100341,100368,100374,6,,12
update,100352,100379,100382,3,,13
update,100363,100389,100392,3,,14
inbound,100375,100401,100404,3,,0
update,100374,100401,100405,4,,15
update,100385,100412,100414,2,,1
update,100396,100422,100425,3,,2
inbound,100400,100427,100430,3,,3
update,100407,100433,100436,3,,4
update,100418,100445,100447,2,,5
inbound,100425,100452,100455,3,,6
update,100429,100456,100459,3,,7
inbound,100430,100456,100459,3,,8
update,100440,100466,100469,3,,9
update,100451,100477,100480,3,,10
update,100462,100489,100491,2,,11
update,100473,100500,100503,3,,12
update,100484,100510,100513,3,,13
inbound,100485,100511,100516,5,,14
update,100495,100522,100525,3,,15
update,100506,100533,100535,2,,0
update,100517,100543,100546,3,,1
update,100528,100555,100557,2,,2
update,100539,100566,100569,3,,3
inbound,100540,100567,100570,3,,4
update,100550,100576,100579,3,,5
update,100561,100587,100590,3,,6
update,100572,100599,100602,3,,7
update,100583,100609,100612,3,,8
update,100594,100621,100624,3,,9
inbound,100595,100621,100624,3,,10
update,100605,100632,100635,3,,11
update,100616,100642,100645,3,,12
update,100627,100653,100656,3,,13
update,100638,100665,100667,2,,14
update,100649,100675,100678,3,,15
inbound,100650,100676,100680,4,,0
update,100660,100687,100690,3,,1
update,100671,100697,100700,3,,2
update,100682,100709,100712,3,,3
update,100693,100719,100722,3,,4
update,100704,100730,100735,5,,5
inbound,100705,100731,100735,4,,6
update,100715,100742,100745,3,,7
update,100726,100752,100755,3,,8
update,100737,100764,100767,3,,9
update,100748,100775,100777,2,,10
update,100759,100785,100789,4,,11
inbound,100760,100787,100789,2,,12
update,100770,100797,100799,2,,13
update,100781,100807,100811,4,,14
update,100792,100819,100822,3,,15
update,100803,100830,100832,2,,0
update,100814,100840,100843,3,,1
inbound,100815,100841,100844,3,,2
update,100825,100852,100854,2,,3
update,100836,100863,100865,2,,4
update,100847,100874,100877,3,,5
update,100858,100884,100888,4,,6
update,100869,100896,100899,3,,7
update,100880,100907,100909,2,,8
update,100891,100917,100920,3,,9
update,100902,100928,100931,3,,10
update,100913,100940,100942,2,,11
update,100924,100951,100954,3,,12
update,101000,101026,101029,3,,13
inbound,101000,101026,101030,4,,14
update,101011,101037,101040,3,,15
update,101022,101048,101051,3,,0
inbound,101025,101051,101054,3,,1
update,101033,101059,101062,3,,2
update,101044,101070,101074,4,,3
update,101055,101081,101084,3,,4
update,101066,101092,101095,3,,5
update,101077,101104,101107,3,,6
update,101088,101114,101117,3,,7
update,101099,101126,101129,3,,8
inbound,101100,101127,101130,3,,9
update,101110,101137,101140,3,,10
update,101121,101147,101150,3,,11
update,101132,101158,101161,3,,12
update,101143,101170,101173,3,,13
update,101154,101181,101184,3,,14
inbound,101155,101182,101185,3,,15
update,101165,101192,101195,3,,0
update,101176,101202,101205,3,,1
update,101187,101214,101217,3,,2
update,101198,101225,101227,2,,3
inbound,101200,101227,101230,3,,4
update,101209,101235,101238,3,,5
inbound,101210,101237,101240,3,,6
update,101220,101246,101250,4,,7
inbound,101225,101251,101254,3,,8
update,101231,101258,101260,2,,9
update,101242,101269,101272,3,,10
update,101253,101279,101282,3,,11
update,101264,101290,101294,4,,12
inbound,101265,101292,101295,3,,13
update,101275,101301,101304,3,,14
update,101286,101313,101315,2,,15
update,101297,101323,101326,3,,0
update,101308,101334,101337,3,,1
update,101319,101345,101349,4,,2
inbound,101320,101347,101350,3,,3
update,101330,101357,101361,4,,4
update,101341,101367,101374,7,,5
update,101352,101378,101389,11,,6
update,101363,101389,101392,3,,7
update,101374,101400,101407,7,,8
inbound,101375,101401,101408,7,,9
update,101385,101411,101416,5,,10
update,101396,101422,101425,3,,11
inbound,101400,101427,101429,2,,12
update,101407,101434,101436,2,,13
update,101418,101444,101447,3,,14
inbound,101425,101452,101456,4,,15
update,101429,101456,101461,5,,0
inbound,101430,101456,101462,6,,1
update,101440,101467,101471,4,,2
update,101451,101477,101480,3,,3
update,101462,101489,101493,4,,4
update,101473,101499,101503,4,,5
inbound,101485,101512,101516,4,,7
update,101484,101511,101517,6,,6
update,101495,101522,101526,4,,8
update,101506,101532,101538,6,,9
update,101517,101543,101546,3,,10
update,101528,101554,101560,6,,11
update,101539,101566,101571,5,,12
inbound,101540,101567,101576,9,,13
update,101550,101577,101583,6,,14
update,101561,101588,101591,3,,15
update,101572,101599,101602,3,,0
update,101583,101610,101613,3,,1
update,101594,101621,101625,4,,2
inbound,101595,101623,101626,3,,3
update,101605,101632,101634,2,,4
update,101616,101643,101646,3,,5
update,101627,101654,101656,2,,6
update,101638,101664,101667,3,,7
update,101649,101676,101679,3,,8
inbound,101650,101678,101681,3,,9
update,101660,101686,101689,3,,10
update,101671,101698,101701,3,,11
update,101682,101709,101711,2,,12
update,101693,101719,101722,3,,13
update,101704,101730,101734,4,,14
inbound,101705,101732,101736,4,,15
update,101715,101741,101744,3,,0
update,101726,101752,101755,3,,1
update,101737,101764,101766,2,,2
update,101748,101774,101777,3,,3
update,101759,101785,101788,3,,4
inbound,101760,101788,101790,2,,5
update,101770,101797,101799,2,,6
update,101781,101808,101811,3,,7
update,101792,101819,101821,2,,8
update,101803,101829,101832,3,,9
update,101814,101840,101843,3,,10
inbound,101815,101842,101844,2,,11
update,101825,101851,101854,3,,12
update,101836,101862,101865,3,,13
update,101847,101873,101876,3,,14
update,101858,101884,101887,3,,15
update,101869,101896,101898,2,,0
update,101880,101907,101910,3,,1
update,101891,101918,101920,2,,2
update,101902,101928,101931,3,,3
update,101913,101939,101942,3,,4
update,101924,101951,101953,2,,5
inbound,102000,102028,102031,3,,7
update,102000,102028,102031,3,,6
update,102011,102038,102041,3,,8
update,102022,102050,102053,3,,9
inbound,102025,102052,102055,3,,10
update,102033,102061,102063,2,,11
update,102044,102071,102074,3,,12
update,102055,102082,102085,3,,13
update,102066,102094,102096,2,,14
update,102077,102104,102107,3,,15
update,102088,102115,102118,3,,0
update,102099,102126,102129,3,,1
inbound,102100,102127,102130,3,,2
update,102110,102137,102140,3,,3
update,102121,102149,102152,3,,4
update,102132,102160,102162,2,,5
update,102143,102170,102173,3,,6
update,102154,102181,102184,3,,7
inbound,102155,102182,102185,3,,8
update,102165,102193,102195,2,,9
update,102176,102204,102206,2,,10
update,102187,102214,102217,3,,11
update,102198,102225,102228,3,,12
inbound,102200,102227,102230,3,,13
inbound,102210,102236,102240,4,,15
update,102209,102236,102240,4,,14
update,102220,102248,102250,2,,0
inbound,102225,102252,102255,3,,1
update,102231,102258,102261,3,,2
update,102242,102270,102272,2,,3
update,102253,102281,102284,3,,4
update,102264,102292,102295,3,,5
inbound,102265,102292,102295,3,,6
update,102275,102302,102305,3,,7
update,102286,102313,102316,3,,8
update,102297,102325,102328,3,,9
update,102308,102336,102338,2,,10
inbound,102320,102347,102350,3,,12
update,102319,102347,102350,3,,11
update,102330,102358,102360,2,,13
update,102341,102369,102371,2,,14
update,102352,102379,102384,5,,15
update,102363,102391,102395,4,,0
update,102374,102402,102405,3,,1
inbound,102375,102402,102405,3,,2
update,102385,102412,102415,3,,3
update,102396,102424,102426,2,,4
inbound,102400,102428,102430,2,,5
update,102407,102434,102437,3,,6
update,102418,102446,102448,2,,7
inbound,102425,102452,102455,3,,8
inbound,102430,102456,102459,3,,10
update,102429,102456,102459,3,,9
update,102440,102467,102470,3,,11
update,102451,102479,102481,2,,12
update,102462,102489,102492,3,,13
update,102473,102500,102503,3,,14
update,102484,102512,102515,3,,15
inbound,102485,102512,102516,4,,0
update,102495,102523,102525,2,,1
update,102506,102534,102536,2,,2
update,102517,102545,102547,2,,3
update,102528,102555,102558,3,,4
update,102539,102567,102570,3,,5
inbound,102540,102567,102570,3,,6
update,102550,102577,102580,3,,7
update,102561,102588,102591,3,,8
update,102572,102600,102602,2,,9
update,102583,102610,102613,3,,10
update,102594,102621,102624,3,,11
inbound,102595,102621,102625,4,,12
update,102605,102632,102635,3,,13
update,102616,102644,102648,4,,14
update,102627,102655,102658,3,,15
update,102638,102665,102668,3,,0
update,102649,102676,102680,4,,1
inbound,102650,102678,102681,3,,2
update,102660,102687,102690,3,,3
update,102671,102698,102702,4,,4
update,102682,102710,102713,3,,5
update,102693,102721,102724,3,,6
update,102704,102731,102735,4,,7
inbound,102705,102733,102737,4,,8
update,102715,102743,102747,4,,9
update,102726,102753,102758,5,,10
update,102737,102765,102768,3,,11
update,102748,102775,102778,3,,12
update,102759,102786,102789,3,,13
inbound,102760,102787,102789,2,,14
update,102770,102798,102800,2,,15
update,102781,102808,102811,3,,0
update,102792,102819,102822,3,,1
update,102803,102830,102833,3,,2
inbound,102815,102842,102844,2,,4
update,102814,102842,102845,3,,3
update,102825,102852,102855,3,,5
update,102836,102864,102866,2,,6
update,102847,102875,102877,2,,7
update,102858,102886,102888,2,,8
update,102869,102896,102899,3,,9
update,102880,102907,102910,3,,10
update,102891,102919,102921,2,,11
update,102902,102930,102932,2,,12
update,102913,102940,102943,3,,13
update,102924,102951,102954,3,,14
update,103000,103027,103030,3,,15
inbound,103000,103027,103030,3,,0
update,103011,103038,103041,3,,1
update,103022,103050,103053,3,,2
inbound,103025,103052,103056,4,,3
update,103033,103061,103064,3,,4
update,103044,103071,103074,3,,5
update,103055,103082,103085,3,,6
update,103066,103094,103097,3,,7
update,103077,103104,103107,3,,8
update,103088,103116,103119,3,,9
update,103099,103126,103131,5,,10
inbound,103100,103127,103131,4,,11
update,103110,103137,103140,3,,12
update,103121,103149,103151,2,,13
update,103132,103159,103162,3,,14
update,103143,103171,103174,3,,15
update,103154,103182,103186,4,,0
inbound,103155,103183,103186,3,,1
update,103165,103193,103196,3,,2
update,103176,103203,103207,4,,3
update,103187,103214,103217,3,,4
update,103198,103225,103230,5,,5
inbound,103200,103227,103231,4,,6
update,103209,103236,103242,6,,7
inbound,103210,103237,103243,6,,8
update,103220,103247,103250,3,,9
inbound,103225,103253,103256,3,,10
update,103231,103258,103261,3,,11
update,103242,103269,103272,3,,12
update,103253,103280,103283,3,,13
update,103264,103291,103294,3,,14
inbound,103265,103293,103298,5,,15
update,103275,103303,103305,2,,0
update,103286,103313,103316,3,,1
update,103297,103324,103327,3,,2
update,103308,103336,103338,2,,3
update,103319,103347,103350,3,,4
inbound,103320,103348,103353,5,,5
update,103330,103358,103361,3,,6
update,103341,103369,103372,3,,7
update,103352,103380,103386,6,,8
update,103363,103391,103394,3,,9
update,103374,103401,103405,4,,10
inbound,103375,103402,103406,4,,11
update,103385,103412,103417,5,,12
update,103396,103423,103427,4,,13
inbound,103400,103428,103432,4,,14
update,103407,103435,103439,4,,15
update,103418,103446,103449,3,,0
inbound,103425,103452,103455,3,,1
update,103429,103456,103461,5,,2
inbound,103430,103458,103465,7,,3
update,103440,103468,103471,3,,4
update,103451,103478,103482,4,,5
update,103462,103489,103492,3,,6
update,103473,103501,103503,2,,7
update,103484,103511,103516,5,,8
inbound,103485,103512,103518,6,,9
update,103495,103523,103526,3,,10
update,103506,103534,103537,3,,11
update,103517,103544,103550,6,,12
update,103528,103556,103560,4,,13
update,103539,103567,103570,3,,14
inbound,103540,103567,103576,9,,15
update,103550,103577,103584,7,,0
update,103561,103588,103592,4,,1
update,103572,103600,103605,5,,2
update,103583,103610,103614,4,,3
update,103594,103621,103625,4,,4
inbound,103595,103622,103626,4,,5
update,103605,103632,103635,3,,6
update,103616,103644,103647,3,,7
update,103627,103654,103657,3,,8
update,103638,103666,103669,3,,9
update,103649,103676,103680,4,,10
inbound,103650,103678,103681,3,,11
update,103660,103687,103690,3,,12
update,103671,103698,103701,3,,13
update,103682,103710,103712,2,,14
update,103693,103720,103724,4,,15
inbound,103705,103732,103736,4,,1
update,103704,103732,103736,4,,0
update,103715,103743,103746,3,,2
update,103726,103753,103756,3,,3
update,103737,103765,103768,3,,4
update,103748,103775,103778,3,,5
inbound,103760,103788,103790,2,,7
update,103759,103787,103791,4,,6
update,103770,103797,103800,3,,8
update,103781,103809,103812,3,,9
update,103792,103820,103824,4,,10
update,103803,103831,103833,2,,11
update,103814,103842,103844,2,,12
inbound,103815,103843,103846,3,,13
update,103825,103852,103855,3,,14
update,103836,103863,103866,3,,15
update,103847,103874,103877,3,,0
update,103858,103886,103888,2,,1
update,103869,103897,103900,3,,2
update,103880,103908,103911,3,,3
update,103891,103919,103921,2,,4
update,103902,103930,103933,3,,5
update,103913,103940,103943,3,,6
update,103924,103952,103954,2,,7
update,104000,104028,104030,2,,8
inbound,104000,104034,104036,2,,9
update,104011,104039,104041,2,,10
update,104022,104050,104053,3,,11
inbound,104025,104059,104063,4,,12
update,104033,104061,104064,3,,13
update,104044,104072,104075,3,,14
update,104055,104082,104085,3,,15
update,104066,104094,104097,3,,0
update,104077,104105,104107,2,,1
update,104088,104116,104119,3,,2
update,104099,104126,104130,4,,3
inbound,104100,104134,104136,2,,4
update,104110,104138,104140,2,,5
update,104121,104148,104151,3,,6
update,104132,104160,104163,3,,7
update,104143,104171,104174,3,,8
update,104154,104182,104185,3,,9
inbound,104155,104188,104191,3,,10
update,104165,104193,104196,3,,11
update,104176,104204,104206,2,,12
update,104187,104215,104217,2,,13
update,104198,104226,104229,3,,14
inbound,104200,104233,104237,4,,15
update,104209,104237,104240,3,,0
inbound,104210,104244,104247,3,,1
update,104220,104247,104250,3,,2
inbound,104225,104259,104262,3,,4
update,104231,104258,104263,5,,3
update,104242,104269,104272,3,,5
update,104253,104280,104283,3,,6
update,104264,104292,104294,2,,7
inbound,104265,104298,104301,3,,8
update,104275,104303,104305,2,,9
update,104286,104314,104317,3,,10
update,104297,104325,104330,5,,11
update,104308,104335,104338,3,,12
update,104319,104346,104350,4,,13
inbound,104320,104353,104357,4,,14
update,104330,104358,104361,3,,15
update,104341,104369,104371,2,,0
update,104352,104379,104382,3,,1
update,104363,104392,104398,6,,2
update,104374,104402,104405,3,,3
inbound,104375,104408,104412,4,,4
update,104385,104413,104415,2,,5
update,104396,104423,104426,3,,6
inbound,104400,104434,104437,3,,7
update,104407,104434,104438,4,,8
update,104418,104446,104449,3,,9
update,104429,104457,104461,4,,10
inbound,104425,104459,104462,3,,11
inbound,104430,104463,104467,4,,12
update,104440,104468,104471,3,,13
update,104451,104479,104482,3,,14
update,104462,104490,104492,2,,15
update,104473,104500,104503,3,,0
update,104484,104512,104515,3,,1
inbound,104485,104518,104521,3,,2
update,104495,104522,104525,3,,3
update,104506,104534,104537,3,,4
update,104517,104544,104547,3,,5
update,104528,104555,104558,3,,6
update,104539,104566,104572,6,,7
inbound,104540,104574,104577,3,,8
update,104550,104577,104580,3,,9
update,104561,104589,104592,3,,10
update,104572,104600,104603,3,,11
update,104583,104610,104614,4,,12
update,104594,104622,104624,2,,13
inbound,104595,104629,104632,3,,14
update,104605,104633,104636,3,,15
update,104616,104648,104651,3,,0
update,104627,104660,104663,3,,1
update,104638,104671,104674,3,,2
update,104649,104683,104686,3,,3
inbound,104650,104684,104687,3,,4
update,104660,104694,104697,3,,5
update,104671,104704,104707,3,,6
update,104682,104715,104718,3,,7
update,104693,104726,104730,4,,8
inbound,104705,104739,104742,3,,10
update,104704,104738,104742,4,,9
update,104715,104748,104751,3,,11
update,104726,104759,104762,3,,12
update,104737,104770,104773,3,,13
update,104748,104781,104784,3,,14
update,104759,104792,104795,3,,15
inbound,104760,104793,104795,2,,0
update,104770,104803,104806,3,,1
update,104781,104814,104817,3,,2
update,104792,104825,104828,3,,3
update,104803,104836,104839,3,,4
inbound,104815,104849,104851,2,,6
update,104814,104848,104852,4,,5
update,104825,104859,104861,2,,7
update,104836,104870,104872,2,,8
update,104847,104881,104883,2,,9
update,104858,104891,104894,3,,10
update,104869,104902,104905,3,,11
update,104880,104914,104917,3,,12
update,104891,104925,104927,2,,13
update,104902,104935,104939,4,,14
update,104913,104947,104950,3,,15
update,104924,104958,104961,3,,0
inbound,105000,105033,105036,3,,2
update,105000,105033,105037,4,,1
update,105011,105045,105048,3,,3
update,105022,105055,105062,7,,4
inbound,105025,105059,105063,4,,5
update,105033,105067,105071,4,,6
update,105044,105077,105080,3,,7
update,105055,105089,105092,3,,8
update,105066,105099,105102,3,,9
update,105077,105110,105113,3,,10
update,105088,105121,105124,3,,11
update,105099,105133,105136,3,,12
inbound,105100,105133,105137,4,,13
update,105110,105143,105146,3,,14
update,105121,105154,105157,3,,15
update,105132,105165,105168,3,,0
update,105143,105176,105179,3,,1
update,105154,105187,105190,3,,2
inbound,105155,105188,105192,4,,3
update,105165,105199,105202,3,,4
update,105176,105209,105212,3,,5
update,105187,105221,105224,3,,6
update,105198,105232,105235,3,,7
inbound,105200,105234,105238,4,,8
update,105209,105242,105246,4,,9
inbound,105210,105243,105246,3,,10
update,105220,105253,105256,3,,11
inbound,105225,105259,105262,3,,12
update,105231,105265,105269,4,,13
update,105242,105275,105278,3,,14
update,105253,105286,105289,3,,15
inbound,105265,105298,105301,3,,1
update,105264,105298,105301,3,,0
update,105275,105308,105311,3,,2
update,105286,105319,105322,3,,3
update,105297,105330,105334,4,,4
update,105308,105342,105344,2,,5
update,105319,105352,105355,3,,6
inbound,105320,105354,105357,3,,7
update,105330,105363,105366,3,,8
update,105341,105375,105377,2,,9
update,105352,105384,105387,3,,10
update,105363,105397,105401,4,,11
update,105374,105408,105414,6,,12
inbound,105375,105408,105415,7,,13
update,105385,105419,105422,3,,14
update,105396,105430,105435,5,,15
inbound,105400,105434,105439,5,,0
update,105407,105441,105447,6,,1
update,105418,105452,105455,3,,2
inbound,105425,105459,105462,3,,3
update,105429,105463,105467,4,,4
inbound,105430,105464,105468,4,,5
update,105440,105473,105476,3,,6
update,105451,105484,105487,3,,7
update,105462,105495,105498,3,,8
update,105473,105507,105510,3,,9
update,105484,105517,105521,4,,10
inbound,105485,105518,105521,3,,11
update,105495,105529,105531,2,,12
update,105506,105540,105543,3,,13
update,105517,105551,105554,3,,14
update,105528,105561,105564,3,,15
update,105539,105572,105575,3,,0
inbound,105540,105573,105577,4,,1
update,105550,105584,105587,3,,2
update,105561,105594,105597,3,,3
update,105572,105606,105609,3,,4
update,105583,105616,105619,3,,5
update,105594,105627,105630,3,,6
inbound,105595,105628,105631,3,,7
update,105605,105638,105641,3,,8
update,105616,105650,105652,2,,9
update,105627,105660,105663,3,,10
update,105638,105671,105674,3,,11
update,105649,105683,105686,3,,12
inbound,105650,105684,105687,3,,13
update,105660,105693,105696,3,,14
update,105671,105704,105707,3,,15
update,105682,105716,105719,3,,0
update,105693,105726,105729,3,,1
update,105704,105738,105742,4,,2
inbound,105705,105738,105743,5,,3
update,105715,105749,105752,3,,4
update,105726,105760,105762,2,,5
update,105737,105770,105773,3,,6
update,105748,105781,105784,3,,7
update,105759,105792,105796,4,,8
inbound,105760,105793,105796,3,,9
update,105770,105803,105806,3,,10
update,105781,105814,105817,3,,11
update,105792,105826,105829,3,,12
update,105803,105836,105839,3,,13
inbound,105815,105849,105851,2,,15
update,105814,105848,105851,3,,14
update,105825,105859,105862,3,,0
update,105836,105870,105872,2,,1
update,105847,105880,105883,3,,2
update,105858,105891,105894,3,,3
update,105869,105902,105905,3,,4
update,105880,105914,105916,2,,5
update,105891,105924,105927,3,,6
update,105902,105936,105938,2,,7
update,105913,105946,105949,3,,8
update,105924,105957,105960,3,,9
update,106000,106034,106036,2,,10
inbound,106000,106034,106037,3,,11
update,106011,106044,106047,3,,12
update,106022,106056,106059,3,,13
inbound,106025,106058,106061,3,,14
update,106033,106067,106069,2,,15
update,106044,106077,106079,2,,0
update,106055,106088,106091,3,,1
update,106066,106099,106102,3,,2
update,106077,106110,106114,4,,3
update,106088,106121,106123,2,,4
inbound,106100,106133,106136,3,,6
update,106099,106133,106136,3,,5
update,106110,106143,106146,3,,7
update,106121,106154,106157,3,,8
update,106132,106165,106168,3,,9
update,106143,106177,106180,3,,10
update,106154,106188,106191,3,,11
inbound,106155,106189,106192,3,,12
update,106165,106199,106202,3,,13
update,106176,106210,106212,2,,14
update,106187,106220,106223,3,,15
update,106198,106232,106234,2,,0
inbound,106200,106234,106236,2,,1
update,106209,106243,106246,3,,2
inbound,106210,106244,106247,3,,3
update,106220,106254,106257,3,,4
inbound,106225,106259,106261,2,,5
update,106231,106264,106267,3,,6
update,106242,106275,106278,3,,7
update,106253,106287,106290,3,,8
update,106264,106298,106301,3,,9
inbound,106265,106299,106304,5,,10
update,106275,106308,106312,4,,11
update,106286,106319,106322,3,,12
update,106297,106330,106334,4,,13
update,106308,106342,106346,4,,14
update,106319,106353,106358,5,,15
inbound,106320,106353,106358,5,,0
update,106330,106364,106366,2,,1
update,106341,106375,106378,3,,2
update,106352,106385,106388,3,,3
update,106363,106396,106399,3,,4
update,106374,106407,106411,4,,5
inbound,106375,106409,106412,3,,6
update,106385,106418,106421,3,,7
update,106396,106429,106432,3,,8
inbound,106400,106434,106436,2,,9
update,106407,106440,106445,5,,10
update,106418,106451,106454,3,,11
inbound,106425,106459,106462,3,,12
inbound,106430,106463,106466,3,,14
update,106429,106463,106466,3,,13
update,106440,106473,106476,3,,15
update,106451,106484,106487,3,,0
update,106462,106496,106498,2,,1
update,106473,106507,106509,2,,2
inbound,106485,106518,106520,2,,4
update,106484,106518,106521,3,,3
update,106495,106528,106531,3,,5
update,106506,106539,106542,3,,6
update,106517,106551,106555,4,,7
update,106528,106561,106564,3,,8
inbound,106540,106572,106575,3,,10
update,106539,106572,106575,3,,9
update,106550,106584,106587,3,,11
update,106561,106595,106597,2,,12
update,106572,106605,106608,3,,13
update,106583,106616,106619,3,,14
inbound,106595,106627,106630,3,,0
update,106594,106627,106630,3,,15
update,106605,106638,106641,3,,1
update,106616,106649,106652,3,,2
update,106627,106661,106664,3,,3
update,106638,106672,106674,2,,4
update,106649,106683,106686,3,,5
inbound,106650,106684,106687,3,,6
update,106660,106694,106698,4,,7
update,106671,106704,106707,3,,8
update,106682,106716,106719,3,,9
update,106693,106726,106729,3,,10
update,106704,106737,106740,3,,11
inbound,106705,106738,106741,3,,12
update,106715,106748,106751,3,,13
update,106726,106760,106762,2,,14
update,106737,106771,106775,4,,15
update,106748,106782,106785,3,,0
inbound,106760,106792,106794,2,,2
update,106759,106792,106796,4,,1
update,106770,106804,106806,2,,3
update,106781,106814,106817,3,,4
update,106792,106825,106828,3,,5
update,106803,106836,106839,3,,6
inbound,106815,106848,106850,2,,8
update,106814,106848,106851,3,,7
update,106825,106858,106862,4,,9
update,106836,106870,106873,3,,10
update,106847,106881,106886,5,,11
update,106858,106891,106894,3,,12
update,106869,106903,106906,3,,13
update,106880,106914,106917,3,,14
update,106891,106925,106927,2,,15
update,106902,106936,106938,2,,0
update,106913,106946,106949,3,,1
update,106924,106957,106960,3,,2
update,107000,107034,107037,3,,3
inbound,107000,107035,107038,3,,4
update,107011,107044,107048,4,,5
update,107022,107055,107059,4,,6
inbound,107025,107059,107061,2,,7
update,107033,107067,107069,2,,8
update,107044,107077,107080,3,,9
update,107055,107089,107091,2,,10
update,107066,107099,107102,3,,11
update,107077,107111,107114,3,,12
update,107088,107121,107126,5,,13
update,107099,107133,107136,3,,14
inbound,107100,107134,107138,4,,15
update,107110,107144,107148,4,,0
update,107121,107155,107160,5,,1
update,107132,107165,107168,3,,2
update,107143,107176,107179,3,,3
update,107154,107187,107190,3,,4
inbound,107155,107190,107193,3,,5
update,107165,107199,107203,4,,6
update,107176,107209,107212,3,,7
update,107187,107221,107223,2,,8
update,107198,107232,107235,3,,9
inbound,107200,107234,107237,3,,10
update,107209,107243,107248,5,,11
inbound,107210,107245,107249,4,,12
update,107220,107254,107257,3,,13
inbound,107225,107260,107263,3,,14
update,107231,107264,107267,3,,15
update,107242,107276,107280,4,,0
update,107253,107288,107290,2,,1
update,107264,107298,107302,4,,2
inbound,107265,107299,107303,4,,3
update,107275,107310,107313,3,,4
update,107286,107321,107324,3,,5
update,107297,107332,107334,2,,6
update,107308,107342,107346,4,,7
update,107319,107353,107357,4,,8
inbound,107320,107355,107360,5,,9
update,107330,107365,107369,4,,10
update,107341,107376,107380,4,,11
update,107352,107386,107392,6,,12
update,107363,107397,107401,4,,13
inbound,107375,107409,107415,6,,15
update,107374,107409,107418,9,,14
update,107385,107421,107425,4,,0
update,107396,107430,107434,4,,1
inbound,107400,107435,107439,4,,2
update,107407,107442,107444,2,,3
update,107418,107453,107455,2,,4
inbound,107425,107460,107462,2,,5
update,107429,107463,107467,4,,6
inbound,107430,107464,107471,7,,7
update,107440,107474,107478,4,,8
update,107451,107486,107489,3,,9
update,107462,107497,107500,3,,10
update,107473,107507,107510,3,,11
update,107484,107518,107521,3,,12
inbound,107485,107519,107522,3,,13
update,107495,107530,107532,2,,14
update,107506,107541,107544,3,,15
update,107517,107551,107555,4,,0
update,107528,107563,107566,3,,1
update,107539,107573,107578,5,,2
inbound,107540,107574,107578,4,,3
update,107550,107585,107588,3,,4
update,107561,107595,107600,5,,5
update,107572,107607,107610,3,,6
update,107583,107618,107621,3,,7
update,107594,107629,107633,4,,8
inbound,107595,107629,107633,4,,9
update,107605,107640,107643,3,,10
update,107616,107650,107654,4,,11
update,107627,107662,107665,3,,12
update,107638,107673,107677,4,,13
update,107649,107683,107687,4,,14
inbound,107650,107684,107689,5,,15
update,107660,107695,107697,2,,0
update,107671,107706,107709,3,,1
update,107682,107717,107719,2,,2
update,107693,107727,107731,4,,3
update,107704,107738,107743,5,,4
inbound,107705,107739,107743,4,,5
update,107715,107750,107753,3,,6
update,107726,107761,107764,3,,7
update,107737,107771,107774,3,,8
update,107748,107783,107786,3,,9
inbound,107760,107794,107797,3,,11
update,107759,107793,107797,4,,10
update,107770,107805,107808,3,,12
update,107781,107815,107818,3,,13
update,107792,107826,107830,4,,14
update,107803,107837,107840,3,,15
update,107814,107849,107852,3,,0
inbound,107815,107850,107852,2,,1
update,107825,107860,107863,3,,2
update,107836,107871,107875,4,,3
update,107847,107881,107886,5,,4
update,107858,107892,107894,2,,5
update,107869,107904,107908,4,,6
update,107880,107914,107918,4,,7
update,107891,107926,107929,3,,8
update,107902,107937,107939,2,,9
update,107913,107947,107950,3,,10
update,107924,107958,107961,3,,11
inbound,108000,108035,108038,3,,13
update,108000,108035,108038,3,,12
update,108011,108046,108050,4,,14
update,108022,108057,108060,3,,15
inbound,108025,108060,108062,2,,0
update,108033,108068,108071,3,,1
update,108044,108078,108082,4,,2
update,108055,108089,108092,3,,3
update,108066,108100,108107,7,,4
update,108077,108112,108115,3,,5
update,108088,108122,108125,3,,6
update,108099,108133,108136,3,,7
inbound,108100,108134,108138,4,,8
update,108110,108145,108148,3,,9
update,108121,108156,108158,2,,10
update,108132,108166,108169,3,,11
update,108143,108177,108180,3,,12
update,108154,108189,108192,3,,13
inbound,108155,108190,108194,4,,14
update,108165,108200,108202,2,,15
update,108176,108210,108214,4,,0
update,108187,108222,108225,3,,1
update,108198,108232,108235,3,,2
inbound,108200,108234,108237,3,,3
update,108209,108244,108247,3,,4
inbound,108210,108244,108247,3,,5
update,108220,108254,108257,3,,6
inbound,108225,108259,108262,3,,7
update,108231,108266,108268,2,,8
update,108242,108277,108280,3,,9
update,108253,108288,108291,3,,10
update,108264,108298,108302,4,,11
inbound,108265,108300,108304,4,,12
update,108275,108310,108312,2,,13
update,108286,108320,108323,3,,14
update,108297,108331,108334,3,,15
update,108308,108343,108345,2,,0
update,108319,108353,108357,4,,1
inbound,108320,108354,108358,4,,2
update,108330,108365,108367,2,,3
update,108341,108375,108378,3,,4
update,108352,108386,108389,3,,5
update,108363,108397,108400,3,,6
inbound,108375,108409,108413,4,,8
update,108374,108409,108415,6,,7
update,108385,108420,108423,3,,9
update,108396,108430,108434,4,,10
inbound,108400,108434,108439,5,,11
update,108407,108442,108444,2,,12
update,108418,108452,108455,3,,13
inbound,108425,108459,108462,3,,14
update,108429,108463,108466,3,,15
inbound,108430,108464,108467,3,,0
update,108440,108475,108477,2,,1
update,108451,108485,108488,3,,2
update,108462,108497,108500,3,,3
update,108473,108508,108512,4,,4
inbound,108485,108520,108523,3,,6
update,108484,108519,108525,6,,5
update,108495,108530,108533,3,,7
update,108506,108541,108543,2,,8
update,108517,108551,108557,6,,9
update,108528,108562,108565,3,,10
update,108539,108573,108577,4,,11
inbound,108540,108575,108579,4,,12
update,108550,108584,108587,3,,13
update,108561,108596,108599,3,,14
update,108572,108607,108609,2,,15
update,108583,108617,108620,3,,0
update,108594,108628,108631,3,,1
inbound,108595,108629,108632,3,,2
update,108605,108640,108643,3,,3
update,108616,108650,108653,3,,4
update,108627,108660,108664,4,,5
update,108638,108673,108676,3,,6
update,108649,108683,108687,4,,7
inbound,108650,108685,108688,3,,8
update,108660,108695,108698,3,,9
update,108671,108705,108708,3,,10
update,108682,108716,108719,3,,11
update,108693,108727,108731,4,,12
inbound,108705,108739,108743,4,,14
update,108704,108738,108743,5,,13
update,108715,108750,108754,4,,15
update,108726,108761,108765,4,,0
update,108737,108771,108776,5,,1
update,108748,108783,108788,5,,2
update,108759,108793,108799,6,,3
inbound,108760,108795,108800,5,,4
update,108770,108805,108807,2,,5
update,108781,108815,108818,3,,6
update,108792,108826,108829,3,,7
update,108803,108837,108840,3,,8
update,108814,108848,108852,4,,9
inbound,108815,108849,108852,3,,10
update,108825,108860,108863,3,,11
update,108836,108871,108873,2,,12
update,108847,108881,108884,3,,13
update,108858,108892,108895,3,,14
update,108869,108903,108906,3,,15
update,108880,108915,108918,3,,0
update,108891,108926,108929,3,,1
update,108902,108937,108939,2,,2
update,108913,108947,108950,3,,3
update,108924,108959,108962,3,,4
update,109000,109034,109037,3,,5
inbound,109000,109034,109037,3,,6
update,109011,109046,109048,2,,7
update,109022,109057,109060,3,,8
inbound,109025,109059,109063,4,,9
update,109033,109067,109070,3,,10
update,109044,109078,109081,3,,11
update,109055,109090,109093,3,,12
update,109066,109101,109104,3,,13
update,109077,109112,109115,3,,14
update,109088,109123,109125,2,,15
update,109099,109134,109138,4,,0
inbound,109100,109135,109138,3,,1
update,109110,109144,109148,4,,2
update,109121,109155,109158,3,,3
update,109132,109166,109169,3,,4
update,109143,109178,109181,3,,5
update,109154,109188,109192,4,,6
inbound,109155,109189,109193,4,,7
update,109165,109200,109205,5,,8
update,109176,109210,109215,5,,9
update,109187,109222,109225,3,,10
update,109198,109233,109240,7,,11
inbound,109200,109235,109240,5,,12
update,109209,109243,109247,4,,13
inbound,109210,109245,109249,4,,14
update,109220,109255,109258,3,,15
inbound,109225,109259,109264,5,,0
update,109231,109265,109269,4,,1
update,109242,109276,109282,6,,2
update,109253,109288,109292,4,,3
update,109264,109298,109302,4,,4
inbound,109265,109299,109306,7,,5
update,109275,109310,109314,4,,6
update,109286,109320,109325,5,,7
update,109297,109331,109336,5,,8
update,109308,109342,109345,3,,9
update,109319,109353,109357,4,,10
inbound,109320,109354,109358,4,,11
update,109330,109365,109368,3,,12
update,109341,109376,109378,2,,13
update,109352,109386,109389,3,,14
update,109363,109397,109400,3,,15
update,109374,109408,109412,4,,0
inbound,109375,109410,109414,4,,1
update,109385,109420,109423,3,,2
update,109396,109431,109434,3,,3
inbound,109400,109434,109437,3,,4
update,109407,109442,109445,3,,5
update,109418,109452,109456,4,,6
inbound,109425,109460,109463,3,,7
update,109429,109464,109467,3,,8
inbound,109430,109464,109469,5,,9
update,109440,109474,109477,3,,10
update,109451,109486,109489,3,,11
update,109462,109497,109500,3,,12
update,109473,109507,109510,3,,13
update,109484,109519,109522,3,,14
inbound,109485,109520,109523,3,,15
update,109495,109529,109532,3,,0
update,109506,109541,109544,3,,1
update,109517,109551,109555,4,,2
update,109528,109562,109565,3,,3
update,109539,109574,109577,3,,4
inbound,109540,109575,109578,3,,5
update,109550,109584,109588,4,,6
update,109561,109596,109599,3,,7
update,109572,109606,109609,3,,8
update,109583,109617,109620,3,,9
update,109594,109629,109633,4,,10
inbound,109595,109630,109634,4,,11
update,109605,109640,109642,2,,12
update,109616,109650,109653,3,,13
update,109627,109662,109665,3,,14
update,109638,109672,109675,3,,15
update,109649,109684,109687,3,,0
inbound,109650,109685,109688,3,,1
update,109660,109694,109697,3,,2
update,109671,109705,109709,4,,3
update,109682,109717,109720,3,,4
update,109693,109728,109731,3,,5
update,109704,109738,109741,3,,6
inbound,109705,109739,109742,3,,7
update,109715,109748,109752,4,,8
update,109726,109761,109764,3,,9
update,109737,109771,109774,3,,10
update,109748,109783,109785,2,,11
update,109759,109793,109797,4,,12
inbound,109760,109795,109798,3,,13
update,109770,109804,109808,4,,14
update,109781,109816,109819,3,,15
update,109792,109826,109829,3,,0
update,109803,109837,109840,3,,1
update,109814,109848,109852,4,,2
inbound,109815,109849,109852,3,,3
update,109825,109859,109862,3,,4
update,109836,109871,109874,3,,5
update,109847,109881,109885,4,,6
update,109858,109893,109895,2,,7
update,109869,109904,109907,3,,8
update,109880,109915,109918,3,,9
update,109891,109925,109929,4,,10
update,109902,109937,109939,2,,11
update,109913,109948,109950,2,,12
update,109924,109958,109961,3,,13
inbound,110000,110035,110038,3,,15
update,110000,110035,110038,3,,14
update,110011,110045,110048,3,,0
update,110022,110056,110059,3,,1
inbound,110025,110059,110062,3,,2
update,110033,110067,110070,3,,3
update,110044,110078,110081,3,,4
update,110055,110089,110092,3,,5
update,110066,110100,110103,3,,6
update,110077,110111,110114,3,,7
update,110088,110122,110125,3,,8
update,110099,110134,110137,3,,9
inbound,110100,110135,110138,3,,10
update,110110,110144,110147,3,,11
update,110121,110155,110158,3,,12
update,110132,110167,110170,3,,13
update,110143,110178,110181,3,,14
update,110154,110188,110191,3,,15
inbound,110155,110189,110193,4,,0
update,110165,110200,110202,2,,1
update,110176,110211,110213,2,,2
update,110187,110222,110224,2,,3
update,110198,110232,110235,3,,4
inbound,110200,110234,110237,3,,5
update,110209,110243,110246,3,,6
inbound,110210,110243,110246,3,,7
update,110220,110255,110257,2,,8
inbound,110225,110259,110262,3,,9
update,110231,110265,110268,3,,10
update,110242,110276,110279,3,,11
update,110253,110287,110290,3,,12
update,110264,110298,110302,4,,13
inbound,110265,110299,110302,3,,14
update,110275,110310,110312,2,,15
update,110286,110321,110324,3,,0
update,110297,110331,110334,3,,1
update,110308,110342,110345,3,,2
update,110319,110354,110357,3,,3
inbound,110320,110354,110357,3,,4
update,110330,110364,110367,3,,5
update,110341,110375,110378,3,,6
update,110352,110386,110389,3,,7
update,110363,110397,110400,3,,8
update,110374,110408,110412,4,,9
inbound,110375,110408,110412,4,,10
update,110385,110419,110422,3,,11
update,110396,110431,110436,5,,12
inbound,110400,110434,110439,5,,13
update,110407,110442,110445,3,,14
update,110418,110453,110455,2,,15
inbound,110425,110460,110462,2,,0
inbound,110430,110463,110466,3,,2
update,110429,110463,110467,4,,1
update,110440,110475,110477,2,,3
update,110451,110486,110488,2,,4
update,110462,110496,110499,3,,5
update,110473,110507,110510,3,,6
update,110484,110518,110521,3,,7
inbound,110485,110519,110522,3,,8
update,110495,110529,110532,3,,9
update,110506,110541,110544,3,,10
update,110517,110552,110555,3,,11
update,110528,110563,110565,2,,12
update,110539,110574,110577,3,,13
inbound,110540,110575,110577,2,,14
update,110550,110585,110587,2,,15
update,110561,110596,110598,2,,0
update,110572,110607,110610,3,,1
update,110583,110618,110620,2,,2
update,110594,110629,110631,2,,3
inbound,110595,110629,110632,3,,4
update,110605,110640,110642,2,,5
update,110616,110650,110653,3,,6
update,110627,110661,110664,3,,7
update,110638,110672,110675,3,,8
update,110649,110683,110686,3,,9
inbound,110650,110684,110687,3,,10
update,110660,110694,110697,3,,11
update,110671,110706,110708,2,,12
update,110682,110717,110719,2,,13
update,110693,110727,110730,3,,14
update,110704,110738,110741,3,,15
inbound,110705,110739,110742,3,,0
update,110715,110749,110752,3,,1
update,110726,110760,110763,3,,2
update,110737,110772,110775,3,,3
update,110748,110783,110786,3,,4
inbound,110760,110794,110796,2,,6
update,110759,110794,110797,3,,5
update,110770,110804,110807,3,,7
update,110781,110815,110818,3,,8
update,110792,110826,110829,3,,9
update,110803,110837,110840,3,,10
inbound,110815,110848,110850,2,,12
update,110814,110848,110851,3,,11
update,110825,110859,110862,3,,13
update,110836,110870,110873,3,,14
update,110847,110881,110884,3,,15
update,110858,110892,110895,3,,0
update,110869,110903,110906,3,,1
update,110880,110914,110917,3,,2
update,110891,110926,110928,2,,3
update,110902,110937,110940,3,,4
update,110913,110948,110951,3,,5
update,110924,110959,110961,2,,6
update,111000,111034,111038,4,,7
inbound,111000,111035,111038,3,,8
update,111011,111045,111048,3,,9
update,111022,111057,111061,4,,10
inbound,111025,111059,111062,3,,11
update,111033,111068,111071,3,,12
update,111044,111078,111081,3,,13
update,111055,111090,111093,3,,14
update,111066,111101,111104,3,,15
update,111077,111112,111115,3,,0
update,111088,111122,111125,3,,1
update,111099,111133,111136,3,,2
inbound,111100,111134,111138,4,,3
update,111110,111144,111147,3,,4
update,111121,111155,111158,3,,5
update,111132,111166,111169,3,,6
update,111143,111177,111181,4,,7
update,111154,111188,111191,3,,8
inbound,111155,111189,111193,4,,9
update,111165,111199,111205,6,,10
update,111176,111211,111214,3,,11
update,111187,111222,111226,4,,12
update,111198,111233,111235,2,,13
inbound,111200,111235,111238,3,,14
update,111209,111244,111247,3,,15
inbound,111210,111245,111248,3,,0
update,111220,111254,111257,3,,1
inbound,111225,111260,111263,3,,2
update,111231,111266,111269,3,,3
update,111242,111276,111279,3,,4
update,111253,111288,111291,3,,5
update,111264,111298,111301,3,,6
inbound,111265,111300,111303,3,,7
update,111275,111310,111314,4,,8
update,111286,111320,111323,3,,9
update,111297,111331,111334,3,,10
update,111308,111342,111345,3,,11
update,111319,111353,111358,5,,12
inbound,111320,111355,111359,4,,13
update,111330,111365,111367,2,,14
update,111341,111375,111378,3,,15
update,111352,111387,111389,2,,0
update,111363,111397,111400,3,,1
update,111374,111409,111412,3,,2
inbound,111375,111410,111414,4,,3
update,111385,111419,111423,4,,4
update,111396,111431,111438,7,,5
inbound,111400,111434,111440,6,,6
update,111407,111441,111454,13,,7
update,111418,111452,111459,7,,8
inbound,111425,111459,111470,11,,9
update,111429,111463,111471,8,,10
inbound,111430,111465,111474,9,,11
update,111440,111475,111478,3,,12
update,111451,111486,111489,3,,13
update,111462,111497,111500,3,,14
update,111473,111507,111510,3,,15
update,111484,111518,111522,4,,0
inbound,111485,111519,111523,4,,1
update,111495,111529,111535,6,,2
update,111506,111541,111543,2,,3
update,111517,111551,111554,3,,4
update,111528,111562,111565,3,,5
update,111539,111574,111577,3,,6
inbound,111540,111575,111578,3,,7
update,111550,111584,111588,4,,8
update,111561,111596,111601,5,,9
update,111572,111607,111610,3,,10
update,111583,111618,111621,3,,11
update,111594,111628,111633,5,,12
inbound,111595,111629,111634,5,,13
update,111605,111639,111643,4,,14
update,111616,111651,111654,3,,15
update,111627,111662,111666,4,,0
update,111638,111673,111677,4,,1
inbound,111650,111685,111689,4,,3
update,111649,111684,111689,5,,2
update,111660,111694,111698,4,,4
update,111671,111706,111712,6,,5
update,111682,111717,111721,4,,6
update,111693,111727,111732,5,,7
update,111704,111739,111743,4,,8
inbound,111705,111739,111745,6,,9
update,111715,111750,111753,3,,10
update,111726,111761,111763,2,,11
update,111737,111771,111775,4,,12
update,111748,111782,111785,3,,13
inbound,111760,111794,111796,2,,15
update,111759,111793,111798,5,,14
update,111770,111804,111807,3,,0
update,111781,111816,111819,3,,1
update,111792,111827,111830,3,,2
update,111803,111838,111840,2,,3
inbound,111815,111850,111851,1,,5
update,111814,111848,111853,5,,4
update,111825,111860,111864,4,,6
update,111836,111871,111873,2,,7
update,111847,111882,111885,3,,8
update,111858,111893,111895,2,,9
update,111869,111903,111906,3,,10
update,111880,111914,111917,3,,11
update,111891,111925,111929,4,,12
update,111902,111937,111939,2,,13
update,111913,111947,111951,4,,14
update,111924,111958,111961,3,,15
update,112000,112034,112037,3,,0
inbound,112000,112034,112037,3,,1
update,112011,112046,112049,3,,2
update,112022,112056,112059,3,,3
inbound,112025,112059,112062,3,,4
update,112033,112068,112070,2,,5
update,112044,112078,112082,4,,6
update,112055,112089,112092,3,,7
update,112066,112100,112104,4,,8
update,112077,112112,112115,3,,9
update,112088,112122,112126,4,,10
update,112099,112133,112137,4,,11
inbound,112100,112134,112138,4,,12
update,112110,112145,112148,3,,13
update,112121,112156,112159,3,,14
update,112132,112166,112169,3,,15
update,112143,112178,112181,3,,0
inbound,112155,112189,112192,3,,2
update,112154,112189,112193,4,,1
update,112165,112199,112202,3,,3
update,112176,112210,112213,3,,4
update,112187,112222,112225,3,,5
update,112198,112233,112236,3,,6
inbound,112200,112235,112238,3,,7
update,112209,112243,112247,4,,8
inbound,112210,112244,112248,4,,9
update,112220,112254,112258,4,,10
inbound,112225,112260,112263,3,,11
update,112231,112266,112269,3,,12
update,112242,112277,112280,3,,13
update,112253,112288,112291,3,,14
update,112264,112298,112302,4,,15
inbound,112265,112300,112303,3,,0
update,112275,112309,112312,3,,1
update,112286,112320,112324,4,,2
update,112297,112331,112335,4,,3
update,112308,112342,112345,3,,4
update,112319,112353,112357,4,,5
inbound,112320,112354,112358,4,,6
update,112330,112365,112368,3,,7
update,112341,112376,112378,2,,8
update,112352,112386,112390,4,,9
update,112363,112398,112401,3,,10
update,112374,112408,112411,3,,11
inbound,112375,112409,112412,3,,12
update,112385,112419,112423,4,,13
update,112396,112431,112434,3,,14
inbound,112400,112435,112438,3,,15
update,112407,112442,112445,3,,0
update,112418,112452,112457,5,,1
inbound,112425,112459,112463,4,,2
inbound,112430,112464,112470,6,,4
update,112429,112463,112471,8,,3
update,112440,112475,112478,3,,5
update,112451,112486,112488,2,,6
update,112462,112496,112500,4,,7
update,112473,112508,112511,3,,8
inbound,112485,112519,112522,3,,10
update,112484,112519,112523,4,,9
update,112495,112529,112532,3,,11
update,112506,112540,112543,3,,12
update,112517,112552,112554,2,,13
update,112528,112562,112565,3,,14
update,112539,112574,112577,3,,15
inbound,112540,112575,112579,4,,0
update,112550,112585,112588,3,,1
update,112561,112595,112599,4,,2
update,112572,112607,112609,2,,3
update,112583,112617,112620,3,,4
update,112594,112629,112632,3,,5
inbound,112595,112629,112633,4,,6
update,112605,112639,112642,3,,7
update,112616,112651,112654,3,,8
update,112627,112662,112664,2,,9
update,112638,112672,112675,3,,10
update,112649,112683,112687,4,,11
inbound,112650,112684,112688,4,,12
update,112660,112694,112697,3,,13
update,112671,112706,112709,3,,14
update,112682,112716,112719,3,,15
update,112693,112727,112730,3,,0
update,112704,112739,112742,3,,1
inbound,112705,112740,112744,4,,2
update,112715,112749,112753,4,,3
update,112726,112760,112765,5,,4
update,112737,112771,112774,3,,5
update,112748,112783,112787,4,,6
inbound,112760,112794,112798,4,,8
update,112759,112793,112798,5,,7
update,112770,112804,112808,4,,9
update,112781,112815,112819,4,,10
update,112792,112826,112831,5,,11
update,112803,112838,112843,5,,12
update,112814,112848,112852,4,,13
inbound,112815,112850,112853,3,,14
update,112825,112859,112862,3,,15
update,112836,112871,112874,3,,0
update,112847,112881,112889,8,,1
update,112858,112892,112900,8,,2
update,112869,112904,112909,5,,3
update,112880,112915,112918,3,,4
update,112891,112925,112928,3,,5
update,112902,112936,112939,3,,6
update,112913,112947,112950,3,,7
update,112924,112958,112962,4,,8
update,113000,113035,113039,4,,9
inbound,113000,113035,113039,4,,10
update,113011,113045,113049,4,,11
update,113022,113057,113060,3,,12
inbound,113025,113060,113063,3,,13
update,113033,113067,113070,3,,14
update,113044,113079,113084,5,,15
update,113055,113089,113092,3,,0
update,113066,113101,113103,2,,1
update,113077,113111,113114,3,,2
update,113088,113123,113125,2,,3
update,113099,113133,113136,3,,4
inbound,113100,113134,113138,4,,5
update,113110,113145,113148,3,,6
update,113121,113156,113158,2,,7
update,113132,113166,113169,3,,8
update,113143,113177,113180,3,,9
update,113154,113189,113194,5,,10
inbound,113155,113190,113194,4,,11
update,113165,113200,113203,3,,12
update,113176,113211,113214,3,,13
update,113187,113221,113225,4,,14
update,113198,113232,113236,4,,15
inbound,113200,113234,113239,5,,0
update,113209,113244,113247,3,,1
inbound,113210,113245,113249,4,,2
update,113220,113255,113258,3,,3
inbound,113225,113259,113262,3,,4
update,113231,113266,113268,2,,5
update,113242,113277,113280,3,,6
update,113253,113288,113291,3,,7
update,113264,113298,113302,4,,8
inbound,113265,113299,113305,6,,9
update,113275,113310,113313,3,,10
update,113286,113320,113323,3,,11
update,113297,113332,113335,3,,12
update,113308,113342,113345,3,,13
update,113319,113353,113357,4,,14
inbound,113320,113354,113358,4,,15
update,113330,113365,113368,3,,0
update,113341,113376,113380,4,,1
update,113352,113387,113390,3,,2
update,113363,113398,113400,2,,3
inbound,113375,113409,113412,3,,5
update,113374,113409,113412,3,,4
update,113385,113419,113422,3,,6
update,113396,113430,113433,3,,7
inbound,113400,113434,113437,3,,8
update,113407,113442,113444,2,,9
update,113418,113453,113456,3,,10
inbound,113425,113460,113464,4,,11
inbound,113430,113464,113467,3,,13
update,113429,113463,113468,5,,12
update,113440,113474,113477,3,,14
update,113451,113486,113488,2,,15
update,113462,113496,113499,3,,0
update,113473,113507,113510,3,,1
update,113484,113518,113522,4,,2
inbound,113485,113519,113523,4,,3
update,113495,113530,113533,3,,4
update,113506,113540,113543,3,,5
update,113517,113552,113554,2,,6
update,113528,113562,113565,3,,7
update,113539,113574,113578,4,,8
inbound,113540,113575,113578,3,,9
update,113550,113585,113588,3,,10
update,113561,113596,113599,3,,11
update,113572,113606,113609,3,,12
update,113583,113618,113621,3,,13
update,113594,113628,113631,3,,14
inbound,113595,113629,113633,4,,15
update,113605,113639,113642,3,,0
update,113616,113651,113653,2,,1
update,113627,113661,113664,3,,2
update,113638,113673,113676,3,,3
update,113649,113684,113687,3,,4
inbound,113650,113685,113688,3,,5
update,113660,113695,113698,3,,6
update,113671,113705,113708,3,,7
update,113682,113716,113719,3,,8
update,113693,113727,113730,3,,9
update,113704,113739,113742,3,,10
inbound,113705,113739,113743,4,,11
update,113715,113749,113752,3,,12
update,113726,113761,113763,2,,13
update,113737,113771,113774,3,,14
update,113748,113782,113786,4,,15
inbound,113760,113794,113796,2,,1
update,113759,113794,113796,2,,0
update,113770,113805,113807,2,,2
update,113781,113816,113819,3,,3
update,113792,113826,113829,3,,4
update,113803,113837,113841,4,,5
inbound,113815,113850,113852,2,,7
update,113814,113849,113853,4,,6
update,113825,113859,113862,3,,8
update,113836,113870,113873,3,,9
update,113847,113881,113884,3,,10
update,113858,113893,113896,3,,11
update,113869,113904,113907,3,,12
update,113880,113915,113918,3,,13
update,113891,113925,113928,3,,14
update,113902,113937,113940,3,,15
update,113913,113947,113950,3,,0
update,113924,113958,113961,3,,1
update,114000,114035,114037,2,,2
inbound,114000,114035,114038,3,,3
update,114011,114045,114048,3,,4
update,114022,114057,114060,3,,5
inbound,114025,114059,114062,3,,6
update,114033,114068,114071,3,,7
update,114044,114078,114082,4,,8
update,114055,114090,114092,2,,9
update,114066,114101,114103,2,,10
update,114077,114111,114114,3,,11
update,114088,114122,114125,3,,12
update,114099,114133,114137,4,,13
inbound,114100,114134,114137,3,,14
update,114110,114144,114147,3,,15
update,114121,114155,114158,3,,0
update,114132,114167,114170,3,,1
update,114143,114178,114180,2,,2
update,114154,114189,114192,3,,3
inbound,114155,114189,114192,3,,4
update,114165,114199,114202,3,,5
update,114176,114210,114213,3,,6
update,114187,114221,114224,3,,7
update,114198,114232,114236,4,,8
inbound,114200,114234,114238,4,,9
inbound,114210,114244,114248,4,,11
update,114209,114244,114248,4,,10
update,114220,114254,114257,3,,12
inbound,114225,114259,114262,3,,13
update,114231,114265,114268,3,,14
update,114242,114276,114279,3,,15
update,114253,114287,114290,3,,0
inbound,114265,114298,114302,4,,2
update,114264,114298,114302,4,,1
update,114275,114310,114313,3,,3
update,114286,114321,114324,3,,4
update,114297,114331,114334,3,,5
update,114308,114342,114345,3,,6
inbound,114320,114354,114357,3,,8
update,114319,114354,114357,3,,7
update,114330,114364,114367,3,,9
update,114341,114376,114379,3,,10
update,114352,114386,114389,3,,11
update,114363,114398,114401,3,,12
update,114374,114409,114412,3,,13
inbound,114375,114409,114412,3,,14
update,114385,114419,114422,3,,15
update,114396,114430,114433,3,,0
inbound,114400,114435,114438,3,,1
update,114407,114442,114444,2,,2
update,114418,114453,114458,5,,3
inbound,114425,114459,114463,4,,4
update,114429,114464,114467,3,,5
inbound,114430,114464,114468,4,,6
update,114440,114475,114477,2,,7
update,114451,114486,114488,2,,8
update,114462,114496,114499,3,,9
update,114473,114507,114510,3,,10
update,114484,114518,114522,4,,11
inbound,114485,114519,114522,3,,12
update,114495,114529,114532,3,,13
update,114506,114541,114543,2,,14
update,114517,114551,114554,3,,15
update,114528,114562,114565,3,,0
update,114539,114573,114576,3,,1
inbound,114540,114574,114577,3,,2
update,114550,114584,114587,3,,3
update,114561,114595,114598,3,,4
update,114572,114606,114609,3,,5
update,114583,114617,114620,3,,6
update,114594,114628,114631,3,,7
inbound,114595,114629,114632,3,,8
update,114605,114639,114642,3,,9
update,114616,114650,114653,3,,10
update,114627,114661,114664,3,,11
update,114638,114672,114675,3,,12
inbound,114650,114684,114687,3,,14
update,114649,114684,114687,3,,13
update,114660,114694,114697,3,,15
update,114671,114705,114708,3,,0
update,114682,114716,114719,3,,1
update,114693,114728,114731,3,,2
update,114704,114738,114742,4,,3
inbound,114705,114739,114743,4,,4
update,114715,114750,114753,3,,5
update,114726,114761,114764,3,,6
update,114737,114772,114775,3,,7
update,114748,114782,114785,3,,8
inbound,114760,114794,114796,2,,10
update,114759,114794,114797,3,,9
update,114770,114804,114807,3,,11
update,114781,114815,114818,3,,12
update,114792,114826,114829,3,,13
update,114803,114838,114840,2,,14
inbound,114815,114849,114851,2,,0
update,114814,114849,114852,3,,15
update,114825,114859,114862,3,,1
update,114836,114870,114873,3,,2
update,114847,114882,114885,3,,3
update,114858,114893,114895,2,,4
update,114869,114904,114906,2,,5
update,114880,114915,114918,3,,6
update,114891,114926,114929,3,,7
update,114902,114936,114939,3,,8
update,114913,114947,114950,3,,9
update,114924,114959,114963,4,,10
inbound,115000,115035,115038,3,,12
update,115000,115035,115038,3,,11
update,115011,115046,115048,2,,13
update,115022,115056,115060,4,,14
inbound,115025,115060,115064,4,,15
update,115033,115068,115071,3,,0
update,115044,115079,115081,2,,1
update,115055,115090,115093,3,,2
update,115066,115101,115105,4,,3
update,115077,115112,115115,3,,4
update,115088,115122,115126,4,,5
update,115099,115133,115139,6,,6
inbound,115100,115135,115140,5,,7
update,115110,115145,115149,4,,8
update,115121,115155,115158,3,,9
update,115132,115167,115170,3,,10
update,115143,115177,115180,3,,11
update,115154,115188,115192,4,,12
inbound,115155,115189,115193,4,,13
update,115165,115200,115203,3,,14
update,115176,115211,115213,2,,15
update,115187,115222,115226,4,,0
update,115198,115232,115236,4,,1
inbound,115200,115235,115238,3,,2
update,115209,115243,115247,4,,3
inbound,115210,115245,115249,4,,4
update,115220,115254,115258,4,,5
inbound,115225,115260,115263,3,,6
update,115231,115266,115269,3,,7
update,115242,115276,115279,3,,8
update,115253,115287,115290,3,,9
update,115264,115298,115302,4,,10
inbound,115265,115300,115304,4,,11
update,115275,115310,115313,3,,12
update,115286,115320,115323,3,,13
update,115297,115332,115335,3,,14
update,115308,115342,115346,4,,15
update,115319,115353,115356,3,,0
inbound,115320,115354,115359,5,,1
update,115330,115365,115367,2,,2
update,115341,115375,115379,4,,3
update,115352,115387,115389,2,,4
update,115363,115398,115401,3,,5
update,115374,115408,115412,4,,6
inbound,115375,115410,115414,4,,7
update,115385,115419,115422,3,,8
update,115396,115431,115434,3,,9
inbound,115400,115435,115438,3,,10
update,115407,115442,115444,2,,11
update,115418,115452,115455,3,,12
inbound,115425,115460,115465,5,,13
update,115429,115465,115468,3,,14
inbound,115430,115465,115470,5,,15
update,115440,115475,115479,4,,0
update,115451,115486,115489,3,,1
update,115462,115496,115499,3,,2
update,115473,115507,115510,3,,3
update,115484,115519,115522,3,,4
inbound,115485,115520,115523,3,,5
update,115495,115529,115532,3,,6
update,115506,115540,115543,3,,7
update,115517,115552,115555,3,,8
update,115528,115562,115565,3,,9
update,115539,115573,115578,5,,10
inbound,115540,115575,115578,3,,11
update,115550,115585,115588,3,,12
update,115561,115596,115598,2,,13
update,115572,115606,115610,4,,14
update,115583,115618,115621,3,,15
update,115594,115629,115632,3,,0
inbound,115595,115630,115633,3,,1
update,115605,115639,115643,4,,2
update,115616,115650,115653,3,,3
update,115627,115662,115665,3,,4
update,115638,115672,115676,4,,5
update,115649,115684,115687,3,,6
inbound,115650,115684,115688,4,,7
update,115660,115694,115697,3,,8
update,115671,115706,115708,2,,9
update,115682,115717,115720,3,,10
update,115693,115728,115731,3,,11
update,115704,115738,115742,4,,12
inbound,115705,115740,115743,3,,13
update,115715,115749,115752,3,,14
update,115726,115760,115763,3,,15
update,115737,115771,115774,3,,0
update,115748,115782,115786,4,,1
update,115759,115793,115797,4,,2
inbound,115760,115795,115798,3,,3
update,115770,115805,115807,2,,4
update,115781,115816,115819,3,,5
update,115792,115827,115830,3,,6
update,115803,115837,115840,3,,7
update,115814,115849,115853,4,,8
inbound,115815,115850,115853,3,,9
update,115825,115860,115863,3,,10
update,115836,115871,115874,3,,11
update,115847,115882,115885,3,,12
update,115858,115892,115896,4,,13
update,115869,115903,115906,3,,14
update,115880,115915,115918,3,,15
update,115891,115925,115928,3,,0
update,115902,115936,115939,3,,1
update,115913,115948,115951,3,,2
update,115924,115959,115962,3,,3
inbound,116000,116035,116038,3,,5
update,116000,116035,116039,4,,4
update,116011,116045,116048,3,,6
update,116022,116056,116059,3,,7
inbound,116025,116060,116063,3,,8
update,116033,116067,116070,3,,9
update,116044,116078,116081,3,,10
update,116055,116090,116092,2,,11
update,116066,116100,116103,3,,12
update,116077,116111,116114,3,,13
update,116088,116123,116126,3,,14
update,116099,116134,116138,4,,15
inbound,116100,116135,116138,3,,0
update,116110,116144,116147,3,,1
update,116121,116155,116158,3,,2
update,116132,116167,116170,3,,3
update,116143,116177,116180,3,,4
update,116154,116188,116191,3,,5
inbound,116155,116189,116192,3,,6
update,116165,116200,116203,3,,7
update,116176,116210,116213,3,,8
update,116187,116222,116225,3,,9
update,116198,116232,116236,4,,10
inbound,116200,116234,116237,3,,11
update,116209,116244,116249,5,,12
inbound,116210,116245,116250,5,,13
update,116220,116255,116258,3,,14
inbound,116225,116259,116263,4,,15
update,116231,116265,116268,3,,0
update,116242,116277,116280,3,,1
update,116253,116288,116291,3,,2
update,116264,116298,116302,4,,3
inbound,116265,116299,116304,5,,4
update,116275,116309,116312,3,,5
update,116286,116320,116323,3,,6
update,116297,116331,116334,3,,7
update,116308,116343,116345,2,,8
update,116319,116354,116357,3,,9
inbound,116320,116355,116358,3,,10
update,116330,116364,116367,3,,11
update,116341,116375,116379,4,,12
update,116352,116387,116390,3,,13
update,116363,116398,116401,3,,14
update,116374,116409,116412,3,,15
inbound,116375,116410,116414,4,,0
update,116385,116419,116422,3,,1
update,116396,116431,116434,3,,2
inbound,116400,116435,116437,2,,3
update,116407,116442,116445,3,,4
update,116418,116452,116455,3,,5
inbound,116425,116459,116462,3,,6
update,116429,116463,116467,4,,7
inbound,116430,116466,116474,8,,8
update,116440,116474,116480,6,,9
update,116451,116485,116488,3,,10
update,116462,116497,116500,3,,11
update,116473,116508,116511,3,,12
update,116484,116518,116522,4,,13
inbound,116485,116519,116523,4,,14
update,116495,116530,116533,3,,15
update,116506,116540,116543,3,,0
update,116517,116552,116554,2,,1
update,116528,116563,116566,3,,2
update,116539,116574,116577,3,,3
inbound,116540,116574,116579,5,,4
update,116550,116584,116587,3,,5
update,116561,116596,116599,3,,6
update,116572,116607,116610,3,,7
update,116583,116617,116621,4,,8
inbound,116595,116629,116632,3,,10
update,116594,116629,116632,3,,9
update,116605,116639,116642,3,,11
update,116616,116650,116653,3,,12
update,116627,116661,116664,3,,13
update,116638,116672,116675,3,,14
update,116649,116684,116687,3,,15
inbound,116650,116684,116687,3,,0
update,116660,116694,116697,3,,1
update,116671,116706,116709,3,,2
update,116682,116717,116719,2,,3
update,116693,116727,116731,4,,4
update,116704,116739,116744,5,,5
inbound,116705,116740,116744,4,,6
update,116715,116749,116753,4,,7
update,116726,116761,116764,3,,8
update,116737,116771,116776,5,,9
update,116748,116782,116785,3,,10
inbound,116760,116794,116797,3,,12
update,116759,116793,116797,4,,11
update,116770,116804,116807,3,,13
update,116781,116816,116819,3,,14
update,116792,116827,116830,3,,15
update,116803,116837,116840,3,,0
update,116814,116847,116851,4,,1
inbound,116815,116850,116852,2,,2
update,116825,116860,116863,3,,3
update,116836,116871,116874,3,,4
update,116847,116882,116885,3,,5
update,116858,116893,116895,2,,6
update,116869,116904,116907,3,,7
update,116880,116914,116918,4,,8
update,116891,116926,116930,4,,9
update,116902,116937,116940,3,,10
update,116913,116947,116950,3,,11
update,116924,116958,116962,4,,12
update,117000,117034,117038,4,,13
inbound,117000,117035,117039,4,,14
update,117011,117046,117050,4,,15
update,117022,117056,117059,3,,0
inbound,117025,117061,117064,3,,1
update,117033,117067,117070,3,,2
update,117044,117079,117082,3,,3
update,117055,117089,117093,4,,4
update,117066,117100,117103,3,,5
update,117077,117112,117115,3,,6
update,117088,117123,117126,3,,7
update,117099,117135,117138,3,,8
inbound,117100,117136,117140,4,,9
update,117110,117145,117148,3,,10
update,117121,117156,117160,4,,11
update,117132,117167,117171,4,,12
update,117143,117178,117183,5,,13
update,117154,117189,117193,4,,14
inbound,117155,117191,117195,4,,15
update,117165,117200,117204,4,,0
update,117176,117211,117214,3,,1
update,117187,117223,117228,5,,2
update,117198,117233,117237,4,,3
inbound,117200,117235,117238,3,,4
update,117209,117245,117249,4,,5
inbound,117210,117246,117251,5,,6
update,117220,117255,117258,3,,7
inbound,117225,117261,117265,4,,8
update,117231,117266,117269,3,,9
update,117242,117277,117280,3,,10
update,117253,117289,117292,3,,11
update,117264,117300,117303,3,,12
inbound,117265,117301,117304,3,,13
update,117275,117310,117313,3,,14
update,117286,117322,117325,3,,15
update,117297,117333,117336,3,,0
update,117308,117344,117347,3,,1
update,117319,117354,117358,4,,2
inbound,117320,117355,117359,4,,3
update,117330,117365,117368,3,,4
update,117341,117377,117380,3,,5
update,117352,117388,117391,3,,6
update,117363,117399,117402,3,,7
update,117374,117410,117413,3,,8
inbound,117375,117411,117415,4,,9
update,117385,117420,117424,4,,10
update,117396,117432,117436,4,,11
inbound,117400,117436,117439,3,,12
update,117407,117443,117447,4,,13
update,117418,117454,117457,3,,14
inbound,117425,117461,117465,4,,15
update,117429,117465,117473,8,,0
inbound,117430,117465,117475,10,,1
update,117440,117475,117485,10,,2
update,117451,117487,117492,5,,3
update,117462,117498,117502,4,,4
update,117473,117509,117513,4,,5
update,117484,117520,117523,3,,6
inbound,117485,117521,117525,4,,7
update,117495,117531,117534,3,,8
update,117506,117541,117544,3,,9
update,117517,117552,117555,3,,10
update,117528,117563,117566,3,,11
update,117539,117575,117579,4,,12
inbound,117540,117576,117580,4,,13
update,117550,117586,117589,3,,14
update,117561,117597,117600,3,,15
update,117572,117607,117610,3,,0
update,117583,117618,117623,5,,1
update,117594,117630,117633,3,,2
inbound,117595,117630,117634,4,,3
update,117605,117641,117644,3,,4
update,117616,117651,117655,4,,5
update,117627,117662,117666,4,,6
update,117638,117674,117677,3,,7
update,117649,117684,117687,3,,8
inbound,117650,117684,117688,4,,9
update,117660,117696,117699,3,,10
update,117671,117707,117710,3,,11
update,117682,117717,117720,3,,12
update,117693,117728,117732,4,,13
update,117704,117740,117743,3,,14
inbound,117705,117740,117744,4,,15
update,117715,117751,117754,3,,0
update,117726,117761,117765,4,,1
update,117737,117772,117775,3,,2
update,117748,117784,117787,3,,3
inbound,117760,117795,117798,3,,5
update,117759,117794,117798,4,,4
update,117770,117806,117809,3,,6
update,117781,117817,117819,2,,7
update,117792,117827,117831,4,,8
update,117803,117838,117841,3,,9
inbound,117815,117849,117852,3,,11
update,117814,117849,117853,4,,10
update,117825,117860,117863,3,,12
update,117836,117872,117875,3,,13
update,117847,117883,117886,3,,14
update,117858,117893,117897,4,,15
update,117869,117904,117908,4,,0
update,117880,117916,117919,3,,1
update,117891,117926,117931,5,,2
update,117902,117937,117942,5,,3
update,117913,117948,117954,6,,4
update,117924,117960,117963,3,,5
inbound,118000,118035,118039,4,,7
update,118000,118035,118039,4,,6
update,118011,118047,118049,2,,8
update,118022,118058,118061,3,,9
inbound,118025,118061,118065,4,,10
update,118033,118068,118071,3,,11
update,118044,118080,118083,3,,12
update,118055,118090,118093,3,,13
update,118066,118101,118104,3,,14
update,118077,118112,118115,3,,15
update,118088,118124,118126,2,,0
update,118099,118134,118138,4,,1
inbound,118100,118135,118138,3,,2
update,118110,118145,118148,3,,3
update,118121,118156,118160,4,,4
update,118132,118167,118170,3,,5
update,118143,118178,118182,4,,6
update,118154,118189,118193,4,,7
inbound,118155,118190,118194,4,,8
update,118165,118200,118203,3,,9
update,118176,118211,118214,3,,10
update,118187,118223,118226,3,,11
update,118198,118233,118236,3,,12
inbound,118200,118235,118238,3,,13
inbound,118210,118245,118248,3,,15
update,118209,118244,118248,4,,14
update,118220,118255,118259,4,,0
inbound,118225,118260,118263,3,,1
update,118231,118267,118270,3,,2
update,118242,118278,118281,3,,3
update,118253,118288,118291,3,,4
update,118264,118299,118302,3,,5
inbound,118265,118299,118302,3,,6
update,118275,118311,118313,2,,7
update,118286,118322,118325,3,,8
update,118297,118333,118336,3,,9
update,118308,118343,118346,3,,10
update,118319,118355,118358,3,,11
inbound,118320,118356,118359,3,,12
update,118330,118365,118368,3,,13
update,118341,118376,118379,3,,14
update,118352,118388,118391,3,,15
update,118363,118398,118401,3,,0
update,118374,118409,118413,4,,1
inbound,118375,118410,118414,4,,2
update,118385,118420,118423,3,,3
update,118396,118431,118435,4,,4
inbound,118400,118436,118439,3,,5
update,118407,118443,118446,3,,6
update,118418,118454,118457,3,,7
inbound,118425,118460,118463,3,,8
update,118429,118465,118468,3,,9
inbound,118430,118465,118468,3,,10
update,118440,118475,118478,3,,11
update,118451,118487,118491,4,,12
update,118462,118498,118501,3,,13
update,118473,118508,118511,3,,14
inbound,118485,118519,118522,3,,0
update,118484,118519,118523,4,,15
update,118495,118531,118533,2,,1
update,118506,118542,118544,2,,2
update,118517,118552,118555,3,,3
update,118528,118564,118567,3,,4
update,118539,118574,118579,5,,5
inbound,118540,118576,118579,3,,6
update,118550,118585,118590,5,,7
update,118561,118596,118599,3,,8
update,118572,118608,118610,2,,9
update,118583,118618,118622,4,,10
update,118594,118630,118633,3,,11
inbound,118595,118630,118633,3,,12
update,118605,118640,118643,3,,13
update,118616,118651,118654,3,,14
update,118627,118662,118665,3,,15
update,118638,118673,118676,3,,0
update,118649,118683,118687,4,,1
inbound,118650,118685,118688,3,,2
update,118660,118695,118698,3,,3
update,118671,118706,118709,3,,4
update,118682,118717,118720,3,,5
update,118693,118728,118732,4,,6
update,118704,118739,118742,3,,7
inbound,118705,118740,118744,4,,8
update,118715,118751,118754,3,,9
update,118726,118762,118764,2,,10
update,118737,118773,118775,2,,11
update,118748,118783,118786,3,,12
inbound,118760,118796,118799,3,,14
update,118759,118794,118799,5,,13
update,118770,118806,118810,4,,15
update,118781,118817,118820,3,,0
update,118792,118828,118832,4,,1
update,118803,118839,118841,2,,2
update,118814,118849,118852,3,,3
inbound,118815,118851,118853,2,,4
update,118825,118861,118863,2,,5
update,118836,118871,118874,3,,6
update,118847,118883,118885,2,,7
update,118858,118893,118897,4,,8
update,118869,118904,118907,3,,9
update,118880,118915,118918,3,,10
update,118891,118926,118929,3,,11
update,118902,118938,118940,2,,12
update,118913,118949,118952,3,,13
update,118924,118960,118962,2,,14
update,119000,119035,119039,4,,15
inbound,119000,119035,119039,4,,0
update,119011,119046,119049,3,,1
update,119022,119058,119061,3,,2
inbound,119025,119061,119064,3,,3
update,119033,119068,119072,4,,4
update,119044,119079,119082,3,,5
update,119055,119090,119093,3,,6
update,119066,119101,119104,3,,7
update,119077,119112,119116,4,,8
update,119088,119123,119126,3,,9
update,119099,119134,119138,4,,10
inbound,119100,119135,119138,3,,11
update,119110,119145,119148,3,,12
update,119121,119157,119160,3,,13
update,119132,119168,119171,3,,14
update,119143,119178,119181,3,,15
update,119154,119190,119194,4,,0
inbound,119155,119191,119195,4,,1
update,119165,119200,119204,4,,2
update,119176,119212,119215,3,,3
update,119187,119223,119226,3,,4
update,119198,119233,119237,4,,5
inbound,119200,119236,119239,3,,6
update,119209,119245,119248,3,,7
inbound,119210,119246,119250,4,,8
update,119220,119256,119258,2,,9
inbound,119225,119260,119263,3,,10
update,119231,119266,119269,3,,11
update,119242,119277,119281,4,,12
update,119253,119289,119292,3,,13
inbound,119265,119300,119303,3,,15
update,119264,119300,119304,4,,14
update,119275,119311,119314,3,,0
update,119286,119321,119324,3,,1
update,119297,119332,119337,5,,2
update,119308,119343,119346,3,,3
update,119319,119355,119360,5,,4
inbound,119320,119355,119360,5,,5
update,119330,119365,119370,5,,6
update,119341,119376,119382,6,,7
update,119352,119388,119392,4,,8
update,119363,119399,119402,3,,9
inbound,119375,119410,119414,4,,11
update,119374,119409,119415,6,,10
update,119385,119421,119424,3,,12
update,119396,119431,119435,4,,13
inbound,119400,119436,119439,3,,14
update,119407,119442,119446,4,,15
update,119418,119453,119457,4,,0
inbound,119425,119461,119465,4,,1
update,119429,119465,119468,3,,2
inbound,119430,119465,119470,5,,3
update,119440,119476,119479,3,,4
update,119451,119486,119489,3,,5
update,119462,119497,119504,7,,6
update,119473,119508,119512,4,,7
update,119484,119520,119523,3,,8
inbound,119485,119521,119524,3,,9
update,119495,119530,119533,3,,10
update,119506,119541,119544,3,,11
update,119517,119553,119555,2,,12
update,119528,119564,119566,2,,13
update,119539,119574,119578,4,,14
inbound,119540,119575,119579,4,,15
update,119550,119585,119588,3,,0
update,119561,119597,119600,3,,1
update,119572,119608,119610,2,,2
update,119583,119619,119622,3,,3
update,119594,119629,119632,3,,4
inbound,119595,119631,119634,3,,5
update,119605,119641,119645,4,,6
update,119616,119651,119654,3,,7
update,119627,119663,119666,3,,8
update,119638,119673,119676,3,,9
update,119649,119685,119688,3,,10
inbound,119650,119686,119689,3,,11
update,119660,119696,119699,3,,12
update,119671,119707,119709,2,,13
update,119682,119718,119720,2,,14
update,119693,119728,119731,3,,15
update,119704,119739,119742,3,,0
inbound,119705,119740,119744,4,,1
update,119715,119751,119754,3,,2
update,119726,119761,119764,3,,3
update,119737,119773,119775,2,,4
update,119748,119783,119786,3,,5
update,119759,119794,119798,4,,6
inbound,119760,119795,119798,3,,7
update,119770,119806,119809,3,,8
update,119781,119816,119819,3,,9
update,119792,119827,119830,3,,10
update,119803,119838,119841,3,,11
update,119814,119849,119853,4,,12
inbound,119815,119850,119853,3,,13
update,119825,119861,119863,2,,14
update,119836,119871,119874,3,,15
update,119847,119882,119885,3,,0
update,119858,119894,119896,2,,1
update,119869,119904,119907,3,,2
update,119880,119916,119919,3,,3
update,119891,119927,119930,3,,4
update,119902,119938,119941,3,,5
update,119913,119948,119951,3,,6
update,119924,119959,119962,3,,7
