kind,scheduled_ms,started_ms,finished_ms,wall_ms,error,writer
update,11,39,74,35,,2
inbound,0,39,98,59,,1
update,33,40,104,64,,5
update,55,73,111,38,,7
update,0,37,113,76,,0
update,22,40,119,79,,3
inbound,25,40,127,87,,4
update,66,73,130,57,,8
update,77,78,132,54,,9
update,143,144,153,9,,0
update,88,90,159,69,,10
update,121,122,166,44,,14
update,99,99,170,71,,11
update,44,73,170,97,,6
update,110,110,170,60,,13
update,154,155,171,16,,1
inbound,100,102,172,70,,12
update,165,166,173,7,,3
inbound,155,156,174,18,,2
update,132,133,179,46,,15
update,176,176,181,5,,4
update,187,188,191,3,,5
update,198,199,203,4,,6
inbound,200,201,208,7,,7
update,209,209,213,4,,8
inbound,210,212,217,5,,9
update,220,221,225,4,,10
inbound,225,227,234,7,,11
update,231,231,235,4,,12
update,242,242,246,4,,13
update,253,253,257,4,,14
update,264,265,269,4,,15
inbound,265,266,274,8,,0
update,275,276,279,3,,1
update,286,287,290,3,,2
update,297,298,301,3,,3
update,308,309,312,3,,4
update,319,320,324,4,,5
inbound,320,322,330,8,,6
update,330,330,334,4,,7
update,341,342,345,3,,8
update,352,353,357,4,,9
update,363,364,367,3,,10
update,374,375,378,3,,11
inbound,375,377,382,5,,12
update,385,386,389,3,,13
update,396,397,400,3,,14
inbound,400,402,407,5,,15
update,407,408,412,4,,0
update,418,419,422,3,,1
inbound,425,427,430,3,,2
update,429,430,434,4,,3
inbound,430,431,436,5,,4
update,440,441,444,3,,5
update,451,452,455,3,,6
update,462,463,466,3,,7
update,473,474,478,4,,8
update,484,484,488,4,,9
inbound,485,487,494,7,,10
update,495,496,499,3,,11
update,506,507,511,4,,12
update,517,517,521,4,,13
update,528,528,531,3,,14
update,539,539,543,4,,15
inbound,540,542,546,4,,0
update,550,551,554,3,,1
update,561,562,565,3,,2
update,572,573,577,4,,3
update,583,584,587,3,,4
update,594,594,599,5,,5
inbound,595,597,602,5,,6
update,605,606,609,3,,7
update,616,617,620,3,,8
update,627,628,631,3,,9
update,638,638,642,4,,10
update,649,650,654,4,,11
inbound,650,652,656,4,,12
update,660,661,664,3,,13
update,671,672,676,4,,14
update,682,683,686,3,,15
update,693,693,697,4,,0
update,704,705,710,5,,1
inbound,705,706,711,5,,2
update,715,716,719,3,,3
update,726,727,730,3,,4
update,737,738,741,3,,5
update,748,749,752,3,,6
update,759,760,763,3,,7
inbound,760,762,767,5,,8
update,770,771,774,3,,9
update,781,782,785,3,,10
update,792,793,796,3,,11
update,803,803,806,3,,12
update,814,815,819,4,,13
inbound,815,817,822,5,,14
update,825,826,829,3,,15
update,836,836,839,3,,0
update,847,848,851,3,,1
update,858,859,862,3,,2
update,869,869,873,4,,3
update,880,881,884,3,,4
update,891,892,895,3,,5
update,902,903,906,3,,6
update,913,914,917,3,,7
update,924,925,928,3,,8
update,1000,1001,1007,6,,9
inbound,1000,1001,1007,6,,10
update,1011,1013,1016,3,,11
update,1022,1024,1027,3,,12
inbound,1025,1027,1034,7,,13
update,1033,1035,1039,4,,14
update,1044,1046,1051,5,,15
update,1055,1057,1060,3,,0
update,1066,1068,1074,6,,1
update,1077,1079,1085,6,,2
update,1088,1090,1096,6,,3
update,1099,1101,1112,11,,4
inbound,1100,1102,1112,10,,5
update,1110,1112,1117,5,,6
update,1121,1123,1128,5,,7
update,1132,1133,1139,6,,8
update,1143,1145,1149,4,,9
update,1154,1155,1160,5,,10
inbound,1155,1157,1162,5,,11
update,1165,1166,1170,4,,12
update,1176,1178,1182,4,,13
update,1187,1189,1195,6,,14
update,1198,1199,1204,5,,15
inbound,1200,1202,1207,5,,0
inbound,1210,1211,1227,16,,2
update,1209,1211,1228,17,,1
update,1220,1222,1228,6,,3
inbound,1225,1226,1231,5,,4
update,1231,1232,1237,5,,5
update,1242,1244,1248,4,,6
update,1253,1254,1258,4,,7
update,1264,1265,1269,4,,8
inbound,1265,1267,1271,4,,9
update,1275,1277,1280,3,,10
update,1286,1288,1291,3,,11
update,1297,1299,1302,3,,12
update,1308,1310,1313,3,,13
update,1319,1321,1326,5,,14
inbound,1320,1322,1328,6,,15
update,1330,1332,1335,3,,0
update,1341,1342,1346,4,,1
update,1352,1353,1357,4,,2
update,1363,1365,1369,4,,3
update,1374,1376,1380,4,,4
inbound,1375,1377,1382,5,,5
update,1385,1387,1391,4,,6
update,1396,1398,1401,3,,7
inbound,1400,1401,1410,9,,8
update,1407,1409,1413,4,,9
update,1418,1419,1425,6,,10
inbound,1425,1427,1430,3,,11
update,1429,1431,1435,4,,12
inbound,1430,1431,1436,5,,13
update,1440,1442,1446,4,,14
update,1451,1452,1456,4,,15
update,1462,1463,1466,3,,0
update,1473,1474,1478,4,,1
update,1484,1486,1492,6,,2
inbound,1485,1487,1496,9,,3
update,1495,1497,1501,4,,4
update,1506,1508,1511,3,,5
update,1517,1519,1523,4,,6
update,1528,1529,1540,11,,7
update,1539,1541,1549,8,,8
inbound,1540,1542,1555,13,,9
update,1550,1553,1560,7,,10
update,1561,1563,1567,4,,11
update,1572,1574,1582,8,,12
update,1583,1585,1591,6,,13
inbound,1595,1596,1602,6,,15
update,1594,1596,1602,6,,14
update,1605,1607,1611,4,,0
update,1616,1617,1622,5,,1
update,1627,1629,1632,3,,2
update,1638,1640,1644,4,,3
inbound,1650,1653,1657,4,,5
update,1649,1651,1657,6,,4
update,1660,1661,1665,4,,6
update,1671,1672,1675,3,,7
update,1682,1684,1689,5,,8
update,1693,1695,1699,4,,9
inbound,1705,1708,1712,4,,11
update,1704,1706,1712,6,,10
update,1715,1717,1719,2,,12
update,1726,1728,1731,3,,13
update,1737,1738,1742,4,,14
update,1748,1750,1753,3,,15
update,1759,1761,1765,4,,0
inbound,1760,1762,1767,5,,1
update,1770,1772,1776,4,,2
update,1781,1782,1786,4,,3
update,1792,1793,1797,4,,4
update,1803,1805,1809,4,,5
update,1814,1816,1820,4,,6
inbound,1815,1816,1821,5,,7
update,1825,1827,1831,4,,8
update,1836,1838,1846,8,,9
update,1847,1849,1855,6,,10
update,1858,1859,1865,6,,11
update,1869,1870,1876,6,,12
update,1880,1882,1885,3,,13
update,1891,1893,1896,3,,14
update,1902,1904,1907,3,,15
update,1913,1915,1920,5,,0
update,1924,1926,1931,5,,1
inbound,2000,2001,2006,5,,3
update,2000,2001,2006,5,,2
update,2011,2013,2017,4,,4
update,2022,2024,2028,4,,5
inbound,2025,2026,2030,4,,6
update,2033,2035,2038,3,,7
update,2044,2046,2049,3,,8
update,2055,2057,2061,4,,9
update,2066,2068,2071,3,,10
update,2077,2079,2081,2,,11
update,2088,2090,2093,3,,12
inbound,2100,2102,2109,7,,14
update,2099,2101,2109,8,,13
update,2110,2112,2115,3,,15
update,2121,2123,2126,3,,0
update,2132,2133,2138,5,,1
update,2143,2144,2148,4,,2
update,2154,2156,2159,3,,3
inbound,2155,2157,2161,4,,4
update,2165,2166,2169,3,,5
update,2176,2178,2181,3,,6
update,2187,2189,2193,4,,7
update,2198,2200,2206,6,,8
inbound,2200,2201,2207,6,,9
update,2209,2211,2215,4,,10
inbound,2210,2212,2219,7,,11
update,2220,2222,2225,3,,12
inbound,2225,2226,2235,9,,13
update,2231,2233,2236,3,,14
update,2242,2244,2248,4,,15
update,2253,2255,2259,4,,0
update,2264,2266,2270,4,,1
inbound,2265,2267,2271,4,,2
update,2275,2277,2280,3,,3
update,2286,2288,2291,3,,4
update,2297,2299,2302,3,,5
update,2308,2310,2313,3,,6
update,2319,2321,2325,4,,7
inbound,2320,2322,2326,4,,8
update,2330,2332,2336,4,,9
update,2341,2343,2345,2,,10
update,2352,2354,2357,3,,11
update,2363,2364,2367,3,,12
update,2374,2376,2379,3,,13
inbound,2375,2377,2381,4,,14
update,2385,2387,2390,3,,15
update,2396,2398,2401,3,,0
inbound,2400,2401,2404,3,,1
update,2407,2409,2412,3,,2
update,2418,2420,2423,3,,3
inbound,2425,2427,2429,2,,4
update,2429,2431,2433,2,,5
inbound,2430,2432,2435,3,,6
update,2440,2441,2444,3,,7
update,2451,2452,2455,3,,8
update,2462,2464,2469,5,,9
update,2473,2474,2478,4,,10
update,2484,2486,2490,4,,11
inbound,2485,2486,2491,5,,12
update,2495,2497,2500,3,,13
update,2506,2508,2511,3,,14
update,2517,2519,2521,2,,15
update,2528,2530,2533,3,,0
update,2539,2541,2545,4,,1
inbound,2540,2542,2546,4,,2
update,2550,2552,2556,4,,3
update,2561,2563,2567,4,,4
update,2572,2574,2578,4,,5
update,2583,2584,2587,3,,6
update,2594,2596,2599,3,,7
inbound,2595,2597,2601,4,,8
update,2605,2607,2610,3,,9
update,2616,2618,2621,3,,10
update,2627,2628,2633,5,,11
update,2638,2640,2643,3,,12
update,2649,2651,2655,4,,13
inbound,2650,2652,2657,5,,14
update,2660,2662,2667,5,,15
update,2671,2673,2676,3,,0
update,2682,2683,2688,5,,1
update,2693,2695,2698,3,,2
update,2704,2705,2709,4,,3
inbound,2705,2707,2710,3,,4
update,2715,2716,2720,4,,5
update,2726,2727,2730,3,,6
update,2737,2738,2741,3,,7
update,2748,2749,2752,3,,8
update,2759,2759,2763,4,,9
inbound,2760,2762,2767,5,,10
update,2770,2771,2774,3,,11
update,2781,2781,2784,3,,12
update,2792,2792,2795,3,,13
update,2803,2803,2807,4,,14
update,2814,2815,2818,3,,15
inbound,2815,2816,2820,4,,0
update,2825,2825,2829,4,,1
update,2836,2836,2841,5,,2
update,2847,2848,2852,4,,3
update,2858,2859,2862,3,,4
update,2869,2870,2873,3,,5
update,2880,2881,2884,3,,6
update,2891,2892,2896,4,,7
update,2902,2903,2907,4,,8
update,2913,2914,2917,3,,9
update,2924,2925,2929,4,,10
update,3000,3001,3011,10,,11
inbound,3000,3005,3019,14,,12
update,3011,3012,3023,11,,13
update,3022,3023,3032,9,,14
inbound,3025,3029,3040,11,,15
update,3033,3034,3043,9,,0
update,3055,3056,3062,6,,2
update,3044,3045,3064,19,,1
update,3066,3067,3079,12,,3
update,3077,3079,3085,6,,4
update,3088,3089,3096,7,,5
update,3099,3099,3111,12,,6
inbound,3100,3105,3114,9,,7
update,3110,3111,3127,16,,8
update,3121,3122,3133,11,,9
update,3132,3133,3144,11,,10
update,3143,3144,3149,5,,11
update,3154,3154,3160,6,,12
inbound,3155,3160,3166,6,,13
update,3165,3166,3171,5,,14
update,3176,3176,3182,6,,15
update,3187,3187,3191,4,,0
update,3198,3199,3202,3,,1
inbound,3200,3206,3209,3,,2
update,3209,3209,3213,4,,3
inbound,3210,3215,3218,3,,4
update,3220,3221,3224,3,,5
inbound,3225,3230,3234,4,,6
update,3231,3232,3235,3,,7
update,3242,3242,3245,3,,8
update,3253,3254,3257,3,,9
update,3264,3265,3268,3,,10
inbound,3265,3270,3273,3,,11
update,3275,3276,3279,3,,12
update,3286,3287,3290,3,,13
update,3297,3298,3301,3,,14
update,3308,3309,3312,3,,15
update,3319,3320,3322,2,,0
inbound,3320,3325,3328,3,,1
update,3330,3331,3334,3,,2
update,3341,3342,3347,5,,3
update,3352,3353,3355,2,,4
update,3363,3364,3366,2,,5
update,3374,3375,3378,3,,6
inbound,3375,3380,3383,3,,7
update,3385,3386,3389,3,,8
update,3396,3397,3400,3,,9
inbound,3400,3405,3408,3,,10
update,3407,3409,3412,3,,11
update,3418,3420,3423,3,,12
inbound,3425,3430,3433,3,,13
update,3429,3431,3434,3,,14
inbound,3430,3434,3437,3,,15
update,3440,3441,3444,3,,0
update,3451,3452,3457,5,,1
update,3462,3463,3467,4,,2
update,3473,3475,3479,4,,3
update,3484,3485,3488,3,,4
inbound,3485,3490,3493,3,,5
update,3495,3496,3499,3,,6
update,3506,3508,3511,3,,7
update,3517,3518,3521,3,,8
update,3528,3530,3533,3,,9
update,3539,3540,3543,3,,10
inbound,3540,3544,3548,4,,11
update,3550,3552,3555,3,,12
update,3561,3563,3568,5,,13
update,3572,3574,3577,3,,14
update,3583,3585,3588,3,,15
update,3594,3595,3598,3,,0
inbound,3595,3600,3604,4,,1
update,3605,3607,3610,3,,2
update,3616,3618,3620,2,,3
update,3627,3629,3632,3,,4
update,3638,3640,3642,2,,5
update,3649,3651,3654,3,,6
inbound,3650,3655,3658,3,,7
update,3660,3665,3669,4,,8
update,3671,3676,3679,3,,9
update,3682,3686,3689,3,,10
update,3693,3699,3702,3,,11
update,3704,3709,3712,3,,12
inbound,3705,3710,3714,4,,13
update,3715,3720,3722,2,,14
update,3726,3731,3733,2,,15
update,3737,3741,3744,3,,0
update,3748,3753,3756,3,,1
update,3759,3764,3767,3,,2
inbound,3760,3766,3769,3,,3
update,3770,3774,3778,4,,4
update,3781,3787,3790,3,,5
update,3792,3798,3801,3,,6
update,3803,3808,3811,3,,7
update,3814,3818,3822,4,,8
inbound,3815,3820,3824,4,,9
update,3825,3830,3834,4,,10
update,3836,3841,3845,4,,11
update,3847,3852,3855,3,,12
update,3858,3863,3866,3,,13
update,3869,3874,3877,3,,14
update,3880,3885,3888,3,,15
update,3891,3895,3899,4,,0
update,3902,3907,3910,3,,1
update,3913,3919,3922,3,,2
update,3924,3930,3933,3,,3
update,4000,4006,4010,4,,4
inbound,4000,4006,4010,4,,5
update,4011,4015,4019,4,,6
update,4022,4028,4031,3,,7
inbound,4025,4030,4033,3,,8
update,4033,4039,4042,3,,9
update,4044,4050,4052,2,,10
update,4055,4060,4063,3,,11
update,4066,4072,4075,3,,12
update,4077,4082,4086,4,,13
update,4088,4093,4096,3,,14
update,4099,4104,4108,4,,15
inbound,4100,4106,4110,4,,0
update,4110,4115,4120,5,,1
update,4121,4125,4129,4,,2
update,4132,4136,4141,5,,3
update,4143,4147,4151,4,,4
inbound,4155,4160,4163,3,,6
update,4154,4160,4164,4,,5
update,4165,4170,4173,3,,7
update,4176,4182,4185,3,,8
update,4187,4193,4197,4,,9
update,4198,4203,4207,4,,10
inbound,4200,4204,4209,5,,11
update,4209,4213,4217,4,,12
inbound,4210,4216,4219,3,,13
update,4220,4225,4230,5,,14
inbound,4225,4229,4233,4,,15
update,4231,4236,4239,3,,0
update,4242,4247,4250,3,,1
update,4253,4258,4261,3,,2
inbound,4265,4270,4274,4,,4
update,4264,4270,4274,4,,3
update,4275,4280,4284,4,,5
update,4286,4291,4294,3,,6
update,4297,4303,4307,4,,7
update,4308,4313,4316,3,,8
update,4319,4323,4327,4,,9
inbound,4320,4324,4328,4,,10
update,4330,4335,4340,5,,11
update,4341,4346,4349,3,,12
update,4352,4357,4360,3,,13
update,4363,4367,4370,3,,14
update,4374,4380,4384,4,,15
inbound,4375,4380,4385,5,,0
update,4385,4389,4392,3,,1
update,4396,4401,4404,3,,2
inbound,4400,4404,4407,3,,3
update,4407,4413,4416,3,,4
update,4418,4423,4426,3,,5
inbound,4425,4431,4435,4,,6
update,4429,4433,4438,5,,7
inbound,4430,4435,4439,4,,8
update,4440,4445,4451,6,,9
update,4451,4457,4460,3,,10
update,4462,4466,4470,4,,11
update,4473,4478,4481,3,,12
update,4484,4490,4493,3,,13
inbound,4485,4491,4495,4,,14
update,4495,4499,4502,3,,15
update,4506,4510,4513,3,,0
update,4517,4523,4526,3,,1
update,4528,4534,4537,3,,2
update,4539,4545,4549,4,,3
inbound,4540,4546,4550,4,,4
update,4550,4555,4558,3,,5
update,4561,4566,4570,4,,6
update,4572,4577,4581,4,,7
update,4583,4589,4591,2,,8
update,4594,4599,4603,4,,9
inbound,4595,4599,4605,6,,10
update,4605,4611,4614,3,,11
update,4616,4622,4625,3,,12
update,4627,4633,4635,2,,13
update,4638,4643,4645,2,,14
update,4649,4654,4658,4,,15
inbound,4650,4655,4659,4,,0
update,4660,4665,4668,3,,1
update,4671,4676,4679,3,,2
update,4682,4687,4690,3,,3
update,4693,4697,4700,3,,4
update,4704,4710,4713,3,,5
inbound,4705,4711,4715,4,,6
update,4715,4719,4722,3,,7
update,4726,4731,4735,4,,8
update,4737,4742,4745,3,,9
update,4748,4754,4757,3,,10
update,4759,4765,4768,3,,11
inbound,4760,4765,4769,4,,12
update,4770,4776,4779,3,,13
update,4781,4786,4789,3,,14
update,4792,4797,4800,3,,15
update,4803,4809,4812,3,,0
inbound,4815,4820,4823,3,,2
update,4814,4820,4824,4,,1
update,4825,4831,4834,3,,3
update,4836,4841,4844,3,,4
update,4847,4852,4855,3,,5
update,4858,4863,4866,3,,6
update,4869,4875,4878,3,,7
update,4880,4886,4890,4,,8
update,4891,4895,4899,4,,9
update,4902,4908,4911,3,,10
update,4913,4919,4921,2,,11
update,4924,4930,4932,2,,12
update,5000,5005,5008,3,,13
inbound,5000,5008,5012,4,,14
update,5011,5017,5020,3,,15
update,5022,5028,5031,3,,0
inbound,5025,5034,5037,3,,1
update,5033,5038,5040,2,,2
update,5044,5050,5052,2,,3
update,5055,5059,5062,3,,4
update,5066,5071,5074,3,,5
update,5077,5083,5086,3,,6
update,5088,5094,5097,3,,7
update,5099,5105,5108,3,,8
inbound,5100,5108,5112,4,,9
update,5110,5116,5119,3,,10
update,5121,5127,5130,3,,11
update,5132,5138,5141,3,,12
update,5143,5148,5152,4,,13
update,5154,5159,5162,3,,14
inbound,5155,5162,5165,3,,15
update,5165,5170,5173,3,,0
update,5176,5181,5184,3,,1
update,5187,5192,5195,3,,2
update,5198,5203,5206,3,,3
inbound,5200,5208,5211,3,,4
update,5209,5214,5216,2,,5
inbound,5210,5218,5223,5,,6
update,5220,5226,5228,2,,7
inbound,5225,5233,5237,4,,8
update,5231,5235,5238,3,,9
update,5242,5246,5250,4,,10
update,5253,5259,5262,3,,11
update,5264,5270,5273,3,,12
inbound,5265,5273,5276,3,,13
update,5275,5279,5283,4,,14
update,5286,5292,5295,3,,15
update,5297,5302,5306,4,,0
update,5308,5314,5317,3,,1
update,5319,5324,5328,4,,2
inbound,5320,5328,5333,5,,3
update,5330,5336,5341,5,,4
update,5341,5347,5350,3,,5
update,5352,5358,5362,4,,6
update,5363,5369,5371,2,,7
update,5374,5379,5382,3,,8
inbound,5375,5382,5386,4,,9
update,5385,5390,5394,4,,10
update,5396,5401,5406,5,,11
inbound,5400,5408,5412,4,,12
update,5407,5412,5415,3,,13
update,5418,5423,5430,7,,14
update,5429,5434,5440,6,,0
inbound,5425,5433,5440,7,,15
inbound,5430,5439,5445,6,,1
update,5440,5444,5449,5,,2
update,5451,5457,5462,5,,3
update,5462,5468,5472,4,,4
update,5473,5479,5482,3,,5
update,5484,5490,5493,3,,6
inbound,5485,5493,5496,3,,7
update,5495,5500,5503,3,,8
update,5506,5512,5515,3,,9
update,5517,5521,5525,4,,10
update,5528,5533,5536,3,,11
update,5539,5544,5547,3,,12
inbound,5540,5548,5552,4,,13
update,5550,5555,5558,3,,14
update,5561,5566,5569,3,,15
update,5572,5577,5580,3,,0
update,5583,5589,5592,3,,1
update,5594,5599,5602,3,,2
inbound,5595,5602,5605,3,,3
update,5605,5611,5614,3,,4
update,5616,5621,5624,3,,5
update,5627,5633,5636,3,,6
update,5638,5644,5647,3,,7
update,5649,5654,5658,4,,8
inbound,5650,5659,5664,5,,9
update,5660,5665,5668,3,,10
update,5671,5676,5680,4,,11
update,5682,5687,5691,4,,12
update,5693,5699,5702,3,,13
update,5704,5710,5713,3,,14
inbound,5705,5713,5716,3,,15
update,5715,5721,5724,3,,0
update,5726,5732,5736,4,,1
update,5737,5743,5746,3,,2
update,5748,5754,5757,3,,3
update,5759,5765,5768,3,,4
inbound,5760,5768,5774,6,,5
update,5770,5776,5779,3,,6
update,5781,5787,5790,3,,7
update,5792,5797,5800,3,,8
update,5803,5809,5812,3,,9
update,5814,5819,5823,4,,10
inbound,5815,5822,5825,3,,11
update,5825,5831,5834,3,,12
update,5836,5842,5845,3,,13
update,5847,5852,5855,3,,14
update,5858,5864,5867,3,,15
update,5869,5874,5877,3,,0
update,5880,5885,5888,3,,1
update,5891,5895,5898,3,,2
update,5902,5908,5911,3,,3
update,5913,5920,5923,3,,4
update,5924,5932,5935,3,,5
update,6000,6008,6012,4,,6
inbound,6000,6008,6012,4,,7
update,6011,6019,6022,3,,8
update,6022,6030,6033,3,,9
inbound,6025,6033,6036,3,,10
update,6033,6041,6044,3,,11
update,6044,6052,6055,3,,12
update,6055,6064,6067,3,,13
update,6066,6074,6077,3,,14
update,6077,6085,6088,3,,15
update,6088,6097,6101,4,,0
update,6099,6107,6111,4,,1
inbound,6100,6108,6112,4,,2
update,6110,6118,6121,3,,3
update,6121,6130,6133,3,,4
update,6132,6140,6142,2,,5
update,6143,6152,6156,4,,6
inbound,6155,6163,6167,4,,8
update,6154,6163,6168,5,,7
update,6165,6173,6176,3,,9
update,6176,6184,6188,4,,10
update,6187,6196,6198,2,,11
update,6198,6206,6209,3,,12
inbound,6200,6208,6211,3,,13
update,6209,6218,6221,3,,14
inbound,6210,6218,6222,4,,15
update,6220,6227,6230,3,,0
inbound,6225,6234,6237,3,,1
update,6231,6238,6241,3,,2
update,6242,6251,6254,3,,3
update,6253,6262,6265,3,,4
inbound,6265,6273,6277,4,,6
update,6264,6273,6277,4,,5
update,6275,6284,6287,3,,7
update,6286,6295,6298,3,,8
update,6297,6306,6309,3,,9
update,6308,6316,6319,3,,10
inbound,6320,6328,6335,7,,12
update,6319,6328,6335,7,,11
update,6330,6338,6341,3,,13
update,6341,6348,6351,3,,14
update,6352,6360,6363,3,,15
update,6363,6370,6373,3,,0
update,6374,6382,6386,4,,1
inbound,6375,6384,6387,3,,2
update,6385,6393,6396,3,,3
update,6396,6404,6406,2,,4
inbound,6400,6409,6412,3,,5
update,6407,6416,6419,3,,6
update,6418,6426,6429,3,,7
inbound,6425,6433,6435,2,,8
update,6429,6437,6440,3,,9
inbound,6430,6439,6443,4,,10
update,6440,6448,6451,3,,11
update,6451,6459,6462,3,,12
update,6462,6470,6473,3,,13
update,6473,6480,6484,4,,14
update,6484,6491,6495,4,,15
inbound,6485,6493,6496,3,,0
update,6495,6504,6508,4,,1
update,6506,6515,6518,3,,2
update,6517,6525,6529,4,,3
update,6528,6537,6544,7,,4
update,6539,6547,6553,6,,5
inbound,6540,6549,6554,5,,6
update,6550,6559,6563,4,,7
update,6561,6569,6573,4,,8
update,6572,6580,6584,4,,9
update,6583,6590,6593,3,,10
update,6594,6602,6607,5,,11
inbound,6595,6603,6610,7,,12
update,6605,6613,6617,4,,13
update,6616,6624,6633,9,,14
update,6627,6635,6640,5,,15
update,6638,6645,6655,10,,0
inbound,6650,6659,6666,7,,2
update,6649,6657,6668,11,,1
update,6660,6667,6676,9,,3
update,6671,6680,6691,11,,4
update,6682,6691,6695,4,,5
update,6693,6700,6705,5,,6
update,6704,6713,6716,3,,7
inbound,6705,6714,6718,4,,8
update,6715,6723,6726,3,,9
update,6726,6734,6736,2,,10
update,6737,6745,6748,3,,11
update,6748,6756,6759,3,,12
inbound,6760,6768,6770,2,,14
update,6759,6768,6773,5,,13
update,6770,6778,6781,3,,15
update,6781,6789,6793,4,,0
update,6792,6801,6804,3,,1
update,6803,6811,6814,3,,2
update,6814,6823,6826,3,,3
inbound,6815,6824,6827,3,,4
update,6825,6833,6836,3,,5
update,6836,6845,6849,4,,6
update,6847,6855,6858,3,,7
update,6858,6867,6869,2,,8
update,6869,6877,6880,3,,9
update,6880,6888,6892,4,,10
update,6891,6899,6906,7,,11
update,6902,6911,6918,7,,12
update,6913,6921,6931,10,,13
update,6924,6932,6937,5,,14
inbound,7000,7008,7012,4,,0
update,7000,7007,7012,5,,15
update,7011,7018,7023,5,,1
update,7022,7030,7034,4,,2
inbound,7025,7034,7037,3,,3
update,7033,7041,7044,3,,4
update,7044,7053,7056,3,,5
update,7055,7063,7066,3,,6
update,7066,7075,7079,4,,7
update,7077,7084,7087,3,,8
update,7088,7096,7099,3,,9
inbound,7100,7108,7111,3,,11
update,7099,7108,7112,4,,10
update,7110,7119,7122,3,,12
update,7121,7129,7132,3,,13
update,7132,7141,7144,3,,14
update,7143,7151,7156,5,,15
inbound,7155,7163,7167,4,,1
update,7154,7162,7168,6,,0
update,7165,7174,7177,3,,2
update,7176,7183,7186,3,,3
update,7187,7195,7199,4,,4
update,7198,7207,7210,3,,5
inbound,7200,7209,7212,3,,6
update,7209,7218,7222,4,,7
inbound,7210,7219,7223,4,,8
update,7220,7229,7232,3,,9
inbound,7225,7232,7235,3,,10
update,7231,7239,7242,3,,11
update,7242,7249,7253,4,,12
update,7253,7262,7264,2,,13
update,7264,7272,7275,3,,14
inbound,7265,7273,7276,3,,15
update,7275,7283,7286,3,,0
update,7286,7295,7298,3,,1
update,7297,7306,7321,15,,2
update,7308,7317,7321,4,,3
update,7319,7326,7329,3,,4
inbound,7320,7329,7332,3,,5
update,7330,7337,7341,4,,6
update,7341,7350,7353,3,,7
update,7352,7360,7364,4,,8
update,7363,7371,7374,3,,9
update,7374,7382,7386,4,,10
inbound,7375,7382,7386,4,,11
update,7385,7393,7396,3,,12
update,7396,7404,7407,3,,13
inbound,7400,7408,7412,4,,14
update,7407,7415,7418,3,,15
update,7418,7427,7430,3,,0
inbound,7425,7434,7437,3,,1
update,7429,7438,7442,4,,2
inbound,7430,7438,7442,4,,3
update,7440,7449,7452,3,,4
update,7451,7460,7463,3,,5
update,7462,7470,7474,4,,6
update,7473,7480,7483,3,,7
update,7484,7493,7497,4,,8
inbound,7485,7494,7499,5,,9
update,7495,7503,7507,4,,10
update,7506,7514,7518,4,,11
update,7517,7526,7530,4,,12
update,7528,7537,7540,3,,13
update,7539,7548,7552,4,,14
inbound,7540,7549,7554,5,,15
update,7550,7558,7561,3,,0
update,7561,7570,7574,4,,1
update,7572,7580,7583,3,,2
update,7583,7591,7594,3,,3
update,7594,7603,7607,4,,4
inbound,7595,7604,7608,4,,5
update,7605,7614,7617,3,,6
update,7616,7624,7628,4,,7
update,7627,7636,7639,3,,8
update,7638,7646,7650,4,,9
update,7649,7658,7662,4,,10
inbound,7650,7658,7662,4,,11
update,7660,7668,7671,3,,12
update,7671,7680,7684,4,,13
update,7682,7690,7693,3,,14
update,7693,7701,7704,3,,15
update,7704,7712,7716,4,,0
inbound,7705,7712,7717,5,,1
update,7715,7724,7728,4,,2
update,7726,7734,7737,3,,3
update,7737,7745,7748,3,,4
update,7748,7756,7759,3,,5
update,7759,7768,7771,3,,6
inbound,7760,7768,7771,3,,7
update,7770,7779,7782,3,,8
update,7781,7790,7793,3,,9
update,7792,7800,7803,3,,10
update,7803,7812,7814,2,,11
update,7814,7823,7826,3,,12
inbound,7815,7823,7827,4,,13
update,7825,7834,7836,2,,14
update,7836,7844,7847,3,,15
update,7847,7854,7857,3,,0
update,7858,7865,7868,3,,1
update,7869,7876,7880,4,,2
update,7880,7888,7891,3,,3
update,7891,7899,7902,3,,4
update,7902,7911,7913,2,,5
update,7913,7921,7924,3,,6
update,7924,7932,7935,3,,7
inbound,8000,8008,8011,3,,9
update,8000,8008,8011,3,,8
update,8011,8019,8022,3,,10
update,8022,8030,8033,3,,11
inbound,8025,8033,8036,3,,12
update,8033,8041,8044,3,,13
update,8044,8053,8056,3,,14
update,8055,8064,8067,3,,15
update,8066,8073,8077,4,,0
update,8077,8085,8088,3,,1
update,8088,8096,8099,3,,2
inbound,8100,8108,8111,3,,4
update,8099,8107,8111,4,,3
update,8110,8118,8121,3,,5
update,8121,8130,8134,4,,6
update,8132,8140,8143,3,,7
update,8143,8151,8153,2,,8
update,8154,8163,8169,6,,9
inbound,8155,8165,8170,5,,10
update,8165,8173,8177,4,,11
update,8176,8185,8188,3,,12
update,8187,8196,8200,4,,13
update,8198,8206,8209,3,,14
inbound,8200,8208,8211,3,,15
update,8209,8218,8221,3,,0
inbound,8210,8219,8224,5,,1
update,8220,8229,8233,4,,2
inbound,8225,8232,8237,5,,3
update,8231,8240,8245,5,,4
update,8242,8251,8254,3,,5
update,8253,8261,8265,4,,6
update,8264,8272,8275,3,,7
inbound,8265,8273,8278,5,,8
update,8275,8283,8286,3,,9
update,8286,8295,8298,3,,10
update,8297,8305,8312,7,,11
update,8308,8317,8320,3,,12
update,8319,8327,8330,3,,13
inbound,8320,8328,8332,4,,14
update,8330,8338,8342,4,,15
update,8341,8349,8352,3,,0
update,8352,8361,8365,4,,1
update,8363,8371,8375,4,,2
update,8374,8382,8387,5,,3
inbound,8375,8384,8389,5,,4
update,8385,8393,8397,4,,5
update,8396,8403,8406,3,,6
inbound,8400,8409,8413,4,,7
update,8407,8414,8419,5,,8
update,8418,8426,8431,5,,9
inbound,8425,8433,8442,9,,10
update,8429,8437,8443,6,,11
inbound,8430,8439,8446,7,,12
update,8440,8448,8452,4,,13
update,8451,8460,8463,3,,14
update,8462,8470,8473,3,,15
update,8473,8481,8484,3,,0
update,8484,8493,8497,4,,1
inbound,8485,8494,8499,5,,2
update,8495,8502,8507,5,,3
update,8506,8514,8518,4,,4
update,8517,8524,8529,5,,5
update,8528,8537,8543,6,,6
update,8539,8547,8552,5,,7
inbound,8540,8549,8553,4,,8
update,8550,8558,8561,3,,9
update,8561,8570,8574,4,,10
update,8572,8581,8584,3,,11
update,8583,8591,8594,3,,12
update,8594,8602,8606,4,,13
inbound,8595,8604,8608,4,,14
update,8605,8613,8616,3,,15
update,8616,8624,8627,3,,0
update,8627,8635,8640,5,,1
update,8638,8647,8650,3,,2
update,8649,8656,8661,5,,3
inbound,8650,8658,8662,4,,4
update,8660,8667,8671,4,,5
update,8671,8680,8683,3,,6
update,8682,8690,8693,3,,7
update,8693,8701,8705,4,,8
update,8704,8713,8717,4,,9
inbound,8705,8713,8718,5,,10
update,8715,8724,8728,4,,11
update,8726,8734,8738,4,,12
update,8737,8746,8750,4,,13
update,8748,8756,8759,3,,14
inbound,8760,8768,8771,3,,0
update,8759,8768,8772,4,,15
update,8770,8779,8783,4,,1
update,8781,8789,8793,4,,2
update,8792,8801,8803,2,,3
update,8803,8810,8814,4,,4
update,8814,8822,8826,4,,5
inbound,8815,8824,8827,3,,6
update,8825,8832,8835,3,,7
update,8836,8844,8847,3,,8
update,8847,8856,8861,5,,9
update,8858,8865,8869,4,,10
update,8869,8877,8881,4,,11
update,8880,8889,8893,4,,12
update,8891,8900,8903,3,,13
update,8902,8911,8914,3,,14
update,8913,8921,8924,3,,15
update,8924,8933,8937,4,,0
update,9000,9009,9013,4,,1
inbound,9000,9009,9013,4,,2
update,9011,9020,9023,3,,3
update,9022,9031,9034,3,,4
inbound,9025,9034,9038,4,,5
update,9033,9042,9045,3,,6
update,9044,9052,9056,4,,7
update,9055,9064,9067,3,,8
update,9066,9074,9080,6,,9
update,9077,9086,9089,3,,10
update,9088,9097,9100,3,,11
update,9099,9107,9111,4,,12
inbound,9100,9109,9113,4,,13
update,9110,9117,9120,3,,14
update,9121,9128,9132,4,,15
update,9132,9141,9145,4,,0
update,9143,9152,9155,3,,1
update,9154,9162,9168,6,,2
inbound,9155,9164,9170,6,,3
update,9165,9174,9177,3,,4
update,9176,9183,9187,4,,5
update,9187,9194,9197,3,,6
update,9198,9206,9210,4,,7
inbound,9200,9208,9211,3,,8
update,9209,9217,9221,4,,9
inbound,9210,9218,9222,4,,10
update,9220,9228,9231,3,,11
inbound,9225,9233,9236,3,,12
update,9231,9239,9243,4,,13
update,9242,9251,9254,3,,14
update,9253,9262,9265,3,,15
update,9264,9273,9277,4,,0
inbound,9265,9273,9277,4,,1
update,9275,9283,9287,4,,2
update,9286,9295,9300,5,,3
update,9297,9305,9308,3,,4
update,9308,9316,9320,4,,5
update,9319,9328,9332,4,,6
inbound,9320,9328,9332,4,,7
update,9330,9339,9342,3,,8
update,9341,9350,9353,3,,9
update,9352,9360,9363,3,,10
update,9363,9371,9375,4,,11
update,9374,9383,9387,4,,12
inbound,9375,9384,9387,3,,13
update,9385,9394,9397,3,,14
update,9396,9405,9409,4,,15
inbound,9400,9409,9412,3,,0
update,9407,9414,9417,3,,1
update,9418,9427,9430,3,,2
inbound,9425,9434,9437,3,,3
update,9429,9438,9441,3,,4
inbound,9430,9439,9442,3,,5
update,9440,9447,9450,3,,6
update,9451,9460,9463,3,,7
update,9462,9471,9474,3,,8
update,9473,9481,9484,3,,9
update,9484,9492,9496,4,,10
inbound,9485,9493,9497,4,,11
update,9495,9503,9507,4,,12
update,9506,9515,9520,5,,13
update,9517,9525,9529,4,,14
update,9528,9537,9540,3,,15
update,9539,9548,9552,4,,0
inbound,9540,9548,9552,4,,1
update,9550,9559,9563,4,,2
update,9561,9570,9573,3,,3
update,9572,9581,9584,3,,4
update,9583,9590,9594,4,,5
update,9594,9602,9606,4,,6
inbound,9595,9604,9607,3,,7
update,9605,9613,9616,3,,8
update,9616,9624,9630,6,,9
update,9627,9636,9642,6,,10
update,9638,9647,9651,4,,11
inbound,9650,9659,9662,3,,13
update,9649,9657,9663,6,,12
update,9660,9668,9672,4,,14
update,9671,9679,9683,4,,15
update,9682,9691,9694,3,,0
update,9693,9702,9705,3,,1
update,9704,9713,9717,4,,2
inbound,9705,9714,9717,3,,3
update,9715,9722,9725,3,,4
update,9726,9735,9739,4,,5
update,9737,9746,9750,4,,6
update,9748,9757,9760,3,,7
update,9759,9767,9780,13,,8
inbound,9760,9770,9781,11,,9
update,9770,9779,9783,4,,10
update,9781,9790,9793,3,,11
update,9792,9801,9805,4,,12
update,9803,9812,9816,4,,13
update,9814,9821,9825,4,,14
inbound,9815,9823,9826,3,,15
update,9825,9833,9837,4,,0
update,9836,9844,9849,5,,1
update,9847,9855,9859,4,,2
update,9858,9867,9870,3,,3
update,9869,9878,9881,3,,4
update,9880,9888,9892,4,,5
update,9891,9899,9903,4,,6
update,9902,9911,9914,3,,7
update,9913,9921,9925,4,,8
update,9924,9932,9935,3,,9
inbound,10000,10009,10013,4,,11
update,10000,10009,10013,4,,10
update,10011,10019,10023,4,,12
update,10022,10031,10035,4,,13
inbound,10025,10034,10037,3,,14
update,10033,10041,10045,4,,15
update,10044,10053,10056,3,,0
update,10055,10063,10066,3,,1
update,10066,10074,10078,4,,2
update,10077,10085,10089,4,,3
update,10088,10096,10099,3,,4
update,10099,10107,10111,4,,5
inbound,10100,10107,10112,5,,6
update,10110,10118,10121,3,,7
update,10121,10130,10134,4,,8
update,10132,10141,10145,4,,9
update,10143,10150,10154,4,,10
update,10154,10163,10167,4,,11
inbound,10155,10163,10167,4,,12
update,10165,10174,10181,7,,13
update,10176,10185,10188,3,,14
update,10187,10195,10199,4,,15
update,10198,10206,10211,5,,0
inbound,10200,10208,10211,3,,1
update,10209,10217,10222,5,,2
inbound,10210,10217,10222,5,,3
update,10220,10229,10232,3,,4
inbound,10225,10233,10237,4,,5
update,10231,10240,10244,4,,6
update,10242,10250,10254,4,,7
update,10253,10262,10266,4,,8
inbound,10265,10273,10278,5,,10
update,10264,10273,10278,5,,9
update,10275,10284,10294,10,,11
update,10286,10294,10298,4,,12
update,10297,10306,10310,4,,13
update,10308,10317,10322,5,,14
inbound,10320,10328,10334,6,,0
update,10319,10328,10336,8,,15
update,10330,10338,10342,4,,1
update,10341,10350,10354,4,,2
update,10352,10360,10365,5,,3
update,10363,10372,10376,4,,4
update,10374,10382,10386,4,,5
inbound,10375,10383,10388,5,,6
update,10385,10394,10397,3,,7
update,10396,10405,10409,4,,8
inbound,10400,10408,10412,4,,9
update,10407,10416,10421,5,,10
update,10418,10427,10430,3,,11
inbound,10425,10434,10442,8,,12
inbound,10430,10439,10442,3,,14
update,10429,10436,10442,6,,13
update,10440,10449,10453,4,,15
update,10451,10459,10462,3,,0
update,10462,10470,10473,3,,1
update,10473,10482,10486,4,,2
update,10484,10493,10496,3,,3
inbound,10485,10495,10501,6,,4
update,10495,10502,10507,5,,5
update,10506,10514,10518,4,,6
update,10517,10526,10530,4,,7
update,10528,10536,10539,3,,8
update,10539,10548,10553,5,,9
inbound,10540,10548,10554,6,,10
update,10550,10558,10562,4,,11
update,10561,10570,10574,4,,12
update,10572,10581,10585,4,,13
update,10583,10592,10595,3,,14
inbound,10595,10603,10606,3,,0
update,10594,10603,10608,5,,15
update,10605,10612,10617,5,,1
update,10616,10624,10628,4,,2
update,10627,10636,10640,4,,3
update,10638,10647,10652,5,,4
inbound,10650,10658,10664,6,,6
update,10649,10658,10665,7,,5
update,10660,10669,10673,4,,7
update,10671,10680,10684,4,,8
update,10682,10691,10695,4,,9
update,10693,10702,10706,4,,10
update,10704,10713,10717,4,,11
inbound,10705,10715,10721,6,,12
update,10715,10724,10727,3,,13
update,10726,10734,10738,4,,14
update,10737,10746,10751,5,,15
update,10748,10757,10761,4,,0
inbound,10760,10768,10771,3,,2
update,10759,10768,10773,5,,1
update,10770,10778,10782,4,,3
update,10781,10789,10793,4,,4
update,10792,10801,10804,3,,5
update,10803,10812,10816,4,,6
inbound,10815,10823,10826,3,,8
update,10814,10823,10828,5,,7
update,10825,10834,10837,3,,9
update,10836,10845,10849,4,,10
update,10847,10856,10860,4,,11
update,10858,10865,10869,4,,12
update,10869,10876,10880,4,,13
update,10880,10889,10892,3,,14
update,10891,10899,10902,3,,15
update,10902,10911,10914,3,,0
update,10913,10921,10924,3,,1
update,10924,10932,10936,4,,2
update,11000,11007,11011,4,,3
inbound,11000,11007,11011,4,,4
update,11011,11020,11023,3,,5
update,11022,11030,11033,3,,6
inbound,11025,11033,11038,5,,7
update,11033,11041,11045,4,,8
update,11044,11052,11055,3,,9
update,11055,11064,11067,3,,10
update,11066,11074,11077,3,,11
update,11077,11086,11089,3,,12
update,11088,11097,11100,3,,13
update,11099,11106,11111,5,,14
inbound,11100,11108,11112,4,,15
update,11110,11119,11122,3,,0
update,11121,11129,11134,5,,1
update,11132,11140,11145,5,,2
update,11143,11151,11156,5,,3
inbound,11155,11163,11169,6,,5
update,11154,11163,11171,8,,4
update,11165,11174,11177,3,,6
update,11176,11184,11190,6,,7
update,11187,11195,11199,4,,8
update,11198,11205,11210,5,,9
inbound,11200,11208,11212,4,,10
update,11209,11218,11222,4,,11
inbound,11210,11219,11224,5,,12
update,11220,11227,11231,4,,13
inbound,11225,11234,11237,3,,14
update,11231,11240,11243,3,,15
update,11242,11250,11254,4,,0
update,11253,11262,11265,3,,1
update,11264,11273,11277,4,,2
inbound,11265,11273,11277,4,,3
update,11275,11284,11288,4,,4
update,11286,11295,11299,4,,5
update,11297,11306,11309,3,,6
update,11308,11316,11320,4,,7
inbound,11320,11328,11332,4,,9
update,11319,11328,11334,6,,8
update,11330,11339,11343,4,,10
update,11341,11350,11354,4,,11
update,11352,11361,11367,6,,12
update,11363,11372,11377,5,,13
update,11374,11383,11387,4,,14
inbound,11375,11384,11389,5,,15
update,11385,11394,11397,3,,0
update,11396,11405,11412,7,,1
inbound,11400,11409,11413,4,,2
update,11407,11416,11419,3,,3
update,11418,11427,11430,3,,4
inbound,11425,11433,11437,4,,5
update,11429,11438,11441,3,,6
inbound,11430,11439,11442,3,,7
update,11440,11449,11452,3,,8
update,11451,11460,11463,3,,9
update,11462,11471,11474,3,,10
update,11473,11482,11485,3,,11
inbound,11485,11493,11498,5,,13
update,11484,11493,11498,5,,12
update,11495,11503,11507,4,,14
update,11506,11513,11517,4,,15
update,11517,11525,11528,3,,0
update,11528,11537,11540,3,,1
update,11539,11546,11549,3,,2
inbound,11540,11549,11553,4,,3
update,11550,11559,11562,3,,4
update,11561,11570,11573,3,,5
update,11572,11580,11586,6,,6
update,11583,11592,11597,5,,7
inbound,11595,11603,11609,6,,9
update,11594,11603,11609,6,,8
update,11605,11613,11616,3,,10
update,11616,11624,11628,4,,11
update,11627,11636,11639,3,,12
update,11638,11647,11650,3,,13
update,11649,11657,11660,3,,14
inbound,11650,11659,11662,3,,15
update,11660,11669,11672,3,,0
update,11671,11680,11683,3,,1
update,11682,11691,11694,3,,2
update,11693,11701,11705,4,,3
inbound,11705,11713,11717,4,,5
update,11704,11713,11717,4,,4
update,11715,11724,11728,4,,6
update,11726,11734,11738,4,,7
update,11737,11745,11749,4,,8
update,11748,11756,11759,3,,9
inbound,11760,11767,11770,3,,11
update,11759,11767,11772,5,,10
update,11770,11778,11781,3,,12
update,11781,11789,11792,3,,13
update,11792,11801,11804,3,,14
update,11803,11811,11815,4,,15
inbound,11815,11824,11826,2,,1
update,11814,11823,11827,4,,0
update,11825,11834,11838,4,,2
update,11836,11845,11848,3,,3
update,11847,11854,11858,4,,4
update,11858,11865,11869,4,,5
update,11869,11878,11881,3,,6
update,11880,11888,11892,4,,7
update,11891,11899,11902,3,,8
update,11902,11910,11914,4,,9
update,11913,11922,11926,4,,10
update,11924,11931,11937,6,,11
update,12000,12009,12012,3,,12
inbound,12000,12009,12015,6,,13
update,12011,12020,12022,2,,14
update,12022,12031,12034,3,,15
inbound,12025,12033,12037,4,,0
update,12033,12042,12045,3,,1
update,12044,12051,12055,4,,2
update,12055,12064,12067,3,,3
update,12066,12075,12078,3,,4
update,12077,12086,12089,3,,5
update,12088,12097,12101,4,,6
update,12099,12107,12112,5,,7
inbound,12100,12108,12122,14,,8
update,12110,12117,12123,6,,9
update,12121,12128,12132,4,,10
update,12132,12141,12144,3,,11
update,12143,12152,12155,3,,12
update,12154,12163,12166,3,,13
inbound,12155,12164,12167,3,,14
update,12165,12174,12177,3,,15
update,12176,12185,12189,4,,0
update,12187,12194,12198,4,,1
update,12198,12206,12209,3,,2
inbound,12200,12208,12211,3,,3
update,12209,12216,12221,5,,4
inbound,12210,12219,12223,4,,5
update,12220,12228,12232,4,,6
inbound,12225,12233,12237,4,,7
update,12231,12240,12246,6,,8
update,12242,12250,12260,10,,9
update,12253,12261,12265,4,,10
inbound,12265,12273,12278,5,,12
update,12264,12273,12279,6,,11
update,12275,12284,12288,4,,13
update,12286,12295,12301,6,,14
update,12297,12306,12310,4,,15
update,12308,12316,12320,4,,0
update,12319,12328,12332,4,,1
inbound,12320,12328,12333,5,,2
update,12330,12339,12342,3,,3
update,12341,12350,12354,4,,4
update,12352,12361,12364,3,,5
update,12363,12372,12375,3,,6
update,12374,12381,12385,4,,7
inbound,12375,12384,12388,4,,8
update,12385,12394,12398,4,,9
update,12396,12404,12407,3,,10
inbound,12400,12409,12412,3,,11
update,12407,12416,12419,3,,12
update,12418,12427,12431,4,,13
inbound,12425,12433,12437,4,,14
update,12429,12438,12442,4,,15
inbound,12430,12438,12443,5,,0
update,12440,12448,12451,3,,1
update,12451,12459,12462,3,,2
update,12462,12471,12475,4,,3
update,12473,12481,12485,4,,4
update,12484,12492,12496,4,,5
inbound,12485,12493,12497,4,,6
update,12495,12504,12508,4,,7
update,12506,12515,12519,4,,8
update,12517,12525,12528,3,,9
update,12528,12536,12540,4,,10
update,12539,12548,12552,4,,11
inbound,12540,12549,12553,4,,12
update,12550,12559,12562,3,,13
update,12561,12569,12572,3,,14
update,12572,12581,12584,3,,15
update,12583,12592,12595,3,,0
update,12594,12603,12607,4,,1
inbound,12595,12604,12608,4,,2
update,12605,12612,12616,4,,3
update,12616,12625,12628,3,,4
update,12627,12636,12639,3,,5
update,12638,12647,12650,3,,6
update,12649,12657,12661,4,,7
inbound,12650,12658,12662,4,,8
update,12660,12668,12673,5,,9
update,12671,12680,12684,4,,10
update,12682,12691,12695,4,,11
update,12693,12702,12706,4,,12
inbound,12705,12713,12723,10,,14
update,12704,12713,12723,10,,13
update,12715,12724,12728,4,,15
update,12726,12735,12738,3,,0
update,12737,12744,12748,4,,1
update,12748,12756,12760,4,,2
inbound,12760,12769,12772,3,,4
update,12759,12768,12772,4,,3
update,12770,12778,12781,3,,5
update,12781,12790,12794,4,,6
update,12792,12800,12805,5,,7
update,12803,12812,12818,6,,8
update,12814,12823,12827,4,,9
inbound,12815,12824,12827,3,,10
update,12825,12833,12836,3,,11
update,12836,12844,12848,4,,12
update,12847,12856,12860,4,,13
update,12858,12866,12869,3,,14
update,12869,12878,12892,14,,15
update,12880,12888,12893,5,,0
update,12891,12899,12903,4,,1
update,12902,12911,12913,2,,2
update,12913,12922,12927,5,,3
update,12924,12932,12935,3,,4
inbound,13000,13009,13015,6,,6
update,13000,13008,13016,8,,5
update,13011,13020,13025,5,,7
update,13022,13030,13038,8,,8
inbound,13025,13033,13039,6,,9
update,13033,13041,13045,4,,10
update,13044,13052,13059,7,,11
update,13055,13064,13067,3,,12
update,13066,13075,13078,3,,13
update,13077,13085,13090,5,,14
update,13088,13097,13102,5,,15
update,13099,13108,13112,4,,0
inbound,13100,13110,13113,3,,1
update,13110,13120,13124,4,,2
update,13121,13131,13135,4,,3
update,13132,13141,13144,3,,4
update,13143,13153,13156,3,,5
update,13154,13164,13167,3,,6
inbound,13155,13165,13170,5,,7
update,13165,13175,13178,3,,8
update,13176,13185,13189,4,,9
update,13187,13197,13203,6,,10
update,13198,13207,13214,7,,11
inbound,13200,13209,13216,7,,12
inbound,13210,13219,13227,8,,14
update,13209,13218,13227,9,,13
update,13220,13230,13233,3,,15
inbound,13225,13235,13240,5,,0
update,13231,13240,13244,4,,1
update,13242,13251,13254,3,,2
update,13253,13262,13266,4,,3
update,13264,13274,13279,5,,4
inbound,13265,13274,13279,5,,5
update,13275,13285,13289,4,,6
update,13286,13295,13299,4,,7
update,13297,13307,13310,3,,8
update,13308,13317,13320,3,,9
update,13319,13329,13332,3,,10
inbound,13320,13330,13334,4,,11
update,13330,13340,13343,3,,12
update,13341,13351,13354,3,,13
update,13352,13362,13365,3,,14
update,13363,13372,13376,4,,15
update,13374,13384,13387,3,,0
inbound,13375,13384,13388,4,,1
update,13385,13394,13398,4,,2
update,13396,13405,13408,3,,3
inbound,13400,13410,13413,3,,4
update,13407,13417,13420,3,,5
update,13418,13427,13430,3,,6
inbound,13425,13434,13437,3,,7
inbound,13430,13439,13444,5,,9
update,13429,13439,13445,6,,8
update,13440,13449,13452,3,,10
update,13451,13460,13463,3,,11
update,13462,13472,13475,3,,12
update,13473,13483,13486,3,,13
update,13484,13494,13497,3,,14
inbound,13485,13495,13499,4,,15
update,13495,13504,13507,3,,0
update,13506,13515,13518,3,,1
update,13517,13527,13530,3,,2
update,13528,13538,13541,3,,3
inbound,13540,13549,13553,4,,5
update,13539,13549,13555,6,,4
update,13550,13559,13562,3,,6
update,13561,13570,13574,4,,7
update,13572,13582,13585,3,,8
update,13583,13593,13597,4,,9
inbound,13595,13604,13608,4,,11
update,13594,13604,13608,4,,10
update,13605,13615,13619,4,,12
update,13616,13624,13628,4,,13
update,13627,13637,13640,3,,14
update,13638,13647,13650,3,,15
update,13649,13659,13663,4,,0
inbound,13650,13660,13664,4,,1
update,13660,13670,13673,3,,2
update,13671,13680,13684,4,,3
update,13682,13692,13695,3,,4
update,13693,13703,13706,3,,5
update,13704,13713,13717,4,,6
inbound,13705,13714,13719,5,,7
update,13715,13724,13728,4,,8
update,13726,13735,13738,3,,9
update,13737,13747,13750,3,,10
update,13748,13758,13762,4,,11
update,13759,13769,13773,4,,12
inbound,13760,13770,13773,3,,13
update,13770,13778,13782,4,,14
update,13781,13791,13794,3,,15
update,13792,13802,13804,2,,0
update,13803,13813,13817,4,,1
inbound,13815,13824,13826,2,,3
update,13814,13824,13829,5,,2
update,13825,13834,13837,3,,4
update,13836,13846,13850,4,,5
update,13847,13857,13861,4,,6
update,13858,13867,13870,3,,7
update,13869,13879,13882,3,,8
update,13880,13890,13893,3,,9
update,13891,13901,13904,3,,10
update,13902,13912,13915,3,,11
update,13913,13922,13926,4,,12
update,13924,13933,13937,4,,13
inbound,14000,14009,14013,4,,15
update,14000,14009,14014,5,,14
update,14011,14021,14024,3,,0
update,14022,14032,14036,4,,1
inbound,14025,14034,14037,3,,2
update,14033,14042,14046,4,,3
update,14044,14053,14057,4,,4
update,14055,14064,14067,3,,5
update,14066,14076,14079,3,,6
update,14077,14087,14090,3,,7
update,14088,14098,14102,4,,8
update,14099,14108,14112,4,,9
inbound,14100,14109,14113,4,,10
update,14110,14120,14123,3,,11
update,14121,14131,14135,4,,12
update,14132,14142,14145,3,,13
update,14143,14151,14154,3,,14
update,14154,14163,14166,3,,15
inbound,14155,14165,14169,4,,0
update,14165,14175,14178,3,,1
update,14176,14186,14189,3,,2
update,14187,14196,14200,4,,3
update,14198,14208,14212,4,,4
inbound,14200,14210,14215,5,,5
inbound,14210,14220,14225,5,,7
update,14209,14218,14225,7,,6
update,14220,14230,14233,3,,8
inbound,14225,14234,14237,3,,9
update,14231,14241,14243,2,,10
update,14242,14252,14255,3,,11
update,14253,14263,14266,3,,12
update,14264,14272,14275,3,,13
inbound,14265,14275,14279,4,,14
update,14275,14284,14287,3,,15
update,14286,14295,14299,4,,0
update,14297,14306,14309,3,,1
update,14308,14318,14321,3,,2
update,14319,14329,14333,4,,3
inbound,14320,14329,14334,5,,4
update,14330,14339,14342,3,,5
update,14341,14351,14354,3,,6
update,14352,14361,14365,4,,7
update,14363,14371,14374,3,,8
update,14374,14383,14387,4,,9
inbound,14375,14385,14388,3,,10
update,14385,14395,14398,3,,11
update,14396,14405,14408,3,,12
inbound,14400,14409,14412,3,,13
update,14407,14417,14419,2,,14
update,14418,14428,14432,4,,15
inbound,14425,14435,14438,3,,0
inbound,14430,14439,14443,4,,2
update,14429,14439,14444,5,,1
update,14440,14450,14452,2,,3
update,14451,14461,14464,3,,4
update,14462,14471,14475,4,,5
update,14473,14483,14486,3,,6
update,14484,14493,14497,4,,7
inbound,14485,14494,14498,4,,8
update,14495,14503,14506,3,,9
update,14506,14516,14519,3,,10
update,14517,14527,14530,3,,11
update,14528,14538,14541,3,,12
update,14539,14549,14552,3,,13
inbound,14540,14549,14552,3,,14
update,14550,14559,14562,3,,15
update,14561,14571,14574,3,,0
update,14572,14581,14586,5,,1
update,14583,14592,14595,3,,2
update,14594,14604,14608,4,,3
inbound,14595,14604,14608,4,,4
update,14605,14615,14617,2,,5
update,14616,14625,14629,4,,6
update,14627,14637,14640,3,,7
update,14638,14648,14651,3,,8
update,14649,14658,14660,2,,9
inbound,14650,14660,14663,3,,10
update,14660,14669,14673,4,,11
update,14671,14679,14683,4,,12
update,14682,14691,14695,4,,13
update,14693,14703,14706,3,,14
update,14704,14714,14717,3,,15
inbound,14705,14715,14719,4,,0
update,14715,14725,14728,3,,1
update,14726,14736,14739,3,,2
update,14737,14747,14750,3,,3
update,14748,14758,14761,3,,4
inbound,14760,14768,14771,3,,6
update,14759,14768,14772,4,,5
update,14770,14780,14783,3,,7
update,14781,14790,14794,4,,8
update,14792,14802,14805,3,,9
update,14803,14813,14816,3,,10
inbound,14815,14824,14827,3,,12
update,14814,14824,14827,3,,11
update,14825,14834,14838,4,,13
update,14836,14845,14849,4,,14
update,14847,14856,14860,4,,15
update,14858,14867,14870,3,,0
update,14869,14878,14881,3,,1
update,14880,14890,14894,4,,2
update,14891,14901,14904,3,,3
update,14902,14912,14914,2,,4
update,14913,14922,14925,3,,5
update,14924,14934,14937,3,,6
update,15000,15009,15013,4,,7
inbound,15000,15009,15013,4,,8
update,15011,15021,15024,3,,9
update,15022,15032,15036,4,,10
inbound,15025,15034,15038,4,,11
update,15033,15042,15047,5,,12
update,15044,15054,15058,4,,13
update,15055,15065,15069,4,,14
update,15066,15076,15080,4,,15
update,15077,15087,15091,4,,0
update,15088,15097,15102,5,,1
update,15099,15109,15113,4,,2
inbound,15100,15109,15114,5,,3
update,15110,15119,15124,5,,4
update,15121,15131,15135,4,,5
update,15132,15142,15146,4,,6
update,15143,15153,15157,4,,7
update,15154,15163,15168,5,,8
inbound,15155,15165,15169,4,,9
update,15165,15174,15178,4,,10
update,15176,15186,15189,3,,11
update,15187,15196,15199,3,,12
update,15198,15208,15215,7,,13
inbound,15200,15210,15216,6,,14
inbound,15210,15219,15223,4,,0
update,15209,15219,15224,5,,15
update,15220,15229,15234,5,,1
inbound,15225,15235,15238,3,,2
update,15231,15241,15244,3,,3
update,15242,15251,15255,4,,4
update,15253,15263,15267,4,,5
update,15264,15274,15278,4,,6
inbound,15265,15275,15279,4,,7
update,15275,15285,15288,3,,8
update,15286,15295,15299,4,,9
update,15297,15307,15310,3,,10
update,15308,15318,15320,2,,11
update,15319,15329,15333,4,,12
inbound,15320,15330,15334,4,,13
update,15330,15340,15343,3,,14
update,15341,15351,15355,4,,15
update,15352,15362,15366,4,,0
update,15363,15373,15376,3,,1
update,15374,15383,15387,4,,2
inbound,15375,15384,15389,5,,3
update,15385,15395,15398,3,,4
update,15396,15406,15409,3,,5
inbound,15400,15409,15412,3,,6
update,15407,15417,15420,3,,7
update,15418,15428,15432,4,,8
inbound,15425,15435,15438,3,,9
update,15429,15439,15441,2,,10
inbound,15430,15440,15444,4,,11
update,15440,15450,15454,4,,12
update,15451,15461,15466,5,,13
update,15462,15471,15475,4,,14
update,15473,15483,15487,4,,15
update,15484,15494,15499,5,,0
inbound,15485,15495,15502,7,,1
update,15495,15505,15510,5,,2
update,15506,15516,15521,5,,3
update,15517,15527,15531,4,,4
update,15528,15538,15542,4,,5
update,15539,15549,15560,11,,6
inbound,15540,15550,15560,10,,7
update,15550,15560,15566,6,,8
update,15561,15570,15576,6,,9
update,15572,15582,15586,4,,10
update,15583,15593,15598,5,,11
update,15594,15603,15607,4,,12
inbound,15595,15605,15609,4,,13
update,15605,15615,15619,4,,14
update,15616,15625,15630,5,,15
update,15627,15637,15641,4,,0
update,15638,15648,15652,4,,1
update,15649,15659,15663,4,,2
inbound,15650,15660,15664,4,,3
update,15660,15670,15673,3,,4
update,15671,15680,15684,4,,5
update,15682,15691,15695,4,,6
update,15693,15703,15707,4,,7
inbound,15705,15714,15719,5,,9
update,15704,15714,15719,5,,8
update,15715,15725,15729,4,,10
update,15726,15735,15740,5,,11
update,15737,15747,15751,4,,12
update,15748,15757,15761,4,,13
inbound,15760,15769,15773,4,,15
update,15759,15769,15774,5,,14
update,15770,15780,15784,4,,0
update,15781,15791,15795,4,,1
update,15792,15802,15806,4,,2
update,15803,15812,15817,5,,3
inbound,15815,15824,15827,3,,5
update,15814,15824,15829,5,,4
update,15825,15835,15838,3,,6
update,15836,15844,15848,4,,7
update,15847,15857,15861,4,,8
update,15858,15867,15870,3,,9
update,15869,15879,15882,3,,10
update,15880,15890,15894,4,,11
update,15891,15901,15904,3,,12
update,15902,15911,15915,4,,13
update,15913,15923,15926,3,,14
update,15924,15934,15938,4,,15
inbound,16000,16010,16014,4,,1
update,16000,16010,16016,6,,0
update,16011,16020,16024,4,,2
update,16022,16032,16036,4,,3
inbound,16025,16035,16040,5,,4
update,16033,16043,16046,3,,5
update,16044,16054,16061,7,,6
update,16055,16064,16068,4,,7
update,16066,16076,16079,3,,8
update,16077,16086,16090,4,,9
update,16088,16098,16103,5,,10
update,16099,16109,16112,3,,11
inbound,16100,16110,16117,7,,12
update,16110,16118,16123,5,,13
update,16121,16131,16135,4,,14
update,16132,16142,16146,4,,15
update,16143,16153,16157,4,,0
update,16154,16164,16170,6,,1
inbound,16155,16165,16171,6,,2
update,16165,16175,16179,4,,3
update,16176,16186,16190,4,,4
update,16187,16197,16200,3,,5
update,16198,16207,16211,4,,6
inbound,16200,16210,16219,9,,7
inbound,16210,16220,16230,10,,9
update,16209,16219,16231,12,,8
update,16220,16229,16235,6,,10
inbound,16225,16234,16243,9,,11
update,16231,16241,16245,4,,12
update,16242,16251,16255,4,,13
update,16253,16263,16267,4,,14
inbound,16265,16274,16278,4,,0
update,16264,16273,16279,6,,15
update,16275,16284,16287,3,,1
update,16286,16296,16301,5,,2
update,16297,16306,16309,3,,3
update,16308,16317,16322,5,,4
inbound,16320,16330,16335,5,,6
update,16319,16328,16336,8,,5
update,16330,16340,16344,4,,7
update,16341,16349,16353,4,,8
update,16352,16361,16368,7,,9
update,16363,16372,16376,4,,10
update,16374,16384,16388,4,,11
inbound,16375,16385,16389,4,,12
update,16385,16394,16397,3,,13
update,16396,16406,16409,3,,14
inbound,16400,16409,16413,4,,15
update,16407,16416,16420,4,,0
update,16418,16427,16431,4,,1
inbound,16425,16435,16438,3,,2
update,16429,16439,16442,3,,3
inbound,16430,16440,16446,6,,4
update,16440,16449,16453,4,,5
update,16451,16461,16465,4,,6
update,16462,16471,16475,4,,7
update,16473,16481,16484,3,,8
update,16484,16494,16497,3,,9
inbound,16485,16495,16500,5,,10
update,16495,16504,16508,4,,11
update,16506,16515,16518,3,,12
update,16517,16526,16530,4,,13
update,16528,16538,16542,4,,14
update,16539,16548,16553,5,,15
inbound,16540,16550,16554,4,,0
update,16550,16559,16563,4,,1
update,16561,16570,16573,3,,2
update,16572,16582,16585,3,,3
update,16583,16592,16596,4,,4
update,16594,16604,16607,3,,5
inbound,16595,16605,16608,3,,6
update,16605,16615,16618,3,,7
update,16616,16624,16627,3,,8
update,16627,16637,16640,3,,9
update,16638,16647,16650,3,,10
update,16649,16659,16662,3,,11
inbound,16650,16660,16664,4,,12
update,16660,16669,16673,4,,13
update,16671,16680,16683,3,,14
update,16682,16692,16696,4,,15
update,16693,16703,16708,5,,0
update,16704,16713,16726,13,,1
inbound,16705,16715,16726,11,,2
update,16715,16723,16730,7,,3
update,16726,16736,16742,6,,4
update,16737,16747,16765,18,,5
update,16748,16757,16766,9,,6
inbound,16760,16770,16775,5,,8
update,16759,16769,16777,8,,7
update,16770,16779,16783,4,,9
update,16781,16790,16796,6,,10
update,16792,16801,16809,8,,11
update,16803,16812,16819,7,,12
update,16814,16823,16830,7,,13
inbound,16815,16825,16830,5,,14
update,16825,16834,16839,5,,15
update,16836,16846,16851,5,,0
update,16847,16856,16859,3,,1
update,16858,16868,16871,3,,2
update,16869,16879,16881,2,,3
update,16880,16888,16892,4,,4
update,16891,16901,16904,3,,5
update,16902,16912,16915,3,,6
update,16913,16923,16926,3,,7
update,16924,16932,16936,4,,8
update,17000,17010,17014,4,,9
inbound,17000,17010,17014,4,,10
update,17011,17021,17025,4,,11
update,17022,17031,17034,3,,12
inbound,17025,17034,17038,4,,13
update,17033,17043,17045,2,,14
update,17044,17054,17057,3,,15
update,17055,17065,17069,4,,0
update,17066,17076,17079,3,,1
update,17077,17087,17090,3,,2
update,17088,17098,17101,3,,3
update,17099,17109,17113,4,,4
inbound,17100,17109,17113,4,,5
update,17110,17119,17124,5,,6
update,17121,17131,17134,3,,7
update,17132,17142,17145,3,,8
update,17143,17153,17156,3,,9
update,17154,17164,17167,3,,10
inbound,17155,17165,17169,4,,11
update,17165,17175,17178,3,,12
update,17176,17186,17189,3,,13
update,17187,17197,17201,4,,14
inbound,17200,17208,17211,3,,0
update,17198,17208,17212,4,,15
update,17209,17219,17223,4,,1
inbound,17210,17220,17225,5,,2
update,17220,17229,17236,7,,3
inbound,17225,17236,17242,6,,4
update,17231,17241,17245,4,,5
update,17242,17252,17254,2,,6
update,17253,17263,17267,4,,7
update,17264,17273,17278,5,,8
inbound,17265,17275,17279,4,,9
update,17275,17285,17287,2,,10
update,17286,17295,17298,3,,11
update,17297,17307,17310,3,,12
update,17308,17318,17321,3,,13
update,17319,17329,17333,4,,14
inbound,17320,17330,17334,4,,15
update,17330,17340,17344,4,,0
update,17341,17351,17354,3,,1
update,17352,17361,17365,4,,2
update,17363,17373,17377,4,,3
inbound,17375,17384,17387,3,,5
update,17374,17384,17387,3,,4
update,17385,17395,17398,3,,6
update,17396,17405,17409,4,,7
inbound,17400,17410,17413,3,,8
update,17407,17416,17419,3,,9
update,17418,17427,17430,3,,10
inbound,17425,17434,17437,3,,11
update,17429,17439,17443,4,,12
inbound,17430,17440,17443,3,,13
update,17440,17450,17453,3,,14
update,17451,17461,17465,4,,15
update,17462,17472,17475,3,,0
update,17473,17483,17486,3,,1
update,17484,17494,17497,3,,2
inbound,17485,17494,17499,5,,3
update,17495,17505,17508,3,,4
update,17506,17516,17519,3,,5
update,17517,17527,17530,3,,6
update,17528,17536,17539,3,,7
update,17539,17549,17552,3,,8
inbound,17540,17550,17555,5,,9
update,17550,17560,17565,5,,10
update,17561,17571,17575,4,,11
update,17572,17582,17585,3,,12
update,17583,17592,17595,3,,13
update,17594,17604,17607,3,,14
inbound,17595,17605,17609,4,,15
update,17605,17614,17617,3,,0
update,17616,17626,17629,3,,1
update,17627,17637,17640,3,,2
update,17638,17647,17651,4,,3
inbound,17650,17659,17663,4,,5
update,17649,17659,17663,4,,4
update,17660,17670,17673,3,,6
update,17671,17681,17684,3,,7
update,17682,17692,17694,2,,8
update,17693,17703,17706,3,,9
inbound,17705,17714,17718,4,,11
update,17704,17714,17719,5,,10
update,17715,17724,17728,4,,12
update,17726,17735,17738,3,,13
update,17737,17746,17750,4,,14
update,17748,17758,17761,3,,15
update,17759,17768,17772,4,,0
inbound,17760,17770,17773,3,,1
update,17770,17780,17783,3,,2
update,17781,17791,17794,3,,3
update,17792,17802,17805,3,,4
update,17803,17813,17816,3,,5
inbound,17815,17824,17827,3,,7
update,17814,17824,17828,4,,6
update,17825,17835,17838,3,,8
update,17836,17845,17848,3,,9
update,17847,17857,17860,3,,10
update,17858,17868,17871,3,,11
update,17869,17878,17881,3,,12
update,17880,17890,17893,3,,13
update,17891,17901,17903,2,,14
update,17902,17912,17915,3,,15
update,17913,17923,17926,3,,0
update,17924,17934,17937,3,,1
update,18000,18009,18013,4,,2
inbound,18000,18009,18013,4,,3
update,18011,18020,18023,3,,4
update,18022,18032,18035,3,,5
inbound,18025,18035,18041,6,,6
update,18033,18043,18046,3,,7
update,18044,18052,18056,4,,8
update,18055,18065,18068,3,,9
update,18066,18076,18080,4,,10
update,18077,18087,18090,3,,11
update,18088,18097,18100,3,,12
update,18099,18109,18113,4,,13
inbound,18100,18110,18116,6,,14
update,18110,18120,18123,3,,15
update,18121,18131,18134,3,,0
update,18132,18141,18144,3,,1
update,18143,18153,18157,4,,2
update,18154,18164,18167,3,,3
inbound,18155,18165,18170,5,,4
update,18165,18175,18178,3,,5
update,18176,18186,18189,3,,6
update,18187,18197,18200,3,,7
inbound,18200,18209,18213,4,,9
update,18198,18208,18213,5,,8
update,18209,18219,18222,3,,10
inbound,18210,18220,18225,5,,11
update,18220,18229,18233,4,,12
inbound,18225,18235,18239,4,,13
update,18231,18241,18247,6,,14
update,18242,18252,18257,5,,15
update,18253,18263,18267,4,,0
update,18264,18274,18278,4,,1
inbound,18265,18275,18279,4,,2
update,18275,18285,18288,3,,3
update,18286,18296,18299,3,,4
update,18297,18307,18310,3,,5
update,18308,18318,18322,4,,6
update,18319,18329,18334,5,,7
inbound,18320,18330,18335,5,,8
update,18330,18340,18342,2,,9
update,18341,18351,18354,3,,10
update,18352,18362,18366,4,,11
update,18363,18372,18376,4,,12
update,18374,18383,18386,3,,13
inbound,18375,18385,18389,4,,14
update,18385,18395,18398,3,,15
update,18396,18406,18409,3,,0
inbound,18400,18410,18413,3,,1
update,18407,18417,18420,3,,2
update,18418,18428,18431,3,,3
inbound,18425,18435,18438,3,,4
update,18429,18439,18444,5,,5
inbound,18430,18439,18444,5,,6
update,18440,18450,18453,3,,7
update,18451,18460,18463,3,,8
update,18462,18472,18475,3,,9
update,18473,18483,18486,3,,10
update,18484,18494,18497,3,,11
inbound,18485,18496,18499,3,,12
update,18495,18504,18507,3,,13
update,18506,18516,18519,3,,14
update,18517,18527,18531,4,,15
update,18528,18538,18541,3,,0
update,18539,18549,18555,6,,1
inbound,18540,18549,18555,6,,2
update,18550,18560,18562,2,,3
update,18561,18571,18574,3,,4
update,18572,18582,18585,3,,5
update,18583,18593,18596,3,,6
update,18594,18603,18608,5,,7
inbound,18595,18605,18609,4,,8
update,18605,18615,18618,3,,9
update,18616,18626,18629,3,,10
update,18627,18636,18639,3,,11
update,18638,18647,18650,3,,12
inbound,18650,18659,18665,6,,14
update,18649,18659,18665,6,,13
update,18660,18670,18672,2,,15
update,18671,18681,18684,3,,0
update,18682,18692,18695,3,,1
update,18693,18703,18707,4,,2
update,18704,18714,18717,3,,3
inbound,18705,18715,18719,4,,4
update,18715,18724,18728,4,,5
update,18726,18735,18738,3,,6
update,18737,18747,18750,3,,7
update,18748,18758,18761,3,,8
inbound,18760,18770,18775,5,,10
update,18759,18769,18775,6,,9
update,18770,18779,18782,3,,11
update,18781,18791,18794,3,,12
update,18792,18801,18805,4,,13
update,18803,18813,18816,3,,14
update,18814,18824,18828,4,,15
inbound,18815,18825,18828,3,,0
update,18825,18835,18838,3,,1
update,18836,18845,18849,4,,2
update,18847,18856,18859,3,,3
update,18858,18867,18870,3,,4
update,18869,18878,18882,4,,5
update,18880,18890,18893,3,,6
update,18891,18901,18904,3,,7
update,18902,18912,18915,3,,8
update,18913,18923,18926,3,,9
update,18924,18934,18937,3,,10
update,19000,19010,19013,3,,11
inbound,19000,19010,19013,3,,12
update,19011,19021,19024,3,,13
update,19022,19031,19034,3,,14
inbound,19025,19034,19037,3,,15
update,19033,19043,19046,3,,0
update,19044,19054,19057,3,,1
update,19055,19065,19068,3,,2
update,19066,19075,19078,3,,3
update,19077,19087,19090,3,,4
update,19088,19098,19100,2,,5
update,19099,19108,19111,3,,6
inbound,19100,19110,19113,3,,7
update,19110,19120,19123,3,,8
update,19121,19130,19133,3,,9
update,19132,19141,19145,4,,10
update,19143,19153,19156,3,,11
update,19154,19164,19167,3,,12
inbound,19155,19165,19168,3,,13
update,19165,19175,19178,3,,14
update,19176,19186,19188,2,,15
update,19187,19197,19199,2,,0
update,19198,19207,19210,3,,1
inbound,19200,19210,19212,2,,2
update,19209,19218,19222,4,,3
inbound,19210,19220,19223,3,,4
update,19220,19230,19233,3,,5
inbound,19225,19235,19238,3,,6
update,19231,19241,19245,4,,7
update,19242,19252,19255,3,,8
update,19253,19263,19266,3,,9
inbound,19265,19274,19278,4,,11
update,19264,19274,19278,4,,10
update,19275,19284,19287,3,,12
update,19286,19295,19298,3,,13
update,19297,19306,19308,2,,14
update,19308,19317,19320,3,,15
update,19319,19329,19332,3,,0
inbound,19320,19329,19332,3,,1
update,19330,19340,19343,3,,2
update,19341,19351,19354,3,,3
update,19352,19361,19364,3,,4
update,19363,19373,19376,3,,5
update,19374,19383,19387,4,,6
inbound,19375,19383,19388,5,,7
update,19385,19395,19398,3,,8
update,19396,19406,19409,3,,9
inbound,19400,19410,19413,3,,10
update,19407,19417,19420,3,,11
update,19418,19428,19431,3,,12
inbound,19425,19434,19437,3,,13
update,19429,19438,19441,3,,14
inbound,19430,19439,19443,4,,15
update,19440,19450,19452,2,,0
update,19451,19461,19463,2,,1
update,19462,19472,19474,2,,2
update,19473,19483,19488,5,,3
update,19484,19494,19498,4,,4
inbound,19485,19494,19498,4,,5
update,19495,19505,19507,2,,6
update,19506,19516,19519,3,,7
update,19517,19526,19528,2,,8
update,19528,19538,19541,3,,9
inbound,19540,19549,19553,4,,11
update,19539,19549,19553,4,,10
update,19550,19560,19563,3,,12
update,19561,19571,19574,3,,13
update,19572,19582,19585,3,,14
update,19583,19592,19595,3,,15
inbound,19595,19604,19607,3,,1
update,19594,19604,19607,3,,0
update,19605,19615,19618,3,,2
update,19616,19626,19629,3,,3
update,19627,19637,19640,3,,4
update,19638,19648,19651,3,,5
update,19649,19659,19662,3,,6
inbound,19650,19660,19663,3,,7
update,19660,19670,19673,3,,8
update,19671,19681,19684,3,,9
update,19682,19692,19695,3,,10
update,19693,19703,19706,3,,11
inbound,19705,19714,19717,3,,13
update,19704,19713,19719,6,,12
update,19715,19724,19727,3,,14
update,19726,19736,19739,3,,15
update,19737,19747,19750,3,,0
update,19748,19758,19761,3,,1
update,19759,19769,19772,3,,2
inbound,19760,19770,19772,2,,3
update,19770,19779,19782,3,,4
update,19781,19791,19794,3,,5
update,19792,19802,19805,3,,6
update,19803,19813,19816,3,,7
update,19814,19824,19827,3,,8
inbound,19815,19825,19827,2,,9
update,19825,19833,19836,3,,10
update,19836,19845,19848,3,,11
update,19847,19855,19858,3,,12
update,19858,19867,19873,6,,13
update,19869,19878,19881,3,,14
update,19880,19890,19893,3,,15
update,19891,19901,19904,3,,0
update,19902,19912,19915,3,,1
update,19913,19923,19926,3,,2
update,19924,19933,19936,3,,3
inbound,20000,20010,20013,3,,5
update,20000,20010,20015,5,,4
update,20011,20021,20025,4,,6
update,20022,20030,20034,4,,7
inbound,20025,20035,20038,3,,8
update,20033,20042,20046,4,,9
update,20044,20053,20057,4,,10
update,20055,20065,20068,3,,11
update,20066,20076,20080,4,,12
update,20077,20087,20090,3,,13
update,20088,20098,20101,3,,14
update,20099,20109,20112,3,,15
inbound,20100,20111,20114,3,,0
update,20110,20120,20123,3,,1
update,20121,20131,20133,2,,2
update,20132,20141,20144,3,,3
update,20143,20153,20155,2,,4
update,20154,20163,20167,4,,5
inbound,20155,20166,20169,3,,6
update,20165,20174,20177,3,,7
update,20176,20186,20190,4,,8
update,20187,20196,20199,3,,9
update,20198,20208,20211,3,,10
inbound,20200,20211,20213,2,,11
update,20209,20219,20223,4,,12
inbound,20210,20220,20224,4,,13
update,20220,20230,20234,4,,14
inbound,20225,20236,20239,3,,15
update,20231,20240,20243,3,,0
update,20242,20251,20258,7,,1
update,20253,20262,20267,5,,2
update,20264,20274,20276,2,,3
inbound,20265,20276,20279,3,,4
update,20275,20285,20287,2,,5
update,20286,20295,20298,3,,6
update,20297,20307,20312,5,,7
update,20308,20318,20321,3,,8
update,20319,20329,20332,3,,9
inbound,20320,20331,20334,3,,10
update,20330,20340,20342,2,,11
update,20341,20351,20354,3,,12
update,20352,20362,20365,3,,13
update,20363,20373,20376,3,,14
update,20374,20384,20387,3,,15
inbound,20375,20386,20390,4,,0
update,20385,20394,20397,3,,1
update,20396,20406,20409,3,,2
inbound,20400,20411,20414,3,,3
update,20407,20417,20421,4,,4
update,20418,20428,20431,3,,5
inbound,20425,20436,20438,2,,6
update,20429,20438,20443,5,,7
inbound,20430,20440,20444,4,,8
update,20440,20450,20453,3,,9
update,20451,20461,20464,3,,10
update,20462,20472,20475,3,,11
update,20473,20483,20486,3,,12
update,20484,20494,20497,3,,13
inbound,20485,20495,20499,4,,14
update,20495,20505,20508,3,,15
update,20506,20515,20518,3,,0
update,20517,20527,20530,3,,1
update,20528,20538,20541,3,,2
update,20539,20549,20552,3,,3
inbound,20540,20550,20554,4,,4
update,20550,20560,20564,4,,5
update,20561,20571,20574,3,,6
update,20572,20581,20584,3,,7
update,20583,20592,20595,3,,8
update,20594,20604,20607,3,,9
inbound,20595,20606,20610,4,,10
update,20605,20614,20618,4,,11
update,20616,20626,20629,3,,12
update,20627,20636,20641,5,,13
update,20638,20648,20651,3,,14
update,20649,20658,20662,4,,15
inbound,20650,20660,20663,3,,0
update,20660,20670,20673,3,,1
update,20671,20681,20684,3,,2
update,20682,20692,20695,3,,3
update,20693,20703,20706,3,,4
update,20704,20713,20716,3,,5
inbound,20705,20716,20720,4,,6
update,20715,20724,20728,4,,7
update,20726,20734,20737,3,,8
update,20737,20746,20753,7,,9
update,20748,20758,20761,3,,10
inbound,20760,20770,20773,3,,12
update,20759,20768,20773,5,,11
update,20770,20780,20784,4,,13
update,20781,20789,20793,4,,14
update,20792,20802,20804,2,,15
update,20803,20813,20817,4,,0
update,20814,20824,20828,4,,1
inbound,20815,20826,20830,4,,2
update,20825,20835,20839,4,,3
update,20836,20846,20849,3,,4
update,20847,20855,20858,3,,5
update,20858,20867,20870,3,,6
update,20869,20879,20882,3,,7
update,20880,20890,20893,3,,8
update,20891,20901,20904,3,,9
update,20902,20910,20913,3,,10
update,20913,20923,20926,3,,11
update,20924,20934,20937,3,,12
update,21000,21011,21014,3,,13
inbound,21000,21011,21015,4,,14
update,21011,21021,21024,3,,15
update,21022,21033,21036,3,,0
inbound,21025,21036,21039,3,,1
update,21033,21042,21045,3,,2
update,21044,21055,21058,3,,3
update,21055,21066,21069,3,,4
update,21066,21077,21082,5,,5
update,21077,21087,21091,4,,6
update,21088,21099,21102,3,,7
update,21099,21110,21114,4,,8
inbound,21100,21111,21115,4,,9
update,21110,21120,21124,4,,10
update,21121,21132,21135,3,,11
update,21132,21142,21145,3,,12
update,21143,21154,21156,2,,13
update,21154,21165,21168,3,,14
inbound,21155,21166,21170,4,,15
update,21165,21175,21180,5,,0
update,21176,21187,21193,6,,1
update,21187,21197,21201,4,,2
update,21198,21208,21211,3,,3
inbound,21200,21210,21213,3,,4
update,21209,21220,21224,4,,5
inbound,21210,21220,21226,6,,6
update,21220,21231,21235,4,,7
inbound,21225,21236,21239,3,,8
update,21231,21242,21245,3,,9
update,21242,21253,21259,6,,10
update,21253,21264,21268,4,,11
update,21264,21274,21281,7,,12
inbound,21265,21276,21281,5,,13
update,21275,21286,21289,3,,14
update,21286,21297,21301,4,,15
update,21297,21308,21311,3,,0
update,21308,21319,21321,2,,1
update,21319,21330,21333,3,,2
inbound,21320,21331,21335,4,,3
update,21330,21340,21343,3,,4
update,21341,21351,21355,4,,5
update,21352,21362,21365,3,,6
update,21363,21374,21377,3,,7
inbound,21375,21385,21389,4,,9
update,21374,21385,21390,5,,8
update,21385,21395,21398,3,,10
update,21396,21407,21412,5,,11
inbound,21400,21411,21414,3,,12
update,21407,21416,21419,3,,13
update,21418,21427,21430,3,,14
inbound,21425,21436,21439,3,,15
inbound,21430,21440,21443,3,,1
update,21429,21439,21445,6,,0
update,21440,21451,21454,3,,2
update,21451,21461,21465,4,,3
update,21462,21472,21475,3,,4
update,21473,21484,21487,3,,5
update,21484,21495,21499,4,,6
inbound,21485,21496,21500,4,,7
update,21495,21506,21509,3,,8
update,21506,21517,21522,5,,9
update,21517,21528,21531,3,,10
update,21528,21538,21541,3,,11
update,21539,21550,21553,3,,12
inbound,21540,21551,21555,4,,13
update,21550,21561,21564,3,,14
update,21561,21572,21574,2,,15
update,21572,21583,21586,3,,0
update,21583,21594,21597,3,,1
update,21594,21605,21608,3,,2
inbound,21595,21606,21609,3,,3
update,21605,21616,21619,3,,4
update,21616,21627,21630,3,,5
update,21627,21637,21642,5,,6
update,21638,21649,21654,5,,7
inbound,21650,21660,21664,4,,9
update,21649,21660,21665,5,,8
update,21660,21671,21677,6,,10
update,21671,21682,21685,3,,11
update,21682,21693,21695,2,,12
update,21693,21703,21706,3,,13
inbound,21705,21715,21719,4,,15
update,21704,21715,21719,4,,14
update,21715,21725,21728,3,,0
update,21726,21737,21739,2,,1
update,21737,21748,21751,3,,2
update,21748,21759,21762,3,,3
inbound,21760,21770,21773,3,,5
update,21759,21770,21774,4,,4
update,21770,21780,21784,4,,6
update,21781,21792,21795,3,,7
update,21792,21801,21804,3,,8
update,21803,21813,21816,3,,9
inbound,21815,21825,21829,4,,11
update,21814,21825,21829,4,,10
update,21825,21836,21839,3,,12
update,21836,21846,21850,4,,13
update,21847,21858,21862,4,,14
update,21858,21869,21873,4,,15
update,21869,21880,21883,3,,0
update,21880,21891,21894,3,,1
update,21891,21902,21905,3,,2
update,21902,21913,21916,3,,3
update,21913,21923,21927,4,,4
update,21924,21935,21938,3,,5
inbound,22000,22011,22014,3,,7
update,22000,22011,22015,4,,6
update,22011,22022,22027,5,,8
update,22022,22033,22036,3,,9
inbound,22025,22035,22039,4,,10
update,22033,22042,22048,6,,11
update,22044,22055,22058,3,,12
update,22055,22065,22068,3,,13
update,22066,22077,22080,3,,14
update,22077,22088,22091,3,,15
update,22088,22098,22102,4,,0
inbound,22100,22110,22114,4,,2
update,22099,22110,22114,4,,1
update,22110,22121,22124,3,,3
update,22121,22131,22134,3,,4
update,22132,22143,22146,3,,5
update,22143,22154,22157,3,,6
update,22154,22165,22169,4,,7
inbound,22155,22166,22169,3,,8
update,22165,22176,22178,2,,9
update,22176,22187,22190,3,,10
update,22187,22198,22201,3,,11
inbound,22200,22209,22212,3,,13
update,22198,22209,22213,4,,12
update,22209,22220,22224,4,,14
inbound,22210,22221,22225,4,,15
update,22220,22231,22234,3,,0
inbound,22225,22236,22239,3,,1
update,22231,22242,22246,4,,2
update,22242,22252,22255,3,,3
update,22253,22264,22268,4,,4
update,22264,22275,22278,3,,5
inbound,22265,22276,22280,4,,6
update,22275,22286,22289,3,,7
update,22286,22297,22300,3,,8
update,22297,22308,22311,3,,9
update,22308,22319,22324,5,,10
inbound,22320,22331,22335,4,,12
update,22319,22330,22336,6,,11
update,22330,22340,22344,4,,13
update,22341,22352,22356,4,,14
update,22352,22363,22366,3,,15
update,22363,22374,22378,4,,0
inbound,22375,22385,22389,4,,2
update,22374,22385,22389,4,,1
update,22385,22396,22399,3,,3
update,22396,22407,22409,2,,4
inbound,22400,22410,22413,3,,5
update,22407,22418,22421,3,,6
update,22418,22429,22432,3,,7
inbound,22425,22436,22439,3,,8
update,22429,22440,22444,4,,9
inbound,22430,22441,22446,5,,10
update,22440,22450,22454,4,,11
update,22451,22462,22465,3,,12
update,22462,22472,22475,3,,13
update,22473,22484,22487,3,,14
update,22484,22495,22499,4,,15
inbound,22485,22495,22499,4,,0
update,22495,22506,22509,3,,1
update,22506,22517,22520,3,,2
update,22517,22528,22531,3,,3
update,22528,22539,22542,3,,4
inbound,22540,22550,22553,3,,6
update,22539,22550,22554,4,,5
update,22550,22560,22563,3,,7
update,22561,22572,22575,3,,8
update,22572,22583,22587,4,,9
update,22583,22594,22597,3,,10
update,22594,22605,22610,5,,11
inbound,22595,22606,22611,5,,12
update,22605,22616,22619,3,,13
update,22616,22627,22630,3,,14
update,22627,22638,22641,3,,15
update,22638,22649,22652,3,,0
update,22649,22660,22663,3,,1
inbound,22650,22661,22666,5,,2
update,22660,22670,22673,3,,3
update,22671,22682,22685,3,,4
update,22682,22693,22697,4,,5
update,22693,22704,22708,4,,6
update,22704,22715,22719,4,,7
inbound,22705,22716,22720,4,,8
update,22715,22726,22731,5,,9
update,22726,22737,22741,4,,10
update,22737,22747,22751,4,,11
update,22748,22760,22767,7,,12
update,22759,22770,22773,3,,13
inbound,22760,22771,22774,3,,14
update,22770,22781,22783,2,,15
update,22781,22792,22795,3,,0
update,22792,22803,22805,2,,1
update,22803,22813,22816,3,,2
update,22814,22824,22829,5,,3
inbound,22815,22825,22829,4,,4
update,22825,22835,22838,3,,5
update,22836,22847,22850,3,,6
update,22847,22857,22860,3,,7
update,22858,22869,22873,4,,8
update,22869,22880,22883,3,,9
update,22880,22891,22893,2,,10
update,22891,22901,22904,3,,11
update,22902,22913,22915,2,,12
update,22913,22922,22925,3,,13
update,22924,22934,22937,3,,14
update,23000,23009,23013,4,,15
inbound,23000,23009,23013,4,,0
update,23011,23022,23025,3,,1
update,23022,23033,23036,3,,2
inbound,23025,23035,23038,3,,3
update,23033,23044,23047,3,,4
update,23044,23055,23058,3,,5
update,23055,23066,23069,3,,6
update,23066,23077,23080,3,,7
update,23077,23088,23092,4,,8
update,23088,23099,23103,4,,9
update,23099,23109,23113,4,,10
inbound,23100,23111,23115,4,,11
update,23110,23119,23123,4,,12
update,23121,23132,23135,3,,13
update,23132,23143,23147,4,,14
update,23143,23153,23157,4,,15
update,23154,23165,23168,3,,0
inbound,23155,23166,23170,4,,1
update,23165,23176,23179,3,,2
update,23176,23187,23190,3,,3
update,23187,23198,23201,3,,4
update,23198,23208,23212,4,,5
inbound,23200,23211,23214,3,,6
update,23209,23220,23224,4,,7
inbound,23210,23220,23225,5,,8
update,23220,23231,23234,3,,9
inbound,23225,23236,23238,2,,10
update,23231,23242,23244,2,,11
update,23242,23253,23256,3,,12
update,23253,23265,23273,8,,13
update,23264,23275,23279,4,,14
inbound,23265,23276,23282,6,,15
update,23275,23286,23289,3,,0
update,23286,23296,23300,4,,1
update,23297,23308,23311,3,,2
update,23308,23318,23321,3,,3
inbound,23320,23330,23334,4,,5
update,23319,23330,23334,4,,4
update,23330,23341,23344,3,,6
update,23341,23351,23354,3,,7
update,23352,23363,23366,3,,8
update,23363,23374,23377,3,,9
update,23374,23384,23388,4,,10
inbound,23375,23386,23389,3,,11
update,23385,23396,23399,3,,12
update,23396,23407,23409,2,,13
inbound,23400,23411,23414,3,,14
update,23407,23417,23419,2,,15
update,23418,23429,23432,3,,0
inbound,23425,23436,23438,2,,1
inbound,23430,23440,23443,3,,3
update,23429,23440,23443,3,,2
update,23440,23451,23453,2,,4
update,23451,23461,23463,2,,5
update,23462,23473,23476,3,,6
update,23473,23483,23486,3,,7
update,23484,23494,23497,3,,8
inbound,23485,23496,23499,3,,9
update,23495,23505,23508,3,,10
update,23506,23516,23519,3,,11
update,23517,23528,23530,2,,12
update,23528,23539,23541,2,,13
update,23539,23550,23553,3,,14
inbound,23540,23551,23554,3,,15
update,23550,23561,23563,2,,0
update,23561,23572,23575,3,,1
update,23572,23583,23586,3,,2
update,23583,23594,23597,3,,3
update,23594,23605,23608,3,,4
inbound,23595,23606,23609,3,,5
update,23605,23616,23619,3,,6
update,23616,23626,23629,3,,7
update,23627,23638,23641,3,,8
update,23638,23649,23651,2,,9
update,23649,23660,23663,3,,10
inbound,23650,23661,23664,3,,11
update,23660,23671,23674,3,,12
update,23671,23682,23685,3,,13
update,23682,23692,23695,3,,14
update,23693,23704,23707,3,,15
update,23704,23715,23718,3,,0
inbound,23705,23715,23718,3,,1
update,23715,23725,23728,3,,2
update,23726,23736,23740,4,,3
update,23737,23748,23751,3,,4
update,23748,23758,23761,3,,5
inbound,23760,23770,23772,2,,7
update,23759,23770,23773,3,,6
update,23770,23781,23784,3,,8
update,23781,23791,23794,3,,9
update,23792,23803,23806,3,,10
update,23803,23814,23817,3,,11
inbound,23815,23825,23828,3,,13
update,23814,23825,23829,4,,12
update,23825,23836,23839,3,,14
update,23836,23847,23849,2,,15
update,23847,23858,23861,3,,0
update,23858,23868,23871,3,,1
update,23869,23880,23883,3,,2
update,23880,23890,23894,4,,3
update,23891,23902,23905,3,,4
update,23902,23913,23916,3,,5
update,23913,23923,23926,3,,6
update,23924,23935,23938,3,,7
inbound,24000,24011,24014,3,,9
update,24000,24011,24015,4,,8
update,24011,24022,24025,3,,10
update,24022,24033,24037,4,,11
inbound,24025,24035,24039,4,,12
update,24033,24044,24047,3,,13
update,24044,24055,24059,4,,14
update,24055,24066,24068,2,,15
update,24066,24077,24080,3,,0
update,24077,24087,24090,3,,1
update,24088,24099,24102,3,,2
update,24099,24110,24113,3,,3
inbound,24100,24111,24116,5,,4
update,24110,24121,24125,4,,5
update,24121,24131,24134,3,,6
update,24132,24143,24146,3,,7
update,24143,24154,24156,2,,8
update,24154,24165,24170,5,,9
inbound,24155,24166,24170,4,,10
update,24165,24175,24178,3,,11
update,24176,24187,24190,3,,12
update,24187,24198,24201,3,,13
update,24198,24209,24212,3,,14
inbound,24200,24211,24213,2,,15
update,24209,24219,24223,4,,0
inbound,24210,24220,24224,4,,1
update,24220,24231,24233,2,,2
inbound,24225,24235,24239,4,,3
update,24231,24242,24245,3,,4
update,24242,24253,24255,2,,5
update,24253,24264,24267,3,,6
update,24264,24274,24278,4,,7
inbound,24265,24276,24281,5,,8
update,24275,24286,24290,4,,9
update,24286,24296,24299,3,,10
update,24297,24308,24311,3,,11
update,24308,24318,24321,3,,12
update,24319,24330,24333,3,,13
inbound,24320,24330,24333,3,,14
update,24330,24341,24344,3,,15
update,24341,24352,24355,3,,0
update,24352,24363,24366,3,,1
update,24363,24373,24377,4,,2
update,24374,24384,24388,4,,3
inbound,24375,24386,24389,3,,4
update,24385,24396,24398,2,,5
update,24396,24405,24408,3,,6
inbound,24400,24411,24413,2,,7
update,24407,24418,24420,2,,8
update,24418,24428,24432,4,,9
inbound,24425,24435,24438,3,,10
update,24429,24440,24443,3,,11
inbound,24430,24441,24445,4,,12
update,24440,24450,24453,3,,13
update,24451,24462,24465,3,,14
update,24462,24473,24476,3,,15
update,24473,24483,24486,3,,0
update,24484,24493,24496,3,,1
inbound,24485,24496,24499,3,,2
update,24495,24506,24509,3,,3
update,24506,24517,24519,2,,4
update,24517,24527,24531,4,,5
update,24528,24539,24542,3,,6
update,24539,24550,24554,4,,7
inbound,24540,24550,24554,4,,8
update,24550,24561,24564,3,,9
update,24561,24572,24575,3,,10
update,24572,24583,24586,3,,11
update,24583,24593,24598,5,,12
update,24594,24604,24608,4,,13
inbound,24595,24606,24610,4,,14
update,24605,24616,24619,3,,15
update,24616,24627,24629,2,,0
update,24627,24638,24641,3,,1
update,24638,24648,24651,3,,2
inbound,24650,24659,24662,3,,4
update,24649,24659,24664,5,,3
update,24660,24671,24673,2,,5
update,24671,24682,24686,4,,6
update,24682,24693,24698,5,,7
update,24693,24704,24707,3,,8
update,24704,24715,24719,4,,9
inbound,24705,24716,24720,4,,10
update,24715,24726,24728,2,,11
update,24726,24736,24739,3,,12
update,24737,24748,24751,3,,13
update,24748,24759,24762,3,,14
inbound,24760,24770,24773,3,,0
update,24759,24770,24774,4,,15
update,24770,24780,24783,3,,1
update,24781,24791,24795,4,,2
update,24792,24802,24808,6,,3
update,24803,24814,24817,3,,4
update,24814,24825,24828,3,,5
inbound,24815,24825,24828,3,,6
update,24825,24835,24838,3,,7
update,24836,24846,24849,3,,8
update,24847,24858,24861,3,,9
update,24858,24869,24872,3,,10
update,24869,24880,24883,3,,11
update,24880,24890,24893,3,,12
update,24891,24902,24905,3,,13
update,24902,24913,24918,5,,14
update,24913,24924,24927,3,,15
update,24924,24935,24938,3,,0
update,25000,25010,25014,4,,1
inbound,25000,25010,25014,4,,2
update,25011,25022,25026,4,,3
update,25022,25033,25036,3,,4
inbound,25025,25036,25038,2,,5
update,25033,25044,25048,4,,6
update,25044,25055,25058,3,,7
update,25055,25066,25070,4,,8
update,25066,25077,25080,3,,9
update,25077,25088,25090,2,,10
update,25088,25099,25103,4,,11
update,25099,25110,25114,4,,12
inbound,25100,25110,25114,4,,13
update,25110,25121,25124,3,,14
update,25121,25132,25135,3,,15
update,25132,25143,25146,3,,0
update,25143,25154,25157,3,,1
update,25154,25165,25168,3,,2
inbound,25155,25166,25169,3,,3
update,25165,25175,25178,3,,4
update,25176,25187,25190,3,,5
update,25187,25197,25201,4,,6
update,25198,25209,25213,4,,7
inbound,25200,25211,25215,4,,8
update,25209,25220,25224,4,,9
inbound,25210,25221,25225,4,,10
update,25220,25231,25234,3,,11
inbound,25225,25235,25238,3,,12
update,25231,25242,25244,2,,13
update,25242,25253,25256,3,,14
update,25253,25262,25265,3,,15
update,25264,25274,25280,6,,0
inbound,25265,25276,25283,7,,1
update,25275,25286,25291,5,,2
update,25286,25296,25300,4,,3
update,25297,25308,25311,3,,4
update,25308,25318,25321,3,,5
inbound,25320,25330,25334,4,,7
update,25319,25330,25335,5,,6
update,25330,25340,25343,3,,8
update,25341,25352,25355,3,,9
update,25352,25362,25365,3,,10
update,25363,25374,25378,4,,11
update,25374,25384,25389,5,,12
inbound,25375,25386,25389,3,,13
update,25385,25396,25399,3,,14
update,25396,25406,25409,3,,15
inbound,25400,25411,25413,2,,0
update,25407,25418,25421,3,,1
update,25418,25429,25432,3,,2
inbound,25425,25436,25439,3,,3
update,25429,25439,25444,5,,4
inbound,25430,25441,25445,4,,5
update,25440,25451,25454,3,,6
update,25451,25460,25463,3,,7
update,25462,25472,25476,4,,8
update,25473,25484,25487,3,,9
update,25484,25495,25498,3,,10
inbound,25485,25495,25500,5,,11
update,25495,25506,25509,3,,12
update,25506,25517,25520,3,,13
update,25517,25527,25530,3,,14
update,25528,25538,25547,9,,15
update,25539,25550,25553,3,,0
inbound,25540,25551,25555,4,,1
update,25550,25561,25564,3,,2
update,25561,25572,25578,6,,3
update,25572,25582,25587,5,,4
update,25583,25594,25598,4,,5
update,25594,25604,25609,5,,6
inbound,25595,25606,25611,5,,7
update,25605,25616,25621,5,,8
update,25616,25627,25631,4,,9
update,25627,25638,25642,4,,10
update,25638,25649,25654,5,,11
update,25649,25659,25666,7,,12
inbound,25650,25661,25668,7,,13
update,25660,25671,25675,4,,14
update,25671,25681,25686,5,,15
update,25682,25693,25701,8,,0
update,25693,25704,25708,4,,1
update,25704,25715,25721,6,,2
inbound,25705,25716,25721,5,,3
update,25715,25726,25731,5,,4
update,25726,25736,25739,3,,5
update,25737,25747,25751,4,,6
update,25748,25758,25761,3,,7
update,25759,25768,25771,3,,8
inbound,25760,25771,25773,2,,9
update,25770,25781,25783,2,,10
update,25781,25792,25796,4,,11
update,25792,25802,25805,3,,12
update,25803,25813,25817,4,,13
update,25814,25824,25828,4,,14
inbound,25815,25826,25829,3,,15
update,25825,25836,25839,3,,0
update,25836,25847,25850,3,,1
update,25847,25858,25861,3,,2
update,25858,25868,25871,3,,3
update,25869,25879,25883,4,,4
update,25880,25891,25894,3,,5
update,25891,25902,25904,2,,6
update,25902,25913,25916,3,,7
update,25913,25924,25928,4,,8
update,25924,25935,25938,3,,9
update,26000,26010,26015,5,,10
inbound,26000,26010,26015,5,,11
update,26011,26021,26024,3,,12
update,26022,26033,26035,2,,13
inbound,26025,26035,26039,4,,14
update,26033,26044,26047,3,,15
update,26044,26055,26058,3,,0
update,26055,26065,26068,3,,1
update,26066,26077,26079,2,,2
update,26077,26088,26091,3,,3
update,26088,26099,26102,3,,4
update,26099,26109,26115,6,,5
inbound,26100,26111,26116,5,,6
update,26110,26121,26124,3,,7
update,26121,26130,26134,4,,8
update,26132,26143,26146,3,,9
update,26143,26154,26157,3,,10
update,26154,26165,26168,3,,11
inbound,26155,26166,26170,4,,12
update,26165,26175,26178,3,,13
update,26176,26186,26189,3,,14
update,26187,26197,26200,3,,15
update,26198,26209,26213,4,,0
inbound,26200,26210,26214,4,,1
update,26209,26220,26224,4,,2
inbound,26210,26221,26225,4,,3
update,26220,26231,26234,3,,4
inbound,26225,26236,26239,3,,5
update,26231,26241,26244,3,,6
update,26242,26252,26255,3,,7
update,26253,26263,26266,3,,8
update,26264,26274,26278,4,,9
inbound,26265,26275,26279,4,,10
update,26275,26286,26290,4,,11
update,26286,26297,26300,3,,12
update,26297,26307,26310,3,,13
update,26308,26319,26322,3,,14
update,26319,26330,26333,3,,15
inbound,26320,26331,26336,5,,0
update,26330,26341,26344,3,,1
update,26341,26352,26355,3,,2
update,26352,26362,26365,3,,3
update,26363,26373,26376,3,,4
update,26374,26385,26388,3,,5
inbound,26375,26386,26390,4,,6
update,26385,26396,26400,4,,7
update,26396,26406,26409,3,,8
inbound,26400,26411,26414,3,,9
update,26407,26417,26420,3,,10
update,26418,26428,26433,5,,11
inbound,26425,26434,26437,3,,12
inbound,26430,26440,26444,4,,14
update,26429,26440,26444,4,,13
update,26440,26450,26454,4,,15
update,26451,26461,26464,3,,0
update,26462,26473,26476,3,,1
update,26473,26484,26487,3,,2
update,26484,26495,26499,4,,3
inbound,26485,26496,26500,4,,4
update,26495,26506,26509,3,,5
update,26506,26517,26520,3,,6
update,26517,26528,26531,3,,7
update,26528,26538,26541,3,,8
update,26539,26550,26553,3,,9
inbound,26540,26551,26554,3,,10
update,26550,26560,26563,3,,11
update,26561,26572,26574,2,,12
update,26572,26583,26586,3,,13
update,26583,26594,26597,3,,14
update,26594,26605,26609,4,,15
inbound,26595,26606,26610,4,,0
update,26605,26616,26618,2,,1
update,26616,26627,26630,3,,2
update,26627,26637,26640,3,,3
update,26638,26648,26652,4,,4
inbound,26650,26660,26664,4,,6
update,26649,26660,26664,4,,5
update,26660,26671,26674,3,,7
update,26671,26682,26685,3,,8
update,26682,26693,26696,3,,9
update,26693,26703,26706,3,,10
update,26704,26714,26718,4,,11
inbound,26705,26716,26719,3,,12
update,26715,26726,26729,3,,13
update,26726,26737,26740,3,,14
update,26737,26748,26751,3,,15
update,26748,26759,26762,3,,0
update,26759,26770,26773,3,,1
inbound,26760,26771,26774,3,,2
update,26770,26781,26784,3,,3
update,26781,26792,26796,4,,4
update,26792,26803,26808,5,,5
update,26803,26814,26817,3,,6
update,26814,26823,26826,3,,7
inbound,26815,26826,26828,2,,8
update,26825,26836,26839,3,,9
update,26836,26846,26850,4,,10
update,26847,26858,26861,3,,11
update,26858,26868,26876,8,,12
update,26869,26880,26884,4,,13
update,26880,26891,26894,3,,14
update,26891,26902,26906,4,,15
update,26902,26913,26917,4,,0
update,26913,26924,26928,4,,1
update,26924,26935,26938,3,,2
update,27000,27011,27014,3,,3
inbound,27000,27011,27014,3,,4
update,27011,27022,27024,2,,5
update,27022,27033,27036,3,,6
inbound,27025,27036,27038,2,,7
update,27033,27044,27046,2,,8
update,27044,27055,27057,2,,9
update,27055,27065,27068,3,,10
update,27066,27076,27078,2,,11
update,27077,27087,27090,3,,12
update,27088,27098,27102,4,,13
update,27099,27110,27113,3,,14
inbound,27100,27111,27115,4,,15
update,27110,27121,27123,2,,0
update,27121,27132,27134,2,,1
update,27132,27142,27145,3,,2
update,27143,27154,27157,3,,3
inbound,27155,27165,27168,3,,5
update,27154,27165,27168,3,,4
update,27165,27175,27178,3,,6
update,27176,27186,27189,3,,7
update,27187,27197,27200,3,,8
update,27198,27209,27212,3,,9
inbound,27200,27211,27214,3,,10
inbound,27210,27220,27223,3,,12
update,27209,27220,27223,3,,11
update,27220,27230,27233,3,,13
inbound,27225,27235,27238,3,,14
update,27231,27241,27244,3,,15
update,27242,27252,27255,3,,0
update,27253,27263,27266,3,,1
inbound,27265,27275,27278,3,,3
update,27264,27275,27278,3,,2
update,27275,27285,27289,4,,4
update,27286,27297,27301,4,,5
update,27297,27307,27310,3,,6
update,27308,27319,27322,3,,7
inbound,27320,27329,27332,3,,9
update,27319,27329,27333,4,,8
update,27330,27341,27343,2,,10
update,27341,27350,27353,3,,11
update,27352,27363,27365,2,,12
update,27363,27373,27375,2,,13
update,27374,27384,27387,3,,14
inbound,27375,27384,27388,4,,15
update,27385,27396,27399,3,,0
update,27396,27406,27409,3,,1
inbound,27400,27410,27413,3,,2
update,27407,27417,27420,3,,3
update,27418,27429,27432,3,,4
inbound,27425,27436,27439,3,,5
update,27429,27440,27443,3,,6
inbound,27430,27440,27444,4,,7
update,27440,27451,27454,3,,8
update,27451,27461,27464,3,,9
update,27462,27473,27476,3,,10
update,27473,27483,27486,3,,11
inbound,27485,27495,27497,2,,13
update,27484,27494,27498,4,,12
update,27495,27506,27509,3,,14
update,27506,27517,27520,3,,15
update,27517,27528,27531,3,,0
update,27528,27539,27542,3,,1
inbound,27540,27550,27554,4,,3
update,27539,27550,27554,4,,2
update,27550,27561,27563,2,,4
update,27561,27572,27575,3,,5
update,27572,27583,27586,3,,6
update,27583,27594,27596,2,,7
update,27594,27605,27608,3,,8
inbound,27595,27606,27609,3,,9
update,27605,27616,27619,3,,10
update,27616,27627,27630,3,,11
update,27627,27638,27641,3,,12
update,27638,27649,27653,4,,13
update,27649,27660,27664,4,,14
inbound,27650,27661,27664,3,,15
update,27660,27671,27674,3,,0
update,27671,27682,27685,3,,1
update,27682,27693,27696,3,,2
update,27693,27703,27706,3,,3
inbound,27705,27714,27717,3,,5
update,27704,27714,27717,3,,4
update,27715,27726,27728,2,,6
update,27726,27737,27739,2,,7
update,27737,27746,27749,3,,8
update,27748,27759,27761,2,,9
update,27759,27769,27777,8,,10
inbound,27760,27769,27778,9,,11
update,27770,27781,27783,2,,12
update,27781,27791,27794,3,,13
update,27792,27802,27805,3,,14
update,27803,27814,27817,3,,15
inbound,27815,27825,27827,2,,1
update,27814,27825,27828,3,,0
update,27825,27836,27838,2,,2
update,27836,27846,27849,3,,3
update,27847,27857,27860,3,,4
update,27858,27868,27871,3,,5
update,27869,27879,27882,3,,6
update,27880,27891,27894,3,,7
update,27891,27901,27904,3,,8
update,27902,27913,27916,3,,9
update,27913,27924,27927,3,,10
update,27924,27935,27937,2,,11
update,28000,28011,28015,4,,12
inbound,28000,28011,28016,5,,13
update,28011,28020,28023,3,,14
update,28022,28033,28036,3,,15
inbound,28025,28037,28040,3,,0
update,28033,28043,28047,4,,1
update,28044,28054,28058,4,,2
update,28055,28066,28069,3,,3
update,28066,28077,28080,3,,4
update,28077,28088,28092,4,,5
update,28088,28099,28105,6,,6
update,28099,28110,28113,3,,7
inbound,28100,28112,28116,4,,8
update,28110,28121,28124,3,,9
update,28121,28132,28135,3,,10
update,28132,28143,28146,3,,11
update,28143,28154,28156,2,,12
update,28154,28164,28168,4,,13
inbound,28155,28167,28170,3,,14
update,28165,28175,28178,3,,15
update,28176,28187,28190,3,,0
update,28187,28197,28201,4,,1
update,28198,28209,28211,2,,2
inbound,28200,28211,28214,3,,3
update,28209,28219,28223,4,,4
inbound,28210,28222,28225,3,,5
update,28220,28230,28233,3,,6
inbound,28225,28236,28239,3,,7
update,28231,28242,28244,2,,8
update,28242,28253,28256,3,,9
update,28253,28263,28267,4,,10
update,28264,28275,28279,4,,11
inbound,28265,28277,28280,3,,12
update,28275,28286,28288,2,,13
update,28286,28296,28302,6,,14
update,28297,28308,28311,3,,15
update,28308,28319,28322,3,,0
update,28319,28329,28333,4,,1
inbound,28320,28332,28334,2,,2
update,28330,28341,28344,3,,3
update,28341,28352,28355,3,,4
update,28352,28363,28366,3,,5
update,28363,28374,28377,3,,6
update,28374,28384,28387,3,,7
inbound,28375,28386,28390,4,,8
update,28385,28396,28399,3,,9
update,28396,28407,28410,3,,10
inbound,28400,28412,28415,3,,11
update,28407,28417,28421,4,,12
update,28418,28429,28432,3,,13
inbound,28425,28436,28439,3,,14
update,28429,28439,28442,3,,15
inbound,28430,28442,28445,3,,0
update,28440,28451,28454,3,,1
update,28451,28462,28464,2,,2
update,28462,28472,28476,4,,3
update,28473,28484,28487,3,,4
update,28484,28495,28499,4,,5
inbound,28485,28497,28500,3,,6
update,28495,28507,28510,3,,7
update,28506,28518,28520,2,,8
update,28517,28528,28531,3,,9
update,28528,28540,28544,4,,10
update,28539,28549,28552,3,,11
inbound,28540,28552,28554,2,,12
update,28550,28561,28564,3,,13
update,28561,28572,28575,3,,14
update,28572,28584,28587,3,,15
update,28583,28594,28597,3,,0
update,28594,28606,28610,4,,1
inbound,28595,28607,28611,4,,2
update,28605,28617,28620,3,,3
update,28616,28628,28631,3,,4
update,28627,28638,28642,4,,5
update,28638,28649,28652,3,,6
update,28649,28660,28664,4,,7
inbound,28650,28662,28665,3,,8
update,28660,28672,28675,3,,9
update,28671,28683,28686,3,,10
update,28682,28694,28697,3,,11
update,28693,28705,28708,3,,12
update,28704,28716,28719,3,,13
inbound,28705,28717,28720,3,,14
update,28715,28727,28729,2,,15
update,28726,28737,28740,3,,0
update,28737,28749,28752,3,,1
update,28748,28759,28762,3,,2
update,28759,28771,28774,3,,3
inbound,28760,28771,28774,3,,4
update,28770,28782,28785,3,,5
update,28781,28793,28796,3,,6
update,28792,28803,28806,3,,7
update,28803,28815,28818,3,,8
inbound,28815,28827,28829,2,,10
update,28814,28825,28829,4,,9
update,28825,28837,28840,3,,11
update,28836,28847,28850,3,,12
update,28847,28859,28862,3,,13
update,28858,28870,28873,3,,14
update,28869,28881,28884,3,,15
update,28880,28892,28895,3,,0
update,28891,28903,28907,4,,1
update,28902,28914,28917,3,,2
update,28913,28924,28928,4,,3
update,28924,28936,28939,3,,4
inbound,29000,29011,29020,9,,6
update,29000,29011,29020,9,,5
update,29011,29022,29026,4,,7
update,29022,29034,29063,29,,8
update,29044,29056,29063,7,,11
inbound,29025,29037,29063,26,,9
update,29033,29044,29063,19,,10
update,29055,29066,29071,5,,12
update,29088,29100,29126,26,,15
update,29077,29089,29126,37,,14
update,29110,29122,29126,4,,2
update,29066,29077,29126,49,,13
inbound,29100,29111,29128,17,,1
update,29099,29111,29128,17,,0
update,29121,29133,29171,38,,3
update,29132,29143,29172,29,,4
inbound,29155,29166,29175,9,,7
update,29143,29155,29175,20,,5
update,29154,29166,29175,9,,6
update,29165,29177,29182,5,,8
update,29176,29188,29221,33,,9
update,29187,29198,29221,23,,10
inbound,29200,29212,29222,10,,12
update,29198,29209,29222,13,,11
inbound,29210,29221,29227,6,,14
update,29209,29220,29228,8,,13
update,29220,29231,29266,35,,15
inbound,29225,29237,29267,30,,0
update,29242,29254,29268,14,,2
update,29231,29243,29268,25,,1
update,29253,29264,29268,4,,3
inbound,29265,29277,29281,4,,5
update,29264,29275,29281,6,,4
update,29275,29287,29290,3,,6
update,29286,29296,29301,5,,7
update,29297,29309,29315,6,,8
update,29308,29320,29324,4,,9
update,29319,29330,29334,4,,10
inbound,29320,29332,29336,4,,11
update,29330,29341,29345,4,,12
update,29341,29353,29356,3,,13
update,29352,29364,29367,3,,14
update,29363,29375,29378,3,,15
update,29374,29384,29387,3,,0
inbound,29375,29387,29390,3,,1
update,29385,29397,29400,3,,2
update,29396,29408,29411,3,,3
inbound,29400,29411,29414,3,,4
update,29407,29419,29423,4,,5
update,29418,29429,29432,3,,6
inbound,29425,29436,29439,3,,7
update,29429,29441,29444,3,,8
inbound,29430,29442,29445,3,,9
update,29440,29452,29455,3,,10
update,29451,29463,29466,3,,11
update,29462,29474,29477,3,,12
update,29473,29485,29488,3,,13
update,29484,29496,29500,4,,14
inbound,29485,29497,29501,4,,15
update,29495,29507,29510,3,,0
update,29506,29518,29521,3,,1
update,29517,29528,29532,4,,2
update,29528,29539,29542,3,,3
update,29539,29551,29556,5,,4
inbound,29540,29551,29556,5,,5
update,29550,29561,29565,4,,6
update,29561,29573,29576,3,,7
update,29572,29584,29586,2,,8
update,29583,29595,29598,3,,9
update,29594,29604,29607,3,,10
inbound,29595,29607,29610,3,,11
update,29605,29617,29620,3,,12
update,29616,29628,29631,3,,13
update,29627,29639,29642,3,,14
update,29638,29649,29653,4,,15
inbound,29650,29661,29665,4,,1
update,29649,29661,29665,4,,0
update,29660,29672,29675,3,,2
update,29671,29683,29686,3,,3
update,29682,29694,29697,3,,4
update,29693,29705,29708,3,,5
update,29704,29716,29719,3,,6
inbound,29705,29716,29719,3,,7
update,29715,29727,29731,4,,8
update,29726,29736,29743,7,,9
update,29737,29749,29753,4,,10
update,29748,29760,29764,4,,11
update,29759,29770,29774,4,,12
inbound,29760,29772,29776,4,,13
update,29770,29781,29784,3,,14
update,29781,29792,29796,4,,15
update,29792,29804,29807,3,,0
update,29803,29815,29818,3,,1
inbound,29815,29826,29830,4,,3
update,29814,29826,29830,4,,2
update,29825,29836,29839,3,,4
update,29836,29847,29850,3,,5
update,29847,29859,29864,5,,6
update,29858,29870,29873,3,,7
update,29869,29881,29885,4,,8
update,29880,29892,29896,4,,9
update,29891,29902,29905,3,,10
update,29902,29913,29916,3,,11
update,29913,29925,29928,3,,12
update,29924,29935,29938,3,,13
update,30000,30012,30014,2,,14
inbound,30000,30012,30015,3,,15
update,30011,30023,30026,3,,0
update,30022,30034,30037,3,,1
inbound,30025,30037,30040,3,,2
update,30033,30045,30048,3,,3
update,30044,30056,30059,3,,4
update,30055,30067,30070,3,,5
update,30066,30077,30080,3,,6
update,30077,30089,30092,3,,7
update,30088,30099,30102,3,,8
inbound,30100,30110,30114,4,,10
update,30099,30110,30114,4,,9
update,30110,30122,30125,3,,11
update,30121,30133,30136,3,,12
update,30132,30143,30146,3,,13
update,30143,30154,30158,4,,14
update,30154,30166,30170,4,,15
inbound,30155,30167,30172,5,,0
update,30165,30177,30180,3,,1
update,30176,30187,30190,3,,2
update,30187,30199,30202,3,,3
update,30198,30210,30213,3,,4
inbound,30200,30212,30215,3,,5
update,30209,30221,30224,3,,6
inbound,30210,30222,30225,3,,7
update,30220,30232,30235,3,,8
inbound,30225,30236,30239,3,,9
update,30231,30242,30245,3,,10
update,30242,30253,30256,3,,11
update,30253,30265,30268,3,,12
update,30264,30275,30279,4,,13
inbound,30265,30277,30280,3,,14
update,30275,30287,30290,3,,15
update,30286,30298,30301,3,,0
update,30297,30309,30312,3,,1
update,30308,30320,30324,4,,2
inbound,30320,30332,30337,5,,4
update,30319,30331,30337,6,,3
update,30330,30342,30345,3,,5
update,30341,30353,30356,3,,6
update,30352,30364,30367,3,,7
update,30363,30374,30377,3,,8
inbound,30375,30385,30389,4,,10
update,30374,30385,30389,4,,9
update,30385,30397,30401,4,,11
update,30396,30408,30411,3,,12
inbound,30400,30412,30415,3,,13
update,30407,30418,30422,4,,14
update,30418,30430,30432,2,,15
inbound,30425,30437,30440,3,,0
update,30429,30441,30444,3,,1
inbound,30430,30441,30445,4,,2
update,30440,30451,30454,3,,3
update,30451,30463,30466,3,,4
update,30462,30474,30477,3,,5
update,30473,30483,30487,4,,6
update,30484,30495,30500,5,,7
inbound,30485,30497,30500,3,,8
update,30495,30507,30509,2,,9
update,30506,30518,30523,5,,10
update,30517,30529,30532,3,,11
update,30528,30539,30543,4,,12
update,30539,30551,30554,3,,13
inbound,30540,30551,30555,4,,14
update,30550,30561,30564,3,,15
update,30561,30572,30575,3,,0
update,30572,30584,30587,3,,1
update,30583,30595,30598,3,,2
update,30594,30606,30609,3,,3
inbound,30595,30607,30610,3,,4
update,30605,30616,30620,4,,5
update,30616,30628,30631,3,,6
update,30627,30639,30642,3,,7
update,30638,30650,30654,4,,8
update,30649,30661,30665,4,,9
inbound,30650,30662,30666,4,,10
update,30660,30671,30674,3,,11
update,30671,30683,30686,3,,12
update,30682,30693,30697,4,,13
update,30693,30705,30708,3,,14
update,30704,30715,30719,4,,15
inbound,30705,30716,30720,4,,0
update,30715,30727,30730,3,,1
update,30726,30738,30741,3,,2
update,30737,30748,30752,4,,3
update,30748,30760,30764,4,,4
update,30759,30770,30773,3,,5
inbound,30760,30771,30774,3,,6
update,30770,30781,30784,3,,7
update,30781,30793,30796,3,,8
update,30792,30804,30806,2,,9
update,30803,30814,30818,4,,10
update,30814,30826,30829,3,,11
inbound,30815,30827,30831,4,,12
update,30825,30835,30839,4,,13
update,30836,30848,30855,7,,14
update,30847,30859,30862,3,,15
update,30858,30869,30873,4,,0
update,30869,30881,30884,3,,1
update,30880,30892,30896,4,,2
update,30891,30903,30906,3,,3
update,30902,30914,30917,3,,4
update,30913,30925,30928,3,,5
update,30924,30936,30940,4,,6
inbound,31000,31010,31014,4,,8
update,31000,31010,31014,4,,7
update,31011,31023,31026,3,,9
update,31022,31034,31040,6,,10
inbound,31025,31037,31041,4,,11
update,31033,31044,31048,4,,12
update,31044,31056,31060,4,,13
update,31055,31067,31070,3,,14
update,31066,31077,31080,3,,15
update,31077,31089,31092,3,,0
update,31088,31100,31103,3,,1
update,31099,31111,31115,4,,2
inbound,31100,31112,31116,4,,3
update,31110,31120,31123,3,,4
update,31121,31133,31137,4,,5
update,31132,31144,31147,3,,6
update,31143,31155,31159,4,,7
update,31154,31166,31170,4,,8
inbound,31155,31167,31171,4,,9
update,31165,31177,31180,3,,10
update,31176,31187,31191,4,,11
update,31187,31199,31202,3,,12
update,31198,31210,31214,4,,13
inbound,31200,31212,31215,3,,14
update,31209,31221,31225,4,,15
inbound,31210,31222,31227,5,,0
update,31220,31232,31236,4,,1
inbound,31225,31236,31242,6,,2
update,31231,31242,31247,5,,3
update,31242,31253,31257,4,,4
update,31253,31264,31269,5,,5
update,31264,31276,31279,3,,6
inbound,31265,31277,31280,3,,7
update,31275,31286,31289,3,,8
update,31286,31298,31300,2,,9
update,31297,31308,31312,4,,10
update,31308,31320,31326,6,,11
update,31319,31330,31344,14,,12
inbound,31320,31331,31345,14,,13
update,31330,31342,31347,5,,14
update,31341,31353,31356,3,,15
update,31352,31363,31366,3,,0
update,31363,31374,31378,4,,1
update,31374,31385,31389,4,,2
inbound,31375,31387,31390,3,,3
update,31385,31397,31400,3,,4
update,31396,31407,31410,3,,5
inbound,31400,31412,31414,2,,6
update,31407,31419,31421,2,,7
update,31418,31430,31433,3,,8
inbound,31425,31437,31440,3,,9
update,31429,31440,31445,5,,10
inbound,31430,31442,31445,3,,11
update,31440,31452,31455,3,,12
update,31451,31461,31465,4,,13
update,31462,31474,31477,3,,14
update,31473,31484,31487,3,,15
inbound,31485,31496,31499,3,,1
update,31484,31496,31499,3,,0
update,31495,31507,31511,4,,2
update,31506,31518,31521,3,,3
update,31517,31529,31532,3,,4
update,31528,31539,31542,3,,5
update,31539,31551,31555,4,,6
inbound,31540,31552,31556,4,,7
update,31550,31561,31564,3,,8
update,31561,31573,31576,3,,9
update,31572,31583,31587,4,,10
update,31583,31594,31598,4,,11
inbound,31595,31606,31609,3,,13
update,31594,31606,31610,4,,12
update,31605,31617,31620,3,,14
update,31616,31628,31631,3,,15
update,31627,31639,31641,2,,0
update,31638,31650,31652,2,,1
update,31649,31661,31663,2,,2
inbound,31650,31662,31665,3,,3
update,31660,31671,31674,3,,4
update,31671,31683,31687,4,,5
update,31682,31694,31699,5,,6
update,31693,31704,31708,4,,7
inbound,31705,31716,31719,3,,9
update,31704,31716,31720,4,,8
update,31715,31727,31730,3,,10
update,31726,31738,31741,3,,11
update,31737,31749,31753,4,,12
update,31748,31760,31763,3,,13
inbound,31760,31771,31774,3,,15
update,31759,31771,31775,4,,14
update,31770,31782,31785,3,,0
update,31781,31793,31796,3,,1
update,31792,31804,31806,2,,2
update,31803,31815,31818,3,,3
inbound,31815,31826,31830,4,,5
update,31814,31826,31830,4,,4
update,31825,31837,31840,3,,6
update,31836,31847,31851,4,,7
update,31847,31859,31862,3,,8
update,31858,31870,31874,4,,9
update,31869,31879,31882,3,,10
update,31880,31892,31895,3,,11
update,31891,31903,31906,3,,12
update,31902,31913,31917,4,,13
update,31913,31923,31926,3,,14
update,31924,31934,31938,4,,15
update,32000,32011,32014,3,,0
inbound,32000,32011,32015,4,,1
update,32011,32023,32026,3,,2
update,32022,32034,32038,4,,3
inbound,32025,32036,32040,4,,4
update,32033,32045,32048,3,,5
update,32044,32056,32060,4,,6
update,32055,32067,32071,4,,7
update,32066,32077,32081,4,,8
update,32077,32089,32093,4,,9
update,32088,32100,32103,3,,10
update,32099,32111,32115,4,,11
inbound,32100,32112,32116,4,,12
update,32110,32122,32124,2,,13
update,32121,32133,32136,3,,14
update,32132,32144,32147,3,,15
update,32143,32155,32158,3,,0
inbound,32155,32166,32171,5,,2
update,32154,32166,32171,5,,1
update,32165,32177,32179,2,,3
update,32176,32188,32191,3,,4
update,32187,32198,32201,3,,5
update,32198,32209,32213,4,,6
inbound,32200,32212,32215,3,,7
inbound,32210,32221,32224,3,,9
update,32209,32221,32224,3,,8
update,32220,32232,32235,3,,10
inbound,32225,32237,32239,2,,11
update,32231,32243,32246,3,,12
update,32242,32253,32256,3,,13
update,32253,32265,32268,3,,14
update,32264,32276,32278,2,,15
inbound,32265,32276,32281,5,,0
update,32275,32286,32289,3,,1
update,32286,32297,32300,3,,2
update,32297,32309,32311,2,,3
update,32308,32320,32324,4,,4
update,32319,32331,32336,5,,5
inbound,32320,32332,32336,4,,6
update,32330,32342,32345,3,,7
update,32341,32352,32355,3,,8
update,32352,32364,32366,2,,9
update,32363,32375,32378,3,,10
update,32374,32386,32391,5,,11
inbound,32375,32386,32391,5,,12
update,32385,32397,32399,2,,13
update,32396,32407,32411,4,,14
inbound,32400,32412,32415,3,,15
update,32407,32419,32422,3,,0
update,32418,32430,32433,3,,1
inbound,32425,32437,32439,2,,2
update,32429,32441,32444,3,,3
inbound,32430,32442,32445,3,,4
update,32440,32452,32455,3,,5
update,32451,32463,32466,3,,6
update,32462,32473,32476,3,,7
update,32473,32484,32487,3,,8
inbound,32485,32496,32499,3,,10
update,32484,32495,32499,4,,9
update,32495,32506,32509,3,,11
update,32506,32518,32520,2,,12
update,32517,32529,32531,2,,13
update,32528,32539,32542,3,,14
update,32539,32549,32552,3,,15
inbound,32540,32552,32555,3,,0
update,32550,32562,32565,3,,1
update,32561,32573,32576,3,,2
update,32572,32584,32587,3,,3
update,32583,32595,32598,3,,4
inbound,32595,32606,32610,4,,6
update,32594,32606,32610,4,,5
update,32605,32615,32618,3,,7
update,32616,32628,32631,3,,8
update,32627,32639,32642,3,,9
update,32638,32649,32652,3,,10
update,32649,32661,32664,3,,11
inbound,32650,32661,32666,5,,12
update,32660,32671,32674,3,,13
update,32671,32682,32685,3,,14
update,32682,32694,32696,2,,15
update,32693,32705,32708,3,,0
update,32704,32714,32719,5,,1
inbound,32705,32717,32720,3,,2
update,32715,32727,32730,3,,3
update,32726,32738,32742,4,,4
update,32737,32748,32751,3,,5
update,32748,32759,32762,3,,6
inbound,32760,32771,32774,3,,8
update,32759,32770,32774,4,,7
update,32770,32781,32785,4,,9
update,32781,32793,32796,3,,10
update,32792,32803,32806,3,,11
update,32803,32815,32818,3,,12
update,32814,32826,32829,3,,13
inbound,32815,32827,32829,2,,14
update,32825,32837,32840,3,,15
update,32836,32848,32851,3,,0
update,32847,32859,32861,2,,1
update,32858,32870,32873,3,,2
update,32869,32881,32884,3,,3
update,32880,32892,32895,3,,4
update,32891,32903,32906,3,,5
update,32902,32914,32917,3,,6
update,32913,32925,32928,3,,7
update,32924,32936,32940,4,,8
inbound,33000,33012,33016,4,,10
update,33000,33012,33017,5,,9
update,33011,33022,33025,3,,11
update,33022,33034,33036,2,,12
inbound,33025,33037,33040,3,,13
update,33033,33045,33048,3,,14
update,33044,33056,33059,3,,15
update,33055,33067,33070,3,,0
update,33066,33078,33081,3,,1
update,33077,33089,33091,2,,2
update,33088,33100,33103,3,,3
update,33099,33111,33114,3,,4
inbound,33100,33112,33115,3,,5
update,33110,33122,33125,3,,6
update,33121,33133,33136,3,,7
update,33132,33143,33147,4,,8
update,33143,33154,33158,4,,9
update,33154,33166,33169,3,,10
inbound,33155,33167,33171,4,,11
update,33165,33176,33179,3,,12
update,33176,33187,33191,4,,13
update,33187,33199,33202,3,,14
update,33198,33210,33214,4,,15
inbound,33200,33211,33215,4,,0
update,33209,33221,33224,3,,1
inbound,33210,33222,33225,3,,2
update,33220,33232,33236,4,,3
inbound,33225,33236,33241,5,,4
update,33231,33243,33247,4,,5
update,33242,33253,33257,4,,6
update,33253,33264,33267,3,,7
update,33264,33276,33281,5,,8
inbound,33265,33277,33284,7,,9
update,33275,33286,33290,4,,10
update,33286,33298,33306,8,,11
update,33297,33309,33315,6,,12
update,33319,33332,33341,9,,14
inbound,33320,33332,33344,12,,15
update,33308,33319,33345,26,,13
update,33330,33342,33350,8,,0
update,33341,33352,33357,5,,1
update,33352,33363,33372,9,,2
update,33363,33375,33383,8,,3
inbound,33375,33387,33390,3,,5
update,33374,33385,33390,5,,4
update,33385,33397,33400,3,,6
update,33396,33408,33411,3,,7
inbound,33400,33412,33415,3,,8
update,33407,33419,33423,4,,9
update,33418,33430,33433,3,,10
inbound,33425,33435,33438,3,,11
update,33429,33440,33443,3,,12
inbound,33430,33442,33445,3,,13
update,33440,33451,33455,4,,14
update,33451,33463,33465,2,,15
update,33462,33473,33476,3,,0
update,33473,33485,33487,2,,1
update,33484,33495,33499,4,,2
inbound,33485,33497,33501,4,,3
update,33495,33506,33509,3,,4
update,33506,33517,33520,3,,5
update,33517,33529,33532,3,,6
update,33528,33540,33543,3,,7
update,33539,33550,33553,3,,8
inbound,33540,33551,33555,4,,9
update,33550,33561,33568,7,,10
update,33561,33573,33577,4,,11
update,33572,33584,33587,3,,12
update,33583,33594,33602,8,,13
update,33594,33605,33610,5,,14
inbound,33595,33607,33611,4,,15
update,33605,33616,33620,4,,0
update,33616,33627,33631,4,,1
update,33627,33639,33642,3,,2
update,33638,33650,33653,3,,3
update,33649,33661,33665,4,,4
inbound,33650,33662,33666,4,,5
update,33660,33671,33674,3,,6
update,33671,33683,33686,3,,7
update,33682,33694,33698,4,,8
update,33693,33704,33707,3,,9
update,33704,33716,33719,3,,10
inbound,33705,33717,33721,4,,11
update,33715,33727,33730,3,,12
update,33726,33738,33741,3,,13
update,33737,33749,33751,2,,14
update,33748,33760,33763,3,,15
inbound,33760,33772,33775,3,,1
update,33759,33771,33775,4,,0
update,33770,33781,33784,3,,2
update,33781,33793,33797,4,,3
update,33792,33804,33806,2,,4
update,33803,33815,33818,3,,5
update,33814,33826,33829,3,,6
inbound,33815,33827,33830,3,,7
update,33825,33837,33840,3,,8
update,33836,33848,33852,4,,9
update,33847,33859,33862,3,,10
update,33858,33869,33873,4,,11
update,33869,33881,33884,3,,12
update,33880,33892,33895,3,,13
update,33891,33903,33907,4,,14
update,33902,33914,33917,3,,15
update,33913,33925,33929,4,,0
update,33924,33936,33939,3,,1
update,34000,34012,34016,4,,2
inbound,34000,34012,34016,4,,3
update,34011,34023,34025,2,,4
update,34022,34034,34039,5,,5
inbound,34025,34036,34039,3,,6
update,34033,34045,34048,3,,7
update,34044,34056,34059,3,,8
update,34055,34067,34070,3,,9
update,34066,34078,34080,2,,10
update,34077,34089,34092,3,,11
update,34088,34100,34103,3,,12
update,34099,34111,34115,4,,13
inbound,34100,34112,34116,4,,14
update,34110,34122,34126,4,,15
update,34121,34133,34136,3,,0
update,34132,34143,34148,5,,1
update,34143,34155,34158,3,,2
update,34154,34166,34170,4,,3
inbound,34155,34167,34171,4,,4
update,34165,34176,34179,3,,5
update,34176,34188,34191,3,,6
update,34187,34199,34201,2,,7
update,34198,34209,34213,4,,8
inbound,34200,34212,34215,3,,9
update,34209,34221,34224,3,,10
inbound,34210,34222,34225,3,,11
update,34220,34232,34235,3,,12
inbound,34225,34236,34239,3,,13
update,34231,34243,34246,3,,14
update,34242,34254,34257,3,,15
update,34253,34263,34266,3,,0
update,34264,34276,34279,3,,1
inbound,34265,34276,34280,4,,2
update,34275,34287,34290,3,,3
update,34286,34298,34300,2,,4
update,34297,34308,34312,4,,5
update,34308,34319,34322,3,,6
update,34319,34331,34336,5,,7
inbound,34320,34334,34339,5,,8
update,34330,34342,34346,4,,9
update,34341,34353,34356,3,,10
update,34352,34364,34368,4,,11
update,34363,34375,34378,3,,12
update,34374,34386,34390,4,,13
inbound,34375,34386,34391,5,,14
update,34385,34397,34400,3,,15
update,34396,34407,34411,4,,0
inbound,34400,34411,34414,3,,1
update,34407,34418,34421,3,,2
update,34418,34430,34433,3,,3
inbound,34425,34436,34439,3,,4
update,34429,34441,34444,3,,5
inbound,34430,34442,34445,3,,6
update,34440,34452,34455,3,,7
update,34451,34463,34466,3,,8
update,34462,34473,34478,5,,9
update,34473,34485,34489,4,,10
update,34484,34495,34499,4,,11
inbound,34485,34497,34502,5,,12
update,34495,34507,34510,3,,13
update,34506,34517,34521,4,,14
update,34517,34529,34532,3,,15
update,34528,34540,34543,3,,0
update,34539,34551,34555,4,,1
inbound,34540,34551,34555,4,,2
update,34550,34561,34565,4,,3
update,34561,34572,34575,3,,4
update,34572,34584,34588,4,,5
update,34583,34594,34597,3,,6
update,34594,34605,34609,4,,7
inbound,34595,34606,34610,4,,8
update,34605,34617,34619,2,,9
update,34616,34628,34631,3,,10
update,34627,34639,34641,2,,11
update,34638,34650,34654,4,,12
update,34649,34660,34664,4,,13
inbound,34650,34663,34667,4,,14
update,34660,34671,34674,3,,15
update,34671,34683,34686,3,,0
update,34682,34693,34696,3,,1
update,34693,34704,34707,3,,2
update,34704,34715,34718,3,,3
inbound,34705,34716,34720,4,,4
update,34715,34727,34729,2,,5
update,34726,34738,34741,3,,6
update,34737,34749,34752,3,,7
update,34748,34759,34763,4,,8
update,34759,34771,34775,4,,9
inbound,34760,34772,34775,3,,10
update,34770,34781,34784,3,,11
update,34781,34793,34795,2,,12
update,34792,34804,34807,3,,13
update,34803,34815,34818,3,,14
inbound,34815,34827,34829,2,,0
update,34814,34826,34829,3,,15
update,34825,34837,34839,2,,1
update,34836,34848,34851,3,,2
update,34847,34859,34862,3,,3
update,34858,34870,34873,3,,4
update,34869,34881,34884,3,,5
update,34880,34891,34894,3,,6
update,34891,34902,34905,3,,7
update,34902,34914,34917,3,,8
update,34913,34925,34928,3,,9
update,34924,34936,34939,3,,10
update,35000,35012,35016,4,,11
inbound,35000,35012,35016,4,,12
update,35011,35023,35026,3,,13
update,35022,35034,35037,3,,14
inbound,35025,35036,35039,3,,15
update,35033,35043,35047,4,,0
update,35044,35056,35059,3,,1
update,35055,35067,35070,3,,2
update,35066,35076,35079,3,,3
update,35077,35089,35092,3,,4
update,35088,35099,35102,3,,5
update,35099,35111,35115,4,,6
inbound,35100,35112,35115,3,,7
update,35110,35122,35124,2,,8
update,35121,35133,35135,2,,9
update,35132,35144,35146,2,,10
update,35143,35154,35158,4,,11
update,35154,35166,35169,3,,12
inbound,35155,35167,35170,3,,13
update,35165,35176,35179,3,,14
update,35176,35188,35191,3,,15
update,35187,35199,35201,2,,0
update,35198,35210,35215,5,,1
inbound,35200,35211,35215,4,,2
inbound,35210,35221,35224,3,,4
update,35209,35221,35225,4,,3
update,35220,35232,35235,3,,5
inbound,35225,35236,35241,5,,6
update,35231,35243,35246,3,,7
update,35242,35254,35257,3,,8
update,35253,35264,35267,3,,9
update,35264,35276,35280,4,,10
inbound,35265,35277,35280,3,,11
update,35275,35287,35290,3,,12
update,35286,35297,35300,3,,13
update,35297,35308,35311,3,,14
update,35308,35319,35323,4,,15
inbound,35320,35332,35336,4,,1
update,35319,35331,35337,6,,0
update,35330,35342,35347,5,,2
update,35341,35353,35356,3,,3
update,35352,35364,35367,3,,4
update,35363,35374,35377,3,,5
update,35374,35386,35390,4,,6
inbound,35375,35386,35390,4,,7
update,35385,35396,35400,4,,8
update,35396,35408,35411,3,,9
inbound,35400,35412,35416,4,,10
update,35407,35419,35423,4,,11
update,35418,35430,35433,3,,12
inbound,35425,35436,35439,3,,13
update,35429,35441,35444,3,,14
inbound,35430,35442,35446,4,,15
update,35440,35452,35455,3,,0
update,35451,35463,35466,3,,1
update,35462,35473,35475,2,,2
update,35473,35485,35488,3,,3
update,35484,35496,35500,4,,4
inbound,35485,35497,35501,4,,5
update,35495,35507,35510,3,,6
update,35506,35518,35521,3,,7
update,35517,35529,35532,3,,8
update,35528,35540,35543,3,,9
update,35539,35551,35554,3,,10
inbound,35540,35552,35556,4,,11
update,35550,35561,35564,3,,12
update,35561,35573,35576,3,,13
update,35572,35583,35587,4,,14
update,35583,35594,35598,4,,15
update,35594,35606,35609,3,,0
inbound,35595,35607,35610,3,,1
update,35605,35617,35620,3,,2
update,35616,35628,35630,2,,3
update,35627,35638,35641,3,,4
update,35638,35649,35652,3,,5
update,35649,35660,35664,4,,6
inbound,35650,35662,35665,3,,7
update,35660,35670,35673,3,,8
update,35671,35683,35686,3,,9
update,35682,35694,35697,3,,10
update,35693,35704,35708,4,,11
update,35704,35716,35720,4,,12
inbound,35705,35716,35721,5,,13
update,35715,35727,35731,4,,14
update,35726,35738,35741,3,,15
update,35737,35749,35753,4,,0
update,35748,35760,35764,4,,1
update,35759,35770,35774,4,,2
inbound,35760,35772,35774,2,,3
update,35770,35782,35786,4,,4
update,35781,35793,35798,5,,5
update,35792,35804,35809,5,,6
update,35803,35815,35818,3,,7
update,35814,35826,35833,7,,8
inbound,35815,35827,35833,6,,9
update,35825,35836,35843,7,,10
update,35836,35847,35850,3,,11
update,35847,35859,35863,4,,12
update,35858,35870,35873,3,,13
update,35869,35881,35884,3,,14
update,35880,35891,35895,4,,15
update,35891,35902,35906,4,,0
update,35902,35914,35917,3,,1
update,35913,35925,35928,3,,2
update,35924,35935,35938,3,,3
inbound,36000,36012,36015,3,,5
update,36000,36012,36016,4,,4
update,36011,36023,36026,3,,6
update,36022,36034,36037,3,,7
inbound,36025,36038,36041,3,,8
update,36033,36043,36046,3,,9
update,36044,36056,36059,3,,10
update,36055,36066,36069,3,,11
update,36066,36077,36080,3,,12
update,36077,36088,36091,3,,13
update,36088,36100,36102,2,,14
update,36099,36109,36112,3,,15
inbound,36100,36113,36116,3,,0
update,36110,36122,36125,3,,1
update,36121,36133,36136,3,,2
update,36132,36144,36147,3,,3
update,36143,36155,36157,2,,4
update,36154,36166,36169,3,,5
inbound,36155,36168,36171,3,,6
update,36165,36177,36180,3,,7
update,36176,36188,36191,3,,8
update,36187,36199,36202,3,,9
update,36198,36210,36213,3,,10
inbound,36200,36212,36215,3,,11
update,36209,36221,36225,4,,12
inbound,36210,36221,36225,4,,13
update,36220,36232,36235,3,,14
inbound,36225,36238,36241,3,,15
update,36231,36243,36246,3,,0
update,36242,36254,36257,3,,1
update,36253,36265,36269,4,,2
update,36264,36276,36280,4,,3
inbound,36265,36278,36281,3,,4
update,36275,36287,36290,3,,5
update,36286,36297,36300,3,,6
update,36297,36309,36312,3,,7
update,36308,36320,36323,3,,8
update,36319,36329,36333,4,,9
inbound,36320,36332,36335,3,,10
update,36330,36342,36346,4,,11
update,36341,36352,36357,5,,12
update,36352,36364,36367,3,,13
update,36363,36375,36378,3,,14
update,36374,36386,36390,4,,15
inbound,36375,36387,36391,4,,0
update,36385,36397,36400,3,,1
update,36396,36408,36411,3,,2
inbound,36400,36412,36415,3,,3
update,36407,36418,36421,3,,4
update,36418,36430,36433,3,,5
inbound,36425,36438,36440,2,,6
update,36429,36440,36443,3,,7
inbound,36430,36443,36446,3,,8
update,36440,36451,36454,3,,9
update,36451,36462,36465,3,,10
update,36462,36474,36477,3,,11
update,36473,36485,36488,3,,12
update,36484,36496,36500,4,,13
inbound,36485,36497,36500,3,,14
update,36495,36507,36509,2,,15
update,36506,36518,36521,3,,0
update,36517,36529,36532,3,,1
update,36528,36540,36543,3,,2
update,36539,36550,36553,3,,3
inbound,36540,36552,36555,3,,4
update,36550,36561,36564,3,,5
update,36561,36572,36575,3,,6
update,36572,36584,36587,3,,7
update,36583,36595,36598,3,,8
update,36594,36605,36608,3,,9
inbound,36595,36608,36611,3,,10
update,36605,36617,36620,3,,11
update,36616,36628,36632,4,,12
update,36627,36639,36642,3,,13
update,36638,36650,36653,3,,14
update,36649,36661,36664,3,,15
inbound,36650,36663,36666,3,,0
update,36660,36672,36675,3,,1
update,36671,36682,36685,3,,2
update,36682,36693,36696,3,,3
update,36693,36705,36708,3,,4
update,36704,36716,36719,3,,5
inbound,36705,36718,36721,3,,6
update,36715,36727,36730,3,,7
update,36726,36738,36741,3,,8
update,36737,36749,36752,3,,9
update,36748,36759,36763,4,,10
update,36759,36771,36774,3,,11
inbound,36760,36773,36775,2,,12
update,36770,36782,36784,2,,13
update,36781,36793,36796,3,,14
update,36792,36803,36807,4,,15
update,36803,36815,36818,3,,0
update,36814,36826,36830,4,,1
inbound,36815,36828,36831,3,,2
update,36825,36837,36841,4,,3
update,36836,36847,36851,4,,4
update,36847,36858,36862,4,,5
update,36858,36870,36873,3,,6
update,36869,36881,36883,2,,7
update,36880,36892,36895,3,,8
update,36891,36903,36906,3,,9
update,36902,36915,36918,3,,10
update,36913,36926,36929,3,,11
update,36924,36936,36939,3,,12
update,37000,37013,37017,4,,13
inbound,37000,37013,37019,6,,14
update,37011,37024,37029,5,,15
update,37022,37035,37040,5,,0
inbound,37025,37038,37043,5,,1
update,37033,37045,37050,5,,2
update,37044,37057,37062,5,,3
update,37055,37067,37072,5,,4
update,37066,37079,37087,8,,5
update,37077,37090,37098,8,,6
update,37088,37101,37104,3,,7
update,37099,37112,37117,5,,8
inbound,37100,37113,37117,4,,9
update,37110,37123,37126,3,,10
update,37121,37133,37136,3,,11
update,37132,37145,37148,3,,12
update,37143,37156,37159,3,,13
update,37154,37166,37170,4,,14
inbound,37155,37168,37172,4,,15
update,37165,37178,37181,3,,0
update,37176,37189,37192,3,,1
update,37187,37200,37203,3,,2
update,37198,37211,37215,4,,3
inbound,37200,37213,37217,4,,4
update,37209,37222,37225,3,,5
inbound,37210,37223,37226,3,,6
update,37220,37232,37235,3,,7
inbound,37225,37237,37240,3,,8
update,37231,37244,37247,3,,9
update,37242,37254,37257,3,,10
update,37253,37266,37269,3,,11
update,37264,37277,37281,4,,12
inbound,37265,37277,37281,4,,13
update,37275,37288,37291,3,,14
update,37286,37299,37302,3,,15
update,37297,37310,37313,3,,0
update,37308,37321,37324,3,,1
update,37319,37331,37335,4,,2
inbound,37320,37333,37337,4,,3
update,37330,37342,37346,4,,4
update,37341,37353,37358,5,,5
update,37352,37365,37368,3,,6
update,37363,37376,37379,3,,7
update,37374,37386,37390,4,,8
inbound,37375,37388,37392,4,,9
update,37385,37398,37401,3,,10
update,37396,37409,37412,3,,11
inbound,37400,37413,37416,3,,12
update,37407,37420,37422,2,,13
update,37418,37430,37433,3,,14
inbound,37425,37437,37443,6,,15
update,37429,37441,37444,3,,0
inbound,37430,37441,37445,4,,1
update,37440,37452,37456,4,,2
update,37451,37463,37466,3,,3
update,37462,37474,37477,3,,4
update,37473,37486,37490,4,,5
update,37484,37497,37500,3,,6
inbound,37485,37498,37502,4,,7
update,37495,37508,37511,3,,8
update,37506,37519,37522,3,,9
update,37517,37529,37533,4,,10
update,37528,37541,37545,4,,11
update,37539,37552,37556,4,,12
inbound,37540,37553,37557,4,,13
update,37550,37563,37566,3,,14
update,37561,37574,37577,3,,15
update,37572,37583,37586,3,,0
update,37583,37596,37598,2,,1
update,37594,37607,37609,2,,2
inbound,37595,37608,37612,4,,3
update,37605,37618,37621,3,,4
update,37616,37629,37632,3,,5
update,37627,37640,37642,2,,6
update,37638,37650,37654,4,,7
update,37649,37662,37665,3,,8
inbound,37650,37663,37667,4,,9
update,37660,37672,37675,3,,10
update,37671,37684,37687,3,,11
update,37682,37695,37698,3,,12
update,37693,37706,37709,3,,13
update,37704,37716,37720,4,,14
inbound,37705,37718,37721,3,,15
update,37715,37728,37731,3,,0
update,37726,37739,37742,3,,1
update,37737,37750,37753,3,,2
update,37748,37761,37764,3,,3
update,37759,37771,37775,4,,4
inbound,37760,37773,37776,3,,5
update,37770,37782,37785,3,,6
update,37781,37793,37796,3,,7
update,37792,37805,37808,3,,8
update,37803,37816,37819,3,,9
update,37814,37827,37831,4,,10
inbound,37815,37828,37831,3,,11
update,37825,37838,37841,3,,12
update,37836,37849,37852,3,,13
update,37847,37860,37863,3,,14
update,37858,37871,37874,3,,15
update,37869,37882,37884,2,,0
update,37880,37893,37896,3,,1
update,37891,37903,37906,3,,2
update,37902,37915,37917,2,,3
update,37913,37926,37929,3,,4
update,37924,37937,37940,3,,5
inbound,38000,38013,38016,3,,7
update,38000,38012,38016,4,,6
update,38011,38024,38027,3,,8
update,38022,38034,38037,3,,9
inbound,38025,38038,38040,2,,10
update,38033,38046,38048,2,,11
update,38044,38056,38059,3,,12
update,38055,38067,38070,3,,13
update,38066,38079,38082,3,,14
update,38077,38090,38093,3,,15
update,38088,38101,38104,3,,0
update,38099,38112,38116,4,,1
inbound,38100,38113,38117,4,,2
update,38110,38122,38125,3,,3
update,38121,38134,38137,3,,4
update,38132,38144,38147,3,,5
update,38143,38155,38158,3,,6
update,38154,38167,38170,3,,7
inbound,38155,38168,38172,4,,8
update,38165,38177,38180,3,,9
update,38176,38188,38191,3,,10
update,38187,38199,38202,3,,11
update,38198,38211,38215,4,,12
inbound,38200,38213,38216,3,,13
update,38209,38221,38225,4,,14
inbound,38210,38223,38226,3,,15
update,38220,38232,38236,4,,0
inbound,38225,38237,38241,4,,1
update,38231,38244,38246,2,,2
update,38242,38255,38258,3,,3
update,38253,38264,38267,3,,4
update,38264,38277,38280,3,,5
inbound,38265,38278,38281,3,,6
update,38275,38287,38291,4,,7
update,38286,38299,38301,2,,8
update,38297,38310,38312,2,,9
update,38308,38321,38324,3,,10
inbound,38320,38332,38336,4,,12
update,38319,38332,38336,4,,11
update,38330,38343,38346,3,,13
update,38341,38354,38357,3,,14
update,38352,38364,38369,5,,15
update,38363,38375,38378,3,,0
update,38374,38386,38389,3,,1
inbound,38375,38388,38392,4,,2
update,38385,38398,38401,3,,3
update,38396,38408,38411,3,,4
inbound,38400,38413,38416,3,,5
update,38407,38420,38423,3,,6
update,38418,38430,38433,3,,7
inbound,38425,38438,38441,3,,8
update,38429,38442,38445,3,,9
inbound,38430,38443,38447,4,,10
update,38440,38453,38456,3,,11
update,38451,38464,38467,3,,12
update,38462,38475,38478,3,,13
update,38473,38486,38489,3,,14
update,38484,38496,38500,4,,15
inbound,38485,38497,38502,5,,0
update,38495,38508,38511,3,,1
update,38506,38519,38522,3,,2
update,38517,38529,38532,3,,3
update,38528,38541,38544,3,,4
update,38539,38552,38557,5,,5
inbound,38540,38553,38558,5,,6
update,38550,38563,38567,4,,7
update,38561,38574,38578,4,,8
update,38572,38585,38588,3,,9
update,38583,38596,38600,4,,10
inbound,38595,38607,38611,4,,12
update,38594,38607,38612,5,,11
update,38605,38618,38621,3,,13
update,38616,38629,38633,4,,14
update,38627,38640,38643,3,,15
update,38638,38651,38654,3,,0
update,38649,38662,38666,4,,1
inbound,38650,38662,38669,7,,2
update,38660,38673,38676,3,,3
update,38671,38684,38688,4,,4
update,38682,38695,38700,5,,5
update,38693,38705,38709,4,,6
inbound,38705,38717,38720,3,,8
update,38704,38717,38721,4,,7
update,38715,38727,38730,3,,9
update,38726,38738,38741,3,,10
update,38737,38750,38753,3,,11
update,38748,38761,38764,3,,12
update,38759,38772,38775,3,,13
inbound,38760,38773,38776,3,,14
update,38770,38783,38786,3,,15
update,38781,38794,38798,4,,0
update,38792,38805,38808,3,,1
update,38803,38816,38819,3,,2
update,38814,38827,38830,3,,3
inbound,38815,38828,38830,2,,4
update,38825,38837,38841,4,,5
update,38836,38848,38851,3,,6
update,38847,38859,38862,3,,7
update,38858,38870,38873,3,,8
update,38869,38882,38885,3,,9
update,38880,38893,38896,3,,10
update,38891,38904,38906,2,,11
update,38902,38915,38918,3,,12
update,38913,38926,38929,3,,13
update,38924,38937,38940,3,,14
update,39000,39013,39016,3,,15
inbound,39000,39013,39016,3,,0
update,39011,39024,39026,2,,1
update,39022,39035,39037,2,,2
inbound,39025,39038,39040,2,,3
update,39033,39046,39049,3,,4
update,39044,39057,39060,3,,5
update,39055,39068,39071,3,,6
update,39066,39079,39082,3,,7
update,39077,39090,39092,2,,8
update,39088,39100,39104,4,,9
update,39099,39111,39114,3,,10
inbound,39100,39113,39116,3,,11
update,39110,39122,39125,3,,12
update,39121,39134,39137,3,,13
update,39132,39145,39147,2,,14
update,39143,39156,39159,3,,15
update,39154,39167,39170,3,,0
inbound,39155,39168,39171,3,,1
update,39165,39178,39181,3,,2
update,39176,39189,39191,2,,3
update,39187,39200,39203,3,,4
update,39198,39211,39214,3,,5
inbound,39200,39212,39215,3,,6
update,39209,39222,39225,3,,7
inbound,39210,39223,39227,4,,8
update,39220,39233,39236,3,,9
inbound,39225,39238,39241,3,,10
update,39231,39244,39247,3,,11
update,39242,39255,39257,2,,12
update,39253,39266,39268,2,,13
update,39264,39275,39278,3,,14
inbound,39265,39278,39281,3,,15
update,39275,39287,39290,3,,0
update,39286,39298,39301,3,,1
update,39297,39309,39312,3,,2
update,39308,39320,39323,3,,3
update,39319,39331,39335,4,,4
inbound,39320,39333,39336,3,,5
update,39330,39342,39345,3,,6
update,39341,39353,39356,3,,7
update,39352,39364,39370,6,,8
update,39363,39376,39380,4,,9
update,39374,39387,39390,3,,10
inbound,39375,39388,39391,3,,11
update,39385,39398,39401,3,,12
update,39396,39409,39411,2,,13
inbound,39400,39412,39415,3,,14
update,39407,39420,39423,3,,15
update,39418,39430,39433,3,,0
inbound,39425,39437,39440,3,,1
update,39429,39441,39445,4,,2
inbound,39430,39441,39446,5,,3
update,39440,39452,39455,3,,4
update,39451,39464,39466,2,,5
update,39462,39475,39478,3,,6
update,39473,39486,39489,3,,7
inbound,39485,39497,39501,4,,9
update,39484,39496,39501,5,,8
update,39495,39508,39510,2,,10
update,39506,39518,39520,2,,11
update,39517,39530,39533,3,,12
update,39528,39539,39542,3,,13
update,39539,39552,39555,3,,14
inbound,39540,39553,39556,3,,15
update,39550,39562,39565,3,,0
update,39561,39573,39576,3,,1
update,39572,39585,39588,3,,2
update,39583,39596,39599,3,,3
update,39594,39607,39610,3,,4
inbound,39595,39608,39611,3,,5
update,39605,39617,39620,3,,6
update,39616,39629,39632,3,,7
update,39627,39640,39642,2,,8
update,39638,39650,39655,5,,9
inbound,39650,39662,39666,4,,11
update,39649,39662,39666,4,,10
update,39660,39673,39676,3,,12
update,39671,39683,39686,3,,13
update,39682,39695,39698,3,,14
update,39693,39706,39709,3,,15
update,39704,39716,39719,3,,0
inbound,39705,39717,39720,3,,1
update,39715,39727,39730,3,,2
update,39726,39738,39741,3,,3
update,39737,39749,39753,4,,4
update,39748,39761,39764,3,,5
inbound,39760,39773,39777,4,,7
update,39759,39772,39777,5,,6
update,39770,39783,39786,3,,8
update,39781,39793,39796,3,,9
update,39792,39805,39808,3,,10
update,39803,39816,39821,5,,11
update,39814,39827,39831,4,,12
inbound,39815,39828,39832,4,,13
update,39825,39837,39840,3,,14
update,39836,39849,39851,2,,15
update,39847,39859,39866,7,,0
update,39858,39871,39874,3,,1
update,39869,39882,39885,3,,2
update,39880,39893,39896,3,,3
update,39891,39904,39907,3,,4
update,39902,39915,39917,2,,5
update,39913,39925,39928,3,,6
update,39924,39937,39940,3,,7
update,40000,40013,40016,3,,8
inbound,40000,40013,40016,3,,9
update,40011,40023,40026,3,,10
update,40022,40035,40038,3,,11
inbound,40025,40037,40040,3,,12
update,40033,40046,40049,3,,13
update,40044,40056,40059,3,,14
update,40055,40068,40071,3,,15
update,40066,40079,40082,3,,0
update,40077,40090,40093,3,,1
update,40088,40101,40104,3,,2
inbound,40100,40112,40115,3,,4
update,40099,40112,40115,3,,3
update,40110,40122,40125,3,,5
update,40121,40134,40137,3,,6
update,40132,40145,40148,3,,7
update,40143,40156,40159,3,,8
inbound,40155,40167,40170,3,,10
update,40154,40167,40171,4,,9
update,40165,40178,40181,3,,11
update,40176,40189,40192,3,,12
update,40187,40200,40203,3,,13
update,40198,40211,40213,2,,14
inbound,40200,40213,40215,2,,15
inbound,40210,40222,40224,2,,1
update,40209,40222,40225,3,,0
update,40220,40233,40236,3,,2
inbound,40225,40238,40240,2,,3
update,40231,40244,40246,2,,4
update,40242,40254,40257,3,,5
update,40253,40266,40269,3,,6
update,40264,40276,40279,3,,7
inbound,40265,40276,40280,4,,8
update,40275,40288,40291,3,,9
update,40286,40299,40301,2,,10
update,40297,40310,40312,2,,11
update,40308,40321,40323,2,,12
inbound,40320,40332,40335,3,,14
update,40319,40332,40335,3,,13
update,40330,40343,40346,3,,15
update,40341,40353,40355,2,,0
update,40352,40365,40369,4,,1
update,40363,40375,40379,4,,2
update,40374,40387,40390,3,,3
inbound,40375,40388,40391,3,,4
update,40385,40398,40400,2,,5
update,40396,40409,40411,2,,6
inbound,40400,40411,40414,3,,7
update,40407,40420,40422,2,,8
update,40418,40431,40433,2,,9
inbound,40425,40437,40440,3,,10
inbound,40430,40442,40445,3,,12
update,40429,40442,40445,3,,11
update,40440,40451,40454,3,,13
update,40451,40463,40466,3,,14
update,40462,40474,40477,3,,15
update,40473,40486,40489,3,,0
update,40484,40497,40500,3,,1
inbound,40485,40497,40501,4,,2
update,40495,40508,40511,3,,3
update,40506,40519,40522,3,,4
update,40517,40530,40533,3,,5
update,40528,40541,40544,3,,6
inbound,40540,40552,40555,3,,8
update,40539,40552,40555,3,,7
update,40550,40563,40565,2,,9
update,40561,40573,40576,3,,10
update,40572,40585,40587,2,,11
update,40583,40596,40598,2,,12
update,40594,40606,40609,3,,13
inbound,40595,40608,40610,2,,14
update,40605,40618,40620,2,,15
update,40616,40629,40632,3,,0
update,40627,40640,40643,3,,1
update,40638,40651,40654,3,,2
update,40649,40662,40665,3,,3
inbound,40650,40662,40665,3,,4
update,40660,40672,40675,3,,5
update,40671,40684,40687,3,,6
update,40682,40695,40699,4,,7
update,40693,40704,40707,3,,8
update,40704,40716,40720,4,,9
inbound,40705,40718,40721,3,,10
update,40715,40728,40731,3,,11
update,40726,40739,40741,2,,12
update,40737,40750,40752,2,,13
update,40748,40761,40763,2,,14
update,40759,40772,40774,2,,15
inbound,40760,40773,40775,2,,0
update,40770,40783,40785,2,,1
update,40781,40794,40796,2,,2
update,40792,40803,40806,3,,3
update,40803,40816,40819,3,,4
inbound,40815,40828,40830,2,,6
update,40814,40827,40830,3,,5
update,40825,40837,40840,3,,7
update,40836,40849,40852,3,,8
update,40847,40859,40862,3,,9
update,40858,40871,40874,3,,10
update,40869,40882,40885,3,,11
update,40880,40893,40895,2,,12
update,40891,40904,40906,2,,13
update,40902,40914,40917,3,,14
update,40913,40925,40928,3,,15
update,40924,40937,40940,3,,0
update,41000,41013,41015,2,,1
inbound,41000,41013,41017,4,,2
update,41011,41024,41027,3,,3
update,41022,41035,41037,2,,4
inbound,41025,41037,41040,3,,5
update,41033,41046,41049,3,,6
update,41044,41056,41060,4,,7
update,41055,41067,41071,4,,8
update,41066,41079,41082,3,,9
update,41077,41090,41093,3,,10
update,41088,41101,41104,3,,11
update,41099,41112,41115,3,,12
inbound,41100,41113,41116,3,,13
update,41110,41122,41125,3,,14
update,41121,41134,41137,3,,15
update,41132,41144,41147,3,,0
update,41143,41156,41159,3,,1
update,41154,41167,41170,3,,2
inbound,41155,41168,41171,3,,3
update,41165,41178,41181,3,,4
update,41176,41189,41192,3,,5
update,41187,41199,41202,3,,6
update,41198,41211,41214,3,,7
inbound,41200,41212,41216,4,,8
update,41209,41222,41225,3,,9
inbound,41210,41223,41226,3,,10
update,41220,41231,41234,3,,11
inbound,41225,41237,41240,3,,12
update,41231,41243,41246,3,,13
update,41242,41255,41258,3,,14
update,41253,41266,41269,3,,15
update,41264,41277,41282,5,,0
inbound,41265,41279,41284,5,,1
update,41275,41287,41291,4,,2
update,41286,41299,41302,3,,3
update,41297,41309,41314,5,,4
update,41308,41321,41324,3,,5
update,41319,41332,41335,3,,6
inbound,41320,41333,41337,4,,7
update,41330,41343,41346,3,,8
update,41341,41354,41357,3,,9
update,41352,41365,41368,3,,10
update,41363,41376,41380,4,,11
update,41374,41387,41393,6,,12
inbound,41375,41388,41394,6,,13
update,41385,41398,41401,3,,14
update,41396,41409,41412,3,,15
inbound,41400,41412,41415,3,,0
update,41407,41419,41422,3,,1
update,41418,41430,41433,3,,2
inbound,41425,41438,41441,3,,3
update,41429,41441,41445,4,,4
inbound,41430,41443,41448,5,,5
update,41440,41453,41457,4,,6
update,41451,41464,41469,5,,7
update,41462,41475,41478,3,,8
update,41473,41485,41489,4,,9
update,41484,41497,41505,8,,10
inbound,41485,41498,41505,7,,11
update,41495,41508,41511,3,,12
update,41506,41519,41521,2,,13
update,41517,41529,41532,3,,14
update,41528,41541,41544,3,,15
inbound,41540,41552,41556,4,,1
update,41539,41552,41556,4,,0
update,41550,41563,41566,3,,2
update,41561,41574,41577,3,,3
update,41572,41585,41588,3,,4
update,41583,41596,41608,12,,5
update,41594,41607,41613,6,,6
inbound,41595,41608,41613,5,,7
update,41605,41618,41620,2,,8
update,41616,41629,41632,3,,9
update,41627,41639,41642,3,,10
update,41638,41649,41652,3,,11
inbound,41650,41662,41665,3,,13
update,41649,41662,41665,3,,12
update,41660,41673,41676,3,,14
update,41671,41684,41687,3,,15
update,41682,41695,41698,3,,0
update,41693,41706,41708,2,,1
update,41704,41717,41724,7,,2
inbound,41705,41718,41725,7,,3
update,41715,41728,41731,3,,4
update,41726,41739,41743,4,,5
update,41737,41750,41754,4,,6
update,41748,41761,41764,3,,7
inbound,41760,41773,41775,2,,9
update,41759,41772,41775,3,,8
update,41770,41783,41786,3,,10
update,41781,41794,41796,2,,11
update,41792,41804,41807,3,,12
update,41803,41816,41819,3,,13
inbound,41815,41828,41830,2,,15
update,41814,41827,41830,3,,14
update,41825,41837,41839,2,,0
update,41836,41849,41852,3,,1
update,41847,41860,41863,3,,2
update,41858,41870,41873,3,,3
update,41869,41881,41885,4,,4
update,41880,41892,41895,3,,5
update,41891,41904,41907,3,,6
update,41902,41915,41918,3,,7
update,41913,41926,41929,3,,8
update,41924,41937,41940,3,,9
update,42000,42013,42017,4,,10
inbound,42000,42013,42018,5,,11
update,42011,42024,42028,4,,12
update,42022,42035,42038,3,,13
inbound,42025,42038,42042,4,,14
update,42033,42046,42067,21,,15
update,42044,42057,42067,10,,0
update,42055,42067,42070,3,,1
update,42066,42079,42082,3,,2
update,42088,42101,42115,14,,4
update,42099,42111,42115,4,,5
inbound,42100,42112,42115,3,,6
update,42077,42089,42116,27,,3
update,42110,42123,42129,6,,7
update,42121,42135,42138,3,,8
update,42132,42145,42148,3,,9
update,42143,42155,42160,5,,10
update,42154,42167,42171,4,,11
inbound,42155,42168,42172,4,,12
update,42165,42178,42182,4,,13
update,42176,42188,42194,6,,14
update,42187,42200,42204,4,,15
update,42198,42211,42214,3,,0
inbound,42200,42212,42215,3,,1
inbound,42210,42221,42224,3,,3
update,42209,42221,42225,4,,2
update,42220,42233,42235,2,,4
inbound,42225,42238,42240,2,,5
update,42231,42244,42247,3,,6
update,42242,42255,42257,2,,7
update,42253,42266,42269,3,,8
update,42264,42276,42280,4,,9
inbound,42265,42276,42280,4,,10
update,42275,42288,42290,2,,11
update,42286,42299,42302,3,,12
update,42297,42309,42312,3,,13
update,42308,42320,42323,3,,14
update,42319,42332,42335,3,,15
inbound,42320,42333,42336,3,,0
update,42330,42342,42345,3,,1
update,42341,42354,42357,3,,2
update,42352,42364,42367,3,,3
update,42363,42376,42378,2,,4
inbound,42375,42387,42390,3,,6
update,42374,42387,42392,5,,5
update,42385,42398,42401,3,,7
update,42396,42409,42412,3,,8
inbound,42400,42412,42415,3,,9
update,42407,42420,42424,4,,10
update,42418,42431,42435,4,,11
inbound,42425,42437,42444,7,,12
inbound,42430,42442,42446,4,,14
update,42429,42441,42446,5,,13
update,42440,42452,42457,5,,15
update,42451,42463,42469,6,,0
update,42462,42475,42479,4,,1
update,42473,42486,42488,2,,2
update,42484,42496,42500,4,,3
inbound,42485,42497,42501,4,,4
update,42495,42507,42510,3,,5
update,42506,42519,42522,3,,6
update,42517,42530,42533,3,,7
update,42528,42540,42543,3,,8
update,42539,42551,42554,3,,9
inbound,42540,42552,42555,3,,10
update,42550,42563,42565,2,,11
update,42561,42574,42577,3,,12
update,42572,42583,42586,3,,13
update,42583,42596,42598,2,,14
update,42594,42606,42609,3,,15
inbound,42595,42607,42611,4,,0
update,42605,42618,42620,2,,1
update,42616,42629,42632,3,,2
update,42627,42640,42643,3,,3
update,42638,42651,42655,4,,4
update,42649,42662,42665,3,,5
inbound,42650,42663,42666,3,,6
update,42660,42673,42675,2,,7
update,42671,42684,42687,3,,8
update,42682,42695,42698,3,,9
update,42693,42705,42708,3,,10
update,42704,42717,42721,4,,11
inbound,42705,42717,42721,4,,12
update,42715,42727,42730,3,,13
update,42726,42738,42741,3,,14
update,42737,42750,42753,3,,15
update,42748,42761,42764,3,,0
update,42759,42771,42775,4,,1
inbound,42760,42773,42775,2,,2
update,42770,42782,42785,3,,3
update,42781,42793,42796,3,,4
update,42792,42805,42808,3,,5
update,42803,42816,42820,4,,6
update,42814,42827,42830,3,,7
inbound,42815,42828,42831,3,,8
update,42825,42838,42841,3,,9
update,42836,42848,42851,3,,10
update,42847,42860,42863,3,,11
update,42858,42870,42873,3,,12
update,42869,42881,42884,3,,13
update,42880,42893,42896,3,,14
update,42891,42904,42907,3,,15
update,42902,42915,42918,3,,0
update,42913,42926,42929,3,,1
update,42924,42937,42939,2,,2
inbound,43000,43013,43016,3,,4
update,43000,43013,43016,3,,3
update,43011,43024,43027,3,,5
update,43022,43034,43037,3,,6
inbound,43025,43038,43041,3,,7
update,43033,43046,43049,3,,8
update,43044,43057,43059,2,,9
update,43055,43068,43070,2,,10
update,43066,43078,43081,3,,11
update,43077,43088,43091,3,,12
update,43088,43099,43102,3,,13
update,43099,43111,43114,3,,14
inbound,43100,43111,43114,3,,15
update,43110,43123,43126,3,,0
update,43121,43134,43136,2,,1
update,43132,43143,43146,3,,2
update,43143,43155,43158,3,,3
update,43154,43167,43169,2,,4
inbound,43155,43167,43170,3,,5
update,43165,43178,43181,3,,6
update,43176,43188,43191,3,,7
update,43187,43200,43202,2,,8
update,43198,43211,43213,2,,9
inbound,43200,43213,43216,3,,10
update,43209,43220,43224,4,,11
inbound,43210,43223,43225,2,,12
update,43220,43233,43235,2,,13
inbound,43225,43238,43240,2,,14
update,43231,43244,43246,2,,15
update,43242,43255,43258,3,,0
update,43253,43266,43269,3,,1
update,43264,43276,43280,4,,2
inbound,43265,43278,43281,3,,3
update,43275,43287,43290,3,,4
update,43286,43299,43302,3,,5
update,43297,43309,43312,3,,6
update,43308,43321,43323,2,,7
update,43319,43332,43335,3,,8
inbound,43320,43333,43336,3,,9
update,43330,43342,43345,3,,10
update,43341,43353,43356,3,,11
update,43352,43365,43367,2,,12
update,43363,43375,43380,5,,13
inbound,43375,43388,43391,3,,15
update,43385,43397,43407,10,,0
update,43374,43387,43407,20,,14
update,43396,43410,43415,5,,1
inbound,43400,43411,43421,10,,2
update,43407,43420,43432,12,,3
update,43418,43431,43435,4,,4
inbound,43425,43438,43441,3,,5
update,43429,43441,43445,4,,6
inbound,43430,43444,43447,3,,7
update,43440,43453,43456,3,,8
update,43451,43464,43468,4,,9
update,43462,43474,43478,4,,10
update,43473,43486,43489,3,,11
update,43484,43497,43501,4,,12
inbound,43485,43497,43505,8,,13
update,43495,43507,43511,4,,14
update,43506,43519,43523,4,,15
update,43517,43530,43533,3,,0
update,43528,43540,43544,4,,1
update,43539,43552,43555,3,,2
inbound,43540,43553,43557,4,,3
update,43550,43563,43566,3,,4
update,43561,43574,43577,3,,5
update,43572,43585,43588,3,,6
update,43583,43596,43598,2,,7
update,43594,43607,43610,3,,8
inbound,43595,43608,43611,3,,9
update,43605,43617,43620,3,,10
update,43616,43629,43632,3,,11
update,43627,43640,43642,2,,12
update,43638,43650,43654,4,,13
update,43649,43662,43666,4,,14
inbound,43650,43662,43666,4,,15
update,43660,43673,43676,3,,0
update,43671,43684,43686,2,,1
update,43682,43694,43697,3,,2
update,43693,43706,43708,2,,3
update,43704,43717,43719,2,,4
inbound,43705,43718,43721,3,,5
update,43715,43727,43730,3,,6
update,43726,43739,43742,3,,7
update,43737,43749,43752,3,,8
update,43748,43760,43763,3,,9
inbound,43760,43772,43775,3,,11
update,43759,43771,43775,4,,10
update,43770,43783,43785,2,,12
update,43781,43793,43796,3,,13
update,43792,43805,43808,3,,14
update,43803,43816,43818,2,,15
update,43814,43826,43831,5,,0
inbound,43815,43828,43831,3,,1
update,43825,43838,43841,3,,2
update,43836,43849,43851,2,,3
update,43847,43860,43863,3,,4
update,43858,43870,43873,3,,5
update,43869,43882,43884,2,,6
update,43880,43892,43895,3,,7
update,43891,43904,43906,2,,8
update,43902,43914,43916,2,,9
update,43913,43926,43928,2,,10
update,43924,43935,43938,3,,11
inbound,44000,44014,44016,2,,13
update,44000,44014,44017,3,,12
update,44011,44025,44028,3,,14
update,44022,44036,44039,3,,15
inbound,44025,44038,44041,3,,0
update,44033,44047,44049,2,,1
update,44044,44058,44060,2,,2
update,44055,44068,44071,3,,3
update,44066,44079,44082,3,,4
update,44077,44091,44094,3,,5
update,44088,44102,44104,2,,6
inbound,44100,44113,44116,3,,8
update,44099,44113,44116,3,,7
update,44110,44123,44126,3,,9
update,44121,44135,44137,2,,10
update,44132,44146,44148,2,,11
update,44143,44156,44159,3,,12
update,44154,44168,44171,3,,13
inbound,44155,44168,44171,3,,14
update,44165,44178,44181,3,,15
update,44176,44190,44192,2,,0
update,44187,44200,44203,3,,1
update,44198,44212,44215,3,,2
inbound,44200,44214,44217,3,,3
update,44209,44223,44226,3,,4
inbound,44210,44224,44227,3,,5
update,44220,44234,44236,2,,6
inbound,44225,44239,44241,2,,7
update,44231,44245,44248,3,,8
update,44242,44256,44258,2,,9
update,44253,44267,44269,2,,10
inbound,44265,44277,44281,4,,12
update,44264,44277,44281,4,,11
update,44275,44289,44291,2,,13
update,44286,44299,44302,3,,14
update,44297,44311,44314,3,,15
update,44308,44322,44324,2,,0
inbound,44320,44333,44335,2,,2
update,44319,44332,44335,3,,1
update,44330,44344,44346,2,,3
update,44341,44353,44356,3,,4
update,44352,44366,44369,3,,5
update,44363,44377,44379,2,,6
inbound,44375,44388,44391,3,,8
update,44374,44388,44391,3,,7
update,44385,44399,44402,3,,9
update,44396,44409,44412,3,,10
inbound,44400,44414,44416,2,,11
update,44407,44421,44423,2,,12
update,44418,44432,44434,2,,13
inbound,44425,44439,44442,3,,14
update,44429,44443,44446,3,,15
inbound,44430,44444,44447,3,,0
update,44440,44453,44456,3,,1
update,44451,44465,44467,2,,2
update,44462,44476,44478,2,,3
update,44473,44486,44489,3,,4
inbound,44485,44498,44501,3,,6
update,44484,44498,44501,3,,5
update,44495,44509,44512,3,,7
update,44506,44520,44522,2,,8
update,44517,44531,44533,2,,9
update,44528,44542,44545,3,,10
update,44539,44553,44556,3,,11
inbound,44540,44554,44557,3,,12
update,44550,44564,44566,2,,13
update,44561,44575,44577,2,,14
update,44572,44585,44588,3,,15
update,44583,44597,44599,2,,0
update,44594,44608,44611,3,,1
inbound,44595,44609,44612,3,,2
update,44605,44619,44621,2,,3
update,44616,44629,44632,3,,4
update,44627,44641,44644,3,,5
update,44638,44651,44654,3,,6
update,44649,44663,44666,3,,7
inbound,44650,44663,44666,3,,8
update,44660,44674,44677,3,,9
update,44671,44685,44692,7,,10
update,44682,44695,44698,3,,11
update,44693,44706,44709,3,,12
inbound,44705,44718,44721,3,,14
update,44704,44718,44721,3,,13
update,44715,44729,44732,3,,15
update,44726,44740,44742,2,,0
update,44737,44751,44753,2,,1
update,44748,44762,44764,2,,2
inbound,44760,44773,44775,2,,4
update,44759,44773,44776,3,,3
update,44770,44784,44787,3,,5
update,44781,44795,44797,2,,6
update,44792,44806,44808,2,,7
update,44803,44816,44819,3,,8
inbound,44815,44827,44829,2,,10
update,44814,44827,44830,3,,9
update,44825,44839,44841,2,,11
update,44836,44849,44852,3,,12
update,44847,44860,44863,3,,13
update,44858,44872,44875,3,,14
update,44869,44883,44885,2,,15
update,44880,44892,44895,3,,0
update,44891,44904,44907,3,,1
update,44902,44916,44919,3,,2
update,44913,44927,44930,3,,3
update,44924,44938,44941,3,,4
update,45000,45014,45017,3,,5
inbound,45000,45014,45020,6,,6
update,45011,45025,45028,3,,7
update,45022,45036,45039,3,,8
inbound,45025,45039,45042,3,,9
update,45033,45046,45049,3,,10
update,45044,45058,45061,3,,11
update,45055,45069,45072,3,,12
update,45066,45080,45083,3,,13
update,45077,45091,45094,3,,14
update,45088,45102,45104,2,,15
update,45099,45113,45116,3,,0
inbound,45100,45114,45118,4,,1
update,45110,45124,45127,3,,2
update,45121,45135,45138,3,,3
update,45132,45146,45149,3,,4
update,45143,45156,45159,3,,5
update,45154,45168,45171,3,,6
inbound,45155,45169,45172,3,,7
update,45165,45177,45180,3,,8
update,45176,45190,45192,2,,9
update,45187,45200,45204,4,,10
update,45198,45212,45215,3,,11
inbound,45200,45214,45219,5,,12
update,45209,45222,45226,4,,13
inbound,45210,45224,45227,3,,14
update,45220,45234,45237,3,,15
inbound,45225,45237,45241,4,,0
update,45231,45245,45248,3,,1
update,45242,45256,45258,2,,2
update,45253,45267,45271,4,,3
update,45264,45276,45280,4,,4
inbound,45265,45278,45281,3,,5
update,45275,45289,45292,3,,6
update,45286,45300,45303,3,,7
update,45297,45310,45313,3,,8
update,45308,45322,45325,3,,9
update,45319,45332,45335,3,,10
inbound,45320,45332,45336,4,,11
update,45330,45343,45346,3,,12
update,45341,45355,45357,2,,13
update,45352,45366,45369,3,,14
update,45363,45377,45380,3,,15
update,45374,45387,45390,3,,0
inbound,45375,45389,45392,3,,1
update,45385,45399,45402,3,,2
update,45396,45410,45413,3,,3
inbound,45400,45413,45416,3,,4
update,45407,45421,45424,3,,5
update,45418,45432,45434,2,,6
inbound,45425,45439,45442,3,,7
update,45429,45443,45446,3,,8
inbound,45430,45444,45447,3,,9
update,45440,45454,45456,2,,10
update,45451,45464,45467,3,,11
update,45462,45476,45478,2,,12
update,45473,45487,45489,2,,13
update,45484,45498,45501,3,,14
inbound,45485,45499,45502,3,,15
update,45495,45508,45511,3,,0
update,45506,45520,45522,2,,1
update,45517,45529,45532,3,,2
update,45528,45542,45544,2,,3
update,45539,45553,45557,4,,4
inbound,45540,45553,45557,4,,5
update,45550,45563,45566,3,,6
update,45561,45575,45578,3,,7
update,45572,45585,45588,3,,8
update,45583,45596,45599,3,,9
update,45594,45608,45611,3,,10
inbound,45595,45609,45612,3,,11
update,45605,45619,45622,3,,12
update,45616,45630,45632,2,,13
update,45627,45641,45644,3,,14
update,45638,45651,45654,3,,15
inbound,45650,45662,45665,3,,1
update,45649,45662,45665,3,,0
update,45660,45674,45677,3,,2
update,45671,45685,45689,4,,3
update,45682,45696,45699,3,,4
update,45693,45707,45710,3,,5
inbound,45705,45718,45722,4,,7
update,45704,45718,45722,4,,6
update,45715,45729,45732,3,,8
update,45726,45740,45742,2,,9
update,45737,45751,45754,3,,10
update,45748,45762,45764,2,,11
inbound,45760,45774,45776,2,,13
update,45759,45772,45776,4,,12
update,45770,45784,45787,3,,14
update,45781,45795,45798,3,,15
update,45792,45805,45808,3,,0
update,45803,45816,45819,3,,1
update,45814,45828,45831,3,,2
inbound,45815,45829,45832,3,,3
update,45825,45839,45842,3,,4
update,45836,45850,45853,3,,5
update,45847,45861,45865,4,,6
update,45858,45871,45875,4,,7
update,45869,45883,45888,5,,8
update,45880,45894,45898,4,,9
update,45891,45904,45910,6,,10
update,45902,45916,45921,5,,11
update,45913,45927,45933,6,,12
update,45924,45938,45941,3,,13
inbound,46000,46014,46017,3,,15
update,46000,46014,46019,5,,14
update,46011,46025,46028,3,,0
update,46022,46035,46038,3,,1
inbound,46025,46038,46041,3,,2
update,46033,46047,46050,3,,3
update,46044,46057,46060,3,,4
update,46055,46069,46072,3,,5
update,46066,46080,46082,2,,6
update,46077,46091,46094,3,,7
update,46088,46101,46104,3,,8
update,46099,46112,46116,4,,9
inbound,46100,46114,46116,2,,10
update,46110,46124,46127,3,,11
update,46121,46135,46138,3,,12
update,46132,46145,46148,3,,13
update,46143,46157,46159,2,,14
update,46154,46168,46172,4,,15
inbound,46155,46169,46172,3,,0
update,46165,46179,46182,3,,1
update,46176,46190,46193,3,,2
update,46187,46200,46203,3,,3
update,46198,46211,46215,4,,4
inbound,46200,46214,46217,3,,5
update,46209,46223,46226,3,,6
inbound,46210,46224,46228,4,,7
update,46220,46234,46236,2,,8
inbound,46225,46238,46241,3,,9
update,46231,46244,46247,3,,10
update,46242,46255,46258,3,,11
update,46253,46267,46270,3,,12
inbound,46265,46278,46281,3,,14
update,46264,46278,46282,4,,13
update,46275,46289,46291,2,,15
update,46286,46299,46302,3,,0
update,46297,46311,46314,3,,1
update,46308,46322,46324,2,,2
update,46319,46333,46336,3,,3
inbound,46320,46334,46337,3,,4
update,46330,46344,46347,3,,5
update,46341,46355,46358,3,,6
update,46352,46366,46368,2,,7
update,46363,46376,46379,3,,8
update,46374,46388,46391,3,,9
inbound,46375,46389,46392,3,,10
update,46385,46399,46403,4,,11
update,46396,46410,46414,4,,12
inbound,46400,46414,46418,4,,13
update,46407,46420,46424,4,,14
update,46418,46432,46435,3,,15
inbound,46425,46439,46441,2,,0
inbound,46430,46442,46445,3,,2
update,46429,46442,46445,3,,1
update,46440,46454,46457,3,,3
update,46451,46464,46467,3,,4
update,46462,46476,46479,3,,5
update,46473,46487,46490,3,,6
update,46484,46498,46501,3,,7
inbound,46485,46498,46503,5,,8
update,46495,46509,46512,3,,9
update,46506,46520,46522,2,,10
update,46517,46531,46534,3,,11
update,46528,46541,46544,3,,12
update,46539,46553,46556,3,,13
inbound,46540,46554,46558,4,,14
update,46550,46563,46567,4,,15
update,46561,46575,46578,3,,0
update,46572,46585,46589,4,,1
update,46583,46597,46600,3,,2
update,46594,46608,46611,3,,3
inbound,46595,46609,46612,3,,4
update,46605,46618,46621,3,,5
update,46616,46630,46633,3,,6
update,46627,46640,46643,3,,7
update,46638,46652,46654,2,,8
update,46649,46663,46666,3,,9
inbound,46650,46664,46667,3,,10
update,46660,46674,46677,3,,11
update,46671,46683,46686,3,,12
update,46682,46696,46699,3,,13
update,46693,46707,46709,2,,14
update,46704,46717,46721,4,,15
inbound,46705,46719,46722,3,,0
update,46715,46729,46732,3,,1
update,46726,46740,46743,3,,2
update,46737,46751,46754,3,,3
update,46748,46761,46764,3,,4
inbound,46760,46773,46775,2,,6
update,46759,46773,46776,3,,5
update,46770,46784,46787,3,,7
update,46781,46795,46798,3,,8
update,46792,46806,46809,3,,9
update,46803,46817,46820,3,,10
update,46814,46828,46831,3,,11
inbound,46815,46829,46832,3,,12
update,46825,46839,46841,2,,13
update,46836,46850,46854,4,,14
update,46847,46860,46864,4,,15
update,46858,46871,46875,4,,0
update,46869,46883,46886,3,,1
update,46880,46894,46899,5,,2
update,46891,46905,46908,3,,3
update,46902,46915,46919,4,,4
update,46913,46927,46930,3,,5
update,46924,46938,46941,3,,6
inbound,47000,47014,47017,3,,8
update,47000,47014,47017,3,,7
update,47011,47025,47028,3,,9
update,47022,47036,47039,3,,10
inbound,47025,47039,47041,2,,11
update,47033,47047,47050,3,,12
update,47044,47058,47061,3,,13
update,47055,47069,47072,3,,14
update,47066,47080,47083,3,,15
update,47077,47091,47093,2,,0
update,47088,47102,47105,3,,1
update,47099,47113,47118,5,,2
inbound,47100,47113,47118,5,,3
update,47110,47123,47128,5,,4
update,47121,47134,47138,4,,5
update,47132,47146,47149,3,,6
update,47143,47157,47160,3,,7
update,47154,47168,47170,2,,8
inbound,47155,47169,47173,4,,9
update,47165,47179,47182,3,,10
update,47176,47189,47192,3,,11
update,47187,47201,47205,4,,12
update,47198,47212,47218,6,,13
inbound,47200,47214,47218,4,,14
update,47209,47222,47228,6,,15
inbound,47210,47225,47234,9,,0
update,47220,47233,47240,7,,1
inbound,47225,47239,47243,4,,2
update,47231,47245,47250,5,,3
update,47242,47256,47259,3,,4
update,47253,47267,47270,3,,5
inbound,47265,47278,47281,3,,7
update,47264,47278,47281,3,,6
update,47275,47289,47292,3,,8
update,47286,47300,47303,3,,9
update,47297,47310,47313,3,,10
update,47308,47322,47324,2,,11
update,47319,47332,47336,4,,12
inbound,47320,47333,47337,4,,13
update,47330,47344,47347,3,,14
update,47341,47355,47358,3,,15
update,47352,47366,47369,3,,0
update,47363,47377,47380,3,,1
update,47374,47388,47391,3,,2
inbound,47375,47388,47392,4,,3
update,47385,47399,47402,3,,4
update,47396,47410,47418,8,,5
inbound,47400,47414,47419,5,,6
update,47407,47421,47424,3,,7
update,47418,47431,47434,3,,8
inbound,47425,47438,47442,4,,9
update,47429,47443,47446,3,,10
inbound,47430,47443,47447,4,,11
update,47440,47454,47457,3,,12
update,47451,47464,47467,3,,13
update,47462,47476,47479,3,,14
update,47473,47487,47490,3,,15
update,47484,47498,47501,3,,0
inbound,47485,47498,47502,4,,1
update,47495,47509,47512,3,,2
update,47506,47520,47523,3,,3
update,47517,47531,47534,3,,4
update,47528,47541,47544,3,,5
update,47539,47553,47557,4,,6
inbound,47540,47554,47558,4,,7
update,47550,47564,47566,2,,8
update,47561,47575,47577,2,,9
update,47572,47584,47587,3,,10
update,47583,47596,47599,3,,11
update,47594,47608,47612,4,,12
inbound,47595,47609,47613,4,,13
update,47605,47619,47622,3,,14
update,47616,47629,47633,4,,15
update,47627,47640,47644,4,,0
update,47638,47652,47656,4,,1
update,47649,47663,47667,4,,2
inbound,47650,47663,47667,4,,3
update,47660,47674,47677,3,,4
update,47671,47685,47688,3,,5
update,47682,47696,47699,3,,6
update,47693,47707,47709,2,,7
update,47704,47718,47722,4,,8
inbound,47705,47719,47722,3,,9
update,47715,47728,47731,3,,10
update,47726,47740,47743,3,,11
update,47737,47751,47754,3,,12
update,47748,47762,47765,3,,13
update,47759,47772,47776,4,,14
inbound,47760,47774,47776,2,,15
update,47770,47784,47788,4,,0
update,47781,47795,47798,3,,1
update,47792,47805,47808,3,,2
update,47803,47817,47820,3,,3
inbound,47815,47828,47831,3,,5
update,47814,47828,47832,4,,4
update,47825,47839,47842,3,,6
update,47836,47850,47853,3,,7
update,47847,47861,47864,3,,8
update,47858,47872,47875,3,,9
update,47869,47882,47885,3,,10
update,47880,47894,47896,2,,11
update,47891,47904,47908,4,,12
update,47902,47916,47918,2,,13
update,47913,47927,47929,2,,14
update,47924,47937,47940,3,,15
inbound,48000,48014,48017,3,,1
update,48000,48014,48017,3,,0
update,48011,48024,48028,4,,2
update,48022,48036,48039,3,,3
inbound,48025,48039,48042,3,,4
update,48033,48047,48050,3,,5
update,48044,48058,48060,2,,6
update,48055,48069,48072,3,,7
update,48066,48080,48083,3,,8
update,48077,48091,48094,3,,9
update,48088,48101,48105,4,,10
update,48099,48113,48116,3,,11
inbound,48100,48114,48117,3,,12
update,48110,48124,48127,3,,13
update,48121,48135,48138,3,,14
update,48132,48146,48148,2,,15
update,48143,48157,48159,2,,0
update,48154,48166,48170,4,,1
inbound,48155,48169,48171,2,,2
update,48165,48179,48181,2,,3
update,48176,48189,48192,3,,4
update,48187,48201,48204,3,,5
update,48198,48212,48215,3,,6
inbound,48200,48214,48217,3,,7
update,48209,48223,48226,3,,8
inbound,48210,48225,48229,4,,9
update,48220,48234,48237,3,,10
inbound,48225,48238,48241,3,,11
update,48231,48245,48248,3,,12
update,48242,48256,48258,2,,13
update,48253,48266,48269,3,,14
inbound,48265,48277,48280,3,,0
update,48264,48277,48281,4,,15
update,48275,48289,48291,2,,1
update,48286,48300,48302,2,,2
update,48297,48311,48314,3,,3
update,48308,48322,48324,2,,4
update,48319,48333,48335,2,,5
inbound,48320,48333,48336,3,,6
update,48330,48344,48347,3,,7
update,48341,48354,48357,3,,8
update,48352,48366,48369,3,,9
update,48363,48377,48380,3,,10
inbound,48375,48388,48391,3,,12
update,48374,48388,48391,3,,11
update,48385,48399,48402,3,,13
update,48396,48410,48413,3,,14
inbound,48400,48413,48418,5,,15
update,48407,48421,48424,3,,0
update,48418,48432,48435,3,,1
inbound,48425,48439,48441,2,,2
inbound,48430,48443,48446,3,,4
update,48429,48443,48446,3,,3
update,48440,48452,48456,4,,5
update,48451,48465,48468,3,,6
update,48462,48475,48479,4,,7
update,48473,48487,48490,3,,8
inbound,48485,48498,48501,3,,10
update,48484,48498,48502,4,,9
update,48495,48509,48512,3,,11
update,48506,48520,48523,3,,12
update,48517,48531,48534,3,,13
update,48528,48542,48545,3,,14
inbound,48540,48552,48555,3,,0
update,48539,48552,48556,4,,15
update,48550,48563,48567,4,,1
update,48561,48575,48578,3,,2
update,48572,48586,48589,3,,3
update,48583,48596,48599,3,,4
update,48594,48608,48611,3,,5
inbound,48595,48609,48612,3,,6
update,48605,48619,48622,3,,7
update,48616,48630,48633,3,,8
update,48627,48641,48643,2,,9
update,48638,48651,48654,3,,10
inbound,48650,48663,48666,3,,12
update,48649,48663,48666,3,,11
update,48660,48673,48676,3,,13
update,48671,48685,48688,3,,14
update,48682,48695,48699,4,,15
update,48693,48707,48710,3,,0
update,48704,48718,48721,3,,1
inbound,48705,48718,48721,3,,2
update,48715,48729,48731,2,,3
update,48726,48740,48743,3,,4
update,48737,48751,48754,3,,5
update,48748,48762,48765,3,,6
inbound,48760,48773,48776,3,,8
update,48759,48773,48777,4,,7
update,48770,48784,48787,3,,9
update,48781,48795,48798,3,,10
update,48792,48806,48809,3,,11
update,48803,48817,48820,3,,12
inbound,48815,48828,48830,2,,14
update,48814,48827,48831,4,,13
update,48825,48839,48842,3,,15
update,48836,48850,48853,3,,0
update,48847,48861,48864,3,,1
update,48858,48871,48875,4,,2
update,48869,48883,48886,3,,3
update,48880,48894,48897,3,,4
update,48891,48905,48908,3,,5
update,48902,48916,48919,3,,6
update,48913,48926,48930,4,,7
update,48924,48938,48941,3,,8
inbound,49000,49014,49018,4,,10
update,49000,49014,49018,4,,9
update,49011,49025,49028,3,,11
update,49022,49036,49039,3,,12
inbound,49025,49039,49042,3,,13
update,49033,49047,49050,3,,14
update,49044,49057,49060,3,,15
update,49055,49069,49072,3,,0
update,49066,49080,49083,3,,1
update,49077,49091,49094,3,,2
update,49088,49102,49105,3,,3
update,49099,49113,49116,3,,4
inbound,49100,49114,49117,3,,5
update,49110,49124,49127,3,,6
update,49121,49135,49138,3,,7
update,49132,49146,49148,2,,8
update,49143,49157,49160,3,,9
update,49154,49167,49172,5,,10
inbound,49155,49169,49174,5,,11
update,49165,49179,49181,2,,12
update,49176,49189,49193,4,,13
update,49187,49201,49204,3,,14
update,49198,49212,49215,3,,15
inbound,49200,49214,49217,3,,0
update,49209,49222,49227,5,,1
inbound,49210,49224,49227,3,,2
update,49220,49234,49236,2,,3
inbound,49225,49238,49241,3,,4
update,49231,49245,49248,3,,5
update,49242,49256,49259,3,,6
update,49253,49267,49269,2,,7
update,49264,49277,49281,4,,8
inbound,49265,49277,49282,5,,9
update,49275,49289,49292,3,,10
update,49286,49300,49304,4,,11
update,49297,49311,49314,3,,12
update,49308,49321,49324,3,,13
update,49319,49333,49336,3,,14
inbound,49320,49334,49337,3,,15
update,49330,49344,49347,3,,0
update,49341,49354,49357,3,,1
update,49352,49366,49369,3,,2
update,49363,49377,49380,3,,3
update,49374,49386,49390,4,,4
inbound,49375,49389,49392,3,,5
update,49385,49399,49402,3,,6
update,49396,49410,49413,3,,7
inbound,49400,49413,49417,4,,8
update,49407,49421,49425,4,,9
update,49418,49432,49435,3,,10
inbound,49425,49439,49443,4,,11
update,49429,49443,49447,4,,12
inbound,49430,49444,49448,4,,13
update,49440,49454,49456,2,,14
update,49451,49465,49468,3,,15
update,49462,49476,49479,3,,0
update,49473,49487,49490,3,,1
update,49484,49498,49502,4,,2
inbound,49485,49499,49503,4,,3
update,49495,49509,49512,3,,4
update,49506,49520,49523,3,,5
update,49517,49531,49534,3,,6
update,49528,49542,49544,2,,7
inbound,49540,49553,49557,4,,9
update,49539,49553,49557,4,,8
update,49550,49564,49567,3,,10
update,49561,49575,49578,3,,11
update,49572,49586,49589,3,,12
update,49583,49596,49599,3,,13
update,49594,49607,49611,4,,14
inbound,49595,49609,49612,3,,15
update,49605,49618,49621,3,,0
update,49616,49628,49632,4,,1
update,49627,49640,49643,3,,2
update,49638,49652,49655,3,,3
update,49649,49663,49666,3,,4
inbound,49650,49664,49667,3,,5
update,49660,49674,49678,4,,6
update,49671,49685,49687,2,,7
update,49682,49696,49699,3,,8
update,49693,49706,49709,3,,9
inbound,49705,49719,49722,3,,11
update,49704,49718,49723,5,,10
update,49715,49729,49732,3,,12
update,49726,49739,49742,3,,13
update,49737,49751,49755,4,,14
update,49748,49762,49765,3,,15
inbound,49760,49774,49777,3,,1
update,49759,49773,49777,4,,0
update,49770,49784,49787,3,,2
update,49781,49795,49798,3,,3
update,49792,49805,49808,3,,4
update,49803,49815,49818,3,,5
update,49814,49828,49832,4,,6
inbound,49815,49829,49832,3,,7
update,49825,49839,49843,4,,8
update,49836,49850,49854,4,,9
update,49847,49861,49863,2,,10
update,49858,49872,49876,4,,11
update,49869,49883,49887,4,,12
update,49880,49894,49897,3,,13
update,49891,49905,49908,3,,14
update,49902,49916,49920,4,,15
update,49913,49927,49929,2,,0
update,49924,49938,49940,2,,1
inbound,50000,50014,50017,3,,3
update,50000,50014,50018,4,,2
update,50011,50025,50028,3,,4
update,50022,50035,50038,3,,5
inbound,50025,50038,50041,3,,6
update,50033,50047,50050,3,,7
update,50044,50058,50061,3,,8
update,50055,50067,50070,3,,9
update,50066,50080,50082,2,,10
update,50077,50091,50094,3,,11
update,50088,50102,50105,3,,12
update,50099,50113,50116,3,,13
inbound,50100,50114,50118,4,,14
update,50110,50124,50127,3,,15
update,50121,50135,50138,3,,0
update,50132,50144,50147,3,,1
update,50143,50157,50160,3,,2
update,50154,50167,50171,4,,3
inbound,50155,50169,50172,3,,4
update,50165,50179,50182,3,,5
update,50176,50190,50193,3,,6
update,50187,50200,50203,3,,7
update,50198,50212,50217,5,,8
inbound,50200,50213,50217,4,,9
update,50209,50222,50226,4,,10
inbound,50210,50224,50227,3,,11
update,50220,50233,50237,4,,12
inbound,50225,50239,50242,3,,13
update,50231,50245,50247,2,,14
update,50242,50256,50259,3,,15
update,50253,50266,50269,3,,0
update,50264,50278,50282,4,,1
inbound,50265,50278,50282,4,,2
update,50275,50287,50291,4,,3
update,50286,50300,50303,3,,4
update,50297,50311,50314,3,,5
update,50308,50322,50325,3,,6
inbound,50320,50333,50336,3,,8
update,50319,50333,50337,4,,7
update,50330,50344,50347,3,,9
update,50341,50355,50358,3,,10
update,50352,50364,50368,4,,11
update,50363,50376,50379,3,,12
update,50374,50388,50391,3,,13
inbound,50375,50389,50392,3,,14
update,50385,50399,50405,6,,15
update,50396,50410,50412,2,,0
inbound,50400,50414,50416,2,,1
update,50407,50421,50424,3,,2
update,50418,50432,50435,3,,3
inbound,50425,50439,50444,5,,4
update,50429,50443,50449,6,,5
inbound,50430,50444,50451,7,,6
update,50440,50454,50457,3,,7
update,50451,50465,50468,3,,8
update,50462,50476,50480,4,,9
update,50473,50487,50491,4,,10
update,50484,50497,50500,3,,11
inbound,50485,50499,50503,4,,12
update,50495,50508,50511,3,,13
update,50506,50520,50523,3,,14
update,50517,50529,50532,3,,15
update,50528,50542,50545,3,,0
update,50539,50553,50556,3,,1
inbound,50540,50554,50558,4,,2
update,50550,50564,50567,3,,3
update,50561,50575,50578,3,,4
update,50572,50585,50589,4,,5
update,50583,50597,50600,3,,6
update,50594,50607,50610,3,,7
inbound,50595,50609,50612,3,,8
update,50605,50618,50623,5,,9
update,50616,50630,50633,3,,10
update,50627,50641,50644,3,,11
update,50638,50651,50655,4,,12
update,50649,50661,50665,4,,13
inbound,50650,50664,50667,3,,14
update,50660,50674,50676,2,,15
update,50671,50685,50689,4,,0
update,50682,50695,50698,3,,1
update,50693,50707,50710,3,,2
update,50704,50718,50721,3,,3
inbound,50705,50719,50723,4,,4
update,50715,50729,50734,5,,5
update,50726,50740,50743,3,,6
update,50737,50749,50753,4,,7
update,50748,50762,50765,3,,8
update,50759,50772,50776,4,,9
inbound,50760,50774,50776,2,,10
update,50770,50783,50786,3,,11
update,50781,50794,50797,3,,12
update,50792,50806,50808,2,,13
update,50803,50817,50820,3,,14
update,50814,50828,50831,3,,15
inbound,50815,50829,50832,3,,0
update,50825,50839,50844,5,,1
update,50836,50849,50852,3,,2
update,50847,50860,50863,3,,3
update,50858,50872,50875,3,,4
update,50869,50882,50885,3,,5
update,50880,50893,50897,4,,6
update,50891,50905,50908,3,,7
update,50902,50915,50919,4,,8
update,50913,50926,50930,4,,9
update,50924,50938,50941,3,,10
update,51000,51014,51017,3,,11
inbound,51000,51014,51018,4,,12
update,51011,51025,51028,3,,13
update,51022,51036,51039,3,,14
inbound,51025,51040,51043,3,,15
update,51033,51047,51050,3,,0
update,51044,51057,51060,3,,1
update,51055,51069,51072,3,,2
update,51066,51080,51083,3,,3
update,51077,51091,51095,4,,4
update,51088,51102,51105,3,,5
update,51099,51113,51117,4,,6
inbound,51100,51114,51118,4,,7
update,51110,51124,51127,3,,8
update,51121,51135,51138,3,,9
update,51132,51146,51149,3,,10
update,51143,51157,51160,3,,11
update,51154,51167,51170,3,,12
inbound,51155,51170,51175,5,,13
update,51165,51179,51182,3,,14
update,51176,51190,51192,2,,15
update,51187,51201,51204,3,,0
update,51198,51213,51216,3,,1
inbound,51200,51215,51219,4,,2
update,51209,51224,51228,4,,3
inbound,51210,51224,51229,5,,4
update,51220,51234,51238,4,,5
inbound,51225,51239,51244,5,,6
update,51231,51246,51249,3,,7
update,51242,51257,51259,2,,8
update,51253,51267,51271,4,,9
update,51264,51279,51283,4,,10
inbound,51265,51280,51285,5,,11
update,51275,51289,51292,3,,12
update,51286,51300,51304,4,,13
update,51297,51312,51316,4,,14
update,51308,51323,51327,4,,15
update,51319,51333,51339,6,,0
inbound,51320,51335,51343,8,,1
update,51330,51345,51349,4,,2
update,51341,51356,51360,4,,3
update,51352,51366,51371,5,,4
update,51363,51377,51381,4,,5
update,51374,51389,51392,3,,6
inbound,51375,51390,51399,9,,7
update,51385,51400,51403,3,,8
update,51396,51411,51414,3,,9
inbound,51400,51414,51418,4,,10
update,51407,51421,51425,4,,11
update,51418,51433,51438,5,,12
inbound,51425,51440,51446,6,,13
update,51429,51444,51448,4,,14
inbound,51430,51446,51451,5,,15
update,51440,51454,51458,4,,0
update,51451,51466,51469,3,,1
update,51462,51476,51479,3,,2
update,51473,51488,51491,3,,3
update,51484,51498,51502,4,,4
inbound,51485,51499,51502,3,,5
update,51495,51510,51513,3,,6
update,51506,51520,51523,3,,7
update,51517,51532,51535,3,,8
update,51528,51542,51545,3,,9
update,51539,51554,51558,4,,10
inbound,51540,51555,51559,4,,11
update,51550,51564,51567,3,,12
update,51561,51575,51578,3,,13
update,51572,51587,51590,3,,14
update,51583,51598,51601,3,,15
update,51594,51608,51612,4,,0
inbound,51595,51610,51615,5,,1
update,51605,51620,51623,3,,2
update,51616,51629,51632,3,,3
update,51627,51642,51645,3,,4
update,51638,51653,51657,4,,5
update,51649,51664,51668,4,,6
inbound,51650,51664,51669,5,,7
update,51660,51675,51678,3,,8
update,51671,51686,51689,3,,9
update,51682,51697,51700,3,,10
update,51693,51708,51711,3,,11
update,51704,51719,51726,7,,12
inbound,51705,51719,51726,7,,13
update,51715,51730,51733,3,,14
update,51726,51741,51744,3,,15
update,51737,51752,51755,3,,0
update,51748,51763,51767,4,,1
inbound,51760,51774,51780,6,,3
update,51759,51774,51780,6,,2
update,51770,51785,51789,4,,4
update,51781,51795,51800,5,,5
update,51792,51807,51812,5,,6
update,51803,51818,51821,3,,7
inbound,51815,51830,51835,5,,9
update,51814,51829,51835,6,,8
update,51825,51840,51843,3,,10
update,51836,51851,51854,3,,11
update,51847,51861,51865,4,,12
update,51858,51873,51877,4,,13
update,51869,51884,51887,3,,14
update,51880,51895,51898,3,,15
update,51891,51906,51910,4,,0
update,51902,51917,51920,3,,1
update,51913,51928,51931,3,,2
update,51924,51939,51942,3,,3
update,52000,52015,52018,3,,4
inbound,52000,52015,52018,3,,5
update,52011,52025,52028,3,,6
update,52022,52036,52040,4,,7
inbound,52025,52040,52042,2,,8
update,52033,52048,52052,4,,9
update,52044,52059,52062,3,,10
update,52055,52070,52073,3,,11
update,52066,52081,52084,3,,12
update,52077,52092,52095,3,,13
update,52088,52103,52106,3,,14
update,52099,52114,52117,3,,15
inbound,52100,52115,52118,3,,0
update,52110,52124,52127,3,,1
update,52121,52135,52138,3,,2
update,52132,52146,52148,2,,3
update,52143,52158,52162,4,,4
inbound,52155,52169,52172,3,,6
update,52154,52169,52172,3,,5
update,52165,52180,52183,3,,7
update,52176,52191,52196,5,,8
update,52187,52201,52205,4,,9
update,52198,52212,52216,4,,10
inbound,52200,52215,52218,3,,11
update,52209,52223,52228,5,,12
inbound,52210,52225,52229,4,,13
update,52220,52235,52239,4,,14
inbound,52225,52239,52243,4,,15
update,52231,52245,52249,4,,0
update,52242,52256,52262,6,,1
update,52253,52268,52271,3,,2
inbound,52265,52279,52283,4,,4
update,52264,52279,52283,4,,3
update,52275,52290,52293,3,,5
update,52286,52301,52305,4,,6
update,52297,52312,52315,3,,7
update,52308,52322,52325,3,,8
update,52319,52334,52338,4,,9
inbound,52320,52334,52338,4,,10
update,52330,52345,52349,4,,11
update,52341,52356,52359,3,,12
update,52352,52367,52370,3,,13
update,52363,52378,52381,3,,14
update,52374,52388,52393,5,,15
inbound,52375,52388,52393,5,,0
update,52385,52400,52403,3,,1
update,52396,52409,52412,3,,2
inbound,52400,52415,52417,2,,3
update,52407,52422,52425,3,,4
update,52418,52433,52436,3,,5
inbound,52425,52439,52444,5,,6
update,52429,52444,52450,6,,7
inbound,52430,52444,52451,7,,8
update,52440,52454,52458,4,,9
update,52451,52466,52469,3,,10
update,52462,52477,52480,3,,11
update,52473,52488,52491,3,,12
update,52484,52499,52502,3,,13
inbound,52485,52500,52504,4,,14
update,52495,52510,52514,4,,15
update,52506,52520,52524,4,,0
update,52517,52532,52535,3,,1
update,52528,52543,52546,3,,2
update,52539,52554,52557,3,,3
inbound,52540,52555,52558,3,,4
update,52550,52565,52568,3,,5
update,52561,52575,52579,4,,6
update,52572,52587,52590,3,,7
update,52583,52598,52601,3,,8
update,52594,52609,52612,3,,9
inbound,52595,52609,52613,4,,10
update,52605,52619,52621,2,,11
update,52616,52631,52634,3,,12
update,52627,52642,52645,3,,13
update,52638,52653,52656,3,,14
update,52649,52664,52668,4,,15
inbound,52650,52665,52668,3,,0
update,52660,52675,52678,3,,1
update,52671,52686,52689,3,,2
update,52682,52697,52700,3,,3
update,52693,52708,52711,3,,4
inbound,52705,52719,52722,3,,6
update,52704,52719,52723,4,,5
update,52715,52730,52733,3,,7
update,52726,52741,52744,3,,8
update,52737,52752,52755,3,,9
update,52748,52763,52766,3,,10
update,52759,52772,52776,4,,11
inbound,52760,52774,52777,3,,12
update,52770,52785,52788,3,,13
update,52781,52796,52799,3,,14
update,52792,52807,52811,4,,15
update,52803,52817,52820,3,,0
inbound,52815,52829,52831,2,,2
update,52814,52828,52832,4,,1
update,52825,52840,52843,3,,3
update,52836,52851,52854,3,,4
update,52847,52862,52866,4,,5
update,52858,52873,52877,4,,6
update,52869,52884,52888,4,,7
update,52880,52895,52900,5,,8
update,52891,52906,52909,3,,9
update,52902,52917,52920,3,,10
update,52913,52928,52931,3,,11
update,52924,52938,52941,3,,12
update,53000,53014,53018,4,,13
inbound,53000,53014,53018,4,,14
update,53011,53025,53028,3,,15
update,53022,53037,53041,4,,0
inbound,53025,53039,53042,3,,1
update,53033,53048,53051,3,,2
update,53044,53058,53062,4,,3
update,53055,53070,53073,3,,4
update,53066,53081,53084,3,,5
update,53077,53092,53095,3,,6
update,53088,53103,53108,5,,7
update,53099,53113,53117,4,,8
inbound,53100,53115,53118,3,,9
update,53110,53125,53128,3,,10
update,53121,53136,53139,3,,11
update,53132,53147,53150,3,,12
update,53143,53157,53161,4,,13
update,53154,53168,53172,4,,14
inbound,53155,53170,53173,3,,15
update,53165,53179,53182,3,,0
update,53176,53191,53194,3,,1
update,53187,53202,53205,3,,2
update,53198,53213,53216,3,,3
inbound,53200,53215,53218,3,,4
update,53209,53224,53227,3,,5
inbound,53210,53225,53229,4,,6
update,53220,53235,53238,3,,7
inbound,53225,53239,53243,4,,8
update,53231,53246,53250,4,,9
update,53242,53257,53260,3,,10
update,53253,53268,53271,3,,11
update,53264,53278,53282,4,,12
inbound,53265,53280,53284,4,,13
update,53275,53290,53293,3,,14
update,53286,53301,53305,4,,15
update,53297,53312,53315,3,,0
update,53308,53323,53326,3,,1
update,53319,53334,53338,4,,2
inbound,53320,53334,53338,4,,3
update,53330,53345,53348,3,,4
update,53341,53356,53358,2,,5
update,53352,53367,53370,3,,6
update,53363,53378,53381,3,,7
update,53374,53389,53393,4,,8
inbound,53375,53390,53394,4,,9
update,53385,53400,53403,3,,10
update,53396,53410,53413,3,,11
inbound,53400,53415,53417,2,,12
update,53407,53422,53425,3,,13
update,53418,53432,53437,5,,14
inbound,53425,53440,53445,5,,15
update,53429,53443,53451,8,,0
inbound,53430,53444,53453,9,,1
update,53440,53455,53461,6,,2
update,53451,53466,53472,6,,3
update,53462,53477,53481,4,,4
update,53473,53488,53492,4,,5
update,53484,53498,53503,5,,6
inbound,53485,53500,53503,3,,7
update,53495,53510,53514,4,,8
update,53506,53521,53524,3,,9
update,53517,53532,53535,3,,10
update,53528,53543,53547,4,,11
update,53539,53554,53559,5,,12
inbound,53540,53554,53560,6,,13
update,53550,53565,53570,5,,14
update,53561,53576,53579,3,,15
update,53572,53587,53590,3,,0
update,53583,53598,53601,3,,1
update,53594,53608,53613,5,,2
inbound,53595,53611,53615,4,,3
update,53605,53620,53624,4,,4
update,53616,53631,53635,4,,5
update,53627,53642,53645,3,,6
update,53638,53653,53657,4,,7
update,53649,53664,53668,4,,8
inbound,53650,53666,53670,4,,9
update,53660,53675,53680,5,,10
update,53671,53686,53689,3,,11
update,53682,53697,53700,3,,12
update,53693,53708,53711,3,,13
update,53704,53719,53723,4,,14
inbound,53705,53719,53723,4,,15
update,53715,53730,53733,3,,0
update,53726,53741,53744,3,,1
update,53737,53752,53755,3,,2
update,53748,53762,53766,4,,3
inbound,53760,53775,53778,3,,5
update,53759,53774,53778,4,,4
update,53770,53785,53788,3,,6
update,53781,53795,53798,3,,7
update,53792,53807,53810,3,,8
update,53803,53818,53822,4,,9
inbound,53815,53830,53832,2,,11
update,53814,53829,53832,3,,10
update,53825,53840,53843,3,,12
update,53836,53850,53853,3,,13
update,53847,53862,53865,3,,14
update,53858,53873,53876,3,,15
update,53869,53884,53887,3,,0
update,53880,53895,53898,3,,1
update,53891,53905,53909,4,,2
update,53902,53917,53920,3,,3
update,53913,53928,53930,2,,4
update,53924,53939,53942,3,,5
update,54000,54014,54018,4,,6
inbound,54000,54014,54018,4,,7
update,54011,54026,54030,4,,8
update,54022,54037,54040,3,,9
inbound,54025,54040,54043,3,,10
update,54033,54048,54051,3,,11
update,54044,54059,54062,3,,12
update,54055,54069,54072,3,,13
update,54066,54080,54083,3,,14
update,54077,54092,54094,2,,15
update,54088,54103,54106,3,,0
update,54099,54114,54117,3,,1
inbound,54100,54115,54119,4,,2
update,54110,54124,54127,3,,3
update,54121,54135,54142,7,,4
update,54132,54147,54150,3,,5
update,54143,54158,54161,3,,6
update,54154,54169,54172,3,,7
inbound,54155,54170,54173,3,,8
update,54165,54180,54182,2,,9
update,54176,54191,54194,3,,10
update,54187,54202,54205,3,,11
update,54198,54213,54216,3,,12
inbound,54200,54214,54218,4,,13
update,54209,54224,54227,3,,14
inbound,54210,54225,54229,4,,15
update,54220,54235,54240,5,,0
inbound,54225,54239,54242,3,,1
update,54231,54245,54250,5,,2
update,54242,54257,54260,3,,3
update,54253,54268,54271,3,,4
update,54264,54279,54282,3,,5
inbound,54265,54280,54283,3,,6
update,54275,54289,54293,4,,7
update,54286,54300,54304,4,,8
update,54297,54312,54315,3,,9
update,54308,54323,54326,3,,10
update,54319,54334,54338,4,,11
inbound,54320,54334,54338,4,,12
update,54330,54345,54348,3,,13
update,54341,54356,54360,4,,14
update,54352,54366,54369,3,,15
update,54363,54378,54381,3,,0
update,54374,54389,54393,4,,1
inbound,54375,54390,54394,4,,2
update,54385,54400,54403,3,,3
update,54396,54410,54414,4,,4
inbound,54400,54415,54418,3,,5
update,54407,54422,54425,3,,6
update,54418,54433,54437,4,,7
inbound,54425,54439,54442,3,,8
update,54429,54443,54447,4,,9
inbound,54430,54445,54448,3,,10
update,54440,54455,54458,3,,11
update,54451,54466,54471,5,,12
update,54462,54477,54481,4,,13
update,54473,54488,54492,4,,14
update,54484,54498,54501,3,,15
inbound,54485,54500,54503,3,,0
update,54495,54509,54513,4,,1
update,54506,54521,54524,3,,2
update,54517,54532,54535,3,,3
update,54528,54541,54544,3,,4
update,54539,54554,54558,4,,5
inbound,54540,54554,54558,4,,6
update,54550,54565,54567,2,,7
update,54561,54575,54578,3,,8
update,54572,54587,54590,3,,9
update,54583,54598,54601,3,,10
update,54594,54608,54611,3,,11
inbound,54595,54609,54614,5,,12
update,54605,54620,54623,3,,13
update,54616,54631,54633,2,,14
update,54627,54641,54644,3,,15
update,54638,54653,54656,3,,0
update,54649,54664,54668,4,,1
inbound,54650,54664,54669,5,,2
update,54660,54673,54676,3,,3
update,54671,54686,54692,6,,4
update,54682,54697,54700,3,,5
update,54693,54707,54711,4,,6
update,54704,54718,54722,4,,7
inbound,54705,54720,54723,3,,8
update,54715,54729,54732,3,,9
update,54726,54741,54743,2,,10
update,54737,54752,54755,3,,11
update,54748,54763,54766,3,,12
inbound,54760,54775,54777,2,,14
update,54759,54774,54777,3,,13
update,54770,54785,54787,2,,15
update,54781,54796,54801,5,,0
update,54792,54806,54809,3,,1
update,54803,54818,54822,4,,2
inbound,54815,54829,54831,2,,4
update,54814,54828,54832,4,,3
update,54825,54840,54843,3,,5
update,54836,54851,54854,3,,6
update,54847,54862,54865,3,,7
update,54858,54872,54875,3,,8
update,54869,54883,54886,3,,9
update,54880,54894,54897,3,,10
update,54891,54905,54909,4,,11
update,54902,54917,54920,3,,12
update,54913,54928,54930,2,,13
update,54924,54939,54942,3,,14
update,55000,55015,55019,4,,15
inbound,55000,55015,55019,4,,0
update,55011,55026,55029,3,,1
update,55022,55037,55040,3,,2
inbound,55025,55040,55042,2,,3
update,55033,55048,55056,8,,4
update,55044,55058,55063,5,,5
update,55055,55070,55073,3,,6
update,55066,55081,55084,3,,7
update,55077,55092,55096,4,,8
update,55088,55103,55106,3,,9
update,55099,55114,55119,5,,10
inbound,55100,55115,55120,5,,11
update,55110,55125,55128,3,,12
update,55121,55136,55139,3,,13
update,55132,55147,55149,2,,14
update,55143,55157,55160,3,,15
update,55154,55169,55172,3,,0
inbound,55155,55170,55175,5,,1
update,55165,55180,55182,2,,2
update,55176,55191,55194,3,,3
update,55187,55202,55205,3,,4
update,55198,55213,55217,4,,5
inbound,55200,55215,55218,3,,6
update,55209,55224,55227,3,,7
inbound,55210,55225,55228,3,,8
update,55220,55235,55238,3,,9
inbound,55225,55239,55244,5,,10
update,55231,55245,55250,5,,11
update,55242,55256,55259,3,,12
update,55253,55268,55272,4,,13
update,55264,55278,55282,4,,14
inbound,55265,55280,55284,4,,15
update,55275,55290,55293,3,,0
update,55286,55300,55303,3,,1
update,55297,55312,55316,4,,2
update,55308,55322,55326,4,,3
update,55319,55334,55338,4,,4
inbound,55320,55335,55339,4,,5
update,55330,55345,55348,3,,6
update,55341,55356,55359,3,,7
update,55352,55367,55370,3,,8
update,55363,55378,55382,4,,9
inbound,55375,55389,55393,4,,11
update,55374,55389,55394,5,,10
update,55385,55400,55403,3,,12
update,55396,55411,55415,4,,13
inbound,55400,55414,55418,4,,14
update,55407,55421,55425,4,,15
update,55418,55433,55436,3,,0
inbound,55425,55439,55443,4,,1
update,55429,55444,55447,3,,2
inbound,55430,55445,55450,5,,3
update,55440,55454,55458,4,,4
update,55451,55466,55473,7,,5
update,55462,55477,55481,4,,6
update,55473,55487,55491,4,,7
update,55484,55499,55503,4,,8
inbound,55485,55501,55505,4,,9
update,55495,55509,55512,3,,10
update,55506,55521,55524,3,,11
update,55517,55532,55534,2,,12
update,55528,55543,55546,3,,13
inbound,55540,55554,55558,4,,15
update,55539,55553,55558,5,,14
update,55550,55565,55568,3,,0
update,55561,55575,55579,4,,1
update,55572,55586,55589,3,,2
update,55583,55598,55601,3,,3
update,55594,55609,55612,3,,4
inbound,55595,55610,55614,4,,5
update,55605,55620,55623,3,,6
update,55616,55630,55633,3,,7
update,55627,55641,55644,3,,8
update,55638,55653,55656,3,,9
update,55649,55664,55667,3,,10
inbound,55650,55665,55669,4,,11
update,55660,55675,55677,2,,12
update,55671,55686,55689,3,,13
update,55682,55697,55700,3,,14
update,55693,55708,55711,3,,15
update,55704,55719,55722,3,,0
inbound,55705,55720,55724,4,,1
update,55715,55730,55734,4,,2
update,55726,55741,55744,3,,3
update,55737,55751,55754,3,,4
update,55748,55763,55766,3,,5
update,55759,55773,55777,4,,6
inbound,55760,55774,55778,4,,7
update,55770,55785,55788,3,,8
update,55781,55795,55797,2,,9
update,55792,55806,55809,3,,10
update,55803,55818,55821,3,,11
update,55814,55829,55832,3,,12
inbound,55815,55830,55833,3,,13
update,55825,55840,55843,3,,14
update,55836,55851,55854,3,,15
update,55847,55862,55865,3,,0
update,55858,55873,55876,3,,1
update,55869,55884,55887,3,,2
update,55880,55895,55898,3,,3
update,55891,55905,55907,2,,4
update,55902,55917,55919,2,,5
update,55913,55928,55930,2,,6
update,55924,55938,55941,3,,7
update,56000,56015,56019,4,,8
inbound,56000,56015,56021,6,,9
update,56011,56025,56029,4,,10
update,56022,56037,56042,5,,11
inbound,56025,56040,56045,5,,12
update,56033,56048,56050,2,,13
update,56044,56058,56063,5,,14
update,56055,56070,56074,4,,15
update,56066,56081,56084,3,,0
update,56077,56092,56095,3,,1
update,56088,56103,56106,3,,2
inbound,56100,56114,56117,3,,4
update,56099,56114,56118,4,,3
update,56110,56125,56128,3,,5
update,56121,56136,56139,3,,6
update,56132,56147,56149,2,,7
update,56143,56157,56160,3,,8
update,56154,56168,56171,3,,9
inbound,56155,56170,56173,3,,10
update,56165,56180,56183,3,,11
update,56176,56191,56194,3,,12
update,56187,56202,56204,2,,13
update,56198,56213,56216,3,,14
inbound,56200,56215,56218,3,,15
update,56209,56223,56227,4,,0
inbound,56210,56225,56228,3,,1
update,56220,56235,56238,3,,2
inbound,56225,56240,56243,3,,3
update,56231,56245,56248,3,,4
update,56242,56257,56259,2,,5
update,56253,56268,56271,3,,6
update,56264,56279,56282,3,,7
inbound,56265,56280,56283,3,,8
update,56275,56290,56293,3,,9
update,56286,56301,56304,3,,10
update,56297,56312,56315,3,,11
update,56308,56323,56325,2,,12
update,56319,56334,56337,3,,13
inbound,56320,56335,56338,3,,14
update,56330,56345,56348,3,,15
update,56341,56356,56358,2,,0
update,56352,56367,56370,3,,1
update,56363,56378,56381,3,,2
update,56374,56389,56392,3,,3
inbound,56375,56389,56392,3,,4
update,56385,56399,56402,3,,5
update,56396,56411,56414,3,,6
inbound,56400,56414,56417,3,,7
update,56407,56422,56424,2,,8
update,56418,56433,56436,3,,9
inbound,56425,56440,56443,3,,10
inbound,56430,56444,56447,3,,12
update,56429,56444,56447,3,,11
update,56440,56454,56457,3,,13
update,56451,56466,56469,3,,14
update,56462,56476,56480,4,,15
update,56473,56488,56491,3,,0
update,56484,56498,56502,4,,1
inbound,56485,56500,56503,3,,2
update,56495,56510,56513,3,,3
update,56506,56521,56524,3,,4
update,56517,56532,56535,3,,5
update,56528,56543,56546,3,,6
update,56539,56553,56557,4,,7
inbound,56540,56553,56558,5,,8
update,56550,56565,56568,3,,9
update,56561,56576,56579,3,,10
update,56572,56587,56590,3,,11
update,56583,56598,56601,3,,12
update,56594,56609,56612,3,,13
inbound,56595,56609,56613,4,,14
update,56605,56620,56623,3,,15
update,56616,56630,56634,4,,0
update,56627,56642,56645,3,,1
update,56638,56653,56656,3,,2
inbound,56650,56664,56668,4,,4
update,56649,56664,56668,4,,3
update,56660,56674,56679,5,,5
update,56671,56685,56688,3,,6
update,56682,56696,56700,4,,7
update,56693,56708,56711,3,,8
update,56704,56718,56722,4,,9
inbound,56705,56720,56722,2,,10
update,56715,56730,56733,3,,11
update,56726,56741,56744,3,,12
update,56737,56752,56755,3,,13
update,56748,56763,56766,3,,14
inbound,56760,56775,56776,1,,0
update,56759,56773,56777,4,,15
update,56770,56785,56790,5,,1
update,56781,56796,56799,3,,2
update,56792,56807,56810,3,,3
update,56803,56817,56820,3,,4
inbound,56815,56829,56832,3,,6
update,56814,56829,56833,4,,5
update,56825,56840,56843,3,,7
update,56836,56849,56853,4,,8
update,56847,56862,56865,3,,9
update,56858,56873,56876,3,,10
update,56869,56884,56887,3,,11
update,56880,56895,56899,4,,12
update,56891,56906,56910,4,,13
update,56902,56917,56920,3,,14
update,56913,56927,56931,4,,15
update,56924,56939,56943,4,,0
update,57000,57015,57019,4,,1
inbound,57000,57017,57021,4,,2
update,57011,57026,57028,2,,3
update,57022,57037,57040,3,,4
inbound,57025,57041,57044,3,,5
update,57033,57049,57052,3,,6
update,57044,57060,57063,3,,7
update,57055,57071,57074,3,,8
update,57066,57082,57085,3,,9
update,57077,57093,57096,3,,10
update,57088,57104,57107,3,,11
update,57099,57115,57120,5,,12
inbound,57100,57116,57120,4,,13
update,57110,57125,57129,4,,14
update,57121,57136,57140,4,,15
update,57132,57148,57152,4,,0
update,57143,57159,57162,3,,1
update,57154,57168,57171,3,,2
inbound,57155,57171,57173,2,,3
update,57165,57181,57184,3,,4
update,57176,57192,57194,2,,5
update,57187,57202,57206,4,,6
update,57198,57213,57217,4,,7
inbound,57200,57216,57219,3,,8
inbound,57210,57225,57230,5,,10
update,57209,57225,57231,6,,9
update,57220,57236,57239,3,,11
inbound,57225,57240,57244,4,,12
update,57231,57247,57253,6,,13
update,57242,57258,57265,7,,14
update,57253,57268,57273,5,,15
update,57264,57281,57285,4,,0
inbound,57265,57281,57287,6,,1
update,57275,57291,57297,6,,2
update,57286,57302,57305,3,,3
update,57297,57313,57317,4,,4
update,57308,57324,57329,5,,5
inbound,57320,57336,57345,9,,7
update,57319,57335,57346,11,,6
update,57330,57346,57350,4,,8
update,57341,57357,57363,6,,9
update,57352,57368,57374,6,,10
update,57363,57379,57384,5,,11
update,57374,57390,57396,6,,12
inbound,57375,57391,57397,6,,13
update,57385,57402,57407,5,,14
update,57396,57411,57414,3,,15
inbound,57400,57416,57419,3,,0
update,57407,57423,57426,3,,1
update,57418,57434,57437,3,,2
inbound,57425,57440,57444,4,,3
update,57429,57445,57450,5,,4
inbound,57430,57446,57450,4,,5
update,57440,57456,57460,4,,6
update,57451,57467,57471,4,,7
update,57462,57478,57485,7,,8
update,57473,57488,57492,4,,9
update,57484,57500,57506,6,,10
inbound,57485,57501,57506,5,,11
update,57495,57510,57514,4,,12
update,57506,57521,57524,3,,13
update,57517,57533,57537,4,,14
update,57528,57544,57547,3,,15
update,57539,57555,57559,4,,0
inbound,57540,57557,57561,4,,1
update,57550,57565,57569,4,,2
update,57561,57577,57580,3,,3
update,57572,57588,57592,4,,4
update,57583,57598,57601,3,,5
update,57594,57610,57613,3,,6
inbound,57595,57611,57615,4,,7
update,57605,57621,57623,2,,8
update,57616,57631,57635,4,,9
update,57627,57642,57646,4,,10
update,57638,57654,57657,3,,11
update,57649,57665,57669,4,,12
inbound,57650,57665,57669,4,,13
update,57660,57676,57679,3,,14
update,57671,57687,57690,3,,15
update,57682,57698,57701,3,,0
update,57693,57708,57712,4,,1
update,57704,57720,57724,4,,2
inbound,57705,57720,57724,4,,3
update,57715,57730,57733,3,,4
update,57726,57742,57745,3,,5
update,57737,57752,57755,3,,6
update,57748,57764,57767,3,,7
inbound,57760,57775,57777,2,,9
update,57759,57775,57779,4,,8
update,57770,57785,57788,3,,10
update,57781,57797,57799,2,,11
update,57792,57807,57811,4,,12
update,57803,57817,57821,4,,13
update,57814,57830,57833,3,,14
inbound,57815,57831,57834,3,,15
update,57825,57840,57844,4,,0
update,57836,57852,57855,3,,1
update,57847,57863,57866,3,,2
update,57858,57874,57877,3,,3
update,57869,57885,57888,3,,4
update,57880,57895,57898,3,,5
update,57891,57907,57910,3,,6
update,57902,57918,57921,3,,7
update,57913,57929,57932,3,,8
update,57924,57940,57943,3,,9
inbound,58000,58016,58019,3,,11
update,58000,58016,58019,3,,10
update,58011,58026,58029,3,,12
update,58022,58037,58041,4,,13
inbound,58025,58041,58044,3,,14
update,58033,58049,58052,3,,15
update,58044,58060,58063,3,,0
update,58055,58070,58073,3,,1
update,58066,58082,58086,4,,2
update,58077,58093,58096,3,,3
update,58088,58104,58108,4,,4
inbound,58100,58115,58118,3,,6
update,58099,58115,58119,4,,5
update,58110,58126,58130,4,,7
update,58121,58137,58140,3,,8
update,58132,58148,58151,3,,9
update,58143,58158,58162,4,,10
update,58154,58169,58173,4,,11
inbound,58155,58171,58174,3,,12
update,58165,58181,58184,3,,13
update,58176,58192,58195,3,,14
update,58187,58203,58206,3,,15
update,58198,58214,58218,4,,0
inbound,58200,58215,58220,5,,1
update,58209,58225,58229,4,,2
inbound,58210,58225,58229,4,,3
update,58220,58236,58239,3,,4
inbound,58225,58241,58244,3,,5
update,58231,58247,58251,4,,6
update,58242,58257,58261,4,,7
update,58253,58268,58271,3,,8
inbound,58265,58280,58283,3,,10
update,58264,58280,58283,3,,9
update,58275,58291,58295,4,,11
update,58286,58300,58303,3,,12
update,58297,58313,58317,4,,13
update,58308,58324,58328,4,,14
update,58319,58335,58338,3,,15
inbound,58320,58336,58341,5,,0
update,58330,58346,58349,3,,1
update,58341,58357,58360,3,,2
update,58352,58368,58371,3,,3
update,58363,58379,58382,3,,4
update,58374,58390,58394,4,,5
inbound,58375,58391,58394,3,,6
update,58385,58399,58402,3,,7
update,58396,58412,58415,3,,8
inbound,58400,58416,58419,3,,9
update,58407,58423,58426,3,,10
update,58418,58433,58438,5,,11
inbound,58425,58441,58444,3,,12
update,58429,58444,58448,4,,13
inbound,58430,58446,58450,4,,14
update,58440,58456,58459,3,,15
update,58451,58467,58470,3,,0
update,58462,58478,58482,4,,1
update,58473,58489,58494,5,,2
update,58484,58499,58505,6,,3
inbound,58485,58501,58506,5,,4
update,58495,58510,58513,3,,5
update,58506,58522,58525,3,,6
update,58517,58533,58536,3,,7
update,58528,58544,58548,4,,8
update,58539,58554,58558,4,,9
inbound,58540,58555,58560,5,,10
update,58550,58566,58570,4,,11
update,58561,58577,58580,3,,12
update,58572,58587,58590,3,,13
update,58583,58599,58602,3,,14
update,58594,58609,58613,4,,15
inbound,58595,58610,58615,5,,0
update,58605,58621,58624,3,,1
update,58616,58632,58635,3,,2
update,58627,58643,58646,3,,3
update,58638,58654,58658,4,,4
update,58649,58664,58668,4,,5
inbound,58650,58666,58669,3,,6
update,58660,58676,58679,3,,7
update,58671,58686,58689,3,,8
update,58682,58697,58701,4,,9
update,58693,58708,58711,3,,10
inbound,58705,58719,58723,4,,12
update,58704,58719,58724,5,,11
update,58715,58731,58734,3,,13
update,58726,58742,58746,4,,14
update,58737,58753,58756,3,,15
update,58748,58763,58767,4,,0
update,58759,58775,58779,4,,1
inbound,58760,58776,58779,3,,2
update,58770,58786,58790,4,,3
update,58781,58797,58800,3,,4
update,58792,58808,58811,3,,5
update,58803,58819,58822,3,,6
inbound,58815,58831,58833,2,,8
update,58814,58830,58834,4,,7
update,58825,58841,58844,3,,9
update,58836,58852,58855,3,,10
update,58847,58862,58866,4,,11
update,58858,58874,58878,4,,12
update,58869,58885,58887,2,,13
update,58880,58895,58898,3,,14
update,58891,58907,58910,3,,15
update,58902,58918,58921,3,,0
update,58913,58928,58931,3,,1
update,58924,58940,58944,4,,2
update,59000,59015,59019,4,,3
inbound,59000,59015,59019,4,,4
update,59011,59027,59029,2,,5
update,59022,59038,59041,3,,6
inbound,59025,59041,59044,3,,7
update,59033,59049,59052,3,,8
update,59044,59059,59062,3,,9
update,59055,59071,59074,3,,10
update,59066,59082,59085,3,,11
update,59077,59092,59096,4,,12
update,59088,59104,59107,3,,13
update,59099,59115,59120,5,,14
inbound,59100,59116,59120,4,,15
update,59110,59126,59129,3,,0
update,59121,59136,59140,4,,1
update,59132,59148,59151,3,,2
update,59143,59159,59162,3,,3
update,59154,59170,59173,3,,4
inbound,59155,59171,59174,3,,5
update,59165,59181,59184,3,,6
update,59176,59191,59195,4,,7
update,59187,59202,59206,4,,8
update,59198,59213,59218,5,,9
inbound,59200,59215,59219,4,,10
update,59209,59224,59228,4,,11
inbound,59210,59226,59229,3,,12
update,59220,59236,59239,3,,13
inbound,59225,59241,59244,3,,14
update,59231,59247,59250,3,,15
update,59242,59258,59261,3,,0
update,59253,59269,59272,3,,1
update,59264,59279,59283,4,,2
inbound,59265,59280,59284,4,,3
update,59275,59291,59294,3,,4
update,59286,59301,59305,4,,5
update,59297,59313,59316,3,,6
update,59308,59324,59327,3,,7
update,59319,59335,59339,4,,8
inbound,59320,59336,59340,4,,9
update,59330,59345,59349,4,,10
update,59341,59356,59359,3,,11
update,59352,59368,59371,3,,12
update,59363,59379,59382,3,,13
update,59374,59390,59394,4,,14
inbound,59375,59390,59395,5,,15
update,59385,59401,59404,3,,0
update,59396,59412,59415,3,,1
inbound,59400,59416,59419,3,,2
update,59407,59423,59427,4,,3
update,59418,59434,59437,3,,4
inbound,59425,59439,59442,3,,5
update,59429,59444,59448,4,,6
inbound,59430,59446,59449,3,,7
update,59440,59455,59459,4,,8
update,59451,59467,59469,2,,9
update,59462,59477,59481,4,,10
update,59473,59488,59496,8,,11
update,59484,59499,59503,4,,12
inbound,59485,59501,59504,3,,13
update,59495,59510,59513,3,,14
update,59506,59522,59525,3,,15
update,59517,59532,59536,4,,0
update,59528,59544,59548,4,,1
update,59539,59554,59558,4,,2
inbound,59540,59556,59560,4,,3
update,59550,59565,59568,3,,4
update,59561,59577,59580,3,,5
update,59572,59588,59591,3,,6
update,59583,59599,59602,3,,7
update,59594,59610,59614,4,,8
inbound,59595,59610,59614,4,,9
update,59605,59620,59624,4,,10
update,59616,59632,59635,3,,11
update,59627,59643,59646,3,,12
update,59638,59653,59656,3,,13
update,59649,59665,59668,3,,14
inbound,59650,59666,59669,3,,15
update,59660,59675,59677,2,,0
update,59671,59686,59690,4,,1
update,59682,59698,59701,3,,2
update,59693,59709,59712,3,,3
update,59704,59720,59723,3,,4
inbound,59705,59721,59724,3,,5
update,59715,59731,59733,2,,6
update,59726,59742,59746,4,,7
update,59737,59753,59756,3,,8
update,59748,59763,59766,3,,9
update,59759,59775,59779,4,,10
inbound,59760,59776,59779,3,,11
update,59770,59786,59789,3,,12
update,59781,59797,59801,4,,13
update,59792,59808,59811,3,,14
update,59803,59818,59822,4,,15
inbound,59815,59830,59832,2,,1
update,59814,59830,59834,4,,0
update,59825,59840,59843,3,,2
update,59836,59852,59855,3,,3
update,59847,59862,59865,3,,4
update,59858,59874,59877,3,,5
update,59869,59885,59889,4,,6
update,59880,59896,59901,5,,7
update,59891,59906,59910,4,,8
update,59902,59917,59921,4,,9
update,59913,59929,59933,4,,10
update,59924,59940,59943,3,,11
update,60000,60016,60020,4,,12
inbound,60000,60016,60020,4,,13
update,60011,60027,60030,3,,14
update,60022,60038,60041,3,,15
inbound,60025,60041,60044,3,,0
update,60033,60049,60051,2,,1
update,60044,60060,60062,2,,2
update,60055,60070,60073,3,,3
update,60066,60082,60084,2,,4
update,60077,60093,60095,2,,5
update,60088,60104,60107,3,,6
update,60099,60115,60118,3,,7
inbound,60100,60116,60119,3,,8
update,60110,60126,60129,3,,9
update,60121,60137,60140,3,,10
update,60132,60147,60150,3,,11
update,60143,60158,60161,3,,12
update,60154,60170,60173,3,,13
inbound,60155,60171,60174,3,,14
update,60165,60181,60184,3,,15
update,60176,60192,60195,3,,0
update,60187,60203,60206,3,,1
update,60198,60213,60216,3,,2
inbound,60200,60216,60218,2,,3
update,60209,60225,60228,3,,4
inbound,60210,60225,60228,3,,5
update,60220,60235,60238,3,,6
inbound,60225,60241,60244,3,,7
update,60231,60247,60251,4,,8
update,60242,60258,60269,11,,9
update,60253,60268,60272,4,,10
inbound,60265,60280,60283,3,,12
update,60264,60280,60284,4,,11
update,60275,60291,60293,2,,13
update,60286,60302,60304,2,,14
update,60297,60313,60316,3,,15
update,60308,60324,60327,3,,0
update,60319,60335,60338,3,,1
inbound,60320,60335,60338,3,,2
update,60330,60346,60349,3,,3
update,60341,60357,60360,3,,4
update,60352,60367,60370,3,,5
update,60363,60379,60382,3,,6
inbound,60375,60390,60394,4,,8
update,60374,60390,60394,4,,7
update,60385,60401,60404,3,,9
update,60396,60412,60415,3,,10
inbound,60400,60415,60418,3,,11
update,60407,60423,60426,3,,12
update,60418,60434,60437,3,,13
inbound,60425,60441,60444,3,,14
update,60429,60445,60448,3,,15
inbound,60430,60445,60448,3,,0
update,60440,60455,60458,3,,1
update,60451,60466,60469,3,,2
update,60462,60478,60481,3,,3
update,60473,60489,60493,4,,4
update,60484,60499,60503,4,,5
inbound,60485,60501,60505,4,,6
update,60495,60511,60514,3,,7
update,60506,60522,60524,2,,8
update,60517,60532,60535,3,,9
update,60528,60544,60546,2,,10
update,60539,60554,60558,4,,11
inbound,60540,60556,60558,2,,12
update,60550,60565,60568,3,,13
update,60561,60577,60579,2,,14
update,60572,60588,60590,2,,15
update,60583,60599,60602,3,,0
inbound,60595,60610,60613,3,,2
update,60594,60610,60613,3,,1
update,60605,60621,60623,2,,3
update,60616,60632,60634,2,,4
update,60627,60642,60645,3,,5
update,60638,60654,60656,2,,6
update,60649,60664,60667,3,,7
inbound,60650,60665,60669,4,,8
update,60660,60676,60679,3,,9
update,60671,60687,60690,3,,10
update,60682,60698,60701,3,,11
update,60693,60709,60712,3,,12
update,60704,60720,60723,3,,13
inbound,60705,60721,60724,3,,14
update,60715,60730,60733,3,,15
update,60726,60741,60745,4,,0
update,60737,60753,60756,3,,1
update,60748,60764,60767,3,,2
inbound,60760,60775,60777,2,,4
update,60759,60775,60778,3,,3
update,60770,60786,60789,3,,5
update,60781,60797,60799,2,,6
update,60792,60807,60810,3,,7
update,60803,60819,60822,3,,8
inbound,60815,60830,60832,2,,10
update,60814,60830,60833,3,,9
update,60825,60840,60843,3,,11
update,60836,60851,60854,3,,12
update,60847,60862,60865,3,,13
update,60858,60874,60876,2,,14
update,60869,60884,60887,3,,15
update,60880,60895,60898,3,,0
update,60891,60907,60910,3,,1
update,60902,60917,60920,3,,2
update,60913,60928,60931,3,,3
update,60924,60939,60942,3,,4
inbound,61000,61016,61020,4,,6
update,61000,61016,61021,5,,5
update,61011,61026,61031,5,,7
update,61022,61037,61040,3,,8
inbound,61025,61041,61044,3,,9
update,61033,61049,61052,3,,10
update,61044,61060,61063,3,,11
update,61055,61071,61074,3,,12
update,61066,61082,61084,2,,13
update,61077,61093,61097,4,,14
update,61088,61104,61106,2,,15
update,61099,61115,61118,3,,0
inbound,61100,61116,61120,4,,1
update,61110,61125,61128,3,,2
update,61121,61137,61140,3,,3
update,61132,61148,61150,2,,4
update,61143,61158,61161,3,,5
update,61154,61170,61172,2,,6
inbound,61155,61171,61174,3,,7
update,61165,61180,61183,3,,8
update,61176,61192,61194,2,,9
update,61187,61203,61206,3,,10
update,61198,61214,61217,3,,11
inbound,61200,61215,61219,4,,12
update,61209,61224,61228,4,,13
inbound,61210,61225,61229,4,,14
update,61220,61235,61238,3,,15
inbound,61225,61240,61243,3,,0
update,61231,61247,61251,4,,1
update,61242,61258,61262,4,,2
update,61253,61269,61273,4,,3
update,61264,61280,61283,3,,4
inbound,61265,61281,61285,4,,5
update,61275,61290,61293,3,,6
update,61286,61301,61304,3,,7
update,61297,61313,61315,2,,8
update,61308,61324,61326,2,,9
update,61319,61335,61338,3,,10
inbound,61320,61335,61339,4,,11
update,61330,61346,61348,2,,12
update,61341,61357,61360,3,,13
update,61352,61368,61372,4,,14
update,61363,61378,61383,5,,15
update,61374,61390,61395,5,,0
inbound,61375,61391,61398,7,,1
update,61385,61401,61405,4,,2
update,61396,61412,61415,3,,3
inbound,61400,61415,61418,3,,4
update,61407,61422,61425,3,,5
update,61418,61434,61437,3,,6
inbound,61425,61441,61444,3,,7
update,61429,61445,61449,4,,8
inbound,61430,61446,61449,3,,9
update,61440,61456,61459,3,,10
update,61451,61467,61470,3,,11
update,61462,61478,61481,3,,12
update,61473,61489,61492,3,,13
update,61484,61500,61507,7,,14
inbound,61485,61501,61510,9,,15
update,61495,61510,61513,3,,0
update,61506,61522,61525,3,,1
update,61517,61533,61535,2,,2
update,61528,61544,61547,3,,3
update,61539,61555,61558,3,,4
inbound,61540,61556,61560,4,,5
update,61550,61566,61569,3,,6
update,61561,61575,61578,3,,7
update,61572,61587,61590,3,,8
update,61583,61599,61602,3,,9
update,61594,61610,61613,3,,10
inbound,61595,61610,61613,3,,11
update,61605,61621,61624,3,,12
update,61616,61632,61634,2,,13
update,61627,61642,61646,4,,14
update,61638,61654,61657,3,,15
update,61649,61664,61667,3,,0
inbound,61650,61666,61669,3,,1
update,61660,61675,61679,4,,2
update,61671,61687,61690,3,,3
update,61682,61697,61700,3,,4
update,61693,61709,61712,3,,5
update,61704,61719,61722,3,,6
inbound,61705,61720,61724,4,,7
update,61715,61730,61733,3,,8
update,61726,61742,61745,3,,9
update,61737,61751,61754,3,,10
update,61748,61764,61767,3,,11
inbound,61760,61776,61778,2,,13
update,61759,61775,61779,4,,12
update,61770,61786,61789,3,,14
update,61781,61797,61799,2,,15
update,61792,61807,61810,3,,0
update,61803,61818,61824,6,,1
update,61814,61828,61832,4,,2
inbound,61815,61831,61835,4,,3
update,61825,61841,61844,3,,4
update,61836,61852,61856,4,,5
update,61847,61862,61865,3,,6
update,61858,61874,61876,2,,7
update,61869,61884,61888,4,,8
update,61880,61896,61899,3,,9
update,61891,61907,61910,3,,10
update,61902,61918,61921,3,,11
update,61913,61929,61932,3,,12
update,61924,61938,61941,3,,13
inbound,62000,62016,62020,4,,15
update,62000,62016,62020,4,,14
update,62011,62027,62029,2,,0
update,62022,62038,62041,3,,1
inbound,62025,62041,62044,3,,2
update,62033,62049,62051,2,,3
update,62044,62059,62063,4,,4
update,62055,62071,62074,3,,5
update,62066,62082,62085,3,,6
update,62077,62092,62096,4,,7
update,62088,62104,62107,3,,8
update,62099,62114,62118,4,,9
inbound,62100,62116,62120,4,,10
update,62110,62126,62129,3,,11
update,62121,62137,62139,2,,12
update,62132,62148,62151,3,,13
update,62143,62159,62161,2,,14
update,62154,62169,62173,4,,15
inbound,62155,62171,62175,4,,0
update,62165,62181,62184,3,,1
update,62176,62192,62195,3,,2
update,62187,62203,62206,3,,3
update,62198,62214,62217,3,,4
inbound,62200,62216,62220,4,,5
update,62209,62224,62228,4,,6
inbound,62210,62226,62229,3,,7
update,62220,62236,62239,3,,8
inbound,62225,62240,62243,3,,9
update,62231,62245,62248,3,,10
update,62242,62258,62261,3,,11
update,62253,62269,62273,4,,12
inbound,62265,62281,62286,5,,14
update,62264,62280,62286,6,,13
update,62275,62291,62294,3,,15
update,62286,62302,62314,12,,0
update,62297,62312,62318,6,,1
update,62308,62324,62327,3,,2
update,62319,62335,62339,4,,3
inbound,62320,62336,62342,6,,4
update,62330,62346,62350,4,,5
update,62341,62357,62360,3,,6
update,62352,62368,62372,4,,7
update,62363,62379,62381,2,,8
inbound,62375,62390,62393,3,,10
update,62374,62390,62393,3,,9
update,62385,62401,62404,3,,11
update,62396,62412,62415,3,,12
inbound,62400,62416,62419,3,,13
update,62407,62423,62426,3,,14
update,62418,62434,62437,3,,15
inbound,62425,62441,62444,3,,0
update,62429,62444,62447,3,,1
inbound,62430,62445,62449,4,,2
update,62440,62456,62460,4,,3
update,62451,62466,62470,4,,4
update,62462,62478,62481,3,,5
update,62473,62489,62492,3,,6
update,62484,62499,62502,3,,7
inbound,62485,62501,62505,4,,8
update,62495,62511,62516,5,,9
update,62506,62522,62527,5,,10
update,62517,62533,62537,4,,11
update,62528,62544,62549,5,,12
update,62539,62555,62560,5,,13
inbound,62540,62557,62561,4,,14
update,62550,62566,62569,3,,15
update,62561,62577,62581,4,,0
update,62572,62588,62591,3,,1
update,62583,62599,62602,3,,2
update,62594,62610,62613,3,,3
inbound,62595,62611,62614,3,,4
update,62605,62621,62624,3,,5
update,62616,62632,62635,3,,6
update,62627,62642,62645,3,,7
update,62638,62654,62657,3,,8
update,62649,62664,62668,4,,9
inbound,62650,62666,62669,3,,10
update,62660,62676,62678,2,,11
update,62671,62687,62690,3,,12
update,62682,62697,62700,3,,13
update,62693,62708,62712,4,,14
update,62704,62720,62723,3,,15
inbound,62705,62721,62725,4,,0
update,62715,62731,62734,3,,1
update,62726,62741,62744,3,,2
update,62737,62753,62755,2,,3
update,62748,62763,62767,4,,4
inbound,62760,62775,62777,2,,6
update,62759,62775,62779,4,,5
update,62770,62786,62789,3,,7
update,62781,62796,62799,3,,8
update,62792,62808,62811,3,,9
update,62803,62819,62822,3,,10
update,62814,62829,62833,4,,11
inbound,62815,62831,62833,2,,12
update,62825,62840,62843,3,,13
update,62836,62852,62855,3,,14
update,62847,62862,62865,3,,15
update,62858,62873,62877,4,,0
update,62869,62885,62888,3,,1
update,62880,62895,62898,3,,2
update,62891,62906,62910,4,,3
update,62902,62918,62922,4,,4
update,62913,62929,62932,3,,5
update,62924,62939,62944,5,,6
inbound,63000,63016,63020,4,,8
update,63000,63016,63020,4,,7
update,63011,63026,63029,3,,9
update,63022,63038,63041,3,,10
inbound,63025,63040,63044,4,,11
update,63033,63047,63050,3,,12
update,63044,63060,63062,2,,13
update,63055,63071,63073,2,,14
update,63066,63081,63083,2,,15
update,63077,63092,63095,3,,0
update,63088,63104,63107,3,,1
update,63099,63115,63118,3,,2
inbound,63100,63116,63120,4,,3
update,63110,63125,63129,4,,4
update,63121,63135,63139,4,,5
update,63132,63149,63151,2,,6
update,63143,63159,63162,3,,7
update,63154,63171,63175,4,,8
inbound,63155,63171,63176,5,,9
update,63165,63182,63184,2,,10
update,63176,63193,63196,3,,11
update,63187,63203,63206,3,,12
update,63198,63215,63218,3,,13
inbound,63200,63216,63220,4,,14
update,63209,63226,63229,3,,15
inbound,63210,63227,63230,3,,0
update,63220,63237,63240,3,,1
inbound,63225,63241,63244,3,,2
update,63231,63248,63251,3,,3
update,63242,63258,63266,8,,4
update,63253,63269,63272,3,,5
update,63264,63281,63285,4,,6
inbound,63265,63282,63287,5,,7
update,63275,63291,63294,3,,8
update,63286,63303,63306,3,,9
update,63297,63314,63317,3,,10
update,63308,63324,63327,3,,11
update,63319,63335,63340,5,,12
inbound,63320,63337,63340,3,,13
update,63330,63347,63350,3,,14
update,63341,63357,63360,3,,15
update,63352,63369,63372,3,,0
update,63363,63380,63383,3,,1
update,63374,63391,63394,3,,2
inbound,63375,63392,63396,4,,3
update,63385,63402,63405,3,,4
update,63396,63413,63416,3,,5
inbound,63400,63417,63420,3,,6
update,63407,63424,63427,3,,7
update,63418,63434,63437,3,,8
inbound,63425,63441,63445,4,,9
update,63429,63446,63450,4,,10
inbound,63430,63447,63451,4,,11
update,63440,63457,63460,3,,12
update,63451,63468,63471,3,,13
update,63462,63479,63482,3,,14
update,63473,63489,63493,4,,15
update,63484,63500,63505,5,,0
inbound,63485,63502,63508,6,,1
update,63495,63512,63526,14,,2
update,63506,63523,63530,7,,3
update,63517,63534,63538,4,,4
update,63528,63545,63549,4,,5
update,63539,63556,63560,4,,6
inbound,63540,63556,63561,5,,7
update,63550,63566,63570,4,,8
update,63561,63577,63580,3,,9
update,63572,63589,63594,5,,10
update,63583,63600,63603,3,,11
update,63594,63611,63614,3,,12
inbound,63595,63612,63617,5,,13
update,63605,63622,63625,3,,14
update,63616,63633,63636,3,,15
update,63627,63644,63647,3,,0
update,63638,63654,63657,3,,1
inbound,63650,63666,63669,3,,3
update,63649,63666,63670,4,,2
update,63660,63677,63680,3,,4
update,63671,63687,63692,5,,5
update,63682,63699,63703,4,,6
update,63693,63710,63714,4,,7
update,63704,63721,63724,3,,8
inbound,63705,63722,63727,5,,9
update,63715,63732,63735,3,,10
update,63726,63743,63747,4,,11
update,63737,63754,63760,6,,12
update,63748,63765,63768,3,,13
update,63759,63775,63780,5,,14
inbound,63760,63777,63781,4,,15
update,63770,63787,63792,5,,0
update,63781,63798,63802,4,,1
update,63792,63809,63814,5,,2
update,63803,63820,63823,3,,3
inbound,63815,63832,63834,2,,5
update,63814,63831,63834,3,,4
update,63825,63842,63845,3,,6
update,63836,63853,63857,4,,7
update,63847,63863,63867,4,,8
update,63858,63875,63878,3,,9
update,63869,63885,63889,4,,10
update,63880,63897,63900,3,,11
update,63891,63908,63911,3,,12
update,63902,63919,63924,5,,13
update,63913,63930,63933,3,,14
update,63924,63941,63944,3,,15
update,64000,64017,64020,3,,0
inbound,64000,64017,64020,3,,1
update,64011,64027,64030,3,,2
update,64022,64039,64042,3,,3
inbound,64025,64041,64044,3,,4
update,64033,64050,64053,3,,5
update,64044,64061,64064,3,,6
update,64055,64071,64074,3,,7
update,64066,64083,64086,3,,8
update,64077,64094,64097,3,,9
update,64088,64105,64108,3,,10
update,64099,64116,64119,3,,11
inbound,64100,64117,64120,3,,12
update,64110,64127,64130,3,,13
update,64121,64138,64141,3,,14
update,64132,64149,64152,3,,15
update,64143,64160,64163,3,,0
update,64154,64170,64174,4,,1
inbound,64155,64170,64174,4,,2
update,64165,64182,64185,3,,3
update,64176,64193,64196,3,,4
update,64187,64204,64207,3,,5
update,64198,64215,64218,3,,6
inbound,64200,64217,64220,3,,7
inbound,64210,64226,64229,3,,9
update,64209,64226,64229,3,,8
update,64220,64236,64239,3,,10
inbound,64225,64241,64244,3,,11
update,64231,64247,64250,3,,12
update,64242,64259,64262,3,,13
update,64253,64270,64273,3,,14
update,64264,64280,64285,5,,15
inbound,64265,64282,64285,3,,0
update,64275,64292,64294,2,,1
update,64286,64302,64305,3,,2
update,64297,64314,64317,3,,3
update,64308,64325,64327,2,,4
update,64319,64336,64339,3,,5
inbound,64320,64337,64341,4,,6
update,64330,64347,64350,3,,7
update,64341,64358,64361,3,,8
update,64352,64369,64372,3,,9
update,64363,64379,64382,3,,10
update,64374,64390,64394,4,,11
inbound,64375,64392,64395,3,,12
update,64385,64402,64405,3,,13
update,64396,64413,64416,3,,14
inbound,64400,64416,64419,3,,15
update,64407,64424,64427,3,,0
update,64418,64435,64437,2,,1
inbound,64425,64441,64443,2,,2
inbound,64430,64446,64448,2,,4
update,64429,64446,64449,3,,3
update,64440,64457,64459,2,,5
update,64451,64468,64470,2,,6
update,64462,64479,64482,3,,7
update,64473,64490,64492,2,,8
update,64484,64501,64503,2,,9
inbound,64485,64501,64504,3,,10
update,64495,64512,64515,3,,11
update,64506,64522,64526,4,,12
update,64517,64534,64537,3,,13
update,64528,64545,64548,3,,14
inbound,64540,64555,64558,3,,0
update,64539,64555,64558,3,,15
update,64550,64567,64570,3,,1
update,64561,64577,64580,3,,2
update,64572,64588,64592,4,,3
update,64583,64600,64603,3,,4
inbound,64595,64611,64614,3,,6
update,64594,64611,64614,3,,5
update,64605,64622,64625,3,,7
update,64616,64633,64636,3,,8
update,64627,64644,64647,3,,9
update,64638,64655,64658,3,,10
inbound,64650,64666,64670,4,,12
update,64649,64666,64670,4,,11
update,64660,64676,64679,3,,13
update,64671,64687,64691,4,,14
update,64682,64699,64702,3,,15
update,64693,64710,64713,3,,0
inbound,64705,64721,64725,4,,2
update,64704,64721,64725,4,,1
update,64715,64732,64735,3,,3
update,64726,64743,64746,3,,4
update,64737,64754,64757,3,,5
update,64748,64765,64768,3,,6
inbound,64760,64776,64779,3,,8
update,64759,64775,64779,4,,7
update,64770,64787,64790,3,,9
update,64781,64798,64801,3,,10
update,64792,64808,64812,4,,11
update,64803,64820,64823,3,,12
update,64814,64831,64834,3,,13
inbound,64815,64832,64834,2,,14
update,64825,64841,64845,4,,15
update,64836,64853,64856,3,,0
update,64847,64863,64867,4,,1
update,64858,64875,64878,3,,2
update,64869,64886,64889,3,,3
update,64880,64897,64900,3,,4
update,64891,64907,64910,3,,5
update,64902,64918,64921,3,,6
update,64913,64930,64933,3,,7
update,64924,64941,64944,3,,8
update,65000,65017,65021,4,,9
inbound,65000,65017,65021,4,,10
update,65011,65028,65031,3,,11
update,65022,65039,65042,3,,12
inbound,65025,65042,65045,3,,13
update,65033,65050,65053,3,,14
update,65044,65061,65063,2,,15
update,65055,65071,65074,3,,0
update,65066,65083,65085,2,,1
update,65077,65093,65096,3,,2
update,65088,65105,65108,3,,3
update,65099,65115,65119,4,,4
inbound,65100,65117,65120,3,,5
update,65110,65127,65129,2,,6
update,65121,65138,65141,3,,7
update,65132,65149,65152,3,,8
update,65143,65160,65163,3,,9
update,65154,65171,65175,4,,10
inbound,65155,65172,65176,4,,11
update,65165,65182,65185,3,,12
update,65176,65193,65196,3,,13
update,65187,65203,65206,3,,14
update,65198,65215,65218,3,,15
inbound,65200,65216,65220,4,,0
update,65209,65225,65229,4,,1
inbound,65210,65227,65231,4,,2
update,65220,65237,65239,2,,3
inbound,65225,65242,65244,2,,4
update,65231,65247,65251,4,,5
update,65242,65258,65262,4,,6
update,65253,65270,65274,4,,7
update,65264,65280,65284,4,,8
inbound,65265,65282,65286,4,,9
update,65275,65292,65295,3,,10
update,65286,65303,65306,3,,11
update,65297,65314,65317,3,,12
update,65308,65323,65326,3,,13
update,65319,65335,65338,3,,14
inbound,65320,65336,65340,4,,15
update,65330,65347,65350,3,,0
update,65341,65358,65361,3,,1
update,65352,65369,65372,3,,2
update,65363,65380,65383,3,,3
update,65374,65390,65394,4,,4
inbound,65375,65392,65395,3,,5
update,65385,65401,65404,3,,6
update,65396,65413,65416,3,,7
inbound,65400,65417,65420,3,,8
update,65407,65424,65426,2,,9
update,65418,65434,65438,4,,10
inbound,65425,65442,65445,3,,11
update,65429,65446,65449,3,,12
inbound,65430,65447,65450,3,,13
update,65440,65457,65460,3,,14
update,65451,65468,65472,4,,15
update,65462,65479,65482,3,,0
update,65473,65490,65492,2,,1
update,65484,65500,65504,4,,2
inbound,65485,65501,65504,3,,3
update,65495,65512,65515,3,,4
update,65506,65523,65526,3,,5
update,65517,65534,65539,5,,6
update,65528,65545,65548,3,,7
update,65539,65555,65559,4,,8
inbound,65540,65556,65560,4,,9
update,65550,65567,65570,3,,10
update,65561,65578,65581,3,,11
update,65572,65589,65591,2,,12
update,65583,65600,65603,3,,13
inbound,65595,65611,65615,4,,15
update,65594,65611,65616,5,,14
update,65605,65621,65624,3,,0
update,65616,65633,65635,2,,1
update,65627,65644,65647,3,,2
update,65638,65654,65658,4,,3
update,65649,65665,65668,3,,4
inbound,65650,65667,65669,2,,5
update,65660,65677,65680,3,,6
update,65671,65688,65691,3,,7
update,65682,65698,65702,4,,8
update,65693,65710,65713,3,,9
update,65704,65721,65724,3,,10
inbound,65705,65722,65726,4,,11
update,65715,65732,65735,3,,12
update,65726,65743,65746,3,,13
update,65737,65754,65758,4,,14
update,65748,65765,65768,3,,15
update,65759,65776,65779,3,,0
inbound,65760,65777,65780,3,,1
update,65770,65787,65790,3,,2
update,65781,65798,65802,4,,3
update,65792,65808,65811,3,,4
update,65803,65819,65822,3,,5
inbound,65815,65831,65833,2,,7
update,65814,65831,65834,3,,6
update,65825,65842,65845,3,,8
update,65836,65853,65856,3,,9
update,65847,65863,65866,3,,10
update,65858,65875,65878,3,,11
update,65869,65886,65889,3,,12
update,65880,65897,65900,3,,13
update,65891,65908,65911,3,,14
update,65902,65919,65922,3,,15
update,65913,65929,65932,3,,0
update,65924,65941,65944,3,,1
update,66000,66017,66021,4,,2
inbound,66000,66018,66022,4,,3
update,66011,66028,66031,3,,4
update,66022,66038,66041,3,,5
inbound,66025,66043,66045,2,,6
update,66033,66049,66053,4,,7
update,66044,66061,66063,2,,8
update,66055,66072,66075,3,,9
update,66066,66083,66088,5,,10
update,66077,66094,66097,3,,11
update,66088,66105,66110,5,,12
update,66099,66115,66121,6,,13
inbound,66100,66117,66124,7,,14
update,66110,66127,66132,5,,15
update,66121,66138,66142,4,,0
update,66132,66149,66153,4,,1
update,66143,66160,66165,5,,2
update,66154,66171,66176,5,,3
inbound,66155,66173,66179,6,,4
update,66165,66181,66185,4,,5
update,66176,66193,66197,4,,6
update,66187,66204,66208,4,,7
update,66198,66215,66218,3,,8
inbound,66200,66218,66223,5,,9
update,66209,66226,66231,5,,10
inbound,66210,66227,66233,6,,11
update,66220,66237,66241,4,,12
inbound,66225,66243,66246,3,,13
update,66231,66247,66250,3,,14
update,66242,66259,66262,3,,15
update,66253,66270,66273,3,,0
update,66264,66281,66286,5,,1
inbound,66265,66283,66286,3,,2
update,66275,66291,66294,3,,3
update,66286,66303,66306,3,,4
update,66297,66313,66316,3,,5
update,66308,66324,66327,3,,6
update,66319,66335,66339,4,,7
inbound,66320,66338,66341,3,,8
update,66330,66347,66351,4,,9
update,66341,66357,66361,4,,10
update,66352,66369,66373,4,,11
update,66363,66380,66383,3,,12
update,66374,66390,66394,4,,13
inbound,66375,66393,66397,4,,14
update,66385,66402,66405,3,,15
update,66396,66413,66416,3,,0
inbound,66400,66418,66421,3,,1
update,66407,66424,66427,3,,2
update,66418,66434,66437,3,,3
inbound,66425,66443,66447,4,,4
update,66429,66445,66449,4,,5
inbound,66430,66448,66451,3,,6
update,66440,66457,66461,4,,7
update,66451,66468,66472,4,,8
update,66462,66479,66482,3,,9
update,66473,66490,66493,3,,10
update,66484,66501,66504,3,,11
inbound,66485,66502,66506,4,,12
update,66495,66511,66514,3,,13
update,66506,66522,66526,4,,14
update,66517,66534,66542,8,,15
update,66528,66544,66548,4,,0
update,66539,66556,66560,4,,1
inbound,66540,66558,66562,4,,2
update,66550,66567,66572,5,,3
update,66561,66577,66580,3,,4
update,66572,66589,66591,2,,5
update,66583,66599,66603,4,,6
update,66594,66611,66615,4,,7
inbound,66595,66613,66617,4,,8
update,66605,66622,66625,3,,9
update,66616,66632,66636,4,,10
update,66627,66644,66648,4,,11
update,66638,66654,66657,3,,12
update,66649,66665,66668,3,,13
inbound,66650,66667,66670,3,,14
update,66660,66677,66681,4,,15
update,66671,66688,66691,3,,0
update,66682,66699,66702,3,,1
update,66693,66710,66713,3,,2
update,66704,66721,66724,3,,3
inbound,66705,66723,66727,4,,4
update,66715,66732,66735,3,,5
update,66726,66743,66746,3,,6
update,66737,66754,66757,3,,7
update,66748,66765,66768,3,,8
update,66759,66776,66779,3,,9
inbound,66760,66778,66780,2,,10
update,66770,66786,66789,3,,11
update,66781,66799,66802,3,,12
update,66792,66809,66813,4,,13
update,66803,66820,66824,4,,14
inbound,66815,66833,66835,2,,0
update,66814,66832,66836,4,,15
update,66825,66843,66847,4,,1
update,66836,66853,66857,4,,2
update,66847,66865,66868,3,,3
update,66858,66876,66879,3,,4
update,66869,66887,66890,3,,5
update,66880,66898,66901,3,,6
update,66891,66908,66911,3,,7
update,66902,66920,66924,4,,8
update,66913,66931,66934,3,,9
update,66924,66942,66945,3,,10
update,67000,67018,67022,4,,11
inbound,67000,67018,67022,4,,12
update,67011,67029,67032,3,,13
update,67022,67040,67042,2,,14
inbound,67025,67042,67045,3,,15
update,67033,67050,67053,3,,0
update,67044,67061,67064,3,,1
update,67055,67073,67075,2,,2
update,67066,67084,67087,3,,3
update,67077,67095,67098,3,,4
update,67088,67106,67109,3,,5
update,67099,67117,67120,3,,6
inbound,67100,67118,67122,4,,7
update,67110,67128,67131,3,,8
update,67121,67139,67142,3,,9
update,67132,67150,67153,3,,10
update,67143,67161,67164,3,,11
update,67154,67172,67175,3,,12
inbound,67155,67173,67176,3,,13
update,67165,67183,67186,3,,14
update,67176,67193,67196,3,,15
update,67187,67205,67208,3,,0
update,67198,67216,67219,3,,1
inbound,67200,67218,67222,4,,2
update,67209,67227,67231,4,,3
inbound,67210,67228,67232,4,,4
update,67220,67238,67241,3,,5
inbound,67225,67242,67245,3,,6
update,67231,67249,67252,3,,7
update,67242,67260,67262,2,,8
update,67253,67271,67274,3,,9
update,67264,67282,67285,3,,10
inbound,67265,67283,67286,3,,11
update,67275,67293,67297,4,,12
update,67286,67303,67306,3,,13
update,67297,67315,67319,4,,14
update,67308,67326,67329,3,,15
inbound,67320,67338,67345,7,,1
update,67319,67337,67345,8,,0
update,67330,67348,67351,3,,2
update,67341,67359,67362,3,,3
update,67352,67370,67372,2,,4
update,67363,67381,67384,3,,5
update,67374,67392,67395,3,,6
inbound,67375,67393,67397,4,,7
update,67385,67403,67408,5,,8
update,67396,67412,67416,4,,9
inbound,67400,67418,67421,3,,10
update,67407,67425,67428,3,,11
update,67418,67435,67440,5,,12
inbound,67425,67443,67445,2,,13
update,67429,67447,67451,4,,14
inbound,67430,67448,67452,4,,15
update,67440,67458,67462,4,,0
update,67451,67469,67472,3,,1
update,67462,67480,67485,5,,2
update,67473,67491,67494,3,,3
inbound,67485,67502,67509,7,,5
update,67484,67502,67512,10,,4
update,67495,67512,67518,6,,6
update,67506,67524,67527,3,,7
update,67517,67534,67540,6,,8
update,67528,67546,67550,4,,9
update,67539,67557,67560,3,,10
inbound,67540,67558,67564,6,,11
update,67550,67568,67571,3,,12
update,67561,67579,67582,3,,13
update,67572,67589,67592,3,,14
update,67583,67601,67603,2,,15
update,67594,67612,67615,3,,0
inbound,67595,67613,67617,4,,1
update,67605,67623,67626,3,,2
update,67616,67634,67637,3,,3
update,67627,67645,67647,2,,4
update,67638,67656,67658,2,,5
update,67649,67667,67670,3,,6
inbound,67650,67668,67671,3,,7
update,67660,67677,67680,3,,8
update,67671,67689,67692,3,,9
update,67682,67700,67702,2,,10
update,67693,67711,67713,2,,11
update,67704,67721,67725,4,,12
inbound,67705,67723,67727,4,,13
update,67715,67733,67735,2,,14
update,67726,67743,67746,3,,15
update,67737,67755,67757,2,,0
update,67748,67766,67769,3,,1
update,67759,67776,67780,4,,2
inbound,67760,67778,67780,2,,3
update,67770,67788,67791,3,,4
update,67781,67799,67802,3,,5
update,67792,67810,67813,3,,6
update,67803,67821,67825,4,,7
update,67814,67831,67835,4,,8
inbound,67815,67833,67835,2,,9
update,67825,67843,67845,2,,10
update,67836,67854,67857,3,,11
update,67847,67865,67868,3,,12
update,67858,67875,67878,3,,13
update,67869,67886,67889,3,,14
update,67880,67898,67901,3,,15
update,67891,67908,67910,2,,0
update,67902,67918,67921,3,,1
update,67913,67931,67934,3,,2
update,67924,67941,67944,3,,3
update,68000,68017,68020,3,,4
inbound,68000,68017,68021,4,,5
update,68011,68029,68032,3,,6
update,68022,68040,68042,2,,7
inbound,68025,68043,68045,2,,8
update,68033,68051,68054,3,,9
update,68044,68062,68064,2,,10
update,68055,68073,68075,2,,11
update,68066,68083,68086,3,,12
update,68077,68095,68098,3,,13
update,68088,68106,68109,3,,14
update,68099,68117,68120,3,,15
inbound,68100,68117,68120,3,,0
update,68110,68128,68130,2,,1
update,68121,68139,68142,3,,2
update,68132,68150,68153,3,,3
update,68143,68161,68163,2,,4
update,68154,68172,68175,3,,5
inbound,68155,68172,68175,3,,6
update,68165,68183,68186,3,,7
update,68176,68193,68196,3,,8
update,68187,68204,68207,3,,9
update,68198,68215,68221,6,,10
inbound,68200,68217,68221,4,,11
update,68209,68227,68231,4,,12
inbound,68210,68228,68234,6,,13
update,68220,68238,68240,2,,14
inbound,68225,68242,68245,3,,15
update,68231,68249,68251,2,,0
update,68242,68259,68263,4,,1
update,68253,68271,68274,3,,2
update,68264,68281,68285,4,,3
inbound,68265,68283,68287,4,,4
update,68275,68293,68296,3,,5
update,68286,68304,68307,3,,6
update,68297,68315,68319,4,,7
update,68308,68326,68330,4,,8
update,68319,68337,68340,3,,9
inbound,68320,68337,68340,3,,10
update,68330,68348,68351,3,,11
update,68341,68358,68362,4,,12
update,68352,68370,68374,4,,13
update,68363,68381,68384,3,,14
update,68374,68392,68396,4,,15
inbound,68375,68392,68397,5,,0
update,68385,68403,68406,3,,1
update,68396,68414,68417,3,,2
inbound,68400,68418,68422,4,,3
update,68407,68425,68428,3,,4
update,68418,68436,68441,5,,5
inbound,68425,68443,68446,3,,6
update,68429,68447,68450,3,,7
inbound,68430,68448,68451,3,,8
update,68440,68457,68460,3,,9
update,68451,68469,68473,4,,10
update,68462,68480,68483,3,,11
update,68473,68491,68494,3,,12
update,68484,68502,68505,3,,13
inbound,68485,68503,68506,3,,14
update,68495,68513,68515,2,,15
update,68506,68524,68527,3,,0
update,68517,68535,68538,3,,1
update,68528,68546,68552,6,,2
update,68539,68557,68561,4,,3
inbound,68540,68558,68563,5,,4
update,68550,68568,68571,3,,5
update,68561,68579,68581,2,,6
update,68572,68590,68593,3,,7
update,68583,68600,68604,4,,8
update,68594,68612,68615,3,,9
inbound,68595,68613,68616,3,,10
update,68605,68623,68626,3,,11
update,68616,68634,68637,3,,12
update,68627,68645,68648,3,,13
update,68638,68656,68662,6,,14
update,68649,68667,68670,3,,15
inbound,68650,68667,68671,4,,0
update,68660,68678,68681,3,,1
update,68671,68689,68692,3,,2
update,68682,68700,68703,3,,3
update,68693,68710,68713,3,,4
update,68704,68722,68725,3,,5
inbound,68705,68722,68726,4,,6
update,68715,68733,68736,3,,7
update,68726,68744,68747,3,,8
update,68737,68755,68758,3,,9
update,68748,68765,68768,3,,10
update,68759,68777,68780,3,,11
inbound,68760,68778,68781,3,,12
update,68770,68788,68791,3,,13
update,68781,68798,68801,3,,14
update,68792,68810,68813,3,,15
update,68803,68821,68824,3,,0
update,68814,68831,68835,4,,1
inbound,68815,68832,68835,3,,2
update,68825,68843,68846,3,,3
update,68836,68854,68857,3,,4
update,68847,68865,68868,3,,5
update,68858,68875,68878,3,,6
update,68869,68887,68890,3,,7
update,68880,68897,68900,3,,8
update,68891,68909,68912,3,,9
update,68902,68920,68923,3,,10
update,68913,68930,68933,3,,11
update,68924,68942,68945,3,,12
update,69000,69018,69021,3,,13
inbound,69000,69018,69022,4,,14
update,69011,69029,69032,3,,15
update,69022,69040,69043,3,,0
inbound,69025,69043,69046,3,,1
update,69033,69051,69054,3,,2
update,69044,69062,69065,3,,3
update,69055,69073,69076,3,,4
update,69066,69083,69086,3,,5
update,69077,69095,69098,3,,6
update,69088,69106,69109,3,,7
update,69099,69117,69121,4,,8
inbound,69100,69117,69122,5,,9
update,69110,69127,69130,3,,10
update,69121,69139,69141,2,,11
update,69132,69150,69153,3,,12
update,69143,69161,69165,4,,13
update,69154,69171,69175,4,,14
inbound,69155,69173,69176,3,,15
update,69165,69183,69186,3,,0
update,69176,69194,69197,3,,1
update,69187,69205,69208,3,,2
update,69198,69216,69219,3,,3
inbound,69200,69218,69221,3,,4
update,69209,69228,69231,3,,5
inbound,69210,69228,69231,3,,6
update,69220,69237,69240,3,,7
inbound,69225,69243,69245,2,,8
update,69231,69249,69252,3,,9
update,69242,69260,69263,3,,10
update,69253,69271,69274,3,,11
update,69264,69282,69285,3,,12
inbound,69265,69283,69288,5,,13
update,69275,69293,69296,3,,14
update,69286,69304,69308,4,,15
update,69297,69315,69318,3,,0
update,69308,69326,69330,4,,1
update,69319,69336,69340,4,,2
inbound,69320,69338,69342,4,,3
update,69330,69347,69350,3,,4
update,69341,69359,69362,3,,5
update,69352,69369,69372,3,,6
update,69363,69380,69383,3,,7
update,69374,69392,69396,4,,8
inbound,69375,69393,69397,4,,9
update,69385,69403,69406,3,,10
update,69396,69414,69418,4,,11
inbound,69400,69417,69421,4,,12
update,69407,69425,69428,3,,13
update,69418,69435,69438,3,,14
inbound,69425,69443,69446,3,,15
update,69429,69447,69450,3,,0
inbound,69430,69448,69452,4,,1
update,69440,69458,69460,2,,2
update,69451,69469,69472,3,,3
update,69462,69479,69482,3,,4
update,69473,69491,69494,3,,5
update,69484,69502,69505,3,,6
inbound,69485,69503,69506,3,,7
update,69495,69513,69515,2,,8
update,69506,69523,69527,4,,9
update,69517,69534,69537,3,,10
update,69528,69545,69548,3,,11
inbound,69540,69559,69564,5,,13
update,69539,69557,69565,8,,12
update,69550,69568,69571,3,,14
update,69561,69579,69582,3,,15
update,69572,69589,69592,3,,0
update,69583,69600,69603,3,,1
update,69594,69612,69616,4,,2
inbound,69595,69613,69616,3,,3
update,69605,69623,69625,2,,4
update,69616,69634,69637,3,,5
update,69627,69645,69648,3,,6
update,69638,69655,69657,2,,7
update,69649,69667,69671,4,,8
inbound,69650,69668,69672,4,,9
update,69660,69678,69681,3,,10
update,69671,69688,69691,3,,11
update,69682,69700,69702,2,,12
update,69693,69711,69714,3,,13
update,69704,69721,69725,4,,14
inbound,69705,69723,69726,3,,15
update,69715,69733,69736,3,,0
update,69726,69743,69746,3,,1
update,69737,69755,69758,3,,2
update,69748,69766,69769,3,,3
update,69759,69776,69779,3,,4
inbound,69760,69778,69781,3,,5
update,69770,69788,69791,3,,6
update,69781,69799,69801,2,,7
update,69792,69809,69812,3,,8
update,69803,69820,69823,3,,9
update,69814,69832,69836,4,,10
inbound,69815,69833,69836,3,,11
update,69825,69843,69846,3,,12
update,69836,69854,69857,3,,13
update,69847,69865,69869,4,,14
update,69858,69876,69879,3,,15
update,69869,69887,69889,2,,0
update,69880,69898,69901,3,,1
update,69891,69909,69912,3,,2
update,69902,69919,69923,4,,3
update,69913,69931,69935,4,,4
update,69924,69942,69946,4,,5
update,70000,70017,70021,4,,6
inbound,70000,70017,70022,5,,7
update,70011,70029,70032,3,,8
update,70022,70040,70042,2,,9
inbound,70025,70043,70045,2,,10
update,70033,70051,70055,4,,11
update,70044,70062,70065,3,,12
update,70055,70073,70076,3,,13
update,70066,70084,70086,2,,14
update,70077,70095,70098,3,,15
update,70088,70106,70108,2,,0
update,70099,70117,70121,4,,1
inbound,70100,70118,70123,5,,2
update,70110,70127,70131,4,,3
update,70121,70139,70142,3,,4
update,70132,70150,70153,3,,5
update,70143,70161,70164,3,,6
update,70154,70172,70175,3,,7
inbound,70155,70173,70176,3,,8
update,70165,70183,70186,3,,9
update,70176,70193,70196,3,,10
update,70187,70205,70208,3,,11
update,70198,70216,70219,3,,12
inbound,70200,70218,70222,4,,13
inbound,70210,70227,70230,3,,15
update,70209,70226,70231,5,,14
update,70220,70237,70241,4,,0
inbound,70225,70243,70247,4,,1
update,70231,70249,70251,2,,2
update,70242,70259,70263,4,,3
update,70253,70270,70274,4,,4
update,70264,70282,70285,3,,5
inbound,70265,70283,70287,4,,6
update,70275,70293,70296,3,,7
update,70286,70304,70307,3,,8
update,70297,70315,70318,3,,9
update,70308,70326,70329,3,,10
update,70319,70337,70340,3,,11
inbound,70320,70337,70340,3,,12
update,70330,70348,70351,3,,13
update,70341,70359,70362,3,,14
update,70352,70370,70373,3,,15
update,70363,70380,70384,4,,0
update,70374,70392,70396,4,,1
inbound,70375,70392,70396,4,,2
update,70385,70403,70405,2,,3
update,70396,70414,70417,3,,4
inbound,70400,70418,70423,5,,5
update,70407,70424,70427,3,,6
update,70418,70436,70438,2,,7
inbound,70425,70443,70446,3,,8
inbound,70430,70447,70451,4,,10
update,70429,70447,70452,5,,9
update,70440,70458,70461,3,,11
update,70451,70468,70471,3,,12
update,70462,70480,70484,4,,13
update,70473,70491,70494,3,,14
update,70484,70502,70505,3,,15
inbound,70485,70503,70506,3,,0
update,70495,70512,70515,3,,1
update,70506,70523,70526,3,,2
update,70517,70534,70537,3,,3
update,70528,70546,70549,3,,4
inbound,70540,70559,70564,5,,6
update,70539,70557,70565,8,,5
update,70550,70568,70572,4,,7
update,70561,70579,70582,3,,8
update,70572,70589,70593,4,,9
update,70583,70601,70604,3,,10
update,70594,70612,70616,4,,11
inbound,70595,70613,70617,4,,12
update,70605,70623,70626,3,,13
update,70616,70634,70637,3,,14
update,70627,70644,70646,2,,15
update,70638,70656,70659,3,,0
update,70649,70667,70670,3,,1
inbound,70650,70668,70673,5,,2
update,70660,70677,70680,3,,3
update,70671,70689,70692,3,,4
update,70682,70699,70702,3,,5
update,70693,70711,70714,3,,6
inbound,70705,70722,70726,4,,8
update,70704,70722,70727,5,,7
update,70715,70733,70736,3,,9
update,70726,70744,70748,4,,10
update,70737,70755,70757,2,,11
update,70748,70766,70769,3,,12
inbound,70760,70778,70782,4,,14
update,70759,70777,70782,5,,13
update,70770,70788,70791,3,,15
update,70781,70798,70801,3,,0
update,70792,70808,70811,3,,1
update,70803,70820,70823,3,,2
update,70814,70832,70836,4,,3
inbound,70815,70833,70837,4,,4
update,70825,70842,70845,3,,5
update,70836,70854,70857,3,,6
update,70847,70865,70868,3,,7
update,70858,70876,70880,4,,8
update,70869,70886,70890,4,,9
update,70880,70897,70900,3,,10
update,70891,70908,70911,3,,11
update,70902,70920,70924,4,,12
update,70913,70931,70934,3,,13
update,70924,70941,70944,3,,14
inbound,71000,71018,71021,3,,0
update,71000,71017,71021,4,,15
update,71011,71029,71031,2,,1
update,71022,71039,71042,3,,2
inbound,71025,71042,71046,4,,3
update,71033,71051,71054,3,,4
update,71044,71062,71065,3,,5
update,71055,71073,71076,3,,6
update,71066,71084,71086,2,,7
update,71077,71095,71098,3,,8
update,71088,71106,71109,3,,9
update,71099,71117,71121,4,,10
inbound,71100,71118,71123,5,,11
update,71110,71128,71131,3,,12
update,71121,71139,71141,2,,13
update,71132,71150,71156,6,,14
update,71143,71160,71165,5,,15
update,71154,71171,71175,4,,0
inbound,71155,71171,71175,4,,1
update,71165,71182,71185,3,,2
update,71176,71194,71196,2,,3
update,71187,71205,71208,3,,4
update,71198,71216,71219,3,,5
inbound,71200,71218,71221,3,,6
inbound,71210,71227,71230,3,,8
update,71209,71227,71231,4,,7
update,71220,71238,71241,3,,9
inbound,71225,71243,71246,3,,10
update,71231,71249,71252,3,,11
update,71242,71260,71263,3,,12
update,71253,71271,71274,3,,13
update,71264,71282,71285,3,,14
inbound,71265,71283,71287,4,,15
update,71275,71291,71294,3,,0
update,71286,71303,71306,3,,1
update,71297,71315,71318,3,,2
update,71308,71326,71329,3,,3
inbound,71320,71338,71341,3,,5
update,71319,71337,71342,5,,4
update,71330,71348,71350,2,,6
update,71341,71358,71361,3,,7
update,71352,71370,71372,2,,8
update,71363,71380,71384,4,,9
inbound,71375,71392,71395,3,,11
update,71374,71392,71395,3,,10
update,71385,71403,71406,3,,12
update,71396,71414,71418,4,,13
inbound,71400,71418,71423,5,,14
update,71407,71423,71430,7,,15
update,71418,71436,71440,4,,0
inbound,71425,71443,71446,3,,1
update,71429,71447,71450,3,,2
inbound,71430,71448,71455,7,,3
update,71440,71458,71463,5,,4
update,71451,71469,71472,3,,5
update,71462,71479,71482,3,,6
update,71473,71491,71494,3,,7
update,71484,71501,71505,4,,8
inbound,71485,71502,71506,4,,9
update,71495,71513,71516,3,,10
update,71506,71524,71527,3,,11
update,71517,71535,71538,3,,12
update,71528,71545,71548,3,,13
update,71539,71557,71561,4,,14
inbound,71540,71558,71561,3,,15
update,71550,71568,71574,6,,0
update,71561,71579,71584,5,,1
update,71572,71590,71593,3,,2
update,71583,71601,71603,2,,3
update,71594,71611,71614,3,,4
inbound,71595,71613,71615,2,,5
update,71605,71623,71626,3,,6
update,71616,71634,71637,3,,7
update,71627,71645,71648,3,,8
update,71638,71656,71659,3,,9
update,71649,71667,71670,3,,10
inbound,71650,71668,71671,3,,11
update,71660,71677,71680,3,,12
update,71671,71689,71691,2,,13
update,71682,71700,71703,3,,14
update,71693,71711,71714,3,,15
update,71704,71722,71726,4,,0
inbound,71705,71723,71727,4,,1
update,71715,71733,71736,3,,2
update,71726,71744,71747,3,,3
update,71737,71755,71759,4,,4
update,71748,71766,71769,3,,5
inbound,71760,71777,71780,3,,7
update,71759,71777,71780,3,,6
update,71770,71788,71791,3,,8
update,71781,71798,71801,3,,9
update,71792,71808,71811,3,,10
update,71803,71821,71824,3,,11
update,71814,71831,71835,4,,12
inbound,71815,71832,71836,4,,13
update,71825,71843,71845,2,,14
update,71836,71854,71857,3,,15
update,71847,71864,71868,4,,0
update,71858,71876,71879,3,,1
update,71869,71887,71891,4,,2
update,71880,71898,71902,4,,3
update,71891,71908,71911,3,,4
update,71902,71919,71922,3,,5
update,71913,71930,71934,4,,6
update,71924,71942,71944,2,,7
update,72000,72018,72021,3,,8
inbound,72000,72018,72021,3,,9
update,72011,72029,72032,3,,10
update,72022,72040,72043,3,,11
inbound,72025,72042,72046,4,,12
update,72033,72051,72053,2,,13
update,72044,72061,72064,3,,14
update,72055,72073,72076,3,,15
update,72066,72084,72087,3,,0
update,72077,72095,72098,3,,1
update,72088,72106,72109,3,,2
update,72099,72117,72120,3,,3
inbound,72100,72117,72120,3,,4
update,72110,72127,72130,3,,5
update,72121,72139,72141,2,,6
update,72132,72150,72152,2,,7
update,72143,72161,72163,2,,8
inbound,72155,72171,72174,3,,10
update,72154,72171,72174,3,,9
update,72165,72183,72185,2,,11
update,72176,72193,72196,3,,12
update,72187,72205,72208,3,,13
update,72198,72216,72218,2,,14
inbound,72200,72218,72221,3,,15
update,72209,72227,72230,3,,0
inbound,72210,72227,72230,3,,1
update,72220,72237,72240,3,,2
inbound,72225,72242,72245,3,,3
update,72231,72249,72251,2,,4
update,72242,72260,72262,2,,5
update,72253,72270,72273,3,,6
update,72264,72282,72285,3,,7
inbound,72265,72282,72285,3,,8
update,72275,72293,72295,2,,9
update,72286,72303,72306,3,,10
update,72297,72315,72318,3,,11
update,72308,72326,72329,3,,12
inbound,72320,72336,72339,3,,14
update,72319,72336,72340,4,,13
update,72330,72348,72351,3,,15
update,72341,72359,72362,3,,0
update,72352,72370,72372,2,,1
update,72363,72381,72384,3,,2
update,72374,72392,72395,3,,3
inbound,72375,72393,72396,3,,4
update,72385,72403,72406,3,,5
update,72396,72414,72417,3,,6
inbound,72400,72418,72420,2,,7
update,72407,72424,72427,3,,8
update,72418,72435,72438,3,,9
inbound,72425,72443,72446,3,,10
inbound,72430,72447,72450,3,,12
update,72429,72447,72451,4,,11
update,72440,72458,72461,3,,13
update,72451,72469,72472,3,,14
update,72462,72480,72483,3,,15
update,72473,72491,72494,3,,0
inbound,72485,72502,72504,2,,2
update,72484,72502,72505,3,,1
update,72495,72513,72516,3,,3
update,72506,72524,72527,3,,4
update,72517,72535,72537,2,,5
update,72528,72545,72548,3,,6
inbound,72540,72557,72559,2,,8
update,72539,72556,72560,4,,7
update,72550,72568,72572,4,,9
update,72561,72578,72581,3,,10
update,72572,72589,72593,4,,11
update,72583,72601,72604,3,,12
update,72594,72612,72615,3,,13
inbound,72595,72613,72617,4,,14
update,72605,72622,72624,2,,15
update,72616,72634,72637,3,,0
update,72627,72645,72647,2,,1
update,72638,72655,72658,3,,2
update,72649,72666,72669,3,,3
inbound,72650,72668,72671,3,,4
update,72660,72677,72680,3,,5
update,72671,72689,72692,3,,6
update,72682,72700,72703,3,,7
update,72693,72711,72714,3,,8
inbound,72705,72722,72725,3,,10
update,72704,72722,72726,4,,9
update,72715,72732,72735,3,,11
update,72726,72744,72747,3,,12
update,72737,72755,72758,3,,13
update,72748,72766,72769,3,,14
inbound,72760,72777,72780,3,,0
update,72759,72777,72781,4,,15
update,72770,72788,72790,2,,1
update,72781,72799,72801,2,,2
update,72792,72809,72812,3,,3
update,72803,72821,72824,3,,4
update,72814,72832,72835,3,,5
inbound,72815,72833,72836,3,,6
update,72825,72843,72845,2,,7
update,72836,72853,72856,3,,8
update,72847,72865,72868,3,,9
update,72858,72876,72879,3,,10
update,72869,72887,72890,3,,11
update,72880,72898,72901,3,,12
update,72891,72909,72912,3,,13
update,72902,72919,72922,3,,14
update,72913,72931,72934,3,,15
update,72924,72942,72945,3,,0
update,73000,73018,73021,3,,1
inbound,73000,73018,73022,4,,2
update,73011,73028,73031,3,,3
update,73022,73040,73043,3,,4
inbound,73025,73043,73047,4,,5
update,73033,73051,73054,3,,6
update,73044,73062,73065,3,,7
update,73055,73072,73075,3,,8
update,73066,73084,73087,3,,9
update,73077,73094,73097,3,,10
update,73088,73106,73110,4,,11
update,73099,73117,73121,4,,12
inbound,73100,73118,73122,4,,13
update,73110,73128,73132,4,,14
update,73121,73139,73142,3,,15
update,73132,73150,73153,3,,0
update,73143,73161,73164,3,,1
update,73154,73172,73176,4,,2
inbound,73155,73174,73177,3,,3
update,73165,73182,73185,3,,4
update,73176,73194,73197,3,,5
update,73187,73205,73208,3,,6
update,73198,73215,73218,3,,7
inbound,73200,73218,73222,4,,8
update,73209,73226,73229,3,,9
inbound,73210,73229,73232,3,,10
update,73220,73238,73241,3,,11
inbound,73225,73243,73246,3,,12
update,73231,73249,73251,2,,13
update,73242,73260,73263,3,,14
update,73253,73271,73274,3,,15
update,73264,73282,73288,6,,0
inbound,73265,73284,73289,5,,1
update,73275,73293,73296,3,,2
update,73286,73303,73306,3,,3
update,73297,73314,73317,3,,4
update,73308,73325,73329,4,,5
update,73319,73336,73340,4,,6
inbound,73320,73338,73342,4,,7
update,73330,73348,73351,3,,8
update,73341,73359,73363,4,,9
update,73352,73370,73373,3,,10
update,73363,73381,73384,3,,11
update,73374,73392,73396,4,,12
inbound,73375,73393,73397,4,,13
update,73385,73402,73405,3,,14
update,73396,73414,73417,3,,15
inbound,73400,73419,73422,3,,0
update,73407,73424,73428,4,,1
update,73418,73436,73440,4,,2
inbound,73425,73444,73447,3,,3
update,73429,73447,73451,4,,4
inbound,73430,73448,73452,4,,5
update,73440,73458,73461,3,,6
update,73451,73469,73472,3,,7
update,73462,73479,73484,5,,8
update,73473,73490,73494,4,,9
update,73484,73500,73506,6,,10
inbound,73485,73504,73507,3,,11
update,73495,73512,73516,4,,12
update,73506,73524,73527,3,,13
update,73517,73535,73539,4,,14
update,73528,73546,73549,3,,15
update,73539,73557,73561,4,,0
inbound,73540,73559,73565,6,,1
update,73550,73567,73574,7,,2
update,73561,73579,73586,7,,3
update,73572,73590,73596,6,,4
update,73583,73601,73605,4,,5
update,73594,73611,73618,7,,6
inbound,73595,73613,73619,6,,7
update,73605,73623,73626,3,,8
update,73616,73633,73636,3,,9
update,73627,73645,73648,3,,10
update,73638,73655,73658,3,,11
update,73649,73667,73670,3,,12
inbound,73650,73669,73672,3,,13
update,73660,73678,73680,2,,14
update,73671,73689,73692,3,,15
update,73682,73700,73702,2,,0
update,73693,73711,73714,3,,1
update,73704,73722,73726,4,,2
inbound,73705,73723,73727,4,,3
update,73715,73733,73736,3,,4
update,73726,73743,73746,3,,5
update,73737,73755,73758,3,,6
update,73748,73766,73769,3,,7
update,73759,73775,73778,3,,8
inbound,73760,73778,73781,3,,9
update,73770,73788,73791,3,,10
update,73781,73799,73802,3,,11
update,73792,73810,73813,3,,12
update,73803,73821,73825,4,,13
update,73814,73833,73840,7,,14
inbound,73815,73834,73840,6,,15
update,73825,73843,73848,5,,0
update,73836,73854,73858,4,,1
update,73847,73865,73870,5,,2
update,73858,73876,73880,4,,3
update,73869,73886,73889,3,,4
update,73880,73898,73903,5,,5
update,73891,73909,73912,3,,6
update,73902,73920,73924,4,,7
update,73913,73931,73935,4,,8
update,73924,73942,73946,4,,9
update,74000,74019,74023,4,,10
inbound,74000,74019,74023,4,,11
update,74011,74030,74033,3,,12
update,74022,74041,74044,3,,13
inbound,74025,74043,74047,4,,14
update,74033,74052,74056,4,,15
update,74044,74063,74066,3,,0
update,74055,74074,74077,3,,1
update,74066,74085,74088,3,,2
update,74077,74095,74099,4,,3
update,74088,74107,74109,2,,4
update,74099,74118,74122,4,,5
inbound,74100,74119,74123,4,,6
update,74110,74129,74132,3,,7
update,74121,74140,74143,3,,8
update,74132,74151,74155,4,,9
update,74143,74162,74166,4,,10
inbound,74155,74173,74176,3,,12
update,74154,74172,74177,5,,11
update,74165,74183,74187,4,,13
update,74176,74195,74197,2,,14
update,74187,74206,74210,4,,15
update,74198,74216,74219,3,,0
inbound,74200,74219,74222,3,,1
update,74209,74228,74233,5,,2
inbound,74210,74230,74234,4,,3
update,74220,74238,74241,3,,4
inbound,74225,74244,74247,3,,5
update,74231,74250,74253,3,,6
update,74242,74261,74264,3,,7
update,74253,74272,74276,4,,8
update,74264,74282,74286,4,,9
inbound,74265,74284,74288,4,,10
update,74275,74294,74297,3,,11
update,74286,74305,74308,3,,12
update,74297,74316,74319,3,,13
update,74308,74327,74331,4,,14
update,74319,74338,74341,3,,15
inbound,74320,74339,74345,6,,0
update,74330,74349,74352,3,,1
update,74341,74359,74363,4,,2
update,74352,74371,74374,3,,3
update,74363,74381,74385,4,,4
update,74374,74392,74396,4,,5
inbound,74375,74393,74398,5,,6
update,74385,74404,74407,3,,7
update,74396,74415,74418,3,,8
inbound,74400,74418,74422,4,,9
update,74407,74426,74429,3,,10
update,74418,74437,74440,3,,11
inbound,74425,74444,74447,3,,12
update,74429,74447,74451,4,,13
inbound,74430,74449,74452,3,,14
update,74440,74459,74463,4,,15
update,74451,74470,74473,3,,0
update,74462,74481,74484,3,,1
update,74473,74492,74496,4,,2
update,74484,74502,74506,4,,3
inbound,74485,74504,74507,3,,4
update,74495,74514,74517,3,,5
update,74506,74525,74528,3,,6
update,74517,74536,74539,3,,7
update,74528,74546,74549,3,,8
update,74539,74558,74562,4,,9
inbound,74540,74559,74563,4,,10
update,74550,74569,74572,3,,11
update,74561,74580,74587,7,,12
update,74572,74591,74596,5,,13
update,74583,74602,74607,5,,14
update,74594,74612,74616,4,,15
inbound,74595,74614,74617,3,,0
update,74605,74624,74627,3,,1
update,74616,74633,74636,3,,2
update,74627,74645,74648,3,,3
update,74638,74656,74660,4,,4
update,74649,74667,74671,4,,5
inbound,74650,74669,74673,4,,6
update,74660,74678,74682,4,,7
update,74671,74690,74693,3,,8
update,74682,74700,74704,4,,9
update,74693,74712,74717,5,,10
update,74704,74723,74726,3,,11
inbound,74705,74724,74728,4,,12
update,74715,74733,74737,4,,13
update,74726,74745,74749,4,,14
update,74737,74755,74759,4,,15
update,74748,74767,74771,4,,0
inbound,74760,74779,74781,2,,2
update,74759,74778,74782,4,,1
update,74770,74789,74792,3,,3
update,74781,74800,74804,4,,4
update,74792,74811,74814,3,,5
update,74803,74821,74827,6,,6
update,74814,74832,74836,4,,7
inbound,74815,74834,74837,3,,8
update,74825,74844,74847,3,,9
update,74836,74854,74858,4,,10
update,74847,74866,74869,3,,11
update,74858,74877,74880,3,,12
update,74869,74888,74891,3,,13
update,74880,74899,74902,3,,14
update,74891,74910,74913,3,,15
update,74902,74921,74924,3,,0
update,74913,74931,74936,5,,1
update,74924,74942,74945,3,,2
update,75000,75019,75022,3,,3
inbound,75000,75019,75022,3,,4
update,75011,75029,75033,4,,5
update,75022,75040,75046,6,,6
inbound,75025,75044,75047,3,,7
update,75033,75052,75055,3,,8
update,75044,75063,75066,3,,9
update,75055,75073,75077,4,,10
update,75066,75085,75088,3,,11
update,75077,75096,75099,3,,12
update,75088,75107,75110,3,,13
update,75099,75117,75121,4,,14
inbound,75100,75119,75123,4,,15
update,75110,75129,75132,3,,0
update,75121,75140,75143,3,,1
update,75132,75151,75155,4,,2
update,75143,75161,75165,4,,3
inbound,75155,75173,75177,4,,5
update,75154,75173,75177,4,,4
update,75165,75183,75186,3,,6
update,75176,75195,75198,3,,7
update,75187,75206,75209,3,,8
update,75198,75217,75220,3,,9
inbound,75200,75219,75222,3,,10
update,75209,75228,75232,4,,11
inbound,75210,75229,75232,3,,12
update,75220,75239,75242,3,,13
inbound,75225,75244,75247,3,,14
update,75231,75250,75253,3,,15
update,75242,75260,75264,4,,0
update,75253,75272,75275,3,,1
update,75264,75283,75287,4,,2
inbound,75265,75284,75288,4,,3
update,75275,75294,75297,3,,4
update,75286,75305,75308,3,,5
update,75297,75315,75319,4,,6
update,75308,75327,75330,3,,7
inbound,75320,75339,75342,3,,9
update,75319,75337,75343,6,,8
update,75330,75349,75352,3,,10
update,75341,75359,75362,3,,11
update,75352,75371,75376,5,,12
update,75363,75382,75386,4,,13
inbound,75375,75393,75397,4,,15
update,75374,75393,75397,4,,14
update,75385,75404,75407,3,,0
update,75396,75415,75418,3,,1
inbound,75400,75419,75422,3,,2
update,75407,75426,75429,3,,3
update,75418,75436,75439,3,,4
inbound,75425,75443,75446,3,,5
inbound,75430,75448,75452,4,,7
update,75429,75448,75452,4,,6
update,75440,75459,75463,4,,8
update,75451,75470,75473,3,,9
update,75462,75481,75486,5,,10
update,75473,75492,75496,4,,11
update,75484,75503,75506,3,,12
inbound,75485,75504,75507,3,,13
update,75495,75513,75516,3,,14
update,75506,75525,75528,3,,15
update,75517,75535,75538,3,,0
update,75528,75547,75550,3,,1
update,75539,75558,75563,5,,2
inbound,75540,75558,75563,5,,3
update,75550,75568,75572,4,,4
update,75561,75580,75583,3,,5
update,75572,75591,75595,4,,6
update,75583,75602,75606,4,,7
update,75594,75612,75615,3,,8
inbound,75595,75613,75618,5,,9
update,75605,75623,75626,3,,10
update,75616,75635,75639,4,,11
update,75627,75645,75649,4,,12
update,75638,75657,75660,3,,13
update,75649,75667,75672,5,,14
inbound,75650,75668,75673,5,,15
update,75660,75678,75682,4,,0
update,75671,75690,75693,3,,1
update,75682,75699,75705,6,,2
update,75693,75712,75716,4,,3
update,75704,75721,75725,4,,4
inbound,75705,75724,75728,4,,5
update,75715,75733,75737,4,,6
update,75726,75744,75747,3,,7
update,75737,75756,75759,3,,8
update,75748,75766,75770,4,,9
inbound,75760,75779,75782,3,,11
update,75759,75778,75782,4,,10
update,75770,75788,75791,3,,12
update,75781,75800,75803,3,,13
update,75792,75811,75815,4,,14
update,75803,75822,75825,3,,15
inbound,75815,75833,75836,3,,1
update,75814,75833,75837,4,,0
update,75825,75844,75848,4,,2
update,75836,75854,75858,4,,3
update,75847,75866,75869,3,,4
update,75858,75876,75879,3,,5
update,75869,75887,75890,3,,6
update,75880,75899,75902,3,,7
update,75891,75909,75912,3,,8
update,75902,75921,75925,4,,9
update,75913,75932,75935,3,,10
update,75924,75943,75946,3,,11
update,76000,76019,76023,4,,12
inbound,76000,76019,76023,4,,13
update,76011,76030,76035,5,,14
update,76022,76041,76044,3,,15
inbound,76025,76043,76046,3,,0
update,76033,76051,76054,3,,1
update,76044,76063,76066,3,,2
update,76055,76073,76076,3,,3
update,76066,76085,76088,3,,4
update,76077,76096,76099,3,,5
update,76088,76107,76110,3,,6
inbound,76100,76117,76121,4,,8
update,76099,76117,76122,5,,7
update,76110,76128,76131,3,,9
update,76121,76140,76145,5,,10
update,76132,76151,76154,3,,11
update,76143,76161,76165,4,,12
update,76154,76172,76176,4,,13
inbound,76155,76173,76177,4,,14
update,76165,76184,76187,3,,15
update,76176,76195,76198,3,,0
update,76187,76204,76207,3,,1
update,76198,76217,76222,5,,2
inbound,76200,76218,76222,4,,3
update,76209,76228,76233,5,,4
inbound,76210,76229,76234,5,,5
update,76220,76239,76242,3,,6
inbound,76225,76244,76247,3,,7
update,76231,76249,76253,4,,8
update,76242,76261,76265,4,,9
update,76253,76272,76277,5,,10
update,76264,76282,76287,5,,11
inbound,76265,76285,76289,4,,12
update,76275,76294,76297,3,,13
update,76286,76305,76310,5,,14
update,76297,76316,76319,3,,15
update,76308,76327,76334,7,,0
update,76319,76338,76347,9,,1
inbound,76320,76339,76348,9,,2
update,76341,76360,76368,8,,4
update,76330,76349,76368,19,,3
update,76352,76371,76377,6,,5
update,76363,76382,76385,3,,6
update,76374,76393,76396,3,,7
inbound,76375,76393,76397,4,,8
update,76385,76404,76408,4,,9
update,76396,76414,76417,3,,10
inbound,76400,76418,76422,4,,11
update,76407,76425,76428,3,,12
update,76418,76437,76440,3,,13
inbound,76425,76444,76447,3,,14
update,76429,76448,76452,4,,15
inbound,76430,76449,76453,4,,0
update,76440,76459,76462,3,,1
update,76451,76470,76474,4,,2
update,76462,76480,76484,4,,3
update,76473,76492,76496,4,,4
update,76484,76503,76506,3,,5
inbound,76485,76504,76508,4,,6
update,76495,76513,76517,4,,7
update,76506,76525,76528,3,,8
update,76517,76536,76539,3,,9
update,76528,76546,76550,4,,10
update,76539,76558,76561,3,,11
inbound,76540,76559,76562,3,,12
update,76550,76569,76572,3,,13
update,76561,76579,76582,3,,14
update,76572,76591,76595,4,,15
update,76583,76602,76605,3,,0
update,76594,76612,76616,4,,1
inbound,76595,76614,76618,4,,2
update,76605,76624,76628,4,,3
update,76616,76635,76638,3,,4
update,76627,76646,76649,3,,5
update,76638,76657,76660,3,,6
update,76649,76668,76673,5,,7
inbound,76650,76669,76673,4,,8
update,76660,76679,76682,3,,9
update,76671,76690,76693,3,,10
update,76682,76700,76703,3,,11
update,76693,76711,76715,4,,12
update,76704,76723,76727,4,,13
inbound,76705,76723,76727,4,,14
update,76715,76734,76737,3,,15
update,76726,76744,76748,4,,0
update,76737,76756,76759,3,,1
update,76748,76767,76770,3,,2
inbound,76760,76778,76781,3,,4
update,76759,76777,76781,4,,3
update,76770,76788,76791,3,,5
update,76781,76800,76804,4,,6
update,76792,76811,76814,3,,7
update,76803,76822,76825,3,,8
inbound,76815,76833,76836,3,,10
update,76814,76832,76836,4,,9
update,76825,76844,76847,3,,11
update,76836,76855,76858,3,,12
update,76847,76866,76870,4,,13
update,76858,76876,76879,3,,14
update,76869,76888,76891,3,,15
update,76880,76899,76902,3,,0
update,76891,76910,76915,5,,1
update,76902,76921,76924,3,,2
update,76913,76932,76935,3,,3
update,76924,76943,76947,4,,4
update,77000,77019,77024,5,,5
inbound,77000,77019,77024,5,,6
update,77011,77030,77034,4,,7
update,77022,77041,77045,4,,8
inbound,77025,77044,77048,4,,9
update,77033,77052,77056,4,,10
update,77044,77063,77066,3,,11
update,77055,77074,77077,3,,12
update,77066,77085,77088,3,,13
update,77077,77095,77099,4,,14
update,77088,77106,77109,3,,15
update,77099,77118,77122,4,,0
inbound,77100,77118,77122,4,,1
update,77110,77129,77132,3,,2
update,77121,77139,77142,3,,3
update,77132,77151,77154,3,,4
update,77143,77162,77165,3,,5
inbound,77155,77173,77176,3,,7
update,77154,77172,77176,4,,6
update,77165,77184,77187,3,,8
update,77176,77195,77198,3,,9
update,77187,77206,77209,3,,10
update,77198,77217,77221,4,,11
inbound,77200,77219,77224,5,,12
update,77209,77228,77231,3,,13
inbound,77210,77228,77231,3,,14
update,77220,77239,77242,3,,15
inbound,77225,77243,77246,3,,0
update,77231,77250,77253,3,,1
update,77242,77260,77264,4,,2
update,77253,77272,77275,3,,3
inbound,77265,77283,77286,3,,5
update,77264,77283,77287,4,,4
update,77275,77294,77297,3,,6
update,77286,77305,77309,4,,7
update,77297,77316,77319,3,,8
update,77308,77327,77330,3,,9
update,77319,77338,77341,3,,10
inbound,77320,77338,77341,3,,11
update,77330,77349,77352,3,,12
update,77341,77359,77363,4,,13
update,77352,77371,77374,3,,14
update,77363,77381,77385,4,,15
update,77374,77392,77396,4,,0
inbound,77375,77393,77397,4,,1
update,77385,77404,77407,3,,2
update,77396,77415,77418,3,,3
inbound,77400,77418,77421,3,,4
update,77407,77426,77429,3,,5
update,77418,77437,77440,3,,6
inbound,77425,77444,77447,3,,7
update,77429,77448,77451,3,,8
inbound,77430,77449,77452,3,,9
update,77440,77458,77462,4,,10
update,77451,77470,77473,3,,11
update,77462,77481,77484,3,,12
update,77473,77492,77495,3,,13
inbound,77485,77503,77506,3,,15
update,77484,77503,77507,4,,14
update,77495,77514,77517,3,,0
update,77506,77525,77528,3,,1
update,77517,77536,77539,3,,2
update,77528,77546,77550,4,,3
update,77539,77558,77562,4,,4
inbound,77540,77558,77562,4,,5
update,77550,77568,77572,4,,6
update,77561,77580,77583,3,,7
update,77572,77591,77596,5,,8
update,77583,77602,77608,6,,9
inbound,77595,77614,77619,5,,11
update,77594,77613,77621,8,,10
update,77605,77624,77628,4,,12
update,77616,77635,77639,4,,13
update,77627,77646,77650,4,,14
update,77638,77656,77662,6,,15
update,77649,77667,77671,4,,0
inbound,77650,77669,77673,4,,1
update,77660,77679,77682,3,,2
update,77671,77689,77692,3,,3
update,77682,77701,77704,3,,4
update,77693,77712,77715,3,,5
update,77704,77723,77726,3,,6
inbound,77705,77723,77726,3,,7
update,77715,77733,77736,3,,8
update,77726,77745,77748,3,,9
update,77737,77756,77759,3,,10
update,77748,77766,77769,3,,11
inbound,77760,77778,77780,2,,13
update,77759,77778,77781,3,,12
update,77770,77787,77791,4,,14
update,77781,77800,77803,3,,15
update,77792,77811,77814,3,,0
update,77803,77821,77825,4,,1
inbound,77815,77833,77836,3,,3
update,77814,77833,77837,4,,2
update,77825,77844,77847,3,,4
update,77836,77855,77858,3,,5
update,77847,77866,77869,3,,6
update,77858,77877,77880,3,,7
update,77869,77888,77891,3,,8
update,77880,77899,77902,3,,9
update,77891,77909,77913,4,,10
update,77902,77921,77924,3,,11
update,77913,77931,77934,3,,12
update,77924,77943,77946,3,,13
inbound,78000,78019,78022,3,,15
update,78000,78019,78023,4,,14
update,78011,78030,78033,3,,0
update,78022,78041,78044,3,,1
inbound,78025,78044,78047,3,,2
update,78033,78051,78054,3,,3
update,78044,78063,78066,3,,4
update,78055,78074,78077,3,,5
update,78066,78084,78088,4,,6
update,78077,78095,78099,4,,7
update,78088,78107,78110,3,,8
update,78099,78118,78122,4,,9
inbound,78100,78119,78123,4,,10
update,78110,78128,78131,3,,11
update,78121,78140,78143,3,,12
update,78132,78151,78154,3,,13
update,78143,78162,78165,3,,14
update,78154,78172,78176,4,,15
inbound,78155,78173,78177,4,,0
update,78165,78184,78188,4,,1
update,78176,78195,78199,4,,2
update,78187,78205,78208,3,,3
update,78198,78217,78221,4,,4
inbound,78200,78218,78222,4,,5
update,78209,78228,78231,3,,6
inbound,78210,78229,78232,3,,7
update,78220,78239,78241,2,,8
inbound,78225,78244,78247,3,,9
update,78231,78250,78253,3,,10
update,78242,78261,78264,3,,11
update,78253,78272,78275,3,,12
update,78264,78283,78288,5,,13
inbound,78265,78284,78288,4,,14
update,78275,78294,78297,3,,15
update,78286,78305,78308,3,,0
update,78297,78316,78319,3,,1
update,78308,78327,78330,3,,2
update,78319,78338,78342,4,,3
inbound,78320,78339,78342,3,,4
update,78330,78349,78352,3,,5
update,78341,78360,78364,4,,6
update,78352,78370,78373,3,,7
update,78363,78382,78385,3,,8
update,78374,78393,78396,3,,9
inbound,78375,78394,78398,4,,10
update,78385,78404,78408,4,,11
update,78396,78415,78418,3,,12
inbound,78400,78419,78422,3,,13
update,78407,78426,78429,3,,14
update,78418,78436,78440,4,,15
inbound,78425,78443,78446,3,,0
update,78429,78447,78451,4,,1
inbound,78430,78449,78452,3,,2
update,78440,78459,78462,3,,3
update,78451,78470,78474,4,,4
update,78462,78480,78484,4,,5
update,78473,78492,78495,3,,6
inbound,78485,78503,78507,4,,8
update,78484,78503,78507,4,,7
update,78495,78514,78517,3,,9
update,78506,78525,78528,3,,10
update,78517,78536,78539,3,,11
update,78528,78547,78550,3,,12
update,78539,78558,78562,4,,13
inbound,78540,78560,78564,4,,14
update,78550,78568,78571,3,,15
update,78561,78579,78582,3,,0
update,78572,78591,78595,4,,1
update,78583,78602,78610,8,,2
update,78594,78612,78616,4,,3
inbound,78595,78614,78617,3,,4
update,78605,78624,78628,4,,5
update,78616,78635,78638,3,,6
update,78627,78646,78650,4,,7
update,78638,78657,78660,3,,8
inbound,78650,78669,78672,3,,10
update,78649,78667,78672,5,,9
update,78660,78679,78682,3,,11
update,78671,78689,78693,4,,12
update,78682,78701,78704,3,,13
update,78693,78711,78715,4,,14
update,78704,78721,78725,4,,15
inbound,78705,78724,78727,3,,0
update,78715,78734,78737,3,,1
update,78726,78745,78748,3,,2
update,78737,78755,78758,3,,3
update,78748,78767,78769,2,,4
update,78759,78778,78781,3,,5
inbound,78760,78779,78782,3,,6
update,78770,78788,78792,4,,7
update,78781,78799,78803,4,,8
update,78792,78811,78814,3,,9
update,78803,78822,78825,3,,10
update,78814,78832,78835,3,,11
inbound,78815,78833,78836,3,,12
update,78825,78844,78847,3,,13
update,78836,78855,78858,3,,14
update,78847,78865,78868,3,,15
update,78858,78877,78880,3,,0
update,78869,78888,78892,4,,1
update,78880,78898,78900,2,,2
update,78891,78910,78913,3,,3
update,78902,78920,78923,3,,4
update,78913,78931,78934,3,,5
update,78924,78943,78946,3,,6
update,79000,79019,79023,4,,7
inbound,79000,79019,79023,4,,8
update,79011,79030,79033,3,,9
update,79022,79041,79043,2,,10
inbound,79025,79043,79046,3,,11
update,79033,79051,79054,3,,12
update,79044,79063,79066,3,,13
update,79055,79074,79077,3,,14
update,79066,79085,79088,3,,15
update,79077,79096,79099,3,,0
update,79088,79106,79109,3,,1
update,79099,79118,79122,4,,2
inbound,79100,79118,79122,4,,3
update,79110,79129,79132,3,,4
update,79121,79140,79142,2,,5
update,79132,79151,79154,3,,6
update,79143,79162,79165,3,,7
update,79154,79171,79175,4,,8
inbound,79155,79174,79177,3,,9
update,79165,79184,79186,2,,10
update,79176,79194,79198,4,,11
update,79187,79205,79208,3,,12
update,79198,79216,79220,4,,13
inbound,79200,79219,79222,3,,14
update,79209,79228,79231,3,,15
inbound,79210,79229,79233,4,,0
update,79220,79238,79242,4,,1
inbound,79225,79243,79246,3,,2
update,79231,79250,79253,3,,3
update,79242,79260,79264,4,,4
update,79253,79271,79274,3,,5
update,79264,79282,79286,4,,6
inbound,79265,79283,79287,4,,7
update,79275,79294,79298,4,,8
update,79286,79304,79307,3,,9
update,79297,79316,79319,3,,10
update,79308,79327,79330,3,,11
update,79319,79338,79341,3,,12
inbound,79320,79338,79342,4,,13
update,79330,79349,79352,3,,14
update,79341,79360,79363,3,,15
update,79352,79371,79374,3,,0
update,79363,79382,79384,2,,1
update,79374,79393,79397,4,,2
inbound,79375,79394,79397,3,,3
update,79385,79404,79407,3,,4
update,79396,79414,79417,3,,5
inbound,79400,79418,79421,3,,6
update,79407,79426,79429,3,,7
update,79418,79437,79440,3,,8
inbound,79425,79444,79447,3,,9
update,79429,79448,79451,3,,10
inbound,79430,79449,79453,4,,11
update,79440,79459,79462,3,,12
update,79451,79469,79472,3,,13
update,79462,79481,79484,3,,14
update,79473,79492,79495,3,,15
update,79484,79503,79506,3,,0
inbound,79485,79504,79508,4,,1
update,79495,79514,79517,3,,2
update,79506,79524,79528,4,,3
update,79517,79536,79539,3,,4
update,79528,79547,79550,3,,5
update,79539,79558,79561,3,,6
inbound,79540,79558,79561,3,,7
update,79550,79569,79572,3,,8
update,79561,79580,79582,2,,9
update,79572,79590,79593,3,,10
update,79583,79602,79605,3,,11
update,79594,79613,79618,5,,12
inbound,79595,79613,79620,7,,13
update,79605,79624,79628,4,,14
update,79616,79635,79638,3,,15
update,79627,79646,79649,3,,0
update,79638,79657,79660,3,,1
update,79649,79668,79671,3,,2
inbound,79650,79669,79673,4,,3
update,79660,79677,79680,3,,4
update,79671,79689,79693,4,,5
update,79682,79700,79703,3,,6
update,79693,79712,79716,4,,7
update,79704,79721,79724,3,,8
inbound,79705,79724,79726,2,,9
update,79715,79733,79736,3,,10
update,79726,79744,79747,3,,11
update,79737,79756,79761,5,,12
update,79748,79767,79771,4,,13
update,79759,79777,79781,4,,14
inbound,79760,79779,79781,2,,15
update,79770,79789,79793,4,,0
update,79781,79799,79802,3,,1
update,79792,79811,79814,3,,2
update,79803,79822,79825,3,,3
inbound,79815,79834,79836,2,,5
update,79814,79832,79837,5,,4
update,79825,79844,79846,2,,6
update,79836,79855,79858,3,,7
update,79847,79866,79869,3,,8
update,79858,79877,79880,3,,9
update,79869,79888,79891,3,,10
update,79880,79899,79902,3,,11
update,79891,79909,79913,4,,12
update,79902,79921,79924,3,,13
update,79913,79932,79934,2,,14
update,79924,79942,79946,4,,15
inbound,80000,80018,80023,5,,1
update,80000,80018,80024,6,,0
update,80011,80030,80034,4,,2
update,80022,80040,80043,3,,3
inbound,80025,80043,80047,4,,4
update,80033,80052,80055,3,,5
update,80044,80063,80066,3,,6
update,80055,80074,80076,2,,7
update,80066,80085,80089,4,,8
update,80077,80095,80098,3,,9
update,80088,80107,80109,2,,10
update,80099,80118,80121,3,,11
inbound,80100,80119,80122,3,,12
update,80110,80129,80132,3,,13
update,80121,80140,80143,3,,14
update,80132,80149,80153,4,,15
update,80143,80162,80165,3,,0
update,80154,80173,80177,4,,1
inbound,80155,80173,80177,4,,2
update,80165,80183,80186,3,,3
update,80176,80194,80201,7,,4
update,80187,80206,80209,3,,5
update,80198,80216,80220,4,,6
inbound,80200,80218,80221,3,,7
update,80209,80227,80231,4,,8
inbound,80210,80229,80232,3,,9
update,80220,80239,80241,2,,10
inbound,80225,80244,80246,2,,11
update,80231,80250,80253,3,,12
update,80242,80261,80264,3,,13
update,80253,80271,80274,3,,14
update,80264,80282,80286,4,,15
inbound,80265,80284,80288,4,,0
update,80275,80294,80297,3,,1
update,80286,80304,80308,4,,2
update,80297,80316,80318,2,,3
update,80308,80327,80330,3,,4
update,80319,80338,80341,3,,5
inbound,80320,80339,80343,4,,6
update,80330,80348,80351,3,,7
update,80341,80360,80363,3,,8
update,80352,80371,80374,3,,9
update,80363,80381,80384,3,,10
update,80374,80393,80396,3,,11
inbound,80375,80394,80397,3,,12
update,80385,80404,80407,3,,13
update,80396,80415,80418,3,,14
inbound,80400,80418,80421,3,,15
update,80407,80426,80429,3,,0
update,80418,80436,80439,3,,1
inbound,80425,80444,80446,2,,2
update,80429,80448,80452,4,,3
inbound,80430,80449,80452,3,,4
update,80440,80459,80462,3,,5
update,80451,80470,80473,3,,6
update,80462,80481,80484,3,,7
update,80473,80492,80495,3,,8
update,80484,80502,80506,4,,9
inbound,80485,80504,80508,4,,10
update,80495,80513,80516,3,,11
update,80506,80525,80530,5,,12
update,80517,80535,80537,2,,13
update,80528,80545,80548,3,,14
update,80539,80558,80561,3,,15
inbound,80540,80559,80563,4,,0
update,80550,80568,80571,3,,1
update,80561,80580,80583,3,,2
update,80572,80591,80594,3,,3
update,80583,80602,80604,2,,4
update,80594,80613,80617,4,,5
inbound,80595,80613,80618,5,,6
update,80605,80624,80628,4,,7
update,80616,80635,80639,4,,8
update,80627,80645,80648,3,,9
update,80638,80657,80660,3,,10
update,80649,80668,80671,3,,11
inbound,80650,80669,80673,4,,12
update,80660,80679,80682,3,,13
update,80671,80689,80693,4,,14
update,80682,80701,80705,4,,15
update,80693,80712,80715,3,,0
update,80704,80723,80726,3,,1
inbound,80705,80724,80728,4,,2
update,80715,80734,80737,3,,3
update,80726,80745,80748,3,,4
update,80737,80756,80759,3,,5
update,80748,80766,80769,3,,6
update,80759,80777,80780,3,,7
inbound,80760,80778,80780,2,,8
update,80770,80788,80791,3,,9
update,80781,80799,80802,3,,10
update,80792,80811,80814,3,,11
update,80803,80822,80824,2,,12
inbound,80815,80834,80836,2,,14
update,80814,80833,80836,3,,13
update,80825,80844,80848,4,,15
update,80836,80854,80858,4,,0
update,80847,80866,80868,2,,1
update,80858,80876,80879,3,,2
update,80869,80888,80891,3,,3
update,80880,80899,80901,2,,4
update,80891,80909,80911,2,,5
update,80902,80920,80924,4,,6
update,80913,80931,80934,3,,7
update,80924,80943,80946,3,,8
update,81000,81019,81021,2,,9
inbound,81000,81024,81027,3,,10
update,81011,81030,81033,3,,11
update,81022,81041,81044,3,,12
inbound,81025,81050,81053,3,,13
update,81033,81052,81055,3,,14
update,81044,81063,81066,3,,15
update,81055,81073,81077,4,,0
update,81066,81085,81088,3,,1
update,81077,81096,81099,3,,2
update,81088,81107,81110,3,,3
update,81099,81118,81121,3,,4
inbound,81100,81125,81127,2,,5
update,81110,81129,81131,2,,6
update,81121,81140,81142,2,,7
update,81132,81151,81154,3,,8
update,81143,81161,81165,4,,9
update,81154,81173,81176,3,,10
inbound,81155,81179,81182,3,,11
update,81165,81183,81186,3,,12
update,81176,81195,81198,3,,13
update,81187,81206,81208,2,,14
update,81198,81217,81219,2,,15
inbound,81200,81225,81227,2,,0
update,81209,81227,81230,3,,1
inbound,81210,81235,81238,3,,2
update,81220,81239,81242,3,,3
inbound,81225,81250,81253,3,,4
update,81231,81255,81258,3,,5
update,81242,81266,81269,3,,6
update,81253,81277,81281,4,,7
update,81264,81288,81292,4,,8
inbound,81265,81290,81293,3,,9
update,81275,81298,81301,3,,10
update,81286,81310,81313,3,,11
update,81297,81321,81324,3,,12
update,81308,81331,81334,3,,13
update,81319,81342,81346,4,,14
inbound,81320,81345,81348,3,,15
update,81330,81354,81357,3,,0
update,81341,81365,81368,3,,1
update,81352,81376,81379,3,,2
update,81363,81387,81390,3,,3
update,81374,81397,81401,4,,4
inbound,81375,81400,81403,3,,5
update,81385,81409,81412,3,,6
update,81396,81420,81423,3,,7
inbound,81400,81423,81426,3,,8
update,81407,81431,81433,2,,9
update,81418,81442,81445,3,,10
inbound,81425,81450,81453,3,,11
update,81429,81453,81456,3,,12
inbound,81430,81455,81458,3,,13
update,81440,81464,81469,5,,14
update,81451,81475,81479,4,,15
update,81462,81486,81489,3,,0
update,81473,81496,81500,4,,1
update,81484,81507,81511,4,,2
inbound,81485,81510,81513,3,,3
update,81495,81519,81522,3,,4
update,81506,81530,81533,3,,5
update,81517,81541,81545,4,,6
update,81528,81552,81555,3,,7
update,81539,81562,81566,4,,8
inbound,81540,81565,81568,3,,9
update,81550,81574,81577,3,,10
update,81561,81585,81588,3,,11
update,81572,81596,81598,2,,12
update,81583,81607,81610,3,,13
update,81594,81618,81622,4,,14
inbound,81595,81620,81624,4,,15
update,81605,81629,81633,4,,0
update,81616,81639,81642,3,,1
update,81627,81650,81653,3,,2
update,81638,81661,81665,4,,3
update,81649,81671,81674,3,,4
inbound,81650,81675,81678,3,,5
update,81660,81684,81687,3,,6
update,81671,81695,81698,3,,7
update,81682,81706,81709,3,,8
update,81693,81717,81720,3,,9
update,81704,81727,81730,3,,10
inbound,81705,81730,81732,2,,11
update,81715,81738,81741,3,,12
update,81726,81749,81752,3,,13
update,81737,81760,81763,3,,14
update,81748,81771,81774,3,,15
update,81759,81783,81786,3,,0
inbound,81760,81785,81787,2,,1
update,81770,81793,81796,3,,2
update,81781,81805,81808,3,,3
update,81792,81816,81819,3,,4
update,81803,81826,81829,3,,5
update,81814,81837,81840,3,,6
inbound,81815,81840,81842,2,,7
update,81825,81849,81852,3,,8
update,81836,81860,81863,3,,9
update,81847,81871,81874,3,,10
update,81858,81881,81884,3,,11
update,81869,81892,81895,3,,12
update,81880,81904,81907,3,,13
update,81891,81914,81917,3,,14
update,81902,81925,81929,4,,15
update,81913,81936,81940,4,,0
update,81924,81948,81951,3,,1
update,82000,82024,82028,4,,2
inbound,82000,82025,82029,4,,3
update,82011,82036,82039,3,,4
update,82022,82047,82050,3,,5
inbound,82025,82050,82053,3,,6
update,82033,82057,82061,4,,7
update,82044,82069,82071,2,,8
update,82055,82080,82084,4,,9
update,82066,82090,82093,3,,10
update,82077,82101,82105,4,,11
update,82088,82113,82116,3,,12
update,82099,82124,82127,3,,13
inbound,82100,82126,82129,3,,14
update,82110,82134,82137,3,,15
update,82121,82145,82148,3,,0
update,82132,82156,82159,3,,1
update,82143,82168,82171,3,,2
update,82154,82179,82183,4,,3
inbound,82155,82180,82183,3,,4
update,82165,82190,82193,3,,5
update,82176,82199,82202,3,,6
update,82187,82211,82214,3,,7
update,82198,82222,82231,9,,8
inbound,82200,82225,82232,7,,9
update,82209,82233,82236,3,,10
inbound,82210,82234,82238,4,,11
update,82220,82245,82247,2,,12
inbound,82225,82250,82253,3,,13
update,82231,82256,82259,3,,14
update,82242,82266,82269,3,,15
update,82253,82277,82280,3,,0
update,82264,82289,82292,3,,1
inbound,82265,82290,82294,4,,2
update,82275,82299,82302,3,,3
update,82286,82311,82314,3,,4
update,82297,82321,82324,3,,5
update,82308,82332,82335,3,,6
update,82319,82343,82346,3,,7
inbound,82320,82344,82348,4,,8
update,82330,82354,82357,3,,9
update,82341,82365,82368,3,,10
update,82352,82376,82381,5,,11
update,82363,82387,82390,3,,12
update,82374,82399,82402,3,,13
inbound,82375,82400,82404,4,,14
update,82385,82409,82413,4,,15
update,82396,82420,82424,4,,0
inbound,82400,82425,82428,3,,1
update,82407,82431,82437,6,,2
update,82418,82443,82447,4,,3
inbound,82425,82450,82454,4,,4
update,82429,82454,82458,4,,5
inbound,82430,82455,82458,3,,6
update,82440,82465,82468,3,,7
update,82451,82476,82479,3,,8
update,82462,82487,82490,3,,9
update,82473,82498,82500,2,,10
update,82484,82508,82510,2,,11
inbound,82485,82510,82513,3,,12
update,82495,82519,82523,4,,13
update,82506,82531,82534,3,,14
update,82517,82542,82545,3,,15
update,82528,82553,82556,3,,0
update,82539,82563,82567,4,,1
inbound,82540,82565,82568,3,,2
update,82550,82575,82578,3,,3
update,82561,82586,82589,3,,4
update,82572,82597,82600,3,,5
update,82583,82607,82610,3,,6
update,82594,82619,82623,4,,7
inbound,82595,82620,82624,4,,8
update,82605,82630,82635,5,,9
update,82616,82641,82647,6,,10
update,82627,82651,82657,6,,11
update,82638,82663,82668,5,,12
inbound,82650,82675,82679,4,,14
update,82649,82673,82679,6,,13
update,82660,82685,82689,4,,15
update,82671,82694,82697,3,,0
update,82682,82707,82711,4,,1
update,82693,82718,82721,3,,2
update,82704,82729,82733,4,,3
inbound,82705,82729,82734,5,,4
update,82715,82740,82742,2,,5
update,82726,82751,82757,6,,6
update,82737,82761,82765,4,,7
update,82748,82773,82775,2,,8
update,82759,82784,82787,3,,9
inbound,82760,82784,82788,4,,10
update,82770,82794,82797,3,,11
update,82781,82806,82809,3,,12
update,82792,82817,82820,3,,13
update,82803,82827,82830,3,,14
inbound,82815,82840,82842,2,,0
update,82814,82839,82843,4,,15
update,82825,82850,82853,3,,1
update,82836,82861,82864,3,,2
update,82847,82871,82874,3,,3
update,82858,82882,82886,4,,4
update,82869,82894,82898,4,,5
update,82880,82905,82909,4,,6
update,82891,82916,82920,4,,7
update,82902,82927,82930,3,,8
update,82913,82937,82941,4,,9
update,82924,82948,82952,4,,10
update,83000,83025,83029,4,,11
inbound,83000,83025,83029,4,,12
update,83011,83036,83039,3,,13
update,83022,83046,83049,3,,14
inbound,83025,83049,83052,3,,15
update,83033,83057,83060,3,,0
update,83044,83067,83070,3,,1
update,83055,83079,83082,3,,2
update,83066,83091,83094,3,,3
update,83077,83102,83104,2,,4
update,83088,83113,83117,4,,5
update,83099,83124,83128,4,,6
inbound,83100,83125,83129,4,,7
update,83110,83135,83138,3,,8
update,83121,83146,83149,3,,9
update,83132,83157,83160,3,,10
update,83143,83167,83170,3,,11
update,83154,83179,83182,3,,12
inbound,83155,83180,83184,4,,13
update,83165,83190,83192,2,,14
update,83176,83201,83204,3,,15
update,83187,83212,83214,2,,0
update,83198,83223,83226,3,,1
inbound,83200,83225,83228,3,,2
update,83209,83234,83237,3,,3
inbound,83210,83235,83238,3,,4
update,83220,83244,83247,3,,5
inbound,83225,83250,83253,3,,6
update,83231,83256,83259,3,,7
update,83242,83266,83269,3,,8
update,83253,83278,83281,3,,9
update,83264,83289,83293,4,,10
inbound,83265,83289,83293,4,,11
update,83275,83299,83302,3,,12
update,83286,83311,83314,3,,13
update,83297,83322,83324,2,,14
update,83308,83333,83335,2,,15
update,83319,83344,83348,4,,0
inbound,83320,83345,83348,3,,1
update,83330,83355,83358,3,,2
update,83341,83366,83369,3,,3
update,83352,83376,83379,3,,4
update,83363,83388,83391,3,,5
update,83374,83398,83402,4,,6
inbound,83375,83400,83403,3,,7
update,83385,83410,83413,3,,8
update,83396,83420,83423,3,,9
inbound,83400,83425,83428,3,,10
update,83407,83432,83435,3,,11
update,83418,83443,83446,3,,12
inbound,83425,83450,83454,4,,13
update,83429,83453,83457,4,,14
inbound,83430,83455,83458,3,,15
update,83440,83464,83468,4,,0
update,83451,83475,83479,4,,1
update,83462,83486,83490,4,,2
update,83473,83497,83500,3,,3
update,83484,83509,83512,3,,4
inbound,83485,83510,83513,3,,5
update,83495,83520,83524,4,,6
update,83506,83531,83534,3,,7
update,83517,83542,83544,2,,8
update,83528,83553,83556,3,,9
inbound,83540,83563,83567,4,,11
update,83539,83563,83567,4,,10
update,83550,83574,83578,4,,12
update,83561,83586,83589,3,,13
update,83572,83597,83600,3,,14
update,83583,83608,83611,3,,15
update,83594,83618,83623,5,,0
inbound,83595,83620,83624,4,,1
update,83605,83629,83634,5,,2
update,83616,83640,83645,5,,3
update,83627,83652,83656,4,,4
update,83638,83662,83669,7,,5
inbound,83650,83675,83680,5,,7
update,83649,83674,83683,9,,6
update,83660,83685,83688,3,,8
update,83671,83695,83698,3,,9
update,83682,83706,83709,3,,10
update,83693,83717,83720,3,,11
update,83704,83729,83733,4,,12
inbound,83705,83730,83734,4,,13
update,83715,83740,83743,3,,14
update,83726,83751,83754,3,,15
update,83737,83762,83765,3,,0
update,83748,83773,83776,3,,1
inbound,83760,83784,83787,3,,3
update,83759,83784,83787,3,,2
update,83770,83795,83798,3,,4
update,83781,83806,83809,3,,5
update,83792,83817,83819,2,,6
update,83803,83827,83830,3,,7
inbound,83815,83839,83841,2,,9
update,83814,83839,83843,4,,8
update,83825,83850,83853,3,,10
update,83836,83861,83863,2,,11
update,83847,83872,83875,3,,12
update,83858,83883,83885,2,,13
update,83869,83894,83897,3,,14
update,83880,83905,83908,3,,15
update,83891,83916,83919,3,,0
update,83902,83927,83930,3,,1
update,83913,83937,83940,3,,2
update,83924,83949,83952,3,,3
inbound,84000,84025,84030,5,,5
update,84000,84025,84032,7,,4
update,84011,84036,84040,4,,6
update,84022,84046,84050,4,,7
inbound,84025,84049,84053,4,,8
update,84033,84058,84061,3,,9
update,84044,84069,84073,4,,10
update,84055,84080,84083,3,,11
update,84066,84091,84094,3,,12
update,84077,84101,84104,3,,13
update,84088,84113,84116,3,,14
inbound,84100,84124,84128,4,,0
update,84099,84124,84128,4,,15
update,84110,84135,84138,3,,1
update,84121,84146,84149,3,,2
update,84132,84157,84160,3,,3
update,84143,84168,84171,3,,4
inbound,84155,84178,84182,4,,6
update,84154,84178,84182,4,,5
update,84165,84189,84192,3,,7
update,84176,84200,84203,3,,8
update,84187,84210,84213,3,,9
update,84198,84222,84226,4,,10
inbound,84200,84224,84228,4,,11
inbound,84210,84235,84238,3,,13
update,84209,84234,84238,4,,12
update,84220,84245,84248,3,,14
inbound,84225,84250,84253,3,,15
update,84231,84256,84259,3,,0
update,84242,84267,84270,3,,1
update,84253,84277,84280,3,,2
update,84264,84289,84292,3,,3
inbound,84265,84290,84293,3,,4
update,84275,84300,84303,3,,5
update,84286,84310,84313,3,,6
update,84297,84322,84325,3,,7
update,84308,84333,84336,3,,8
update,84319,84344,84347,3,,9
inbound,84320,84345,84350,5,,10
update,84330,84355,84358,3,,11
update,84341,84365,84368,3,,12
update,84352,84376,84380,4,,13
update,84363,84387,84391,4,,14
update,84374,84399,84403,4,,15
inbound,84375,84400,84403,3,,0
update,84385,84410,84413,3,,1
update,84396,84421,84425,4,,2
inbound,84400,84425,84428,3,,3
update,84407,84432,84435,3,,4
update,84418,84443,84445,2,,5
inbound,84425,84450,84452,2,,6
update,84429,84454,84457,3,,7
inbound,84430,84455,84459,4,,8
update,84440,84465,84468,3,,9
update,84451,84476,84479,3,,10
update,84462,84487,84489,2,,11
update,84473,84498,84500,2,,12
inbound,84485,84509,84512,3,,14
update,84484,84509,84512,3,,13
update,84495,84520,84522,2,,15
update,84506,84530,84533,3,,0
update,84517,84542,84544,2,,1
update,84528,84553,84556,3,,2
update,84539,84564,84567,3,,3
inbound,84540,84565,84568,3,,4
update,84550,84573,84576,3,,5
update,84561,84585,84590,5,,6
update,84572,84595,84598,3,,7
update,84583,84608,84610,2,,8
update,84594,84619,84622,3,,9
inbound,84595,84619,84622,3,,10
update,84605,84630,84633,3,,11
update,84616,84641,84645,4,,12
update,84627,84651,84655,4,,13
update,84638,84662,84666,4,,14
inbound,84650,84674,84677,3,,0
update,84649,84673,84677,4,,15
update,84660,84685,84688,3,,1
update,84671,84696,84703,7,,2
update,84682,84707,84710,3,,3
update,84693,84718,84722,4,,4
update,84704,84729,84733,4,,5
inbound,84705,84729,84733,4,,6
update,84715,84740,84743,3,,7
update,84726,84751,84754,3,,8
update,84737,84762,84765,3,,9
update,84748,84773,84776,3,,10
update,84759,84784,84787,3,,11
inbound,84760,84785,84787,2,,12
update,84770,84794,84797,3,,13
update,84781,84805,84813,8,,14
update,84792,84815,84819,4,,15
update,84803,84828,84831,3,,0
update,84814,84838,84842,4,,1
inbound,84815,84840,84842,2,,2
update,84825,84850,84852,2,,3
update,84836,84861,84864,3,,4
update,84847,84872,84875,3,,5
update,84858,84882,84885,3,,6
update,84869,84894,84896,2,,7
update,84880,84904,84908,4,,8
update,84891,84916,84921,5,,9
update,84902,84927,84929,2,,10
update,84913,84937,84941,4,,11
update,84924,84949,84952,3,,12
update,85000,85025,85028,3,,13
inbound,85000,85025,85030,5,,14
update,85011,85035,85038,3,,15
update,85022,85046,85049,3,,0
inbound,85025,85050,85053,3,,1
update,85033,85058,85061,3,,2
update,85044,85069,85072,3,,3
update,85055,85079,85082,3,,4
update,85066,85091,85093,2,,5
update,85077,85102,85104,2,,6
update,85088,85113,85115,2,,7
inbound,85100,85124,85126,2,,9
update,85099,85123,85126,3,,8
update,85110,85135,85138,3,,10
update,85121,85146,85148,2,,11
update,85132,85157,85159,2,,12
update,85143,85167,85170,3,,13
inbound,85155,85179,85182,3,,15
update,85154,85178,85182,4,,14
update,85165,85190,85193,3,,0
update,85176,85201,85204,3,,1
update,85187,85212,85215,3,,2
update,85198,85223,85225,2,,3
inbound,85200,85225,85228,3,,4
update,85209,85233,85236,3,,5
inbound,85210,85235,85238,3,,6
update,85220,85245,85248,3,,7
inbound,85225,85250,85252,2,,8
update,85231,85256,85258,2,,9
update,85242,85267,85269,2,,10
update,85253,85277,85281,4,,11
update,85264,85289,85292,3,,12
inbound,85265,85289,85292,3,,13
update,85275,85300,85302,2,,14
update,85286,85310,85313,3,,15
update,85297,85322,85325,3,,0
update,85308,85332,85335,3,,1
update,85319,85344,85347,3,,2
inbound,85320,85345,85348,3,,3
update,85330,85353,85356,3,,4
update,85341,85366,85369,3,,5
update,85352,85377,85380,3,,6
update,85363,85388,85392,4,,7
update,85374,85399,85402,3,,8
inbound,85375,85400,85403,3,,9
update,85385,85409,85412,3,,10
update,85396,85420,85424,4,,11
inbound,85400,85425,85427,2,,12
update,85407,85432,85435,3,,13
update,85418,85443,85446,3,,14
inbound,85425,85450,85452,2,,15
update,85429,85454,85457,3,,0
inbound,85430,85454,85457,3,,1
update,85440,85465,85468,3,,2
update,85451,85476,85479,3,,3
update,85462,85486,85489,3,,4
update,85473,85498,85501,3,,5
update,85484,85509,85512,3,,6
inbound,85485,85510,85513,3,,7
update,85495,85520,85523,3,,8
update,85506,85530,85533,3,,9
update,85517,85542,85545,3,,10
update,85528,85553,85556,3,,11
inbound,85540,85564,85567,3,,13
update,85539,85564,85567,3,,12
update,85550,85575,85578,3,,14
update,85561,85586,85588,2,,15
update,85572,85597,85600,3,,0
update,85583,85608,85611,3,,1
inbound,85595,85619,85623,4,,3
update,85594,85619,85623,4,,2
update,85605,85630,85634,4,,4
update,85616,85641,85643,2,,5
update,85627,85652,85656,4,,6
update,85638,85662,85666,4,,7
update,85649,85673,85677,4,,8
inbound,85650,85674,85677,3,,9
update,85660,85685,85688,3,,10
update,85671,85696,85699,3,,11
update,85682,85706,85709,3,,12
update,85693,85717,85721,4,,13
inbound,85705,85729,85732,3,,15
update,85704,85729,85733,4,,14
update,85715,85739,85744,5,,0
update,85726,85751,85754,3,,1
update,85737,85762,85765,3,,2
update,85748,85773,85776,3,,3
inbound,85760,85785,85787,2,,5
update,85759,85784,85787,3,,4
update,85770,85794,85797,3,,6
update,85781,85805,85808,3,,7
update,85792,85816,85819,3,,8
update,85803,85828,85831,3,,9
inbound,85815,85839,85841,2,,11
update,85814,85839,85842,3,,10
update,85825,85850,85853,3,,12
update,85836,85861,85864,3,,13
update,85847,85871,85873,2,,14
update,85858,85883,85886,3,,15
update,85869,85894,85897,3,,0
update,85880,85905,85908,3,,1
update,85891,85916,85919,3,,2
update,85902,85927,85930,3,,3
update,85913,85937,85940,3,,4
update,85924,85948,85950,2,,5
update,86000,86024,86029,5,,6
inbound,86000,86024,86030,6,,7
update,86011,86036,86038,2,,8
update,86022,86047,86049,2,,9
inbound,86025,86050,86053,3,,10
update,86033,86058,86061,3,,11
update,86044,86069,86072,3,,12
update,86055,86080,86083,3,,13
update,86066,86091,86094,3,,14
update,86077,86101,86105,4,,15
update,86088,86113,86116,3,,0
update,86099,86124,86127,3,,1
inbound,86100,86125,86129,4,,2
update,86110,86135,86138,3,,3
update,86121,86146,86149,3,,4
update,86132,86157,86160,3,,5
update,86143,86167,86170,3,,6
update,86154,86178,86182,4,,7
inbound,86155,86180,86184,4,,8
update,86165,86190,86193,3,,9
update,86176,86201,86204,3,,10
update,86187,86212,86214,2,,11
update,86198,86222,86225,3,,12
inbound,86200,86224,86228,4,,13
update,86209,86234,86237,3,,14
inbound,86210,86235,86238,3,,15
update,86220,86245,86248,3,,0
inbound,86225,86250,86253,3,,1
update,86231,86256,86258,2,,2
update,86242,86266,86269,3,,3
update,86253,86278,86280,2,,4
update,86264,86289,86293,4,,5
inbound,86265,86290,86294,4,,6
update,86275,86300,86303,3,,7
update,86286,86310,86313,3,,8
update,86297,86321,86325,4,,9
update,86308,86333,86336,3,,10
update,86319,86344,86347,3,,11
inbound,86320,86345,86349,4,,12
update,86330,86355,86358,3,,13
update,86341,86366,86370,4,,14
update,86352,86377,86381,4,,15
update,86363,86388,86392,4,,0
update,86374,86399,86405,6,,1
inbound,86375,86400,86407,7,,2
update,86385,86410,86414,4,,3
update,86396,86421,86425,4,,4
inbound,86400,86425,86430,5,,5
update,86407,86432,86438,6,,6
update,86418,86442,86446,4,,7
inbound,86425,86450,86453,3,,8
update,86429,86453,86459,6,,9
inbound,86430,86455,86460,5,,10
update,86440,86465,86469,4,,11
update,86451,86475,86483,8,,12
update,86462,86486,86490,4,,13
update,86473,86498,86502,4,,14
update,86484,86509,86514,5,,15
inbound,86485,86510,86515,5,,0
update,86495,86520,86523,3,,1
update,86506,86531,86534,3,,2
update,86517,86542,86545,3,,3
update,86528,86553,86557,4,,4
update,86539,86564,86568,4,,5
inbound,86540,86564,86569,5,,6
update,86550,86575,86578,3,,7
update,86561,86585,86588,3,,8
update,86572,86597,86600,3,,9
update,86583,86607,86611,4,,10
update,86594,86619,86623,4,,11
inbound,86595,86620,86623,3,,12
update,86605,86629,86632,3,,13
update,86616,86641,86644,3,,14
update,86627,86652,86654,2,,15
update,86638,86663,86670,7,,0
update,86649,86673,86678,5,,1
inbound,86650,86676,86681,5,,2
update,86660,86684,86688,4,,3
update,86671,86696,86698,2,,4
update,86682,86707,86710,3,,5
update,86693,86718,86721,3,,6
update,86704,86729,86732,3,,7
inbound,86705,86730,86733,3,,8
update,86715,86740,86743,3,,9
update,86726,86751,86754,3,,10
update,86737,86761,86765,4,,11
update,86748,86773,86776,3,,12
update,86759,86783,86787,4,,13
inbound,86760,86785,86787,2,,14
update,86770,86795,86798,3,,15
update,86781,86804,86808,4,,0
update,86792,86816,86820,4,,1
update,86803,86828,86831,3,,2
update,86814,86837,86840,3,,3
inbound,86815,86840,86842,2,,4
update,86825,86850,86854,4,,5
update,86836,86861,86864,3,,6
update,86847,86871,86874,3,,7
update,86858,86883,86886,3,,8
update,86869,86893,86896,3,,9
update,86880,86905,86908,3,,10
update,86891,86916,86920,4,,11
update,86902,86927,86930,3,,12
update,86913,86937,86940,3,,13
update,86924,86948,86952,4,,14
update,87000,87025,87029,4,,15
inbound,87000,87025,87030,5,,0
update,87011,87036,87039,3,,1
update,87022,87046,87049,3,,2
inbound,87025,87049,87052,3,,3
update,87033,87058,87062,4,,4
update,87044,87069,87074,5,,5
update,87055,87079,87083,4,,6
update,87066,87091,87097,6,,7
update,87077,87102,87107,5,,8
update,87088,87112,87115,3,,9
update,87099,87124,87127,3,,10
inbound,87100,87126,87130,4,,11
update,87110,87134,87137,3,,12
update,87121,87146,87149,3,,13
update,87132,87157,87160,3,,14
update,87143,87168,87171,3,,15
update,87154,87179,87182,3,,0
inbound,87155,87180,87185,5,,1
update,87165,87190,87193,3,,2
update,87176,87200,87204,4,,3
update,87187,87211,87214,3,,4
inbound,87200,87224,87229,5,,6
update,87198,87223,87230,7,,5
update,87209,87234,87237,3,,7
inbound,87210,87235,87239,4,,8
update,87220,87244,87247,3,,9
inbound,87225,87249,87252,3,,10
update,87231,87256,87259,3,,11
update,87242,87266,87270,4,,12
update,87253,87278,87282,4,,13
update,87264,87289,87293,4,,14
inbound,87265,87289,87293,4,,15
update,87275,87300,87302,2,,0
update,87286,87310,87313,3,,1
update,87297,87322,87325,3,,2
update,87308,87333,87336,3,,3
inbound,87320,87344,87347,3,,5
update,87319,87344,87348,4,,4
update,87330,87355,87358,3,,6
update,87341,87366,87368,2,,7
update,87352,87377,87380,3,,8
update,87363,87387,87391,4,,9
update,87374,87399,87402,3,,10
inbound,87375,87400,87403,3,,11
update,87385,87409,87412,3,,12
update,87396,87421,87424,3,,13
inbound,87400,87425,87428,3,,14
update,87407,87431,87434,3,,15
update,87418,87443,87446,3,,0
inbound,87425,87450,87453,3,,1
update,87429,87454,87457,3,,2
inbound,87430,87454,87458,4,,3
update,87440,87465,87468,3,,4
update,87451,87476,87479,3,,5
update,87462,87486,87489,3,,6
update,87473,87498,87501,3,,7
update,87484,87509,87512,3,,8
inbound,87485,87509,87513,4,,9
update,87495,87520,87523,3,,10
update,87506,87530,87534,4,,11
update,87517,87542,87544,2,,12
update,87528,87552,87556,4,,13
update,87539,87563,87567,4,,14
inbound,87540,87565,87568,3,,15
update,87550,87574,87577,3,,0
update,87561,87586,87589,3,,1
update,87572,87596,87599,3,,2
update,87583,87608,87611,3,,3
update,87594,87619,87623,4,,4
inbound,87595,87619,87624,5,,5
update,87605,87630,87633,3,,6
update,87616,87641,87643,2,,7
update,87627,87652,87655,3,,8
update,87638,87663,87669,6,,9
inbound,87650,87674,87680,6,,11
update,87649,87673,87684,11,,10
update,87660,87684,87689,5,,12
update,87671,87695,87701,6,,13
update,87682,87707,87711,4,,14
update,87693,87718,87721,3,,15
inbound,87705,87730,87735,5,,1
update,87704,87730,87737,7,,0
update,87715,87740,87744,4,,2
update,87726,87751,87758,7,,3
update,87737,87762,87766,4,,4
update,87748,87772,87776,4,,5
inbound,87760,87785,87792,7,,7
update,87759,87785,87792,7,,6
update,87770,87796,87803,7,,8
update,87781,87805,87812,7,,9
update,87792,87817,87821,4,,10
update,87803,87827,87831,4,,11
update,87814,87838,87841,3,,12
inbound,87815,87839,87842,3,,13
update,87825,87850,87854,4,,14
update,87836,87861,87864,3,,15
update,87847,87872,87875,3,,0
update,87858,87882,87885,3,,1
update,87869,87893,87897,4,,2
update,87880,87905,87907,2,,3
update,87891,87916,87919,3,,4
update,87902,87926,87929,3,,5
update,87913,87937,87940,3,,6
update,87924,87949,87951,2,,7
update,88000,88025,88027,2,,8
inbound,88000,88025,88028,3,,9
update,88011,88036,88039,3,,10
update,88022,88046,88049,3,,11
inbound,88025,88049,88052,3,,12
update,88033,88058,88061,3,,13
update,88044,88068,88071,3,,14
update,88055,88079,88083,4,,15
update,88066,88091,88094,3,,0
update,88077,88102,88105,3,,1
update,88088,88113,88117,4,,2
inbound,88100,88124,88127,3,,4
update,88099,88124,88127,3,,3
update,88110,88134,88137,3,,5
update,88121,88146,88149,3,,6
update,88132,88157,88160,3,,7
update,88143,88168,88171,3,,8
update,88154,88179,88182,3,,9
inbound,88155,88180,88184,4,,10
update,88165,88189,88192,3,,11
update,88176,88201,88204,3,,12
update,88187,88211,88214,3,,13
update,88198,88222,88226,4,,14
inbound,88200,88224,88228,4,,15
inbound,88210,88235,88238,3,,1
update,88209,88233,88239,6,,0
update,88220,88245,88248,3,,2
inbound,88225,88250,88252,2,,3
update,88231,88256,88259,3,,4
update,88242,88267,88271,4,,5
update,88253,88278,88281,3,,6
update,88264,88288,88291,3,,7
inbound,88265,88289,88293,4,,8
update,88275,88300,88303,3,,9
update,88286,88311,88314,3,,10
update,88297,88322,88325,3,,11
update,88308,88333,88337,4,,12
update,88319,88343,88346,3,,13
inbound,88320,88345,88347,2,,14
update,88330,88355,88357,2,,15
update,88341,88365,88368,3,,0
update,88352,88377,88379,2,,1
update,88363,88388,88390,2,,2
update,88374,88399,88403,4,,3
inbound,88375,88399,88403,4,,4
update,88385,88410,88413,3,,5
update,88396,88421,88424,3,,6
inbound,88400,88425,88428,3,,7
update,88407,88432,88435,3,,8
update,88418,88443,88446,3,,9
inbound,88425,88450,88453,3,,10
update,88429,88454,88458,4,,11
inbound,88430,88455,88459,4,,12
update,88440,88464,88467,3,,13
update,88451,88476,88481,5,,14
update,88462,88487,88490,3,,15
update,88473,88498,88501,3,,0
update,88484,88509,88512,3,,1
inbound,88485,88510,88514,4,,2
update,88495,88520,88523,3,,3
update,88506,88531,88534,3,,4
update,88517,88541,88544,3,,5
update,88528,88553,88557,4,,6
update,88539,88563,88567,4,,7
inbound,88540,88565,88569,4,,8
update,88550,88574,88577,3,,9
update,88561,88586,88589,3,,10
update,88572,88597,88600,3,,11
update,88583,88608,88610,2,,12
update,88594,88619,88622,3,,13
inbound,88595,88620,88623,3,,14
update,88605,88630,88634,4,,15
update,88616,88641,88644,3,,0
update,88627,88651,88654,3,,1
update,88638,88663,88667,4,,2
update,88649,88674,88678,4,,3
inbound,88650,88674,88678,4,,4
update,88660,88684,88690,6,,5
update,88671,88695,88699,4,,6
update,88682,88706,88709,3,,7
update,88693,88717,88721,4,,8
update,88704,88729,88732,3,,9
inbound,88705,88730,88734,4,,10
update,88715,88740,88743,3,,11
update,88726,88751,88753,2,,12
update,88737,88761,88765,4,,13
update,88748,88773,88777,4,,14
update,88759,88783,88787,4,,15
inbound,88760,88784,88787,3,,0
update,88770,88795,88798,3,,1
update,88781,88805,88807,2,,2
update,88792,88817,88820,3,,3
update,88803,88827,88831,4,,4
inbound,88815,88840,88842,2,,6
update,88814,88839,88843,4,,5
update,88825,88850,88852,2,,7
update,88836,88861,88863,2,,8
update,88847,88872,88875,3,,9
update,88858,88883,88886,3,,10
update,88869,88893,88896,3,,11
update,88880,88905,88908,3,,12
update,88891,88916,88918,2,,13
update,88902,88927,88930,3,,14
update,88913,88938,88941,3,,15
update,88924,88949,88952,3,,0
inbound,89000,89025,89028,3,,2
update,89000,89025,89029,4,,1
update,89011,89035,89038,3,,3
update,89022,89047,89049,2,,4
inbound,89025,89050,89052,2,,5
update,89033,89058,89061,3,,6
update,89044,89069,89072,3,,7
update,89055,89080,89082,2,,8
update,89066,89091,89093,2,,9
update,89077,89102,89104,2,,10
update,89088,89113,89116,3,,11
inbound,89100,89124,89127,3,,13
update,89099,89124,89127,3,,12
update,89110,89135,89138,3,,14
update,89121,89146,89149,3,,15
update,89132,89157,89160,3,,0
update,89143,89168,89171,3,,1
update,89154,89179,89182,3,,2
inbound,89155,89179,89182,3,,3
update,89165,89189,89192,3,,4
update,89176,89201,89204,3,,5
update,89187,89212,89215,3,,6
update,89198,89223,89226,3,,7
inbound,89200,89224,89227,3,,8
update,89209,89234,89237,3,,9
inbound,89210,89235,89238,3,,10
update,89220,89245,89248,3,,11
inbound,89225,89249,89252,3,,12
update,89231,89255,89258,3,,13
update,89242,89267,89269,2,,14
update,89253,89278,89280,2,,15
update,89264,89289,89292,3,,0
inbound,89265,89290,89293,3,,1
update,89275,89300,89303,3,,2
update,89286,89311,89314,3,,3
update,89297,89322,89325,3,,4
update,89308,89333,89335,2,,5
inbound,89320,89344,89347,3,,7
update,89319,89344,89347,3,,6
update,89330,89355,89358,3,,8
update,89341,89366,89369,3,,9
update,89352,89377,89380,3,,10
update,89363,89388,89391,3,,11
update,89374,89399,89403,4,,12
inbound,89375,89400,89405,5,,13
update,89385,89410,89412,2,,14
update,89396,89421,89427,6,,15
inbound,89400,89424,89427,3,,0
update,89407,89431,89434,3,,1
update,89418,89443,89446,3,,2
inbound,89425,89450,89453,3,,3
update,89429,89454,89457,3,,4
inbound,89430,89454,89457,3,,5
update,89440,89465,89468,3,,6
update,89451,89475,89478,3,,7
update,89462,89487,89489,2,,8
update,89473,89498,89500,2,,9
inbound,89485,89509,89511,2,,11
update,89484,89508,89512,4,,10
update,89495,89520,89523,3,,12
update,89506,89531,89535,4,,13
update,89517,89542,89545,3,,14
update,89528,89553,89556,3,,15
inbound,89540,89564,89567,3,,1
update,89539,89564,89567,3,,0
update,89550,89575,89577,2,,2
update,89561,89586,89589,3,,3
update,89572,89597,89601,4,,4
update,89583,89608,89611,3,,5
inbound,89595,89619,89622,3,,7
update,89594,89619,89622,3,,6
update,89605,89629,89677,48,,8
update,89616,89641,89677,36,,9
update,89649,89673,89677,4,,12
update,89627,89651,89677,26,,10
update,89638,89662,89677,15,,11
inbound,89650,89675,89678,3,,13
update,89660,89685,89689,4,,14
update,89671,89696,89702,6,,15
update,89682,89707,89710,3,,0
update,89693,89717,89720,3,,1
inbound,89705,89729,89732,3,,3
update,89704,89729,89733,4,,2
update,89715,89740,89743,3,,4
update,89726,89751,89754,3,,5
update,89737,89762,89765,3,,6
update,89748,89772,89776,4,,7
inbound,89760,89784,89786,2,,9
update,89759,89783,89786,3,,8
update,89770,89794,89796,2,,10
update,89781,89806,89809,3,,11
update,89792,89816,89820,4,,12
update,89803,89828,89831,3,,13
inbound,89815,89840,89842,2,,15
update,89814,89839,89842,3,,14
update,89825,89850,89853,3,,0
update,89836,89861,89864,3,,1
update,89847,89872,89875,3,,2
update,89858,89882,89885,3,,3
update,89869,89894,89896,2,,4
update,89880,89904,89906,2,,5
update,89891,89915,89919,4,,6
update,89902,89927,89930,3,,7
update,89913,89938,89940,2,,8
update,89924,89949,89951,2,,9
inbound,90000,90025,90028,3,,11
update,90000,90025,90029,4,,10
update,90011,90036,90039,3,,12
update,90022,90047,90053,6,,13
inbound,90025,90049,90055,6,,14
update,90033,90058,90063,5,,15
update,90044,90069,90073,4,,0
update,90055,90081,90085,4,,1
update,90066,90091,90094,3,,2
update,90077,90102,90105,3,,3
update,90088,90112,90115,3,,4
update,90099,90124,90127,3,,5
inbound,90100,90125,90128,3,,6
update,90110,90135,90139,4,,7
update,90121,90145,90149,4,,8
update,90132,90157,90160,3,,9
update,90143,90167,90171,4,,10
update,90154,90178,90182,4,,11
inbound,90155,90180,90183,3,,12
update,90165,90190,90193,3,,13
update,90176,90201,90203,2,,14
update,90187,90212,90215,3,,15
update,90198,90223,90225,2,,0
inbound,90200,90225,90228,3,,1
inbound,90210,90235,90237,2,,3
update,90209,90234,90238,4,,2
update,90220,90245,90249,4,,4
inbound,90225,90250,90253,3,,5
update,90231,90255,90259,4,,6
update,90242,90267,90270,3,,7
update,90253,90278,90281,3,,8
update,90264,90288,90292,4,,9
inbound,90265,90290,90293,3,,10
update,90275,90299,90303,4,,11
update,90286,90311,90314,3,,12
update,90297,90322,90325,3,,13
update,90308,90333,90336,3,,14
update,90319,90343,90347,4,,15
inbound,90320,90345,90348,3,,0
update,90330,90354,90357,3,,1
update,90341,90366,90369,3,,2
update,90352,90377,90380,3,,3
update,90363,90388,90391,3,,4
update,90374,90399,90402,3,,5
inbound,90375,90400,90405,5,,6
update,90385,90409,90415,6,,7
update,90396,90421,90424,3,,8
inbound,90400,90425,90429,4,,9
update,90407,90432,90434,2,,10
update,90418,90442,90445,3,,11
inbound,90425,90450,90453,3,,12
update,90429,90453,90458,5,,13
inbound,90430,90455,90459,4,,14
update,90440,90464,90468,4,,15
update,90451,90475,90479,4,,0
update,90462,90487,90490,3,,1
update,90473,90498,90501,3,,2
inbound,90485,90509,90512,3,,4
update,90484,90508,90513,5,,3
update,90495,90520,90523,3,,5
update,90506,90531,90534,3,,6
update,90517,90542,90545,3,,7
update,90528,90553,90556,3,,8
update,90539,90564,90567,3,,9
inbound,90540,90565,90569,4,,10
update,90550,90574,90577,3,,11
update,90561,90586,90589,3,,12
update,90572,90597,90600,3,,13
update,90583,90608,90611,3,,14
update,90594,90619,90623,4,,15
inbound,90595,90619,90623,4,,0
update,90605,90630,90633,3,,1
update,90616,90640,90644,4,,2
update,90627,90651,90654,3,,3
update,90638,90662,90665,3,,4
update,90649,90673,90677,4,,5
inbound,90650,90673,90677,4,,6
update,90660,90685,90688,3,,7
update,90671,90695,90700,5,,8
update,90682,90706,90710,4,,9
update,90693,90717,90720,3,,10
update,90704,90729,90733,4,,11
inbound,90705,90729,90734,5,,12
update,90715,90740,90743,3,,13
update,90726,90750,90753,3,,14
update,90737,90761,90764,3,,15
update,90748,90773,90776,3,,0
update,90759,90784,90787,3,,1
inbound,90760,90785,90788,3,,2
update,90770,90795,90798,3,,3
update,90781,90806,90809,3,,4
update,90792,90817,90820,3,,5
update,90803,90828,90831,3,,6
inbound,90815,90839,90841,2,,8
update,90814,90839,90843,4,,7
update,90825,90850,90854,4,,9
update,90836,90860,90864,4,,10
update,90847,90872,90875,3,,11
update,90858,90883,90886,3,,12
update,90869,90893,90896,3,,13
update,90880,90905,90907,2,,14
update,90891,90915,90918,3,,15
update,90902,90927,90930,3,,0
update,90913,90937,90941,4,,1
update,90924,90948,90951,3,,2
update,91000,91025,91032,7,,3
inbound,91000,91025,91033,8,,4
inbound,91025,91050,91075,25,,7
update,91011,91036,91075,39,,5
update,91044,91067,91075,8,,9
update,91033,91057,91075,18,,8
update,91022,91047,91075,28,,6
update,91055,91080,91083,3,,10
update,91066,91091,91094,3,,11
update,91077,91101,91105,4,,12
update,91088,91113,91115,2,,13
update,91099,91123,91127,4,,14
inbound,91100,91125,91128,3,,15
update,91110,91135,91138,3,,0
update,91121,91145,91148,3,,1
update,91132,91157,91159,2,,2
update,91143,91168,91171,3,,3
update,91154,91178,91182,4,,4
inbound,91155,91179,91183,4,,5
update,91165,91190,91193,3,,6
update,91176,91201,91204,3,,7
update,91187,91211,91214,3,,8
update,91198,91223,91227,4,,9
inbound,91200,91225,91229,4,,10
update,91209,91233,91237,4,,11
inbound,91210,91234,91238,4,,12
update,91220,91244,91247,3,,13
inbound,91225,91249,91252,3,,14
update,91231,91255,91258,3,,15
update,91242,91267,91270,3,,0
update,91253,91277,91280,3,,1
update,91264,91289,91293,4,,2
inbound,91265,91290,91294,4,,3
update,91275,91299,91303,4,,4
update,91286,91310,91313,3,,5
update,91297,91322,91325,3,,6
update,91308,91333,91337,4,,7
update,91319,91343,91347,4,,8
inbound,91320,91345,91348,3,,9
update,91330,91355,91359,4,,10
update,91341,91365,91368,3,,11
update,91352,91377,91380,3,,12
update,91363,91387,91391,4,,13
update,91374,91399,91402,3,,14
inbound,91375,91400,91404,4,,15
update,91385,91410,91414,4,,0
update,91396,91421,91424,3,,1
inbound,91400,91424,91427,3,,2
update,91407,91431,91434,3,,3
update,91418,91443,91446,3,,4
inbound,91425,91450,91453,3,,5
update,91429,91454,91458,4,,6
inbound,91430,91455,91458,3,,7
update,91440,91465,91467,2,,8
update,91451,91475,91478,3,,9
update,91462,91486,91489,3,,10
update,91473,91498,91501,3,,11
update,91484,91509,91514,5,,12
inbound,91485,91510,91517,7,,13
update,91495,91520,91523,3,,14
update,91506,91531,91534,3,,15
update,91517,91542,91546,4,,0
update,91528,91552,91555,3,,1
update,91539,91564,91568,4,,2
inbound,91540,91565,91569,4,,3
update,91550,91575,91578,3,,4
update,91561,91586,91589,3,,5
update,91572,91597,91600,3,,6
update,91583,91608,91611,3,,7
update,91594,91618,91623,5,,8
inbound,91595,91620,91623,3,,9
update,91605,91630,91633,3,,10
update,91616,91640,91643,3,,11
update,91627,91651,91654,3,,12
update,91638,91663,91665,2,,13
update,91649,91674,91677,3,,14
inbound,91650,91674,91678,4,,15
update,91660,91685,91688,3,,0
update,91671,91696,91702,6,,1
update,91682,91707,91710,3,,2
update,91693,91717,91720,3,,3
update,91704,91728,91732,4,,4
inbound,91705,91729,91734,5,,5
update,91715,91740,91743,3,,6
update,91726,91751,91754,3,,7
update,91737,91762,91765,3,,8
update,91748,91773,91775,2,,9
update,91759,91783,91786,3,,10
inbound,91760,91785,91787,2,,11
update,91770,91794,91798,4,,12
update,91781,91806,91809,3,,13
update,91792,91817,91820,3,,14
update,91803,91827,91830,3,,15
inbound,91815,91839,91841,2,,1
update,91814,91839,91843,4,,0
update,91825,91850,91854,4,,2
update,91836,91860,91863,3,,3
update,91847,91872,91875,3,,4
update,91858,91883,91886,3,,5
update,91869,91893,91896,3,,6
update,91880,91904,91907,3,,7
update,91891,91915,91918,3,,8
update,91902,91927,91930,3,,9
update,91913,91937,91941,4,,10
update,91924,91949,91953,4,,11
update,92000,92025,92030,5,,12
inbound,92000,92025,92030,5,,13
update,92011,92036,92039,3,,14
update,92022,92047,92050,3,,15
inbound,92025,92050,92053,3,,0
update,92033,92057,92062,5,,1
update,92044,92068,92072,4,,2
update,92055,92079,92083,4,,3
update,92066,92090,92093,3,,4
update,92077,92101,92104,3,,5
update,92088,92112,92116,4,,6
update,92099,92124,92127,3,,7
inbound,92100,92125,92128,3,,8
update,92110,92135,92138,3,,9
update,92121,92146,92148,2,,10
update,92132,92157,92159,2,,11
update,92143,92168,92171,3,,12
update,92154,92178,92182,4,,13
inbound,92155,92179,92183,4,,14
update,92165,92190,92192,2,,15
update,92176,92201,92203,2,,0
update,92187,92212,92215,3,,1
update,92198,92223,92226,3,,2
inbound,92200,92225,92228,3,,3
inbound,92210,92234,92238,4,,5
update,92209,92234,92239,5,,4
update,92220,92244,92247,3,,6
inbound,92225,92250,92253,3,,7
update,92231,92256,92259,3,,8
update,92242,92267,92270,3,,9
update,92253,92277,92280,3,,10
update,92264,92289,92292,3,,11
inbound,92265,92290,92293,3,,12
update,92275,92299,92303,4,,13
update,92286,92311,92313,2,,14
update,92297,92321,92324,3,,15
update,92308,92333,92337,4,,0
update,92319,92343,92346,3,,1
inbound,92320,92344,92348,4,,2
update,92330,92354,92357,3,,3
update,92341,92366,92369,3,,4
update,92352,92376,92379,3,,5
update,92363,92388,92391,3,,6
update,92374,92398,92402,4,,7
inbound,92375,92400,92403,3,,8
update,92385,92409,92413,4,,9
update,92396,92420,92423,3,,10
inbound,92400,92425,92427,2,,11
update,92407,92432,92435,3,,12
update,92418,92443,92445,2,,13
inbound,92425,92450,92453,3,,14
update,92429,92454,92458,4,,15
inbound,92430,92455,92458,3,,0
update,92440,92465,92468,3,,1
update,92451,92475,92479,4,,2
update,92462,92487,92491,4,,3
update,92473,92497,92501,4,,4
update,92484,92509,92512,3,,5
inbound,92485,92510,92516,6,,6
update,92495,92520,92523,3,,7
update,92506,92530,92534,4,,8
update,92517,92542,92546,4,,9
update,92528,92552,92556,4,,10
update,92539,92563,92567,4,,11
inbound,92540,92564,92569,5,,12
update,92550,92574,92577,3,,13
update,92561,92586,92589,3,,14
update,92572,92597,92599,2,,15
update,92583,92608,92610,2,,0
update,92594,92618,92621,3,,1
inbound,92595,92619,92623,4,,2
update,92605,92630,92632,2,,3
update,92616,92641,92644,3,,4
update,92627,92652,92655,3,,5
update,92638,92662,92665,3,,6
update,92649,92674,92676,2,,7
inbound,92650,92675,92678,3,,8
update,92660,92685,92687,2,,9
update,92671,92696,92700,4,,10
update,92682,92706,92713,7,,11
update,92693,92718,92723,5,,12
update,92704,92729,92732,3,,13
inbound,92705,92729,92733,4,,14
update,92715,92740,92744,4,,15
update,92726,92751,92755,4,,0
update,92737,92762,92765,3,,1
update,92748,92773,92776,3,,2
update,92759,92784,92787,3,,3
inbound,92760,92785,92788,3,,4
update,92770,92795,92798,3,,5
update,92781,92806,92809,3,,6
update,92792,92817,92820,3,,7
update,92803,92827,92830,3,,8
inbound,92815,92840,92843,3,,10
update,92814,92839,92843,4,,9
update,92825,92849,92852,3,,11
update,92836,92861,92865,4,,12
update,92847,92872,92875,3,,13
update,92858,92882,92885,3,,14
update,92869,92893,92896,3,,15
update,92880,92905,92908,3,,0
update,92891,92915,92919,4,,1
update,92902,92926,92929,3,,2
update,92913,92938,92941,3,,3
update,92924,92949,92951,2,,4
inbound,93000,93025,93031,6,,6
update,93000,93025,93032,7,,5
update,93011,93035,93040,5,,7
update,93022,93047,93050,3,,8
inbound,93025,93050,93053,3,,9
update,93033,93057,93061,4,,10
update,93044,93069,93072,3,,11
update,93055,93080,93083,3,,12
update,93066,93090,93093,3,,13
update,93077,93101,93104,3,,14
update,93088,93113,93116,3,,15
update,93099,93124,93127,3,,0
inbound,93100,93124,93128,4,,1
update,93110,93135,93138,3,,2
update,93121,93146,93149,3,,3
update,93132,93156,93159,3,,4
update,93143,93167,93171,4,,5
inbound,93155,93179,93182,3,,7
update,93154,93179,93182,3,,6
update,93165,93190,93192,2,,8
update,93176,93201,93203,2,,9
update,93187,93212,93214,2,,10
update,93198,93222,93224,2,,11
inbound,93200,93224,93227,3,,12
update,93209,93234,93238,4,,13
inbound,93210,93234,93238,4,,14
update,93220,93245,93248,3,,15
inbound,93225,93249,93252,3,,0
update,93231,93256,93259,3,,1
update,93242,93267,93270,3,,2
update,93253,93278,93281,3,,3
update,93264,93289,93292,3,,4
inbound,93265,93290,93293,3,,5
update,93275,93299,93302,3,,6
update,93286,93310,93313,3,,7
update,93297,93322,93325,3,,8
update,93308,93333,93336,3,,9
inbound,93320,93344,93348,4,,11
update,93319,93344,93348,4,,10
update,93330,93355,93358,3,,12
update,93341,93366,93369,3,,13
update,93352,93377,93380,3,,14
update,93363,93388,93391,3,,15
update,93374,93399,93402,3,,0
inbound,93375,93399,93402,3,,1
update,93385,93410,93412,2,,2
update,93396,93420,93424,4,,3
inbound,93400,93425,93427,2,,4
update,93407,93432,93434,2,,5
update,93418,93443,93446,3,,6
inbound,93425,93449,93452,3,,7
inbound,93430,93454,93456,2,,9
update,93429,93453,93457,4,,8
update,93440,93465,93468,3,,10
update,93451,93476,93479,3,,11
update,93462,93487,93489,2,,12
update,93473,93498,93501,3,,13
inbound,93485,93509,93512,3,,15
update,93484,93509,93512,3,,14
update,93495,93520,93522,2,,0
update,93506,93530,93533,3,,1
update,93517,93542,93544,2,,2
update,93528,93553,93556,3,,3
update,93539,93563,93567,4,,4
inbound,93540,93563,93567,4,,5
update,93550,93574,93577,3,,6
update,93561,93585,93588,3,,7
update,93572,93596,93599,3,,8
update,93583,93607,93610,3,,9
inbound,93595,93619,93622,3,,11
update,93594,93619,93622,3,,10
update,93605,93630,93632,2,,12
update,93616,93641,93644,3,,13
update,93627,93652,93655,3,,14
update,93638,93663,93666,3,,15
update,93649,93674,93677,3,,0
inbound,93650,93674,93677,3,,1
update,93660,93685,93688,3,,2
update,93671,93696,93700,4,,3
update,93682,93707,93711,4,,4
update,93693,93718,93725,7,,5
inbound,93705,93730,93734,4,,7
update,93704,93729,93735,6,,6
update,93715,93740,93743,3,,8
update,93726,93751,93754,3,,9
update,93737,93761,93764,3,,10
update,93748,93773,93776,3,,11
update,93759,93784,93787,3,,12
inbound,93760,93785,93788,3,,13
update,93770,93795,93798,3,,14
update,93781,93806,93809,3,,15
update,93792,93817,93820,3,,0
update,93803,93828,93831,3,,1
inbound,93815,93840,93842,2,,3
update,93814,93839,93842,3,,2
update,93825,93850,93852,2,,4
update,93836,93861,93863,2,,5
update,93847,93871,93874,3,,6
update,93858,93882,93885,3,,7
update,93869,93893,93896,3,,8
update,93880,93905,93908,3,,9
update,93891,93916,93919,3,,10
update,93902,93927,93930,3,,11
update,93913,93938,93941,3,,12
update,93924,93948,93950,2,,13
update,94000,94024,94027,3,,14
inbound,94000,94024,94027,3,,15
update,94011,94036,94039,3,,0
update,94022,94047,94050,3,,1
inbound,94025,94050,94054,4,,2
update,94033,94058,94061,3,,3
update,94044,94068,94071,3,,4
update,94055,94080,94083,3,,5
update,94066,94091,94096,5,,6
update,94077,94101,94105,4,,7
update,94088,94113,94117,4,,8
update,94099,94124,94127,3,,9
inbound,94100,94125,94130,5,,10
update,94110,94135,94138,3,,11
update,94121,94145,94148,3,,12
update,94132,94156,94160,4,,13
update,94143,94168,94171,3,,14
update,94154,94179,94184,5,,15
inbound,94155,94180,94186,6,,0
update,94165,94190,94194,4,,1
update,94176,94200,94205,5,,2
update,94187,94212,94214,2,,3
update,94198,94223,94226,3,,4
inbound,94200,94225,94228,3,,5
inbound,94210,94234,94238,4,,7
update,94209,94234,94239,5,,6
update,94220,94244,94247,3,,8
inbound,94225,94250,94253,3,,9
update,94231,94255,94258,3,,10
update,94242,94267,94270,3,,11
update,94253,94278,94281,3,,12
update,94264,94289,94291,2,,13
inbound,94265,94290,94293,3,,14
update,94275,94300,94303,3,,15
update,94286,94311,94314,3,,0
update,94297,94322,94324,2,,1
update,94308,94331,94336,5,,2
update,94319,94344,94347,3,,3
inbound,94320,94345,94348,3,,4
update,94330,94355,94357,2,,5
update,94341,94366,94369,3,,6
update,94352,94376,94379,3,,7
update,94363,94388,94391,3,,8
inbound,94375,94399,94402,3,,10
update,94374,94399,94402,3,,9
update,94385,94410,94413,3,,11
update,94396,94420,94426,6,,12
inbound,94400,94425,94428,3,,13
update,94407,94431,94434,3,,14
update,94418,94443,94446,3,,15
inbound,94425,94449,94452,3,,0
update,94429,94454,94458,4,,1
inbound,94430,94454,94458,4,,2
update,94440,94465,94468,3,,3
update,94451,94474,94478,4,,4
update,94462,94487,94490,3,,5
update,94473,94497,94500,3,,6
update,94484,94509,94512,3,,7
inbound,94485,94509,94513,4,,8
update,94495,94519,94523,4,,9
update,94506,94531,94534,3,,10
update,94517,94541,94544,3,,11
update,94528,94553,94556,3,,12
update,94539,94564,94567,3,,13
inbound,94540,94565,94568,3,,14
update,94550,94574,94577,3,,15
update,94561,94586,94590,4,,0
update,94572,94596,94599,3,,1
update,94583,94608,94611,3,,2
update,94594,94619,94622,3,,3
inbound,94595,94620,94624,4,,4
update,94605,94629,94632,3,,5
update,94616,94641,94645,4,,6
update,94627,94652,94655,3,,7
update,94638,94663,94666,3,,8
update,94649,94674,94676,2,,9
inbound,94650,94676,94679,3,,10
update,94660,94685,94687,2,,11
update,94671,94696,94700,4,,12
update,94682,94706,94709,3,,13
update,94693,94718,94725,7,,14
update,94704,94728,94734,6,,15
inbound,94705,94731,94734,3,,0
update,94715,94739,94743,4,,1
update,94726,94751,94754,3,,2
update,94737,94762,94765,3,,3
update,94748,94773,94776,3,,4
update,94759,94784,94787,3,,5
inbound,94760,94786,94788,2,,6
update,94770,94795,94798,3,,7
update,94781,94806,94810,4,,8
update,94792,94817,94820,3,,9
update,94803,94826,94829,3,,10
update,94814,94839,94841,2,,11
inbound,94815,94841,94843,2,,12
update,94825,94850,94853,3,,13
update,94836,94861,94864,3,,14
update,94847,94872,94875,3,,15
update,94858,94883,94886,3,,0
update,94869,94894,94896,2,,1
update,94880,94905,94908,3,,2
update,94891,94915,94919,4,,3
update,94902,94926,94929,3,,4
update,94913,94938,94941,3,,5
update,94924,94949,94952,3,,6
update,95000,95026,95029,3,,7
inbound,95000,95026,95030,4,,8
update,95011,95037,95040,3,,9
update,95022,95047,95050,3,,10
inbound,95025,95050,95054,4,,11
update,95033,95058,95061,3,,12
update,95044,95070,95073,3,,13
update,95055,95080,95084,4,,14
update,95066,95092,95095,3,,15
update,95077,95102,95106,4,,0
update,95088,95114,95117,3,,1
update,95099,95125,95128,3,,2
inbound,95100,95126,95130,4,,3
update,95110,95136,95140,4,,4
update,95121,95146,95150,4,,5
update,95132,95158,95161,3,,6
update,95143,95169,95172,3,,7
update,95154,95180,95184,4,,8
inbound,95155,95181,95184,3,,9
update,95165,95190,95193,3,,10
update,95176,95202,95205,3,,11
update,95187,95213,95216,3,,12
update,95198,95224,95227,3,,13
inbound,95200,95226,95230,4,,14
update,95209,95235,95238,3,,15
inbound,95210,95236,95240,4,,0
update,95220,95246,95250,4,,1
inbound,95225,95251,95254,3,,2
update,95231,95256,95259,3,,3
update,95242,95267,95270,3,,4
update,95253,95278,95281,3,,5
update,95264,95290,95293,3,,6
inbound,95265,95291,95294,3,,7
update,95275,95301,95304,3,,8
update,95286,95312,95315,3,,9
update,95297,95322,95325,3,,10
update,95308,95334,95337,3,,11
inbound,95320,95345,95349,4,,13
update,95319,95345,95350,5,,12
update,95330,95354,95359,5,,14
update,95341,95367,95370,3,,15
update,95352,95377,95380,3,,0
update,95363,95389,95392,3,,1
update,95374,95400,95403,3,,2
inbound,95375,95400,95404,4,,3
update,95385,95411,95413,2,,4
update,95396,95421,95424,3,,5
inbound,95400,95426,95429,3,,6
update,95407,95433,95436,3,,7
update,95418,95444,95446,2,,8
inbound,95425,95451,95454,3,,9
update,95429,95454,95458,4,,10
inbound,95430,95456,95459,3,,11
update,95440,95466,95470,4,,12
update,95451,95476,95479,3,,13
update,95462,95488,95491,3,,14
update,95473,95498,95501,3,,15
update,95484,95510,95513,3,,0
inbound,95485,95510,95513,3,,1
update,95495,95521,95524,3,,2
update,95506,95531,95534,3,,3
update,95517,95543,95545,2,,4
update,95528,95554,95558,4,,5
update,95539,95564,95569,5,,6
inbound,95540,95565,95570,5,,7
update,95550,95576,95580,4,,8
update,95561,95587,95590,3,,9
update,95572,95597,95600,3,,10
update,95583,95609,95612,3,,11
update,95594,95620,95623,3,,12
inbound,95595,95621,95625,4,,13
update,95605,95630,95634,4,,14
update,95616,95642,95645,3,,15
update,95627,95653,95656,3,,0
update,95638,95664,95666,2,,1
update,95649,95674,95677,3,,2
inbound,95650,95675,95677,2,,3
update,95660,95685,95689,4,,4
update,95671,95696,95699,3,,5
update,95682,95708,95711,3,,6
update,95693,95719,95722,3,,7
inbound,95705,95730,95735,5,,9
update,95704,95730,95736,6,,8
update,95715,95741,95745,4,,10
update,95726,95752,95755,3,,11
update,95737,95762,95766,4,,12
update,95748,95773,95777,4,,13
update,95759,95785,95788,3,,14
inbound,95760,95786,95788,2,,15
update,95770,95794,95797,3,,0
update,95781,95807,95810,3,,1
update,95792,95817,95820,3,,2
update,95803,95829,95832,3,,3
inbound,95815,95840,95842,2,,5
update,95814,95840,95843,3,,4
update,95825,95851,95854,3,,6
update,95836,95861,95864,3,,7
update,95847,95873,95876,3,,8
update,95858,95884,95887,3,,9
update,95869,95895,95898,3,,10
update,95880,95906,95909,3,,11
update,95891,95917,95920,3,,12
update,95902,95928,95930,2,,13
update,95913,95939,95941,2,,14
update,95924,95950,95953,3,,15
inbound,96000,96024,96028,4,,1
update,96000,96024,96029,5,,0
update,96011,96037,96039,2,,2
update,96022,96048,96051,3,,3
inbound,96025,96051,96054,3,,4
update,96033,96059,96061,2,,5
update,96044,96070,96074,4,,6
update,96055,96081,96086,5,,7
update,96066,96092,96095,3,,8
update,96077,96102,96106,4,,9
update,96088,96114,96118,4,,10
update,96099,96125,96129,4,,11
inbound,96100,96126,96129,3,,12
update,96110,96136,96139,3,,13
update,96121,96147,96150,3,,14
update,96132,96158,96160,2,,15
update,96143,96168,96171,3,,0
update,96154,96179,96183,4,,1
inbound,96155,96181,96185,4,,2
update,96165,96191,96193,2,,3
update,96176,96201,96204,3,,4
update,96187,96213,96216,3,,5
update,96198,96223,96226,3,,6
inbound,96200,96226,96228,2,,7
update,96209,96235,96239,4,,8
inbound,96210,96236,96240,4,,9
update,96220,96245,96248,3,,10
inbound,96225,96251,96254,3,,11
update,96231,96256,96259,3,,12
update,96242,96268,96271,3,,13
update,96253,96279,96282,3,,14
update,96264,96290,96293,3,,15
inbound,96265,96291,96294,3,,0
update,96275,96301,96304,3,,1
update,96286,96312,96314,2,,2
update,96297,96322,96325,3,,3
update,96308,96334,96337,3,,4
inbound,96320,96345,96350,5,,6
update,96319,96345,96350,5,,5
update,96330,96356,96359,3,,7
update,96341,96365,96368,3,,8
update,96352,96378,96381,3,,9
update,96363,96389,96392,3,,10
update,96374,96400,96403,3,,11
inbound,96375,96402,96406,4,,12
update,96385,96410,96413,3,,13
update,96396,96422,96425,3,,14
inbound,96400,96425,96429,4,,15
update,96407,96432,96436,4,,0
update,96418,96444,96447,3,,1
inbound,96425,96451,96454,3,,2
update,96429,96455,96458,3,,3
inbound,96430,96456,96463,7,,4
update,96440,96465,96469,4,,5
update,96451,96477,96480,3,,6
update,96462,96488,96491,3,,7
update,96473,96498,96503,5,,8
update,96484,96510,96513,3,,9
inbound,96485,96511,96515,4,,10
update,96495,96521,96525,4,,11
update,96506,96532,96537,5,,12
update,96517,96543,96546,3,,13
update,96528,96553,96558,5,,14
update,96539,96565,96568,3,,15
inbound,96540,96565,96571,6,,0
update,96550,96575,96580,5,,1
update,96561,96587,96591,4,,2
update,96572,96598,96602,4,,3
update,96583,96608,96612,4,,4
update,96594,96620,96625,5,,5
inbound,96595,96623,96629,6,,6
update,96605,96630,96633,3,,7
update,96616,96642,96645,3,,8
update,96627,96653,96656,3,,9
update,96638,96664,96667,3,,10
update,96649,96675,96678,3,,11
inbound,96650,96676,96681,5,,12
update,96660,96686,96689,3,,13
update,96671,96697,96700,3,,14
update,96682,96708,96711,3,,15
update,96693,96719,96722,3,,0
inbound,96705,96731,96737,6,,2
update,96704,96730,96738,8,,1
update,96715,96740,96743,3,,3
update,96726,96752,96755,3,,4
update,96737,96763,96766,3,,5
update,96748,96774,96777,3,,6
inbound,96760,96785,96787,2,,8
update,96759,96784,96788,4,,7
update,96770,96796,96799,3,,9
update,96781,96806,96809,3,,10
update,96792,96818,96821,3,,11
update,96803,96828,96832,4,,12
inbound,96815,96841,96843,2,,14
update,96814,96840,96843,3,,13
update,96825,96851,96854,3,,15
update,96836,96862,96865,3,,0
update,96847,96873,96877,4,,1
update,96858,96883,96887,4,,2
update,96869,96895,96898,3,,3
update,96880,96905,96908,3,,4
update,96891,96917,96920,3,,5
update,96902,96928,96932,4,,6
update,96913,96939,96941,2,,7
update,96924,96948,96951,3,,8
inbound,97000,97026,97029,3,,10
update,97000,97026,97029,3,,9
update,97011,97037,97039,2,,11
update,97022,97047,97050,3,,12
inbound,97025,97051,97054,3,,13
update,97033,97059,97062,3,,14
update,97044,97070,97073,3,,15
update,97055,97081,97084,3,,0
update,97066,97092,97095,3,,1
update,97077,97103,97106,3,,2
update,97088,97114,97118,4,,3
inbound,97100,97125,97130,5,,5
update,97099,97125,97130,5,,4
update,97110,97136,97139,3,,6
update,97121,97147,97150,3,,7
update,97132,97158,97161,3,,8
update,97143,97169,97172,3,,9
inbound,97155,97180,97183,3,,11
update,97154,97180,97184,4,,10
update,97165,97190,97193,3,,12
update,97176,97202,97205,3,,13
update,97187,97213,97216,3,,14
update,97198,97224,97227,3,,15
inbound,97200,97226,97229,3,,0
inbound,97210,97235,97238,3,,2
update,97209,97235,97238,3,,1
update,97220,97245,97248,3,,3
inbound,97225,97251,97253,2,,4
update,97231,97257,97259,2,,5
update,97242,97268,97271,3,,6
update,97253,97279,97281,2,,7
update,97264,97290,97292,2,,8
inbound,97265,97291,97293,2,,9
update,97275,97301,97303,2,,10
update,97286,97311,97315,4,,11
update,97297,97323,97325,2,,12
update,97308,97334,97336,2,,13
inbound,97320,97345,97349,4,,15
update,97319,97345,97349,4,,14
update,97330,97356,97359,3,,0
update,97341,97367,97369,2,,1
update,97352,97377,97380,3,,2
update,97363,97388,97391,3,,3
inbound,97375,97399,97402,3,,5
update,97374,97399,97402,3,,4
update,97385,97411,97413,2,,6
update,97396,97421,97424,3,,7
inbound,97400,97425,97428,3,,8
update,97407,97433,97436,3,,9
update,97418,97443,97446,3,,10
inbound,97425,97451,97453,2,,11
update,97429,97455,97458,3,,12
inbound,97430,97455,97458,3,,13
update,97440,97466,97469,3,,14
update,97451,97477,97479,2,,15
update,97462,97487,97490,3,,0
update,97473,97499,97502,3,,1
update,97484,97510,97513,3,,2
inbound,97485,97510,97513,3,,3
update,97495,97520,97523,3,,4
update,97506,97532,97535,3,,5
update,97517,97542,97545,3,,6
update,97528,97554,97557,3,,7
inbound,97540,97565,97568,3,,9
update,97539,97565,97568,3,,8
update,97550,97576,97578,2,,10
update,97561,97587,97589,2,,11
update,97572,97596,97599,3,,12
update,97583,97609,97612,3,,13
update,97594,97620,97623,3,,14
inbound,97595,97620,97624,4,,15
update,97605,97631,97634,3,,0
update,97616,97641,97644,3,,1
update,97627,97652,97655,3,,2
update,97638,97664,97667,3,,3
update,97649,97675,97678,3,,4
inbound,97650,97676,97679,3,,5
update,97660,97685,97688,3,,6
update,97671,97697,97700,3,,7
update,97682,97708,97711,3,,8
update,97693,97719,97721,2,,9
update,97704,97730,97733,3,,10
inbound,97705,97730,97733,3,,11
update,97715,97741,97745,4,,12
update,97726,97752,97756,4,,13
update,97737,97763,97765,2,,14
update,97748,97774,97776,2,,15
update,97759,97784,97788,4,,0
inbound,97760,97786,97788,2,,1
update,97770,97795,97797,2,,2
update,97781,97807,97809,2,,3
update,97792,97818,97822,4,,4
update,97803,97829,97832,3,,5
inbound,97815,97841,97843,2,,7
update,97814,97839,97843,4,,6
update,97825,97851,97855,4,,8
update,97836,97862,97865,3,,9
update,97847,97873,97875,2,,10
update,97858,97884,97888,4,,11
update,97869,97895,97899,4,,12
update,97880,97906,97911,5,,13
update,97891,97916,97921,5,,14
update,97902,97927,97931,4,,15
update,97913,97938,97942,4,,0
update,97924,97950,97953,3,,1
inbound,98000,98026,98030,4,,3
update,98000,98026,98030,4,,2
update,98011,98037,98040,3,,4
update,98022,98047,98050,3,,5
inbound,98025,98050,98053,3,,6
update,98033,98059,98061,2,,7
update,98044,98070,98073,3,,8
update,98055,98081,98084,3,,9
update,98066,98091,98094,3,,10
update,98077,98103,98106,3,,11
update,98088,98114,98118,4,,12
update,98099,98125,98128,3,,13
inbound,98100,98127,98131,4,,14
update,98110,98135,98139,4,,15
update,98121,98147,98150,3,,0
update,98132,98158,98161,3,,1
update,98143,98168,98171,3,,2
update,98154,98180,98184,4,,3
inbound,98155,98181,98185,4,,4
update,98165,98191,98194,3,,5
update,98176,98202,98204,2,,6
update,98187,98212,98215,3,,7
update,98198,98224,98228,4,,8
inbound,98200,98226,98229,3,,9
update,98209,98235,98239,4,,10
inbound,98210,98235,98239,4,,11
update,98220,98246,98249,3,,12
inbound,98225,98251,98254,3,,13
update,98231,98257,98260,3,,14
update,98242,98268,98271,3,,15
update,98253,98279,98282,3,,0
update,98264,98289,98293,4,,1
inbound,98265,98291,98294,3,,2
update,98275,98301,98304,3,,3
update,98286,98312,98314,2,,4
update,98297,98323,98326,3,,5
update,98308,98333,98338,5,,6
update,98319,98344,98348,4,,7
inbound,98320,98346,98350,4,,8
update,98330,98356,98359,3,,9
update,98341,98366,98369,3,,10
update,98352,98378,98381,3,,11
update,98363,98389,98392,3,,12
update,98374,98400,98403,3,,13
inbound,98375,98401,98404,3,,14
update,98385,98411,98413,2,,15
update,98396,98422,98425,3,,0
inbound,98400,98425,98429,4,,1
update,98407,98433,98436,3,,2
update,98418,98444,98447,3,,3
inbound,98425,98451,98453,2,,4
update,98429,98454,98457,3,,5
inbound,98430,98455,98458,3,,6
update,98440,98466,98469,3,,7
update,98451,98476,98479,3,,8
update,98462,98488,98490,2,,9
update,98473,98499,98502,3,,10
update,98484,98510,98513,3,,11
inbound,98485,98511,98515,4,,12
update,98495,98520,98523,3,,13
update,98506,98531,98534,3,,14
update,98517,98543,98547,4,,15
update,98528,98553,98556,3,,0
update,98539,98564,98569,5,,1
inbound,98540,98566,98569,3,,2
update,98550,98575,98579,4,,3
update,98561,98586,98589,3,,4
update,98572,98597,98600,3,,5
update,98583,98609,98612,3,,6
update,98594,98620,98623,3,,7
inbound,98595,98621,98625,4,,8
update,98605,98629,98632,3,,9
update,98616,98642,98644,2,,10
update,98627,98653,98656,3,,11
update,98638,98664,98667,3,,12
inbound,98650,98675,98679,4,,14
update,98649,98675,98679,4,,13
update,98660,98686,98689,3,,15
update,98671,98697,98700,3,,0
update,98682,98708,98711,3,,1
update,98693,98719,98722,3,,2
update,98704,98730,98733,3,,3
inbound,98705,98731,98734,3,,4
update,98715,98740,98743,3,,5
update,98726,98751,98757,6,,6
update,98737,98762,98768,6,,7
update,98748,98774,98777,3,,8
update,98759,98785,98789,4,,9
inbound,98760,98786,98789,3,,10
update,98770,98796,98799,3,,11
update,98781,98806,98810,4,,12
update,98792,98817,98820,3,,13
update,98803,98829,98832,3,,14
inbound,98815,98840,98843,3,,0
update,98814,98839,98843,4,,15
update,98825,98850,98853,3,,1
update,98836,98862,98865,3,,2
update,98847,98872,98875,3,,3
update,98858,98884,98888,4,,4
update,98869,98895,98898,3,,5
update,98880,98905,98908,3,,6
update,98891,98917,98921,4,,7
update,98902,98928,98933,5,,8
update,98913,98939,98942,3,,9
update,98924,98950,98953,3,,10
update,99000,99026,99030,4,,11
inbound,99000,99026,99031,5,,12
update,99011,99037,99042,5,,13
update,99022,99047,99051,4,,14
inbound,99025,99051,99054,3,,15
update,99033,99059,99063,4,,0
update,99044,99069,99073,4,,1
update,99055,99081,99086,5,,2
update,99066,99092,99095,3,,3
update,99077,99103,99106,3,,4
update,99088,99114,99117,3,,5
update,99099,99125,99129,4,,6
inbound,99100,99126,99131,5,,7
update,99110,99136,99140,4,,8
update,99121,99147,99151,4,,9
update,99132,99158,99162,4,,10
update,99143,99169,99171,2,,11
update,99154,99179,99183,4,,12
inbound,99155,99180,99184,4,,13
update,99165,99191,99193,2,,14
update,99176,99202,99205,3,,15
update,99187,99213,99216,3,,0
update,99198,99222,99225,3,,1
inbound,99200,99226,99228,2,,2
update,99209,99234,99238,4,,3
inbound,99210,99235,99239,4,,4
update,99220,99245,99248,3,,5
inbound,99225,99250,99253,3,,6
update,99231,99256,99260,4,,7
update,99242,99267,99270,3,,8
update,99253,99279,99281,2,,9
update,99264,99290,99293,3,,10
inbound,99265,99291,99294,3,,11
update,99275,99301,99304,3,,12
update,99286,99311,99314,3,,13
update,99297,99322,99325,3,,14
update,99308,99333,99339,6,,15
update,99319,99345,99349,4,,0
inbound,99320,99345,99349,4,,1
update,99330,99355,99358,3,,2
update,99341,99366,99369,3,,3
update,99352,99378,99381,3,,4
update,99363,99389,99391,2,,5
update,99374,99400,99404,4,,6
inbound,99375,99400,99404,4,,7
update,99385,99411,99414,3,,8
update,99396,99422,99424,2,,9
inbound,99400,99425,99428,3,,10
update,99407,99433,99436,3,,11
update,99418,99444,99447,3,,12
inbound,99425,99451,99454,3,,13
update,99429,99455,99458,3,,14
inbound,99430,99456,99459,3,,15
update,99440,99465,99468,3,,0
update,99451,99476,99479,3,,1
update,99462,99487,99491,4,,2
update,99473,99499,99502,3,,3
update,99484,99509,99513,4,,4
inbound,99485,99510,99514,4,,5
update,99495,99520,99523,3,,6
update,99506,99531,99534,3,,7
update,99517,99542,99545,3,,8
update,99528,99553,99556,3,,9
update,99539,99565,99568,3,,10
inbound,99540,99566,99569,3,,11
update,99550,99576,99579,3,,12
update,99561,99587,99590,3,,13
update,99572,99597,99600,3,,14
update,99583,99609,99612,3,,15
update,99594,99619,99622,3,,0
inbound,99595,99621,99624,3,,1
update,99605,99631,99634,3,,2
update,99616,99642,99645,3,,3
update,99627,99653,99655,2,,4
update,99638,99663,99667,4,,5
update,99649,99674,99677,3,,6
inbound,99650,99676,99679,3,,7
update,99660,99686,99689,3,,8
update,99671,99697,99700,3,,9
update,99682,99708,99711,3,,10
update,99693,99719,99721,2,,11
update,99704,99729,99733,4,,12
inbound,99705,99730,99733,3,,13
update,99715,99741,99744,3,,14
update,99726,99752,99756,4,,15
update,99737,99763,99767,4,,0
update,99748,99774,99777,3,,1
update,99759,99784,99787,3,,2
inbound,99760,99785,99788,3,,3
update,99770,99795,99798,3,,4
update,99781,99807,99810,3,,5
update,99792,99818,99821,3,,6
update,99803,99829,99832,3,,7
update,99814,99840,99843,3,,8
inbound,99815,99840,99843,3,,9
update,99825,99851,99853,2,,10
update,99836,99862,99865,3,,11
update,99847,99873,99876,3,,12
update,99858,99883,99887,4,,13
update,99869,99895,99898,3,,14
update,99880,99906,99908,2,,15
update,99891,99917,99920,3,,0
update,99902,99928,99930,2,,1
update,99913,99939,99942,3,,2
update,99924,99949,99952,3,,3
update,100000,100028,100030,2,,4
inbound,100000,100028,100031,3,,5
update,100011,100039,100043,4,,6
update,100022,100050,100053,3,,7
inbound,100025,100052,100055,3,,8
update,100033,100060,100064,4,,9
update,100044,100071,100074,3,,10
update,100055,100083,100086,3,,11
update,100066,100094,100098,4,,12
update,100077,100105,100108,3,,13
update,100088,100115,100119,4,,14
inbound,100100,100128,100131,3,,0
update,100099,100127,100132,5,,15
update,100110,100138,100143,5,,1
update,100121,100149,100152,3,,2
update,100132,100160,100163,3,,3
update,100143,100170,100174,4,,4
update,100154,100182,100185,3,,5
inbound,100155,100183,100186,3,,6
update,100165,100192,100196,4,,7
update,100176,100204,100207,3,,8
update,100187,100214,100217,3,,9
update,100198,100226,100230,4,,10
inbound,100200,100227,100231,4,,11
update,100209,100237,100240,3,,12
inbound,100210,100238,100241,3,,13
update,100220,100248,100250,2,,14
inbound,100225,100253,100256,3,,15
update,100231,100258,100261,3,,0
update,100242,100270,100273,3,,1
update,100253,100281,100284,3,,2
inbound,100265,100291,100296,5,,4
update,100264,100291,100296,5,,3
update,100275,100303,100306,3,,5
update,100286,100314,100317,3,,6
update,100297,100325,100328,3,,7
update,100308,100335,100339,4,,8
update,100319,100347,100351,4,,9
inbound,100320,100348,100351,3,,10
update,100330,100357,100360,3,,11
update,100341,100369,100372,3,,12
update,100352,100380,100383,3,,13
update,100363,100391,100394,3,,14
update,100374,100401,100405,4,,15
inbound,100375,100403,100406,3,,0
update,100385,100413,100416,3,,1
update,100396,100424,100427,3,,2
inbound,100400,100428,100431,3,,3
update,100407,100435,100438,3,,4
update,100418,100446,100449,3,,5
inbound,100425,100453,100455,2,,6
update,100429,100456,100459,3,,7
inbound,100430,100458,100461,3,,8
update,100440,100468,100471,3,,9
update,100451,100479,100482,3,,10
update,100462,100490,100493,3,,11
update,100473,100500,100503,3,,12
update,100484,100512,100515,3,,13
inbound,100485,100512,100516,4,,14
update,100495,100523,100526,3,,15
update,100506,100534,100537,3,,0
update,100517,100545,100548,3,,1
update,100528,100555,100558,3,,2
update,100539,100567,100570,3,,3
inbound,100540,100568,100571,3,,4
update,100550,100578,100581,3,,5
update,100561,100589,100591,2,,6
update,100572,100600,100603,3,,7
update,100583,100611,100613,2,,8
update,100594,100622,100625,3,,9
inbound,100595,100622,100625,3,,10
update,100605,100632,100635,3,,11
update,100616,100643,100647,4,,12
update,100627,100654,100658,4,,13
update,100638,100666,100669,3,,14
update,100649,100677,100681,4,,15
inbound,100650,100678,100682,4,,0
update,100660,100687,100690,3,,1
update,100671,100699,100702,3,,2
update,100682,100710,100713,3,,3
update,100693,100720,100723,3,,4
update,100704,100732,100735,3,,5
inbound,100705,100733,100737,4,,6
update,100715,100743,100747,4,,7
update,100726,100754,100761,7,,8
update,100737,100765,100769,4,,9
update,100748,100775,100778,3,,10
update,100759,100787,100790,3,,11
inbound,100760,100788,100790,2,,12
update,100770,100798,100800,2,,13
update,100781,100808,100811,3,,14
update,100792,100820,100822,2,,15
update,100803,100831,100834,3,,0
inbound,100815,100843,100845,2,,2
update,100814,100842,100845,3,,1
update,100825,100853,100856,3,,3
update,100836,100863,100866,3,,4
update,100847,100875,100878,3,,5
update,100858,100886,100890,4,,6
update,100869,100896,100899,3,,7
update,100880,100908,100911,3,,8
update,100891,100918,100921,3,,9
update,100902,100930,100932,2,,10
update,100913,100940,100943,3,,11
update,100924,100951,100954,3,,12
update,101000,101028,101030,2,,13
inbound,101000,101028,101031,3,,14
update,101011,101039,101042,3,,15
update,101022,101049,101052,3,,0
inbound,101025,101053,101055,2,,1
update,101033,101060,101062,2,,2
update,101044,101071,101074,3,,3
update,101055,101082,101085,3,,4
update,101066,101093,101097,4,,5
update,101077,101105,101108,3,,6
update,101088,101116,101118,2,,7
update,101099,101127,101129,2,,8
inbound,101100,101127,101130,3,,9
update,101110,101138,101140,2,,10
update,101121,101149,101151,2,,11
update,101132,101159,101161,2,,12
update,101143,101170,101173,3,,13
update,101154,101182,101185,3,,14
inbound,101155,101182,101186,4,,15
update,101165,101193,101196,3,,0
update,101176,101203,101207,4,,1
update,101187,101215,101218,3,,2
update,101198,101226,101229,3,,3
inbound,101200,101228,101231,3,,4
update,101209,101237,101240,3,,5
inbound,101210,101238,101241,3,,6
update,101220,101248,101250,2,,7
inbound,101225,101252,101255,3,,8
update,101231,101259,101262,3,,9
update,101242,101270,101273,3,,10
update,101253,101281,101284,3,,11
update,101264,101292,101295,3,,12
inbound,101265,101292,101295,3,,13
update,101275,101302,101305,3,,14
update,101286,101314,101317,3,,15
update,101297,101325,101328,3,,0
update,101308,101335,101338,3,,1
update,101319,101346,101348,2,,2
inbound,101320,101348,101351,3,,3
update,101330,101358,101361,3,,4
update,101341,101369,101372,3,,5
update,101352,101380,101383,3,,6
update,101363,101391,101394,3,,7
update,101374,101402,101405,3,,8
inbound,101375,101403,101406,3,,9
update,101385,101412,101415,3,,10
update,101396,101424,101427,3,,11
inbound,101400,101428,101431,3,,12
update,101407,101435,101438,3,,13
update,101418,101445,101448,3,,14
inbound,101425,101453,101456,3,,15
inbound,101430,101457,101460,3,,1
update,101429,101457,101460,3,,0
update,101440,101467,101470,3,,2
update,101451,101479,101482,3,,3
update,101462,101490,101493,3,,4
update,101473,101501,101504,3,,5
update,101484,101512,101515,3,,6
inbound,101485,101513,101516,3,,7
update,101495,101522,101525,3,,8
update,101506,101533,101536,3,,9
update,101517,101545,101548,3,,10
update,101528,101556,101560,4,,11
update,101539,101567,101570,3,,12
inbound,101540,101567,101571,4,,13
update,101550,101578,101582,4,,14
update,101561,101589,101593,4,,15
update,101572,101600,101604,4,,0
update,101583,101611,101614,3,,1
inbound,101595,101623,101627,4,,3
update,101594,101622,101627,5,,2
update,101605,101633,101636,3,,4
update,101616,101644,101647,3,,5
update,101627,101655,101658,3,,6
update,101638,101666,101669,3,,7
inbound,101650,101677,101680,3,,9
update,101649,101677,101680,3,,8
update,101660,101688,101690,2,,10
update,101671,101698,101701,3,,11
update,101682,101710,101713,3,,12
update,101693,101721,101724,3,,13
update,101704,101732,101735,3,,14
inbound,101705,101732,101735,3,,15
update,101715,101743,101746,3,,0
update,101726,101754,101757,3,,1
update,101737,101765,101768,3,,2
update,101748,101776,101779,3,,3
inbound,101760,101788,101790,2,,5
update,101759,101787,101791,4,,4
update,101770,101797,101800,3,,6
update,101781,101808,101812,4,,7
update,101792,101820,101823,3,,8
update,101803,101831,101834,3,,9
inbound,101815,101842,101844,2,,11
update,101814,101842,101845,3,,10
update,101825,101852,101855,3,,12
update,101836,101864,101867,3,,13
update,101847,101875,101878,3,,14
update,101858,101886,101889,3,,15
update,101869,101897,101900,3,,0
update,101880,101908,101910,2,,1
update,101891,101919,101921,2,,2
update,101902,101929,101931,2,,3
update,101913,101941,101943,2,,4
update,101924,101952,101955,3,,5
inbound,102000,102028,102031,3,,7
update,102000,102028,102031,3,,6
update,102011,102038,102041,3,,8
update,102022,102050,102053,3,,9
inbound,102025,102053,102056,3,,10
update,102033,102060,102063,3,,11
update,102044,102072,102075,3,,12
update,102055,102083,102086,3,,13
update,102066,102094,102098,4,,14
update,102077,102105,102108,3,,15
update,102088,102116,102119,3,,0
update,102099,102127,102131,4,,1
inbound,102100,102127,102131,4,,2
update,102110,102138,102140,2,,3
update,102121,102148,102151,3,,4
update,102132,102159,102162,3,,5
update,102143,102171,102174,3,,6
update,102154,102182,102186,4,,7
inbound,102155,102182,102186,4,,8
update,102165,102192,102198,6,,9
update,102176,102204,102208,4,,10
update,102187,102215,102218,3,,11
update,102198,102226,102231,5,,12
inbound,102200,102228,102232,4,,13
update,102209,102237,102241,4,,14
inbound,102210,102238,102242,4,,15
update,102220,102248,102252,4,,0
inbound,102225,102253,102256,3,,1
update,102231,102259,102262,3,,2
update,102242,102270,102273,3,,3
update,102253,102280,102283,3,,4
update,102264,102292,102296,4,,5
inbound,102265,102292,102296,4,,6
update,102275,102303,102307,4,,7
update,102286,102314,102317,3,,8
update,102297,102324,102328,4,,9
update,102308,102336,102339,3,,10
update,102319,102347,102351,4,,11
inbound,102320,102347,102352,5,,12
update,102330,102358,102361,3,,13
update,102341,102369,102372,3,,14
update,102352,102380,102383,3,,15
update,102363,102391,102397,6,,0
update,102374,102402,102406,4,,1
inbound,102375,102403,102406,3,,2
update,102385,102413,102416,3,,3
update,102396,102424,102427,3,,4
inbound,102400,102427,102430,3,,5
update,102407,102434,102438,4,,6
update,102418,102446,102451,5,,7
inbound,102425,102453,102456,3,,8
update,102429,102456,102460,4,,9
inbound,102430,102457,102461,4,,10
update,102440,102468,102471,3,,11
update,102451,102479,102482,3,,12
update,102462,102489,102492,3,,13
update,102473,102500,102503,3,,14
update,102484,102512,102515,3,,15
inbound,102485,102513,102516,3,,0
update,102495,102523,102526,3,,1
update,102506,102534,102537,3,,2
update,102517,102545,102549,4,,3
update,102528,102556,102559,3,,4
update,102539,102566,102568,2,,5
inbound,102540,102568,102571,3,,6
update,102550,102578,102581,3,,7
update,102561,102589,102593,4,,8
update,102572,102598,102602,4,,9
update,102583,102611,102614,3,,10
update,102594,102622,102625,3,,11
inbound,102595,102623,102626,3,,12
update,102605,102633,102636,3,,13
update,102616,102644,102646,2,,14
update,102627,102655,102658,3,,15
update,102638,102666,102668,2,,0
update,102649,102676,102680,4,,1
inbound,102650,102677,102681,4,,2
update,102660,102687,102690,3,,3
update,102671,102699,102701,2,,4
update,102682,102710,102713,3,,5
update,102693,102721,102724,3,,6
update,102704,102732,102735,3,,7
inbound,102705,102733,102736,3,,8
update,102715,102742,102746,4,,9
update,102726,102753,102756,3,,10
update,102737,102765,102778,13,,11
update,102748,102776,102783,7,,12
update,102759,102786,102790,4,,13
inbound,102760,102788,102793,5,,14
update,102770,102798,102806,8,,15
update,102781,102809,102814,5,,0
update,102792,102820,102827,7,,1
update,102803,102831,102834,3,,2
inbound,102815,102843,102845,2,,4
update,102814,102842,102845,3,,3
update,102825,102852,102857,5,,5
update,102836,102864,102867,3,,6
update,102847,102875,102877,2,,7
update,102858,102885,102889,4,,8
update,102869,102896,102900,4,,9
update,102880,102908,102911,3,,10
update,102891,102918,102922,4,,11
update,102902,102929,102932,3,,12
update,102913,102941,102944,3,,13
update,102924,102952,102955,3,,14
inbound,103000,103027,103030,3,,0
update,103000,103027,103033,6,,15
update,103011,103039,103042,3,,1
update,103022,103050,103054,4,,2
inbound,103025,103052,103056,4,,3
update,103033,103060,103064,4,,4
update,103044,103071,103076,5,,5
update,103055,103083,103087,4,,6
update,103066,103093,103098,5,,7
update,103077,103105,103111,6,,8
update,103088,103115,103118,3,,9
update,103099,103127,103130,3,,10
inbound,103100,103128,103131,3,,11
update,103110,103138,103141,3,,12
update,103121,103149,103152,3,,13
update,103132,103160,103163,3,,14
update,103143,103170,103173,3,,15
update,103154,103181,103185,4,,0
inbound,103155,103182,103186,4,,1
update,103165,103192,103196,4,,2
update,103176,103204,103207,3,,3
update,103187,103215,103219,4,,4
update,103198,103226,103228,2,,5
inbound,103200,103228,103231,3,,6
update,103209,103237,103240,3,,7
inbound,103210,103238,103242,4,,8
update,103220,103248,103251,3,,9
inbound,103225,103253,103255,2,,10
update,103231,103259,103262,3,,11
update,103242,103269,103272,3,,12
update,103253,103281,103284,3,,13
update,103264,103292,103296,4,,14
inbound,103265,103292,103296,4,,15
update,103275,103303,103305,2,,0
update,103286,103314,103317,3,,1
update,103297,103324,103328,4,,2
update,103308,103336,103339,3,,3
update,103319,103347,103351,4,,4
inbound,103320,103347,103351,4,,5
update,103330,103358,103361,3,,6
update,103341,103369,103372,3,,7
update,103352,103380,103382,2,,8
update,103363,103391,103394,3,,9
update,103374,103402,103406,4,,10
inbound,103375,103402,103406,4,,11
update,103385,103413,103416,3,,12
update,103396,103424,103428,4,,13
inbound,103400,103428,103431,3,,14
update,103407,103435,103438,3,,15
update,103418,103446,103449,3,,0
inbound,103425,103453,103456,3,,1
update,103429,103456,103460,4,,2
inbound,103430,103458,103461,3,,3
update,103440,103468,103471,3,,4
update,103451,103478,103482,4,,5
update,103462,103490,103493,3,,6
update,103473,103501,103504,3,,7
update,103484,103510,103514,4,,8
inbound,103485,103513,103518,5,,9
update,103495,103522,103525,3,,10
update,103506,103533,103538,5,,11
update,103517,103545,103549,4,,12
update,103528,103555,103558,3,,13
update,103539,103567,103571,4,,14
inbound,103540,103568,103571,3,,15
update,103550,103577,103581,4,,0
update,103561,103588,103591,3,,1
update,103572,103599,103602,3,,2
update,103583,103611,103614,3,,3
update,103594,103621,103629,8,,4
inbound,103595,103623,103629,6,,5
update,103605,103633,103636,3,,6
update,103616,103643,103647,4,,7
update,103627,103655,103659,4,,8
update,103638,103665,103668,3,,9
update,103649,103676,103679,3,,10
inbound,103650,103678,103681,3,,11
update,103660,103688,103691,3,,12
update,103671,103699,103703,4,,13
update,103682,103710,103713,3,,14
update,103693,103720,103724,4,,15
inbound,103705,103733,103738,5,,1
update,103704,103732,103738,6,,0
update,103715,103743,103747,4,,2
update,103726,103754,103757,3,,3
update,103737,103765,103768,3,,4
update,103748,103778,103789,11,,5
inbound,103760,103787,103789,2,,7
update,103759,103787,103793,6,,6
update,103770,103797,103800,3,,8
update,103781,103809,103812,3,,9
update,103792,103820,103823,3,,10
update,103803,103831,103834,3,,11
update,103814,103842,103845,3,,12
inbound,103815,103843,103846,3,,13
update,103825,103853,103855,2,,14
update,103836,103864,103866,2,,15
update,103847,103875,103877,2,,0
update,103858,103886,103889,3,,1
update,103869,103896,103899,3,,2
update,103880,103908,103911,3,,3
update,103891,103919,103922,3,,4
update,103902,103930,103933,3,,5
update,103913,103941,103943,2,,6
update,103924,103952,103955,3,,7
update,104000,104027,104031,4,,8
inbound,104000,104034,104037,3,,9
update,104011,104039,104042,3,,10
update,104022,104050,104052,2,,11
inbound,104025,104059,104063,4,,12
update,104033,104061,104064,3,,13
update,104044,104072,104075,3,,14
update,104055,104083,104087,4,,15
update,104066,104094,104097,3,,0
update,104077,104105,104107,2,,1
update,104088,104115,104119,4,,2
update,104099,104127,104130,3,,3
inbound,104100,104135,104137,2,,4
update,104110,104138,104140,2,,5
update,104121,104149,104152,3,,6
update,104132,104159,104163,4,,7
update,104143,104170,104173,3,,8
update,104154,104182,104185,3,,9
inbound,104155,104189,104192,3,,10
update,104165,104193,104197,4,,11
update,104176,104204,104208,4,,12
update,104187,104215,104219,4,,13
update,104198,104225,104230,5,,14
inbound,104200,104235,104241,6,,15
update,104209,104236,104241,5,,0
inbound,104210,104245,104250,5,,1
update,104220,104248,104253,5,,2
update,104231,104259,104263,4,,3
inbound,104225,104260,104266,6,,4
update,104242,104270,104275,5,,5
update,104253,104281,104285,4,,6
update,104264,104292,104296,4,,7
inbound,104265,104299,104306,7,,8
update,104275,104303,104306,3,,9
update,104286,104313,104317,4,,10
update,104297,104324,104328,4,,11
update,104308,104336,104340,4,,12
update,104319,104347,104350,3,,13
inbound,104320,104354,104357,3,,14
update,104330,104358,104360,2,,15
update,104341,104369,104372,3,,0
update,104352,104378,104381,3,,1
update,104363,104391,104394,3,,2
update,104374,104402,104404,2,,3
inbound,104375,104410,104413,3,,4
update,104385,104413,104416,3,,5
update,104396,104424,104426,2,,6
update,104407,104435,104438,3,,7
inbound,104400,104435,104438,3,,8
update,104418,104445,104448,3,,9
update,104429,104457,104461,4,,10
inbound,104425,104460,104464,4,,11
inbound,104430,104465,104470,5,,12
update,104440,104467,104472,5,,13
update,104451,104479,104482,3,,14
update,104462,104490,104493,3,,15
update,104473,104500,104503,3,,0
update,104484,104512,104515,3,,1
inbound,104485,104521,104524,3,,2
update,104495,104523,104526,3,,3
update,104506,104534,104537,3,,4
update,104517,104545,104547,2,,5
update,104528,104556,104558,2,,6
update,104539,104567,104570,3,,7
inbound,104540,104576,104578,2,,8
update,104550,104578,104581,3,,9
update,104561,104589,104592,3,,10
update,104572,104600,104602,2,,11
update,104583,104610,104614,4,,12
update,104594,104620,104623,3,,13
inbound,104595,104631,104634,3,,14
update,104605,104634,104636,2,,15
update,104616,104650,104652,2,,0
update,104627,104661,104664,3,,1
update,104638,104673,104676,3,,2
update,104649,104683,104686,3,,3
inbound,104650,104686,104688,2,,4
update,104660,104694,104698,4,,5
update,104671,104705,104708,3,,6
update,104682,104717,104720,3,,7
update,104693,104728,104733,5,,8
update,104704,104739,104743,4,,9
inbound,104705,104741,104744,3,,10
update,104715,104750,104753,3,,11
update,104726,104761,104764,3,,12
update,104737,104772,104775,3,,13
update,104748,104782,104789,7,,14
inbound,104760,104795,104799,4,,0
update,104759,104794,104799,5,,15
update,104770,104804,104807,3,,1
update,104781,104816,104818,2,,2
update,104792,104826,104829,3,,3
update,104803,104838,104842,4,,4
update,104814,104849,104852,3,,5
inbound,104815,104851,104853,2,,6
update,104825,104860,104862,2,,7
update,104836,104871,104874,3,,8
update,104847,104882,104885,3,,9
update,104858,104893,104896,3,,10
update,104869,104904,104908,4,,11
update,104880,104915,104918,3,,12
update,104891,104926,104929,3,,13
update,104902,104936,104939,3,,14
update,104913,104947,104951,4,,15
update,104924,104959,104962,3,,0
inbound,105000,105036,105039,3,,2
update,105000,105035,105039,4,,1
update,105011,105047,105050,3,,3
update,105022,105058,105063,5,,4
inbound,105025,105061,105064,3,,5
update,105033,105069,105072,3,,6
update,105044,105080,105082,2,,7
update,105055,105091,105093,2,,8
update,105066,105102,105104,2,,9
update,105077,105113,105115,2,,10
update,105088,105123,105127,4,,11
update,105099,105135,105138,3,,12
inbound,105100,105135,105138,3,,13
update,105110,105146,105148,2,,14
update,105121,105157,105159,2,,15
update,105132,105168,105170,2,,0
update,105143,105179,105181,2,,1
update,105154,105190,105193,3,,2
inbound,105155,105190,105194,4,,3
update,105165,105201,105204,3,,4
update,105176,105212,105215,3,,5
update,105187,105223,105226,3,,6
update,105198,105234,105237,3,,7
inbound,105200,105236,105239,3,,8
inbound,105210,105244,105248,4,,10
update,105209,105244,105248,4,,9
update,105220,105256,105259,3,,11
inbound,105225,105261,105264,3,,12
update,105231,105267,105270,3,,13
update,105242,105278,105280,2,,14
update,105253,105289,105292,3,,15
update,105264,105299,105303,4,,0
inbound,105265,105301,105304,3,,1
update,105275,105311,105314,3,,2
update,105286,105322,105325,3,,3
update,105297,105333,105336,3,,4
update,105308,105344,105347,3,,5
update,105319,105355,105358,3,,6
inbound,105320,105356,105359,3,,7
update,105330,105365,105368,3,,8
update,105341,105376,105379,3,,9
update,105352,105388,105393,5,,10
update,105363,105399,105402,3,,11
inbound,105375,105410,105413,3,,13
update,105374,105410,105413,3,,12
update,105385,105421,105424,3,,14
update,105396,105432,105436,4,,15
inbound,105400,105436,105438,2,,0
update,105407,105442,105445,3,,1
update,105418,105454,105456,2,,2
inbound,105425,105461,105463,2,,3
update,105429,105464,105467,3,,4
inbound,105430,105465,105468,3,,5
update,105440,105476,105478,2,,6
update,105451,105487,105490,3,,7
update,105462,105498,105501,3,,8
update,105473,105509,105512,3,,9
inbound,105485,105520,105524,4,,11
update,105484,105520,105524,4,,10
update,105495,105531,105534,3,,12
update,105506,105541,105544,3,,13
update,105517,105553,105556,3,,14
update,105528,105564,105567,3,,15
inbound,105540,105575,105578,3,,1
update,105539,105575,105578,3,,0
update,105550,105586,105588,2,,2
update,105561,105596,105599,3,,3
update,105572,105608,105613,5,,4
update,105583,105618,105620,2,,5
update,105594,105628,105632,4,,6
inbound,105595,105631,105633,2,,7
update,105605,105641,105643,2,,8
update,105616,105652,105654,2,,9
update,105627,105663,105666,3,,10
update,105638,105674,105677,3,,11
inbound,105650,105685,105688,3,,13
update,105649,105685,105688,3,,12
update,105660,105696,105698,2,,14
update,105671,105707,105709,2,,15
update,105682,105717,105723,6,,0
update,105693,105729,105732,3,,1
update,105704,105740,105743,3,,2
inbound,105705,105740,105744,4,,3
update,105715,105751,105754,3,,4
update,105726,105762,105765,3,,5
update,105737,105773,105776,3,,6
update,105748,105784,105790,6,,7
inbound,105760,105796,105798,2,,9
update,105759,105795,105798,3,,8
update,105770,105806,105808,2,,10
update,105781,105817,105820,3,,11
update,105792,105828,105831,3,,12
update,105803,105839,105842,3,,13
update,105814,105849,105852,3,,14
inbound,105815,105851,105853,2,,15
update,105825,105861,105864,3,,0
update,105836,105872,105874,2,,1
update,105847,105883,105885,2,,2
update,105858,105894,105896,2,,3
update,105869,105905,105907,2,,4
update,105880,105916,105919,3,,5
update,105891,105927,105930,3,,6
update,105902,105937,105940,3,,7
update,105913,105948,105951,3,,8
update,105924,105959,105962,3,,9
inbound,106000,106036,106039,3,,11
update,106000,106036,106040,4,,10
update,106011,106046,106049,3,,12
update,106022,106057,106060,3,,13
inbound,106025,106060,106064,4,,14
update,106033,106069,106073,4,,15
update,106044,106080,106084,4,,0
update,106055,106091,106093,2,,1
update,106066,106102,106105,3,,2
update,106077,106113,106117,4,,3
update,106088,106124,106127,3,,4
update,106099,106135,106139,4,,5
inbound,106100,106136,106139,3,,6
update,106110,106146,106149,3,,7
update,106121,106157,106159,2,,8
update,106132,106168,106171,3,,9
update,106143,106179,106182,3,,10
update,106154,106190,106194,4,,11
inbound,106155,106191,106195,4,,12
update,106165,106200,106203,3,,13
update,106176,106212,106215,3,,14
update,106187,106222,106226,4,,15
update,106198,106234,106238,4,,0
inbound,106200,106236,106239,3,,1
update,106209,106245,106249,4,,2
inbound,106210,106246,106249,3,,3
update,106220,106255,106258,3,,4
inbound,106225,106261,106263,2,,5
update,106231,106267,106270,3,,6
update,106242,106278,106281,3,,7
update,106253,106288,106291,3,,8
inbound,106265,106300,106303,3,,10
update,106264,106300,106304,4,,9
update,106275,106311,106313,2,,11
update,106286,106322,106324,2,,12
update,106297,106333,106336,3,,13
update,106308,106344,106347,3,,14
update,106319,106354,106358,4,,15
inbound,106320,106355,106359,4,,0
update,106330,106366,106369,3,,1
update,106341,106376,106379,3,,2
update,106352,106388,106392,4,,3
update,106363,106399,106403,4,,4
update,106374,106410,106413,3,,5
inbound,106375,106411,106415,4,,6
update,106385,106420,106423,3,,7
update,106396,106432,106435,3,,8
inbound,106400,106435,106439,4,,9
update,106407,106443,106446,3,,10
update,106418,106454,106457,3,,11
inbound,106425,106461,106464,3,,12
update,106429,106465,106469,4,,13
inbound,106430,106466,106471,5,,14
update,106440,106475,106479,4,,15
update,106451,106486,106489,3,,0
update,106462,106497,106500,3,,1
update,106473,106509,106512,3,,2
update,106484,106520,106523,3,,3
inbound,106485,106521,106525,4,,4
update,106495,106530,106533,3,,5
update,106506,106542,106545,3,,6
update,106517,106553,106556,3,,7
update,106528,106563,106566,3,,8
update,106539,106574,106578,4,,9
inbound,106540,106576,106579,3,,10
update,106550,106585,106588,3,,11
update,106561,106597,106599,2,,12
update,106572,106607,106611,4,,13
update,106583,106619,106622,3,,14
update,106594,106630,106634,4,,15
inbound,106595,106631,106637,6,,0
update,106605,106640,106646,6,,1
update,106616,106651,106659,8,,2
update,106627,106663,106667,4,,3
update,106638,106674,106677,3,,4
update,106649,106686,106692,6,,5
inbound,106650,106686,106693,7,,6
update,106660,106696,106701,5,,7
update,106671,106707,106711,4,,8
update,106682,106717,106724,7,,9
update,106693,106729,106734,5,,10
update,106704,106740,106747,7,,11
inbound,106705,106741,106748,7,,12
update,106715,106750,106754,4,,13
update,106726,106762,106768,6,,14
update,106737,106772,106776,4,,15
update,106748,106783,106787,4,,0
inbound,106760,106795,106798,3,,2
update,106759,106795,106800,5,,1
update,106770,106806,106810,4,,3
update,106781,106816,106819,3,,4
update,106792,106828,106831,3,,5
update,106803,106839,106842,3,,6
inbound,106815,106850,106852,2,,8
update,106814,106849,106855,6,,7
update,106825,106860,106863,3,,9
update,106836,106871,106875,4,,10
update,106847,106883,106886,3,,11
update,106858,106893,106896,3,,12
update,106869,106905,106907,2,,13
update,106880,106915,106918,3,,14
update,106891,106927,106933,6,,15
update,106902,106938,106941,3,,0
update,106913,106949,106952,3,,1
update,106924,106959,106962,3,,2
inbound,107000,107035,107038,3,,4
update,107000,107035,107039,4,,3
update,107011,107047,107050,3,,5
update,107022,107057,107060,3,,6
inbound,107025,107060,107063,3,,7
update,107033,107068,107071,3,,8
update,107044,107080,107083,3,,9
update,107055,107090,107093,3,,10
update,107066,107101,107104,3,,11
update,107077,107113,107116,3,,12
update,107088,107124,107127,3,,13
update,107099,107135,107139,4,,14
inbound,107100,107136,107140,4,,15
update,107110,107146,107149,3,,0
update,107121,107156,107159,3,,1
update,107132,107168,107172,4,,2
update,107143,107178,107182,4,,3
update,107154,107190,107194,4,,4
inbound,107155,107191,107195,4,,5
update,107165,107201,107205,4,,6
update,107176,107211,107214,3,,7
update,107187,107223,107226,3,,8
update,107198,107233,107236,3,,9
inbound,107200,107236,107239,3,,10
update,107209,107245,107248,3,,11
inbound,107210,107246,107249,3,,12
update,107220,107256,107259,3,,13
inbound,107225,107261,107265,4,,14
update,107231,107266,107269,3,,15
update,107242,107278,107281,3,,0
update,107253,107288,107291,3,,1
update,107264,107300,107303,3,,2
inbound,107265,107301,107305,4,,3
update,107275,107310,107313,3,,4
update,107286,107322,107325,3,,5
update,107297,107333,107337,4,,6
update,107308,107344,107346,2,,7
update,107319,107355,107357,2,,8
inbound,107320,107356,107359,3,,9
update,107330,107366,107369,3,,10
update,107341,107376,107379,3,,11
update,107352,107388,107390,2,,12
update,107363,107398,107401,3,,13
inbound,107375,107411,107414,3,,15
update,107374,107410,107414,4,,14
update,107385,107421,107424,3,,0
update,107396,107432,107435,3,,1
inbound,107400,107436,107439,3,,2
update,107407,107443,107446,3,,3
update,107418,107454,107457,3,,4
inbound,107425,107460,107463,3,,5
update,107429,107463,107467,4,,6
inbound,107430,107466,107470,4,,7
update,107440,107475,107478,3,,8
update,107451,107487,107489,2,,9
update,107462,107498,107501,3,,10
update,107473,107508,107511,3,,11
update,107484,107520,107524,4,,12
inbound,107485,107521,107525,4,,13
update,107495,107531,107533,2,,14
update,107506,107542,107544,2,,15
update,107517,107553,107556,3,,0
update,107528,107564,107567,3,,1
update,107539,107574,107578,4,,2
inbound,107540,107575,107579,4,,3
update,107550,107585,107588,3,,4
update,107561,107597,107600,3,,5
update,107572,107608,107611,3,,6
update,107583,107619,107622,3,,7
update,107594,107630,107634,4,,8
inbound,107595,107631,107634,3,,9
update,107605,107641,107644,3,,10
update,107616,107652,107654,2,,11
update,107627,107663,107666,3,,12
update,107638,107674,107676,2,,13
update,107649,107685,107688,3,,14
inbound,107650,107686,107690,4,,15
update,107660,107696,107698,2,,0
update,107671,107707,107710,3,,1
update,107682,107717,107721,4,,2
update,107693,107729,107732,3,,3
update,107704,107740,107743,3,,4
inbound,107705,107741,107744,3,,5
update,107715,107749,107752,3,,6
update,107726,107762,107765,3,,7
update,107737,107773,107776,3,,8
update,107748,107784,107787,3,,9
inbound,107760,107796,107798,2,,11
update,107759,107794,107799,5,,10
update,107770,107806,107809,3,,12
update,107781,107817,107820,3,,13
update,107792,107828,107831,3,,14
update,107803,107838,107841,3,,15
inbound,107815,107851,107854,3,,1
update,107814,107850,107854,4,,0
update,107825,107860,107863,3,,2
update,107836,107871,107874,3,,3
update,107847,107883,107886,3,,4
update,107858,107893,107896,3,,5
update,107869,107905,107908,3,,6
update,107880,107916,107919,3,,7
update,107891,107927,107932,5,,8
update,107902,107938,107942,4,,9
update,107913,107948,107954,6,,10
update,107924,107959,107962,3,,11
update,108000,108036,108039,3,,12
inbound,108000,108036,108044,8,,13
update,108011,108047,108051,4,,14
update,108022,108057,108061,4,,15
inbound,108025,108061,108065,4,,0
update,108033,108070,108072,2,,1
update,108044,108080,108083,3,,2
update,108055,108091,108094,3,,3
update,108066,108102,108105,3,,4
update,108077,108113,108116,3,,5
update,108088,108123,108126,3,,6
update,108099,108135,108138,3,,7
inbound,108100,108136,108140,4,,8
update,108110,108146,108149,3,,9
update,108121,108157,108159,2,,10
update,108132,108168,108170,2,,11
update,108143,108179,108181,2,,12
update,108154,108190,108193,3,,13
inbound,108155,108191,108195,4,,14
update,108165,108201,108203,2,,15
update,108176,108212,108215,3,,0
update,108187,108223,108226,3,,1
update,108198,108234,108237,3,,2
inbound,108200,108236,108239,3,,3
update,108209,108244,108247,3,,4
inbound,108210,108246,108249,3,,5
update,108220,108255,108258,3,,6
inbound,108225,108261,108264,3,,7
update,108231,108266,108268,2,,8
update,108242,108278,108281,3,,9
update,108253,108289,108292,3,,10
update,108264,108299,108302,3,,11
inbound,108265,108300,108304,4,,12
update,108275,108311,108314,3,,13
update,108286,108322,108324,2,,14
update,108297,108332,108336,4,,15
update,108308,108343,108346,3,,0
inbound,108320,108355,108358,3,,2
update,108319,108355,108359,4,,1
update,108330,108366,108369,3,,3
update,108341,108377,108380,3,,4
update,108352,108388,108391,3,,5
update,108363,108399,108402,3,,6
update,108374,108409,108412,3,,7
inbound,108375,108410,108415,5,,8
update,108385,108421,108424,3,,9
update,108396,108432,108435,3,,10
inbound,108400,108436,108438,2,,11
update,108407,108443,108446,3,,12
update,108418,108454,108457,3,,13
inbound,108425,108461,108464,3,,14
inbound,108430,108465,108468,3,,0
update,108429,108465,108468,3,,15
update,108440,108475,108479,4,,1
update,108451,108487,108489,2,,2
update,108462,108496,108500,4,,3
update,108473,108509,108512,3,,4
update,108484,108519,108522,3,,5
inbound,108485,108520,108524,4,,6
update,108495,108531,108533,2,,7
update,108506,108542,108545,3,,8
update,108517,108552,108556,4,,9
update,108528,108564,108566,2,,10
update,108539,108574,108578,4,,11
inbound,108540,108575,108579,4,,12
update,108550,108585,108588,3,,13
update,108561,108596,108599,3,,14
update,108572,108608,108612,4,,15
update,108583,108619,108622,3,,0
inbound,108595,108630,108633,3,,2
update,108594,108630,108633,3,,1
update,108605,108640,108643,3,,3
update,108616,108652,108655,3,,4
update,108627,108663,108666,3,,5
update,108638,108674,108676,2,,6
inbound,108650,108685,108688,3,,8
update,108649,108685,108688,3,,7
update,108660,108695,108697,2,,9
update,108671,108706,108710,4,,10
update,108682,108718,108720,2,,11
update,108693,108728,108732,4,,12
inbound,108705,108741,108744,3,,14
update,108704,108740,108744,4,,13
update,108715,108750,108753,3,,15
update,108726,108762,108765,3,,0
update,108737,108773,108776,3,,1
update,108748,108784,108786,2,,2
update,108759,108794,108797,3,,3
inbound,108760,108795,108797,2,,4
update,108770,108805,108811,6,,5
update,108781,108816,108821,5,,6
update,108792,108828,108831,3,,7
update,108803,108838,108841,3,,8
inbound,108815,108850,108853,3,,10
update,108814,108849,108853,4,,9
update,108825,108861,108863,2,,11
update,108836,108871,108874,3,,12
update,108847,108883,108886,3,,13
update,108858,108893,108897,4,,14
update,108869,108905,108907,2,,15
update,108880,108916,108918,2,,0
update,108891,108925,108929,4,,1
update,108902,108938,108941,3,,2
update,108913,108948,108951,3,,3
update,108924,108960,108963,3,,4
inbound,109000,109036,109039,3,,6
update,109000,109035,109039,4,,5
update,109011,109047,109050,3,,7
update,109022,109057,109060,3,,8
inbound,109025,109061,109064,3,,9
update,109033,109069,109071,2,,10
update,109044,109080,109082,2,,11
update,109055,109091,109093,2,,12
update,109066,109101,109103,2,,13
update,109077,109113,109115,2,,14
update,109088,109124,109127,3,,15
update,109099,109135,109139,4,,0
inbound,109100,109135,109139,4,,1
update,109110,109146,109149,3,,2
update,109121,109157,109160,3,,3
update,109132,109168,109171,3,,4
update,109143,109179,109182,3,,5
inbound,109155,109190,109193,3,,7
update,109154,109190,109194,4,,6
update,109165,109201,109204,3,,8
update,109176,109212,109214,2,,9
update,109187,109222,109225,3,,10
inbound,109200,109234,109237,3,,12
update,109198,109234,109237,3,,11
update,109209,109245,109248,3,,13
inbound,109210,109245,109248,3,,14
update,109220,109256,109259,3,,15
inbound,109225,109261,109264,3,,0
update,109231,109267,109269,2,,1
update,109242,109278,109280,2,,2
update,109253,109288,109291,3,,3
update,109264,109300,109303,3,,4
inbound,109265,109300,109303,3,,5
update,109275,109310,109313,3,,6
update,109286,109322,109325,3,,7
update,109297,109333,109336,3,,8
update,109308,109344,109346,2,,9
update,109319,109355,109358,3,,10
inbound,109320,109356,109359,3,,11
update,109330,109366,109369,3,,12
update,109341,109377,109380,3,,13
update,109352,109388,109391,3,,14
update,109363,109399,109402,3,,15
update,109374,109410,109413,3,,0
inbound,109375,109410,109413,3,,1
update,109385,109421,109424,3,,2
update,109396,109432,109435,3,,3
inbound,109400,109435,109437,2,,4
update,109407,109443,109446,3,,5
update,109418,109453,109456,3,,6
inbound,109425,109461,109464,3,,7
inbound,109430,109465,109468,3,,9
update,109429,109465,109468,3,,8
update,109440,109476,109480,4,,10
update,109451,109487,109489,2,,11
update,109462,109498,109500,2,,12
update,109473,109509,109512,3,,13
update,109484,109520,109523,3,,14
inbound,109485,109520,109523,3,,15
update,109495,109531,109534,3,,0
update,109506,109542,109544,2,,1
update,109517,109553,109556,3,,2
update,109528,109564,109567,3,,3
inbound,109540,109575,109578,3,,5
update,109539,109575,109578,3,,4
update,109550,109585,109588,3,,6
update,109561,109596,109599,3,,7
update,109572,109608,109611,3,,8
update,109583,109618,109621,3,,9
inbound,109595,109630,109633,3,,11
update,109594,109630,109633,3,,10
update,109605,109641,109643,2,,12
update,109616,109652,109654,2,,13
update,109627,109663,109665,2,,14
update,109638,109673,109676,3,,15
update,109649,109685,109688,3,,0
inbound,109650,109685,109688,3,,1
update,109660,109696,109698,2,,2
update,109671,109707,109709,2,,3
update,109682,109718,109721,3,,4
update,109693,109729,109732,3,,5
update,109704,109740,109743,3,,6
inbound,109705,109741,109744,3,,7
update,109715,109751,109753,2,,8
update,109726,109762,109765,3,,9
update,109737,109772,109775,3,,10
update,109748,109784,109787,3,,11
inbound,109760,109795,109797,2,,13
update,109759,109795,109798,3,,12
update,109770,109805,109808,3,,14
update,109781,109816,109819,3,,15
update,109792,109828,109831,3,,0
update,109803,109839,109842,3,,1
update,109814,109849,109852,3,,2
inbound,109815,109850,109853,3,,3
update,109825,109861,109864,3,,4
update,109836,109872,109874,2,,5
update,109847,109882,109885,3,,6
update,109858,109894,109897,3,,7
update,109869,109904,109907,3,,8
update,109880,109916,109919,3,,9
update,109891,109927,109930,3,,10
update,109902,109938,109940,2,,11
update,109913,109949,109951,2,,12
update,109924,109960,109963,3,,13
update,110000,110036,110039,3,,14
inbound,110000,110036,110040,4,,15
update,110011,110047,110050,3,,0
update,110022,110058,110061,3,,1
inbound,110025,110061,110063,2,,2
update,110033,110069,110072,3,,3
update,110044,110080,110082,2,,4
update,110055,110091,110094,3,,5
update,110066,110102,110105,3,,6
update,110077,110112,110115,3,,7
update,110088,110124,110127,3,,8
update,110099,110135,110139,4,,9
inbound,110100,110136,110139,3,,10
update,110110,110146,110149,3,,11
update,110121,110157,110160,3,,12
update,110132,110168,110172,4,,13
update,110143,110179,110183,4,,14
update,110154,110190,110193,3,,15
inbound,110155,110191,110194,3,,0
update,110165,110200,110203,3,,1
update,110176,110212,110214,2,,2
update,110187,110222,110225,3,,3
update,110198,110233,110236,3,,4
inbound,110200,110236,110239,3,,5
update,110209,110245,110249,4,,6
inbound,110210,110246,110250,4,,7
update,110220,110256,110258,2,,8
inbound,110225,110261,110264,3,,9
update,110231,110267,110270,3,,10
update,110242,110278,110281,3,,11
update,110253,110288,110291,3,,12
update,110264,110300,110304,4,,13
inbound,110265,110301,110305,4,,14
update,110275,110311,110313,2,,15
update,110286,110322,110324,2,,0
update,110297,110333,110336,3,,1
update,110308,110344,110346,2,,2
update,110319,110354,110358,4,,3
inbound,110320,110356,110359,3,,4
update,110330,110366,110369,3,,5
update,110341,110377,110380,3,,6
update,110352,110388,110391,3,,7
update,110363,110399,110402,3,,8
update,110374,110410,110414,4,,9
inbound,110375,110411,110415,4,,10
update,110385,110421,110423,2,,11
update,110396,110432,110435,3,,12
inbound,110400,110435,110438,3,,13
update,110407,110443,110446,3,,14
update,110418,110454,110457,3,,15
inbound,110425,110461,110464,3,,0
update,110429,110465,110469,4,,1
inbound,110430,110466,110470,4,,2
update,110440,110475,110478,3,,3
update,110451,110487,110491,4,,4
update,110462,110498,110502,4,,5
update,110473,110508,110511,3,,6
update,110484,110520,110524,4,,7
inbound,110485,110521,110525,4,,8
update,110495,110531,110533,2,,9
update,110506,110542,110545,3,,10
update,110517,110553,110555,2,,11
update,110528,110564,110567,3,,12
update,110539,110574,110578,4,,13
inbound,110540,110576,110579,3,,14
update,110550,110586,110589,3,,15
update,110561,110597,110600,3,,0
update,110572,110608,110611,3,,1
update,110583,110618,110621,3,,2
inbound,110595,110630,110633,3,,4
update,110594,110630,110634,4,,3
update,110605,110640,110644,4,,5
update,110616,110651,110655,4,,6
update,110627,110663,110666,3,,7
update,110638,110673,110676,3,,8
update,110649,110685,110688,3,,9
inbound,110650,110686,110689,3,,10
update,110660,110696,110699,3,,11
update,110671,110707,110710,3,,12
update,110682,110718,110721,3,,13
update,110693,110729,110732,3,,14
update,110704,110739,110742,3,,15
inbound,110705,110741,110745,4,,0
update,110715,110751,110753,2,,1
update,110726,110762,110764,2,,2
update,110737,110772,110776,4,,3
update,110748,110784,110787,3,,4
update,110759,110795,110798,3,,5
inbound,110760,110796,110799,3,,6
update,110770,110804,110807,3,,7
update,110781,110816,110821,5,,8
update,110792,110828,110831,3,,9
update,110803,110838,110842,4,,10
inbound,110815,110851,110854,3,,12
update,110814,110850,110854,4,,11
update,110825,110861,110864,3,,13
update,110836,110872,110875,3,,14
update,110847,110882,110885,3,,15
update,110858,110893,110896,3,,0
update,110869,110904,110907,3,,1
update,110880,110916,110918,2,,2
update,110891,110927,110929,2,,3
update,110902,110938,110940,2,,4
update,110913,110949,110952,3,,5
update,110924,110960,110962,2,,6
update,111000,111036,111040,4,,7
inbound,111000,111036,111040,4,,8
update,111011,111047,111050,3,,9
update,111022,111057,111060,3,,10
inbound,111025,111061,111064,3,,11
update,111033,111069,111071,2,,12
update,111044,111079,111082,3,,13
update,111055,111090,111093,3,,14
update,111066,111102,111105,3,,15
update,111077,111113,111116,3,,0
update,111088,111124,111127,3,,1
inbound,111100,111135,111139,4,,3
update,111099,111135,111139,4,,2
update,111110,111146,111149,3,,4
update,111121,111157,111160,3,,5
update,111132,111168,111172,4,,6
update,111143,111179,111182,3,,7
inbound,111155,111190,111194,4,,9
update,111154,111190,111194,4,,8
update,111165,111201,111204,3,,10
update,111176,111211,111215,4,,11
update,111187,111223,111226,3,,12
update,111198,111234,111238,4,,13
inbound,111200,111236,111240,4,,14
update,111209,111245,111249,4,,15
inbound,111210,111245,111249,4,,0
update,111220,111256,111258,2,,1
inbound,111225,111261,111264,3,,2
update,111231,111267,111270,3,,3
update,111242,111277,111280,3,,4
update,111253,111289,111292,3,,5
update,111264,111300,111303,3,,6
inbound,111265,111301,111305,4,,7
update,111275,111311,111314,3,,8
update,111286,111322,111325,3,,9
update,111297,111333,111336,3,,10
update,111308,111343,111346,3,,11
update,111319,111355,111359,4,,12
inbound,111320,111356,111359,3,,13
update,111330,111366,111369,3,,14
update,111341,111376,111381,5,,15
update,111352,111388,111391,3,,0
update,111363,111399,111403,4,,1
update,111374,111410,111414,4,,2
inbound,111375,111411,111415,4,,3
update,111385,111421,111425,4,,4
update,111396,111432,111435,3,,5
inbound,111400,111436,111439,3,,6
update,111407,111443,111446,3,,7
update,111418,111453,111455,2,,8
inbound,111425,111461,111463,2,,9
update,111429,111465,111468,3,,10
inbound,111430,111466,111470,4,,11
update,111440,111476,111479,3,,12
update,111451,111487,111490,3,,13
update,111462,111497,111500,3,,14
update,111473,111509,111511,2,,15
update,111484,111519,111523,4,,0
inbound,111485,111520,111524,4,,1
update,111495,111531,111534,3,,2
update,111506,111541,111543,2,,3
update,111517,111551,111555,4,,4
update,111528,111564,111567,3,,5
update,111539,111574,111578,4,,6
inbound,111540,111575,111579,4,,7
update,111550,111585,111589,4,,8
update,111561,111596,111600,4,,9
update,111572,111607,111610,3,,10
update,111583,111619,111623,4,,11
inbound,111595,111631,111635,4,,13
update,111594,111630,111636,6,,12
update,111605,111640,111643,3,,14
update,111616,111652,111655,3,,15
update,111627,111663,111666,3,,0
update,111638,111674,111677,3,,1
update,111649,111685,111688,3,,2
inbound,111650,111686,111689,3,,3
update,111660,111695,111698,3,,4
update,111671,111707,111710,3,,5
update,111682,111717,111720,3,,6
update,111693,111728,111732,4,,7
update,111704,111739,111742,3,,8
inbound,111705,111741,111744,3,,9
update,111715,111750,111754,4,,10
update,111726,111762,111765,3,,11
update,111737,111772,111777,5,,12
update,111748,111783,111786,3,,13
update,111759,111795,111798,3,,14
inbound,111760,111796,111799,3,,15
update,111770,111806,111809,3,,0
update,111781,111817,111821,4,,1
update,111792,111828,111833,5,,2
update,111803,111839,111842,3,,3
inbound,111815,111850,111853,3,,5
update,111814,111850,111854,4,,4
update,111825,111861,111864,3,,6
update,111836,111872,111874,2,,7
update,111847,111883,111888,5,,8
update,111858,111894,111898,4,,9
update,111869,111904,111907,3,,10
update,111880,111915,111918,3,,11
update,111891,111927,111931,4,,12
update,111902,111937,111940,3,,13
update,111913,111948,111952,4,,14
update,111924,111959,111962,3,,15
update,112000,112036,112040,4,,0
inbound,112000,112036,112041,5,,1
update,112011,112047,112051,4,,2
update,112022,112058,112063,5,,3
inbound,112025,112061,112066,5,,4
update,112033,112069,112071,2,,5
update,112044,112079,112082,3,,6
update,112055,112092,112097,5,,7
update,112066,112102,112107,5,,8
update,112077,112113,112115,2,,9
update,112088,112124,112126,2,,10
update,112099,112135,112138,3,,11
inbound,112100,112135,112139,4,,12
update,112110,112145,112149,4,,13
update,112121,112157,112160,3,,14
update,112132,112168,112170,2,,15
update,112143,112179,112181,2,,0
update,112154,112190,112193,3,,1
inbound,112155,112190,112194,4,,2
update,112165,112201,112203,2,,3
update,112176,112212,112215,3,,4
update,112187,112223,112226,3,,5
update,112198,112233,112236,3,,6
inbound,112200,112236,112239,3,,7
update,112209,112245,112248,3,,8
inbound,112210,112246,112249,3,,9
update,112220,112255,112258,3,,10
inbound,112225,112261,112263,2,,11
update,112231,112267,112269,2,,12
update,112242,112277,112281,4,,13
update,112253,112289,112291,2,,14
update,112264,112299,112303,4,,15
inbound,112265,112301,112305,4,,0
update,112275,112311,112314,3,,1
update,112286,112322,112325,3,,2
update,112297,112332,112335,3,,3
update,112308,112344,112347,3,,4
update,112319,112353,112356,3,,5
inbound,112320,112356,112360,4,,6
update,112330,112366,112369,3,,7
update,112341,112376,112378,2,,8
update,112352,112388,112391,3,,9
update,112363,112398,112401,3,,10
update,112374,112410,112413,3,,11
inbound,112375,112411,112414,3,,12
update,112385,112421,112423,2,,13
update,112396,112430,112433,3,,14
inbound,112400,112436,112442,6,,15
update,112407,112443,112445,2,,0
update,112418,112453,112456,3,,1
inbound,112425,112459,112462,3,,2
inbound,112430,112465,112468,3,,4
update,112429,112465,112468,3,,3
update,112440,112475,112478,3,,5
update,112451,112487,112491,4,,6
update,112462,112498,112501,3,,7
update,112473,112508,112511,3,,8
update,112484,112519,112523,4,,9
inbound,112485,112519,112523,4,,10
update,112495,112531,112533,2,,11
update,112506,112542,112545,3,,12
update,112517,112552,112555,3,,13
update,112528,112564,112567,3,,14
update,112539,112574,112578,4,,15
inbound,112540,112576,112580,4,,0
update,112550,112586,112588,2,,1
update,112561,112596,112599,3,,2
update,112572,112608,112611,3,,3
update,112583,112619,112623,4,,4
inbound,112595,112630,112635,5,,6
update,112594,112630,112636,6,,5
update,112605,112641,112644,3,,7
update,112616,112652,112657,5,,8
update,112627,112663,112666,3,,9
update,112638,112674,112678,4,,10
update,112649,112685,112688,3,,11
inbound,112650,112685,112689,4,,12
update,112660,112696,112699,3,,13
update,112671,112707,112710,3,,14
update,112682,112718,112720,2,,15
update,112693,112729,112732,3,,0
update,112704,112740,112744,4,,1
inbound,112705,112740,112744,4,,2
update,112715,112751,112754,3,,3
update,112726,112762,112764,2,,4
update,112737,112773,112775,2,,5
update,112748,112784,112787,3,,6
update,112759,112795,112798,3,,7
inbound,112760,112796,112798,2,,8
update,112770,112806,112808,2,,9
update,112781,112817,112819,2,,10
update,112792,112828,112833,5,,11
update,112803,112839,112844,5,,12
update,112814,112849,112853,4,,13
inbound,112815,112851,112854,3,,14
update,112825,112861,112864,3,,15
update,112836,112870,112877,7,,0
update,112847,112883,112886,3,,1
update,112858,112893,112896,3,,2
update,112869,112905,112908,3,,3
update,112880,112915,112918,3,,4
update,112891,112927,112930,3,,5
update,112902,112937,112940,3,,6
update,112913,112949,112952,3,,7
update,112924,112959,112962,3,,8
inbound,113000,113035,113039,4,,10
update,113000,113035,113039,4,,9
update,113011,113047,113049,2,,11
update,113022,113058,113061,3,,12
inbound,113025,113061,113063,2,,13
update,113033,113069,113072,3,,14
update,113044,113079,113081,2,,15
update,113055,113091,113093,2,,0
update,113066,113101,113105,4,,1
update,113077,113112,113116,4,,2
update,113088,113124,113127,3,,3
update,113099,113134,113138,4,,4
inbound,113100,113135,113139,4,,5
update,113110,113146,113149,3,,6
update,113121,113157,113160,3,,7
update,113132,113168,113171,3,,8
update,113143,113179,113182,3,,9
update,113154,113190,113193,3,,10
inbound,113155,113190,113193,3,,11
update,113165,113201,113203,2,,12
update,113176,113212,113214,2,,13
update,113187,113222,113225,3,,14
update,113198,113234,113238,4,,15
inbound,113200,113235,113238,3,,0
update,113209,113245,113248,3,,1
inbound,113210,113246,113249,3,,2
update,113220,113256,113258,2,,3
inbound,113225,113261,113263,2,,4
update,113231,113266,113269,3,,5
update,113242,113278,113281,3,,6
update,113253,113289,113292,3,,7
inbound,113265,113300,113302,2,,9
update,113264,113300,113303,3,,8
update,113275,113311,113314,3,,10
update,113286,113322,113325,3,,11
update,113297,113333,113335,2,,12
update,113308,113344,113346,2,,13
update,113319,113354,113356,2,,14
inbound,113320,113356,113359,3,,15
update,113330,113366,113369,3,,0
update,113341,113377,113380,3,,1
update,113352,113388,113391,3,,2
update,113363,113399,113402,3,,3
update,113374,113409,113412,3,,4
inbound,113375,113411,113413,2,,5
update,113385,113421,113423,2,,6
update,113396,113431,113434,3,,7
inbound,113400,113436,113439,3,,8
update,113407,113443,113445,2,,9
update,113418,113453,113456,3,,10
inbound,113425,113460,113463,3,,11
inbound,113430,113465,113468,3,,13
update,113429,113465,113469,4,,12
update,113440,113476,113478,2,,14
update,113451,113486,113489,3,,15
update,113462,113497,113501,4,,0
update,113473,113509,113511,2,,1
update,113484,113520,113523,3,,2
inbound,113485,113520,113523,3,,3
update,113495,113531,113533,2,,4
update,113506,113542,113545,3,,5
update,113517,113552,113556,4,,6
update,113528,113564,113567,3,,7
inbound,113540,113575,113579,4,,9
update,113539,113575,113579,4,,8
update,113550,113586,113588,2,,10
update,113561,113597,113600,3,,11
update,113572,113608,113611,3,,12
update,113583,113619,113622,3,,13
inbound,113595,113630,113633,3,,15
update,113594,113630,113634,4,,14
update,113605,113641,113644,3,,0
update,113616,113652,113655,3,,1
update,113627,113663,113666,3,,2
update,113638,113674,113677,3,,3
inbound,113650,113685,113688,3,,5
update,113649,113685,113688,3,,4
update,113660,113695,113698,3,,6
update,113671,113707,113709,2,,7
update,113682,113718,113720,2,,8
update,113693,113729,113732,3,,9
inbound,113705,113740,113743,3,,11
update,113704,113740,113743,3,,10
update,113715,113751,113753,2,,12
update,113726,113761,113765,4,,13
update,113737,113772,113774,2,,14
update,113748,113784,113786,2,,15
inbound,113760,113795,113797,2,,1
update,113759,113795,113799,4,,0
update,113770,113806,113809,3,,2
update,113781,113817,113820,3,,3
update,113792,113828,113831,3,,4
update,113803,113839,113842,3,,5
inbound,113815,113851,113853,2,,7
update,113814,113849,113853,4,,6
update,113825,113861,113864,3,,8
update,113836,113872,113875,3,,9
update,113847,113883,113885,2,,10
update,113858,113894,113896,2,,11
update,113869,113904,113907,3,,12
update,113880,113916,113919,3,,13
update,113891,113927,113930,3,,14
update,113902,113938,113941,3,,15
update,113913,113949,113952,3,,0
update,113924,113960,113963,3,,1
update,114000,114036,114039,3,,2
inbound,114000,114036,114041,5,,3
update,114011,114047,114051,4,,4
update,114022,114058,114061,3,,5
inbound,114025,114061,114064,3,,6
update,114033,114069,114072,3,,7
update,114044,114080,114084,4,,8
update,114055,114090,114093,3,,9
update,114066,114102,114105,3,,10
update,114077,114112,114115,3,,11
update,114088,114124,114127,3,,12
update,114099,114135,114138,3,,13
inbound,114100,114136,114140,4,,14
update,114110,114146,114148,2,,15
update,114121,114156,114159,3,,0
update,114132,114167,114170,3,,1
update,114143,114179,114182,3,,2
update,114154,114190,114194,4,,3
inbound,114155,114191,114196,5,,4
update,114165,114200,114203,3,,5
update,114176,114212,114215,3,,6
update,114187,114223,114226,3,,7
update,114198,114234,114237,3,,8
inbound,114200,114236,114239,3,,9
update,114209,114245,114249,4,,10
inbound,114210,114246,114250,4,,11
update,114220,114256,114259,3,,12
inbound,114225,114261,114264,3,,13
update,114231,114267,114270,3,,14
update,114242,114278,114281,3,,15
update,114253,114288,114291,3,,0
update,114264,114300,114303,3,,1
inbound,114265,114301,114305,4,,2
update,114275,114311,114316,5,,3
update,114286,114321,114324,3,,4
update,114297,114333,114336,3,,5
update,114308,114344,114348,4,,6
inbound,114320,114356,114359,3,,8
update,114319,114355,114361,6,,7
update,114330,114366,114371,5,,9
update,114341,114377,114381,4,,10
update,114352,114388,114391,3,,11
update,114363,114399,114402,3,,12
update,114374,114410,114414,4,,13
inbound,114375,114411,114417,6,,14
update,114385,114420,114428,8,,15
update,114396,114432,114436,4,,0
inbound,114400,114436,114439,3,,1
update,114407,114443,114447,4,,2
update,114418,114454,114457,3,,3
inbound,114425,114460,114467,7,,4
update,114429,114465,114469,4,,5
inbound,114430,114466,114471,5,,6
update,114440,114475,114479,4,,7
update,114451,114487,114490,3,,8
update,114462,114498,114502,4,,9
update,114473,114508,114511,3,,10
inbound,114485,114521,114525,4,,12
update,114484,114519,114525,6,,11
update,114495,114530,114535,5,,13
update,114506,114541,114544,3,,14
update,114517,114553,114556,3,,15
update,114528,114564,114567,3,,0
update,114539,114575,114579,4,,1
inbound,114540,114576,114580,4,,2
update,114550,114585,114589,4,,3
update,114561,114597,114600,3,,4
update,114572,114608,114611,3,,5
update,114583,114619,114622,3,,6
update,114594,114630,114633,3,,7
inbound,114595,114630,114634,4,,8
update,114605,114641,114644,3,,9
update,114616,114651,114655,4,,10
update,114627,114663,114666,3,,11
update,114638,114673,114677,4,,12
update,114649,114685,114688,3,,13
inbound,114650,114685,114689,4,,14
update,114660,114696,114699,3,,15
update,114671,114706,114709,3,,0
update,114682,114718,114721,3,,1
update,114693,114729,114732,3,,2
update,114704,114740,114743,3,,3
inbound,114705,114741,114746,5,,4
update,114715,114751,114754,3,,5
update,114726,114762,114765,3,,6
update,114737,114772,114775,3,,7
update,114748,114784,114787,3,,8
inbound,114760,114795,114798,3,,10
update,114759,114795,114799,4,,9
update,114770,114806,114809,3,,11
update,114781,114816,114819,3,,12
update,114792,114827,114830,3,,13
update,114803,114839,114846,7,,14
update,114814,114850,114854,4,,15
inbound,114815,114851,114855,4,,0
update,114825,114861,114864,3,,1
update,114836,114872,114875,3,,2
update,114847,114883,114886,3,,3
update,114858,114893,114897,4,,4
update,114869,114904,114908,4,,5
update,114880,114915,114919,4,,6
update,114891,114927,114930,3,,7
update,114902,114938,114941,3,,8
update,114913,114949,114952,3,,9
update,114924,114960,114963,3,,10
inbound,115000,115036,115039,3,,12
update,115000,115036,115040,4,,11
update,115011,115046,115049,3,,13
update,115022,115058,115060,2,,14
inbound,115025,115060,115064,4,,15
update,115033,115069,115072,3,,0
update,115044,115079,115082,3,,1
update,115055,115091,115094,3,,2
update,115066,115101,115104,3,,3
update,115077,115112,115115,3,,4
update,115088,115123,115126,3,,5
update,115099,115134,115138,4,,6
inbound,115100,115136,115139,3,,7
update,115110,115146,115149,3,,8
update,115121,115157,115159,2,,9
update,115132,115168,115171,3,,10
update,115143,115178,115181,3,,11
update,115154,115190,115193,3,,12
inbound,115155,115192,115195,3,,13
update,115165,115201,115205,4,,14
update,115176,115212,115214,2,,15
update,115187,115222,115225,3,,0
update,115198,115234,115238,4,,1
inbound,115200,115235,115239,4,,2
update,115209,115245,115249,4,,3
inbound,115210,115247,115251,4,,4
update,115220,115255,115259,4,,5
inbound,115225,115261,115265,4,,6
update,115231,115267,115270,3,,7
update,115242,115278,115281,3,,8
update,115253,115288,115291,3,,9
update,115264,115300,115303,3,,10
inbound,115265,115302,115305,3,,11
update,115275,115310,115313,3,,12
update,115286,115322,115325,3,,13
update,115297,115333,115336,3,,14
update,115308,115344,115346,2,,15
update,115319,115355,115358,3,,0
inbound,115320,115357,115360,3,,1
update,115330,115366,115369,3,,2
update,115341,115376,115379,3,,3
update,115352,115387,115390,3,,4
update,115363,115399,115403,4,,5
update,115374,115409,115413,4,,6
inbound,115375,115411,115415,4,,7
update,115385,115421,115424,3,,8
update,115396,115431,115434,3,,9
inbound,115400,115437,115439,2,,10
update,115407,115443,115446,3,,11
update,115418,115454,115456,2,,12
inbound,115425,115462,115464,2,,13
update,115429,115464,115467,3,,14
inbound,115430,115467,115470,3,,15
update,115440,115475,115478,3,,0
update,115451,115487,115489,2,,1
update,115462,115498,115501,3,,2
update,115473,115509,115512,3,,3
update,115484,115519,115522,3,,4
inbound,115485,115522,115525,3,,5
update,115495,115531,115534,3,,6
update,115506,115542,115545,3,,7
update,115517,115552,115555,3,,8
update,115528,115564,115567,3,,9
update,115539,115574,115578,4,,10
inbound,115540,115577,115580,3,,11
update,115550,115586,115589,3,,12
update,115561,115596,115599,3,,13
update,115572,115608,115611,3,,14
update,115583,115619,115622,3,,15
update,115594,115629,115632,3,,0
inbound,115595,115631,115635,4,,1
update,115605,115640,115643,3,,2
update,115616,115652,115656,4,,3
update,115627,115663,115667,4,,4
update,115638,115673,115677,4,,5
update,115649,115685,115689,4,,6
inbound,115650,115687,115690,3,,7
update,115660,115696,115698,2,,8
update,115671,115706,115709,3,,9
update,115682,115717,115720,3,,10
update,115693,115729,115732,3,,11
update,115704,115740,115744,4,,12
inbound,115705,115742,115745,3,,13
update,115715,115751,115755,4,,14
update,115726,115762,115765,3,,15
update,115737,115773,115776,3,,0
update,115748,115783,115786,3,,1
update,115759,115795,115797,2,,2
inbound,115760,115797,115800,3,,3
update,115770,115806,115809,3,,4
update,115781,115816,115820,4,,5
update,115792,115828,115831,3,,6
update,115803,115838,115842,4,,7
update,115814,115849,115854,5,,8
inbound,115815,115852,115855,3,,9
update,115825,115860,115864,4,,10
update,115836,115871,115874,3,,11
update,115847,115883,115886,3,,12
update,115858,115894,115896,2,,13
update,115869,115903,115906,3,,14
update,115880,115916,115919,3,,15
update,115891,115927,115930,3,,0
update,115902,115938,115941,3,,1
update,115913,115949,115952,3,,2
update,115924,115959,115965,6,,3
update,116000,116037,116040,3,,4
inbound,116000,116037,116040,3,,5
update,116011,116048,116051,3,,6
update,116022,116058,116061,3,,7
inbound,116025,116062,116065,3,,8
update,116033,116070,116073,3,,9
update,116044,116081,116084,3,,10
update,116055,116091,116094,3,,11
update,116066,116103,116106,3,,12
update,116077,116114,116117,3,,13
update,116088,116125,116127,2,,14
update,116099,116135,116138,3,,15
inbound,116100,116136,116139,3,,0
update,116110,116147,116149,2,,1
update,116121,116158,116160,2,,2
update,116132,116169,116172,3,,3
update,116143,116180,116183,3,,4
update,116154,116191,116195,4,,5
inbound,116155,116192,116196,4,,6
update,116165,116202,116205,3,,7
update,116176,116212,116215,3,,8
update,116187,116223,116226,3,,9
update,116198,116235,116238,3,,10
inbound,116200,116235,116238,3,,11
update,116209,116246,116249,3,,12
inbound,116210,116246,116249,3,,13
update,116220,116257,116259,2,,14
inbound,116225,116262,116264,2,,15
update,116231,116268,116271,3,,0
update,116242,116279,116282,3,,1
update,116253,116290,116294,4,,2
inbound,116265,116301,116304,3,,4
update,116264,116301,116305,4,,3
update,116275,116311,116314,3,,5
update,116286,116322,116325,3,,6
update,116297,116334,116337,3,,7
update,116308,116345,116348,3,,8
update,116319,116356,116361,5,,9
inbound,116320,116356,116361,5,,10
update,116330,116366,116369,3,,11
update,116341,116378,116380,2,,12
update,116352,116389,116392,3,,13
update,116363,116399,116404,5,,14
update,116374,116411,116415,4,,15
inbound,116375,116411,116415,4,,0
update,116385,116422,116424,2,,1
update,116396,116433,116436,3,,2
inbound,116400,116437,116440,3,,3
update,116407,116443,116446,3,,4
update,116418,116455,116459,4,,5
inbound,116425,116462,116465,3,,6
update,116429,116465,116468,3,,7
inbound,116430,116467,116470,3,,8
update,116440,116477,116480,3,,9
update,116451,116487,116490,3,,10
update,116462,116498,116501,3,,11
update,116473,116510,116515,5,,12
update,116484,116520,116524,4,,13
inbound,116485,116521,116526,5,,14
update,116495,116532,116535,3,,15
update,116506,116542,116546,4,,0
update,116517,116554,116557,3,,1
update,116528,116565,116568,3,,2
update,116539,116576,116580,4,,3
inbound,116540,116577,116581,4,,4
update,116550,116587,116590,3,,5
update,116561,116598,116601,3,,6
update,116572,116609,116612,3,,7
update,116583,116620,116624,4,,8
update,116594,116630,116634,4,,9
inbound,116595,116632,116635,3,,10
update,116605,116642,116645,3,,11
update,116616,116653,116657,4,,12
update,116627,116663,116666,3,,13
update,116638,116674,116678,4,,14
update,116649,116686,116689,3,,15
inbound,116650,116687,116690,3,,0
update,116660,116696,116699,3,,1
update,116671,116708,116711,3,,2
update,116682,116718,116721,3,,3
update,116693,116730,116734,4,,4
update,116704,116740,116742,2,,5
inbound,116705,116742,116746,4,,6
update,116715,116752,116757,5,,7
update,116726,116763,116767,4,,8
update,116737,116774,116777,3,,9
update,116748,116785,116788,3,,10
inbound,116760,116796,116799,3,,12
update,116759,116796,116801,5,,11
update,116770,116807,116811,4,,13
update,116781,116818,116822,4,,14
update,116792,116829,116834,5,,15
update,116803,116840,116846,6,,0
inbound,116815,116851,116858,7,,2
update,116814,116851,116858,7,,1
update,116825,116864,116875,11,,3
update,116836,116873,116881,8,,4
update,116847,116884,116889,5,,5
update,116858,116895,116898,3,,6
update,116869,116906,116909,3,,7
update,116880,116917,116920,3,,8
update,116891,116928,116931,3,,9
update,116902,116938,116940,2,,10
update,116913,116948,116951,3,,11
update,116924,116961,116965,4,,12
update,117000,117037,117040,3,,13
inbound,117000,117037,117040,3,,14
update,117011,117048,117050,2,,15
update,117022,117059,117061,2,,0
inbound,117025,117061,117066,5,,1
update,117033,117069,117072,3,,2
update,117044,117081,117084,3,,3
update,117055,117092,117095,3,,4
update,117066,117103,117106,3,,5
update,117077,117114,117117,3,,6
update,117088,117125,117128,3,,7
update,117099,117136,117139,3,,8
inbound,117100,117136,117139,3,,9
update,117110,117147,117150,3,,10
update,117121,117156,117159,3,,11
update,117132,117169,117172,3,,12
update,117143,117180,117183,3,,13
inbound,117155,117190,117193,3,,15
update,117154,117190,117194,4,,14
update,117165,117202,117205,3,,0
update,117176,117213,117217,4,,1
update,117187,117224,117227,3,,2
update,117198,117235,117238,3,,3
inbound,117200,117237,117241,4,,4
update,117209,117246,117249,3,,5
inbound,117210,117247,117251,4,,6
update,117220,117257,117260,3,,7
inbound,117225,117262,117265,3,,8
update,117231,117268,117270,2,,9
update,117242,117278,117281,3,,10
update,117253,117289,117292,3,,11
inbound,117265,117301,117304,3,,13
update,117264,117300,117304,4,,12
update,117275,117312,117315,3,,14
update,117286,117323,117326,3,,15
update,117297,117334,117337,3,,0
update,117308,117345,117348,3,,1
update,117319,117356,117359,3,,2
inbound,117320,117356,117360,4,,3
update,117330,117367,117369,2,,4
update,117341,117378,117381,3,,5
update,117352,117389,117392,3,,6
update,117363,117400,117403,3,,7
update,117374,117410,117414,4,,8
inbound,117375,117412,117415,3,,9
update,117385,117422,117425,3,,10
update,117396,117433,117436,3,,11
inbound,117400,117437,117439,2,,12
update,117407,117444,117446,2,,13
update,117418,117454,117457,3,,14
inbound,117425,117461,117464,3,,15
update,117429,117465,117469,4,,0
inbound,117430,117467,117469,2,,1
update,117440,117477,117480,3,,2
update,117451,117488,117491,3,,3
update,117462,117499,117502,3,,4
update,117473,117510,117513,3,,5
update,117484,117520,117524,4,,6
inbound,117485,117522,117529,7,,7
update,117495,117532,117535,3,,8
update,117506,117543,117546,3,,9
update,117517,117554,117557,3,,10
update,117528,117565,117567,2,,11
inbound,117540,117575,117579,4,,13
update,117539,117575,117579,4,,12
update,117550,117587,117590,3,,14
update,117561,117598,117601,3,,15
update,117572,117609,117612,3,,0
update,117583,117620,117623,3,,1
update,117594,117631,117634,3,,2
inbound,117595,117631,117634,3,,3
update,117605,117642,117644,2,,4
update,117616,117651,117654,3,,5
update,117627,117664,117667,3,,6
update,117638,117675,117678,3,,7
inbound,117650,117686,117689,3,,9
update,117649,117686,117689,3,,8
update,117660,117696,117699,3,,10
update,117671,117707,117710,3,,11
update,117682,117719,117722,3,,12
update,117693,117730,117733,3,,13
update,117704,117741,117744,3,,14
inbound,117705,117741,117744,3,,15
update,117715,117752,117754,2,,0
update,117726,117763,117765,2,,1
update,117737,117773,117776,3,,2
update,117748,117784,117787,3,,3
inbound,117760,117796,117798,2,,5
update,117759,117796,117799,3,,4
update,117770,117806,117809,3,,6
update,117781,117818,117821,3,,7
update,117792,117828,117831,3,,8
update,117803,117839,117843,4,,9
inbound,117815,117852,117855,3,,11
update,117814,117851,117855,4,,10
update,117825,117862,117865,3,,12
update,117836,117872,117875,3,,13
update,117847,117883,117886,3,,14
update,117858,117894,117897,3,,15
update,117869,117905,117908,3,,0
update,117880,117915,117918,3,,1
update,117891,117927,117930,3,,2
update,117902,117938,117940,2,,3
update,117913,117950,117952,2,,4
update,117924,117961,117963,2,,5
inbound,118000,118036,118039,3,,7
update,118000,118036,118040,4,,6
update,118011,118048,118051,3,,8
update,118022,118059,118063,4,,9
inbound,118025,118062,118066,4,,10
update,118033,118069,118075,6,,11
update,118044,118081,118085,4,,12
update,118055,118092,118096,4,,13
update,118066,118103,118106,3,,14
update,118077,118114,118117,3,,15
update,118088,118125,118128,3,,0
update,118099,118136,118139,3,,1
inbound,118100,118137,118146,9,,2
update,118110,118146,118151,5,,3
update,118121,118157,118161,4,,4
update,118132,118169,118173,4,,5
update,118143,118179,118184,5,,6
update,118154,118191,118197,6,,7
inbound,118155,118191,118198,7,,8
update,118165,118202,118207,5,,9
update,118176,118213,118217,4,,10
update,118187,118224,118228,4,,11
update,118198,118235,118238,3,,12
inbound,118200,118237,118240,3,,13
update,118209,118246,118249,3,,14
inbound,118210,118247,118250,3,,15
update,118220,118257,118259,2,,0
inbound,118225,118262,118265,3,,1
update,118231,118267,118270,3,,2
update,118242,118279,118282,3,,3
update,118253,118289,118293,4,,4
update,118264,118301,118305,4,,5
inbound,118265,118302,118306,4,,6
update,118275,118312,118315,3,,7
update,118286,118322,118325,3,,8
update,118297,118334,118337,3,,9
update,118308,118345,118348,3,,10
update,118319,118355,118359,4,,11
inbound,118320,118357,118360,3,,12
update,118330,118367,118371,4,,13
update,118341,118378,118381,3,,14
update,118352,118389,118393,4,,15
update,118363,118400,118404,4,,0
update,118374,118411,118414,3,,1
inbound,118375,118412,118415,3,,2
update,118385,118422,118425,3,,3
update,118396,118433,118436,3,,4
inbound,118400,118436,118439,3,,5
update,118407,118443,118446,3,,6
update,118418,118453,118456,3,,7
inbound,118425,118462,118465,3,,8
update,118429,118465,118468,3,,9
inbound,118430,118466,118470,4,,10
update,118440,118477,118480,3,,11
update,118451,118487,118490,3,,12
update,118462,118499,118501,2,,13
update,118473,118510,118513,3,,14
update,118484,118521,118524,3,,15
inbound,118485,118522,118525,3,,0
update,118495,118532,118534,2,,1
update,118506,118543,118547,4,,2
update,118517,118554,118557,3,,3
update,118528,118564,118567,3,,4
update,118539,118576,118580,4,,5
inbound,118540,118577,118581,4,,6
update,118550,118587,118590,3,,7
update,118561,118597,118600,3,,8
update,118572,118609,118611,2,,9
update,118583,118620,118622,2,,10
update,118594,118631,118634,3,,11
inbound,118595,118632,118635,3,,12
update,118605,118642,118645,3,,13
update,118616,118652,118655,3,,14
update,118627,118664,118667,3,,15
update,118638,118675,118678,3,,0
update,118649,118685,118689,4,,1
inbound,118650,118686,118690,4,,2
update,118660,118697,118700,3,,3
update,118671,118708,118710,2,,4
update,118682,118718,118721,3,,5
update,118693,118729,118732,3,,6
update,118704,118741,118744,3,,7
inbound,118705,118742,118746,4,,8
update,118715,118752,118755,3,,9
update,118726,118763,118765,2,,10
update,118737,118774,118777,3,,11
update,118748,118785,118788,3,,12
update,118759,118795,118798,3,,13
inbound,118760,118797,118799,2,,14
update,118770,118807,118810,3,,15
update,118781,118818,118821,3,,0
update,118792,118829,118832,3,,1
update,118803,118839,118843,4,,2
update,118814,118850,118854,4,,3
inbound,118815,118851,118854,3,,4
update,118825,118862,118864,2,,5
update,118836,118873,118878,5,,6
update,118847,118883,118888,5,,7
update,118858,118895,118898,3,,8
update,118869,118905,118908,3,,9
update,118880,118917,118920,3,,10
update,118891,118928,118931,3,,11
update,118902,118938,118941,3,,12
update,118913,118949,118952,3,,13
update,118924,118961,118964,3,,14
update,119000,119037,119040,3,,15
inbound,119000,119037,119040,3,,0
update,119011,119048,119051,3,,1
update,119022,119058,119061,3,,2
inbound,119025,119061,119064,3,,3
update,119033,119070,119072,2,,4
update,119044,119081,119084,3,,5
update,119055,119091,119094,3,,6
update,119066,119103,119106,3,,7
update,119077,119114,119117,3,,8
update,119088,119125,119128,3,,9
update,119099,119135,119138,3,,10
inbound,119100,119136,119140,4,,11
update,119110,119147,119150,3,,12
update,119121,119158,119160,2,,13
update,119132,119169,119172,3,,14
update,119143,119180,119182,2,,15
update,119154,119191,119195,4,,0
inbound,119155,119191,119195,4,,1
update,119165,119202,119206,4,,2
update,119176,119212,119216,4,,3
update,119187,119223,119227,4,,4
update,119198,119235,119238,3,,5
inbound,119200,119237,119240,3,,6
update,119209,119246,119250,4,,7
inbound,119210,119247,119251,4,,8
update,119220,119256,119260,4,,9
inbound,119225,119261,119264,3,,10
update,119231,119267,119270,3,,11
update,119242,119279,119283,4,,12
update,119253,119290,119293,3,,13
update,119264,119300,119304,4,,14
inbound,119265,119302,119306,4,,15
update,119275,119311,119314,3,,0
update,119286,119322,119325,3,,1
update,119297,119334,119337,3,,2
update,119308,119345,119348,3,,3
update,119319,119356,119359,3,,4
inbound,119320,119357,119361,4,,5
update,119330,119367,119369,2,,6
update,119341,119377,119381,4,,7
update,119352,119388,119391,3,,8
update,119363,119399,119402,3,,9
update,119374,119411,119414,3,,10
inbound,119375,119412,119415,3,,11
update,119385,119420,119424,4,,12
update,119396,119432,119436,4,,13
inbound,119400,119436,119439,3,,14
update,119407,119443,119446,3,,15
update,119418,119454,119458,4,,0
inbound,119425,119462,119465,3,,1
update,119429,119466,119470,4,,2
inbound,119430,119467,119470,3,,3
update,119440,119477,119480,3,,4
update,119451,119488,119491,3,,5
update,119462,119499,119502,3,,6
update,119473,119510,119512,2,,7
update,119484,119519,119523,4,,8
inbound,119485,119522,119525,3,,9
update,119495,119532,119534,2,,10
update,119506,119543,119546,3,,11
update,119517,119553,119557,4,,12
update,119528,119565,119568,3,,13
update,119539,119576,119580,4,,14
inbound,119540,119577,119581,4,,15
update,119550,119587,119590,3,,0
update,119561,119598,119600,2,,1
update,119572,119608,119612,4,,2
update,119583,119620,119623,3,,3
update,119594,119631,119635,4,,4
inbound,119595,119632,119637,5,,5
update,119605,119642,119645,3,,6
update,119616,119652,119656,4,,7
update,119627,119664,119667,3,,8
update,119638,119674,119677,3,,9
update,119649,119685,119689,4,,10
inbound,119650,119687,119690,3,,11
update,119660,119697,119700,3,,12
update,119671,119708,119711,3,,13
update,119682,119718,119721,3,,14
update,119693,119729,119732,3,,15
update,119704,119741,119745,4,,0
inbound,119705,119741,119745,4,,1
update,119715,119752,119755,3,,2
update,119726,119763,119765,2,,3
update,119737,119773,119776,3,,4
update,119748,119785,119788,3,,5
update,119759,119795,119799,4,,6
inbound,119760,119797,119799,2,,7
update,119770,119807,119810,3,,8
update,119781,119817,119823,6,,9
update,119792,119828,119832,4,,10
update,119803,119840,119843,3,,11
update,119814,119851,119854,3,,12
inbound,119815,119852,119855,3,,13
update,119825,119862,119865,3,,14
update,119836,119873,119879,6,,15
update,119847,119884,119887,3,,0
update,119858,119895,119898,3,,1
update,119869,119906,119909,3,,2
update,119880,119917,119920,3,,3
update,119891,119928,119932,4,,4
update,119902,119938,119941,3,,5
update,119913,119950,119953,3,,6
update,119924,119961,119963,2,,7
