kind,scheduled_ms,started_ms,finished_ms,wall_ms,error,writer
update,22,41,64,23,,3
update,0,37,77,40,,0
update,44,60,98,38,,6
update,11,41,110,69,,2
update,33,41,112,71,,5
inbound,0,38,116,78,,1
update,66,67,133,66,,8
update,55,62,136,74,,7
update,77,78,144,66,,9
update,88,90,157,67,,10
update,143,144,157,13,,0
inbound,25,41,157,116,,4
update,99,101,162,61,,11
update,154,155,168,13,,1
inbound,100,102,168,66,,12
update,110,111,170,59,,13
inbound,155,157,175,18,,2
update,121,122,175,53,,14
update,165,166,176,10,,3
update,132,133,179,46,,15
update,176,177,181,4,,4
update,187,188,192,4,,5
update,198,199,202,3,,6
inbound,200,203,208,5,,7
update,209,210,214,4,,8
inbound,210,212,218,6,,9
update,220,221,224,3,,10
inbound,225,227,232,5,,11
update,231,232,235,3,,12
update,242,243,246,3,,13
update,253,254,257,3,,14
update,264,265,269,4,,15
inbound,265,267,273,6,,0
update,275,276,279,3,,1
update,286,287,291,4,,2
update,297,298,302,4,,3
update,308,309,313,4,,4
update,319,320,326,6,,5
inbound,320,322,330,8,,6
update,330,331,336,5,,7
update,341,342,344,2,,8
update,352,353,359,6,,9
update,363,364,370,6,,10
update,374,375,385,10,,11
inbound,375,377,388,11,,12
update,385,386,392,6,,13
update,396,397,401,4,,14
update,407,408,413,5,,0
inbound,400,401,414,13,,15
update,418,419,424,5,,1
inbound,425,427,432,5,,2
update,429,430,434,4,,3
inbound,430,432,448,16,,4
update,440,442,448,6,,5
update,451,452,456,4,,6
update,462,463,466,3,,7
update,473,474,478,4,,8
update,484,485,489,4,,9
inbound,485,487,493,6,,10
update,495,496,499,3,,11
update,506,507,511,4,,12
update,517,518,521,3,,13
update,528,529,532,3,,14
update,539,540,544,4,,15
inbound,540,542,547,5,,0
update,550,551,554,3,,1
update,561,562,565,3,,2
update,572,573,576,3,,3
update,583,584,588,4,,4
update,594,595,601,6,,5
inbound,595,597,601,4,,6
update,605,606,610,4,,7
update,616,617,620,3,,8
update,627,628,631,3,,9
update,638,639,643,4,,10
update,649,650,655,5,,11
inbound,650,652,656,4,,12
update,660,661,665,4,,13
update,671,672,676,4,,14
update,682,683,687,4,,15
update,693,694,698,4,,0
update,704,705,711,6,,1
inbound,705,707,712,5,,2
update,715,716,719,3,,3
update,726,727,730,3,,4
update,737,738,742,4,,5
update,748,749,753,4,,6
update,759,760,765,5,,7
inbound,760,762,767,5,,8
update,770,771,774,3,,9
update,781,783,786,3,,10
update,792,793,796,3,,11
update,803,804,807,3,,12
update,814,815,820,5,,13
inbound,815,817,821,4,,14
update,825,826,829,3,,15
update,836,837,841,4,,0
update,847,848,851,3,,1
update,858,859,862,3,,2
update,869,870,873,3,,3
update,880,881,884,3,,4
update,891,892,895,3,,5
update,902,903,906,3,,6
update,913,914,917,3,,7
update,924,925,928,3,,8
update,1000,1002,1006,4,,9
inbound,1000,1002,1006,4,,10
update,1011,1013,1016,3,,11
update,1022,1024,1027,3,,12
inbound,1025,1027,1032,5,,13
update,1033,1035,1038,3,,14
update,1044,1046,1051,5,,15
update,1055,1057,1061,4,,0
update,1066,1068,1072,4,,1
update,1077,1079,1084,5,,2
update,1088,1090,1095,5,,3
update,1099,1101,1107,6,,4
inbound,1100,1102,1111,9,,5
update,1110,1112,1115,3,,6
update,1121,1123,1126,3,,7
update,1132,1134,1138,4,,8
update,1143,1145,1148,3,,9
update,1154,1156,1160,4,,10
inbound,1155,1157,1162,5,,11
update,1165,1167,1171,4,,12
update,1176,1178,1182,4,,13
update,1187,1189,1193,4,,14
update,1198,1200,1204,4,,15
inbound,1200,1202,1206,4,,0
update,1209,1211,1214,3,,1
inbound,1210,1212,1217,5,,2
update,1220,1222,1225,3,,3
inbound,1225,1227,1231,4,,4
update,1231,1233,1236,3,,5
update,1242,1244,1247,3,,6
update,1253,1255,1259,4,,7
inbound,1265,1267,1272,5,,9
update,1264,1266,1273,7,,8
update,1275,1277,1281,4,,10
update,1286,1288,1292,4,,11
update,1297,1299,1302,3,,12
update,1308,1310,1313,3,,13
update,1319,1321,1325,4,,14
inbound,1320,1322,1327,5,,15
update,1330,1332,1336,4,,0
update,1341,1343,1346,3,,1
update,1352,1354,1357,3,,2
update,1363,1365,1372,7,,3
update,1374,1376,1380,4,,4
inbound,1375,1378,1382,4,,5
update,1385,1387,1391,4,,6
update,1396,1398,1402,4,,7
inbound,1400,1402,1407,5,,8
update,1407,1409,1413,4,,9
update,1418,1420,1425,5,,10
inbound,1425,1427,1430,3,,11
inbound,1430,1431,1435,4,,13
update,1429,1430,1435,5,,12
update,1440,1442,1446,4,,14
update,1451,1453,1457,4,,15
update,1462,1464,1467,3,,0
update,1473,1475,1482,7,,1
update,1484,1486,1491,5,,2
inbound,1485,1487,1495,8,,3
update,1495,1497,1500,3,,4
update,1506,1508,1511,3,,5
update,1517,1519,1522,3,,6
update,1528,1530,1533,3,,7
update,1539,1541,1544,3,,8
inbound,1540,1543,1549,6,,9
update,1550,1552,1556,4,,10
update,1561,1563,1567,4,,11
update,1572,1574,1579,5,,12
update,1583,1585,1588,3,,13
update,1594,1596,1601,5,,14
inbound,1595,1597,1603,6,,15
update,1605,1606,1610,4,,0
update,1616,1618,1622,4,,1
update,1627,1629,1632,3,,2
update,1638,1640,1644,4,,3
update,1649,1651,1656,5,,4
inbound,1650,1652,1657,5,,5
update,1660,1662,1668,6,,6
update,1671,1673,1675,2,,7
update,1682,1684,1687,3,,8
update,1693,1695,1698,3,,9
update,1704,1706,1711,5,,10
inbound,1705,1707,1712,5,,11
update,1715,1717,1721,4,,12
update,1726,1728,1731,3,,13
update,1737,1738,1742,4,,14
update,1748,1750,1754,4,,15
update,1759,1761,1764,3,,0
inbound,1760,1762,1765,3,,1
update,1770,1772,1775,3,,2
update,1781,1783,1786,3,,3
update,1792,1794,1797,3,,4
update,1803,1805,1810,5,,5
update,1814,1816,1820,4,,6
inbound,1815,1817,1822,5,,7
update,1825,1827,1830,3,,8
update,1836,1838,1842,4,,9
update,1847,1849,1852,3,,10
update,1858,1860,1864,4,,11
update,1869,1871,1875,4,,12
update,1880,1882,1886,4,,13
update,1891,1893,1897,4,,14
update,1902,1904,1909,5,,15
update,1913,1915,1918,3,,0
update,1924,1926,1929,3,,1
update,2000,2002,2006,4,,2
inbound,2000,2005,2008,3,,3
update,2011,2016,2019,3,,4
update,2022,2027,2031,4,,5
inbound,2025,2030,2033,3,,6
update,2033,2038,2041,3,,7
update,2044,2049,2052,3,,8
update,2055,2060,2062,2,,9
update,2066,2071,2074,3,,10
update,2077,2082,2087,5,,11
update,2088,2093,2098,5,,12
update,2099,2104,2108,4,,13
inbound,2100,2105,2111,6,,14
update,2110,2115,2119,4,,15
update,2121,2126,2129,3,,0
update,2132,2137,2140,3,,1
update,2143,2148,2151,3,,2
update,2154,2159,2162,3,,3
inbound,2155,2160,2163,3,,4
update,2165,2170,2173,3,,5
update,2176,2181,2184,3,,6
update,2187,2192,2195,3,,7
update,2198,2203,2205,2,,8
inbound,2200,2205,2209,4,,9
update,2209,2214,2217,3,,10
inbound,2210,2215,2220,5,,11
update,2220,2225,2228,3,,12
inbound,2225,2230,2232,2,,13
update,2231,2236,2240,4,,14
update,2242,2247,2250,3,,15
update,2253,2258,2261,3,,0
update,2264,2269,2273,4,,1
inbound,2265,2270,2275,5,,2
update,2275,2280,2283,3,,3
update,2286,2291,2293,2,,4
update,2297,2302,2305,3,,5
update,2308,2313,2316,3,,6
update,2319,2324,2327,3,,7
inbound,2320,2325,2328,3,,8
update,2330,2335,2337,2,,9
update,2341,2346,2349,3,,10
update,2352,2357,2360,3,,11
update,2363,2367,2371,4,,12
update,2374,2379,2382,3,,13
inbound,2375,2380,2384,4,,14
update,2385,2390,2393,3,,15
update,2396,2401,2403,2,,0
inbound,2400,2405,2407,2,,1
update,2407,2412,2414,2,,2
update,2418,2423,2426,3,,3
inbound,2425,2430,2433,3,,4
update,2429,2434,2437,3,,5
inbound,2430,2435,2439,4,,6
update,2440,2445,2448,3,,7
update,2451,2456,2459,3,,8
update,2462,2467,2471,4,,9
update,2473,2478,2481,3,,10
update,2484,2489,2493,4,,11
inbound,2485,2490,2494,4,,12
update,2495,2500,2503,3,,13
update,2506,2511,2513,2,,14
update,2517,2522,2525,3,,15
update,2528,2533,2536,3,,0
update,2539,2544,2548,4,,1
inbound,2540,2545,2550,5,,2
update,2550,2555,2559,4,,3
update,2561,2566,2569,3,,4
update,2572,2576,2579,3,,5
update,2583,2588,2591,3,,6
update,2594,2599,2602,3,,7
inbound,2595,2600,2604,4,,8
update,2605,2610,2613,3,,9
update,2616,2621,2623,2,,10
update,2627,2632,2635,3,,11
update,2638,2643,2645,2,,12
update,2649,2654,2656,2,,13
inbound,2650,2655,2658,3,,14
update,2660,2665,2668,3,,15
update,2671,2676,2679,3,,0
update,2682,2687,2690,3,,1
update,2693,2698,2701,3,,2
update,2704,2709,2712,3,,3
inbound,2705,2710,2713,3,,4
update,2715,2720,2723,3,,5
update,2726,2731,2734,3,,6
update,2737,2742,2745,3,,7
update,2748,2753,2756,3,,8
update,2759,2764,2768,4,,9
inbound,2760,2765,2768,3,,10
update,2770,2775,2778,3,,11
update,2781,2786,2788,2,,12
update,2792,2797,2800,3,,13
update,2803,2808,2811,3,,14
update,2814,2819,2822,3,,15
inbound,2815,2820,2825,5,,0
update,2825,2830,2833,3,,1
update,2836,2841,2844,3,,2
update,2847,2852,2854,2,,3
update,2858,2863,2865,2,,4
update,2869,2874,2877,3,,5
update,2880,2885,2895,10,,6
update,2891,2896,2904,8,,7
update,2902,2907,2912,5,,8
update,2913,2918,2924,6,,9
update,2924,2929,2945,16,,10
inbound,3000,3005,3012,7,,12
update,3000,3005,3013,8,,11
update,3011,3016,3028,12,,13
inbound,3025,3030,3042,12,,15
update,3022,3027,3042,15,,14
update,3033,3038,3042,4,,0
update,3044,3049,3058,9,,1
update,3055,3060,3102,42,,2
update,3088,3093,3102,9,,5
update,3066,3071,3103,32,,3
update,3077,3082,3105,23,,4
inbound,3100,3105,3111,6,,7
update,3099,3104,3113,9,,6
update,3110,3115,3120,5,,8
update,3121,3126,3128,2,,9
update,3132,3137,3140,3,,10
update,3143,3148,3151,3,,11
update,3154,3159,3164,5,,12
inbound,3155,3160,3164,4,,13
update,3165,3170,3174,4,,14
update,3176,3181,3184,3,,15
update,3187,3192,3195,3,,0
update,3198,3203,3206,3,,1
inbound,3200,3205,3208,3,,2
update,3209,3214,3217,3,,3
inbound,3210,3215,3219,4,,4
update,3220,3225,3227,2,,5
inbound,3225,3230,3233,3,,6
update,3231,3236,3238,2,,7
update,3242,3247,3250,3,,8
update,3253,3258,3261,3,,9
update,3264,3269,3272,3,,10
inbound,3265,3270,3273,3,,11
update,3275,3280,3282,2,,12
update,3286,3291,3294,3,,13
update,3297,3302,3305,3,,14
update,3308,3313,3315,2,,15
update,3319,3324,3332,8,,0
inbound,3320,3324,3332,8,,1
update,3330,3335,3338,3,,2
update,3341,3346,3349,3,,3
update,3352,3357,3360,3,,4
update,3363,3368,3370,2,,5
update,3374,3379,3383,4,,6
inbound,3375,3380,3383,3,,7
update,3385,3390,3393,3,,8
update,3396,3401,3403,2,,9
inbound,3400,3405,3408,3,,10
update,3407,3412,3415,3,,11
update,3418,3423,3426,3,,12
inbound,3425,3430,3433,3,,13
update,3429,3434,3437,3,,14
inbound,3430,3435,3438,3,,15
update,3440,3445,3448,3,,0
update,3451,3456,3460,4,,1
update,3462,3467,3471,4,,2
update,3473,3477,3480,3,,3
update,3484,3489,3492,3,,4
inbound,3485,3490,3494,4,,5
update,3495,3500,3503,3,,6
update,3506,3511,3514,3,,7
update,3517,3522,3525,3,,8
update,3528,3533,3536,3,,9
update,3539,3544,3547,3,,10
inbound,3540,3545,3548,3,,11
update,3550,3556,3558,2,,12
update,3561,3566,3569,3,,13
update,3572,3577,3582,5,,14
update,3583,3588,3591,3,,15
update,3594,3599,3602,3,,0
inbound,3595,3600,3603,3,,1
update,3605,3610,3613,3,,2
update,3616,3621,3624,3,,3
update,3627,3632,3635,3,,4
update,3638,3643,3646,3,,5
update,3649,3654,3658,4,,6
inbound,3650,3655,3658,3,,7
update,3660,3665,3669,4,,8
update,3671,3676,3679,3,,9
update,3682,3687,3690,3,,10
update,3693,3698,3701,3,,11
update,3704,3709,3712,3,,12
inbound,3705,3710,3714,4,,13
update,3715,3720,3723,3,,14
update,3726,3731,3734,3,,15
update,3737,3742,3745,3,,0
update,3748,3753,3756,3,,1
update,3759,3764,3768,4,,2
inbound,3760,3765,3769,4,,3
update,3770,3775,3778,3,,4
update,3781,3786,3788,2,,5
update,3792,3797,3800,3,,6
update,3803,3808,3810,2,,7
update,3814,3819,3824,5,,8
inbound,3815,3820,3824,4,,9
update,3825,3830,3833,3,,10
update,3836,3841,3843,2,,11
update,3847,3852,3855,3,,12
update,3858,3863,3866,3,,13
update,3869,3874,3877,3,,14
update,3880,3885,3888,3,,15
update,3891,3896,3899,3,,0
update,3902,3907,3910,3,,1
update,3913,3918,3923,5,,2
update,3924,3929,3931,2,,3
update,4000,4005,4008,3,,4
inbound,4000,4005,4008,3,,5
update,4011,4016,4019,3,,6
update,4022,4027,4030,3,,7
inbound,4025,4030,4032,2,,8
update,4033,4038,4041,3,,9
update,4044,4049,4052,3,,10
update,4055,4060,4063,3,,11
update,4066,4071,4076,5,,12
update,4077,4082,4085,3,,13
update,4088,4093,4096,3,,14
inbound,4100,4105,4108,3,,0
update,4099,4104,4109,5,,15
update,4110,4115,4117,2,,1
update,4121,4126,4128,2,,2
update,4132,4137,4140,3,,3
update,4143,4148,4150,2,,4
update,4154,4159,4162,3,,5
inbound,4155,4160,4163,3,,6
update,4165,4170,4173,3,,7
update,4176,4181,4183,2,,8
update,4187,4192,4195,3,,9
update,4198,4203,4206,3,,10
inbound,4200,4205,4208,3,,11
update,4209,4214,4219,5,,12
inbound,4210,4216,4219,3,,13
update,4220,4225,4227,2,,14
inbound,4225,4230,4233,3,,15
update,4231,4236,4239,3,,0
update,4242,4247,4250,3,,1
update,4253,4258,4260,2,,2
update,4264,4269,4272,3,,3
inbound,4265,4271,4274,3,,4
update,4275,4280,4282,2,,5
update,4286,4291,4293,2,,6
update,4297,4302,4305,3,,7
update,4308,4313,4316,3,,8
update,4319,4324,4327,3,,9
inbound,4320,4326,4329,3,,10
update,4330,4335,4338,3,,11
update,4341,4346,4349,3,,12
update,4352,4357,4360,3,,13
update,4363,4368,4370,2,,14
update,4374,4379,4383,4,,15
inbound,4375,4381,4383,2,,0
update,4385,4390,4392,2,,1
update,4396,4401,4404,3,,2
inbound,4400,4405,4408,3,,3
update,4407,4412,4415,3,,4
update,4418,4423,4425,2,,5
inbound,4425,4430,4433,3,,6
update,4429,4434,4436,2,,7
inbound,4430,4436,4439,3,,8
update,4440,4445,4448,3,,9
update,4451,4456,4459,3,,10
update,4462,4467,4470,3,,11
update,4473,4478,4480,2,,12
update,4484,4489,4492,3,,13
inbound,4485,4491,4494,3,,14
update,4495,4500,4503,3,,15
update,4506,4511,4513,2,,0
update,4517,4522,4524,2,,1
update,4528,4533,4536,3,,2
update,4539,4544,4547,3,,3
inbound,4540,4546,4550,4,,4
update,4550,4555,4558,3,,5
update,4561,4566,4569,3,,6
update,4572,4577,4580,3,,7
update,4583,4588,4590,2,,8
update,4594,4599,4602,3,,9
inbound,4595,4601,4604,3,,10
update,4605,4610,4613,3,,11
update,4616,4621,4623,2,,12
update,4627,4632,4634,2,,13
update,4638,4643,4646,3,,14
update,4649,4654,4657,3,,15
inbound,4650,4656,4659,3,,0
update,4660,4665,4667,2,,1
update,4671,4676,4678,2,,2
update,4682,4687,4690,3,,3
update,4693,4698,4700,2,,4
update,4704,4709,4711,2,,5
inbound,4705,4711,4713,2,,6
update,4715,4720,4722,2,,7
update,4726,4731,4734,3,,8
update,4737,4742,4744,2,,9
update,4748,4753,4755,2,,10
update,4759,4764,4767,3,,11
inbound,4760,4767,4769,2,,12
update,4770,4775,4778,3,,13
update,4781,4786,4789,3,,14
update,4792,4797,4799,2,,15
update,4803,4808,4810,2,,0
update,4814,4819,4822,3,,1
inbound,4815,4821,4824,3,,2
update,4825,4830,4833,3,,3
update,4836,4841,4844,3,,4
update,4847,4852,4854,2,,5
update,4858,4863,4865,2,,6
update,4869,4874,4877,3,,7
update,4880,4885,4888,3,,8
update,4891,4896,4898,2,,9
update,4902,4907,4910,3,,10
update,4913,4918,4922,4,,11
update,4924,4929,4931,2,,12
inbound,5000,5006,5010,4,,14
update,5000,5006,5010,4,,13
update,5011,5017,5020,3,,15
update,5022,5028,5031,3,,0
inbound,5025,5031,5034,3,,1
update,5033,5039,5041,2,,2
update,5044,5050,5053,3,,3
update,5055,5061,5064,3,,4
update,5066,5072,5076,4,,5
update,5077,5083,5086,3,,6
update,5088,5094,5096,2,,7
update,5099,5105,5108,3,,8
inbound,5100,5106,5110,4,,9
update,5110,5116,5119,3,,10
update,5121,5127,5130,3,,11
update,5132,5138,5141,3,,12
update,5143,5149,5152,3,,13
update,5154,5160,5163,3,,14
inbound,5155,5161,5165,4,,15
update,5165,5171,5174,3,,0
update,5176,5182,5185,3,,1
update,5187,5193,5196,3,,2
update,5198,5204,5207,3,,3
inbound,5200,5206,5209,3,,4
update,5209,5215,5219,4,,5
inbound,5210,5217,5220,3,,6
update,5220,5226,5229,3,,7
inbound,5225,5231,5234,3,,8
update,5231,5237,5240,3,,9
update,5242,5248,5250,2,,10
update,5253,5259,5262,3,,11
update,5264,5270,5274,4,,12
inbound,5265,5271,5275,4,,13
update,5275,5281,5284,3,,14
update,5286,5292,5294,2,,15
update,5297,5303,5306,3,,0
update,5308,5314,5317,3,,1
update,5319,5325,5329,4,,2
inbound,5320,5325,5329,4,,3
update,5330,5336,5339,3,,4
update,5341,5347,5350,3,,5
update,5352,5359,5363,4,,6
update,5363,5369,5373,4,,7
update,5374,5380,5385,5,,8
inbound,5375,5381,5387,6,,9
update,5385,5391,5396,5,,10
update,5396,5402,5412,10,,11
inbound,5400,5406,5414,8,,12
update,5407,5413,5416,3,,13
update,5418,5424,5430,6,,14
inbound,5425,5431,5437,6,,15
update,5429,5435,5439,4,,0
inbound,5430,5437,5441,4,,1
update,5440,5446,5449,3,,2
update,5451,5457,5459,2,,3
update,5462,5468,5471,3,,4
update,5473,5479,5482,3,,5
inbound,5485,5491,5494,3,,7
update,5484,5490,5494,4,,6
update,5495,5501,5503,2,,8
update,5506,5512,5514,2,,9
update,5517,5523,5525,2,,10
update,5528,5534,5537,3,,11
inbound,5540,5545,5549,4,,13
update,5539,5545,5549,4,,12
update,5550,5556,5558,2,,14
update,5561,5567,5569,2,,15
update,5572,5578,5580,2,,0
update,5583,5589,5592,3,,1
update,5594,5600,5603,3,,2
inbound,5595,5601,5605,4,,3
update,5605,5611,5614,3,,4
update,5616,5622,5626,4,,5
update,5627,5633,5636,3,,6
update,5638,5644,5646,2,,7
update,5649,5655,5658,3,,8
inbound,5650,5656,5659,3,,9
update,5660,5666,5670,4,,10
update,5671,5677,5680,3,,11
update,5682,5688,5691,3,,12
update,5693,5699,5702,3,,13
update,5704,5710,5714,4,,14
inbound,5705,5711,5716,5,,15
update,5715,5721,5724,3,,0
update,5726,5732,5735,3,,1
update,5737,5743,5747,4,,2
update,5748,5754,5757,3,,3
update,5759,5765,5770,5,,4
inbound,5760,5766,5770,4,,5
update,5770,5776,5779,3,,6
update,5781,5787,5790,3,,7
update,5792,5798,5802,4,,8
update,5803,5809,5814,5,,9
inbound,5815,5821,5825,4,,11
update,5814,5820,5825,5,,10
update,5825,5831,5835,4,,12
update,5836,5842,5847,5,,13
update,5847,5853,5856,3,,14
update,5858,5865,5870,5,,15
update,5869,5875,5878,3,,0
update,5880,5886,5890,4,,1
update,5891,5897,5900,3,,2
update,5902,5908,5911,3,,3
update,5913,5919,5926,7,,4
update,5924,5930,5934,4,,5
inbound,6000,6006,6009,3,,7
update,6000,6006,6010,4,,6
update,6011,6017,6020,3,,8
update,6022,6028,6031,3,,9
inbound,6025,6031,6033,2,,10
update,6033,6039,6042,3,,11
update,6044,6050,6053,3,,12
update,6055,6061,6063,2,,13
update,6066,6072,6079,7,,14
update,6077,6083,6087,4,,15
update,6088,6094,6097,3,,0
update,6099,6105,6108,3,,1
inbound,6100,6106,6109,3,,2
update,6110,6116,6119,3,,3
update,6121,6127,6131,4,,4
update,6132,6137,6141,4,,5
update,6143,6149,6152,3,,6
update,6154,6160,6163,3,,7
inbound,6155,6161,6165,4,,8
update,6165,6171,6175,4,,9
update,6176,6182,6184,2,,10
update,6187,6193,6196,3,,11
update,6198,6204,6207,3,,12
inbound,6200,6206,6209,3,,13
update,6209,6215,6219,4,,14
inbound,6210,6216,6220,4,,15
update,6220,6226,6229,3,,0
inbound,6225,6231,6234,3,,1
update,6231,6237,6240,3,,2
update,6242,6248,6251,3,,3
update,6253,6259,6262,3,,4
update,6264,6270,6273,3,,5
inbound,6265,6271,6274,3,,6
update,6275,6281,6284,3,,7
update,6286,6292,6295,3,,8
update,6297,6303,6306,3,,9
update,6308,6314,6318,4,,10
update,6319,6325,6328,3,,11
inbound,6320,6326,6329,3,,12
update,6330,6336,6339,3,,13
update,6341,6347,6350,3,,14
update,6352,6358,6361,3,,15
update,6363,6369,6372,3,,0
update,6374,6380,6384,4,,1
inbound,6375,6381,6386,5,,2
update,6385,6391,6395,4,,3
update,6396,6402,6406,4,,4
inbound,6400,6406,6411,5,,5
update,6407,6413,6416,3,,6
update,6418,6424,6428,4,,7
inbound,6425,6431,6434,3,,8
update,6429,6435,6438,3,,9
inbound,6430,6436,6440,4,,10
update,6440,6446,6449,3,,11
update,6451,6457,6460,3,,12
update,6462,6468,6470,2,,13
update,6473,6479,6482,3,,14
update,6484,6490,6493,3,,15
inbound,6485,6491,6494,3,,0
update,6495,6501,6504,3,,1
update,6506,6512,6515,3,,2
update,6517,6523,6526,3,,3
update,6528,6534,6537,3,,4
update,6539,6545,6548,3,,5
inbound,6540,6546,6549,3,,6
update,6550,6556,6560,4,,7
update,6561,6567,6570,3,,8
update,6572,6578,6581,3,,9
update,6583,6589,6591,2,,10
update,6594,6600,6603,3,,11
inbound,6595,6601,6604,3,,12
update,6605,6611,6613,2,,13
update,6616,6622,6625,3,,14
update,6627,6633,6636,3,,15
update,6638,6644,6647,3,,0
update,6649,6655,6659,4,,1
inbound,6650,6656,6659,3,,2
update,6660,6666,6669,3,,3
update,6671,6677,6680,3,,4
update,6682,6688,6691,3,,5
update,6693,6699,6702,3,,6
update,6704,6710,6713,3,,7
inbound,6705,6711,6714,3,,8
update,6715,6721,6724,3,,9
update,6726,6732,6735,3,,10
update,6737,6743,6745,2,,11
update,6748,6754,6757,3,,12
update,6759,6765,6768,3,,13
inbound,6760,6766,6769,3,,14
update,6770,6776,6780,4,,15
update,6781,6787,6789,2,,0
update,6792,6798,6802,4,,1
update,6803,6809,6812,3,,2
inbound,6815,6821,6824,3,,4
update,6814,6820,6825,5,,3
update,6825,6831,6834,3,,5
update,6836,6842,6844,2,,6
update,6847,6853,6856,3,,7
update,6858,6864,6867,3,,8
update,6869,6875,6877,2,,9
update,6880,6886,6889,3,,10
update,6891,6897,6900,3,,11
update,6902,6908,6912,4,,12
update,6913,6919,6922,3,,13
update,6924,6930,6933,3,,14
inbound,7000,7006,7009,3,,0
update,7000,7006,7009,3,,15
update,7011,7017,7020,3,,1
update,7022,7028,7033,5,,2
inbound,7025,7031,7035,4,,3
update,7033,7039,7043,4,,4
update,7044,7050,7057,7,,5
update,7055,7061,7064,3,,6
update,7066,7072,7078,6,,7
update,7077,7083,7090,7,,8
update,7088,7094,7100,6,,9
inbound,7100,7106,7110,4,,11
update,7099,7106,7111,5,,10
update,7110,7116,7120,4,,12
update,7121,7127,7130,3,,13
update,7132,7138,7142,4,,14
update,7143,7149,7153,4,,15
update,7154,7160,7164,4,,0
inbound,7155,7162,7167,5,,1
update,7165,7171,7174,3,,2
update,7176,7182,7185,3,,3
update,7187,7193,7196,3,,4
update,7198,7204,7208,4,,5
inbound,7200,7207,7211,4,,6
update,7209,7215,7218,3,,7
inbound,7210,7216,7220,4,,8
update,7220,7226,7230,4,,9
inbound,7225,7231,7234,3,,10
update,7231,7237,7240,3,,11
update,7242,7248,7253,5,,12
update,7253,7259,7261,2,,13
update,7264,7270,7273,3,,14
inbound,7265,7271,7275,4,,15
update,7275,7281,7283,2,,0
update,7286,7292,7295,3,,1
update,7297,7303,7306,3,,2
update,7308,7314,7317,3,,3
update,7319,7325,7329,4,,4
inbound,7320,7326,7330,4,,5
update,7330,7336,7339,3,,6
update,7341,7347,7350,3,,7
update,7352,7358,7361,3,,8
update,7363,7369,7372,3,,9
update,7374,7380,7384,4,,10
inbound,7375,7381,7385,4,,11
update,7385,7391,7394,3,,12
update,7396,7402,7404,2,,13
inbound,7400,7406,7408,2,,14
update,7407,7412,7415,3,,15
update,7418,7424,7428,4,,0
inbound,7425,7431,7433,2,,1
update,7429,7435,7438,3,,2
inbound,7430,7436,7439,3,,3
update,7440,7446,7449,3,,4
update,7451,7457,7460,3,,5
update,7462,7468,7472,4,,6
update,7473,7479,7483,4,,7
update,7484,7490,7493,3,,8
inbound,7485,7491,7495,4,,9
update,7495,7501,7504,3,,10
update,7506,7512,7515,3,,11
update,7517,7523,7526,3,,12
update,7528,7534,7537,3,,13
update,7539,7545,7549,4,,14
inbound,7540,7546,7550,4,,15
update,7550,7556,7559,3,,0
update,7561,7567,7571,4,,1
update,7572,7578,7581,3,,2
update,7583,7589,7593,4,,3
update,7594,7600,7604,4,,4
inbound,7595,7600,7604,4,,5
update,7605,7611,7614,3,,6
update,7616,7622,7624,2,,7
update,7627,7633,7635,2,,8
update,7638,7644,7647,3,,9
inbound,7650,7656,7659,3,,11
update,7649,7655,7659,4,,10
update,7660,7666,7670,4,,12
update,7671,7677,7680,3,,13
update,7682,7689,7692,3,,14
update,7693,7699,7702,3,,15
update,7704,7710,7713,3,,0
inbound,7705,7711,7715,4,,1
update,7715,7721,7723,2,,2
update,7726,7732,7735,3,,3
update,7737,7743,7746,3,,4
update,7748,7754,7756,2,,5
update,7759,7765,7768,3,,6
inbound,7760,7766,7768,2,,7
update,7770,7775,7778,3,,8
update,7781,7787,7790,3,,9
update,7792,7798,7801,3,,10
update,7803,7809,7812,3,,11
inbound,7815,7821,7824,3,,13
update,7814,7820,7825,5,,12
update,7825,7831,7834,3,,14
update,7836,7842,7845,3,,15
update,7847,7853,7856,3,,0
update,7858,7864,7867,3,,1
update,7869,7875,7879,4,,2
update,7880,7886,7889,3,,3
update,7891,7897,7900,3,,4
update,7902,7908,7910,2,,5
update,7913,7919,7922,3,,6
update,7924,7931,7934,3,,7
update,8000,8006,8009,3,,8
inbound,8000,8006,8010,4,,9
update,8011,8017,8019,2,,10
update,8022,8028,8030,2,,11
inbound,8025,8032,8035,3,,12
update,8033,8039,8041,2,,13
update,8044,8050,8053,3,,14
update,8055,8061,8065,4,,15
update,8066,8072,8074,2,,0
update,8077,8083,8088,5,,1
update,8088,8094,8097,3,,2
update,8099,8105,8107,2,,3
inbound,8100,8107,8110,3,,4
update,8110,8116,8118,2,,5
update,8121,8126,8129,3,,6
update,8132,8138,8141,3,,7
update,8143,8149,8153,4,,8
update,8154,8160,8162,2,,9
inbound,8155,8162,8165,3,,10
update,8165,8171,8173,2,,11
update,8176,8182,8184,2,,12
update,8187,8193,8196,3,,13
update,8198,8204,8206,2,,14
inbound,8200,8207,8210,3,,15
update,8209,8215,8218,3,,0
inbound,8210,8217,8220,3,,1
update,8220,8226,8229,3,,2
inbound,8225,8232,8234,2,,3
update,8231,8237,8240,3,,4
update,8242,8248,8250,2,,5
update,8253,8260,8262,2,,6
update,8264,8270,8273,3,,7
inbound,8265,8272,8275,3,,8
update,8275,8281,8283,2,,9
update,8286,8292,8294,2,,10
update,8297,8303,8305,2,,11
update,8308,8314,8317,3,,12
update,8319,8325,8327,2,,13
inbound,8320,8327,8330,3,,14
update,8330,8336,8339,3,,15
update,8341,8347,8349,2,,0
update,8352,8358,8360,2,,1
update,8363,8369,8371,2,,2
update,8374,8380,8383,3,,3
inbound,8375,8382,8385,3,,4
update,8385,8391,8394,3,,5
update,8396,8402,8405,3,,6
inbound,8400,8407,8410,3,,7
update,8407,8413,8415,2,,8
update,8418,8425,8427,2,,9
inbound,8425,8432,8434,2,,10
update,8429,8435,8437,2,,11
inbound,8430,8437,8440,3,,12
update,8440,8446,8448,2,,13
update,8451,8457,8459,2,,14
update,8462,8468,8470,2,,15
update,8473,8479,8481,2,,0
update,8484,8491,8493,2,,1
inbound,8485,8492,8495,3,,2
update,8495,8501,8504,3,,3
update,8506,8512,8514,2,,4
update,8517,8523,8526,3,,5
update,8528,8534,8537,3,,6
update,8539,8545,8548,3,,7
inbound,8540,8547,8550,3,,8
update,8550,8556,8558,2,,9
update,8561,8567,8569,2,,10
update,8572,8577,8580,3,,11
update,8583,8589,8592,3,,12
update,8594,8600,8603,3,,13
inbound,8595,8602,8605,3,,14
update,8605,8611,8613,2,,15
update,8616,8622,8625,3,,0
update,8627,8633,8636,3,,1
update,8638,8644,8647,3,,2
update,8649,8655,8658,3,,3
inbound,8650,8657,8660,3,,4
update,8660,8666,8668,2,,5
update,8671,8677,8680,3,,6
update,8682,8688,8690,2,,7
update,8693,8699,8701,2,,8
update,8704,8710,8713,3,,9
inbound,8705,8712,8714,2,,10
update,8715,8721,8724,3,,11
update,8726,8732,8735,3,,12
update,8737,8743,8745,2,,13
update,8748,8754,8757,3,,14
update,8759,8765,8768,3,,15
inbound,8760,8767,8769,2,,0
update,8770,8776,8778,2,,1
update,8781,8787,8790,3,,2
update,8792,8799,8801,2,,3
update,8803,8810,8812,2,,4
inbound,8815,8821,8824,3,,6
update,8814,8821,8824,3,,5
update,8825,8832,8835,3,,7
update,8836,8843,8846,3,,8
update,8847,8854,8856,2,,9
update,8858,8865,8867,2,,10
update,8869,8876,8880,4,,11
update,8880,8887,8889,2,,12
update,8891,8898,8900,2,,13
update,8902,8909,8912,3,,14
update,8913,8920,8923,3,,15
update,8924,8931,8934,3,,0
inbound,9000,9007,9010,3,,2
update,9000,9007,9011,4,,1
update,9011,9018,9020,2,,3
update,9022,9029,9032,3,,4
inbound,9025,9032,9035,3,,5
update,9033,9040,9043,3,,6
update,9044,9051,9054,3,,7
update,9055,9062,9065,3,,8
update,9066,9073,9076,3,,9
update,9077,9084,9086,2,,10
update,9088,9095,9099,4,,11
inbound,9100,9107,9110,3,,13
update,9099,9106,9110,4,,12
update,9110,9117,9121,4,,14
update,9121,9128,9131,3,,15
update,9132,9139,9142,3,,0
update,9143,9150,9153,3,,1
update,9154,9161,9164,3,,2
inbound,9155,9162,9165,3,,3
update,9165,9172,9174,2,,4
update,9176,9183,9188,5,,5
update,9187,9194,9197,3,,6
update,9198,9205,9207,2,,7
inbound,9200,9207,9210,3,,8
update,9209,9216,9219,3,,9
inbound,9210,9217,9220,3,,10
update,9220,9227,9229,2,,11
inbound,9225,9232,9234,2,,12
update,9231,9238,9240,2,,13
update,9242,9249,9252,3,,14
update,9253,9260,9262,2,,15
update,9264,9271,9274,3,,0
inbound,9265,9272,9276,4,,1
update,9275,9282,9285,3,,2
update,9286,9293,9296,3,,3
update,9297,9304,9307,3,,4
update,9308,9315,9318,3,,5
inbound,9320,9328,9331,3,,7
update,9319,9326,9331,5,,6
update,9330,9337,9340,3,,8
update,9341,9348,9351,3,,9
update,9352,9359,9361,2,,10
update,9363,9370,9373,3,,11
update,9374,9381,9384,3,,12
inbound,9375,9382,9385,3,,13
update,9385,9392,9395,3,,14
update,9396,9403,9406,3,,15
inbound,9400,9407,9410,3,,0
update,9407,9414,9417,3,,1
update,9418,9425,9428,3,,2
inbound,9425,9432,9435,3,,3
update,9429,9435,9439,4,,4
inbound,9430,9437,9440,3,,5
update,9440,9447,9450,3,,6
update,9451,9458,9461,3,,7
update,9462,9469,9472,3,,8
update,9473,9480,9483,3,,9
update,9484,9491,9494,3,,10
inbound,9485,9492,9495,3,,11
update,9495,9502,9506,4,,12
update,9506,9513,9516,3,,13
update,9517,9524,9527,3,,14
update,9528,9535,9539,4,,15
inbound,9540,9547,9550,3,,1
update,9539,9546,9551,5,,0
update,9550,9557,9561,4,,2
update,9561,9568,9572,4,,3
update,9572,9580,9585,5,,4
update,9583,9590,9594,4,,5
inbound,9595,9602,9606,4,,7
update,9594,9601,9606,5,,6
update,9605,9612,9615,3,,8
update,9616,9623,9627,4,,9
update,9627,9634,9636,2,,10
update,9638,9646,9649,3,,11
update,9649,9656,9660,4,,12
inbound,9650,9657,9661,4,,13
update,9660,9667,9677,10,,14
update,9671,9678,9685,7,,15
update,9682,9690,9693,3,,0
update,9693,9700,9704,4,,1
update,9704,9711,9715,4,,2
inbound,9705,9712,9717,5,,3
update,9715,9722,9724,2,,4
update,9726,9733,9737,4,,5
update,9737,9744,9747,3,,6
update,9748,9755,9759,4,,7
inbound,9760,9766,9769,3,,9
update,9759,9766,9770,4,,8
update,9770,9777,9781,4,,10
update,9781,9788,9791,3,,11
update,9792,9799,9801,2,,12
update,9803,9810,9813,3,,13
update,9814,9821,9824,3,,14
inbound,9815,9822,9829,7,,15
update,9825,9832,9835,3,,0
update,9836,9843,9845,2,,1
update,9847,9854,9856,2,,2
update,9858,9865,9868,3,,3
update,9869,9876,9879,3,,4
update,9880,9887,9890,3,,5
update,9891,9898,9901,3,,6
update,9902,9909,9911,2,,7
update,9913,9920,9924,4,,8
update,9924,9930,9933,3,,9
update,10000,10007,10011,4,,10
inbound,10000,10007,10011,4,,11
update,10011,10018,10023,5,,12
update,10022,10029,10032,3,,13
inbound,10025,10032,10035,3,,14
update,10033,10040,10043,3,,15
update,10044,10051,10054,3,,0
update,10055,10061,10065,4,,1
update,10066,10073,10076,3,,2
update,10077,10084,10088,4,,3
update,10088,10095,10101,6,,4
update,10099,10105,10109,4,,5
inbound,10100,10107,10113,6,,6
update,10110,10116,10119,3,,7
update,10121,10128,10131,3,,8
update,10132,10139,10142,3,,9
update,10143,10150,10153,3,,10
inbound,10155,10162,10166,4,,12
update,10154,10161,10166,5,,11
update,10165,10172,10175,3,,13
update,10176,10183,10185,2,,14
update,10187,10194,10198,4,,15
update,10198,10205,10208,3,,0
inbound,10200,10207,10210,3,,1
update,10209,10216,10219,3,,2
inbound,10210,10217,10221,4,,3
update,10220,10227,10230,3,,4
inbound,10225,10232,10235,3,,5
update,10231,10238,10241,3,,6
update,10242,10249,10252,3,,7
update,10253,10260,10263,3,,8
update,10264,10271,10275,4,,9
inbound,10265,10272,10276,4,,10
update,10275,10282,10285,3,,11
update,10286,10293,10296,3,,12
update,10297,10304,10309,5,,13
update,10308,10315,10317,2,,14
update,10319,10326,10330,4,,15
inbound,10320,10327,10330,3,,0
update,10330,10337,10340,3,,1
update,10341,10348,10351,3,,2
update,10352,10359,10362,3,,3
update,10363,10370,10373,3,,4
update,10374,10381,10384,3,,5
inbound,10375,10382,10385,3,,6
update,10385,10392,10394,2,,7
update,10396,10403,10406,3,,8
inbound,10400,10407,10410,3,,9
update,10407,10414,10419,5,,10
update,10418,10425,10429,4,,11
inbound,10425,10432,10435,3,,12
update,10429,10436,10439,3,,13
inbound,10430,10437,10440,3,,14
update,10440,10447,10449,2,,15
update,10451,10458,10462,4,,0
update,10462,10469,10472,3,,1
update,10473,10480,10483,3,,2
update,10484,10491,10497,6,,3
inbound,10485,10492,10498,6,,4
update,10495,10502,10505,3,,5
update,10506,10514,10517,3,,6
update,10517,10524,10530,6,,7
update,10528,10535,10539,4,,8
update,10539,10546,10551,5,,9
inbound,10540,10548,10553,5,,10
update,10550,10557,10561,4,,11
update,10561,10568,10571,3,,12
update,10572,10579,10582,3,,13
update,10583,10589,10592,3,,14
update,10594,10601,10604,3,,15
inbound,10595,10602,10605,3,,0
update,10605,10612,10614,2,,1
update,10616,10623,10627,4,,2
update,10627,10634,10637,3,,3
update,10638,10645,10648,3,,4
update,10649,10656,10659,3,,5
inbound,10650,10657,10660,3,,6
update,10660,10667,10670,3,,7
update,10671,10679,10681,2,,8
update,10682,10689,10691,2,,9
update,10693,10700,10703,3,,10
inbound,10705,10711,10714,3,,12
update,10704,10711,10716,5,,11
update,10715,10722,10725,3,,13
update,10726,10733,10736,3,,14
update,10737,10744,10746,2,,15
update,10748,10755,10761,6,,0
inbound,10760,10767,10769,2,,2
update,10759,10766,10769,3,,1
update,10770,10777,10780,3,,3
update,10781,10788,10791,3,,4
update,10792,10799,10802,3,,5
update,10803,10810,10813,3,,6
update,10814,10821,10824,3,,7
inbound,10815,10822,10825,3,,8
update,10825,10832,10834,2,,9
update,10836,10843,10845,2,,10
update,10847,10854,10857,3,,11
update,10858,10865,10867,2,,12
update,10869,10876,10879,3,,13
update,10880,10887,10890,3,,14
update,10891,10898,10902,4,,15
update,10902,10909,10912,3,,0
update,10913,10920,10923,3,,1
update,10924,10931,10935,4,,2
inbound,11000,11007,11013,6,,4
update,11000,11007,11013,6,,3
update,11011,11018,11020,2,,5
update,11022,11029,11032,3,,6
inbound,11025,11032,11034,2,,7
update,11033,11040,11043,3,,8
update,11044,11051,11053,2,,9
update,11055,11062,11064,2,,10
update,11066,11073,11075,2,,11
update,11077,11084,11087,3,,12
update,11088,11095,11098,3,,13
inbound,11100,11107,11113,6,,15
update,11099,11106,11113,7,,14
update,11110,11117,11119,2,,0
update,11121,11128,11131,3,,1
update,11132,11139,11142,3,,2
update,11143,11150,11153,3,,3
update,11154,11161,11164,3,,4
inbound,11155,11162,11165,3,,5
update,11165,11172,11175,3,,6
update,11176,11183,11186,3,,7
update,11187,11194,11197,3,,8
update,11198,11205,11207,2,,9
inbound,11200,11207,11210,3,,10
update,11209,11216,11219,3,,11
inbound,11210,11217,11221,4,,12
update,11220,11227,11230,3,,13
inbound,11225,11232,11235,3,,14
update,11231,11238,11241,3,,15
update,11242,11249,11252,3,,0
update,11253,11260,11263,3,,1
update,11264,11271,11275,4,,2
inbound,11265,11272,11275,3,,3
update,11275,11282,11285,3,,4
update,11286,11293,11296,3,,5
update,11297,11304,11307,3,,6
update,11308,11315,11318,3,,7
update,11319,11326,11330,4,,8
inbound,11320,11327,11330,3,,9
update,11330,11337,11340,3,,10
update,11341,11348,11351,3,,11
update,11352,11359,11362,3,,12
update,11363,11370,11373,3,,13
update,11374,11381,11384,3,,14
inbound,11375,11382,11385,3,,15
update,11385,11392,11394,2,,0
update,11396,11403,11407,4,,1
inbound,11400,11407,11411,4,,2
update,11407,11414,11417,3,,3
update,11418,11425,11428,3,,4
inbound,11425,11432,11435,3,,5
inbound,11430,11436,11441,5,,7
update,11429,11436,11441,5,,6
update,11440,11447,11450,3,,8
update,11451,11458,11461,3,,9
update,11462,11469,11472,3,,10
update,11473,11480,11482,2,,11
update,11484,11491,11495,4,,12
inbound,11485,11492,11495,3,,13
update,11495,11502,11505,3,,14
update,11506,11513,11516,3,,15
update,11517,11524,11526,2,,0
update,11528,11535,11537,2,,1
inbound,11540,11546,11550,4,,3
update,11539,11546,11550,4,,2
update,11550,11557,11560,3,,4
update,11561,11568,11573,5,,5
update,11572,11579,11584,5,,6
update,11583,11590,11597,7,,7
update,11594,11601,11604,3,,8
inbound,11595,11602,11608,6,,9
update,11605,11612,11617,5,,10
update,11616,11623,11628,5,,11
update,11627,11634,11636,2,,12
update,11638,11644,11647,3,,13
update,11649,11656,11659,3,,14
inbound,11650,11657,11660,3,,15
update,11660,11667,11670,3,,0
update,11671,11678,11684,6,,1
update,11682,11689,11692,3,,2
update,11693,11700,11703,3,,3
update,11704,11711,11714,3,,4
inbound,11705,11712,11716,4,,5
update,11715,11722,11725,3,,6
update,11726,11733,11736,3,,7
update,11737,11744,11748,4,,8
update,11748,11755,11758,3,,9
update,11759,11766,11769,3,,10
inbound,11760,11767,11769,2,,11
update,11770,11777,11779,2,,12
update,11781,11788,11791,3,,13
update,11792,11799,11801,2,,14
update,11803,11810,11813,3,,15
update,11814,11821,11824,3,,0
inbound,11815,11822,11825,3,,1
update,11825,11832,11834,2,,2
update,11836,11843,11846,3,,3
update,11847,11854,11857,3,,4
update,11858,11865,11868,3,,5
update,11869,11876,11878,2,,6
update,11880,11887,11889,2,,7
update,11891,11898,11901,3,,8
update,11902,11909,11911,2,,9
update,11913,11920,11922,2,,10
update,11924,11931,11935,4,,11
update,12000,12007,12010,3,,12
inbound,12000,12007,12010,3,,13
update,12011,12018,12021,3,,14
update,12022,12029,12031,2,,15
inbound,12025,12032,12035,3,,0
update,12033,12040,12042,2,,1
update,12044,12051,12053,2,,2
update,12055,12062,12065,3,,3
update,12066,12073,12075,2,,4
update,12077,12083,12086,3,,5
update,12088,12095,12097,2,,6
update,12099,12106,12109,3,,7
inbound,12100,12108,12112,4,,8
update,12110,12117,12120,3,,9
update,12121,12128,12131,3,,10
update,12132,12139,12141,2,,11
update,12143,12150,12152,2,,12
update,12154,12161,12164,3,,13
inbound,12155,12162,12165,3,,14
update,12165,12172,12174,2,,15
update,12176,12182,12185,3,,0
update,12187,12194,12197,3,,1
update,12198,12205,12207,2,,2
inbound,12200,12207,12210,3,,3
update,12209,12216,12219,3,,4
inbound,12210,12217,12220,3,,5
update,12220,12227,12230,3,,6
inbound,12225,12232,12235,3,,7
update,12231,12238,12240,2,,8
update,12242,12249,12252,3,,9
update,12253,12260,12262,2,,10
update,12264,12271,12274,3,,11
inbound,12265,12271,12274,3,,12
update,12275,12282,12284,2,,13
update,12286,12293,12295,2,,14
update,12297,12304,12307,3,,15
update,12308,12315,12318,3,,0
update,12319,12326,12329,3,,1
inbound,12320,12327,12330,3,,2
update,12330,12337,12339,2,,3
update,12341,12348,12350,2,,4
update,12352,12359,12361,2,,5
update,12363,12370,12373,3,,6
update,12374,12381,12384,3,,7
inbound,12375,12382,12385,3,,8
update,12385,12392,12395,3,,9
update,12396,12403,12405,2,,10
inbound,12400,12407,12410,3,,11
update,12407,12414,12416,2,,12
update,12418,12425,12428,3,,13
inbound,12425,12432,12435,3,,14
update,12429,12436,12439,3,,15
inbound,12430,12437,12440,3,,0
update,12440,12447,12450,3,,1
update,12451,12458,12460,2,,2
update,12462,12469,12472,3,,3
update,12473,12480,12482,2,,4
update,12484,12491,12494,3,,5
inbound,12485,12492,12495,3,,6
update,12495,12502,12505,3,,7
update,12506,12513,12515,2,,8
update,12517,12524,12527,3,,9
update,12528,12535,12537,2,,10
update,12539,12546,12549,3,,11
inbound,12540,12547,12549,2,,12
update,12550,12558,12560,2,,13
update,12561,12568,12571,3,,14
update,12572,12579,12581,2,,15
update,12583,12590,12592,2,,0
inbound,12595,12601,12605,4,,2
update,12594,12601,12605,4,,1
update,12605,12612,12616,4,,3
update,12616,12623,12626,3,,4
update,12627,12634,12637,3,,5
update,12638,12645,12648,3,,6
update,12649,12656,12659,3,,7
inbound,12650,12657,12661,4,,8
update,12660,12667,12669,2,,9
update,12671,12678,12681,3,,10
update,12682,12689,12691,2,,11
update,12693,12700,12703,3,,12
update,12704,12711,12714,3,,13
inbound,12705,12711,12715,4,,14
update,12715,12722,12724,2,,15
update,12726,12733,12736,3,,0
update,12737,12744,12748,4,,1
update,12748,12755,12759,4,,2
update,12759,12766,12769,3,,3
inbound,12760,12767,12769,2,,4
update,12770,12777,12780,3,,5
update,12781,12788,12791,3,,6
update,12792,12799,12802,3,,7
update,12803,12810,12813,3,,8
inbound,12815,12822,12828,6,,10
update,12814,12821,12828,7,,9
update,12825,12832,12835,3,,11
update,12836,12843,12846,3,,12
update,12847,12854,12858,4,,13
update,12858,12865,12869,4,,14
update,12869,12876,12880,4,,15
update,12880,12887,12890,3,,0
update,12891,12898,12901,3,,1
update,12902,12910,12913,3,,2
update,12913,12920,12923,3,,3
update,12924,12931,12935,4,,4
update,13000,13007,13011,4,,5
inbound,13000,13009,13014,5,,6
update,13011,13018,13021,3,,7
update,13022,13029,13033,4,,8
inbound,13025,13034,13040,6,,9
update,13033,13040,13043,3,,10
update,13044,13051,13054,3,,11
update,13055,13062,13066,4,,12
update,13066,13073,13076,3,,13
update,13077,13086,13089,3,,14
update,13088,13097,13100,3,,15
update,13099,13108,13116,8,,0
inbound,13100,13110,13117,7,,1
update,13110,13119,13122,3,,2
update,13121,13130,13133,3,,3
update,13132,13141,13143,2,,4
update,13143,13152,13155,3,,5
update,13154,13163,13167,4,,6
inbound,13155,13164,13168,4,,7
update,13165,13174,13177,3,,8
update,13176,13185,13197,12,,9
update,13187,13196,13199,3,,10
update,13198,13207,13211,4,,11
inbound,13200,13209,13213,4,,12
update,13209,13218,13223,5,,13
inbound,13210,13219,13224,5,,14
update,13220,13229,13232,3,,15
inbound,13225,13234,13237,3,,0
update,13231,13240,13243,3,,1
update,13242,13251,13255,4,,2
update,13253,13262,13265,3,,3
update,13264,13272,13276,4,,4
inbound,13265,13274,13279,5,,5
update,13275,13284,13287,3,,6
update,13286,13295,13298,3,,7
update,13297,13306,13309,3,,8
update,13308,13317,13319,2,,9
update,13319,13328,13331,3,,10
inbound,13320,13329,13332,3,,11
update,13330,13339,13342,3,,12
update,13341,13350,13354,4,,13
update,13352,13361,13365,4,,14
update,13363,13372,13374,2,,15
update,13374,13383,13387,4,,0
inbound,13375,13383,13388,5,,1
update,13385,13394,13397,3,,2
update,13396,13405,13409,4,,3
inbound,13400,13409,13412,3,,4
update,13407,13416,13419,3,,5
update,13418,13427,13429,2,,6
inbound,13425,13434,13437,3,,7
update,13429,13437,13441,4,,8
inbound,13430,13439,13442,3,,9
update,13440,13449,13452,3,,10
update,13451,13460,13463,3,,11
update,13462,13471,13474,3,,12
update,13473,13482,13484,2,,13
update,13484,13492,13496,4,,14
inbound,13485,13494,13498,4,,15
update,13495,13504,13506,2,,0
update,13506,13515,13518,3,,1
update,13517,13526,13528,2,,2
update,13528,13537,13539,2,,3
update,13539,13548,13552,4,,4
inbound,13540,13549,13553,4,,5
update,13550,13559,13562,3,,6
update,13561,13570,13572,2,,7
update,13572,13581,13584,3,,8
update,13583,13592,13595,3,,9
update,13594,13603,13606,3,,10
inbound,13595,13604,13608,4,,11
update,13605,13614,13617,3,,12
update,13616,13625,13627,2,,13
update,13627,13636,13639,3,,14
update,13638,13647,13649,2,,15
update,13649,13658,13661,3,,0
inbound,13650,13659,13662,3,,1
update,13660,13669,13672,3,,2
update,13671,13680,13683,3,,3
update,13682,13691,13694,3,,4
update,13693,13702,13705,3,,5
inbound,13705,13714,13717,3,,7
update,13704,13713,13718,5,,6
update,13715,13724,13727,3,,8
update,13726,13735,13738,3,,9
update,13737,13746,13749,3,,10
update,13748,13757,13761,4,,11
update,13759,13768,13771,3,,12
inbound,13760,13769,13772,3,,13
update,13770,13779,13782,3,,14
update,13781,13790,13793,3,,15
update,13792,13801,13804,3,,0
update,13803,13812,13814,2,,1
inbound,13815,13824,13827,3,,3
update,13814,13823,13827,4,,2
update,13825,13834,13837,3,,4
update,13836,13845,13847,2,,5
update,13847,13856,13860,4,,6
update,13858,13867,13870,3,,7
update,13869,13878,13881,3,,8
update,13880,13889,13893,4,,9
update,13891,13900,13903,3,,10
update,13902,13911,13914,3,,11
update,13913,13922,13924,2,,12
update,13924,13933,13936,3,,13
update,14000,14009,14013,4,,14
inbound,14000,14009,14013,4,,15
update,14011,14020,14022,2,,0
update,14022,14031,14036,5,,1
inbound,14025,14034,14044,10,,2
update,14033,14043,14047,4,,3
update,14044,14053,14056,3,,4
update,14055,14064,14067,3,,5
update,14066,14075,14078,3,,6
update,14077,14086,14089,3,,7
update,14088,14097,14100,3,,8
update,14099,14108,14112,4,,9
inbound,14100,14109,14117,8,,10
update,14110,14119,14127,8,,11
update,14121,14130,14137,7,,12
update,14132,14141,14146,5,,13
update,14143,14152,14156,4,,14
update,14154,14163,14169,6,,15
inbound,14155,14164,14170,6,,0
update,14165,14174,14179,5,,1
update,14176,14185,14188,3,,2
update,14187,14196,14199,3,,3
update,14198,14207,14210,3,,4
inbound,14200,14209,14213,4,,5
update,14209,14218,14222,4,,6
inbound,14210,14219,14223,4,,7
update,14220,14229,14233,4,,8
inbound,14225,14234,14237,3,,9
update,14231,14240,14243,3,,10
update,14242,14251,14254,3,,11
update,14253,14262,14265,3,,12
update,14264,14273,14276,3,,13
inbound,14265,14274,14278,4,,14
update,14275,14284,14286,2,,15
update,14286,14295,14299,4,,0
update,14297,14306,14309,3,,1
update,14308,14317,14320,3,,2
update,14319,14328,14331,3,,3
inbound,14320,14329,14333,4,,4
update,14330,14339,14341,2,,5
update,14341,14350,14353,3,,6
update,14352,14361,14364,3,,7
update,14363,14372,14375,3,,8
update,14374,14383,14387,4,,9
inbound,14375,14384,14388,4,,10
update,14385,14394,14396,2,,11
update,14396,14405,14408,3,,12
inbound,14400,14409,14413,4,,13
update,14407,14416,14418,2,,14
update,14418,14426,14430,4,,15
inbound,14425,14434,14437,3,,0
update,14429,14438,14442,4,,1
inbound,14430,14439,14443,4,,2
update,14440,14449,14452,3,,3
update,14451,14460,14463,3,,4
update,14462,14471,14473,2,,5
update,14473,14482,14485,3,,6
update,14484,14493,14497,4,,7
inbound,14485,14494,14497,3,,8
update,14495,14504,14507,3,,9
update,14506,14515,14518,3,,10
update,14517,14526,14529,3,,11
update,14528,14537,14541,4,,12
update,14539,14548,14552,4,,13
inbound,14540,14549,14553,4,,14
update,14550,14560,14564,4,,15
update,14561,14570,14574,4,,0
update,14572,14581,14584,3,,1
update,14583,14592,14596,4,,2
update,14594,14602,14607,5,,3
inbound,14595,14604,14611,7,,4
update,14605,14614,14618,4,,5
update,14616,14625,14629,4,,6
update,14627,14636,14641,5,,7
update,14638,14647,14652,5,,8
update,14649,14658,14662,4,,9
inbound,14650,14659,14664,5,,10
update,14660,14669,14672,3,,11
update,14671,14680,14685,5,,12
update,14682,14691,14694,3,,13
update,14693,14702,14705,3,,14
update,14704,14713,14719,6,,15
inbound,14705,14714,14719,5,,0
update,14715,14724,14728,4,,1
update,14726,14735,14738,3,,2
update,14737,14746,14749,3,,3
update,14748,14757,14762,5,,4
inbound,14760,14769,14772,3,,6
update,14759,14768,14773,5,,5
update,14770,14779,14783,4,,7
update,14781,14790,14794,4,,8
update,14792,14801,14805,4,,9
update,14803,14812,14816,4,,10
inbound,14815,14824,14827,3,,12
update,14814,14823,14828,5,,11
update,14825,14834,14837,3,,13
update,14836,14845,14850,5,,14
update,14847,14856,14859,3,,15
update,14858,14867,14870,3,,0
update,14869,14878,14881,3,,1
update,14880,14889,14892,3,,2
update,14891,14900,14903,3,,3
update,14902,14911,14915,4,,4
update,14913,14922,14927,5,,5
update,14924,14933,14936,3,,6
inbound,15000,15009,15013,4,,8
update,15000,15009,15013,4,,7
update,15011,15020,15024,4,,9
update,15022,15031,15035,4,,10
inbound,15025,15034,15037,3,,11
update,15033,15042,15046,4,,12
update,15044,15053,15056,3,,13
update,15055,15064,15067,3,,14
update,15066,15075,15078,3,,15
update,15077,15086,15089,3,,0
update,15088,15097,15101,4,,1
update,15099,15108,15112,4,,2
inbound,15100,15109,15113,4,,3
update,15110,15119,15123,4,,4
update,15121,15130,15134,4,,5
update,15132,15141,15147,6,,6
update,15143,15152,15155,3,,7
update,15154,15163,15166,3,,8
inbound,15155,15164,15167,3,,9
update,15165,15174,15176,2,,10
update,15176,15185,15189,4,,11
update,15187,15196,15199,3,,12
update,15198,15207,15210,3,,13
inbound,15200,15209,15212,3,,14
update,15209,15218,15222,4,,15
inbound,15210,15219,15223,4,,0
update,15220,15229,15231,2,,1
inbound,15225,15234,15237,3,,2
update,15231,15240,15243,3,,3
update,15242,15251,15254,3,,4
update,15253,15262,15265,3,,5
update,15264,15274,15278,4,,6
inbound,15265,15274,15279,5,,7
update,15275,15284,15288,4,,8
update,15286,15295,15298,3,,9
update,15297,15306,15309,3,,10
update,15308,15317,15321,4,,11
inbound,15320,15329,15335,6,,13
update,15319,15328,15335,7,,12
update,15330,15339,15343,4,,14
update,15341,15350,15354,4,,15
update,15352,15361,15363,2,,0
update,15363,15372,15374,2,,1
update,15374,15383,15387,4,,2
inbound,15375,15383,15388,5,,3
update,15385,15394,15398,4,,4
update,15396,15405,15408,3,,5
inbound,15400,15409,15412,3,,6
update,15407,15416,15419,3,,7
update,15418,15427,15430,3,,8
update,15429,15438,15446,8,,10
inbound,15425,15434,15451,17,,9
inbound,15430,15440,15453,13,,11
update,15440,15449,15464,15,,12
update,15451,15459,15473,14,,13
update,15462,15471,15479,8,,14
update,15473,15482,15488,6,,15
update,15484,15493,15497,4,,0
inbound,15485,15495,15499,4,,1
update,15495,15504,15506,2,,2
update,15506,15515,15518,3,,3
update,15517,15527,15530,3,,4
update,15528,15537,15540,3,,5
update,15539,15548,15552,4,,6
inbound,15540,15549,15553,4,,7
update,15550,15559,15562,3,,8
update,15561,15570,15573,3,,9
update,15572,15581,15584,3,,10
update,15583,15592,15595,3,,11
update,15594,15603,15607,4,,12
inbound,15595,15604,15608,4,,13
update,15605,15614,15617,3,,14
update,15616,15624,15627,3,,15
update,15627,15636,15639,3,,0
update,15638,15647,15649,2,,1
update,15649,15658,15660,2,,2
inbound,15650,15659,15663,4,,3
update,15660,15669,15671,2,,4
update,15671,15680,15683,3,,5
update,15682,15691,15694,3,,6
update,15693,15702,15706,4,,7
inbound,15705,15714,15716,2,,9
update,15704,15713,15717,4,,8
update,15715,15724,15727,3,,10
update,15726,15735,15738,3,,11
update,15737,15746,15749,3,,12
update,15748,15757,15760,3,,13
update,15759,15768,15771,3,,14
inbound,15760,15769,15773,4,,15
update,15770,15779,15781,2,,0
update,15781,15790,15794,4,,1
update,15792,15801,15804,3,,2
update,15803,15812,15815,3,,3
inbound,15815,15824,15826,2,,5
update,15814,15823,15826,3,,4
update,15825,15834,15837,3,,6
update,15836,15845,15848,3,,7
update,15847,15856,15860,4,,8
update,15858,15867,15871,4,,9
update,15869,15878,15884,6,,10
update,15880,15889,15894,5,,11
update,15891,15900,15903,3,,12
update,15902,15911,15914,3,,13
update,15913,15922,15924,2,,14
update,15924,15933,15938,5,,15
update,16000,16009,16013,4,,0
inbound,16000,16009,16013,4,,1
update,16011,16020,16023,3,,2
update,16022,16031,16034,3,,3
inbound,16025,16034,16037,3,,4
update,16033,16042,16045,3,,5
update,16044,16053,16056,3,,6
update,16055,16064,16066,2,,7
update,16066,16075,16078,3,,8
update,16077,16086,16089,3,,9
update,16088,16097,16100,3,,10
update,16099,16108,16111,3,,11
inbound,16100,16109,16112,3,,12
update,16110,16119,16122,3,,13
update,16121,16130,16133,3,,14
update,16132,16141,16143,2,,15
update,16143,16152,16155,3,,0
update,16154,16163,16166,3,,1
inbound,16155,16164,16167,3,,2
update,16165,16174,16177,3,,3
update,16176,16185,16187,2,,4
update,16187,16196,16199,3,,5
update,16198,16207,16210,3,,6
inbound,16200,16209,16212,3,,7
update,16209,16218,16221,3,,8
inbound,16210,16219,16222,3,,9
update,16220,16229,16231,2,,10
inbound,16225,16234,16236,2,,11
update,16231,16240,16243,3,,12
update,16242,16251,16254,3,,13
update,16253,16262,16264,2,,14
update,16264,16273,16275,2,,15
inbound,16265,16274,16276,2,,0
update,16275,16284,16286,2,,1
update,16286,16295,16298,3,,2
update,16297,16306,16308,2,,3
update,16308,16317,16319,2,,4
update,16319,16328,16331,3,,5
inbound,16320,16329,16332,3,,6
update,16330,16339,16341,2,,7
update,16341,16350,16360,10,,8
update,16352,16361,16364,3,,9
update,16363,16372,16375,3,,10
update,16374,16383,16386,3,,11
inbound,16375,16384,16387,3,,12
update,16385,16394,16397,3,,13
update,16396,16405,16407,2,,14
inbound,16400,16409,16411,2,,15
update,16407,16416,16419,3,,0
update,16418,16427,16431,4,,1
inbound,16425,16434,16437,3,,2
update,16429,16438,16442,4,,3
inbound,16430,16439,16443,4,,4
update,16440,16449,16452,3,,5
update,16451,16460,16463,3,,6
update,16462,16471,16474,3,,7
update,16473,16482,16484,2,,8
update,16484,16493,16496,3,,9
inbound,16485,16493,16496,3,,10
update,16495,16504,16507,3,,11
update,16506,16515,16517,2,,12
update,16517,16527,16529,2,,13
update,16528,16537,16540,3,,14
update,16539,16548,16551,3,,15
inbound,16540,16549,16552,3,,0
update,16550,16559,16561,2,,1
update,16561,16570,16573,3,,2
update,16572,16581,16584,3,,3
update,16583,16592,16595,3,,4
update,16594,16603,16606,3,,5
inbound,16595,16604,16607,3,,6
update,16605,16614,16617,3,,7
update,16616,16625,16627,2,,8
update,16627,16636,16639,3,,9
update,16638,16647,16650,3,,10
update,16649,16658,16661,3,,11
inbound,16650,16659,16662,3,,12
update,16660,16669,16672,3,,13
update,16671,16680,16682,2,,14
update,16682,16691,16693,2,,15
update,16693,16702,16706,4,,0
update,16704,16713,16716,3,,1
inbound,16705,16714,16717,3,,2
update,16715,16724,16726,2,,3
update,16726,16735,16738,3,,4
update,16737,16746,16749,3,,5
update,16748,16757,16760,3,,6
update,16759,16768,16771,3,,7
inbound,16760,16769,16771,2,,8
update,16770,16779,16782,3,,9
update,16781,16790,16792,2,,10
update,16792,16801,16803,2,,11
update,16803,16812,16814,2,,12
update,16814,16823,16826,3,,13
inbound,16815,16824,16826,2,,14
update,16825,16834,16837,3,,15
update,16836,16845,16851,6,,0
update,16847,16856,16859,3,,1
update,16858,16867,16870,3,,2
update,16869,16878,16881,3,,3
update,16880,16889,16893,4,,4
update,16891,16900,16903,3,,5
update,16902,16911,16914,3,,6
update,16913,16922,16924,2,,7
update,16924,16933,16935,2,,8
inbound,17000,17009,17013,4,,10
update,17000,17009,17016,7,,9
update,17011,17020,17025,5,,11
update,17022,17031,17034,3,,12
inbound,17025,17034,17036,2,,13
update,17033,17042,17045,3,,14
update,17044,17053,17057,4,,15
update,17055,17064,17067,3,,0
update,17066,17075,17078,3,,1
update,17077,17086,17090,4,,2
update,17088,17097,17100,3,,3
update,17099,17108,17111,3,,4
inbound,17100,17109,17113,4,,5
update,17110,17119,17122,3,,6
update,17121,17130,17133,3,,7
update,17132,17141,17146,5,,8
update,17143,17152,17155,3,,9
inbound,17155,17164,17169,5,,11
update,17154,17163,17169,6,,10
update,17165,17174,17179,5,,12
update,17176,17185,17189,4,,13
update,17187,17197,17203,6,,14
update,17198,17207,17212,5,,15
inbound,17200,17209,17215,6,,0
update,17209,17218,17222,4,,1
inbound,17210,17221,17227,6,,2
update,17220,17229,17233,4,,3
inbound,17225,17234,17238,4,,4
update,17231,17240,17243,3,,5
update,17242,17251,17255,4,,6
update,17253,17262,17267,5,,7
update,17264,17273,17277,4,,8
inbound,17265,17274,17280,6,,9
update,17275,17284,17289,5,,10
update,17286,17295,17299,4,,11
update,17297,17306,17312,6,,12
update,17308,17317,17323,6,,13
update,17319,17328,17332,4,,14
inbound,17320,17329,17332,3,,15
update,17330,17339,17342,3,,0
update,17341,17350,17352,2,,1
update,17352,17361,17363,2,,2
update,17363,17372,17375,3,,3
update,17374,17383,17386,3,,4
inbound,17375,17384,17387,3,,5
update,17385,17394,17398,4,,6
update,17396,17405,17407,2,,7
inbound,17400,17409,17412,3,,8
update,17407,17416,17419,3,,9
update,17418,17427,17430,3,,10
inbound,17425,17434,17437,3,,11
update,17429,17438,17442,4,,12
inbound,17430,17439,17443,4,,13
update,17440,17449,17452,3,,14
update,17451,17460,17463,3,,15
update,17462,17471,17474,3,,0
update,17473,17482,17485,3,,1
update,17484,17493,17496,3,,2
inbound,17485,17494,17498,4,,3
update,17495,17504,17506,2,,4
update,17506,17515,17518,3,,5
update,17517,17526,17529,3,,6
update,17528,17537,17540,3,,7
update,17539,17549,17552,3,,8
inbound,17540,17549,17553,4,,9
update,17550,17559,17562,3,,10
update,17561,17570,17573,3,,11
update,17572,17581,17585,4,,12
update,17583,17592,17595,3,,13
update,17594,17603,17606,3,,14
inbound,17595,17604,17607,3,,15
update,17605,17614,17617,3,,0
update,17616,17625,17628,3,,1
update,17627,17636,17639,3,,2
update,17638,17647,17649,2,,3
inbound,17650,17659,17663,4,,5
update,17649,17658,17663,5,,4
update,17660,17669,17672,3,,6
update,17671,17680,17683,3,,7
update,17682,17691,17693,2,,8
update,17693,17702,17707,5,,9
inbound,17705,17714,17717,3,,11
update,17704,17713,17718,5,,10
update,17715,17724,17727,3,,12
update,17726,17735,17738,3,,13
update,17737,17746,17749,3,,14
update,17748,17757,17760,3,,15
update,17759,17768,17771,3,,0
inbound,17760,17769,17773,4,,1
update,17770,17779,17782,3,,2
update,17781,17790,17793,3,,3
update,17792,17801,17803,2,,4
update,17803,17812,17814,2,,5
inbound,17815,17824,17827,3,,7
update,17814,17823,17828,5,,6
update,17825,17834,17838,4,,8
update,17836,17845,17847,2,,9
update,17847,17856,17859,3,,10
update,17858,17867,17869,2,,11
update,17869,17878,17881,3,,12
update,17880,17889,17892,3,,13
update,17891,17900,17903,3,,14
update,17902,17911,17914,3,,15
update,17913,17921,17924,3,,0
update,17924,17933,17936,3,,1
update,18000,18009,18012,3,,2
inbound,18000,18010,18012,2,,3
update,18011,18020,18023,3,,4
update,18022,18031,18033,2,,5
inbound,18025,18035,18038,3,,6
update,18033,18042,18045,3,,7
update,18044,18054,18057,3,,8
update,18055,18065,18069,4,,9
update,18066,18076,18078,2,,10
update,18077,18087,18090,3,,11
update,18088,18098,18101,3,,12
update,18099,18109,18112,3,,13
inbound,18100,18110,18113,3,,14
update,18110,18120,18123,3,,15
update,18121,18131,18134,3,,0
update,18132,18142,18147,5,,1
update,18143,18153,18157,4,,2
update,18154,18164,18167,3,,3
inbound,18155,18165,18168,3,,4
update,18165,18175,18177,2,,5
update,18176,18186,18188,2,,6
update,18187,18197,18200,3,,7
update,18198,18208,18211,3,,8
inbound,18200,18210,18213,3,,9
update,18209,18219,18222,3,,10
inbound,18210,18220,18224,4,,11
update,18220,18230,18233,3,,12
inbound,18225,18235,18238,3,,13
update,18231,18241,18244,3,,14
update,18242,18252,18255,3,,15
update,18253,18263,18267,4,,0
update,18264,18274,18278,4,,1
inbound,18265,18274,18278,4,,2
update,18275,18285,18288,3,,3
update,18286,18295,18298,3,,4
update,18297,18307,18310,3,,5
update,18308,18318,18321,3,,6
update,18319,18329,18332,3,,7
inbound,18320,18330,18333,3,,8
update,18330,18340,18342,2,,9
update,18341,18351,18353,2,,10
update,18352,18362,18365,3,,11
update,18363,18373,18376,3,,12
update,18374,18384,18388,4,,13
inbound,18375,18385,18389,4,,14
update,18385,18395,18397,2,,15
update,18396,18406,18409,3,,0
inbound,18400,18410,18413,3,,1
update,18407,18417,18420,3,,2
update,18418,18428,18431,3,,3
inbound,18425,18435,18438,3,,4
update,18429,18439,18442,3,,5
inbound,18430,18440,18443,3,,6
update,18440,18450,18452,2,,7
update,18451,18461,18464,3,,8
update,18462,18472,18474,2,,9
update,18473,18483,18487,4,,10
update,18484,18494,18497,3,,11
inbound,18485,18495,18498,3,,12
update,18495,18505,18507,2,,13
update,18506,18516,18518,2,,14
update,18517,18528,18530,2,,15
update,18528,18538,18541,3,,0
update,18539,18549,18553,4,,1
inbound,18540,18550,18553,3,,2
update,18550,18560,18563,3,,3
update,18561,18571,18574,3,,4
update,18572,18582,18585,3,,5
update,18583,18593,18595,2,,6
update,18594,18604,18609,5,,7
inbound,18595,18606,18609,3,,8
update,18605,18615,18618,3,,9
update,18616,18626,18629,3,,10
update,18627,18637,18640,3,,11
update,18638,18648,18651,3,,12
update,18649,18659,18662,3,,13
inbound,18650,18660,18663,3,,14
update,18660,18670,18673,3,,15
update,18671,18681,18684,3,,0
update,18682,18692,18695,3,,1
update,18693,18703,18705,2,,2
update,18704,18714,18717,3,,3
inbound,18705,18715,18718,3,,4
update,18715,18725,18729,4,,5
update,18726,18736,18740,4,,6
update,18737,18747,18750,3,,7
update,18748,18758,18760,2,,8
inbound,18760,18770,18772,2,,10
update,18759,18769,18772,3,,9
update,18770,18780,18783,3,,11
update,18781,18791,18794,3,,12
update,18792,18802,18805,3,,13
update,18803,18813,18816,3,,14
update,18814,18824,18827,3,,15
inbound,18815,18825,18827,2,,0
update,18825,18835,18837,2,,1
update,18836,18846,18848,2,,2
update,18847,18857,18859,2,,3
update,18858,18868,18871,3,,4
update,18869,18879,18882,3,,5
update,18880,18890,18893,3,,6
update,18891,18901,18904,3,,7
update,18902,18912,18915,3,,8
update,18913,18922,18925,3,,9
update,18924,18934,18936,2,,10
update,19000,19010,19013,3,,11
inbound,19000,19010,19014,4,,12
update,19011,19021,19024,3,,13
update,19022,19032,19035,3,,14
inbound,19025,19035,19038,3,,15
update,19033,19043,19046,3,,0
update,19044,19054,19059,5,,1
update,19055,19065,19068,3,,2
update,19066,19076,19079,3,,3
update,19077,19087,19089,2,,4
update,19088,19098,19101,3,,5
update,19099,19109,19112,3,,6
inbound,19100,19110,19113,3,,7
update,19110,19120,19123,3,,8
update,19121,19132,19134,2,,9
update,19132,19142,19147,5,,10
update,19143,19153,19158,5,,11
update,19154,19164,19169,5,,12
inbound,19155,19165,19169,4,,13
update,19165,19175,19178,3,,14
update,19176,19186,19190,4,,15
update,19187,19197,19201,4,,0
update,19198,19208,19212,4,,1
inbound,19200,19210,19214,4,,2
update,19209,19219,19223,4,,3
inbound,19210,19220,19225,5,,4
update,19220,19230,19234,4,,5
inbound,19225,19235,19244,9,,6
update,19231,19244,19248,4,,7
update,19242,19252,19259,7,,8
update,19253,19263,19266,3,,9
inbound,19265,19275,19278,3,,11
update,19264,19274,19278,4,,10
update,19275,19285,19289,4,,12
update,19286,19296,19298,2,,13
update,19297,19307,19311,4,,14
update,19308,19318,19320,2,,15
update,19319,19329,19333,4,,0
inbound,19320,19330,19336,6,,1
update,19330,19340,19343,3,,2
update,19341,19351,19354,3,,3
update,19352,19362,19365,3,,4
update,19363,19373,19375,2,,5
update,19374,19384,19389,5,,6
inbound,19375,19385,19390,5,,7
update,19385,19395,19398,3,,8
update,19396,19406,19409,3,,9
inbound,19400,19410,19415,5,,10
update,19407,19417,19420,3,,11
update,19418,19428,19431,3,,12
inbound,19425,19435,19438,3,,13
update,19429,19439,19443,4,,14
inbound,19430,19440,19445,5,,15
update,19440,19450,19452,2,,0
update,19451,19461,19465,4,,1
update,19462,19472,19475,3,,2
update,19473,19483,19487,4,,3
update,19484,19494,19499,5,,4
inbound,19485,19495,19500,5,,5
update,19495,19505,19508,3,,6
update,19506,19516,19519,3,,7
update,19517,19527,19530,3,,8
update,19528,19538,19542,4,,9
inbound,19540,19550,19553,3,,11
update,19539,19549,19553,4,,10
update,19550,19560,19563,3,,12
update,19561,19571,19576,5,,13
update,19572,19582,19584,2,,14
update,19583,19593,19596,3,,15
update,19594,19604,19608,4,,0
inbound,19595,19605,19611,6,,1
update,19605,19615,19617,2,,2
update,19616,19626,19630,4,,3
update,19627,19637,19640,3,,4
update,19638,19648,19653,5,,5
inbound,19650,19660,19664,4,,7
update,19649,19660,19666,6,,6
update,19660,19670,19674,4,,8
update,19671,19681,19685,4,,9
update,19682,19692,19696,4,,10
update,19693,19703,19708,5,,11
update,19704,19714,19721,7,,12
inbound,19705,19715,19721,6,,13
update,19715,19725,19729,4,,14
update,19726,19736,19740,4,,15
update,19737,19747,19752,5,,0
update,19748,19758,19763,5,,1
inbound,19760,19770,19776,6,,3
update,19759,19769,19780,11,,2
update,19770,19780,19787,7,,4
update,19781,19791,19797,6,,5
update,19792,19802,19813,11,,6
update,19803,19813,19819,6,,7
inbound,19815,19825,19832,7,,9
update,19814,19824,19834,10,,8
update,19825,19836,19842,6,,10
update,19836,19846,19849,3,,11
update,19847,19857,19861,4,,12
update,19858,19868,19872,4,,13
update,19869,19879,19882,3,,14
update,19880,19890,19893,3,,15
update,19891,19901,19905,4,,0
update,19902,19912,19915,3,,1
update,19913,19923,19926,3,,2
update,19924,19934,19937,3,,3
update,20000,20010,20014,4,,4
inbound,20000,20010,20014,4,,5
update,20011,20021,20025,4,,6
update,20022,20032,20035,3,,7
inbound,20025,20035,20038,3,,8
update,20033,20043,20050,7,,9
update,20044,20054,20059,5,,10
update,20055,20065,20069,4,,11
update,20066,20076,20080,4,,12
update,20077,20087,20090,3,,13
update,20088,20098,20101,3,,14
inbound,20100,20110,20113,3,,0
update,20099,20109,20114,5,,15
update,20110,20120,20123,3,,1
update,20121,20131,20134,3,,2
update,20132,20142,20145,3,,3
update,20143,20153,20159,6,,4
inbound,20155,20165,20170,5,,6
update,20154,20164,20171,7,,5
update,20165,20175,20178,3,,7
update,20176,20186,20191,5,,8
update,20187,20197,20200,3,,9
update,20198,20208,20211,3,,10
inbound,20200,20210,20214,4,,11
update,20209,20219,20223,4,,12
inbound,20210,20220,20224,4,,13
update,20220,20230,20233,3,,14
inbound,20225,20235,20238,3,,15
update,20231,20241,20244,3,,0
update,20242,20253,20256,3,,1
update,20253,20263,20267,4,,2
update,20264,20274,20278,4,,3
inbound,20265,20275,20279,4,,4
update,20275,20285,20288,3,,5
update,20286,20296,20299,3,,6
update,20297,20307,20310,3,,7
update,20308,20318,20322,4,,8
update,20319,20329,20333,4,,9
inbound,20320,20330,20334,4,,10
update,20330,20340,20343,3,,11
update,20341,20351,20355,4,,12
update,20352,20362,20365,3,,13
update,20363,20373,20377,4,,14
update,20374,20384,20387,3,,15
inbound,20375,20385,20388,3,,0
update,20385,20395,20397,2,,1
update,20396,20406,20408,2,,2
inbound,20400,20410,20412,2,,3
update,20407,20417,20419,2,,4
update,20418,20428,20431,3,,5
inbound,20425,20435,20437,2,,6
inbound,20430,20440,20443,3,,8
update,20429,20439,20443,4,,7
update,20440,20450,20453,3,,9
update,20451,20461,20464,3,,10
update,20462,20472,20474,2,,11
update,20473,20483,20486,3,,12
update,20484,20494,20497,3,,13
inbound,20485,20495,20498,3,,14
update,20495,20505,20508,3,,15
update,20506,20516,20519,3,,0
update,20517,20527,20529,2,,1
update,20528,20538,20541,3,,2
update,20539,20549,20554,5,,3
inbound,20540,20551,20555,4,,4
update,20550,20560,20562,2,,5
update,20561,20571,20574,3,,6
update,20572,20583,20586,3,,7
update,20583,20593,20596,3,,8
update,20594,20604,20608,4,,9
inbound,20595,20605,20609,4,,10
update,20605,20615,20619,4,,11
update,20616,20626,20629,3,,12
update,20627,20637,20642,5,,13
update,20638,20648,20652,4,,14
update,20649,20659,20664,5,,15
inbound,20650,20661,20665,4,,0
update,20660,20670,20673,3,,1
update,20671,20681,20685,4,,2
update,20682,20692,20695,3,,3
update,20693,20703,20706,3,,4
update,20704,20714,20717,3,,5
inbound,20705,20715,20718,3,,6
update,20715,20725,20728,3,,7
update,20726,20736,20739,3,,8
update,20737,20747,20750,3,,9
update,20748,20758,20761,3,,10
inbound,20760,20770,20773,3,,12
update,20759,20769,20773,4,,11
update,20770,20780,20783,3,,13
update,20781,20791,20794,3,,14
update,20792,20802,20806,4,,15
update,20803,20813,20816,3,,0
update,20814,20824,20827,3,,1
inbound,20815,20825,20827,2,,2
update,20825,20835,20838,3,,3
update,20836,20846,20849,3,,4
update,20847,20857,20860,3,,5
update,20858,20868,20870,2,,6
update,20869,20879,20882,3,,7
update,20880,20890,20893,3,,8
update,20891,20901,20904,3,,9
update,20902,20912,20915,3,,10
update,20913,20923,20926,3,,11
update,20924,20934,20937,3,,12
inbound,21000,21010,21014,4,,14
update,21000,21010,21014,4,,13
update,21011,21021,21023,2,,15
update,21022,21032,21035,3,,0
inbound,21025,21034,21038,4,,1
update,21033,21043,21047,4,,2
update,21044,21054,21058,4,,3
update,21055,21065,21069,4,,4
update,21066,21076,21079,3,,5
update,21077,21087,21090,3,,6
update,21088,21098,21101,3,,7
update,21099,21109,21113,4,,8
inbound,21100,21110,21114,4,,9
update,21110,21120,21123,3,,10
update,21121,21131,21134,3,,11
update,21132,21142,21145,3,,12
update,21143,21153,21156,3,,13
update,21154,21164,21169,5,,14
inbound,21155,21165,21169,4,,15
update,21165,21175,21178,3,,0
update,21176,21186,21190,4,,1
update,21187,21197,21200,3,,2
update,21198,21208,21212,4,,3
inbound,21200,21210,21215,5,,4
update,21209,21219,21222,3,,5
inbound,21210,21220,21223,3,,6
update,21220,21230,21233,3,,7
inbound,21225,21235,21238,3,,8
update,21231,21241,21244,3,,9
update,21242,21252,21254,2,,10
update,21253,21263,21267,4,,11
update,21264,21274,21279,5,,12
inbound,21265,21275,21279,4,,13
update,21275,21285,21289,4,,14
update,21286,21295,21298,3,,15
update,21297,21307,21310,3,,0
update,21308,21318,21321,3,,1
update,21319,21329,21333,4,,2
inbound,21320,21330,21333,3,,3
update,21330,21340,21344,4,,4
update,21341,21351,21355,4,,5
update,21352,21362,21366,4,,6
update,21363,21373,21376,3,,7
update,21374,21384,21387,3,,8
inbound,21375,21385,21389,4,,9
update,21385,21395,21398,3,,10
update,21396,21406,21409,3,,11
inbound,21400,21410,21414,4,,12
update,21407,21417,21421,4,,13
update,21418,21428,21431,3,,14
inbound,21425,21435,21438,3,,15
update,21429,21439,21444,5,,0
inbound,21430,21441,21444,3,,1
update,21440,21450,21454,4,,2
update,21451,21461,21464,3,,3
update,21462,21472,21475,3,,4
update,21473,21483,21486,3,,5
update,21484,21494,21496,2,,6
inbound,21485,21495,21498,3,,7
update,21495,21505,21508,3,,8
update,21506,21516,21519,3,,9
update,21517,21527,21530,3,,10
update,21528,21538,21541,3,,11
update,21539,21549,21553,4,,12
inbound,21540,21550,21554,4,,13
update,21550,21560,21563,3,,14
update,21561,21571,21574,3,,15
update,21572,21582,21585,3,,0
update,21583,21592,21596,4,,1
inbound,21595,21605,21608,3,,3
update,21594,21604,21608,4,,2
update,21605,21615,21618,3,,4
update,21616,21626,21629,3,,5
update,21627,21637,21640,3,,6
update,21638,21648,21651,3,,7
update,21649,21659,21662,3,,8
inbound,21650,21659,21663,4,,9
update,21660,21670,21673,3,,10
update,21671,21681,21683,2,,11
update,21682,21692,21696,4,,12
update,21693,21703,21706,3,,13
update,21704,21714,21718,4,,14
inbound,21705,21715,21719,4,,15
update,21715,21725,21729,4,,0
update,21726,21736,21739,3,,1
update,21737,21747,21750,3,,2
update,21748,21758,21761,3,,3
update,21759,21769,21772,3,,4
inbound,21760,21770,21772,2,,5
update,21770,21780,21783,3,,6
update,21781,21791,21793,2,,7
update,21792,21802,21804,2,,8
update,21803,21813,21816,3,,9
inbound,21815,21825,21827,2,,11
update,21814,21824,21827,3,,10
update,21825,21835,21838,3,,12
update,21836,21846,21849,3,,13
update,21847,21857,21860,3,,14
update,21858,21868,21871,3,,15
update,21869,21879,21882,3,,0
update,21880,21890,21894,4,,1
update,21891,21901,21903,2,,2
update,21902,21912,21915,3,,3
update,21913,21923,21926,3,,4
update,21924,21934,21937,3,,5
update,22000,22010,22013,3,,6
inbound,22000,22010,22014,4,,7
update,22011,22021,22024,3,,8
update,22022,22032,22035,3,,9
inbound,22025,22035,22038,3,,10
update,22033,22043,22046,3,,11
update,22044,22054,22057,3,,12
update,22055,22065,22069,4,,13
update,22066,22076,22080,4,,14
update,22077,22088,22090,2,,15
update,22088,22098,22101,3,,0
update,22099,22109,22111,2,,1
inbound,22100,22110,22115,5,,2
update,22110,22120,22123,3,,3
update,22121,22131,22134,3,,4
update,22132,22142,22145,3,,5
update,22143,22153,22156,3,,6
inbound,22155,22165,22168,3,,8
update,22154,22164,22168,4,,7
update,22165,22175,22179,4,,9
update,22176,22186,22189,3,,10
update,22187,22197,22200,3,,11
update,22198,22208,22212,4,,12
inbound,22200,22210,22214,4,,13
update,22209,22219,22222,3,,14
inbound,22210,22220,22224,4,,15
update,22220,22230,22233,3,,0
inbound,22225,22235,22237,2,,1
update,22231,22241,22244,3,,2
update,22242,22252,22254,2,,3
update,22253,22263,22266,3,,4
update,22264,22274,22278,4,,5
inbound,22265,22274,22278,4,,6
update,22275,22285,22288,3,,7
update,22286,22296,22299,3,,8
update,22297,22307,22310,3,,9
update,22308,22318,22321,3,,10
update,22319,22329,22332,3,,11
inbound,22320,22330,22333,3,,12
update,22330,22340,22342,2,,13
update,22341,22351,22354,3,,14
update,22352,22362,22364,2,,15
update,22363,22373,22378,5,,0
update,22374,22384,22387,3,,1
inbound,22375,22386,22389,3,,2
update,22385,22395,22398,3,,3
update,22396,22406,22408,2,,4
inbound,22400,22410,22413,3,,5
update,22407,22417,22420,3,,6
update,22418,22428,22431,3,,7
inbound,22425,22435,22439,4,,8
update,22429,22439,22443,4,,9
inbound,22430,22440,22444,4,,10
update,22440,22450,22453,3,,11
update,22451,22461,22464,3,,12
update,22462,22472,22476,4,,13
update,22473,22483,22488,5,,14
update,22484,22494,22498,4,,15
inbound,22485,22495,22498,3,,0
update,22495,22505,22508,3,,1
update,22506,22516,22518,2,,2
update,22517,22527,22530,3,,3
update,22528,22538,22540,2,,4
update,22539,22549,22552,3,,5
inbound,22540,22550,22554,4,,6
update,22550,22560,22563,3,,7
update,22561,22571,22574,3,,8
update,22572,22582,22585,3,,9
update,22583,22593,22596,3,,10
update,22594,22604,22608,4,,11
inbound,22595,22605,22610,5,,12
update,22605,22615,22618,3,,13
update,22616,22627,22630,3,,14
update,22627,22637,22639,2,,15
update,22638,22648,22650,2,,0
update,22649,22659,22662,3,,1
inbound,22650,22660,22663,3,,2
update,22660,22670,22673,3,,3
update,22671,22681,22684,3,,4
update,22682,22692,22695,3,,5
update,22693,22703,22706,3,,6
update,22704,22714,22718,4,,7
inbound,22705,22715,22719,4,,8
update,22715,22725,22728,3,,9
update,22726,22736,22739,3,,10
update,22737,22747,22750,3,,11
update,22748,22758,22761,3,,12
update,22759,22769,22773,4,,13
inbound,22760,22771,22773,2,,14
update,22770,22780,22783,3,,15
update,22781,22791,22794,3,,0
update,22792,22802,22804,2,,1
update,22803,22813,22816,3,,2
inbound,22815,22825,22828,3,,4
update,22814,22824,22828,4,,3
update,22825,22834,22837,3,,5
update,22836,22845,22848,3,,6
update,22847,22857,22860,3,,7
update,22858,22868,22871,3,,8
update,22869,22879,22882,3,,9
update,22880,22890,22893,3,,10
update,22891,22901,22904,3,,11
update,22902,22912,22915,3,,12
update,22913,22923,22926,3,,13
update,22924,22934,22937,3,,14
update,23000,23010,23014,4,,15
inbound,23000,23011,23015,4,,0
update,23011,23021,23024,3,,1
update,23022,23032,23035,3,,2
inbound,23025,23035,23038,3,,3
update,23033,23043,23046,3,,4
update,23044,23054,23057,3,,5
update,23055,23065,23068,3,,6
update,23066,23076,23081,5,,7
update,23077,23087,23091,4,,8
update,23088,23098,23101,3,,9
update,23099,23109,23112,3,,10
inbound,23100,23110,23113,3,,11
update,23110,23120,23123,3,,12
update,23121,23131,23134,3,,13
update,23132,23142,23145,3,,14
update,23143,23153,23156,3,,15
update,23154,23164,23168,4,,0
inbound,23155,23165,23170,5,,1
update,23165,23175,23179,4,,2
update,23176,23186,23188,2,,3
update,23187,23197,23199,2,,4
update,23198,23208,23211,3,,5
inbound,23200,23211,23213,2,,6
update,23209,23219,23223,4,,7
inbound,23210,23220,23223,3,,8
update,23220,23230,23233,3,,9
inbound,23225,23235,23238,3,,10
update,23231,23241,23246,5,,11
update,23242,23252,23255,3,,12
update,23253,23263,23266,3,,13
update,23264,23274,23277,3,,14
inbound,23265,23275,23278,3,,15
update,23275,23285,23287,2,,0
update,23286,23296,23299,3,,1
update,23297,23307,23310,3,,2
update,23308,23318,23320,2,,3
update,23319,23329,23333,4,,4
inbound,23320,23330,23335,5,,5
update,23330,23340,23343,3,,6
update,23341,23351,23354,3,,7
update,23352,23362,23365,3,,8
update,23363,23373,23376,3,,9
inbound,23375,23384,23387,3,,11
update,23374,23384,23388,4,,10
update,23385,23395,23398,3,,12
update,23396,23406,23409,3,,13
inbound,23400,23410,23413,3,,14
update,23407,23417,23420,3,,15
update,23418,23429,23431,2,,0
inbound,23425,23435,23438,3,,1
update,23429,23439,23442,3,,2
inbound,23430,23440,23443,3,,3
update,23440,23450,23452,2,,4
update,23451,23461,23464,3,,5
update,23462,23472,23474,2,,6
update,23473,23483,23486,3,,7
update,23484,23494,23497,3,,8
inbound,23485,23495,23499,4,,9
update,23495,23505,23508,3,,10
update,23506,23516,23519,3,,11
update,23517,23527,23530,3,,12
update,23528,23538,23541,3,,13
update,23539,23549,23552,3,,14
inbound,23540,23550,23553,3,,15
update,23550,23560,23563,3,,0
update,23561,23571,23573,2,,1
update,23572,23582,23585,3,,2
update,23583,23593,23596,3,,3
update,23594,23604,23607,3,,4
inbound,23595,23605,23608,3,,5
update,23605,23615,23618,3,,6
update,23616,23626,23629,3,,7
update,23627,23637,23640,3,,8
update,23638,23648,23651,3,,9
update,23649,23659,23662,3,,10
inbound,23650,23660,23663,3,,11
update,23660,23670,23673,3,,12
update,23671,23681,23683,2,,13
update,23682,23692,23695,3,,14
update,23693,23703,23706,3,,15
update,23704,23714,23718,4,,0
inbound,23705,23715,23719,4,,1
update,23715,23725,23728,3,,2
update,23726,23736,23739,3,,3
update,23737,23747,23750,3,,4
update,23748,23758,23761,3,,5
inbound,23760,23770,23772,2,,7
update,23759,23769,23773,4,,6
update,23770,23780,23783,3,,8
update,23781,23791,23794,3,,9
update,23792,23802,23805,3,,10
update,23803,23813,23815,2,,11
update,23814,23824,23827,3,,12
inbound,23815,23825,23828,3,,13
update,23825,23835,23838,3,,14
update,23836,23846,23848,2,,15
update,23847,23857,23860,3,,0
update,23858,23868,23871,3,,1
update,23869,23879,23882,3,,2
update,23880,23890,23893,3,,3
update,23891,23901,23904,3,,4
update,23902,23912,23916,4,,5
update,23913,23923,23926,3,,6
update,23924,23934,23937,3,,7
update,24000,24010,24013,3,,8
inbound,24000,24010,24013,3,,9
update,24011,24021,24023,2,,10
update,24022,24032,24034,2,,11
inbound,24025,24035,24038,3,,12
update,24033,24043,24046,3,,13
update,24044,24054,24056,2,,14
update,24055,24065,24068,3,,15
update,24066,24076,24079,3,,0
update,24077,24087,24090,3,,1
update,24088,24098,24100,2,,2
update,24099,24109,24112,3,,3
inbound,24100,24110,24113,3,,4
update,24110,24120,24123,3,,5
update,24121,24131,24134,3,,6
update,24132,24142,24144,2,,7
update,24143,24153,24156,3,,8
update,24154,24164,24167,3,,9
inbound,24155,24165,24168,3,,10
update,24165,24175,24178,3,,11
update,24176,24186,24191,5,,12
update,24187,24197,24201,4,,13
update,24198,24208,24213,5,,14
inbound,24200,24210,24215,5,,15
update,24209,24219,24223,4,,0
inbound,24210,24220,24224,4,,1
update,24220,24230,24234,4,,2
inbound,24225,24235,24238,3,,3
update,24231,24241,24244,3,,4
update,24242,24252,24254,2,,5
update,24253,24263,24266,3,,6
update,24264,24274,24277,3,,7
inbound,24265,24274,24278,4,,8
update,24275,24285,24288,3,,9
update,24286,24296,24298,2,,10
update,24297,24308,24310,2,,11
update,24308,24318,24320,2,,12
update,24319,24329,24332,3,,13
inbound,24320,24330,24333,3,,14
update,24330,24340,24343,3,,15
update,24341,24351,24354,3,,0
update,24352,24362,24365,3,,1
update,24363,24373,24376,3,,2
update,24374,24384,24388,4,,3
inbound,24375,24385,24388,3,,4
update,24385,24394,24397,3,,5
update,24396,24406,24409,3,,6
inbound,24400,24410,24413,3,,7
update,24407,24417,24419,2,,8
update,24418,24428,24431,3,,9
inbound,24425,24435,24438,3,,10
update,24429,24439,24441,2,,11
inbound,24430,24440,24443,3,,12
update,24440,24450,24452,2,,13
update,24451,24461,24463,2,,14
update,24462,24472,24475,3,,15
update,24473,24483,24486,3,,0
update,24484,24494,24497,3,,1
inbound,24485,24495,24498,3,,2
update,24495,24505,24507,2,,3
update,24506,24516,24519,3,,4
update,24517,24527,24529,2,,5
update,24528,24538,24540,2,,6
update,24539,24550,24552,2,,7
inbound,24540,24550,24553,3,,8
update,24550,24560,24563,3,,9
update,24561,24571,24573,2,,10
update,24572,24582,24584,2,,11
update,24583,24593,24596,3,,12
update,24594,24604,24607,3,,13
inbound,24595,24605,24608,3,,14
update,24605,24615,24617,2,,15
update,24616,24627,24629,2,,0
update,24627,24637,24640,3,,1
update,24638,24648,24651,3,,2
update,24649,24659,24662,3,,3
inbound,24650,24660,24663,3,,4
update,24660,24670,24673,3,,5
update,24671,24681,24683,2,,6
update,24682,24692,24694,2,,7
update,24693,24703,24706,3,,8
update,24704,24714,24717,3,,9
inbound,24705,24715,24718,3,,10
update,24715,24725,24728,3,,11
update,24726,24736,24739,3,,12
update,24737,24747,24750,3,,13
update,24748,24758,24761,3,,14
update,24759,24769,24772,3,,15
inbound,24760,24770,24772,2,,0
update,24770,24780,24783,3,,1
update,24781,24791,24793,2,,2
update,24792,24802,24805,3,,3
update,24803,24813,24815,2,,4
inbound,24815,24824,24826,2,,6
update,24814,24824,24827,3,,5
update,24825,24835,24838,3,,7
update,24836,24846,24849,3,,8
update,24847,24857,24859,2,,9
update,24858,24868,24871,3,,10
update,24869,24879,24882,3,,11
update,24880,24890,24892,2,,12
update,24891,24901,24903,2,,13
update,24902,24912,24915,3,,14
update,24913,24924,24926,2,,15
update,24924,24934,24936,2,,0
update,25000,25010,25013,3,,1
inbound,25000,25010,25013,3,,2
update,25011,25021,25024,3,,3
update,25022,25032,25035,3,,4
inbound,25025,25035,25037,2,,5
update,25033,25043,25046,3,,6
update,25044,25053,25056,3,,7
update,25055,25065,25067,2,,8
update,25066,25076,25079,3,,9
update,25077,25087,25090,3,,10
update,25088,25098,25101,3,,11
update,25099,25109,25112,3,,12
inbound,25100,25110,25113,3,,13
update,25110,25120,25124,4,,14
update,25121,25131,25133,2,,15
update,25132,25142,25145,3,,0
update,25143,25153,25156,3,,1
update,25154,25164,25167,3,,2
inbound,25155,25165,25168,3,,3
update,25165,25175,25178,3,,4
update,25176,25186,25190,4,,5
update,25187,25197,25200,3,,6
update,25198,25208,25211,3,,7
inbound,25200,25210,25213,3,,8
update,25209,25219,25222,3,,9
inbound,25210,25220,25224,4,,10
update,25220,25230,25233,3,,11
inbound,25225,25235,25238,3,,12
update,25231,25241,25244,3,,13
update,25242,25252,25254,2,,14
update,25253,25263,25266,3,,15
update,25264,25274,25278,4,,0
inbound,25265,25276,25279,3,,1
update,25275,25285,25287,2,,2
update,25286,25296,25298,2,,3
update,25297,25307,25310,3,,4
update,25308,25318,25320,2,,5
update,25319,25329,25332,3,,6
inbound,25320,25330,25333,3,,7
update,25330,25340,25343,3,,8
update,25341,25351,25354,3,,9
update,25352,25362,25364,2,,10
update,25363,25373,25376,3,,11
update,25374,25384,25388,4,,12
inbound,25375,25385,25389,4,,13
update,25385,25395,25397,2,,14
update,25396,25406,25409,3,,15
inbound,25400,25410,25413,3,,0
update,25407,25417,25420,3,,1
update,25418,25428,25431,3,,2
inbound,25425,25435,25437,2,,3
update,25429,25439,25442,3,,4
inbound,25430,25441,25444,3,,5
update,25440,25450,25452,2,,6
update,25451,25461,25464,3,,7
update,25462,25472,25476,4,,8
update,25473,25483,25487,4,,9
update,25484,25494,25500,6,,10
inbound,25485,25496,25503,7,,11
update,25495,25505,25509,4,,12
update,25506,25516,25521,5,,13
update,25517,25527,25530,3,,14
update,25528,25538,25542,4,,15
update,25539,25549,25552,3,,0
inbound,25540,25551,25554,3,,1
update,25550,25560,25563,3,,2
update,25561,25571,25574,3,,3
update,25572,25582,25585,3,,4
update,25583,25593,25595,2,,5
update,25594,25604,25607,3,,6
inbound,25595,25606,25609,3,,7
update,25605,25615,25618,3,,8
update,25616,25625,25628,3,,9
update,25627,25637,25639,2,,10
update,25638,25648,25651,3,,11
update,25649,25659,25663,4,,12
inbound,25650,25661,25665,4,,13
update,25660,25670,25673,3,,14
update,25671,25681,25684,3,,15
update,25682,25692,25696,4,,0
update,25693,25703,25706,3,,1
update,25704,25714,25718,4,,2
inbound,25705,25716,25719,3,,3
update,25715,25725,25728,3,,4
update,25726,25736,25739,3,,5
update,25737,25747,25750,3,,6
update,25748,25758,25760,2,,7
update,25759,25769,25772,3,,8
inbound,25760,25771,25773,2,,9
update,25770,25780,25783,3,,10
update,25781,25791,25794,3,,11
update,25792,25802,25804,2,,12
update,25803,25813,25816,3,,13
update,25814,25824,25828,4,,14
inbound,25815,25826,25828,2,,15
update,25825,25835,25838,3,,0
update,25836,25846,25849,3,,1
update,25847,25857,25860,3,,2
update,25858,25868,25871,3,,3
update,25869,25879,25881,2,,4
update,25880,25890,25894,4,,5
update,25891,25901,25906,5,,6
update,25902,25912,25917,5,,7
update,25913,25923,25927,4,,8
update,25924,25935,25938,3,,9
update,26000,26011,26013,2,,10
inbound,26000,26011,26015,4,,11
update,26011,26022,26027,5,,12
update,26022,26033,26037,4,,13
inbound,26025,26037,26041,4,,14
update,26033,26044,26048,4,,15
update,26044,26055,26058,3,,0
update,26055,26066,26069,3,,1
update,26066,26077,26079,2,,2
update,26077,26088,26091,3,,3
update,26088,26099,26102,3,,4
update,26099,26110,26113,3,,5
inbound,26100,26111,26114,3,,6
update,26110,26121,26124,3,,7
update,26121,26132,26134,2,,8
update,26132,26143,26147,4,,9
update,26143,26154,26157,3,,10
update,26154,26165,26168,3,,11
inbound,26155,26166,26169,3,,12
update,26165,26176,26179,3,,13
update,26176,26187,26191,4,,14
update,26187,26198,26201,3,,15
update,26198,26209,26212,3,,0
inbound,26200,26211,26216,5,,1
update,26209,26220,26223,3,,2
inbound,26210,26221,26224,3,,3
update,26220,26231,26233,2,,4
inbound,26225,26236,26238,2,,5
update,26231,26242,26245,3,,6
update,26242,26253,26255,2,,7
update,26253,26264,26267,3,,8
update,26264,26275,26278,3,,9
inbound,26265,26276,26280,4,,10
update,26275,26286,26289,3,,11
update,26286,26297,26300,3,,12
update,26297,26308,26310,2,,13
update,26308,26319,26322,3,,14
update,26319,26330,26332,2,,15
inbound,26320,26331,26334,3,,0
update,26330,26341,26344,3,,1
update,26341,26352,26355,3,,2
update,26352,26363,26367,4,,3
update,26363,26374,26377,3,,4
update,26374,26385,26389,4,,5
inbound,26375,26386,26390,4,,6
update,26385,26396,26400,4,,7
update,26396,26407,26410,3,,8
inbound,26400,26411,26414,3,,9
update,26407,26418,26421,3,,10
update,26418,26429,26433,4,,11
inbound,26425,26436,26439,3,,12
update,26429,26440,26443,3,,13
inbound,26430,26441,26444,3,,14
update,26440,26451,26453,2,,15
update,26451,26462,26465,3,,0
update,26462,26473,26475,2,,1
update,26473,26484,26490,6,,2
update,26484,26495,26499,4,,3
inbound,26485,26496,26502,6,,4
update,26495,26506,26510,4,,5
update,26506,26517,26520,3,,6
update,26517,26527,26531,4,,7
update,26528,26539,26541,2,,8
update,26539,26550,26554,4,,9
inbound,26540,26550,26554,4,,10
update,26550,26561,26564,3,,11
update,26561,26572,26575,3,,12
update,26572,26583,26587,4,,13
update,26583,26594,26596,2,,14
update,26594,26605,26608,3,,15
inbound,26595,26606,26610,4,,0
update,26605,26616,26619,3,,1
update,26616,26627,26630,3,,2
update,26627,26638,26640,2,,3
update,26638,26649,26651,2,,4
update,26649,26660,26663,3,,5
inbound,26650,26661,26664,3,,6
update,26660,26671,26674,3,,7
update,26671,26682,26685,3,,8
update,26682,26693,26696,3,,9
update,26693,26704,26708,4,,10
inbound,26705,26716,26718,2,,12
update,26704,26715,26719,4,,11
update,26715,26726,26729,3,,13
update,26726,26737,26740,3,,14
update,26737,26748,26751,3,,15
update,26748,26759,26762,3,,0
update,26759,26770,26774,4,,1
inbound,26760,26771,26775,4,,2
update,26770,26781,26784,3,,3
update,26781,26792,26798,6,,4
update,26792,26803,26805,2,,5
update,26803,26814,26818,4,,6
update,26814,26825,26828,3,,7
inbound,26815,26826,26829,3,,8
update,26825,26836,26839,3,,9
update,26836,26847,26850,3,,10
update,26847,26858,26861,3,,11
update,26858,26869,26872,3,,12
update,26869,26880,26883,3,,13
update,26880,26891,26894,3,,14
update,26891,26902,26905,3,,15
update,26902,26913,26918,5,,0
update,26913,26923,26926,3,,1
update,26924,26935,26938,3,,2
update,27000,27011,27014,3,,3
inbound,27000,27011,27016,5,,4
update,27011,27022,27025,3,,5
update,27022,27033,27041,8,,6
inbound,27025,27036,27043,7,,7
update,27033,27044,27047,3,,8
update,27044,27055,27058,3,,9
update,27055,27066,27070,4,,10
update,27066,27077,27080,3,,11
update,27077,27088,27091,3,,12
update,27088,27099,27103,4,,13
update,27099,27110,27113,3,,14
inbound,27100,27111,27113,2,,15
update,27110,27121,27124,3,,0
update,27121,27132,27136,4,,1
update,27132,27143,27146,3,,2
update,27143,27154,27157,3,,3
update,27154,27165,27169,4,,4
inbound,27155,27166,27169,3,,5
update,27165,27176,27179,3,,6
update,27176,27187,27193,6,,7
update,27187,27198,27203,5,,8
update,27198,27209,27213,4,,9
inbound,27200,27211,27214,3,,10
update,27209,27220,27224,4,,11
inbound,27210,27221,27224,3,,12
update,27220,27231,27233,2,,13
inbound,27225,27236,27239,3,,14
update,27231,27242,27245,3,,15
update,27242,27253,27255,2,,0
update,27253,27264,27267,3,,1
update,27264,27275,27278,3,,2
inbound,27265,27276,27280,4,,3
update,27275,27286,27288,2,,4
update,27286,27297,27300,3,,5
update,27297,27308,27310,2,,6
update,27308,27319,27323,4,,7
update,27319,27330,27337,7,,8
inbound,27320,27332,27338,6,,9
update,27330,27341,27347,6,,10
update,27341,27352,27358,6,,11
update,27352,27363,27368,5,,12
update,27363,27374,27382,8,,13
update,27374,27385,27396,11,,14
inbound,27375,27386,27397,11,,15
update,27385,27396,27401,5,,0
update,27396,27407,27411,4,,1
inbound,27400,27411,27415,4,,2
update,27407,27418,27421,3,,3
update,27418,27429,27432,3,,4
inbound,27425,27436,27439,3,,5
update,27429,27440,27444,4,,6
inbound,27430,27441,27444,3,,7
update,27440,27451,27456,5,,8
update,27451,27462,27465,3,,9
update,27462,27473,27477,4,,10
update,27473,27484,27486,2,,11
update,27484,27495,27498,3,,12
inbound,27485,27496,27498,2,,13
update,27495,27506,27509,3,,14
update,27506,27517,27519,2,,15
update,27517,27528,27532,4,,0
update,27528,27539,27541,2,,1
update,27539,27550,27553,3,,2
inbound,27540,27551,27555,4,,3
update,27550,27561,27564,3,,4
update,27561,27572,27575,3,,5
update,27572,27583,27586,3,,6
update,27583,27594,27596,2,,7
update,27594,27605,27608,3,,8
inbound,27595,27606,27609,3,,9
update,27605,27616,27619,3,,10
update,27616,27627,27630,3,,11
update,27627,27638,27641,3,,12
update,27638,27649,27652,3,,13
update,27649,27660,27664,4,,14
inbound,27650,27661,27665,4,,15
update,27660,27671,27674,3,,0
update,27671,27682,27684,2,,1
update,27682,27693,27696,3,,2
update,27693,27704,27706,2,,3
update,27704,27715,27718,3,,4
inbound,27705,27716,27719,3,,5
update,27715,27726,27728,2,,6
update,27726,27737,27740,3,,7
update,27737,27748,27752,4,,8
update,27748,27759,27762,3,,9
inbound,27760,27771,27773,2,,11
update,27759,27770,27773,3,,10
update,27770,27781,27785,4,,12
update,27781,27792,27795,3,,13
update,27792,27803,27806,3,,14
update,27803,27814,27817,3,,15
update,27814,27825,27828,3,,0
inbound,27815,27826,27829,3,,1
update,27825,27836,27838,2,,2
update,27836,27847,27851,4,,3
update,27847,27858,27860,2,,4
update,27858,27869,27871,2,,5
update,27869,27879,27882,3,,6
update,27880,27891,27894,3,,7
update,27891,27902,27904,2,,8
update,27902,27913,27916,3,,9
update,27913,27924,27927,3,,10
update,27924,27935,27938,3,,11
update,28000,28011,28015,4,,12
inbound,28000,28011,28015,4,,13
update,28011,28022,28024,2,,14
update,28022,28033,28036,3,,15
inbound,28025,28036,28038,2,,0
update,28033,28044,28048,4,,1
update,28044,28055,28057,2,,2
update,28055,28066,28068,2,,3
update,28066,28077,28080,3,,4
update,28077,28088,28090,2,,5
update,28088,28099,28101,2,,6
update,28099,28110,28114,4,,7
inbound,28100,28111,28114,3,,8
update,28110,28121,28124,3,,9
update,28121,28132,28134,2,,10
update,28132,28143,28145,2,,11
update,28143,28154,28157,3,,12
update,28154,28165,28168,3,,13
inbound,28155,28166,28169,3,,14
update,28165,28176,28179,3,,15
update,28176,28187,28189,2,,0
update,28187,28197,28201,4,,1
update,28198,28209,28211,2,,2
inbound,28200,28211,28214,3,,3
update,28209,28220,28223,3,,4
inbound,28210,28221,28224,3,,5
update,28220,28231,28233,2,,6
inbound,28225,28236,28238,2,,7
update,28231,28242,28245,3,,8
update,28242,28253,28256,3,,9
update,28253,28264,28266,2,,10
update,28264,28275,28277,2,,11
inbound,28265,28276,28279,3,,12
update,28275,28286,28289,3,,13
update,28286,28297,28299,2,,14
update,28297,28308,28311,3,,15
update,28308,28319,28322,3,,0
update,28319,28330,28333,3,,1
inbound,28320,28331,28334,3,,2
update,28330,28341,28344,3,,3
update,28341,28352,28354,2,,4
update,28352,28363,28366,3,,5
update,28363,28374,28376,2,,6
update,28374,28385,28387,2,,7
inbound,28375,28386,28388,2,,8
update,28385,28396,28398,2,,9
update,28396,28407,28410,3,,10
inbound,28400,28411,28413,2,,11
update,28407,28418,28421,3,,12
update,28418,28429,28432,3,,13
inbound,28425,28436,28438,2,,14
inbound,28430,28440,28444,4,,0
update,28429,28440,28444,4,,15
update,28440,28451,28453,2,,1
update,28451,28462,28465,3,,2
update,28462,28473,28476,3,,3
update,28473,28484,28488,4,,4
update,28484,28495,28498,3,,5
inbound,28485,28495,28499,4,,6
update,28495,28506,28509,3,,7
update,28506,28517,28519,2,,8
update,28517,28528,28530,2,,9
update,28528,28539,28542,3,,10
update,28539,28550,28553,3,,11
inbound,28540,28551,28554,3,,12
update,28550,28561,28564,3,,13
update,28561,28572,28574,2,,14
update,28572,28583,28585,2,,15
update,28583,28594,28597,3,,0
update,28594,28605,28608,3,,1
inbound,28595,28605,28608,3,,2
update,28605,28616,28619,3,,3
update,28616,28627,28631,4,,4
update,28627,28638,28640,2,,5
update,28638,28649,28652,3,,6
update,28649,28660,28663,3,,7
inbound,28650,28661,28664,3,,8
update,28660,28671,28673,2,,9
update,28671,28682,28685,3,,10
update,28682,28693,28696,3,,11
update,28693,28704,28707,3,,12
update,28704,28715,28718,3,,13
inbound,28705,28716,28719,3,,14
update,28715,28726,28728,2,,15
update,28726,28738,28740,2,,0
update,28737,28748,28751,3,,1
update,28748,28759,28761,2,,2
update,28759,28770,28773,3,,3
inbound,28760,28771,28773,2,,4
update,28770,28781,28783,2,,5
update,28781,28792,28795,3,,6
update,28792,28803,28805,2,,7
update,28803,28814,28817,3,,8
inbound,28815,28825,28827,2,,10
update,28814,28825,28828,3,,9
update,28825,28836,28839,3,,11
update,28836,28847,28849,2,,12
update,28847,28858,28860,2,,13
update,28858,28869,28872,3,,14
update,28869,28880,28883,3,,15
update,28880,28891,28893,2,,0
update,28891,28902,28904,2,,1
update,28902,28913,28916,3,,2
update,28913,28924,28927,3,,3
update,28924,28935,28938,3,,4
update,29000,29011,29014,3,,5
inbound,29000,29011,29014,3,,6
update,29011,29022,29024,2,,7
update,29022,29033,29036,3,,8
inbound,29025,29036,29038,2,,9
update,29033,29044,29047,3,,10
update,29044,29055,29058,3,,11
update,29055,29066,29069,3,,12
update,29066,29077,29080,3,,13
update,29077,29088,29091,3,,14
update,29088,29099,29102,3,,15
update,29099,29110,29113,3,,0
inbound,29100,29111,29114,3,,1
update,29110,29121,29124,3,,2
update,29121,29132,29135,3,,3
update,29132,29143,29146,3,,4
update,29143,29154,29157,3,,5
update,29154,29165,29168,3,,6
inbound,29155,29166,29169,3,,7
update,29165,29175,29179,4,,8
update,29176,29187,29190,3,,9
update,29187,29198,29204,6,,10
update,29198,29209,29213,4,,11
inbound,29200,29211,29214,3,,12
update,29209,29220,29223,3,,13
inbound,29210,29221,29225,4,,14
update,29220,29231,29234,3,,15
inbound,29225,29236,29239,3,,0
update,29231,29242,29245,3,,1
update,29242,29253,29256,3,,2
update,29253,29264,29267,3,,3
update,29264,29275,29278,3,,4
inbound,29265,29276,29279,3,,5
update,29275,29286,29288,2,,6
update,29286,29297,29301,4,,7
update,29297,29308,29311,3,,8
update,29308,29319,29322,3,,9
update,29319,29330,29333,3,,10
inbound,29320,29331,29334,3,,11
update,29330,29341,29344,3,,12
update,29341,29352,29354,2,,13
update,29352,29363,29366,3,,14
update,29363,29374,29377,3,,15
update,29374,29385,29388,3,,0
inbound,29375,29386,29389,3,,1
update,29385,29396,29399,3,,2
update,29396,29407,29410,3,,3
inbound,29400,29410,29414,4,,4
update,29407,29418,29420,2,,5
update,29418,29429,29432,3,,6
inbound,29425,29436,29439,3,,7
update,29429,29440,29443,3,,8
inbound,29430,29441,29445,4,,9
update,29440,29451,29454,3,,10
update,29451,29462,29465,3,,11
update,29462,29473,29475,2,,12
update,29473,29484,29486,2,,13
update,29484,29495,29499,4,,14
inbound,29485,29496,29499,3,,15
update,29495,29505,29509,4,,0
update,29506,29517,29520,3,,1
update,29517,29528,29531,3,,2
update,29528,29539,29542,3,,3
update,29539,29550,29554,4,,4
inbound,29540,29551,29555,4,,5
update,29550,29561,29563,2,,6
update,29561,29571,29574,3,,7
update,29572,29583,29585,2,,8
update,29583,29594,29597,3,,9
update,29594,29605,29608,3,,10
inbound,29595,29606,29609,3,,11
update,29605,29616,29618,2,,12
update,29616,29627,29629,2,,13
update,29627,29638,29642,4,,14
update,29638,29649,29652,3,,15
update,29649,29660,29663,3,,0
inbound,29650,29661,29665,4,,1
update,29660,29671,29673,2,,2
update,29671,29682,29685,3,,3
update,29682,29693,29695,2,,4
update,29693,29704,29706,2,,5
update,29704,29715,29718,3,,6
inbound,29705,29716,29719,3,,7
update,29715,29726,29730,4,,8
update,29726,29737,29740,3,,9
update,29737,29748,29751,3,,10
update,29748,29759,29762,3,,11
update,29759,29770,29773,3,,12
inbound,29760,29771,29774,3,,13
update,29770,29781,29784,3,,14
update,29781,29792,29795,3,,15
update,29792,29803,29806,3,,0
update,29803,29814,29816,2,,1
inbound,29815,29826,29828,2,,3
update,29814,29825,29828,3,,2
update,29825,29836,29839,3,,4
update,29836,29847,29851,4,,5
update,29847,29858,29862,4,,6
update,29858,29869,29873,4,,7
update,29869,29880,29883,3,,8
update,29880,29891,29894,3,,9
update,29891,29902,29905,3,,10
update,29902,29913,29916,3,,11
update,29913,29924,29928,4,,12
update,29924,29935,29941,6,,13
update,30000,30011,30014,3,,14
inbound,30000,30011,30015,4,,15
update,30011,30022,30025,3,,0
update,30022,30033,30036,3,,1
inbound,30025,30036,30039,3,,2
update,30033,30044,30047,3,,3
update,30044,30055,30058,3,,4
update,30055,30066,30069,3,,5
update,30066,30077,30079,2,,6
update,30077,30088,30091,3,,7
update,30088,30099,30102,3,,8
update,30099,30110,30115,5,,9
inbound,30100,30111,30115,4,,10
update,30110,30121,30126,5,,11
update,30121,30132,30136,4,,12
update,30132,30143,30145,2,,13
update,30143,30154,30158,4,,14
update,30154,30165,30168,3,,15
inbound,30155,30166,30170,4,,0
update,30165,30176,30179,3,,1
update,30176,30187,30189,2,,2
update,30187,30198,30201,3,,3
update,30198,30209,30215,6,,4
inbound,30200,30210,30216,6,,5
update,30209,30220,30224,4,,6
inbound,30210,30221,30224,3,,7
update,30220,30231,30234,3,,8
inbound,30225,30236,30239,3,,9
update,30231,30242,30245,3,,10
update,30242,30253,30256,3,,11
update,30253,30264,30267,3,,12
update,30264,30275,30279,4,,13
inbound,30265,30276,30279,3,,14
update,30275,30286,30288,2,,15
update,30286,30297,30300,3,,0
update,30297,30308,30311,3,,1
update,30308,30319,30322,3,,2
inbound,30320,30331,30334,3,,4
update,30319,30331,30334,3,,3
update,30330,30341,30343,2,,5
update,30341,30352,30355,3,,6
update,30352,30363,30366,3,,7
update,30363,30374,30377,3,,8
update,30374,30385,30388,3,,9
inbound,30375,30386,30389,3,,10
update,30385,30396,30399,3,,11
update,30396,30407,30410,3,,12
inbound,30400,30411,30414,3,,13
update,30407,30418,30421,3,,14
update,30418,30429,30432,3,,15
inbound,30425,30436,30438,2,,0
update,30429,30440,30443,3,,1
inbound,30430,30441,30444,3,,2
update,30440,30451,30453,2,,3
update,30451,30462,30465,3,,4
update,30462,30473,30476,3,,5
update,30473,30484,30487,3,,6
inbound,30485,30495,30500,5,,8
update,30484,30495,30500,5,,7
update,30495,30506,30508,2,,9
update,30506,30517,30520,3,,10
update,30517,30528,30530,2,,11
update,30528,30539,30541,2,,12
update,30539,30550,30554,4,,13
inbound,30540,30551,30555,4,,14
update,30550,30561,30563,2,,15
update,30561,30572,30575,3,,0
update,30572,30583,30586,3,,1
update,30583,30594,30597,3,,2
update,30594,30605,30608,3,,3
inbound,30595,30606,30609,3,,4
update,30605,30616,30619,3,,5
update,30616,30627,30631,4,,6
update,30627,30638,30641,3,,7
update,30638,30649,30651,2,,8
update,30649,30660,30665,5,,9
inbound,30650,30662,30666,4,,10
update,30660,30671,30675,4,,11
update,30671,30682,30685,3,,12
update,30682,30693,30697,4,,13
update,30693,30704,30708,4,,14
update,30704,30715,30719,4,,15
inbound,30705,30716,30719,3,,0
update,30715,30726,30730,4,,1
update,30726,30737,30741,4,,2
update,30737,30748,30752,4,,3
update,30748,30759,30766,7,,4
inbound,30760,30771,30777,6,,6
update,30759,30770,30777,7,,5
update,30770,30781,30787,6,,7
update,30781,30793,30799,6,,8
update,30792,30803,30806,3,,9
update,30803,30814,30817,3,,10
inbound,30815,30826,30828,2,,12
update,30814,30825,30829,4,,11
update,30825,30836,30840,4,,13
update,30836,30846,30849,3,,14
update,30847,30858,30861,3,,15
update,30858,30868,30872,4,,0
update,30869,30880,30883,3,,1
update,30880,30891,30893,2,,2
update,30891,30902,30906,4,,3
update,30902,30913,30916,3,,4
update,30913,30924,30927,3,,5
update,30924,30935,30937,2,,6
update,31000,31011,31015,4,,7
inbound,31000,31011,31015,4,,8
update,31011,31022,31024,2,,9
update,31022,31033,31036,3,,10
inbound,31025,31036,31039,3,,11
update,31033,31044,31046,2,,12
update,31044,31055,31057,2,,13
update,31055,31066,31069,3,,14
update,31066,31077,31080,3,,15
update,31077,31088,31090,2,,0
update,31088,31099,31102,3,,1
inbound,31100,31110,31113,3,,3
update,31099,31110,31113,3,,2
update,31110,31121,31123,2,,4
update,31121,31132,31134,2,,5
update,31132,31143,31146,3,,6
update,31143,31154,31156,2,,7
update,31154,31165,31168,3,,8
inbound,31155,31166,31169,3,,9
update,31165,31176,31179,3,,10
update,31176,31187,31189,2,,11
update,31187,31198,31200,2,,12
update,31198,31209,31212,3,,13
inbound,31200,31211,31215,4,,14
update,31209,31220,31223,3,,15
inbound,31210,31221,31224,3,,0
update,31220,31231,31234,3,,1
inbound,31225,31236,31238,2,,2
update,31231,31242,31245,3,,3
update,31242,31253,31255,2,,4
update,31253,31264,31267,3,,5
inbound,31265,31275,31278,3,,7
update,31264,31275,31279,4,,6
update,31275,31286,31288,2,,8
update,31286,31297,31299,2,,9
update,31297,31308,31310,2,,10
update,31308,31319,31322,3,,11
update,31319,31330,31334,4,,12
inbound,31320,31331,31334,3,,13
update,31330,31341,31343,2,,14
update,31341,31352,31354,2,,15
update,31352,31363,31366,3,,0
update,31363,31374,31377,3,,1
update,31374,31385,31388,3,,2
inbound,31375,31386,31389,3,,3
update,31385,31396,31398,2,,4
update,31396,31407,31409,2,,5
inbound,31400,31411,31413,2,,6
update,31407,31418,31421,3,,7
update,31418,31429,31431,2,,8
inbound,31425,31436,31439,3,,9
update,31429,31440,31443,3,,10
inbound,31430,31441,31444,3,,11
update,31440,31451,31454,3,,12
update,31451,31462,31464,2,,13
update,31462,31473,31476,3,,14
update,31473,31484,31486,2,,15
update,31484,31495,31497,2,,0
inbound,31485,31496,31499,3,,1
update,31495,31506,31508,2,,2
update,31506,31517,31519,2,,3
update,31517,31528,31531,3,,4
update,31528,31539,31541,2,,5
update,31539,31550,31552,2,,6
inbound,31540,31551,31553,2,,7
update,31550,31561,31563,2,,8
update,31561,31572,31575,3,,9
update,31572,31583,31585,2,,10
update,31583,31594,31597,3,,11
update,31594,31605,31608,3,,12
inbound,31595,31606,31609,3,,13
update,31605,31616,31619,3,,14
update,31616,31627,31630,3,,15
update,31627,31638,31642,4,,0
update,31638,31649,31652,3,,1
update,31649,31660,31663,3,,2
inbound,31650,31660,31663,3,,3
update,31660,31671,31674,3,,4
update,31671,31682,31684,2,,5
update,31682,31693,31696,3,,6
update,31693,31704,31707,3,,7
update,31704,31715,31718,3,,8
inbound,31705,31716,31719,3,,9
update,31715,31726,31729,3,,10
update,31726,31737,31739,2,,11
update,31737,31748,31750,2,,12
update,31748,31759,31762,3,,13
update,31759,31770,31773,3,,14
inbound,31760,31771,31773,2,,15
update,31770,31781,31783,2,,0
update,31781,31792,31795,3,,1
update,31792,31803,31806,3,,2
update,31803,31814,31816,2,,3
inbound,31815,31826,31827,1,,5
update,31814,31826,31828,2,,4
update,31825,31836,31839,3,,6
update,31836,31847,31849,2,,7
update,31847,31858,31861,3,,8
update,31858,31869,31872,3,,9
update,31869,31880,31883,3,,10
update,31880,31891,31894,3,,11
update,31891,31902,31904,2,,12
update,31902,31913,31916,3,,13
update,31913,31924,31926,2,,14
update,31924,31935,31938,3,,15
update,32000,32011,32014,3,,0
inbound,32000,32012,32015,3,,1
update,32011,32022,32025,3,,2
update,32022,32033,32036,3,,3
inbound,32025,32036,32039,3,,4
update,32033,32045,32047,2,,5
update,32044,32055,32058,3,,6
update,32055,32066,32068,2,,7
update,32066,32077,32079,2,,8
update,32077,32088,32091,3,,9
update,32088,32099,32102,3,,10
update,32099,32110,32113,3,,11
inbound,32100,32112,32114,2,,12
update,32110,32121,32124,3,,13
update,32121,32131,32135,4,,14
update,32132,32143,32146,3,,15
update,32143,32154,32157,3,,0
update,32154,32165,32168,3,,1
inbound,32155,32168,32170,2,,2
update,32165,32176,32179,3,,3
update,32176,32187,32189,2,,4
update,32187,32198,32200,2,,5
update,32198,32209,32212,3,,6
inbound,32200,32212,32218,6,,7
update,32209,32219,32225,6,,8
inbound,32210,32222,32226,4,,9
inbound,32225,32237,32241,4,,11
update,32220,32231,32241,10,,10
update,32231,32242,32245,3,,12
update,32242,32253,32256,3,,13
update,32253,32264,32268,4,,14
update,32264,32275,32278,3,,15
inbound,32265,32277,32280,3,,0
update,32275,32286,32289,3,,1
update,32286,32297,32299,2,,2
update,32297,32307,32310,3,,3
update,32308,32319,32323,4,,4
update,32319,32330,32332,2,,5
inbound,32320,32332,32335,3,,6
update,32330,32341,32344,3,,7
update,32341,32352,32355,3,,8
update,32352,32363,32366,3,,9
update,32363,32374,32376,2,,10
update,32374,32385,32388,3,,11
inbound,32375,32387,32390,3,,12
update,32385,32396,32398,2,,13
update,32396,32407,32410,3,,14
inbound,32400,32412,32414,2,,15
update,32407,32418,32421,3,,0
update,32418,32429,32432,3,,1
inbound,32425,32437,32440,3,,2
update,32429,32440,32443,3,,3
inbound,32430,32442,32446,4,,4
update,32440,32451,32454,3,,5
update,32451,32462,32465,3,,6
update,32462,32473,32476,3,,7
update,32473,32484,32488,4,,8
update,32484,32495,32497,2,,9
inbound,32485,32497,32500,3,,10
update,32495,32506,32509,3,,11
update,32506,32517,32519,2,,12
update,32517,32528,32531,3,,13
update,32528,32539,32543,4,,14
update,32539,32550,32552,2,,15
inbound,32540,32552,32554,2,,0
update,32550,32561,32564,3,,1
update,32561,32572,32575,3,,2
update,32572,32583,32586,3,,3
update,32583,32594,32597,3,,4
update,32594,32605,32609,4,,5
inbound,32595,32607,32610,3,,6
update,32605,32616,32619,3,,7
update,32616,32627,32629,2,,8
update,32627,32638,32641,3,,9
update,32638,32649,32651,2,,10
update,32649,32660,32663,3,,11
inbound,32650,32662,32665,3,,12
update,32660,32671,32674,3,,13
update,32671,32682,32684,2,,14
update,32682,32693,32696,3,,15
update,32693,32704,32707,3,,0
update,32704,32715,32718,3,,1
inbound,32705,32717,32721,4,,2
update,32715,32726,32729,3,,3
update,32726,32737,32740,3,,4
update,32737,32748,32751,3,,5
update,32748,32759,32762,3,,6
update,32759,32770,32773,3,,7
inbound,32760,32772,32774,2,,8
update,32770,32781,32784,3,,9
update,32781,32792,32794,2,,10
update,32792,32803,32806,3,,11
update,32803,32814,32817,3,,12
update,32814,32825,32828,3,,13
inbound,32815,32827,32829,2,,14
update,32825,32836,32839,3,,15
update,32836,32847,32850,3,,0
update,32847,32858,32860,2,,1
update,32858,32869,32872,3,,2
update,32869,32880,32884,4,,3
update,32880,32891,32894,3,,4
update,32891,32902,32905,3,,5
update,32902,32913,32916,3,,6
update,32913,32924,32927,3,,7
update,32924,32935,32938,3,,8
update,33000,33012,33016,4,,9
inbound,33000,33012,33016,4,,10
update,33011,33023,33026,3,,11
update,33022,33034,33037,3,,12
inbound,33025,33037,33040,3,,13
update,33033,33045,33048,3,,14
update,33044,33056,33059,3,,15
update,33055,33067,33070,3,,0
update,33066,33078,33081,3,,1
update,33077,33090,33092,2,,2
update,33088,33100,33103,3,,3
update,33099,33111,33114,3,,4
inbound,33100,33112,33115,3,,5
update,33110,33122,33125,3,,6
update,33121,33133,33138,5,,7
update,33132,33144,33147,3,,8
update,33143,33155,33157,2,,9
update,33154,33166,33169,3,,10
inbound,33155,33167,33171,4,,11
update,33165,33177,33181,4,,12
update,33176,33188,33191,3,,13
update,33187,33199,33202,3,,14
update,33198,33210,33213,3,,15
inbound,33200,33212,33215,3,,0
update,33209,33221,33226,5,,1
inbound,33210,33223,33228,5,,2
update,33220,33232,33237,5,,3
inbound,33225,33237,33241,4,,4
update,33231,33243,33246,3,,5
update,33242,33254,33258,4,,6
update,33253,33264,33268,4,,7
update,33264,33276,33281,5,,8
inbound,33265,33277,33281,4,,9
update,33275,33287,33290,3,,10
update,33286,33298,33301,3,,11
update,33297,33309,33311,2,,12
update,33308,33320,33327,7,,13
update,33319,33331,33335,4,,14
inbound,33320,33332,33335,3,,15
update,33330,33342,33346,4,,0
update,33341,33352,33355,3,,1
update,33352,33364,33366,2,,2
update,33363,33375,33378,3,,3
update,33374,33386,33389,3,,4
inbound,33375,33387,33391,4,,5
update,33385,33397,33400,3,,6
update,33396,33408,33412,4,,7
inbound,33400,33412,33414,2,,8
update,33407,33419,33422,3,,9
update,33418,33430,33433,3,,10
inbound,33425,33437,33440,3,,11
update,33429,33441,33444,3,,12
inbound,33430,33442,33446,4,,13
update,33440,33452,33455,3,,14
update,33451,33463,33466,3,,15
update,33462,33474,33476,2,,0
update,33473,33485,33488,3,,1
update,33484,33496,33500,4,,2
inbound,33485,33497,33501,4,,3
update,33495,33507,33510,3,,4
update,33506,33518,33521,3,,5
update,33517,33529,33531,2,,6
update,33528,33540,33543,3,,7
update,33539,33551,33554,3,,8
inbound,33540,33552,33556,4,,9
update,33550,33562,33565,3,,10
update,33561,33573,33575,2,,11
update,33572,33584,33587,3,,12
update,33583,33595,33599,4,,13
update,33594,33606,33610,4,,14
inbound,33595,33608,33611,3,,15
update,33605,33617,33620,3,,0
update,33616,33628,33631,3,,1
update,33627,33639,33642,3,,2
update,33638,33650,33653,3,,3
update,33649,33661,33664,3,,4
inbound,33650,33662,33666,4,,5
update,33660,33672,33675,3,,6
update,33671,33683,33686,3,,7
update,33682,33694,33697,3,,8
update,33693,33705,33708,3,,9
update,33704,33716,33720,4,,10
inbound,33705,33717,33720,3,,11
update,33715,33727,33730,3,,12
update,33726,33738,33741,3,,13
update,33737,33749,33754,5,,14
update,33748,33760,33763,3,,15
update,33759,33771,33792,21,,0
inbound,33760,33772,33792,20,,1
update,33770,33782,33792,10,,2
update,33781,33793,33800,7,,3
update,33792,33804,33853,49,,4
update,33836,33848,33854,6,,9
update,33803,33815,33854,39,,5
update,33814,33826,33854,28,,6
inbound,33815,33827,33854,27,,7
update,33825,33837,33854,17,,8
update,33847,33859,33863,4,,10
update,33858,33870,33902,32,,11
update,33869,33881,33902,21,,12
update,33880,33892,33902,10,,13
update,33891,33903,33909,6,,14
update,33902,33914,33920,6,,15
update,33913,33925,33949,24,,0
update,33924,33936,33949,13,,1
update,34000,34012,34014,2,,2
inbound,34000,34012,34015,3,,3
update,34011,34023,34025,2,,4
update,34022,34034,34036,2,,5
inbound,34025,34037,34040,3,,6
update,34033,34045,34048,3,,7
update,34044,34056,34059,3,,8
update,34055,34067,34069,2,,9
update,34066,34078,34080,2,,10
update,34077,34089,34093,4,,11
update,34088,34100,34103,3,,12
update,34099,34111,34115,4,,13
inbound,34100,34111,34115,4,,14
update,34110,34122,34125,3,,15
update,34121,34133,34138,5,,0
update,34132,34144,34146,2,,1
update,34143,34155,34157,2,,2
update,34154,34166,34170,4,,3
inbound,34155,34167,34170,3,,4
update,34165,34177,34180,3,,5
update,34176,34188,34191,3,,6
update,34187,34199,34202,3,,7
update,34198,34210,34213,3,,8
inbound,34200,34212,34215,3,,9
inbound,34210,34221,34226,5,,11
update,34209,34221,34228,7,,10
update,34220,34232,34235,3,,12
inbound,34225,34237,34243,6,,13
update,34231,34243,34248,5,,14
update,34242,34254,34259,5,,15
update,34253,34266,34270,4,,0
update,34264,34276,34281,5,,1
inbound,34265,34278,34281,3,,2
update,34275,34287,34289,2,,3
update,34286,34297,34301,4,,4
update,34297,34309,34313,4,,5
update,34308,34320,34322,2,,6
update,34319,34331,34335,4,,7
inbound,34320,34332,34336,4,,8
update,34330,34342,34344,2,,9
update,34341,34353,34355,2,,10
update,34352,34364,34367,3,,11
update,34363,34375,34378,3,,12
update,34374,34386,34389,3,,13
inbound,34375,34387,34390,3,,14
update,34385,34397,34401,4,,15
update,34396,34408,34411,3,,0
inbound,34400,34412,34415,3,,1
update,34407,34419,34423,4,,2
update,34418,34430,34433,3,,3
inbound,34425,34436,34439,3,,4
update,34429,34441,34444,3,,5
inbound,34430,34442,34447,5,,6
update,34440,34452,34454,2,,7
update,34451,34463,34466,3,,8
update,34462,34474,34477,3,,9
update,34473,34485,34487,2,,10
update,34484,34496,34500,4,,11
inbound,34485,34497,34501,4,,12
update,34495,34507,34510,3,,13
update,34506,34518,34521,3,,14
update,34517,34529,34532,3,,15
update,34528,34540,34542,2,,0
update,34539,34551,34554,3,,1
inbound,34540,34552,34555,3,,2
update,34550,34562,34564,2,,3
update,34561,34573,34575,2,,4
update,34572,34584,34587,3,,5
update,34583,34595,34598,3,,6
update,34594,34606,34609,3,,7
inbound,34595,34608,34611,3,,8
update,34605,34617,34620,3,,9
update,34616,34628,34631,3,,10
update,34627,34639,34642,3,,11
update,34638,34650,34653,3,,12
inbound,34650,34662,34665,3,,14
update,34649,34661,34665,4,,13
update,34660,34672,34675,3,,15
update,34671,34683,34686,3,,0
update,34682,34694,34696,2,,1
update,34693,34705,34708,3,,2
update,34704,34716,34719,3,,3
inbound,34705,34716,34720,4,,4
update,34715,34727,34729,2,,5
update,34726,34738,34741,3,,6
update,34737,34749,34752,3,,7
update,34748,34760,34762,2,,8
update,34759,34771,34774,3,,9
inbound,34760,34772,34775,3,,10
update,34770,34782,34784,2,,11
update,34781,34793,34795,2,,12
update,34792,34804,34806,2,,13
update,34803,34815,34818,3,,14
inbound,34815,34826,34828,2,,0
update,34814,34826,34829,3,,15
update,34825,34837,34840,3,,1
update,34836,34848,34851,3,,2
update,34847,34859,34862,3,,3
update,34858,34870,34873,3,,4
update,34869,34881,34883,2,,5
update,34880,34892,34894,2,,6
update,34891,34903,34906,3,,7
update,34902,34914,34917,3,,8
update,34913,34925,34928,3,,9
update,34924,34936,34938,2,,10
update,35000,35012,35015,3,,11
inbound,35000,35012,35015,3,,12
update,35011,35023,35026,3,,13
update,35022,35034,35036,2,,14
inbound,35025,35037,35039,2,,15
update,35033,35046,35048,2,,0
update,35044,35056,35059,3,,1
update,35055,35067,35070,3,,2
update,35066,35078,35080,2,,3
update,35077,35089,35092,3,,4
update,35088,35100,35102,2,,5
inbound,35100,35111,35114,3,,7
update,35099,35111,35115,4,,6
update,35110,35122,35125,3,,8
update,35121,35133,35135,2,,9
update,35132,35144,35147,3,,10
update,35143,35155,35158,3,,11
update,35154,35166,35169,3,,12
inbound,35155,35167,35170,3,,13
update,35165,35177,35180,3,,14
update,35176,35188,35190,2,,15
update,35187,35198,35201,3,,0
update,35198,35211,35214,3,,1
inbound,35200,35212,35215,3,,2
update,35209,35221,35224,3,,3
inbound,35210,35222,35225,3,,4
update,35220,35232,35239,7,,5
inbound,35225,35237,35240,3,,6
update,35231,35243,35247,4,,7
update,35242,35254,35256,2,,8
update,35253,35265,35268,3,,9
update,35264,35276,35279,3,,10
inbound,35265,35277,35280,3,,11
update,35275,35287,35290,3,,12
update,35286,35298,35301,3,,13
update,35297,35309,35312,3,,14
update,35308,35320,35322,2,,15
update,35319,35331,35333,2,,0
inbound,35320,35332,35335,3,,1
update,35330,35342,35344,2,,2
update,35341,35353,35355,2,,3
update,35352,35364,35367,3,,4
update,35363,35375,35378,3,,5
update,35374,35386,35389,3,,6
inbound,35375,35387,35390,3,,7
update,35385,35397,35400,3,,8
update,35396,35408,35411,3,,9
inbound,35400,35412,35414,2,,10
update,35407,35419,35421,2,,11
update,35418,35430,35433,3,,12
inbound,35425,35437,35439,2,,13
inbound,35430,35441,35444,3,,15
update,35429,35441,35444,3,,14
update,35440,35452,35454,2,,0
update,35451,35463,35466,3,,1
update,35462,35474,35477,3,,2
update,35473,35485,35487,2,,3
update,35484,35496,35499,3,,4
inbound,35485,35497,35500,3,,5
update,35495,35507,35510,3,,6
update,35506,35518,35521,3,,7
update,35517,35529,35532,3,,8
update,35528,35540,35543,3,,9
update,35539,35551,35554,3,,10
inbound,35540,35552,35555,3,,11
update,35550,35562,35565,3,,12
update,35561,35573,35577,4,,13
update,35572,35584,35587,3,,14
update,35583,35595,35597,2,,15
update,35594,35606,35609,3,,0
inbound,35595,35607,35610,3,,1
update,35605,35617,35620,3,,2
update,35616,35628,35630,2,,3
update,35627,35639,35641,2,,4
update,35638,35650,35653,3,,5
update,35649,35661,35664,3,,6
inbound,35650,35662,35665,3,,7
update,35660,35672,35674,2,,8
update,35671,35683,35685,2,,9
update,35682,35694,35697,3,,10
update,35693,35705,35707,2,,11
update,35704,35716,35718,2,,12
inbound,35705,35717,35719,2,,13
update,35715,35727,35730,3,,14
update,35726,35738,35740,2,,15
update,35737,35749,35752,3,,0
update,35748,35760,35762,2,,1
update,35759,35771,35773,2,,2
inbound,35760,35772,35774,2,,3
update,35770,35782,35785,3,,4
update,35781,35793,35795,2,,5
update,35792,35804,35806,2,,6
update,35803,35815,35817,2,,7
update,35814,35826,35829,3,,8
inbound,35815,35827,35829,2,,9
update,35825,35837,35840,3,,10
update,35836,35848,35851,3,,11
update,35847,35859,35861,2,,12
update,35858,35870,35872,2,,13
update,35869,35881,35884,3,,14
update,35880,35892,35895,3,,15
update,35891,35903,35906,3,,0
update,35902,35914,35917,3,,1
update,35913,35925,35927,2,,2
update,35924,35936,35939,3,,3
inbound,36000,36012,36015,3,,5
update,36000,36012,36015,3,,4
update,36011,36023,36025,2,,6
update,36022,36034,36036,2,,7
inbound,36025,36037,36040,3,,8
update,36033,36045,36048,3,,9
update,36044,36056,36059,3,,10
update,36055,36067,36070,3,,11
update,36066,36078,36082,4,,12
update,36077,36089,36094,5,,13
update,36088,36100,36105,5,,14
update,36099,36111,36114,3,,15
inbound,36100,36112,36116,4,,0
update,36110,36122,36125,3,,1
update,36121,36133,36136,3,,2
update,36132,36144,36147,3,,3
update,36143,36155,36159,4,,4
update,36154,36166,36169,3,,5
inbound,36155,36166,36170,4,,6
update,36165,36177,36180,3,,7
update,36176,36188,36190,2,,8
update,36187,36199,36202,3,,9
update,36198,36210,36213,3,,10
inbound,36200,36212,36215,3,,11
inbound,36210,36222,36224,2,,13
update,36209,36221,36224,3,,12
update,36220,36232,36235,3,,14
inbound,36225,36237,36243,6,,15
update,36231,36243,36246,3,,0
update,36242,36254,36258,4,,1
update,36253,36265,36268,3,,2
update,36264,36276,36280,4,,3
inbound,36265,36277,36281,4,,4
update,36275,36287,36290,3,,5
update,36286,36298,36301,3,,6
update,36297,36309,36311,2,,7
update,36308,36320,36322,2,,8
update,36319,36330,36334,4,,9
inbound,36320,36332,36335,3,,10
update,36330,36342,36345,3,,11
update,36341,36353,36357,4,,12
update,36352,36364,36367,3,,13
update,36363,36375,36377,2,,14
update,36374,36386,36389,3,,15
inbound,36375,36387,36390,3,,0
update,36385,36397,36400,3,,1
update,36396,36408,36411,3,,2
inbound,36400,36412,36414,2,,3
update,36407,36419,36422,3,,4
update,36418,36430,36432,2,,5
inbound,36425,36437,36440,3,,6
update,36429,36441,36446,5,,7
inbound,36430,36442,36447,5,,8
update,36440,36452,36454,2,,9
update,36451,36463,36465,2,,10
update,36462,36474,36476,2,,11
update,36473,36485,36488,3,,12
update,36484,36496,36499,3,,13
inbound,36485,36497,36501,4,,14
update,36495,36507,36509,2,,15
update,36506,36518,36520,2,,0
update,36517,36528,36532,4,,1
update,36528,36541,36544,3,,2
update,36539,36551,36555,4,,3
inbound,36540,36552,36556,4,,4
update,36550,36562,36567,5,,5
update,36561,36573,36576,3,,6
update,36572,36584,36588,4,,7
update,36583,36595,36598,3,,8
update,36594,36606,36609,3,,9
inbound,36595,36607,36611,4,,10
update,36605,36617,36620,3,,11
update,36616,36628,36632,4,,12
update,36627,36639,36642,3,,13
update,36638,36650,36652,2,,14
update,36649,36661,36664,3,,15
inbound,36650,36662,36666,4,,0
update,36660,36672,36675,3,,1
update,36671,36683,36687,4,,2
update,36682,36693,36696,3,,3
update,36693,36705,36708,3,,4
inbound,36705,36716,36720,4,,6
update,36704,36716,36721,5,,5
update,36715,36727,36730,3,,7
update,36726,36738,36741,3,,8
update,36737,36749,36752,3,,9
update,36748,36760,36763,3,,10
update,36759,36771,36774,3,,11
inbound,36760,36772,36775,3,,12
update,36770,36782,36784,2,,13
update,36781,36793,36796,3,,14
update,36792,36804,36807,3,,15
update,36803,36815,36818,3,,0
update,36814,36826,36829,3,,1
inbound,36815,36827,36829,2,,2
update,36825,36837,36840,3,,3
update,36836,36848,36851,3,,4
update,36847,36859,36863,4,,5
update,36858,36870,36873,3,,6
update,36869,36881,36884,3,,7
update,36880,36892,36895,3,,8
update,36891,36903,36906,3,,9
update,36902,36914,36917,3,,10
update,36913,36925,36928,3,,11
update,36924,36936,36939,3,,12
update,37000,37012,37015,3,,13
inbound,37000,37012,37016,4,,14
update,37011,37023,37026,3,,15
update,37022,37034,37037,3,,0
inbound,37025,37037,37040,3,,1
update,37033,37045,37047,2,,2
update,37044,37056,37059,3,,3
update,37055,37067,37069,2,,4
update,37066,37078,37081,3,,5
update,37077,37089,37091,2,,6
update,37088,37100,37105,5,,7
inbound,37100,37111,37114,3,,9
update,37099,37111,37115,4,,8
update,37110,37122,37125,3,,10
update,37121,37133,37136,3,,11
update,37132,37144,37146,2,,12
update,37154,37166,37170,4,,14
inbound,37155,37167,37170,3,,15
update,37143,37155,37170,15,,13
update,37165,37177,37179,2,,0
update,37176,37188,37191,3,,1
update,37187,37199,37202,3,,2
update,37198,37210,37214,4,,3
inbound,37200,37212,37215,3,,4
update,37209,37221,37225,4,,5
inbound,37210,37222,37225,3,,6
update,37220,37232,37235,3,,7
inbound,37225,37237,37240,3,,8
update,37231,37243,37248,5,,9
update,37242,37254,37258,4,,10
update,37253,37265,37268,3,,11
update,37264,37276,37279,3,,12
inbound,37265,37277,37282,5,,13
update,37275,37287,37291,4,,14
update,37286,37298,37301,3,,15
update,37297,37309,37312,3,,0
update,37308,37320,37323,3,,1
update,37319,37331,37334,3,,2
inbound,37320,37332,37336,4,,3
update,37330,37342,37345,3,,4
update,37341,37353,37356,3,,5
update,37352,37364,37367,3,,6
update,37363,37375,37378,3,,7
update,37374,37386,37389,3,,8
inbound,37375,37387,37391,4,,9
update,37385,37397,37402,5,,10
update,37396,37408,37410,2,,11
inbound,37400,37412,37415,3,,12
update,37407,37419,37424,5,,13
update,37418,37430,37433,3,,14
inbound,37425,37436,37440,4,,15
update,37429,37442,37445,3,,0
inbound,37430,37442,37446,4,,1
update,37440,37452,37454,2,,2
update,37451,37463,37467,4,,3
update,37462,37474,37478,4,,4
update,37473,37485,37488,3,,5
inbound,37485,37497,37503,6,,7
update,37484,37496,37504,8,,6
update,37495,37507,37514,7,,8
update,37506,37518,37521,3,,9
update,37517,37529,37533,4,,10
update,37528,37540,37545,5,,11
update,37539,37551,37555,4,,12
inbound,37540,37552,37556,4,,13
update,37550,37562,37565,3,,14
update,37561,37573,37578,5,,15
update,37572,37584,37587,3,,0
update,37583,37595,37598,3,,1
update,37594,37606,37609,3,,2
inbound,37595,37607,37611,4,,3
update,37605,37617,37621,4,,4
update,37616,37628,37631,3,,5
update,37627,37639,37641,2,,6
update,37638,37650,37652,2,,7
update,37649,37661,37664,3,,8
inbound,37650,37662,37665,3,,9
update,37660,37672,37675,3,,10
update,37671,37683,37685,2,,11
update,37682,37694,37696,2,,12
update,37693,37705,37708,3,,13
inbound,37705,37716,37719,3,,15
update,37704,37716,37720,4,,14
update,37715,37727,37729,2,,0
update,37726,37738,37741,3,,1
update,37737,37749,37752,3,,2
update,37748,37760,37763,3,,3
inbound,37760,37772,37775,3,,5
update,37759,37771,37776,5,,4
update,37770,37782,37784,2,,6
update,37781,37793,37796,3,,7
update,37792,37804,37807,3,,8
update,37803,37815,37818,3,,9
inbound,37815,37826,37829,3,,11
update,37814,37826,37829,3,,10
update,37825,37837,37840,3,,12
update,37836,37848,37852,4,,13
update,37847,37859,37861,2,,14
update,37858,37870,37873,3,,15
update,37869,37881,37883,2,,0
update,37880,37892,37894,2,,1
update,37891,37903,37906,3,,2
update,37902,37914,37917,3,,3
update,37913,37925,37928,3,,4
update,37924,37936,37939,3,,5
inbound,38000,38012,38015,3,,7
update,38000,38012,38016,4,,6
update,38011,38023,38026,3,,8
update,38022,38034,38036,2,,9
inbound,38025,38036,38039,3,,10
update,38033,38045,38048,3,,11
update,38044,38056,38059,3,,12
update,38055,38067,38070,3,,13
update,38066,38078,38081,3,,14
update,38077,38089,38091,2,,15
update,38088,38100,38103,3,,0
inbound,38100,38112,38114,2,,2
update,38099,38111,38115,4,,1
update,38110,38122,38125,3,,3
update,38121,38133,38135,2,,4
update,38132,38144,38147,3,,5
update,38143,38155,38157,2,,6
update,38154,38166,38169,3,,7
inbound,38155,38168,38172,4,,8
update,38165,38177,38180,3,,9
update,38176,38188,38191,3,,10
update,38187,38199,38202,3,,11
update,38198,38210,38213,3,,12
inbound,38200,38212,38215,3,,13
update,38209,38221,38224,3,,14
inbound,38210,38222,38225,3,,15
update,38220,38232,38235,3,,0
inbound,38225,38237,38240,3,,1
update,38231,38243,38245,2,,2
update,38242,38254,38257,3,,3
update,38253,38265,38268,3,,4
update,38264,38276,38280,4,,5
inbound,38265,38276,38280,4,,6
update,38275,38287,38290,3,,7
update,38286,38298,38301,3,,8
update,38297,38309,38312,3,,9
update,38308,38320,38322,2,,10
update,38319,38331,38334,3,,11
inbound,38320,38332,38335,3,,12
update,38330,38342,38345,3,,13
update,38341,38353,38356,3,,14
update,38352,38364,38367,3,,15
update,38363,38375,38377,2,,0
update,38374,38386,38389,3,,1
inbound,38375,38387,38390,3,,2
update,38385,38397,38399,2,,3
update,38396,38408,38411,3,,4
inbound,38400,38412,38415,3,,5
update,38407,38419,38422,3,,6
update,38418,38430,38433,3,,7
inbound,38425,38437,38440,3,,8
inbound,38430,38442,38445,3,,10
update,38429,38441,38445,4,,9
update,38440,38452,38455,3,,11
update,38451,38463,38466,3,,12
update,38462,38474,38477,3,,13
update,38473,38485,38488,3,,14
update,38484,38496,38499,3,,15
inbound,38485,38497,38500,3,,0
update,38495,38507,38510,3,,1
update,38506,38518,38520,2,,2
update,38517,38529,38532,3,,3
update,38528,38540,38543,3,,4
update,38539,38551,38555,4,,5
inbound,38540,38551,38556,5,,6
update,38550,38562,38565,3,,7
update,38561,38573,38576,3,,8
update,38572,38584,38587,3,,9
update,38583,38595,38597,2,,10
update,38594,38606,38609,3,,11
inbound,38595,38607,38610,3,,12
update,38605,38617,38619,2,,13
update,38616,38628,38630,2,,14
update,38627,38639,38642,3,,15
update,38638,38649,38653,4,,0
update,38649,38660,38664,4,,1
inbound,38650,38662,38665,3,,2
update,38660,38672,38675,3,,3
update,38671,38683,38686,3,,4
update,38682,38694,38697,3,,5
update,38693,38705,38707,2,,6
update,38704,38716,38720,4,,7
inbound,38705,38717,38720,3,,8
update,38715,38727,38730,3,,9
update,38726,38738,38740,2,,10
update,38737,38749,38752,3,,11
update,38748,38760,38763,3,,12
inbound,38760,38771,38773,2,,14
update,38759,38771,38774,3,,13
update,38770,38782,38785,3,,15
update,38781,38793,38795,2,,0
update,38792,38804,38806,2,,1
update,38803,38815,38817,2,,2
inbound,38815,38827,38830,3,,4
update,38814,38826,38831,5,,3
update,38825,38837,38840,3,,5
update,38836,38848,38851,3,,6
update,38847,38859,38862,3,,7
update,38858,38870,38873,3,,8
update,38869,38881,38884,3,,9
update,38880,38892,38895,3,,10
update,38891,38903,38905,2,,11
update,38902,38914,38917,3,,12
update,38913,38925,38929,4,,13
update,38924,38936,38939,3,,14
inbound,39000,39012,39015,3,,0
update,39000,39012,39015,3,,15
update,39011,39023,39025,2,,1
update,39022,39034,39038,4,,2
inbound,39025,39037,39039,2,,3
update,39033,39045,39047,2,,4
update,39044,39056,39058,2,,5
update,39055,39067,39070,3,,6
update,39066,39078,39080,2,,7
update,39077,39089,39091,2,,8
update,39088,39100,39103,3,,9
update,39099,39111,39114,3,,10
inbound,39100,39112,39115,3,,11
update,39110,39122,39125,3,,12
update,39121,39133,39135,2,,13
update,39132,39144,39146,2,,14
update,39143,39155,39158,3,,15
update,39154,39166,39169,3,,0
inbound,39155,39167,39170,3,,1
update,39165,39177,39180,3,,2
update,39176,39188,39191,3,,3
update,39187,39199,39201,2,,4
update,39198,39210,39213,3,,5
inbound,39200,39213,39215,2,,6
update,39209,39221,39225,4,,7
inbound,39210,39221,39225,4,,8
update,39220,39232,39235,3,,9
inbound,39225,39237,39239,2,,10
update,39231,39243,39245,2,,11
update,39242,39254,39256,2,,12
update,39253,39265,39269,4,,13
update,39264,39276,39279,3,,14
inbound,39265,39277,39280,3,,15
update,39275,39287,39289,2,,0
update,39286,39298,39302,4,,1
update,39297,39309,39311,2,,2
update,39308,39320,39323,3,,3
update,39319,39331,39334,3,,4
inbound,39320,39332,39335,3,,5
update,39330,39342,39344,2,,6
update,39341,39354,39356,2,,7
update,39352,39364,39366,2,,8
update,39363,39375,39379,4,,9
update,39374,39386,39389,3,,10
inbound,39375,39387,39390,3,,11
update,39385,39397,39400,3,,12
update,39396,39408,39411,3,,13
inbound,39400,39412,39414,2,,14
update,39407,39419,39422,3,,15
update,39418,39430,39432,2,,0
inbound,39425,39437,39440,3,,1
update,39429,39441,39444,3,,2
inbound,39430,39442,39445,3,,3
update,39440,39451,39454,3,,4
update,39451,39463,39466,3,,5
update,39462,39474,39476,2,,6
update,39473,39485,39488,3,,7
inbound,39485,39496,39499,3,,9
update,39484,39496,39499,3,,8
update,39495,39507,39510,3,,10
update,39506,39518,39520,2,,11
update,39517,39529,39531,2,,12
update,39528,39540,39543,3,,13
update,39539,39551,39554,3,,14
inbound,39540,39551,39554,3,,15
update,39550,39562,39565,3,,0
update,39561,39573,39576,3,,1
update,39572,39584,39586,2,,2
update,39583,39595,39597,2,,3
update,39594,39606,39609,3,,4
inbound,39595,39607,39610,3,,5
update,39605,39617,39619,2,,6
update,39616,39628,39630,2,,7
update,39627,39639,39641,2,,8
update,39638,39650,39653,3,,9
update,39649,39661,39664,3,,10
inbound,39650,39662,39665,3,,11
update,39660,39672,39675,3,,12
update,39671,39683,39686,3,,13
update,39682,39694,39696,2,,14
update,39693,39705,39707,2,,15
update,39704,39716,39719,3,,0
inbound,39705,39717,39720,3,,1
update,39715,39727,39730,3,,2
update,39726,39738,39740,2,,3
update,39737,39750,39752,2,,4
update,39748,39760,39763,3,,5
inbound,39760,39771,39773,2,,7
update,39759,39771,39774,3,,6
update,39770,39782,39785,3,,8
update,39781,39793,39795,2,,9
update,39792,39804,39806,2,,10
update,39803,39815,39818,3,,11
update,39814,39826,39830,4,,12
inbound,39815,39827,39830,3,,13
update,39825,39837,39839,2,,14
update,39836,39848,39851,3,,15
update,39847,39859,39861,2,,0
update,39858,39870,39873,3,,1
update,39869,39881,39884,3,,2
update,39880,39892,39894,2,,3
update,39891,39903,39905,2,,4
update,39902,39914,39916,2,,5
update,39913,39925,39927,2,,6
update,39924,39936,39939,3,,7
update,40000,40012,40018,6,,8
inbound,40000,40012,40020,8,,9
update,40011,40023,40026,3,,10
update,40022,40034,40037,3,,11
inbound,40025,40037,40040,3,,12
update,40033,40045,40053,8,,13
update,40044,40056,40060,4,,14
update,40055,40067,40070,3,,15
update,40066,40078,40081,3,,0
update,40077,40089,40092,3,,1
update,40088,40100,40103,3,,2
update,40099,40111,40115,4,,3
inbound,40100,40112,40115,3,,4
update,40110,40122,40125,3,,5
update,40121,40133,40136,3,,6
update,40132,40144,40149,5,,7
update,40143,40155,40157,2,,8
update,40154,40166,40169,3,,9
inbound,40155,40167,40170,3,,10
update,40165,40177,40180,3,,11
update,40176,40188,40190,2,,12
update,40187,40199,40202,3,,13
update,40198,40210,40213,3,,14
inbound,40200,40212,40215,3,,15
update,40209,40221,40225,4,,0
inbound,40210,40222,40225,3,,1
update,40220,40232,40235,3,,2
inbound,40225,40237,40239,2,,3
update,40231,40243,40246,3,,4
update,40242,40254,40258,4,,5
update,40253,40265,40270,5,,6
update,40264,40276,40279,3,,7
inbound,40265,40277,40282,5,,8
update,40275,40287,40290,3,,9
update,40286,40298,40300,2,,10
update,40297,40309,40312,3,,11
update,40308,40320,40323,3,,12
update,40319,40331,40334,3,,13
inbound,40320,40332,40335,3,,14
update,40330,40342,40345,3,,15
update,40341,40353,40356,3,,0
update,40352,40364,40367,3,,1
update,40363,40375,40377,2,,2
update,40374,40386,40390,4,,3
inbound,40375,40387,40391,4,,4
update,40385,40397,40401,4,,5
update,40396,40408,40411,3,,6
inbound,40400,40412,40414,2,,7
update,40407,40419,40422,3,,8
update,40418,40430,40433,3,,9
inbound,40425,40437,40440,3,,10
update,40429,40441,40445,4,,11
inbound,40430,40442,40445,3,,12
update,40440,40452,40456,4,,13
update,40451,40463,40465,2,,14
update,40462,40474,40477,3,,15
update,40473,40485,40488,3,,0
update,40484,40496,40499,3,,1
inbound,40485,40496,40500,4,,2
update,40495,40507,40510,3,,3
update,40506,40518,40521,3,,4
update,40517,40529,40532,3,,5
update,40528,40540,40542,2,,6
update,40539,40551,40556,5,,7
inbound,40540,40552,40556,4,,8
update,40550,40562,40565,3,,9
update,40561,40573,40576,3,,10
update,40572,40584,40586,2,,11
update,40583,40595,40598,3,,12
update,40594,40606,40609,3,,13
inbound,40595,40607,40610,3,,14
update,40605,40617,40620,3,,15
update,40616,40628,40630,2,,0
update,40627,40639,40641,2,,1
update,40638,40650,40653,3,,2
update,40649,40661,40664,3,,3
inbound,40650,40662,40665,3,,4
update,40660,40672,40675,3,,5
update,40671,40683,40685,2,,6
update,40682,40694,40696,2,,7
update,40693,40705,40708,3,,8
update,40704,40716,40719,3,,9
inbound,40705,40717,40720,3,,10
update,40715,40727,40730,3,,11
update,40726,40738,40740,2,,12
update,40737,40749,40752,3,,13
update,40748,40760,40763,3,,14
update,40759,40771,40775,4,,15
inbound,40760,40772,40775,3,,0
update,40770,40782,40784,2,,1
update,40781,40793,40799,6,,2
update,40792,40804,40807,3,,3
update,40803,40815,40818,3,,4
inbound,40815,40827,40831,4,,6
update,40814,40826,40833,7,,5
update,40825,40837,40840,3,,7
update,40836,40848,40853,5,,8
update,40847,40860,40864,4,,9
update,40858,40870,40875,5,,10
update,40869,40881,40884,3,,11
update,40880,40892,40896,4,,12
update,40891,40903,40907,4,,13
update,40902,40914,40918,4,,14
update,40913,40925,40929,4,,15
update,40924,40936,40939,3,,0
inbound,41000,41012,41015,3,,2
update,41000,41012,41016,4,,1
update,41011,41022,41025,3,,3
update,41022,41034,41037,3,,4
inbound,41025,41037,41040,3,,5
update,41033,41045,41047,2,,6
update,41044,41056,41059,3,,7
update,41055,41067,41069,2,,8
update,41066,41078,41082,4,,9
update,41077,41089,41092,3,,10
update,41088,41100,41103,3,,11
update,41099,41111,41115,4,,12
inbound,41100,41112,41116,4,,13
update,41110,41122,41125,3,,14
update,41121,41133,41136,3,,15
update,41132,41144,41146,2,,0
update,41143,41154,41157,3,,1
inbound,41155,41167,41170,3,,3
update,41154,41166,41170,4,,2
update,41165,41177,41179,2,,4
update,41176,41188,41192,4,,5
update,41187,41199,41201,2,,6
update,41198,41210,41212,2,,7
inbound,41200,41212,41217,5,,8
update,41209,41221,41226,5,,9
inbound,41210,41222,41226,4,,10
update,41220,41232,41235,3,,11
inbound,41225,41237,41240,3,,12
update,41231,41243,41246,3,,13
update,41242,41254,41258,4,,14
update,41253,41265,41269,4,,15
update,41264,41276,41281,5,,0
inbound,41265,41278,41281,3,,1
update,41275,41288,41291,3,,2
update,41286,41298,41300,2,,3
update,41297,41309,41312,3,,4
update,41308,41320,41323,3,,5
update,41319,41331,41333,2,,6
inbound,41320,41332,41334,2,,7
update,41330,41342,41346,4,,8
update,41341,41354,41357,3,,9
update,41352,41364,41367,3,,10
update,41363,41375,41378,3,,11
inbound,41375,41386,41390,4,,13
update,41374,41386,41390,4,,12
update,41385,41397,41400,3,,14
update,41396,41408,41411,3,,15
inbound,41400,41412,41415,3,,0
update,41407,41419,41421,2,,1
update,41418,41430,41433,3,,2
inbound,41425,41437,41440,3,,3
update,41429,41441,41445,4,,4
inbound,41430,41442,41445,3,,5
update,41440,41452,41455,3,,6
update,41451,41463,41465,2,,7
update,41462,41474,41476,2,,8
update,41473,41485,41489,4,,9
update,41484,41496,41498,2,,10
inbound,41485,41497,41500,3,,11
update,41495,41507,41510,3,,12
update,41506,41518,41521,3,,13
update,41517,41529,41533,4,,14
update,41528,41540,41544,4,,15
update,41539,41551,41554,3,,0
inbound,41540,41552,41555,3,,1
update,41550,41562,41564,2,,2
update,41561,41573,41576,3,,3
update,41572,41584,41588,4,,4
update,41583,41595,41598,3,,5
update,41594,41605,41609,4,,6
inbound,41595,41607,41610,3,,7
update,41605,41617,41620,3,,8
update,41616,41628,41630,2,,9
update,41627,41639,41642,3,,10
update,41638,41650,41653,3,,11
update,41649,41661,41664,3,,12
inbound,41650,41661,41664,3,,13
update,41660,41672,41675,3,,14
update,41671,41683,41686,3,,15
update,41682,41694,41697,3,,0
update,41693,41705,41708,3,,1
update,41704,41716,41719,3,,2
inbound,41705,41717,41721,4,,3
update,41715,41727,41730,3,,4
update,41726,41738,41741,3,,5
update,41737,41749,41752,3,,6
update,41748,41760,41763,3,,7
inbound,41760,41772,41774,2,,9
update,41759,41771,41774,3,,8
update,41770,41782,41785,3,,10
update,41781,41793,41796,3,,11
update,41792,41804,41807,3,,12
update,41803,41815,41818,3,,13
update,41814,41826,41829,3,,14
inbound,41815,41827,41830,3,,15
update,41825,41837,41840,3,,0
update,41836,41848,41851,3,,1
update,41847,41859,41861,2,,2
update,41858,41870,41872,2,,3
update,41869,41881,41884,3,,4
update,41880,41892,41895,3,,5
update,41891,41903,41906,3,,6
update,41902,41914,41917,3,,7
update,41913,41925,41927,2,,8
update,41924,41936,41938,2,,9
update,42000,42012,42014,2,,10
inbound,42000,42012,42016,4,,11
update,42011,42023,42026,3,,12
update,42022,42034,42036,2,,13
inbound,42025,42037,42040,3,,14
update,42033,42045,42047,2,,15
update,42044,42056,42059,3,,0
update,42055,42067,42070,3,,1
update,42066,42078,42080,2,,2
update,42077,42089,42092,3,,3
update,42088,42100,42103,3,,4
update,42099,42111,42114,3,,5
inbound,42100,42112,42116,4,,6
update,42110,42122,42124,2,,7
update,42121,42133,42136,3,,8
update,42132,42143,42146,3,,9
update,42143,42155,42157,2,,10
update,42154,42166,42168,2,,11
inbound,42155,42167,42170,3,,12
update,42165,42177,42180,3,,13
update,42176,42188,42193,5,,14
update,42187,42199,42201,2,,15
update,42198,42209,42214,5,,0
inbound,42200,42212,42215,3,,1
update,42209,42221,42226,5,,2
inbound,42210,42222,42226,4,,3
update,42220,42232,42235,3,,4
inbound,42225,42237,42239,2,,5
update,42231,42243,42247,4,,6
update,42242,42254,42257,3,,7
update,42253,42265,42268,3,,8
update,42264,42276,42279,3,,9
inbound,42265,42277,42281,4,,10
update,42275,42287,42297,10,,11
update,42286,42298,42301,3,,12
update,42297,42309,42311,2,,13
update,42308,42320,42323,3,,14
update,42319,42331,42334,3,,15
inbound,42320,42332,42335,3,,0
update,42330,42342,42344,2,,1
update,42341,42353,42356,3,,2
update,42352,42364,42367,3,,3
update,42363,42375,42378,3,,4
update,42374,42386,42389,3,,5
inbound,42375,42387,42390,3,,6
update,42385,42397,42400,3,,7
update,42396,42408,42411,3,,8
inbound,42400,42412,42415,3,,9
update,42407,42419,42422,3,,10
update,42418,42430,42432,2,,11
inbound,42425,42437,42440,3,,12
update,42429,42440,42444,4,,13
inbound,42430,42442,42445,3,,14
update,42440,42452,42456,4,,15
update,42451,42463,42466,3,,0
update,42462,42474,42479,5,,1
update,42473,42485,42500,15,,2
update,42484,42496,42501,5,,3
inbound,42485,42497,42501,4,,4
update,42495,42507,42510,3,,5
update,42506,42518,42521,3,,6
update,42517,42529,42533,4,,7
update,42528,42540,42545,5,,8
update,42539,42551,42554,3,,9
inbound,42540,42552,42557,5,,10
update,42550,42562,42564,2,,11
update,42561,42573,42576,3,,12
update,42572,42584,42587,3,,13
update,42583,42595,42598,3,,14
update,42594,42606,42609,3,,15
inbound,42595,42607,42610,3,,0
update,42605,42617,42620,3,,1
update,42616,42628,42631,3,,2
update,42627,42639,42642,3,,3
update,42638,42650,42654,4,,4
update,42649,42661,42664,3,,5
inbound,42650,42662,42665,3,,6
update,42660,42672,42675,3,,7
update,42671,42683,42686,3,,8
update,42682,42694,42697,3,,9
update,42693,42705,42707,2,,10
update,42704,42716,42719,3,,11
inbound,42705,42717,42720,3,,12
update,42715,42727,42730,3,,13
update,42726,42738,42741,3,,14
update,42737,42749,42752,3,,15
update,42748,42760,42762,2,,0
update,42759,42771,42775,4,,1
inbound,42760,42772,42775,3,,2
update,42770,42782,42784,2,,3
update,42781,42793,42795,2,,4
update,42792,42803,42807,4,,5
update,42803,42815,42818,3,,6
inbound,42815,42826,42828,2,,8
update,42814,42826,42829,3,,7
update,42825,42837,42840,3,,9
update,42836,42848,42851,3,,10
update,42847,42859,42862,3,,11
update,42858,42870,42872,2,,12
update,42869,42881,42884,3,,13
update,42880,42892,42895,3,,14
update,42891,42903,42906,3,,15
update,42902,42914,42916,2,,0
update,42913,42925,42928,3,,1
update,42924,42936,42939,3,,2
update,43000,43012,43015,3,,3
inbound,43000,43012,43015,3,,4
update,43011,43023,43026,3,,5
update,43022,43034,43037,3,,6
inbound,43025,43037,43039,2,,7
update,43033,43045,43047,2,,8
update,43044,43055,43058,3,,9
update,43055,43067,43070,3,,10
update,43066,43078,43081,3,,11
update,43077,43089,43092,3,,12
update,43088,43100,43103,3,,13
update,43099,43111,43114,3,,14
inbound,43100,43112,43116,4,,15
update,43110,43122,43124,2,,0
update,43121,43133,43136,3,,1
update,43132,43144,43147,3,,2
update,43143,43155,43158,3,,3
update,43154,43166,43169,3,,4
inbound,43155,43167,43170,3,,5
update,43165,43177,43179,2,,6
update,43176,43188,43193,5,,7
update,43187,43199,43203,4,,8
update,43198,43210,43213,3,,9
inbound,43200,43212,43215,3,,10
update,43209,43221,43224,3,,11
inbound,43210,43222,43226,4,,12
update,43220,43232,43235,3,,13
inbound,43225,43237,43240,3,,14
update,43231,43243,43246,3,,15
update,43242,43254,43257,3,,0
update,43253,43265,43267,2,,1
update,43264,43276,43282,6,,2
inbound,43265,43277,43283,6,,3
update,43275,43287,43289,2,,4
update,43286,43298,43301,3,,5
update,43297,43309,43312,3,,6
update,43308,43320,43322,2,,7
inbound,43320,43331,43334,3,,9
update,43319,43331,43334,3,,8
update,43330,43342,43345,3,,10
update,43341,43353,43356,3,,11
update,43352,43364,43366,2,,12
update,43363,43375,43378,3,,13
update,43374,43386,43389,3,,14
inbound,43375,43386,43389,3,,15
update,43385,43397,43400,3,,0
update,43396,43408,43410,2,,1
inbound,43400,43412,43414,2,,2
update,43407,43419,43422,3,,3
update,43418,43430,43432,2,,4
inbound,43425,43437,43440,3,,5
update,43429,43441,43445,4,,6
inbound,43430,43442,43445,3,,7
update,43440,43452,43455,3,,8
update,43451,43463,43466,3,,9
update,43462,43474,43477,3,,10
update,43473,43485,43487,2,,11
update,43484,43496,43499,3,,12
inbound,43485,43497,43500,3,,13
update,43495,43507,43510,3,,14
update,43506,43518,43520,2,,15
update,43517,43529,43531,2,,0
update,43528,43540,43543,3,,1
update,43539,43551,43555,4,,2
inbound,43540,43551,43555,4,,3
update,43550,43562,43564,2,,4
update,43561,43573,43576,3,,5
update,43572,43584,43587,3,,6
update,43583,43595,43597,2,,7
update,43594,43606,43608,2,,8
inbound,43595,43607,43609,2,,9
update,43605,43617,43619,2,,10
update,43616,43628,43631,3,,11
update,43627,43639,43641,2,,12
update,43638,43650,43653,3,,13
update,43649,43661,43663,2,,14
inbound,43650,43662,43664,2,,15
update,43660,43672,43675,3,,0
update,43671,43683,43686,3,,1
update,43682,43694,43696,2,,2
update,43693,43705,43708,3,,3
update,43704,43716,43718,2,,4
inbound,43705,43717,43719,2,,5
update,43715,43727,43730,3,,6
update,43726,43738,43741,3,,7
update,43737,43749,43751,2,,8
update,43748,43760,43762,2,,9
inbound,43760,43771,43774,3,,11
update,43759,43771,43774,3,,10
update,43770,43782,43785,3,,12
update,43781,43793,43795,2,,13
update,43792,43804,43807,3,,14
update,43803,43815,43818,3,,15
update,43814,43826,43829,3,,0
inbound,43815,43827,43829,2,,1
update,43825,43837,43840,3,,2
update,43836,43848,43850,2,,3
update,43847,43859,43861,2,,4
update,43858,43870,43873,3,,5
update,43869,43881,43883,2,,6
update,43880,43892,43895,3,,7
update,43891,43903,43906,3,,8
update,43902,43914,43917,3,,9
update,43913,43925,43927,2,,10
update,43924,43936,43939,3,,11
inbound,44000,44013,44016,3,,13
update,44000,44012,44016,4,,12
update,44011,44023,44026,3,,14
update,44022,44034,44037,3,,15
inbound,44025,44038,44041,3,,0
update,44033,44045,44048,3,,1
update,44044,44056,44060,4,,2
update,44055,44067,44069,2,,3
update,44066,44078,44081,3,,4
update,44077,44089,44092,3,,5
update,44088,44100,44102,2,,6
update,44099,44111,44113,2,,7
inbound,44100,44113,44115,2,,8
update,44110,44122,44126,4,,9
update,44121,44133,44136,3,,10
update,44132,44144,44147,3,,11
update,44143,44155,44158,3,,12
update,44154,44165,44168,3,,13
inbound,44155,44168,44170,2,,14
update,44165,44177,44179,2,,15
update,44176,44188,44190,2,,0
update,44187,44199,44204,5,,1
update,44198,44210,44213,3,,2
inbound,44200,44213,44215,2,,3
update,44209,44221,44224,3,,4
inbound,44210,44223,44226,3,,5
update,44220,44232,44235,3,,6
inbound,44225,44238,44240,2,,7
update,44231,44243,44245,2,,8
update,44242,44254,44258,4,,9
update,44253,44265,44268,3,,10
update,44264,44276,44279,3,,11
inbound,44265,44278,44284,6,,12
update,44275,44287,44292,5,,13
update,44286,44298,44303,5,,14
update,44297,44309,44313,4,,15
update,44308,44320,44324,4,,0
inbound,44320,44333,44337,4,,2
update,44319,44331,44337,6,,1
update,44330,44342,44345,3,,3
update,44341,44353,44356,3,,4
update,44352,44364,44367,3,,5
update,44363,44374,44377,3,,6
update,44374,44386,44388,2,,7
inbound,44375,44388,44391,3,,8
update,44385,44397,44400,3,,9
update,44396,44408,44410,2,,10
inbound,44400,44413,44416,3,,11
update,44407,44419,44421,2,,12
update,44418,44430,44433,3,,13
inbound,44425,44438,44441,3,,14
update,44429,44441,44444,3,,15
inbound,44430,44443,44451,8,,0
update,44440,44452,44455,3,,1
update,44451,44463,44466,3,,2
update,44462,44474,44476,2,,3
update,44473,44485,44488,3,,4
update,44484,44496,44499,3,,5
inbound,44485,44498,44501,3,,6
update,44495,44507,44510,3,,7
update,44506,44518,44521,3,,8
update,44517,44528,44532,4,,9
update,44528,44540,44543,3,,10
update,44539,44551,44553,2,,11
inbound,44540,44553,44556,3,,12
update,44550,44562,44565,3,,13
update,44561,44573,44576,3,,14
update,44572,44584,44587,3,,15
update,44583,44595,44598,3,,0
inbound,44595,44608,44612,4,,2
update,44594,44606,44614,8,,1
update,44605,44617,44621,4,,3
update,44616,44628,44631,3,,4
update,44627,44639,44642,3,,5
update,44638,44650,44653,3,,6
update,44649,44661,44665,4,,7
inbound,44650,44663,44667,4,,8
update,44660,44672,44675,3,,9
update,44671,44683,44685,2,,10
update,44682,44694,44696,2,,11
update,44693,44705,44709,4,,12
update,44704,44716,44719,3,,13
inbound,44705,44717,44721,4,,14
update,44715,44727,44730,3,,15
update,44726,44738,44741,3,,0
update,44737,44749,44752,3,,1
update,44748,44760,44763,3,,2
inbound,44760,44773,44775,2,,4
update,44759,44771,44775,4,,3
update,44770,44782,44787,5,,5
update,44781,44793,44796,3,,6
update,44792,44804,44807,3,,7
update,44803,44815,44817,2,,8
update,44814,44826,44830,4,,9
inbound,44815,44828,44830,2,,10
update,44825,44837,44839,2,,11
update,44836,44848,44850,2,,12
update,44847,44860,44863,3,,13
update,44858,44871,44873,2,,14
update,44869,44882,44885,3,,15
update,44880,44893,44896,3,,0
update,44891,44904,44906,2,,1
update,44902,44915,44918,3,,2
update,44913,44926,44929,3,,3
update,44924,44936,44939,3,,4
update,45000,45013,45015,2,,5
inbound,45000,45013,45016,3,,6
update,45011,45024,45027,3,,7
update,45022,45035,45038,3,,8
inbound,45025,45038,45041,3,,9
update,45033,45046,45049,3,,10
update,45044,45057,45059,2,,11
update,45055,45068,45071,3,,12
update,45066,45079,45082,3,,13
update,45077,45090,45093,3,,14
update,45088,45101,45105,4,,15
inbound,45100,45112,45115,3,,1
update,45099,45112,45115,3,,0
update,45110,45123,45126,3,,2
update,45121,45134,45137,3,,3
update,45132,45145,45148,3,,4
update,45143,45156,45159,3,,5
update,45154,45167,45170,3,,6
inbound,45155,45168,45171,3,,7
update,45165,45178,45181,3,,8
update,45176,45189,45192,3,,9
update,45187,45200,45203,3,,10
update,45198,45211,45216,5,,11
inbound,45200,45213,45217,4,,12
update,45209,45222,45225,3,,13
inbound,45210,45223,45226,3,,14
update,45220,45233,45236,3,,15
inbound,45225,45238,45241,3,,0
update,45231,45244,45247,3,,1
update,45242,45255,45257,2,,2
update,45253,45266,45269,3,,3
update,45264,45277,45280,3,,4
inbound,45265,45278,45281,3,,5
update,45275,45288,45293,5,,6
update,45286,45299,45304,5,,7
update,45297,45310,45313,3,,8
update,45308,45320,45324,4,,9
update,45319,45332,45336,4,,10
inbound,45320,45333,45337,4,,11
update,45330,45343,45347,4,,12
update,45341,45354,45358,4,,13
update,45352,45365,45369,4,,14
update,45363,45376,45380,4,,15
update,45374,45387,45391,4,,0
inbound,45375,45388,45392,4,,1
update,45385,45398,45401,3,,2
update,45396,45409,45414,5,,3
inbound,45400,45413,45417,4,,4
update,45407,45420,45424,4,,5
update,45418,45431,45434,3,,6
inbound,45425,45438,45441,3,,7
update,45429,45442,45445,3,,8
inbound,45430,45442,45447,5,,9
update,45440,45453,45455,2,,10
update,45451,45464,45466,2,,11
update,45462,45475,45478,3,,12
update,45473,45486,45489,3,,13
update,45484,45497,45500,3,,14
inbound,45485,45498,45501,3,,15
update,45495,45508,45513,5,,0
update,45506,45519,45521,2,,1
update,45517,45530,45533,3,,2
update,45528,45541,45543,2,,3
update,45539,45552,45557,5,,4
inbound,45540,45554,45558,4,,5
update,45550,45563,45569,6,,6
update,45561,45574,45577,3,,7
update,45572,45585,45592,7,,8
update,45583,45596,45598,2,,9
inbound,45595,45608,45612,4,,11
update,45594,45607,45614,7,,10
update,45605,45618,45624,6,,12
update,45616,45629,45632,3,,13
update,45627,45640,45642,2,,14
update,45638,45651,45654,3,,15
update,45649,45662,45665,3,,0
inbound,45650,45663,45667,4,,1
update,45660,45673,45677,4,,2
update,45671,45684,45687,3,,3
update,45682,45695,45698,3,,4
update,45693,45706,45709,3,,5
update,45704,45717,45720,3,,6
inbound,45705,45718,45721,3,,7
update,45715,45728,45731,3,,8
update,45726,45739,45742,3,,9
update,45737,45749,45753,4,,10
update,45748,45761,45764,3,,11
update,45759,45772,45775,3,,12
inbound,45760,45773,45775,2,,13
update,45770,45783,45785,2,,14
update,45781,45794,45797,3,,15
update,45792,45805,45808,3,,0
update,45803,45816,45819,3,,1
inbound,45815,45828,45830,2,,3
update,45814,45826,45830,4,,2
update,45825,45838,45840,2,,4
update,45836,45849,45851,2,,5
update,45847,45860,45863,3,,6
update,45858,45871,45874,3,,7
update,45869,45882,45885,3,,8
update,45880,45893,45896,3,,9
update,45891,45904,45907,3,,10
update,45902,45915,45918,3,,11
update,45913,45926,45929,3,,12
update,45924,45937,45939,2,,13
inbound,46000,46013,46016,3,,15
update,46000,46012,46016,4,,14
update,46011,46024,46026,2,,0
update,46022,46035,46038,3,,1
inbound,46025,46038,46040,2,,2
update,46033,46046,46049,3,,3
update,46044,46056,46059,3,,4
update,46055,46068,46072,4,,5
update,46066,46079,46081,2,,6
update,46077,46090,46092,2,,7
update,46088,46101,46104,3,,8
update,46099,46112,46115,3,,9
inbound,46100,46113,46116,3,,10
update,46110,46123,46128,5,,11
update,46121,46134,46137,3,,12
update,46132,46145,46149,4,,13
update,46143,46156,46161,5,,14
update,46154,46167,46171,4,,15
inbound,46155,46169,46173,4,,0
update,46165,46178,46181,3,,1
update,46176,46189,46192,3,,2
update,46187,46200,46203,3,,3
update,46198,46211,46214,3,,4
inbound,46200,46214,46216,2,,5
update,46209,46222,46226,4,,6
inbound,46210,46223,46226,3,,7
update,46220,46233,46236,3,,8
inbound,46225,46238,46241,3,,9
update,46231,46244,46248,4,,10
update,46242,46255,46258,3,,11
update,46253,46266,46268,2,,12
update,46264,46277,46280,3,,13
inbound,46265,46278,46282,4,,14
update,46275,46289,46292,3,,15
update,46286,46299,46303,4,,0
update,46297,46310,46313,3,,1
update,46308,46321,46324,3,,2
update,46319,46332,46335,3,,3
inbound,46320,46333,46336,3,,4
update,46330,46343,46346,3,,5
update,46341,46354,46357,3,,6
update,46352,46365,46368,3,,7
update,46363,46376,46379,3,,8
update,46374,46387,46391,4,,9
inbound,46375,46388,46392,4,,10
update,46385,46398,46400,2,,11
update,46396,46409,46411,2,,12
inbound,46400,46413,46415,2,,13
update,46407,46420,46423,3,,14
update,46418,46431,46433,2,,15
inbound,46425,46438,46441,3,,0
update,46429,46442,46445,3,,1
inbound,46430,46443,46447,4,,2
update,46440,46453,46456,3,,3
update,46451,46464,46466,2,,4
update,46462,46475,46477,2,,5
update,46473,46486,46489,3,,6
update,46484,46497,46500,3,,7
inbound,46485,46498,46501,3,,8
update,46495,46508,46510,2,,9
update,46506,46519,46522,3,,10
update,46517,46530,46533,3,,11
update,46528,46541,46544,3,,12
update,46539,46552,46555,3,,13
inbound,46540,46553,46556,3,,14
update,46550,46563,46567,4,,15
update,46561,46574,46578,4,,0
update,46572,46585,46589,4,,1
update,46583,46596,46602,6,,2
inbound,46595,46607,46612,5,,4
update,46594,46607,46613,6,,3
update,46605,46618,46622,4,,5
update,46616,46629,46633,4,,6
update,46627,46640,46643,3,,7
update,46638,46651,46653,2,,8
update,46649,46662,46664,2,,9
inbound,46650,46663,46666,3,,10
update,46660,46673,46677,4,,11
update,46671,46684,46687,3,,12
update,46682,46695,46698,3,,13
update,46693,46706,46709,3,,14
update,46704,46717,46721,4,,15
inbound,46705,46718,46722,4,,0
update,46715,46728,46730,2,,1
update,46726,46739,46741,2,,2
update,46737,46749,46752,3,,3
update,46748,46761,46763,2,,4
update,46759,46772,46775,3,,5
inbound,46760,46773,46775,2,,6
update,46770,46783,46786,3,,7
update,46781,46794,46797,3,,8
update,46792,46805,46807,2,,9
update,46803,46816,46819,3,,10
update,46814,46827,46830,3,,11
inbound,46815,46828,46831,3,,12
update,46825,46838,46840,2,,13
update,46836,46849,46851,2,,14
update,46847,46860,46863,3,,15
update,46858,46872,46874,2,,0
update,46869,46882,46885,3,,1
update,46880,46893,46896,3,,2
update,46891,46904,46907,3,,3
update,46902,46915,46918,3,,4
update,46913,46926,46929,3,,5
update,46924,46937,46939,2,,6
update,47000,47013,47017,4,,7
inbound,47000,47014,47017,3,,8
update,47011,47024,47026,2,,9
update,47022,47035,47038,3,,10
inbound,47025,47038,47040,2,,11
update,47033,47046,47049,3,,12
update,47044,47057,47059,2,,13
update,47055,47068,47071,3,,14
update,47066,47079,47081,2,,15
update,47077,47090,47093,3,,0
update,47088,47101,47104,3,,1
update,47099,47112,47115,3,,2
inbound,47100,47113,47116,3,,3
update,47110,47123,47126,3,,4
update,47121,47134,47138,4,,5
update,47132,47145,47147,2,,6
update,47143,47156,47159,3,,7
update,47154,47167,47170,3,,8
inbound,47155,47168,47170,2,,9
update,47165,47178,47180,2,,10
update,47176,47189,47192,3,,11
update,47187,47200,47202,2,,12
update,47198,47211,47214,3,,13
inbound,47200,47213,47217,4,,14
update,47209,47222,47225,3,,15
inbound,47210,47223,47226,3,,0
update,47220,47233,47236,3,,1
inbound,47225,47238,47241,3,,2
update,47231,47244,47246,2,,3
update,47242,47255,47258,3,,4
update,47253,47266,47269,3,,5
update,47264,47277,47280,3,,6
inbound,47265,47278,47281,3,,7
update,47275,47288,47291,3,,8
update,47286,47299,47302,3,,9
update,47297,47310,47312,2,,10
update,47308,47321,47323,2,,11
update,47319,47332,47335,3,,12
inbound,47320,47332,47335,3,,13
update,47330,47343,47345,2,,14
update,47341,47354,47357,3,,15
update,47352,47365,47368,3,,0
update,47363,47376,47378,2,,1
update,47374,47387,47390,3,,2
inbound,47375,47388,47391,3,,3
update,47385,47398,47400,2,,4
update,47396,47409,47412,3,,5
inbound,47400,47413,47415,2,,6
update,47407,47420,47423,3,,7
update,47418,47431,47434,3,,8
inbound,47425,47438,47441,3,,9
update,47429,47442,47445,3,,10
inbound,47430,47443,47447,4,,11
update,47440,47453,47457,4,,12
update,47451,47464,47467,3,,13
update,47462,47475,47479,4,,14
update,47473,47486,47489,3,,15
update,47484,47497,47500,3,,0
inbound,47485,47498,47501,3,,1
update,47495,47508,47511,3,,2
update,47506,47519,47521,2,,3
update,47517,47530,47533,3,,4
update,47528,47541,47543,2,,5
update,47539,47552,47554,2,,6
inbound,47540,47553,47556,3,,7
update,47550,47563,47565,2,,8
update,47561,47574,47577,3,,9
update,47572,47585,47587,2,,10
update,47583,47596,47599,3,,11
update,47594,47607,47610,3,,12
inbound,47595,47608,47612,4,,13
update,47605,47618,47620,2,,14
update,47616,47629,47632,3,,15
update,47627,47640,47644,4,,0
update,47638,47651,47653,2,,1
update,47649,47662,47665,3,,2
inbound,47650,47663,47666,3,,3
update,47660,47673,47676,3,,4
update,47671,47684,47687,3,,5
update,47682,47695,47698,3,,6
update,47693,47706,47709,3,,7
update,47704,47717,47720,3,,8
inbound,47705,47718,47721,3,,9
update,47715,47728,47731,3,,10
update,47726,47739,47742,3,,11
update,47737,47750,47752,2,,12
update,47748,47761,47763,2,,13
inbound,47760,47772,47775,3,,15
update,47759,47772,47776,4,,14
update,47770,47783,47786,3,,0
update,47781,47794,47796,2,,1
update,47792,47805,47807,2,,2
update,47803,47816,47819,3,,3
update,47814,47827,47830,3,,4
inbound,47815,47828,47830,2,,5
update,47825,47838,47841,3,,6
update,47836,47849,47851,2,,7
update,47847,47860,47862,2,,8
update,47858,47871,47874,3,,9
update,47869,47882,47885,3,,10
update,47880,47893,47895,2,,11
update,47891,47904,47906,2,,12
update,47902,47915,47918,3,,13
update,47913,47926,47929,3,,14
update,47924,47937,47940,3,,15
update,48000,48013,48016,3,,0
inbound,48000,48013,48017,4,,1
update,48011,48024,48028,4,,2
update,48022,48035,48038,3,,3
inbound,48025,48038,48041,3,,4
update,48033,48046,48049,3,,5
update,48044,48057,48060,3,,6
update,48055,48068,48071,3,,7
update,48066,48079,48081,2,,8
update,48077,48090,48092,2,,9
update,48088,48101,48104,3,,10
update,48099,48112,48116,4,,11
inbound,48100,48113,48117,4,,12
update,48110,48123,48125,2,,13
update,48121,48134,48137,3,,14
update,48132,48144,48147,3,,15
update,48143,48156,48159,3,,0
update,48154,48167,48170,3,,1
inbound,48155,48168,48171,3,,2
update,48165,48178,48181,3,,3
update,48176,48189,48191,2,,4
update,48187,48200,48203,3,,5
update,48198,48211,48214,3,,6
inbound,48200,48213,48216,3,,7
update,48209,48222,48226,4,,8
inbound,48210,48223,48228,5,,9
update,48220,48233,48236,3,,10
inbound,48225,48238,48241,3,,11
update,48231,48244,48247,3,,12
update,48242,48255,48258,3,,13
update,48253,48266,48269,3,,14
update,48264,48277,48281,4,,15
inbound,48265,48278,48281,3,,0
update,48275,48288,48291,3,,1
update,48286,48299,48303,4,,2
update,48297,48310,48314,4,,3
update,48308,48321,48324,3,,4
update,48319,48332,48335,3,,5
inbound,48320,48333,48337,4,,6
update,48330,48343,48346,3,,7
update,48341,48354,48357,3,,8
update,48352,48365,48368,3,,9
update,48363,48376,48378,2,,10
update,48374,48387,48389,2,,11
inbound,48375,48388,48391,3,,12
update,48385,48398,48401,3,,13
update,48396,48409,48412,3,,14
inbound,48400,48413,48416,3,,15
update,48407,48420,48424,4,,0
update,48418,48431,48434,3,,1
inbound,48425,48438,48440,2,,2
update,48429,48442,48444,2,,3
inbound,48430,48443,48449,6,,4
update,48440,48453,48456,3,,5
update,48451,48464,48467,3,,6
update,48462,48475,48479,4,,7
update,48473,48486,48490,4,,8
update,48484,48497,48501,4,,9
inbound,48485,48498,48501,3,,10
update,48495,48508,48510,2,,11
update,48506,48519,48522,3,,12
update,48517,48530,48532,2,,13
update,48528,48541,48544,3,,14
update,48539,48552,48556,4,,15
inbound,48540,48553,48557,4,,0
update,48550,48563,48565,2,,1
update,48561,48574,48577,3,,2
update,48572,48585,48587,2,,3
update,48583,48596,48598,2,,4
update,48594,48607,48610,3,,5
inbound,48595,48608,48611,3,,6
update,48605,48618,48621,3,,7
update,48616,48629,48632,3,,8
update,48627,48640,48643,3,,9
update,48638,48651,48654,3,,10
update,48649,48662,48666,4,,11
inbound,48650,48663,48666,3,,12
update,48660,48673,48676,3,,13
update,48671,48684,48688,4,,14
update,48682,48695,48698,3,,15
update,48693,48706,48708,2,,0
update,48704,48717,48721,4,,1
inbound,48705,48718,48721,3,,2
update,48715,48727,48730,3,,3
update,48726,48739,48741,2,,4
update,48737,48750,48753,3,,5
update,48748,48761,48764,3,,6
inbound,48760,48773,48775,2,,8
update,48759,48772,48776,4,,7
update,48770,48783,48785,2,,9
update,48781,48794,48798,4,,10
update,48792,48805,48808,3,,11
update,48803,48816,48819,3,,12
update,48814,48827,48830,3,,13
inbound,48815,48828,48830,2,,14
update,48825,48838,48840,2,,15
update,48836,48849,48852,3,,0
update,48847,48860,48862,2,,1
update,48858,48871,48874,3,,2
update,48869,48882,48885,3,,3
update,48880,48893,48895,2,,4
update,48891,48904,48908,4,,5
update,48902,48915,48918,3,,6
update,48913,48926,48928,2,,7
update,48924,48937,48939,2,,8
update,49000,49013,49016,3,,9
inbound,49000,49013,49017,4,,10
update,49011,49024,49027,3,,11
update,49022,49035,49038,3,,12
inbound,49025,49038,49041,3,,13
update,49033,49046,49048,2,,14
update,49044,49057,49059,2,,15
update,49055,49068,49071,3,,0
update,49066,49079,49081,2,,1
update,49077,49090,49092,2,,2
update,49088,49100,49104,4,,3
update,49099,49112,49117,5,,4
inbound,49100,49113,49117,4,,5
update,49110,49123,49126,3,,6
update,49121,49134,49137,3,,7
update,49132,49145,49147,2,,8
update,49143,49156,49159,3,,9
update,49154,49167,49171,4,,10
inbound,49155,49168,49171,3,,11
update,49165,49178,49181,3,,12
update,49176,49189,49191,2,,13
update,49187,49200,49203,3,,14
update,49198,49211,49214,3,,15
inbound,49200,49213,49216,3,,0
update,49209,49222,49225,3,,1
inbound,49210,49223,49227,4,,2
update,49220,49233,49238,5,,3
inbound,49225,49238,49241,3,,4
update,49231,49244,49247,3,,5
update,49242,49255,49258,3,,6
update,49253,49266,49269,3,,7
update,49264,49277,49282,5,,8
inbound,49265,49278,49283,5,,9
update,49275,49288,49292,4,,10
update,49286,49299,49302,3,,11
update,49297,49310,49315,5,,12
update,49308,49321,49325,4,,13
update,49319,49332,49335,3,,14
inbound,49320,49333,49336,3,,15
update,49330,49343,49346,3,,0
update,49341,49354,49357,3,,1
update,49352,49365,49368,3,,2
update,49363,49376,49379,3,,3
update,49374,49387,49391,4,,4
inbound,49375,49388,49392,4,,5
update,49385,49398,49401,3,,6
update,49396,49409,49412,3,,7
inbound,49400,49413,49416,3,,8
update,49407,49421,49424,3,,9
update,49418,49431,49434,3,,10
inbound,49425,49437,49440,3,,11
update,49429,49442,49445,3,,12
inbound,49430,49443,49446,3,,13
update,49440,49453,49457,4,,14
update,49451,49464,49466,2,,15
update,49462,49475,49478,3,,0
update,49473,49486,49489,3,,1
update,49484,49497,49500,3,,2
inbound,49485,49498,49502,4,,3
update,49495,49508,49511,3,,4
update,49506,49519,49522,3,,5
update,49517,49530,49533,3,,6
update,49528,49541,49544,3,,7
update,49539,49552,49555,3,,8
inbound,49540,49553,49556,3,,9
update,49550,49563,49565,2,,10
update,49561,49574,49576,2,,11
update,49572,49585,49588,3,,12
update,49583,49596,49598,2,,13
update,49594,49607,49611,4,,14
inbound,49595,49608,49611,3,,15
update,49605,49618,49621,3,,0
update,49616,49629,49631,2,,1
update,49627,49640,49643,3,,2
update,49638,49651,49654,3,,3
update,49649,49662,49665,3,,4
inbound,49650,49663,49666,3,,5
update,49660,49673,49676,3,,6
update,49671,49684,49687,3,,7
update,49682,49695,49698,3,,8
update,49693,49706,49710,4,,9
update,49704,49717,49720,3,,10
inbound,49705,49718,49722,4,,11
update,49715,49728,49732,4,,12
update,49726,49739,49742,3,,13
update,49737,49750,49755,5,,14
update,49748,49761,49764,3,,15
inbound,49760,49773,49775,2,,1
update,49759,49772,49775,3,,0
update,49770,49783,49786,3,,2
update,49781,49794,49796,2,,3
update,49792,49805,49807,2,,4
update,49803,49816,49818,2,,5
update,49814,49827,49831,4,,6
inbound,49815,49828,49831,3,,7
update,49825,49838,49840,2,,8
update,49836,49849,49852,3,,9
update,49847,49860,49863,3,,10
update,49858,49871,49874,3,,11
update,49869,49882,49885,3,,12
update,49880,49893,49896,3,,13
update,49891,49904,49909,5,,14
update,49902,49915,49918,3,,15
update,49913,49926,49929,3,,0
update,49924,49937,49941,4,,1
inbound,50000,50013,50016,3,,3
update,50000,50013,50017,4,,2
update,50011,50024,50026,2,,4
update,50022,50035,50037,2,,5
inbound,50025,50037,50040,3,,6
update,50033,50046,50049,3,,7
update,50044,50057,50059,2,,8
update,50055,50069,50072,3,,9
update,50066,50079,50083,4,,10
update,50077,50090,50093,3,,11
update,50088,50101,50105,4,,12
update,50099,50113,50117,4,,13
inbound,50100,50113,50117,4,,14
update,50110,50123,50127,4,,15
update,50121,50134,50138,4,,0
update,50132,50145,50148,3,,1
update,50143,50156,50159,3,,2
inbound,50155,50168,50171,3,,4
update,50154,50167,50173,6,,3
update,50165,50178,50182,4,,5
update,50176,50189,50192,3,,6
update,50187,50200,50203,3,,7
update,50198,50211,50215,4,,8
inbound,50200,50213,50216,3,,9
update,50209,50222,50225,3,,10
inbound,50210,50223,50225,2,,11
update,50220,50233,50236,3,,12
inbound,50225,50239,50242,3,,13
update,50231,50244,50246,2,,14
update,50242,50255,50257,2,,15
update,50253,50266,50269,3,,0
update,50264,50277,50280,3,,1
inbound,50265,50278,50281,3,,2
update,50275,50288,50291,3,,3
update,50286,50299,50302,3,,4
update,50297,50310,50314,4,,5
update,50308,50321,50326,5,,6
update,50319,50332,50336,4,,7
inbound,50320,50333,50336,3,,8
update,50330,50343,50345,2,,9
update,50341,50354,50357,3,,10
update,50352,50365,50367,2,,11
update,50363,50376,50379,3,,12
inbound,50375,50387,50390,3,,14
update,50374,50387,50391,4,,13
update,50385,50398,50400,2,,15
update,50396,50409,50412,3,,0
inbound,50400,50413,50415,2,,1
update,50407,50420,50423,3,,2
update,50418,50430,50433,3,,3
inbound,50425,50438,50441,3,,4
inbound,50430,50442,50445,3,,6
update,50429,50442,50445,3,,5
update,50440,50453,50455,2,,7
update,50451,50464,50467,3,,8
update,50462,50475,50478,3,,9
update,50473,50486,50489,3,,10
update,50484,50497,50500,3,,11
inbound,50485,50498,50501,3,,12
update,50495,50508,50511,3,,13
update,50506,50519,50522,3,,14
update,50517,50530,50533,3,,15
update,50528,50541,50543,2,,0
inbound,50540,50553,50556,3,,2
update,50539,50552,50556,4,,1
update,50550,50563,50566,3,,3
update,50561,50574,50577,3,,4
update,50572,50585,50588,3,,5
update,50583,50596,50599,3,,6
update,50594,50607,50610,3,,7
inbound,50595,50608,50611,3,,8
update,50605,50618,50621,3,,9
update,50616,50629,50632,3,,10
update,50627,50640,50643,3,,11
update,50638,50651,50654,3,,12
inbound,50650,50663,50665,2,,14
update,50649,50662,50666,4,,13
update,50660,50673,50676,3,,15
update,50671,50684,50687,3,,0
update,50682,50695,50698,3,,1
update,50693,50706,50709,3,,2
update,50704,50717,50720,3,,3
inbound,50705,50718,50721,3,,4
update,50715,50728,50731,3,,5
update,50726,50739,50742,3,,6
update,50737,50750,50753,3,,7
update,50748,50761,50764,3,,8
inbound,50760,50772,50775,3,,10
update,50759,50772,50775,3,,9
update,50770,50783,50786,3,,11
update,50781,50794,50797,3,,12
update,50792,50805,50808,3,,13
update,50803,50816,50819,3,,14
update,50814,50827,50830,3,,15
inbound,50815,50828,50830,2,,0
update,50825,50838,50841,3,,1
update,50836,50849,50852,3,,2
update,50847,50860,50863,3,,3
update,50858,50871,50873,2,,4
update,50869,50882,50884,2,,5
update,50880,50893,50896,3,,6
update,50891,50904,50907,3,,7
update,50902,50915,50919,4,,8
update,50913,50926,50930,4,,9
update,50924,50937,50942,5,,10
update,51000,51013,51019,6,,11
inbound,51000,51013,51019,6,,12
update,51011,51025,51029,4,,13
update,51022,51035,51037,2,,14
inbound,51025,51038,51041,3,,15
update,51033,51046,51048,2,,0
update,51044,51057,51061,4,,1
update,51055,51068,51071,3,,2
update,51066,51079,51082,3,,3
update,51077,51090,51093,3,,4
update,51088,51101,51105,4,,5
update,51099,51112,51115,3,,6
inbound,51100,51113,51116,3,,7
update,51110,51123,51126,3,,8
update,51121,51134,51138,4,,9
update,51132,51145,51148,3,,10
update,51143,51156,51159,3,,11
update,51154,51167,51170,3,,12
inbound,51155,51168,51172,4,,13
update,51165,51178,51181,3,,14
update,51176,51189,51192,3,,15
update,51187,51200,51203,3,,0
update,51198,51211,51215,4,,1
inbound,51200,51213,51217,4,,2
update,51209,51222,51225,3,,3
inbound,51210,51223,51226,3,,4
update,51220,51233,51237,4,,5
inbound,51225,51238,51241,3,,6
update,51231,51244,51247,3,,7
update,51242,51255,51258,3,,8
update,51253,51266,51268,2,,9
update,51264,51277,51280,3,,10
inbound,51265,51278,51282,4,,11
update,51275,51288,51291,3,,12
update,51286,51299,51301,2,,13
update,51297,51309,51312,3,,14
update,51308,51321,51327,6,,15
update,51319,51332,51335,3,,0
inbound,51320,51333,51338,5,,1
update,51330,51343,51345,2,,2
update,51341,51354,51356,2,,3
update,51352,51365,51367,2,,4
update,51363,51376,51379,3,,5
update,51374,51387,51391,4,,6
inbound,51375,51388,51392,4,,7
update,51385,51398,51401,3,,8
update,51396,51409,51411,2,,9
inbound,51400,51413,51416,3,,10
update,51407,51420,51423,3,,11
update,51418,51431,51433,2,,12
inbound,51425,51438,51441,3,,13
update,51429,51442,51445,3,,14
inbound,51430,51442,51447,5,,15
update,51440,51453,51455,2,,0
update,51451,51464,51467,3,,1
update,51462,51475,51478,3,,2
update,51473,51486,51489,3,,3
update,51484,51497,51500,3,,4
inbound,51485,51498,51502,4,,5
update,51495,51508,51511,3,,6
update,51506,51519,51522,3,,7
update,51517,51530,51532,2,,8
update,51528,51541,51544,3,,9
update,51539,51551,51555,4,,10
inbound,51540,51553,51556,3,,11
update,51550,51563,51566,3,,12
update,51561,51574,51577,3,,13
update,51572,51584,51587,3,,14
update,51583,51596,51599,3,,15
update,51594,51607,51610,3,,0
inbound,51595,51608,51611,3,,1
update,51605,51618,51621,3,,2
update,51616,51629,51632,3,,3
update,51627,51640,51643,3,,4
update,51638,51651,51655,4,,5
update,51649,51662,51665,3,,6
inbound,51650,51663,51667,4,,7
update,51660,51673,51675,2,,8
update,51671,51684,51686,2,,9
update,51682,51695,51699,4,,10
update,51693,51706,51709,3,,11
update,51704,51717,51721,4,,12
inbound,51705,51718,51722,4,,13
update,51715,51728,51731,3,,14
update,51726,51739,51742,3,,15
update,51737,51750,51753,3,,0
update,51748,51761,51764,3,,1
inbound,51760,51772,51775,3,,3
update,51759,51772,51776,4,,2
update,51770,51783,51787,4,,4
update,51781,51794,51797,3,,5
update,51792,51805,51808,3,,6
update,51803,51816,51818,2,,7
update,51814,51827,51830,3,,8
inbound,51815,51828,51831,3,,9
update,51825,51838,51841,3,,10
update,51836,51849,51853,4,,11
update,51847,51860,51862,2,,12
update,51858,51871,51875,4,,13
update,51869,51882,51885,3,,14
update,51880,51893,51897,4,,15
update,51891,51904,51907,3,,0
update,51902,51915,51918,3,,1
update,51913,51926,51929,3,,2
update,51924,51937,51940,3,,3
inbound,52000,52013,52016,3,,5
update,52000,52013,52017,4,,4
update,52011,52024,52026,2,,6
update,52022,52035,52038,3,,7
inbound,52025,52038,52041,3,,8
update,52033,52045,52048,3,,9
update,52044,52057,52060,3,,10
update,52055,52068,52071,3,,11
update,52066,52079,52082,3,,12
update,52077,52090,52093,3,,13
update,52088,52101,52104,3,,14
update,52099,52112,52115,3,,15
inbound,52100,52113,52117,4,,0
update,52110,52123,52126,3,,1
update,52121,52134,52137,3,,2
update,52132,52145,52147,2,,3
update,52143,52156,52159,3,,4
update,52154,52167,52170,3,,5
inbound,52155,52168,52171,3,,6
update,52165,52178,52180,2,,7
update,52176,52189,52192,3,,8
update,52187,52200,52203,3,,9
update,52198,52211,52213,2,,10
inbound,52200,52213,52216,3,,11
update,52209,52222,52225,3,,12
inbound,52210,52223,52227,4,,13
update,52220,52233,52236,3,,14
inbound,52225,52238,52240,2,,15
update,52231,52244,52248,4,,0
update,52242,52255,52258,3,,1
update,52253,52266,52269,3,,2
update,52264,52277,52280,3,,3
inbound,52265,52278,52282,4,,4
update,52275,52288,52292,4,,5
update,52286,52299,52302,3,,6
update,52297,52310,52313,3,,7
update,52308,52321,52326,5,,8
update,52319,52332,52336,4,,9
inbound,52320,52334,52339,5,,10
update,52330,52343,52346,3,,11
update,52341,52354,52356,2,,12
update,52352,52364,52367,3,,13
update,52363,52376,52378,2,,14
update,52374,52387,52390,3,,15
inbound,52375,52388,52391,3,,0
update,52385,52398,52402,4,,1
update,52396,52409,52412,3,,2
inbound,52400,52413,52416,3,,3
update,52407,52420,52423,3,,4
update,52418,52430,52434,4,,5
inbound,52425,52438,52441,3,,6
update,52429,52442,52447,5,,7
inbound,52430,52443,52447,4,,8
update,52440,52453,52455,2,,9
update,52451,52464,52466,2,,10
update,52462,52475,52478,3,,11
update,52473,52486,52488,2,,12
update,52484,52497,52500,3,,13
inbound,52485,52498,52501,3,,14
update,52495,52508,52511,3,,15
update,52506,52519,52521,2,,0
update,52517,52530,52533,3,,1
update,52528,52541,52544,3,,2
inbound,52540,52553,52556,3,,4
update,52539,52552,52557,5,,3
update,52550,52563,52566,3,,5
update,52561,52574,52576,2,,6
update,52572,52585,52587,2,,7
update,52583,52596,52599,3,,8
update,52594,52607,52610,3,,9
inbound,52595,52608,52611,3,,10
update,52605,52618,52621,3,,11
update,52616,52629,52631,2,,12
update,52627,52640,52643,3,,13
update,52638,52651,52654,3,,14
update,52649,52662,52666,4,,15
inbound,52650,52663,52666,3,,0
update,52660,52673,52676,3,,1
update,52671,52684,52687,3,,2
update,52682,52695,52698,3,,3
update,52693,52706,52709,3,,4
update,52704,52717,52721,4,,5
inbound,52705,52718,52721,3,,6
update,52715,52728,52731,3,,7
update,52726,52739,52742,3,,8
update,52737,52750,52753,3,,9
update,52748,52761,52764,3,,10
update,52759,52772,52775,3,,11
inbound,52760,52773,52775,2,,12
update,52770,52783,52786,3,,13
update,52781,52794,52798,4,,14
update,52792,52805,52807,2,,15
update,52803,52815,52818,3,,0
update,52814,52827,52830,3,,1
inbound,52815,52828,52830,2,,2
update,52825,52838,52841,3,,3
update,52836,52849,52852,3,,4
update,52847,52860,52863,3,,5
update,52858,52871,52874,3,,6
update,52869,52882,52886,4,,7
update,52880,52893,52896,3,,8
update,52891,52904,52906,2,,9
update,52902,52915,52918,3,,10
update,52913,52926,52929,3,,11
update,52924,52937,52940,3,,12
inbound,53000,53013,53015,2,,14
update,53000,53013,53017,4,,13
update,53011,53024,53026,2,,15
update,53022,53035,53037,2,,0
inbound,53025,53038,53042,4,,1
update,53033,53046,53048,2,,2
update,53044,53057,53059,2,,3
update,53055,53068,53071,3,,4
update,53066,53079,53081,2,,5
update,53077,53090,53093,3,,6
update,53088,53101,53104,3,,7
inbound,53100,53113,53116,3,,9
update,53099,53112,53117,5,,8
update,53110,53123,53126,3,,10
update,53121,53134,53137,3,,11
update,53132,53145,53147,2,,12
update,53143,53156,53158,2,,13
update,53154,53167,53170,3,,14
inbound,53155,53168,53171,3,,15
update,53165,53178,53181,3,,0
update,53176,53189,53192,3,,1
update,53187,53200,53204,4,,2
update,53198,53211,53214,3,,3
inbound,53200,53214,53216,2,,4
update,53209,53222,53224,2,,5
inbound,53210,53223,53226,3,,6
update,53220,53233,53236,3,,7
inbound,53225,53238,53240,2,,8
update,53231,53244,53247,3,,9
update,53242,53255,53259,4,,10
update,53253,53266,53269,3,,11
update,53264,53277,53280,3,,12
inbound,53265,53278,53281,3,,13
update,53275,53288,53291,3,,14
update,53286,53299,53302,3,,15
update,53297,53310,53312,2,,0
update,53308,53321,53323,2,,1
update,53319,53332,53336,4,,2
inbound,53320,53332,53338,6,,3
update,53330,53343,53346,3,,4
update,53341,53354,53357,3,,5
update,53352,53365,53368,3,,6
update,53363,53376,53379,3,,7
update,53374,53387,53390,3,,8
inbound,53375,53388,53391,3,,9
update,53385,53398,53401,3,,10
update,53396,53409,53411,2,,11
inbound,53400,53413,53416,3,,12
update,53407,53420,53423,3,,13
update,53418,53431,53433,2,,14
inbound,53425,53438,53440,2,,15
update,53429,53442,53445,3,,0
inbound,53430,53443,53446,3,,1
update,53440,53453,53456,3,,2
update,53451,53464,53466,2,,3
update,53462,53475,53477,2,,4
update,53473,53486,53488,2,,5
update,53484,53497,53501,4,,6
inbound,53485,53498,53501,3,,7
update,53495,53508,53511,3,,8
update,53506,53519,53522,3,,9
update,53517,53530,53532,2,,10
update,53528,53541,53543,2,,11
update,53539,53552,53554,2,,12
inbound,53540,53553,53556,3,,13
update,53550,53563,53565,2,,14
update,53561,53574,53576,2,,15
update,53572,53585,53587,2,,0
update,53583,53596,53599,3,,1
update,53594,53607,53610,3,,2
inbound,53595,53608,53611,3,,3
update,53605,53617,53620,3,,4
update,53616,53628,53631,3,,5
update,53627,53640,53642,2,,6
update,53638,53651,53655,4,,7
update,53649,53662,53665,3,,8
inbound,53650,53663,53667,4,,9
update,53660,53673,53675,2,,10
update,53671,53684,53687,3,,11
update,53682,53695,53697,2,,12
update,53693,53706,53709,3,,13
update,53704,53717,53720,3,,14
inbound,53705,53718,53721,3,,15
update,53715,53728,53731,3,,0
update,53726,53739,53742,3,,1
update,53737,53750,53753,3,,2
update,53748,53761,53764,3,,3
inbound,53760,53772,53774,2,,5
update,53759,53772,53775,3,,4
update,53770,53783,53787,4,,6
update,53781,53794,53797,3,,7
update,53792,53805,53808,3,,8
update,53803,53816,53819,3,,9
update,53814,53827,53831,4,,10
inbound,53815,53828,53831,3,,11
update,53825,53838,53840,2,,12
update,53836,53849,53851,2,,13
update,53847,53860,53863,3,,14
update,53858,53871,53873,2,,15
update,53869,53882,53885,3,,0
update,53880,53893,53895,2,,1
update,53891,53904,53907,3,,2
update,53902,53915,53918,3,,3
update,53913,53926,53929,3,,4
update,53924,53937,53940,3,,5
update,54000,54013,54016,3,,6
inbound,54000,54013,54016,3,,7
update,54011,54024,54027,3,,8
update,54022,54035,54037,2,,9
inbound,54025,54037,54040,3,,10
update,54033,54046,54049,3,,11
update,54044,54057,54059,2,,12
update,54055,54068,54071,3,,13
update,54066,54079,54081,2,,14
update,54077,54090,54093,3,,15
update,54088,54101,54104,3,,0
update,54099,54112,54115,3,,1
inbound,54100,54113,54116,3,,2
update,54110,54123,54125,2,,3
update,54121,54134,54136,2,,4
update,54132,54145,54147,2,,5
update,54143,54156,54158,2,,6
update,54154,54167,54170,3,,7
inbound,54155,54168,54171,3,,8
update,54165,54178,54181,3,,9
update,54176,54189,54191,2,,10
update,54187,54200,54203,3,,11
update,54198,54211,54214,3,,12
inbound,54200,54213,54216,3,,13
update,54209,54222,54225,3,,14
inbound,54210,54223,54226,3,,15
update,54220,54233,54235,2,,0
inbound,54225,54238,54241,3,,1
update,54231,54244,54247,3,,2
update,54242,54255,54258,3,,3
update,54253,54266,54268,2,,4
update,54264,54277,54280,3,,5
inbound,54265,54278,54281,3,,6
update,54275,54288,54291,3,,7
update,54286,54299,54301,2,,8
update,54297,54310,54312,2,,9
update,54308,54321,54324,3,,10
update,54319,54332,54338,6,,11
inbound,54320,54333,54338,5,,12
update,54330,54343,54347,4,,13
update,54341,54354,54357,3,,14
update,54352,54366,54368,2,,15
update,54363,54376,54379,3,,0
update,54374,54387,54390,3,,1
inbound,54375,54388,54391,3,,2
update,54385,54398,54401,3,,3
update,54396,54409,54411,2,,4
inbound,54400,54413,54415,2,,5
update,54407,54420,54422,2,,6
update,54418,54431,54433,2,,7
inbound,54425,54438,54441,3,,8
inbound,54430,54442,54445,3,,10
update,54429,54442,54445,3,,9
update,54440,54453,54455,2,,11
update,54451,54464,54466,2,,12
update,54462,54475,54478,3,,13
update,54473,54486,54489,3,,14
update,54484,54497,54500,3,,15
inbound,54485,54498,54501,3,,0
update,54495,54508,54511,3,,1
update,54506,54519,54521,2,,2
update,54517,54530,54532,2,,3
update,54528,54541,54544,3,,4
update,54539,54552,54555,3,,5
inbound,54540,54553,54556,3,,6
update,54550,54563,54565,2,,7
update,54561,54574,54577,3,,8
update,54572,54585,54588,3,,9
update,54583,54596,54598,2,,10
update,54594,54606,54609,3,,11
inbound,54595,54608,54610,2,,12
update,54605,54618,54620,2,,13
update,54616,54629,54632,3,,14
update,54627,54640,54642,2,,15
update,54638,54651,54654,3,,0
update,54649,54662,54665,3,,1
inbound,54650,54663,54666,3,,2
update,54660,54673,54676,3,,3
update,54671,54684,54686,2,,4
update,54682,54695,54698,3,,5
update,54693,54706,54709,3,,6
update,54704,54717,54720,3,,7
inbound,54705,54718,54721,3,,8
update,54715,54728,54730,2,,9
update,54726,54739,54742,3,,10
update,54737,54750,54753,3,,11
update,54748,54761,54764,3,,12
update,54759,54772,54775,3,,13
inbound,54760,54773,54778,5,,14
update,54770,54783,54786,3,,15
update,54781,54794,54797,3,,0
update,54792,54805,54808,3,,1
update,54803,54816,54819,3,,2
inbound,54815,54827,54829,2,,4
update,54814,54827,54830,3,,3
update,54825,54838,54840,2,,5
update,54836,54849,54851,2,,6
update,54847,54860,54863,3,,7
update,54858,54871,54874,3,,8
update,54869,54882,54884,2,,9
update,54880,54893,54896,3,,10
update,54891,54904,54907,3,,11
update,54902,54915,54917,2,,12
update,54913,54926,54928,2,,13
update,54924,54937,54940,3,,14
update,55000,55013,55016,3,,15
inbound,55000,55016,55019,3,,0
update,55011,55024,55026,2,,1
update,55022,55035,55038,3,,2
inbound,55025,55041,55044,3,,3
update,55033,55049,55052,3,,4
update,55044,55059,55062,3,,5
update,55055,55071,55074,3,,6
update,55066,55082,55085,3,,7
update,55077,55093,55096,3,,8
update,55088,55104,55109,5,,9
update,55099,55115,55118,3,,10
inbound,55100,55116,55119,3,,11
update,55110,55126,55128,2,,12
update,55121,55137,55140,3,,13
update,55132,55148,55150,2,,14
update,55143,55159,55162,3,,15
update,55154,55169,55173,4,,0
inbound,55155,55171,55174,3,,1
update,55165,55181,55184,3,,2
update,55176,55192,55195,3,,3
update,55187,55203,55205,2,,4
update,55198,55214,55217,3,,5
inbound,55200,55216,55219,3,,6
update,55209,55225,55228,3,,7
inbound,55210,55226,55229,3,,8
update,55220,55236,55239,3,,9
inbound,55225,55241,55243,2,,10
update,55231,55247,55251,4,,11
update,55242,55258,55262,4,,12
update,55253,55269,55273,4,,13
update,55264,55280,55283,3,,14
inbound,55265,55280,55283,3,,15
update,55275,55291,55294,3,,0
update,55286,55302,55305,3,,1
update,55297,55313,55316,3,,2
update,55308,55324,55327,3,,3
update,55319,55335,55339,4,,4
inbound,55320,55336,55344,8,,5
update,55330,55346,55350,4,,6
update,55341,55357,55360,3,,7
update,55352,55368,55371,3,,8
update,55363,55379,55382,3,,9
inbound,55375,55391,55396,5,,11
update,55374,55390,55396,6,,10
update,55385,55401,55404,3,,12
update,55396,55412,55415,3,,13
inbound,55400,55416,55419,3,,14
update,55407,55423,55425,2,,15
update,55418,55433,55438,5,,0
inbound,55425,55441,55444,3,,1
update,55429,55445,55448,3,,2
inbound,55430,55446,55450,4,,3
update,55440,55456,55458,2,,4
update,55451,55467,55470,3,,5
update,55462,55478,55481,3,,6
update,55473,55488,55491,3,,7
update,55484,55500,55504,4,,8
inbound,55485,55501,55504,3,,9
update,55495,55511,55513,2,,10
update,55506,55522,55525,3,,11
update,55517,55533,55536,3,,12
update,55528,55544,55548,4,,13
update,55539,55555,55558,3,,14
inbound,55540,55556,55560,4,,15
update,55550,55566,55568,2,,0
update,55561,55577,55580,3,,1
update,55572,55588,55590,2,,2
update,55583,55599,55603,4,,3
update,55594,55610,55613,3,,4
inbound,55595,55611,55614,3,,5
update,55605,55621,55625,4,,6
update,55616,55632,55638,6,,7
update,55627,55643,55647,4,,8
update,55638,55654,55660,6,,9
update,55649,55665,55669,4,,10
inbound,55650,55666,55670,4,,11
update,55660,55675,55678,3,,12
update,55671,55687,55690,3,,13
update,55682,55698,55700,2,,14
update,55693,55709,55712,3,,15
inbound,55705,55721,55724,3,,1
update,55704,55720,55724,4,,0
update,55715,55731,55734,3,,2
update,55726,55742,55745,3,,3
update,55737,55753,55756,3,,4
update,55748,55764,55766,2,,5
update,55759,55775,55778,3,,6
inbound,55760,55776,55779,3,,7
update,55770,55786,55789,3,,8
update,55781,55797,55800,3,,9
update,55792,55808,55811,3,,10
update,55803,55819,55823,4,,11
inbound,55815,55831,55834,3,,13
update,55814,55830,55834,4,,12
update,55825,55841,55844,3,,14
update,55836,55852,55855,3,,15
update,55847,55863,55865,2,,0
update,55858,55874,55877,3,,1
update,55869,55885,55888,3,,2
update,55880,55896,55899,3,,3
update,55891,55907,55909,2,,4
update,55902,55918,55920,2,,5
update,55913,55929,55936,7,,6
update,55924,55940,55943,3,,7
update,56000,56016,56020,4,,8
inbound,56000,56016,56021,5,,9
update,56011,56027,56030,3,,10
update,56022,56038,56041,3,,11
inbound,56025,56041,56044,3,,12
update,56033,56049,56052,3,,13
update,56044,56060,56063,3,,14
update,56055,56071,56074,3,,15
update,56066,56082,56084,2,,0
update,56077,56093,56096,3,,1
update,56088,56104,56106,2,,2
update,56099,56115,56118,3,,3
inbound,56100,56117,56120,3,,4
update,56110,56126,56129,3,,5
update,56121,56137,56140,3,,6
update,56132,56148,56152,4,,7
update,56143,56159,56163,4,,8
update,56154,56170,56173,3,,9
inbound,56155,56171,56175,4,,10
update,56165,56181,56185,4,,11
update,56176,56192,56198,6,,12
update,56187,56203,56208,5,,13
update,56198,56214,56220,6,,14
inbound,56200,56216,56222,6,,15
update,56209,56225,56229,4,,0
inbound,56210,56226,56232,6,,1
update,56220,56236,56241,5,,2
inbound,56225,56241,56244,3,,3
update,56231,56247,56250,3,,4
update,56242,56258,56262,4,,5
update,56253,56269,56272,3,,6
update,56264,56280,56283,3,,7
inbound,56265,56281,56284,3,,8
update,56275,56291,56294,3,,9
update,56286,56303,56305,2,,10
update,56297,56313,56315,2,,11
update,56308,56324,56327,3,,12
update,56319,56335,56339,4,,13
inbound,56320,56336,56339,3,,14
update,56330,56346,56351,5,,15
update,56341,56357,56361,4,,0
update,56352,56368,56370,2,,1
update,56363,56379,56381,2,,2
inbound,56375,56391,56394,3,,4
update,56374,56390,56394,4,,3
update,56385,56401,56404,3,,5
update,56396,56412,56414,2,,6
inbound,56400,56416,56418,2,,7
update,56407,56423,56426,3,,8
update,56418,56434,56437,3,,9
inbound,56425,56441,56444,3,,10
update,56429,56445,56450,5,,11
inbound,56430,56446,56450,4,,12
update,56440,56456,56460,4,,13
update,56451,56467,56470,3,,14
update,56462,56478,56481,3,,15
update,56473,56489,56492,3,,0
update,56484,56500,56503,3,,1
inbound,56485,56501,56504,3,,2
update,56495,56510,56513,3,,3
update,56506,56522,56525,3,,4
update,56517,56533,56537,4,,5
update,56528,56544,56546,2,,6
update,56539,56555,56558,3,,7
inbound,56540,56556,56561,5,,8
update,56550,56566,56568,2,,9
update,56561,56577,56580,3,,10
update,56572,56588,56591,3,,11
update,56583,56599,56602,3,,12
update,56594,56610,56613,3,,13
inbound,56595,56611,56614,3,,14
update,56605,56621,56623,2,,15
update,56616,56632,56634,2,,0
update,56627,56643,56647,4,,1
update,56638,56654,56658,4,,2
update,56649,56665,56670,5,,3
inbound,56650,56666,56671,5,,4
update,56660,56676,56680,4,,5
update,56671,56687,56690,3,,6
update,56682,56698,56701,3,,7
update,56693,56709,56711,2,,8
update,56704,56720,56724,4,,9
inbound,56705,56721,56724,3,,10
update,56715,56731,56734,3,,11
update,56726,56742,56745,3,,12
update,56737,56752,56755,3,,13
update,56748,56764,56767,3,,14
update,56759,56775,56778,3,,15
inbound,56760,56776,56778,2,,0
update,56770,56786,56788,2,,1
update,56781,56797,56799,2,,2
update,56792,56808,56810,2,,3
update,56803,56819,56823,4,,4
update,56814,56830,56834,4,,5
inbound,56815,56831,56834,3,,6
update,56825,56841,56850,9,,7
update,56836,56851,56855,4,,8
update,56847,56863,56869,6,,9
update,56858,56874,56877,3,,10
update,56869,56885,56888,3,,11
update,56880,56896,56899,3,,12
update,56891,56907,56911,4,,13
update,56902,56918,56921,3,,14
update,56913,56929,56931,2,,15
update,56924,56940,56943,3,,0
inbound,57000,57016,57019,3,,2
update,57000,57016,57019,3,,1
update,57011,57027,57030,3,,3
update,57022,57038,57040,2,,4
inbound,57025,57041,57043,2,,5
update,57033,57049,57052,3,,6
update,57044,57060,57063,3,,7
update,57055,57071,57074,3,,8
update,57066,57082,57085,3,,9
update,57077,57093,57096,3,,10
update,57088,57104,57107,3,,11
update,57099,57115,57118,3,,12
inbound,57100,57116,57120,4,,13
update,57110,57126,57129,3,,14
update,57121,57137,57140,3,,15
update,57132,57148,57151,3,,0
update,57143,57159,57162,3,,1
update,57154,57170,57174,4,,2
inbound,57155,57171,57176,5,,3
update,57165,57181,57183,2,,4
update,57176,57192,57196,4,,5
update,57187,57203,57205,2,,6
update,57198,57214,57216,2,,7
inbound,57200,57216,57220,4,,8
update,57209,57225,57229,4,,9
inbound,57210,57226,57229,3,,10
update,57220,57236,57239,3,,11
inbound,57225,57241,57243,2,,12
update,57231,57246,57250,4,,13
update,57242,57258,57262,4,,14
update,57253,57269,57272,3,,15
update,57264,57280,57282,2,,0
inbound,57265,57281,57284,3,,1
update,57275,57291,57293,2,,2
update,57286,57302,57305,3,,3
update,57297,57313,57315,2,,4
update,57308,57324,57326,2,,5
update,57319,57335,57339,4,,6
inbound,57320,57336,57340,4,,7
update,57330,57347,57352,5,,8
update,57341,57357,57360,3,,9
update,57352,57368,57370,2,,10
update,57363,57379,57381,2,,11
update,57374,57390,57394,4,,12
inbound,57375,57391,57395,4,,13
update,57385,57401,57403,2,,14
update,57396,57412,57414,2,,15
inbound,57400,57416,57419,3,,0
update,57407,57423,57426,3,,1
update,57418,57434,57437,3,,2
inbound,57425,57441,57444,3,,3
inbound,57430,57445,57448,3,,5
update,57429,57445,57448,3,,4
update,57440,57456,57460,4,,6
update,57451,57467,57470,3,,7
update,57462,57478,57481,3,,8
update,57473,57489,57492,3,,9
update,57484,57500,57505,5,,10
inbound,57485,57501,57507,6,,11
update,57495,57511,57514,3,,12
update,57506,57522,57527,5,,13
update,57517,57533,57537,4,,14
update,57528,57544,57548,4,,15
update,57539,57555,57557,2,,0
inbound,57540,57556,57560,4,,1
update,57550,57566,57569,3,,2
update,57561,57577,57580,3,,3
update,57572,57588,57591,3,,4
update,57583,57599,57602,3,,5
update,57594,57610,57612,2,,6
inbound,57595,57611,57613,2,,7
update,57605,57621,57624,3,,8
update,57616,57632,57634,2,,9
update,57627,57643,57645,2,,10
update,57638,57654,57656,2,,11
update,57649,57665,57668,3,,12
inbound,57650,57666,57670,4,,13
update,57660,57676,57679,3,,14
update,57671,57687,57690,3,,15
update,57682,57698,57701,3,,0
update,57693,57710,57712,2,,1
update,57704,57720,57723,3,,2
inbound,57705,57721,57725,4,,3
update,57715,57731,57735,4,,4
update,57726,57742,57745,3,,5
update,57737,57753,57757,4,,6
update,57748,57764,57767,3,,7
update,57759,57775,57780,5,,8
inbound,57760,57776,57780,4,,9
update,57770,57786,57790,4,,10
update,57781,57797,57801,4,,11
update,57792,57808,57812,4,,12
update,57803,57819,57824,5,,13
inbound,57815,57831,57834,3,,15
update,57814,57830,57834,4,,14
update,57825,57841,57843,2,,0
update,57836,57852,57855,3,,1
update,57847,57863,57866,3,,2
update,57858,57874,57877,3,,3
update,57869,57885,57888,3,,4
update,57880,57896,57899,3,,5
update,57891,57907,57910,3,,6
update,57902,57918,57920,2,,7
update,57913,57929,57931,2,,8
update,57924,57940,57942,2,,9
inbound,58000,58016,58018,2,,11
update,58000,58016,58019,3,,10
update,58011,58027,58030,3,,12
update,58022,58038,58041,3,,13
inbound,58025,58041,58043,2,,14
update,58033,58049,58052,3,,15
update,58044,58060,58062,2,,0
update,58055,58071,58074,3,,1
update,58066,58082,58085,3,,2
update,58077,58093,58096,3,,3
update,58088,58104,58106,2,,4
update,58099,58115,58118,3,,5
inbound,58100,58115,58119,4,,6
update,58110,58126,58128,2,,7
update,58121,58137,58140,3,,8
update,58132,58148,58151,3,,9
update,58143,58159,58161,2,,10
update,58154,58170,58173,3,,11
inbound,58155,58171,58174,3,,12
update,58165,58181,58183,2,,13
update,58176,58192,58194,2,,14
update,58187,58203,58206,3,,15
update,58198,58214,58216,2,,0
inbound,58200,58216,58219,3,,1
update,58209,58225,58228,3,,2
inbound,58210,58226,58229,3,,3
update,58220,58236,58239,3,,4
inbound,58225,58241,58243,2,,5
update,58231,58247,58250,3,,6
update,58242,58258,58260,2,,7
update,58253,58269,58272,3,,8
update,58264,58280,58283,3,,9
inbound,58265,58281,58284,3,,10
update,58275,58291,58293,2,,11
update,58286,58302,58304,2,,12
update,58297,58313,58317,4,,13
update,58308,58324,58327,3,,14
update,58319,58335,58338,3,,15
inbound,58320,58336,58339,3,,0
update,58330,58346,58348,2,,1
update,58341,58357,58360,3,,2
update,58352,58368,58370,2,,3
update,58363,58379,58381,2,,4
update,58374,58390,58394,4,,5
inbound,58375,58390,58394,4,,6
update,58385,58401,58404,3,,7
update,58396,58412,58415,3,,8
inbound,58400,58416,58418,2,,9
update,58407,58423,58426,3,,10
update,58418,58434,58437,3,,11
inbound,58425,58441,58444,3,,12
update,58429,58444,58447,3,,13
inbound,58430,58446,58448,2,,14
update,58440,58456,58459,3,,15
update,58451,58467,58470,3,,0
update,58462,58478,58481,3,,1
update,58473,58489,58492,3,,2
update,58484,58500,58503,3,,3
inbound,58485,58501,58504,3,,4
update,58495,58511,58514,3,,5
update,58506,58522,58524,2,,6
update,58517,58533,58536,3,,7
update,58528,58544,58548,4,,8
update,58539,58555,58559,4,,9
inbound,58540,58555,58559,4,,10
update,58550,58566,58569,3,,11
update,58561,58577,58580,3,,12
update,58572,58588,58590,2,,13
update,58583,58599,58602,3,,14
update,58594,58610,58613,3,,15
inbound,58595,58611,58614,3,,0
update,58605,58621,58623,2,,1
update,58616,58632,58634,2,,2
update,58627,58643,58646,3,,3
update,58638,58654,58656,2,,4
update,58649,58665,58668,3,,5
inbound,58650,58666,58669,3,,6
update,58660,58676,58678,2,,7
update,58671,58687,58689,2,,8
update,58682,58698,58701,3,,9
update,58693,58709,58712,3,,10
update,58704,58720,58723,3,,11
inbound,58705,58721,58724,3,,12
update,58715,58731,58734,3,,13
update,58726,58742,58744,2,,14
update,58737,58753,58755,2,,15
update,58748,58764,58767,3,,0
inbound,58760,58775,58777,2,,2
update,58759,58775,58778,3,,1
update,58770,58786,58789,3,,3
update,58781,58797,58799,2,,4
update,58792,58808,58810,2,,5
update,58803,58819,58822,3,,6
inbound,58815,58830,58832,2,,8
update,58814,58830,58833,3,,7
update,58825,58841,58844,3,,9
update,58836,58852,58855,3,,10
update,58847,58863,58866,3,,11
update,58858,58874,58877,3,,12
update,58869,58885,58888,3,,13
update,58880,58896,58899,3,,14
update,58891,58907,58910,3,,15
update,58902,58918,58920,2,,0
update,58913,58929,58932,3,,1
update,58924,58940,58942,2,,2
update,59000,59015,59018,3,,3
inbound,59000,59015,59019,4,,4
update,59011,59027,59029,2,,5
update,59022,59038,59040,2,,6
inbound,59025,59042,59044,2,,7
update,59033,59049,59052,3,,8
update,59044,59060,59062,2,,9
update,59055,59071,59073,2,,10
update,59066,59082,59085,3,,11
update,59077,59093,59097,4,,12
update,59088,59104,59106,2,,13
update,59099,59115,59118,3,,14
inbound,59100,59116,59119,3,,15
update,59110,59126,59129,3,,0
update,59121,59137,59140,3,,1
update,59132,59148,59151,3,,2
update,59143,59159,59162,3,,3
update,59154,59170,59173,3,,4
inbound,59155,59171,59175,4,,5
update,59165,59181,59184,3,,6
update,59176,59192,59194,2,,7
update,59187,59203,59206,3,,8
update,59198,59214,59217,3,,9
inbound,59200,59216,59219,3,,10
update,59209,59225,59228,3,,11
inbound,59210,59226,59231,5,,12
update,59220,59236,59238,2,,13
inbound,59225,59241,59243,2,,14
update,59231,59247,59249,2,,15
update,59242,59258,59261,3,,0
update,59253,59269,59271,2,,1
update,59264,59280,59284,4,,2
inbound,59265,59282,59286,4,,3
update,59275,59291,59293,2,,4
update,59286,59302,59305,3,,5
update,59297,59313,59316,3,,6
update,59308,59324,59327,3,,7
update,59319,59335,59338,3,,8
inbound,59320,59336,59339,3,,9
update,59330,59346,59349,3,,10
update,59341,59357,59364,7,,11
update,59352,59368,59371,3,,12
update,59363,59379,59382,3,,13
update,59374,59390,59394,4,,14
inbound,59375,59391,59395,4,,15
update,59385,59401,59404,3,,0
update,59396,59412,59415,3,,1
inbound,59400,59416,59419,3,,2
update,59407,59423,59425,2,,3
update,59418,59434,59437,3,,4
inbound,59425,59441,59443,2,,5
update,59429,59445,59449,4,,6
inbound,59430,59446,59449,3,,7
update,59440,59456,59459,3,,8
update,59451,59467,59469,2,,9
update,59462,59478,59481,3,,10
update,59473,59489,59491,2,,11
update,59484,59499,59502,3,,12
inbound,59485,59501,59504,3,,13
update,59495,59510,59513,3,,14
update,59506,59522,59525,3,,15
update,59517,59533,59536,3,,0
update,59528,59544,59547,3,,1
update,59539,59555,59558,3,,2
inbound,59540,59556,59559,3,,3
update,59550,59566,59569,3,,4
update,59561,59577,59579,2,,5
update,59572,59588,59590,2,,6
update,59583,59599,59602,3,,7
update,59594,59610,59613,3,,8
inbound,59595,59611,59614,3,,9
update,59605,59621,59623,2,,10
update,59616,59632,59635,3,,11
update,59627,59643,59646,3,,12
update,59638,59654,59656,2,,13
update,59649,59665,59669,4,,14
inbound,59650,59666,59670,4,,15
update,59660,59676,59679,3,,0
update,59671,59687,59690,3,,1
update,59682,59698,59700,2,,2
update,59693,59709,59712,3,,3
update,59704,59720,59723,3,,4
inbound,59705,59721,59725,4,,5
update,59715,59731,59734,3,,6
update,59726,59742,59745,3,,7
update,59737,59753,59756,3,,8
update,59748,59764,59767,3,,9
update,59759,59775,59778,3,,10
inbound,59760,59776,59779,3,,11
update,59770,59786,59788,2,,12
update,59781,59797,59800,3,,13
update,59792,59808,59810,2,,14
update,59803,59819,59822,3,,15
inbound,59815,59830,59833,3,,1
update,59814,59830,59834,4,,0
update,59825,59841,59844,3,,2
update,59836,59852,59855,3,,3
update,59847,59863,59865,2,,4
update,59858,59874,59877,3,,5
update,59869,59885,59887,2,,6
update,59880,59896,59899,3,,7
update,59891,59907,59910,3,,8
update,59902,59918,59921,3,,9
update,59913,59929,59932,3,,10
update,59924,59940,59942,2,,11
update,60000,60016,60018,2,,12
inbound,60000,60016,60019,3,,13
update,60011,60027,60030,3,,14
update,60022,60038,60041,3,,15
inbound,60025,60041,60044,3,,0
update,60033,60049,60051,2,,1
update,60044,60060,60063,3,,2
update,60055,60071,60074,3,,3
update,60066,60082,60084,2,,4
update,60077,60093,60095,2,,5
update,60088,60104,60108,4,,6
update,60099,60115,60118,3,,7
inbound,60100,60116,60120,4,,8
update,60110,60126,60129,3,,9
update,60121,60137,60140,3,,10
update,60132,60148,60150,2,,11
update,60143,60158,60162,4,,12
update,60154,60170,60173,3,,13
inbound,60155,60171,60174,3,,14
update,60165,60181,60184,3,,15
update,60176,60192,60195,3,,0
update,60187,60203,60207,4,,1
update,60198,60214,60217,3,,2
inbound,60200,60216,60220,4,,3
update,60209,60225,60229,4,,4
inbound,60210,60226,60231,5,,5
update,60220,60236,60239,3,,6
inbound,60225,60241,60244,3,,7
update,60231,60247,60250,3,,8
update,60242,60258,60262,4,,9
update,60253,60269,60274,5,,10
update,60264,60280,60283,3,,11
inbound,60265,60282,60293,11,,12
update,60275,60291,60299,8,,13
update,60286,60302,60307,5,,14
update,60297,60313,60316,3,,15
update,60308,60324,60327,3,,0
update,60319,60335,60339,4,,1
inbound,60320,60336,60339,3,,2
update,60330,60346,60348,2,,3
update,60341,60357,60360,3,,4
update,60352,60368,60373,5,,5
update,60363,60379,60384,5,,6
update,60374,60390,60393,3,,7
inbound,60375,60391,60394,3,,8
update,60385,60401,60404,3,,9
update,60396,60412,60416,4,,10
inbound,60400,60416,60419,3,,11
update,60407,60423,60426,3,,12
update,60418,60434,60437,3,,13
inbound,60425,60441,60444,3,,14
update,60429,60444,60448,4,,15
inbound,60430,60446,60449,3,,0
update,60440,60456,60459,3,,1
update,60451,60467,60470,3,,2
update,60462,60478,60481,3,,3
update,60473,60489,60491,2,,4
update,60484,60500,60504,4,,5
inbound,60485,60501,60505,4,,6
update,60495,60511,60513,2,,7
update,60506,60522,60525,3,,8
update,60517,60533,60536,3,,9
update,60528,60544,60547,3,,10
update,60539,60555,60560,5,,11
inbound,60540,60556,60560,4,,12
update,60550,60566,60568,2,,13
update,60561,60577,60579,2,,14
update,60572,60588,60590,2,,15
update,60583,60599,60602,3,,0
inbound,60595,60610,60614,4,,2
update,60594,60610,60615,5,,1
update,60605,60621,60623,2,,3
update,60616,60632,60635,3,,4
update,60627,60643,60646,3,,5
update,60638,60654,60657,3,,6
update,60649,60665,60668,3,,7
inbound,60650,60666,60670,4,,8
update,60660,60676,60679,3,,9
update,60671,60687,60689,2,,10
update,60682,60698,60701,3,,11
update,60693,60709,60713,4,,12
update,60704,60720,60724,4,,13
inbound,60705,60721,60725,4,,14
update,60715,60731,60734,3,,15
update,60726,60742,60745,3,,0
update,60737,60753,60755,2,,1
update,60748,60764,60766,2,,2
update,60759,60775,60778,3,,3
inbound,60760,60776,60779,3,,4
update,60770,60786,60788,2,,5
update,60781,60797,60799,2,,6
update,60792,60808,60810,2,,7
update,60803,60819,60822,3,,8
inbound,60815,60830,60833,3,,10
update,60814,60830,60834,4,,9
update,60825,60841,60844,3,,11
update,60836,60852,60854,2,,12
update,60847,60863,60866,3,,13
update,60858,60874,60877,3,,14
update,60869,60885,60887,2,,15
update,60880,60896,60899,3,,0
update,60891,60907,60909,2,,1
update,60902,60918,60921,3,,2
update,60913,60929,60932,3,,3
update,60924,60940,60944,4,,4
update,61000,61016,61019,3,,5
inbound,61000,61016,61019,3,,6
update,61011,61027,61031,4,,7
update,61022,61038,61041,3,,8
inbound,61025,61041,61044,3,,9
update,61033,61049,61052,3,,10
update,61044,61060,61063,3,,11
update,61055,61071,61073,2,,12
update,61066,61082,61085,3,,13
update,61077,61093,61096,3,,14
update,61088,61104,61107,3,,15
inbound,61100,61116,61120,4,,1
update,61099,61115,61121,6,,0
update,61110,61126,61129,3,,2
update,61121,61137,61140,3,,3
update,61132,61148,61150,2,,4
update,61143,61160,61162,2,,5
update,61154,61170,61172,2,,6
inbound,61155,61171,61174,3,,7
update,61165,61181,61183,2,,8
update,61176,61192,61195,3,,9
update,61187,61203,61206,3,,10
update,61198,61214,61217,3,,11
inbound,61200,61216,61219,3,,12
update,61209,61225,61228,3,,13
inbound,61210,61226,61229,3,,14
update,61220,61236,61239,3,,15
inbound,61225,61241,61244,3,,0
update,61231,61247,61250,3,,1
update,61242,61258,61260,2,,2
update,61253,61269,61271,2,,3
update,61264,61280,61283,3,,4
inbound,61265,61280,61284,4,,5
update,61275,61291,61293,2,,6
update,61286,61302,61305,3,,7
update,61297,61313,61315,2,,8
update,61308,61325,61327,2,,9
update,61319,61335,61339,4,,10
inbound,61320,61335,61339,4,,11
update,61330,61346,61349,3,,12
update,61341,61357,61359,2,,13
update,61352,61368,61371,3,,14
update,61363,61379,61382,3,,15
update,61374,61390,61394,4,,0
inbound,61375,61392,61394,2,,1
update,61385,61401,61404,3,,2
update,61396,61412,61415,3,,3
inbound,61400,61416,61419,3,,4
update,61407,61423,61426,3,,5
update,61418,61434,61436,2,,6
inbound,61425,61441,61443,2,,7
inbound,61430,61446,61448,2,,9
update,61429,61445,61448,3,,8
update,61440,61456,61458,2,,10
update,61451,61467,61469,2,,11
update,61462,61478,61481,3,,12
update,61473,61489,61491,2,,13
inbound,61485,61501,61505,4,,15
update,61484,61500,61505,5,,14
update,61495,61511,61514,3,,0
update,61506,61522,61524,2,,1
update,61517,61533,61535,2,,2
update,61528,61544,61547,3,,3
inbound,61540,61555,61558,3,,5
update,61539,61555,61558,3,,4
update,61550,61565,61568,3,,6
update,61561,61577,61580,3,,7
update,61572,61588,61590,2,,8
update,61583,61599,61601,2,,9
inbound,61595,61610,61614,4,,11
update,61594,61610,61614,4,,10
update,61605,61621,61624,3,,12
update,61616,61632,61635,3,,13
update,61627,61643,61646,3,,14
update,61638,61654,61656,2,,15
update,61649,61665,61668,3,,0
inbound,61650,61666,61669,3,,1
update,61660,61676,61679,3,,2
update,61671,61687,61689,2,,3
update,61682,61698,61700,2,,4
update,61693,61709,61712,3,,5
update,61704,61720,61724,4,,6
inbound,61705,61721,61724,3,,7
update,61715,61731,61734,3,,8
update,61726,61742,61745,3,,9
update,61737,61753,61756,3,,10
update,61748,61764,61767,3,,11
inbound,61760,61776,61778,2,,13
update,61759,61775,61779,4,,12
update,61770,61786,61789,3,,14
update,61781,61797,61799,2,,15
update,61792,61808,61811,3,,0
update,61803,61819,61821,2,,1
update,61814,61830,61832,2,,2
inbound,61815,61831,61833,2,,3
update,61825,61841,61843,2,,4
update,61836,61852,61855,3,,5
update,61847,61863,61866,3,,6
update,61858,61874,61877,3,,7
update,61869,61885,61888,3,,8
update,61880,61896,61899,3,,9
update,61891,61907,61909,2,,10
update,61902,61918,61921,3,,11
update,61913,61929,61932,3,,12
update,61924,61940,61943,3,,13
update,62000,62016,62019,3,,14
inbound,62000,62017,62021,4,,15
update,62011,62027,62030,3,,0
update,62022,62038,62041,3,,1
inbound,62025,62042,62045,3,,2
update,62033,62049,62052,3,,3
update,62044,62060,62062,2,,4
update,62055,62071,62074,3,,5
update,62066,62082,62084,2,,6
update,62077,62093,62096,3,,7
update,62088,62104,62107,3,,8
update,62099,62114,62117,3,,9
inbound,62100,62117,62120,3,,10
update,62110,62126,62129,3,,11
update,62121,62137,62140,3,,12
update,62132,62147,62150,3,,13
update,62143,62160,62162,2,,14
update,62154,62171,62173,2,,15
inbound,62155,62172,62175,3,,0
update,62165,62182,62185,3,,1
update,62176,62193,62196,3,,2
update,62187,62204,62207,3,,3
update,62198,62215,62218,3,,4
inbound,62200,62217,62220,3,,5
update,62209,62226,62229,3,,6
inbound,62210,62227,62230,3,,7
update,62220,62237,62240,3,,8
inbound,62225,62242,62244,2,,9
update,62231,62248,62251,3,,10
update,62242,62259,62262,3,,11
update,62253,62270,62274,4,,12
inbound,62265,62281,62286,5,,14
update,62264,62281,62287,6,,13
update,62275,62292,62295,3,,15
update,62286,62303,62306,3,,0
update,62297,62314,62318,4,,1
update,62308,62325,62327,2,,2
update,62319,62336,62339,3,,3
inbound,62320,62337,62340,3,,4
update,62330,62347,62350,3,,5
update,62341,62358,62361,3,,6
update,62352,62369,62372,3,,7
update,62363,62380,62385,5,,8
update,62374,62391,62395,4,,9
inbound,62375,62392,62396,4,,10
update,62385,62402,62405,3,,11
update,62396,62413,62416,3,,12
inbound,62400,62417,62420,3,,13
update,62407,62424,62427,3,,14
update,62418,62435,62437,2,,15
inbound,62425,62442,62444,2,,0
inbound,62430,62447,62449,2,,2
update,62429,62446,62450,4,,1
update,62440,62457,62460,3,,3
update,62451,62468,62471,3,,4
update,62462,62479,62481,2,,5
update,62473,62490,62493,3,,6
update,62484,62501,62504,3,,7
inbound,62485,62502,62505,3,,8
update,62495,62511,62514,3,,9
update,62506,62523,62526,3,,10
update,62517,62534,62536,2,,11
update,62528,62545,62548,3,,12
update,62539,62556,62560,4,,13
inbound,62540,62557,62560,3,,14
update,62550,62567,62570,3,,15
update,62561,62578,62580,2,,0
update,62572,62589,62591,2,,1
update,62583,62600,62603,3,,2
update,62594,62611,62616,5,,3
inbound,62595,62612,62616,4,,4
update,62605,62622,62625,3,,5
update,62616,62633,62636,3,,6
update,62627,62644,62646,2,,7
update,62638,62655,62658,3,,8
update,62649,62666,62669,3,,9
inbound,62650,62667,62671,4,,10
update,62660,62677,62680,3,,11
update,62671,62688,62690,2,,12
update,62682,62699,62702,3,,13
update,62693,62710,62713,3,,14
update,62704,62721,62724,3,,15
inbound,62705,62722,62727,5,,0
update,62715,62732,62735,3,,1
update,62726,62743,62746,3,,2
update,62737,62754,62757,3,,3
update,62748,62764,62768,4,,4
update,62759,62776,62779,3,,5
inbound,62760,62777,62779,2,,6
update,62770,62787,62790,3,,7
update,62781,62798,62801,3,,8
update,62792,62809,62812,3,,9
update,62803,62820,62822,2,,10
update,62814,62831,62834,3,,11
inbound,62815,62832,62835,3,,12
update,62825,62842,62845,3,,13
update,62836,62853,62856,3,,14
update,62847,62863,62867,4,,15
update,62858,62875,62878,3,,0
update,62869,62886,62889,3,,1
update,62880,62897,62900,3,,2
update,62891,62908,62910,2,,3
update,62902,62919,62922,3,,4
update,62913,62930,62932,2,,5
update,62924,62941,62944,3,,6
update,63000,63017,63020,3,,7
inbound,63000,63017,63022,5,,8
update,63011,63028,63032,4,,9
update,63022,63039,63041,2,,10
inbound,63025,63041,63044,3,,11
update,63033,63051,63053,2,,12
update,63044,63061,63064,3,,13
update,63055,63072,63074,2,,14
update,63066,63083,63086,3,,15
update,63077,63094,63096,2,,0
update,63088,63105,63107,2,,1
update,63099,63116,63120,4,,2
inbound,63100,63117,63120,3,,3
update,63110,63127,63130,3,,4
update,63121,63138,63140,2,,5
update,63132,63149,63152,3,,6
update,63143,63160,63163,3,,7
update,63154,63171,63174,3,,8
inbound,63155,63172,63176,4,,9
update,63165,63182,63185,3,,10
update,63176,63193,63196,3,,11
update,63187,63204,63206,2,,12
update,63198,63215,63217,2,,13
inbound,63200,63217,63220,3,,14
update,63209,63226,63229,3,,15
inbound,63210,63227,63230,3,,0
update,63220,63237,63240,3,,1
inbound,63225,63242,63245,3,,2
update,63231,63248,63251,3,,3
update,63242,63259,63261,2,,4
update,63253,63270,63272,2,,5
update,63264,63281,63284,3,,6
inbound,63265,63282,63286,4,,7
update,63275,63292,63294,2,,8
update,63286,63303,63306,3,,9
update,63297,63314,63317,3,,10
update,63308,63325,63328,3,,11
update,63319,63336,63339,3,,12
inbound,63320,63337,63341,4,,13
update,63330,63347,63350,3,,14
update,63341,63358,63362,4,,15
update,63352,63369,63372,3,,0
update,63363,63380,63387,7,,1
update,63374,63391,63395,4,,2
inbound,63375,63392,63397,5,,3
update,63385,63402,63405,3,,4
update,63396,63413,63415,2,,5
inbound,63400,63417,63419,2,,6
update,63407,63424,63427,3,,7
update,63418,63435,63437,2,,8
inbound,63425,63442,63444,2,,9
update,63429,63446,63448,2,,10
inbound,63430,63447,63450,3,,11
update,63440,63457,63460,3,,12
update,63451,63467,63470,3,,13
update,63462,63479,63481,2,,14
update,63473,63490,63493,3,,15
update,63484,63501,63505,4,,0
inbound,63485,63502,63505,3,,1
update,63495,63512,63516,4,,2
update,63506,63523,63526,3,,3
update,63517,63533,63536,3,,4
update,63528,63545,63547,2,,5
update,63539,63555,63559,4,,6
inbound,63540,63557,63560,3,,7
update,63550,63567,63569,2,,8
update,63561,63578,63582,4,,9
update,63572,63589,63591,2,,10
update,63583,63600,63604,4,,11
update,63594,63611,63614,3,,12
inbound,63595,63612,63616,4,,13
update,63605,63622,63626,4,,14
update,63616,63633,63636,3,,15
update,63627,63644,63646,2,,0
update,63638,63655,63657,2,,1
update,63649,63666,63669,3,,2
inbound,63650,63667,63671,4,,3
update,63660,63677,63680,3,,4
update,63671,63688,63692,4,,5
update,63682,63699,63702,3,,6
update,63693,63710,63712,2,,7
update,63704,63721,63724,3,,8
inbound,63705,63722,63726,4,,9
update,63715,63732,63734,2,,10
update,63726,63743,63746,3,,11
update,63737,63754,63757,3,,12
update,63748,63765,63768,3,,13
inbound,63760,63777,63782,5,,15
update,63759,63776,63782,6,,14
update,63770,63787,63790,3,,0
update,63781,63798,63800,2,,1
update,63792,63809,63811,2,,2
update,63803,63820,63823,3,,3
update,63814,63831,63834,3,,4
inbound,63815,63832,63835,3,,5
update,63825,63842,63845,3,,6
update,63836,63853,63856,3,,7
update,63847,63864,63867,3,,8
update,63858,63875,63877,2,,9
update,63869,63886,63888,2,,10
update,63880,63897,63900,3,,11
update,63891,63908,63911,3,,12
update,63902,63919,63921,2,,13
update,63913,63930,63933,3,,14
update,63924,63941,63944,3,,15
inbound,64000,64017,64021,4,,1
update,64000,64017,64021,4,,0
update,64011,64028,64030,2,,2
update,64022,64039,64041,2,,3
inbound,64025,64041,64044,3,,4
update,64033,64050,64053,3,,5
update,64044,64061,64065,4,,6
update,64055,64072,64075,3,,7
update,64066,64083,64086,3,,8
update,64077,64094,64098,4,,9
update,64088,64105,64108,3,,10
update,64099,64116,64119,3,,11
inbound,64100,64117,64120,3,,12
update,64110,64126,64129,3,,13
update,64121,64138,64141,3,,14
update,64132,64149,64151,2,,15
update,64143,64160,64163,3,,0
update,64154,64171,64174,3,,1
inbound,64155,64172,64175,3,,2
update,64165,64182,64186,4,,3
update,64176,64193,64196,3,,4
update,64187,64204,64207,3,,5
update,64198,64215,64218,3,,6
inbound,64200,64217,64220,3,,7
inbound,64210,64226,64229,3,,9
update,64209,64226,64229,3,,8
update,64220,64237,64241,4,,10
inbound,64225,64241,64244,3,,11
update,64231,64248,64251,3,,12
update,64242,64259,64262,3,,13
update,64253,64270,64273,3,,14
update,64264,64281,64284,3,,15
inbound,64265,64282,64286,4,,0
update,64275,64292,64295,3,,1
update,64286,64303,64305,2,,2
update,64297,64314,64317,3,,3
update,64308,64325,64328,3,,4
update,64319,64336,64340,4,,5
inbound,64320,64337,64341,4,,6
update,64330,64347,64350,3,,7
update,64341,64358,64361,3,,8
update,64352,64369,64372,3,,9
update,64363,64380,64382,2,,10
update,64374,64392,64396,4,,11
inbound,64375,64392,64396,4,,12
update,64385,64402,64409,7,,13
update,64396,64413,64417,4,,14
inbound,64400,64417,64421,4,,15
update,64407,64424,64428,4,,0
update,64418,64435,64438,3,,1
inbound,64425,64442,64446,4,,2
update,64429,64446,64450,4,,3
inbound,64430,64447,64450,3,,4
update,64440,64457,64460,3,,5
update,64451,64468,64470,2,,6
update,64462,64479,64482,3,,7
update,64473,64490,64493,3,,8
update,64484,64501,64504,3,,9
inbound,64485,64502,64506,4,,10
update,64495,64512,64515,3,,11
update,64506,64523,64525,2,,12
update,64517,64534,64536,2,,13
update,64528,64545,64548,3,,14
update,64539,64556,64559,3,,15
inbound,64540,64557,64560,3,,0
update,64550,64567,64570,3,,1
update,64561,64578,64581,3,,2
update,64572,64589,64592,3,,3
update,64583,64600,64602,2,,4
update,64594,64611,64614,3,,5
inbound,64595,64612,64615,3,,6
update,64605,64622,64624,2,,7
update,64616,64633,64636,3,,8
update,64627,64644,64647,3,,9
update,64638,64655,64658,3,,10
update,64649,64666,64669,3,,11
inbound,64650,64667,64670,3,,12
update,64660,64677,64680,3,,13
update,64671,64688,64690,2,,14
update,64682,64699,64702,3,,15
update,64693,64710,64712,2,,0
update,64704,64721,64724,3,,1
inbound,64705,64722,64725,3,,2
update,64715,64732,64735,3,,3
update,64726,64743,64746,3,,4
update,64737,64754,64757,3,,5
update,64748,64765,64768,3,,6
inbound,64760,64776,64779,3,,8
update,64759,64775,64780,5,,7
update,64770,64787,64790,3,,9
update,64781,64798,64801,3,,10
update,64792,64809,64812,3,,11
update,64803,64820,64822,2,,12
update,64814,64831,64834,3,,13
inbound,64815,64832,64834,2,,14
update,64825,64842,64845,3,,15
update,64836,64853,64856,3,,0
update,64847,64864,64866,2,,1
update,64858,64875,64877,2,,2
update,64869,64886,64888,2,,3
update,64880,64897,64900,3,,4
update,64891,64908,64911,3,,5
update,64902,64919,64922,3,,6
update,64913,64929,64932,3,,7
update,64924,64941,64945,4,,8
update,65000,65017,65044,27,,9
update,65022,65039,65045,6,,12
update,65011,65028,65046,18,,11
inbound,65000,65017,65046,29,,10
inbound,65025,65042,65046,4,,13
update,65033,65050,65053,3,,14
update,65044,65061,65064,3,,15
update,65055,65072,65074,2,,0
update,65066,65083,65086,3,,1
update,65077,65094,65097,3,,2
update,65088,65105,65107,2,,3
update,65099,65116,65119,3,,4
inbound,65100,65117,65120,3,,5
update,65110,65127,65130,3,,6
update,65121,65138,65141,3,,7
update,65132,65149,65151,2,,8
update,65143,65160,65163,3,,9
update,65154,65171,65174,3,,10
inbound,65155,65172,65175,3,,11
update,65165,65182,65185,3,,12
update,65176,65193,65195,2,,13
update,65187,65204,65207,3,,14
update,65198,65215,65218,3,,15
inbound,65200,65217,65220,3,,0
update,65209,65226,65229,3,,1
inbound,65210,65227,65229,2,,2
update,65220,65237,65239,2,,3
inbound,65225,65242,65245,3,,4
update,65231,65248,65251,3,,5
update,65242,65259,65262,3,,6
update,65253,65269,65272,3,,7
update,65264,65281,65284,3,,8
inbound,65265,65282,65285,3,,9
update,65275,65292,65295,3,,10
update,65286,65303,65306,3,,11
update,65297,65314,65316,2,,12
update,65308,65325,65328,3,,13
update,65319,65336,65339,3,,14
inbound,65320,65337,65340,3,,15
update,65330,65347,65350,3,,0
update,65341,65358,65361,3,,1
update,65352,65369,65372,3,,2
update,65363,65380,65383,3,,3
update,65374,65391,65397,6,,4
inbound,65375,65392,65398,6,,5
update,65385,65402,65405,3,,6
update,65396,65413,65416,3,,7
inbound,65400,65417,65419,2,,8
update,65407,65424,65426,2,,9
update,65418,65435,65438,3,,10
inbound,65425,65442,65444,2,,11
inbound,65430,65446,65450,4,,13
update,65429,65446,65450,4,,12
update,65440,65457,65460,3,,14
update,65451,65468,65470,2,,15
update,65462,65479,65482,3,,0
update,65473,65490,65493,3,,1
update,65484,65501,65504,3,,2
inbound,65485,65501,65504,3,,3
update,65495,65512,65515,3,,4
update,65506,65523,65525,2,,5
update,65517,65534,65536,2,,6
update,65528,65545,65548,3,,7
update,65539,65556,65559,3,,8
inbound,65540,65556,65560,4,,9
update,65550,65567,65569,2,,10
update,65561,65578,65581,3,,11
update,65572,65589,65592,3,,12
update,65583,65600,65602,2,,13
update,65594,65611,65613,2,,14
inbound,65595,65612,65615,3,,15
update,65605,65622,65625,3,,0
update,65616,65633,65635,2,,1
update,65627,65644,65647,3,,2
update,65638,65655,65658,3,,3
update,65649,65666,65671,5,,4
inbound,65650,65667,65672,5,,5
update,65660,65677,65680,3,,6
update,65671,65689,65692,3,,7
update,65682,65699,65702,3,,8
update,65693,65710,65713,3,,9
update,65704,65721,65724,3,,10
inbound,65705,65722,65725,3,,11
update,65715,65732,65735,3,,12
update,65726,65743,65746,3,,13
update,65737,65754,65757,3,,14
update,65748,65765,65767,2,,15
update,65759,65776,65778,2,,0
inbound,65760,65777,65779,2,,1
update,65770,65787,65789,2,,2
update,65781,65798,65801,3,,3
update,65792,65809,65811,2,,4
update,65803,65819,65823,4,,5
inbound,65815,65832,65835,3,,7
update,65814,65831,65835,4,,6
update,65825,65842,65844,2,,8
update,65836,65853,65856,3,,9
update,65847,65864,65866,2,,10
update,65858,65875,65877,2,,11
update,65869,65886,65889,3,,12
update,65880,65897,65900,3,,13
update,65891,65908,65910,2,,14
update,65902,65919,65921,2,,15
update,65913,65930,65933,3,,0
update,65924,65941,65944,3,,1
update,66000,66017,66021,4,,2
inbound,66000,66018,66021,3,,3
update,66011,66028,66031,3,,4
update,66022,66039,66043,4,,5
inbound,66025,66043,66046,3,,6
update,66033,66050,66053,3,,7
update,66044,66061,66065,4,,8
update,66055,66072,66075,3,,9
update,66066,66083,66086,3,,10
update,66077,66094,66098,4,,11
update,66088,66105,66107,2,,12
update,66099,66116,66120,4,,13
inbound,66100,66118,66121,3,,14
update,66110,66127,66130,3,,15
update,66121,66138,66141,3,,0
update,66132,66149,66152,3,,1
update,66143,66160,66162,2,,2
update,66154,66171,66175,4,,3
inbound,66155,66173,66176,3,,4
update,66165,66182,66185,3,,5
update,66176,66193,66196,3,,6
update,66187,66204,66207,3,,7
update,66198,66215,66219,4,,8
inbound,66200,66218,66221,3,,9
update,66209,66226,66229,3,,10
inbound,66210,66228,66231,3,,11
update,66220,66237,66240,3,,12
inbound,66225,66243,66247,4,,13
update,66231,66248,66253,5,,14
update,66242,66259,66262,3,,15
update,66253,66269,66273,4,,0
update,66264,66281,66287,6,,1
inbound,66265,66283,66289,6,,2
update,66275,66292,66296,4,,3
update,66286,66303,66306,3,,4
update,66297,66314,66320,6,,5
update,66308,66325,66328,3,,6
update,66319,66336,66339,3,,7
inbound,66320,66338,66341,3,,8
update,66330,66347,66350,3,,9
update,66341,66358,66361,3,,10
update,66352,66369,66372,3,,11
update,66363,66379,66382,3,,12
update,66374,66391,66394,3,,13
inbound,66375,66394,66401,7,,14
update,66385,66402,66408,6,,15
update,66396,66413,66416,3,,0
inbound,66400,66418,66421,3,,1
update,66407,66424,66427,3,,2
update,66418,66435,66437,2,,3
inbound,66425,66443,66446,3,,4
update,66429,66446,66450,4,,5
inbound,66430,66448,66451,3,,6
update,66440,66457,66460,3,,7
update,66451,66468,66471,3,,8
update,66462,66479,66483,4,,9
update,66473,66490,66492,2,,10
update,66484,66501,66505,4,,11
inbound,66485,66503,66506,3,,12
update,66495,66512,66515,3,,13
update,66506,66523,66526,3,,14
update,66517,66534,66537,3,,15
update,66528,66545,66548,3,,0
update,66539,66556,66559,3,,1
inbound,66540,66558,66562,4,,2
update,66550,66567,66570,3,,3
update,66561,66578,66581,3,,4
update,66572,66589,66592,3,,5
update,66583,66600,66603,3,,6
update,66594,66611,66616,5,,7
inbound,66595,66613,66616,3,,8
update,66605,66622,66625,3,,9
update,66616,66632,66635,3,,10
update,66627,66644,66647,3,,11
update,66638,66655,66658,3,,12
update,66649,66666,66669,3,,13
inbound,66650,66668,66671,3,,14
update,66660,66677,66680,3,,15
update,66671,66688,66691,3,,0
update,66682,66699,66706,7,,1
update,66693,66710,66714,4,,2
update,66704,66720,66724,4,,3
inbound,66705,66723,66726,3,,4
update,66715,66732,66735,3,,5
update,66726,66743,66747,4,,6
update,66737,66754,66757,3,,7
update,66748,66764,66768,4,,8
update,66759,66776,66779,3,,9
inbound,66760,66778,66780,2,,10
update,66770,66787,66790,3,,11
update,66781,66799,66802,3,,12
update,66792,66810,66813,3,,13
update,66803,66821,66824,3,,14
inbound,66815,66833,66835,2,,0
update,66814,66832,66836,4,,15
update,66825,66843,66846,3,,1
update,66836,66854,66856,2,,2
update,66847,66865,66867,2,,3
update,66858,66876,66879,3,,4
update,66869,66887,66890,3,,5
update,66880,66898,66901,3,,6
update,66891,66909,66912,3,,7
update,66902,66920,66923,3,,8
update,66913,66931,66934,3,,9
update,66924,66942,66945,3,,10
inbound,67000,67018,67021,3,,12
update,67000,67018,67021,3,,11
update,67011,67029,67032,3,,13
update,67022,67040,67042,2,,14
inbound,67025,67043,67046,3,,15
update,67033,67051,67054,3,,0
update,67044,67062,67065,3,,1
update,67055,67073,67075,2,,2
update,67066,67084,67087,3,,3
update,67077,67095,67098,3,,4
update,67088,67106,67109,3,,5
update,67099,67117,67121,4,,6
inbound,67100,67118,67121,3,,7
update,67110,67128,67130,2,,8
update,67121,67139,67142,3,,9
update,67132,67150,67154,4,,10
update,67143,67161,67164,3,,11
update,67154,67171,67175,4,,12
inbound,67155,67173,67176,3,,13
update,67165,67183,67186,3,,14
update,67176,67194,67197,3,,15
update,67187,67205,67209,4,,0
update,67198,67216,67221,5,,1
inbound,67200,67218,67224,6,,2
update,67209,67227,67231,4,,3
inbound,67210,67228,67232,4,,4
update,67220,67238,67242,4,,5
inbound,67225,67243,67248,5,,6
update,67231,67249,67251,2,,7
update,67242,67260,67262,2,,8
update,67253,67271,67273,2,,9
inbound,67265,67283,67285,2,,11
update,67264,67282,67286,4,,10
update,67275,67293,67297,4,,12
update,67286,67304,67307,3,,13
update,67297,67315,67318,3,,14
update,67308,67326,67329,3,,15
update,67319,67337,67340,3,,0
inbound,67320,67338,67342,4,,1
update,67330,67348,67350,2,,2
update,67341,67359,67362,3,,3
update,67352,67370,67373,3,,4
update,67363,67381,67384,3,,5
update,67374,67392,67395,3,,6
inbound,67375,67393,67396,3,,7
update,67385,67403,67407,4,,8
update,67396,67414,67419,5,,9
inbound,67400,67418,67424,6,,10
update,67407,67425,67428,3,,11
update,67418,67436,67438,2,,12
inbound,67425,67443,67446,3,,13
update,67429,67447,67450,3,,14
inbound,67430,67448,67451,3,,15
update,67440,67458,67460,2,,0
update,67451,67469,67472,3,,1
update,67462,67480,67483,3,,2
update,67473,67491,67493,2,,3
update,67484,67502,67505,3,,4
inbound,67485,67503,67507,4,,5
update,67495,67513,67516,3,,6
update,67506,67524,67527,3,,7
update,67517,67535,67539,4,,8
update,67528,67546,67549,3,,9
update,67539,67557,67560,3,,10
inbound,67540,67559,67564,5,,11
update,67550,67568,67574,6,,12
update,67561,67579,67582,3,,13
update,67572,67590,67593,3,,14
update,67583,67601,67603,2,,15
update,67594,67612,67616,4,,0
inbound,67595,67613,67617,4,,1
update,67605,67623,67625,2,,2
update,67616,67634,67636,2,,3
update,67627,67645,67648,3,,4
update,67638,67656,67659,3,,5
update,67649,67667,67670,3,,6
inbound,67650,67668,67672,4,,7
update,67660,67678,67680,2,,8
update,67671,67689,67692,3,,9
update,67682,67700,67703,3,,10
update,67693,67711,67714,3,,11
update,67704,67722,67725,3,,12
inbound,67705,67723,67727,4,,13
update,67715,67733,67735,2,,14
update,67726,67744,67747,3,,15
update,67737,67755,67758,3,,0
update,67748,67766,67769,3,,1
update,67759,67777,67780,3,,2
inbound,67760,67778,67780,2,,3
update,67770,67788,67791,3,,4
update,67781,67799,67801,2,,5
update,67792,67810,67813,3,,6
update,67803,67821,67824,3,,7
inbound,67815,67833,67835,2,,9
update,67814,67832,67835,3,,8
update,67825,67843,67847,4,,10
update,67836,67855,67858,3,,11
update,67847,67865,67868,3,,12
update,67858,67876,67879,3,,13
update,67869,67887,67890,3,,14
update,67880,67899,67902,3,,15
update,67891,67909,67913,4,,0
update,67902,67920,67923,3,,1
update,67913,67931,67934,3,,2
update,67924,67942,67945,3,,3
inbound,68000,68018,68023,5,,5
update,68000,68018,68023,5,,4
update,68011,68029,68033,4,,6
update,68022,68040,68043,3,,7
inbound,68025,68043,68046,3,,8
update,68033,68051,68053,2,,9
update,68044,68062,68065,3,,10
update,68055,68073,68076,3,,11
update,68066,68084,68087,3,,12
update,68077,68095,68098,3,,13
update,68088,68106,68109,3,,14
update,68099,68117,68121,4,,15
inbound,68100,68118,68121,3,,0
update,68110,68128,68131,3,,1
update,68121,68139,68142,3,,2
update,68132,68150,68153,3,,3
update,68143,68161,68164,3,,4
update,68154,68172,68175,3,,5
inbound,68155,68173,68177,4,,6
update,68165,68183,68186,3,,7
update,68176,68194,68197,3,,8
update,68187,68205,68208,3,,9
update,68198,68216,68219,3,,10
inbound,68200,68218,68222,4,,11
update,68209,68227,68230,3,,12
inbound,68210,68228,68231,3,,13
update,68220,68238,68241,3,,14
inbound,68225,68243,68246,3,,15
update,68231,68249,68252,3,,0
update,68242,68260,68263,3,,1
update,68253,68271,68274,3,,2
update,68264,68282,68285,3,,3
inbound,68265,68283,68286,3,,4
update,68275,68293,68296,3,,5
update,68286,68304,68307,3,,6
update,68297,68315,68317,2,,7
update,68308,68326,68329,3,,8
update,68319,68337,68340,3,,9
inbound,68320,68338,68341,3,,10
update,68330,68348,68351,3,,11
update,68341,68359,68362,3,,12
update,68352,68370,68373,3,,13
update,68363,68381,68384,3,,14
update,68374,68392,68395,3,,15
inbound,68375,68393,68396,3,,0
update,68385,68403,68406,3,,1
update,68396,68414,68418,4,,2
inbound,68400,68418,68422,4,,3
update,68407,68425,68430,5,,4
update,68418,68436,68439,3,,5
inbound,68425,68443,68446,3,,6
inbound,68430,68447,68450,3,,8
update,68429,68447,68450,3,,7
update,68440,68458,68461,3,,9
update,68451,68469,68472,3,,10
update,68462,68480,68483,3,,11
update,68473,68491,68494,3,,12
update,68484,68502,68505,3,,13
inbound,68485,68503,68506,3,,14
update,68495,68513,68515,2,,15
update,68506,68524,68527,3,,0
update,68517,68535,68538,3,,1
update,68528,68546,68550,4,,2
update,68539,68557,68561,4,,3
inbound,68540,68557,68561,4,,4
update,68550,68568,68571,3,,5
update,68561,68579,68583,4,,6
update,68572,68590,68593,3,,7
update,68583,68601,68603,2,,8
update,68594,68613,68616,3,,9
inbound,68595,68613,68616,3,,10
update,68605,68623,68626,3,,11
update,68616,68634,68637,3,,12
update,68627,68645,68647,2,,13
update,68638,68656,68659,3,,14
update,68649,68667,68671,4,,15
inbound,68650,68668,68672,4,,0
update,68660,68678,68681,3,,1
update,68671,68689,68692,3,,2
update,68682,68700,68702,2,,3
update,68693,68711,68714,3,,4
update,68704,68722,68725,3,,5
inbound,68705,68723,68726,3,,6
update,68715,68733,68736,3,,7
update,68726,68744,68747,3,,8
update,68737,68755,68759,4,,9
update,68748,68766,68768,2,,10
update,68759,68777,68780,3,,11
inbound,68760,68778,68780,2,,12
update,68770,68788,68791,3,,13
update,68781,68799,68801,2,,14
update,68792,68810,68813,3,,15
update,68803,68821,68824,3,,0
update,68814,68832,68835,3,,1
inbound,68815,68833,68835,2,,2
update,68825,68843,68846,3,,3
update,68836,68854,68856,2,,4
update,68847,68865,68868,3,,5
update,68858,68876,68879,3,,6
update,68869,68887,68890,3,,7
update,68880,68898,68900,2,,8
update,68891,68909,68911,2,,9
update,68902,68920,68922,2,,10
update,68913,68931,68934,3,,11
update,68924,68942,68944,2,,12
inbound,69000,69018,69021,3,,14
update,69000,69018,69022,4,,13
update,69011,69029,69032,3,,15
update,69022,69040,69043,3,,0
inbound,69025,69043,69046,3,,1
update,69033,69051,69054,3,,2
update,69044,69062,69064,2,,3
update,69055,69073,69075,2,,4
update,69066,69084,69086,2,,5
update,69077,69095,69097,2,,6
update,69088,69106,69109,3,,7
update,69099,69117,69120,3,,8
inbound,69100,69118,69121,3,,9
update,69110,69128,69130,2,,10
update,69121,69139,69141,2,,11
update,69132,69150,69153,3,,12
update,69143,69161,69164,3,,13
update,69154,69172,69175,3,,14
inbound,69155,69173,69176,3,,15
update,69165,69183,69186,3,,0
update,69176,69194,69197,3,,1
update,69187,69205,69208,3,,2
update,69198,69216,69218,2,,3
inbound,69200,69218,69220,2,,4
update,69209,69227,69229,2,,5
inbound,69210,69228,69231,3,,6
update,69220,69238,69240,2,,7
inbound,69225,69243,69246,3,,8
update,69231,69249,69251,2,,9
update,69242,69260,69263,3,,10
update,69253,69271,69274,3,,11
inbound,69265,69282,69285,3,,13
update,69264,69282,69285,3,,12
update,69275,69293,69296,3,,14
update,69286,69304,69307,3,,15
update,69297,69315,69317,2,,0
update,69308,69326,69329,3,,1
update,69319,69337,69341,4,,2
inbound,69320,69338,69341,3,,3
update,69330,69348,69350,2,,4
update,69341,69359,69361,2,,5
update,69352,69370,69372,2,,6
update,69363,69381,69384,3,,7
update,69374,69392,69394,2,,8
inbound,69375,69393,69396,3,,9
update,69385,69403,69405,2,,10
update,69396,69414,69420,6,,11
inbound,69400,69418,69422,4,,12
update,69407,69425,69428,3,,13
update,69418,69436,69439,3,,14
inbound,69425,69443,69446,3,,15
update,69429,69447,69450,3,,0
inbound,69430,69447,69450,3,,1
update,69440,69458,69461,3,,2
update,69451,69469,69472,3,,3
update,69462,69480,69483,3,,4
update,69473,69491,69494,3,,5
update,69484,69502,69504,2,,6
inbound,69485,69503,69505,2,,7
update,69495,69513,69515,2,,8
update,69506,69523,69526,3,,9
update,69517,69535,69538,3,,10
update,69528,69546,69548,2,,11
inbound,69540,69557,69560,3,,13
update,69539,69557,69560,3,,12
update,69550,69568,69570,2,,14
update,69561,69579,69582,3,,15
update,69572,69590,69593,3,,0
update,69583,69601,69603,2,,1
inbound,69595,69613,69615,2,,3
update,69594,69612,69616,4,,2
update,69605,69623,69625,2,,4
update,69616,69634,69636,2,,5
update,69627,69645,69647,2,,6
update,69638,69656,69658,2,,7
update,69649,69667,69669,2,,8
inbound,69650,69668,69671,3,,9
update,69660,69678,69680,2,,10
update,69671,69689,69691,2,,11
update,69682,69700,69703,3,,12
update,69693,69711,69714,3,,13
update,69704,69722,69725,3,,14
inbound,69705,69722,69726,4,,15
update,69715,69733,69736,3,,0
update,69726,69744,69747,3,,1
update,69737,69755,69757,2,,2
update,69748,69766,69769,3,,3
inbound,69760,69778,69779,1,,5
update,69759,69777,69780,3,,4
update,69770,69788,69791,3,,6
update,69781,69799,69802,3,,7
update,69792,69810,69813,3,,8
update,69803,69821,69824,3,,9
update,69814,69832,69834,2,,10
inbound,69815,69833,69835,2,,11
update,69825,69843,69845,2,,12
update,69836,69854,69856,2,,13
update,69847,69865,69868,3,,14
update,69858,69876,69879,3,,15
update,69869,69887,69890,3,,0
update,69880,69898,69900,2,,1
update,69891,69909,69912,3,,2
update,69902,69920,69923,3,,3
update,69913,69931,69934,3,,4
update,69924,69942,69945,3,,5
inbound,70000,70018,70022,4,,7
update,70000,70018,70022,4,,6
update,70011,70029,70031,2,,8
update,70022,70040,70043,3,,9
inbound,70025,70043,70045,2,,10
update,70033,70051,70054,3,,11
update,70044,70062,70065,3,,12
update,70055,70073,70076,3,,13
update,70066,70084,70086,2,,14
update,70077,70095,70098,3,,15
update,70088,70105,70108,3,,0
update,70099,70117,70120,3,,1
inbound,70100,70118,70121,3,,2
update,70110,70128,70131,3,,3
update,70121,70139,70142,3,,4
update,70132,70150,70153,3,,5
update,70143,70161,70164,3,,6
update,70154,70172,70175,3,,7
inbound,70155,70173,70178,5,,8
update,70165,70183,70185,2,,9
update,70176,70194,70196,2,,10
update,70187,70205,70207,2,,11
update,70198,70216,70219,3,,12
inbound,70200,70218,70221,3,,13
update,70209,70227,70231,4,,14
inbound,70210,70228,70231,3,,15
update,70220,70238,70240,2,,0
inbound,70225,70243,70245,2,,1
update,70231,70249,70252,3,,2
update,70242,70260,70263,3,,3
update,70253,70271,70274,3,,4
inbound,70265,70283,70286,3,,6
update,70264,70282,70286,4,,5
update,70275,70293,70296,3,,7
update,70286,70304,70307,3,,8
update,70297,70315,70321,6,,9
update,70308,70326,70331,5,,10
inbound,70320,70338,70343,5,,12
update,70319,70337,70348,11,,11
update,70330,70348,70352,4,,13
update,70341,70359,70362,3,,14
update,70352,70369,70376,7,,15
update,70363,70381,70386,5,,0
update,70374,70392,70397,5,,1
inbound,70375,70393,70399,6,,2
update,70385,70403,70407,4,,3
update,70396,70414,70418,4,,4
inbound,70400,70418,70426,8,,5
update,70407,70425,70432,7,,6
update,70429,70449,70464,15,,9
update,70440,70458,70465,7,,11
inbound,70425,70443,70466,23,,8
update,70418,70436,70467,31,,7
inbound,70430,70449,70468,19,,10
update,70451,70469,70473,4,,12
update,70462,70480,70483,3,,13
update,70473,70491,70495,4,,14
update,70484,70502,70505,3,,15
inbound,70485,70503,70506,3,,0
update,70495,70513,70515,2,,1
update,70506,70523,70527,4,,2
update,70517,70535,70538,3,,3
update,70528,70546,70548,2,,4
update,70539,70557,70561,4,,5
inbound,70540,70559,70562,3,,6
update,70550,70568,70570,2,,7
update,70561,70579,70582,3,,8
update,70572,70590,70592,2,,9
update,70583,70601,70604,3,,10
update,70594,70612,70615,3,,11
inbound,70595,70613,70617,4,,12
update,70605,70623,70627,4,,13
update,70616,70634,70637,3,,14
update,70627,70645,70648,3,,15
update,70638,70656,70660,4,,0
update,70649,70667,70670,3,,1
inbound,70650,70668,70672,4,,2
update,70660,70677,70680,3,,3
update,70671,70689,70691,2,,4
update,70682,70700,70703,3,,5
update,70693,70711,70714,3,,6
update,70704,70722,70725,3,,7
inbound,70705,70723,70727,4,,8
update,70715,70733,70736,3,,9
update,70726,70744,70747,3,,10
update,70737,70755,70758,3,,11
update,70748,70766,70768,2,,12
update,70759,70777,70780,3,,13
inbound,70760,70778,70781,3,,14
update,70770,70788,70791,3,,15
update,70781,70799,70802,3,,0
update,70792,70811,70814,3,,1
update,70803,70821,70824,3,,2
update,70814,70832,70835,3,,3
inbound,70815,70833,70835,2,,4
update,70825,70843,70846,3,,5
update,70836,70854,70857,3,,6
update,70847,70865,70867,2,,7
update,70858,70876,70879,3,,8
update,70869,70887,70890,3,,9
update,70880,70897,70901,4,,10
update,70891,70909,70912,3,,11
update,70902,70920,70923,3,,12
update,70913,70931,70935,4,,13
update,70924,70941,70944,3,,14
update,71000,71018,71022,4,,15
inbound,71000,71018,71022,4,,0
update,71011,71029,71031,2,,1
update,71022,71040,71042,2,,2
inbound,71025,71042,71045,3,,3
update,71033,71051,71053,2,,4
update,71044,71062,71065,3,,5
update,71055,71073,71075,2,,6
update,71066,71084,71087,3,,7
update,71077,71095,71098,3,,8
update,71088,71106,71108,2,,9
update,71099,71117,71121,4,,10
inbound,71100,71118,71121,3,,11
update,71110,71128,71131,3,,12
update,71121,71139,71145,6,,13
update,71132,71150,71154,4,,14
update,71143,71161,71165,4,,15
update,71154,71172,71178,6,,0
inbound,71155,71173,71179,6,,1
update,71165,71183,71186,3,,2
update,71176,71194,71197,3,,3
update,71187,71205,71211,6,,4
update,71198,71216,71220,4,,5
inbound,71200,71218,71221,3,,6
update,71209,71227,71234,7,,7
inbound,71210,71228,71234,6,,8
update,71220,71238,71245,7,,9
inbound,71225,71243,71249,6,,10
update,71231,71249,71253,4,,11
update,71242,71260,71266,6,,12
update,71253,71271,71275,4,,13
update,71264,71282,71285,3,,14
inbound,71265,71283,71286,3,,15
update,71275,71293,71295,2,,0
update,71286,71304,71307,3,,1
update,71297,71315,71317,2,,2
update,71308,71326,71330,4,,3
update,71319,71337,71340,3,,4
inbound,71320,71338,71341,3,,5
update,71330,71348,71351,3,,6
update,71341,71358,71361,3,,7
update,71352,71370,71373,3,,8
update,71363,71381,71383,2,,9
update,71374,71392,71395,3,,10
inbound,71375,71393,71396,3,,11
update,71385,71403,71406,3,,12
update,71396,71414,71417,3,,13
inbound,71400,71418,71421,3,,14
update,71407,71425,71428,3,,15
update,71418,71436,71441,5,,0
inbound,71425,71443,71447,4,,1
inbound,71430,71448,71451,3,,3
update,71429,71447,71451,4,,2
update,71440,71458,71461,3,,4
update,71451,71469,71472,3,,5
update,71462,71480,71483,3,,6
update,71473,71491,71494,3,,7
update,71484,71502,71504,2,,8
inbound,71485,71503,71506,3,,9
update,71495,71513,71516,3,,10
update,71506,71524,71527,3,,11
update,71517,71535,71538,3,,12
update,71528,71546,71549,3,,13
update,71539,71557,71561,4,,14
inbound,71540,71558,71562,4,,15
update,71550,71568,71571,3,,0
update,71561,71579,71582,3,,1
update,71572,71590,71592,2,,2
update,71583,71601,71605,4,,3
update,71594,71612,71615,3,,4
inbound,71595,71613,71616,3,,5
update,71605,71623,71626,3,,6
update,71616,71634,71637,3,,7
update,71627,71645,71648,3,,8
update,71638,71656,71658,2,,9
update,71649,71667,71670,3,,10
inbound,71650,71668,71672,4,,11
update,71660,71678,71682,4,,12
update,71671,71689,71692,3,,13
update,71682,71700,71703,3,,14
update,71693,71711,71714,3,,15
update,71704,71722,71726,4,,0
inbound,71705,71723,71726,3,,1
update,71715,71733,71736,3,,2
update,71726,71744,71746,2,,3
update,71737,71755,71758,3,,4
update,71748,71766,71768,2,,5
update,71759,71777,71781,4,,6
inbound,71760,71778,71781,3,,7
update,71770,71788,71791,3,,8
update,71781,71799,71801,2,,9
update,71792,71810,71813,3,,10
update,71803,71821,71824,3,,11
inbound,71815,71833,71835,2,,13
update,71814,71832,71836,4,,12
update,71825,71843,71846,3,,14
update,71836,71854,71857,3,,15
update,71847,71865,71867,2,,0
update,71858,71875,71878,3,,1
update,71869,71887,71889,2,,2
update,71880,71898,71901,3,,3
update,71891,71909,71912,3,,4
update,71902,71920,71923,3,,5
update,71913,71931,71934,3,,6
update,71924,71942,71945,3,,7
update,72000,72018,72021,3,,8
inbound,72000,72020,72023,3,,9
update,72011,72029,72032,3,,10
update,72022,72040,72043,3,,11
inbound,72025,72043,72046,3,,12
update,72033,72051,72053,2,,13
update,72044,72062,72065,3,,14
update,72055,72073,72076,3,,15
update,72066,72084,72086,2,,0
update,72077,72095,72098,3,,1
update,72088,72106,72109,3,,2
update,72099,72117,72121,4,,3
inbound,72100,72119,72122,3,,4
update,72110,72128,72133,5,,5
update,72121,72139,72142,3,,6
update,72132,72150,72153,3,,7
update,72143,72161,72164,3,,8
update,72154,72172,72175,3,,9
inbound,72155,72174,72176,2,,10
update,72165,72183,72185,2,,11
update,72176,72194,72197,3,,12
update,72187,72205,72207,2,,13
update,72198,72215,72219,4,,14
inbound,72200,72219,72222,3,,15
update,72209,72227,72230,3,,0
inbound,72210,72229,72233,4,,1
update,72220,72238,72240,2,,2
inbound,72225,72244,72246,2,,3
update,72231,72248,72251,3,,4
update,72242,72260,72263,3,,5
update,72253,72271,72274,3,,6
update,72264,72282,72285,3,,7
inbound,72265,72284,72287,3,,8
update,72275,72293,72296,3,,9
update,72286,72304,72308,4,,10
update,72297,72315,72318,3,,11
update,72308,72326,72329,3,,12
update,72319,72337,72340,3,,13
inbound,72320,72339,72342,3,,14
update,72330,72348,72352,4,,15
update,72341,72359,72362,3,,0
update,72352,72370,72373,3,,1
update,72363,72381,72384,3,,2
update,72374,72392,72395,3,,3
inbound,72375,72394,72397,3,,4
update,72385,72403,72405,2,,5
update,72396,72414,72417,3,,6
inbound,72400,72419,72421,2,,7
update,72407,72425,72428,3,,8
update,72418,72436,72439,3,,9
inbound,72425,72444,72450,6,,10
update,72429,72447,72453,6,,11
inbound,72430,72449,72454,5,,12
update,72440,72458,72464,6,,13
update,72451,72469,72472,3,,14
update,72462,72480,72483,3,,15
update,72473,72491,72494,3,,0
update,72484,72502,72507,5,,1
inbound,72485,72504,72507,3,,2
update,72495,72514,72516,2,,3
update,72506,72525,72529,4,,4
update,72517,72536,72539,3,,5
update,72528,72547,72550,3,,6
update,72539,72558,72562,4,,7
inbound,72540,72559,72562,3,,8
update,72550,72569,72571,2,,9
update,72561,72580,72582,2,,10
update,72572,72591,72593,2,,11
update,72583,72602,72605,3,,12
update,72594,72613,72617,4,,13
inbound,72595,72614,72618,4,,14
update,72605,72624,72626,2,,15
update,72616,72635,72638,3,,0
update,72627,72646,72649,3,,1
update,72638,72657,72659,2,,2
update,72649,72668,72675,7,,3
inbound,72650,72668,72675,7,,4
update,72660,72679,72682,3,,5
update,72671,72690,72693,3,,6
update,72682,72701,72707,6,,7
update,72693,72712,72715,3,,8
update,72704,72723,72727,4,,9
inbound,72705,72724,72729,5,,10
update,72715,72734,72737,3,,11
update,72726,72745,72749,4,,12
update,72737,72756,72760,4,,13
update,72748,72767,72770,3,,14
update,72759,72778,72783,5,,15
inbound,72760,72779,72784,5,,0
update,72770,72789,72792,3,,1
update,72781,72800,72804,4,,2
update,72792,72811,72814,3,,3
update,72803,72822,72825,3,,4
update,72814,72833,72836,3,,5
inbound,72815,72834,72839,5,,6
update,72825,72844,72847,3,,7
update,72836,72855,72858,3,,8
update,72847,72866,72869,3,,9
update,72858,72877,72881,4,,10
update,72869,72888,72891,3,,11
update,72880,72899,72902,3,,12
update,72891,72909,72912,3,,13
update,72902,72921,72923,2,,14
update,72913,72932,72935,3,,15
update,72924,72943,72947,4,,0
update,73000,73019,73023,4,,1
inbound,73000,73019,73025,6,,2
update,73011,73030,73033,3,,3
update,73022,73041,73047,6,,4
inbound,73025,73044,73047,3,,5
update,73033,73052,73054,2,,6
update,73044,73063,73066,3,,7
update,73055,73074,73077,3,,8
update,73066,73085,73089,4,,9
update,73077,73096,73099,3,,10
update,73088,73107,73110,3,,11
update,73099,73118,73121,3,,12
inbound,73100,73119,73122,3,,13
update,73110,73129,73132,3,,14
update,73121,73140,73143,3,,15
update,73132,73151,73155,4,,0
update,73143,73162,73166,4,,1
update,73154,73173,73176,3,,2
inbound,73155,73173,73176,3,,3
update,73165,73184,73187,3,,4
update,73176,73195,73198,3,,5
update,73187,73206,73209,3,,6
update,73198,73217,73220,3,,7
inbound,73200,73219,73222,3,,8
update,73209,73228,73231,3,,9
inbound,73210,73229,73232,3,,10
update,73220,73239,73241,2,,11
inbound,73225,73244,73247,3,,12
update,73231,73250,73253,3,,13
update,73242,73261,73264,3,,14
update,73253,73272,73274,2,,15
update,73264,73283,73286,3,,0
inbound,73265,73284,73287,3,,1
update,73275,73294,73297,3,,2
update,73286,73305,73308,3,,3
update,73297,73316,73318,2,,4
update,73308,73327,73330,3,,5
update,73319,73338,73341,3,,6
inbound,73320,73339,73342,3,,7
update,73330,73349,73353,4,,8
update,73341,73360,73362,2,,9
update,73352,73371,73373,2,,10
update,73363,73382,73384,2,,11
update,73374,73393,73396,3,,12
inbound,73375,73394,73397,3,,13
update,73385,73404,73407,3,,14
update,73396,73415,73417,2,,15
inbound,73400,73419,73422,3,,0
update,73407,73426,73429,3,,1
update,73418,73437,73440,3,,2
inbound,73425,73444,73448,4,,3
update,73429,73448,73452,4,,4
inbound,73430,73449,73452,3,,5
update,73440,73459,73463,4,,6
update,73451,73470,73472,2,,7
update,73462,73481,73484,3,,8
update,73473,73492,73495,3,,9
update,73484,73503,73506,3,,10
inbound,73485,73504,73507,3,,11
update,73495,73514,73517,3,,12
update,73506,73525,73527,2,,13
update,73517,73536,73538,2,,14
update,73528,73547,73550,3,,15
update,73539,73558,73561,3,,0
inbound,73540,73558,73562,4,,1
update,73550,73569,73571,2,,2
update,73561,73581,73583,2,,3
update,73572,73591,73593,2,,4
update,73583,73602,73605,3,,5
inbound,73595,73613,73616,3,,7
update,73594,73613,73616,3,,6
update,73605,73624,73626,2,,8
update,73616,73635,73638,3,,9
update,73627,73646,73649,3,,10
update,73638,73657,73660,3,,11
update,73649,73668,73671,3,,12
inbound,73650,73669,73671,2,,13
update,73660,73679,73681,2,,14
update,73671,73690,73693,3,,15
update,73682,73701,73703,2,,0
update,73693,73712,73715,3,,1
update,73704,73723,73726,3,,2
inbound,73705,73724,73727,3,,3
update,73715,73734,73737,3,,4
update,73726,73745,73747,2,,5
update,73737,73756,73759,3,,6
update,73748,73767,73770,3,,7
inbound,73760,73778,73782,4,,9
update,73759,73778,73782,4,,8
update,73770,73789,73792,3,,10
update,73781,73800,73803,3,,11
update,73792,73811,73814,3,,12
update,73803,73822,73825,3,,13
update,73814,73833,73836,3,,14
inbound,73815,73834,73837,3,,15
update,73825,73844,73846,2,,0
update,73836,73855,73857,2,,1
update,73847,73866,73869,3,,2
update,73858,73877,73879,2,,3
update,73869,73888,73891,3,,4
update,73880,73899,73902,3,,5
update,73891,73910,73913,3,,6
update,73902,73921,73923,2,,7
update,73913,73932,73934,2,,8
update,73924,73943,73946,3,,9
update,74000,74019,74022,3,,10
inbound,74000,74019,74022,3,,11
update,74011,74030,74033,3,,12
update,74022,74041,74044,3,,13
inbound,74025,74044,74047,3,,14
update,74033,74052,74054,2,,15
update,74044,74063,74066,3,,0
update,74055,74074,74077,3,,1
update,74066,74085,74088,3,,2
update,74077,74096,74098,2,,3
update,74088,74107,74110,3,,4
update,74099,74118,74121,3,,5
inbound,74100,74119,74122,3,,6
update,74110,74129,74132,3,,7
update,74121,74140,74142,2,,8
update,74132,74151,74153,2,,9
update,74143,74162,74165,3,,10
update,74154,74173,74176,3,,11
inbound,74155,74175,74178,3,,12
update,74165,74184,74187,3,,13
update,74176,74195,74198,3,,14
update,74187,74206,74209,3,,15
update,74198,74217,74220,3,,0
inbound,74200,74219,74223,4,,1
update,74209,74228,74232,4,,2
inbound,74210,74229,74234,5,,3
update,74220,74239,74241,2,,4
inbound,74225,74244,74246,2,,5
update,74231,74250,74253,3,,6
update,74242,74261,74265,4,,7
update,74253,74272,74275,3,,8
update,74264,74283,74286,3,,9
inbound,74265,74284,74288,4,,10
update,74275,74294,74297,3,,11
update,74286,74305,74308,3,,12
update,74297,74316,74318,2,,13
update,74308,74327,74330,3,,14
update,74319,74338,74341,3,,15
inbound,74320,74339,74342,3,,0
update,74330,74349,74351,2,,1
update,74341,74360,74365,5,,2
update,74352,74371,74374,3,,3
update,74363,74382,74385,3,,4
update,74374,74393,74397,4,,5
inbound,74375,74394,74397,3,,6
update,74385,74404,74408,4,,7
update,74396,74415,74417,2,,8
inbound,74400,74419,74422,3,,9
update,74407,74426,74429,3,,10
update,74418,74437,74441,4,,11
inbound,74425,74444,74448,4,,12
inbound,74430,74449,74453,4,,14
update,74429,74448,74458,10,,13
update,74440,74459,74464,5,,15
update,74451,74471,74476,5,,0
update,74462,74480,74483,3,,1
update,74473,74492,74498,6,,2
update,74484,74503,74509,6,,3
inbound,74485,74503,74510,7,,4
update,74495,74514,74517,3,,5
update,74506,74525,74529,4,,6
update,74517,74536,74539,3,,7
update,74528,74547,74550,3,,8
update,74539,74558,74562,4,,9
inbound,74540,74559,74562,3,,10
update,74550,74569,74572,3,,11
update,74561,74580,74584,4,,12
update,74572,74591,74594,3,,13
update,74583,74602,74604,2,,14
update,74594,74613,74616,3,,15
inbound,74595,74614,74617,3,,0
update,74605,74624,74627,3,,1
update,74616,74635,74639,4,,2
update,74627,74646,74649,3,,3
update,74638,74657,74660,3,,4
update,74649,74668,74672,4,,5
inbound,74650,74668,74672,4,,6
update,74660,74679,74681,2,,7
update,74671,74690,74693,3,,8
update,74682,74701,74704,3,,9
update,74693,74712,74715,3,,10
inbound,74705,74724,74727,3,,12
update,74704,74723,74728,5,,11
update,74715,74734,74737,3,,13
update,74726,74745,74748,3,,14
update,74737,74756,74759,3,,15
update,74748,74767,74770,3,,0
update,74759,74778,74781,3,,1
inbound,74760,74779,74783,4,,2
update,74770,74789,74792,3,,3
update,74781,74800,74803,3,,4
update,74792,74811,74814,3,,5
update,74803,74822,74826,4,,6
update,74814,74833,74837,4,,7
inbound,74815,74834,74837,3,,8
update,74825,74843,74846,3,,9
update,74836,74855,74858,3,,10
update,74847,74866,74868,2,,11
update,74858,74877,74880,3,,12
update,74869,74888,74891,3,,13
update,74880,74899,74902,3,,14
update,74891,74910,74912,2,,15
update,74902,74921,74924,3,,0
update,74913,74932,74934,2,,1
update,74924,74943,74946,3,,2
update,75000,75018,75021,3,,3
inbound,75000,75019,75022,3,,4
update,75011,75029,75033,4,,5
update,75022,75041,75044,3,,6
inbound,75025,75044,75047,3,,7
update,75033,75052,75055,3,,8
update,75044,75063,75065,2,,9
update,75055,75074,75076,2,,10
update,75066,75084,75087,3,,11
update,75077,75095,75099,4,,12
update,75088,75107,75110,3,,13
update,75099,75117,75121,4,,14
inbound,75100,75119,75122,3,,15
update,75110,75129,75132,3,,0
update,75121,75140,75143,3,,1
update,75132,75151,75154,3,,2
update,75143,75162,75165,3,,3
update,75154,75173,75176,3,,4
inbound,75155,75174,75177,3,,5
update,75165,75184,75187,3,,6
update,75176,75194,75198,4,,7
update,75187,75206,75209,3,,8
update,75198,75217,75223,6,,9
inbound,75200,75219,75223,4,,10
update,75209,75228,75231,3,,11
inbound,75210,75229,75233,4,,12
update,75220,75239,75243,4,,13
inbound,75225,75244,75249,5,,14
update,75231,75250,75253,3,,15
update,75242,75261,75264,3,,0
update,75253,75272,75274,2,,1
update,75264,75283,75286,3,,2
inbound,75265,75284,75287,3,,3
update,75275,75294,75296,2,,4
update,75286,75305,75308,3,,5
update,75297,75316,75319,3,,6
update,75308,75327,75330,3,,7
update,75319,75338,75342,4,,8
inbound,75320,75339,75343,4,,9
update,75330,75349,75352,3,,10
update,75341,75360,75363,3,,11
update,75352,75371,75374,3,,12
update,75363,75382,75385,3,,13
update,75374,75393,75396,3,,14
inbound,75375,75394,75398,4,,15
update,75385,75404,75407,3,,0
update,75396,75415,75418,3,,1
inbound,75400,75419,75422,3,,2
update,75407,75426,75429,3,,3
update,75418,75437,75440,3,,4
inbound,75425,75444,75448,4,,5
inbound,75430,75449,75455,6,,7
update,75429,75448,75455,7,,6
update,75440,75459,75463,4,,8
update,75451,75470,75474,4,,9
update,75462,75481,75489,8,,10
update,75473,75492,75495,3,,11
inbound,75485,75504,75508,4,,13
update,75484,75503,75508,5,,12
update,75495,75514,75517,3,,14
update,75506,75525,75528,3,,15
update,75517,75536,75539,3,,0
update,75528,75547,75550,3,,1
update,75539,75558,75562,4,,2
inbound,75540,75559,75564,5,,3
update,75550,75569,75572,3,,4
update,75561,75580,75583,3,,5
update,75572,75591,75594,3,,6
update,75583,75602,75605,3,,7
update,75594,75613,75616,3,,8
inbound,75595,75614,75618,4,,9
update,75605,75624,75627,3,,10
update,75616,75635,75639,4,,11
update,75627,75646,75648,2,,12
update,75638,75657,75661,4,,13
update,75649,75668,75673,5,,14
inbound,75650,75669,75673,4,,15
update,75660,75679,75682,3,,0
update,75671,75690,75699,9,,1
update,75682,75701,75706,5,,2
update,75693,75712,75717,5,,3
inbound,75705,75725,75729,4,,5
update,75704,75723,75731,8,,4
update,75715,75734,75737,3,,6
update,75726,75745,75749,4,,7
update,75737,75756,75760,4,,8
update,75748,75767,75770,3,,9
inbound,75760,75779,75782,3,,11
update,75759,75778,75782,4,,10
update,75770,75789,75792,3,,12
update,75781,75800,75803,3,,13
update,75792,75811,75814,3,,14
update,75803,75822,75824,2,,15
inbound,75815,75833,75836,3,,1
update,75814,75833,75837,4,,0
update,75825,75844,75846,2,,2
update,75836,75855,75858,3,,3
update,75847,75866,75868,2,,4
update,75858,75877,75880,3,,5
update,75869,75888,75891,3,,6
update,75880,75899,75902,3,,7
update,75891,75910,75912,2,,8
update,75902,75921,75924,3,,9
update,75913,75932,75935,3,,10
update,75924,75943,75946,3,,11
update,76000,76018,76024,6,,12
inbound,76000,76019,76024,5,,13
update,76011,76030,76034,4,,14
update,76022,76041,76045,4,,15
inbound,76025,76044,76047,3,,0
update,76033,76052,76055,3,,1
update,76044,76063,76065,2,,2
update,76055,76074,76077,3,,3
update,76066,76085,76088,3,,4
update,76077,76096,76103,7,,5
update,76088,76107,76112,5,,6
inbound,76100,76119,76124,5,,8
update,76099,76118,76124,6,,7
update,76110,76129,76133,4,,9
update,76121,76140,76143,3,,10
update,76132,76151,76154,3,,11
update,76143,76162,76165,3,,12
update,76154,76173,76176,3,,13
inbound,76155,76173,76177,4,,14
update,76165,76184,76187,3,,15
update,76176,76195,76198,3,,0
update,76187,76206,76208,2,,1
update,76198,76216,76219,3,,2
inbound,76200,76219,76222,3,,3
update,76209,76228,76231,3,,4
inbound,76210,76229,76232,3,,5
update,76220,76239,76242,3,,6
inbound,76225,76244,76246,2,,7
update,76231,76250,76253,3,,8
update,76242,76261,76265,4,,9
update,76253,76272,76274,2,,10
update,76264,76282,76284,2,,11
inbound,76265,76285,76287,2,,12
update,76275,76294,76297,3,,13
update,76286,76305,76307,2,,14
update,76297,76316,76319,3,,15
update,76308,76327,76331,4,,0
update,76319,76338,76341,3,,1
inbound,76320,76339,76344,5,,2
update,76330,76349,76352,3,,3
update,76341,76360,76363,3,,4
update,76352,76372,76377,5,,5
update,76363,76382,76385,3,,6
update,76374,76393,76396,3,,7
inbound,76375,76394,76397,3,,8
update,76385,76404,76407,3,,9
update,76396,76415,76418,3,,10
inbound,76400,76418,76421,3,,11
update,76407,76426,76429,3,,12
update,76418,76437,76439,2,,13
inbound,76425,76444,76447,3,,14
update,76429,76448,76452,4,,15
inbound,76430,76448,76452,4,,0
update,76440,76459,76461,2,,1
update,76451,76470,76475,5,,2
update,76462,76481,76485,4,,3
update,76473,76492,76495,3,,4
update,76484,76503,76506,3,,5
inbound,76485,76504,76508,4,,6
update,76495,76514,76517,3,,7
update,76506,76525,76527,2,,8
update,76517,76536,76539,3,,9
update,76528,76547,76550,3,,10
inbound,76540,76558,76562,4,,12
update,76539,76558,76562,4,,11
update,76550,76569,76572,3,,13
update,76561,76580,76583,3,,14
update,76572,76591,76594,3,,15
update,76583,76602,76605,3,,0
update,76594,76613,76616,3,,1
inbound,76595,76614,76616,2,,2
update,76605,76624,76627,3,,3
update,76616,76635,76638,3,,4
update,76627,76646,76648,2,,5
update,76638,76657,76659,2,,6
update,76649,76668,76672,4,,7
inbound,76650,76669,76672,3,,8
update,76660,76679,76682,3,,9
update,76671,76690,76692,2,,10
update,76682,76700,76703,3,,11
update,76693,76712,76715,3,,12
update,76704,76723,76726,3,,13
inbound,76705,76724,76727,3,,14
update,76715,76734,76737,3,,15
update,76726,76745,76749,4,,0
update,76737,76756,76760,4,,1
update,76748,76767,76769,2,,2
update,76759,76778,76784,6,,3
inbound,76760,76779,76784,5,,4
update,76770,76790,76793,3,,5
update,76781,76800,76803,3,,6
update,76792,76811,76814,3,,7
update,76803,76822,76826,4,,8
update,76814,76833,76836,3,,9
inbound,76815,76834,76837,3,,10
update,76825,76844,76846,2,,11
update,76836,76855,76858,3,,12
update,76847,76866,76869,3,,13
update,76858,76877,76880,3,,14
update,76869,76888,76891,3,,15
update,76880,76899,76902,3,,0
update,76891,76910,76912,2,,1
update,76902,76921,76924,3,,2
update,76913,76932,76935,3,,3
update,76924,76943,76945,2,,4
update,77000,77019,77021,2,,5
inbound,77000,77019,77022,3,,6
update,77011,77030,77033,3,,7
update,77022,77041,77043,2,,8
inbound,77025,77043,77046,3,,9
update,77033,77052,77055,3,,10
update,77044,77063,77066,3,,11
update,77055,77074,77076,2,,12
update,77066,77085,77088,3,,13
update,77077,77096,77098,2,,14
update,77088,77107,77109,2,,15
inbound,77100,77118,77121,3,,1
update,77099,77118,77121,3,,0
update,77110,77129,77131,2,,2
update,77121,77140,77143,3,,3
update,77132,77151,77153,2,,4
update,77143,77162,77165,3,,5
update,77154,77173,77176,3,,6
inbound,77155,77174,77177,3,,7
update,77165,77183,77186,3,,8
update,77176,77195,77198,3,,9
update,77187,77206,77209,3,,10
update,77198,77217,77220,3,,11
inbound,77200,77219,77222,3,,12
update,77209,77228,77231,3,,13
inbound,77210,77228,77231,3,,14
update,77220,77239,77242,3,,15
inbound,77225,77244,77246,2,,0
update,77231,77250,77254,4,,1
update,77242,77261,77265,4,,2
update,77253,77272,77275,3,,3
update,77264,77283,77288,5,,4
inbound,77265,77284,77288,4,,5
update,77275,77294,77297,3,,6
update,77286,77305,77307,2,,7
update,77297,77316,77319,3,,8
update,77308,77327,77330,3,,9
inbound,77320,77338,77341,3,,11
update,77319,77338,77342,4,,10
update,77330,77349,77351,2,,12
update,77341,77360,77362,2,,13
update,77352,77371,77374,3,,14
update,77363,77382,77385,3,,15
update,77374,77393,77395,2,,0
inbound,77375,77394,77397,3,,1
update,77385,77404,77406,2,,2
update,77396,77415,77418,3,,3
inbound,77400,77419,77422,3,,4
update,77407,77426,77428,2,,5
update,77418,77437,77439,2,,6
inbound,77425,77444,77446,2,,7
update,77429,77448,77451,3,,8
inbound,77430,77448,77451,3,,9
update,77440,77459,77461,2,,10
update,77451,77470,77473,3,,11
update,77462,77481,77485,4,,12
update,77473,77492,77495,3,,13
inbound,77485,77503,77506,3,,15
update,77484,77503,77506,3,,14
update,77495,77514,77517,3,,0
update,77506,77525,77527,2,,1
update,77517,77536,77539,3,,2
update,77528,77547,77550,3,,3
update,77539,77558,77561,3,,4
inbound,77540,77558,77561,3,,5
update,77550,77569,77571,2,,6
update,77561,77580,77584,4,,7
update,77572,77591,77594,3,,8
update,77583,77602,77606,4,,9
update,77594,77613,77618,5,,10
inbound,77595,77614,77619,5,,11
update,77605,77624,77626,2,,12
update,77616,77635,77637,2,,13
update,77627,77647,77649,2,,14
update,77638,77657,77661,4,,15
update,77649,77668,77671,3,,0
inbound,77650,77668,77671,3,,1
update,77660,77679,77682,3,,2
update,77671,77690,77692,2,,3
update,77682,77701,77704,3,,4
update,77693,77712,77715,3,,5
update,77704,77723,77726,3,,6
inbound,77705,77723,77726,3,,7
update,77715,77734,77737,3,,8
update,77726,77745,77747,2,,9
update,77737,77756,77759,3,,10
update,77748,77767,77770,3,,11
update,77759,77778,77781,3,,12
inbound,77760,77778,77781,3,,13
update,77770,77789,77792,3,,14
update,77781,77800,77802,2,,15
update,77792,77812,77814,2,,0
update,77803,77822,77824,2,,1
inbound,77815,77834,77837,3,,3
update,77814,77834,77837,3,,2
update,77825,77844,77847,3,,4
update,77836,77855,77858,3,,5
update,77847,77866,77868,2,,6
update,77858,77877,77880,3,,7
update,77869,77888,77890,2,,8
update,77880,77899,77902,3,,9
update,77891,77910,77913,3,,10
update,77902,77921,77924,3,,11
update,77913,77932,77934,2,,12
update,77924,77943,77946,3,,13
inbound,78000,78019,78022,3,,15
update,78000,78019,78025,6,,14
update,78011,78030,78034,4,,0
update,78022,78041,78044,3,,1
inbound,78025,78044,78049,5,,2
update,78033,78052,78056,4,,3
update,78044,78063,78068,5,,4
update,78055,78074,78079,5,,5
update,78066,78085,78088,3,,6
update,78077,78096,78099,3,,7
update,78088,78107,78110,3,,8
update,78099,78118,78121,3,,9
inbound,78100,78119,78122,3,,10
update,78110,78129,78132,3,,11
update,78121,78140,78142,2,,12
update,78132,78151,78154,3,,13
update,78143,78162,78164,2,,14
update,78154,78173,78176,3,,15
inbound,78155,78174,78178,4,,0
update,78165,78184,78187,3,,1
update,78176,78195,78198,3,,2
update,78187,78206,78209,3,,3
update,78198,78217,78221,4,,4
inbound,78200,78219,78222,3,,5
update,78209,78228,78230,2,,6
inbound,78210,78229,78232,3,,7
update,78220,78239,78241,2,,8
inbound,78225,78244,78246,2,,9
update,78231,78250,78253,3,,10
update,78242,78261,78264,3,,11
update,78253,78272,78275,3,,12
update,78264,78283,78288,5,,13
inbound,78265,78284,78288,4,,14
update,78275,78294,78297,3,,15
update,78286,78305,78307,2,,0
update,78297,78316,78319,3,,1
update,78308,78327,78330,3,,2
update,78319,78338,78341,3,,3
inbound,78320,78339,78343,4,,4
update,78330,78349,78352,3,,5
update,78341,78360,78363,3,,6
update,78352,78371,78373,2,,7
update,78363,78382,78386,4,,8
update,78374,78393,78397,4,,9
inbound,78375,78393,78397,4,,10
update,78385,78404,78407,3,,11
update,78396,78415,78418,3,,12
inbound,78400,78419,78423,4,,13
update,78407,78426,78428,2,,14
update,78418,78437,78440,3,,15
inbound,78425,78444,78447,3,,0
update,78429,78448,78451,3,,1
inbound,78430,78449,78454,5,,2
update,78440,78459,78462,3,,3
update,78451,78470,78473,3,,4
update,78462,78481,78485,4,,5
update,78473,78492,78496,4,,6
update,78484,78503,78505,2,,7
inbound,78485,78504,78507,3,,8
update,78495,78514,78516,2,,9
update,78506,78525,78527,2,,10
update,78517,78536,78539,3,,11
update,78528,78547,78550,3,,12
update,78539,78558,78562,4,,13
inbound,78540,78559,78563,4,,14
update,78550,78569,78572,3,,15
update,78561,78580,78583,3,,0
update,78572,78591,78594,3,,1
update,78583,78602,78604,2,,2
update,78594,78613,78617,4,,3
inbound,78595,78613,78617,4,,4
update,78605,78624,78627,3,,5
update,78616,78635,78638,3,,6
update,78627,78646,78649,3,,7
update,78638,78657,78660,3,,8
update,78649,78668,78671,3,,9
inbound,78650,78669,78673,4,,10
update,78660,78679,78683,4,,11
update,78671,78690,78692,2,,12
update,78682,78701,78705,4,,13
update,78693,78712,78715,3,,14
update,78704,78723,78727,4,,15
inbound,78705,78724,78728,4,,0
update,78715,78734,78737,3,,1
update,78726,78745,78748,3,,2
update,78737,78756,78758,2,,3
update,78748,78767,78770,3,,4
inbound,78760,78778,78780,2,,6
update,78759,78778,78781,3,,5
update,78770,78789,78792,3,,7
update,78781,78800,78803,3,,8
update,78792,78811,78813,2,,9
update,78803,78822,78825,3,,10
update,78814,78833,78836,3,,11
inbound,78815,78834,78837,3,,12
update,78825,78844,78846,2,,13
update,78836,78855,78859,4,,14
update,78847,78866,78869,3,,15
update,78858,78877,78880,3,,0
update,78869,78888,78891,3,,1
update,78880,78899,78901,2,,2
update,78891,78910,78913,3,,3
update,78902,78921,78924,3,,4
update,78913,78932,78936,4,,5
update,78924,78943,78945,2,,6
inbound,79000,79019,79022,3,,8
update,79000,79019,79023,4,,7
update,79011,79030,79033,3,,9
update,79022,79041,79044,3,,10
inbound,79025,79044,79046,2,,11
update,79033,79052,79055,3,,12
update,79044,79063,79065,2,,13
update,79055,79074,79077,3,,14
update,79066,79085,79087,2,,15
update,79077,79096,79098,2,,0
update,79088,79107,79110,3,,1
update,79099,79118,79121,3,,2
inbound,79100,79119,79123,4,,3
update,79110,79129,79132,3,,4
update,79121,79140,79143,3,,5
update,79132,79151,79154,3,,6
update,79143,79162,79164,2,,7
update,79154,79173,79176,3,,8
inbound,79155,79174,79178,4,,9
update,79165,79184,79188,4,,10
update,79176,79195,79197,2,,11
update,79187,79206,79209,3,,12
update,79198,79217,79220,3,,13
inbound,79200,79219,79222,3,,14
update,79209,79228,79231,3,,15
inbound,79210,79229,79233,4,,0
update,79220,79239,79242,3,,1
inbound,79225,79244,79246,2,,2
update,79231,79250,79253,3,,3
update,79242,79261,79264,3,,4
update,79253,79272,79275,3,,5
update,79264,79283,79286,3,,6
inbound,79265,79284,79288,4,,7
update,79275,79294,79296,2,,8
update,79286,79305,79308,3,,9
update,79297,79316,79319,3,,10
update,79308,79327,79330,3,,11
update,79319,79338,79341,3,,12
inbound,79320,79339,79342,3,,13
update,79330,79349,79352,3,,14
update,79341,79360,79362,2,,15
update,79352,79371,79375,4,,0
update,79363,79382,79387,5,,1
update,79374,79394,79397,3,,2
inbound,79375,79394,79397,3,,3
update,79385,79404,79407,3,,4
update,79396,79415,79417,2,,5
inbound,79400,79419,79421,2,,6
update,79407,79426,79428,2,,7
update,79418,79437,79439,2,,8
inbound,79425,79444,79446,2,,9
inbound,79430,79449,79451,2,,11
update,79429,79448,79452,4,,10
update,79440,79460,79462,2,,12
update,79451,79470,79473,3,,13
update,79462,79481,79484,3,,14
update,79473,79492,79496,4,,15
update,79484,79503,79506,3,,0
inbound,79485,79504,79507,3,,1
update,79495,79514,79517,3,,2
update,79506,79525,79527,2,,3
update,79517,79536,79538,2,,4
update,79528,79547,79550,3,,5
update,79539,79558,79563,5,,6
inbound,79540,79559,79564,5,,7
update,79550,79569,79572,3,,8
update,79561,79580,79583,3,,9
update,79572,79591,79593,2,,10
update,79583,79602,79605,3,,11
update,79594,79613,79617,4,,12
inbound,79595,79614,79617,3,,13
update,79605,79624,79627,3,,14
update,79616,79635,79637,2,,15
update,79627,79646,79649,3,,0
update,79638,79657,79660,3,,1
update,79649,79668,79671,3,,2
inbound,79650,79669,79673,4,,3
update,79660,79679,79682,3,,4
update,79671,79690,79692,2,,5
update,79682,79701,79704,3,,6
update,79693,79712,79715,3,,7
update,79704,79722,79727,5,,8
inbound,79705,79724,79729,5,,9
update,79715,79733,79736,3,,10
update,79726,79745,79747,2,,11
update,79737,79756,79760,4,,12
update,79748,79767,79770,3,,13
update,79759,79778,79781,3,,14
inbound,79760,79779,79781,2,,15
update,79770,79789,79791,2,,0
update,79781,79800,79803,3,,1
update,79792,79811,79814,3,,2
update,79803,79822,79825,3,,3
update,79814,79833,79836,3,,4
inbound,79815,79834,79837,3,,5
update,79825,79844,79846,2,,6
update,79836,79855,79858,3,,7
update,79847,79866,79868,2,,8
update,79858,79877,79880,3,,9
update,79869,79888,79891,3,,10
update,79880,79899,79902,3,,11
update,79891,79910,79913,3,,12
update,79902,79921,79923,2,,13
update,79913,79932,79935,3,,14
update,79924,79943,79946,3,,15
update,80000,80019,80022,3,,0
inbound,80000,80020,80023,3,,1
update,80011,80030,80033,3,,2
update,80022,80041,80043,2,,3
inbound,80025,80045,80048,3,,4
update,80033,80052,80054,2,,5
update,80044,80063,80066,3,,6
update,80055,80074,80077,3,,7
update,80066,80085,80087,2,,8
update,80077,80096,80099,3,,9
update,80088,80107,80110,3,,10
update,80099,80118,80121,3,,11
inbound,80100,80120,80122,2,,12
update,80110,80129,80132,3,,13
update,80121,80140,80142,2,,14
update,80132,80151,80153,2,,15
update,80143,80162,80164,2,,0
update,80154,80173,80176,3,,1
inbound,80155,80175,80178,3,,2
update,80165,80184,80186,2,,3
update,80176,80195,80198,3,,4
update,80187,80206,80209,3,,5
update,80198,80217,80219,2,,6
inbound,80200,80220,80223,3,,7
update,80209,80228,80230,2,,8
inbound,80210,80230,80233,3,,9
update,80220,80239,80241,2,,10
inbound,80225,80245,80247,2,,11
update,80231,80250,80253,3,,12
update,80242,80261,80263,2,,13
update,80253,80272,80275,3,,14
update,80264,80282,80285,3,,15
inbound,80265,80285,80287,2,,0
update,80275,80294,80296,2,,1
update,80286,80305,80308,3,,2
update,80297,80316,80318,2,,3
update,80308,80327,80329,2,,4
update,80319,80338,80340,2,,5
inbound,80320,80340,80343,3,,6
update,80330,80349,80351,2,,7
update,80341,80360,80362,2,,8
update,80352,80371,80374,3,,9
update,80363,80382,80385,3,,10
update,80374,80393,80396,3,,11
inbound,80375,80395,80398,3,,12
update,80385,80404,80406,2,,13
update,80396,80415,80418,3,,14
inbound,80400,80420,80422,2,,15
update,80407,80426,80428,2,,0
update,80418,80437,80439,2,,1
inbound,80425,80445,80448,3,,2
update,80429,80447,80450,3,,3
inbound,80430,80450,80452,2,,4
update,80440,80459,80461,2,,5
update,80451,80470,80474,4,,6
update,80462,80481,80484,3,,7
update,80473,80492,80497,5,,8
inbound,80485,80505,80509,4,,10
update,80484,80503,80510,7,,9
update,80495,80514,80517,3,,11
update,80506,80525,80528,3,,12
update,80517,80536,80541,5,,13
update,80528,80547,80550,3,,14
update,80539,80559,80564,5,,15
inbound,80540,80560,80566,6,,0
update,80550,80569,80572,3,,1
update,80561,80580,80584,4,,2
update,80572,80591,80594,3,,3
update,80583,80602,80605,3,,4
update,80594,80613,80617,4,,5
inbound,80595,80615,80618,3,,6
update,80605,80624,80627,3,,7
update,80616,80635,80637,2,,8
update,80627,80646,80648,2,,9
update,80638,80657,80661,4,,10
update,80649,80668,80671,3,,11
inbound,80650,80670,80673,3,,12
update,80660,80679,80682,3,,13
update,80671,80690,80693,3,,14
update,80682,80701,80704,3,,15
update,80693,80712,80715,3,,0
update,80704,80723,80726,3,,1
inbound,80705,80725,80728,3,,2
update,80715,80734,80736,2,,3
update,80726,80745,80747,2,,4
update,80737,80756,80758,2,,5
update,80748,80767,80769,2,,6
inbound,80760,80780,80782,2,,8
update,80759,80778,80782,4,,7
update,80770,80789,80792,3,,9
update,80781,80800,80803,3,,10
update,80792,80811,80814,3,,11
update,80803,80822,80825,3,,12
update,80814,80834,80837,3,,13
inbound,80815,80835,80838,3,,14
update,80825,80845,80848,3,,15
update,80836,80856,80859,3,,0
update,80847,80867,80869,2,,1
update,80858,80878,80881,3,,2
update,80869,80889,80892,3,,3
update,80880,80900,80902,2,,4
update,80891,80911,80914,3,,5
update,80902,80922,80925,3,,6
update,80913,80933,80935,2,,7
update,80924,80944,80947,3,,8
update,81000,81020,81024,4,,9
inbound,81000,81020,81024,4,,10
update,81011,81031,81034,3,,11
update,81022,81042,81045,3,,12
inbound,81025,81045,81047,2,,13
update,81033,81053,81056,3,,14
update,81044,81064,81066,2,,15
update,81055,81075,81078,3,,0
update,81066,81086,81090,4,,1
update,81077,81097,81100,3,,2
update,81088,81108,81111,3,,3
update,81099,81119,81122,3,,4
inbound,81100,81120,81125,5,,5
update,81110,81131,81134,3,,6
update,81121,81141,81144,3,,7
update,81132,81152,81154,2,,8
update,81143,81163,81167,4,,9
update,81154,81174,81178,4,,10
inbound,81155,81174,81178,4,,11
update,81165,81185,81188,3,,12
update,81176,81196,81199,3,,13
update,81187,81207,81210,3,,14
update,81198,81218,81220,2,,15
inbound,81200,81220,81223,3,,0
update,81209,81229,81232,3,,1
inbound,81210,81230,81234,4,,2
update,81220,81240,81242,2,,3
inbound,81225,81244,81248,4,,4
update,81231,81251,81253,2,,5
update,81242,81262,81265,3,,6
update,81253,81273,81277,4,,7
update,81264,81284,81290,6,,8
inbound,81265,81287,81291,4,,9
update,81275,81295,81302,7,,10
update,81286,81306,81310,4,,11
update,81297,81317,81322,5,,12
update,81308,81328,81334,6,,13
update,81319,81338,81342,4,,14
inbound,81320,81340,81345,5,,15
update,81330,81350,81356,6,,0
update,81341,81361,81365,4,,1
update,81352,81373,81377,4,,2
update,81363,81383,81389,6,,3
update,81374,81394,81399,5,,4
inbound,81375,81396,81402,6,,5
update,81385,81405,81411,6,,6
update,81396,81416,81420,4,,7
inbound,81400,81420,81423,3,,8
update,81407,81427,81430,3,,9
update,81418,81438,81441,3,,10
inbound,81425,81445,81448,3,,11
update,81429,81449,81452,3,,12
inbound,81430,81450,81453,3,,13
update,81440,81460,81462,2,,14
update,81451,81471,81473,2,,15
update,81462,81482,81485,3,,0
update,81473,81493,81499,6,,1
update,81484,81504,81508,4,,2
inbound,81485,81505,81510,5,,3
update,81495,81515,81518,3,,4
update,81506,81526,81529,3,,5
update,81517,81537,81540,3,,6
update,81528,81548,81551,3,,7
update,81539,81559,81562,3,,8
inbound,81540,81560,81563,3,,9
update,81550,81570,81573,3,,10
update,81561,81581,81584,3,,11
update,81572,81592,81595,3,,12
update,81583,81603,81606,3,,13
update,81594,81614,81617,3,,14
inbound,81595,81615,81620,5,,15
update,81605,81626,81629,3,,0
update,81616,81636,81638,2,,1
update,81627,81647,81650,3,,2
update,81638,81658,81661,3,,3
update,81649,81669,81673,4,,4
inbound,81650,81670,81674,4,,5
update,81660,81680,81683,3,,6
update,81671,81691,81694,3,,7
update,81682,81702,81705,3,,8
update,81693,81713,81716,3,,9
update,81704,81724,81728,4,,10
inbound,81705,81725,81728,3,,11
update,81715,81735,81738,3,,12
update,81726,81746,81749,3,,13
update,81737,81757,81760,3,,14
update,81748,81768,81771,3,,15
update,81759,81779,81782,3,,0
inbound,81760,81780,81783,3,,1
update,81770,81790,81793,3,,2
update,81781,81801,81804,3,,3
update,81792,81812,81815,3,,4
update,81803,81823,81825,2,,5
inbound,81815,81835,81837,2,,7
update,81814,81835,81838,3,,6
update,81825,81845,81847,2,,8
update,81836,81856,81859,3,,9
update,81847,81867,81870,3,,10
update,81858,81878,81880,2,,11
update,81869,81889,81891,2,,12
update,81880,81900,81903,3,,13
update,81891,81911,81914,3,,14
update,81902,81922,81924,2,,15
update,81913,81933,81936,3,,0
update,81924,81944,81947,3,,1
inbound,82000,82020,82023,3,,3
update,82000,82020,82024,4,,2
update,82011,82031,82033,2,,4
update,82022,82042,82045,3,,5
inbound,82025,82045,82048,3,,6
update,82033,82053,82055,2,,7
update,82044,82064,82067,3,,8
update,82055,82075,82078,3,,9
update,82066,82086,82089,3,,10
update,82077,82097,82099,2,,11
update,82088,82108,82111,3,,12
update,82099,82119,82122,3,,13
inbound,82100,82120,82123,3,,14
update,82110,82130,82132,2,,15
update,82121,82141,82144,3,,0
update,82132,82152,82155,3,,1
update,82143,82163,82166,3,,2
update,82154,82174,82177,3,,3
inbound,82155,82175,82179,4,,4
update,82165,82185,82188,3,,5
update,82176,82196,82198,2,,6
update,82187,82207,82210,3,,7
update,82198,82218,82222,4,,8
inbound,82200,82220,82224,4,,9
update,82209,82229,82233,4,,10
inbound,82210,82230,82234,4,,11
update,82220,82240,82243,3,,12
inbound,82225,82245,82248,3,,13
update,82231,82251,82254,3,,14
update,82242,82262,82266,4,,15
update,82253,82273,82275,2,,0
update,82264,82284,82288,4,,1
inbound,82265,82285,82288,3,,2
update,82275,82295,82298,3,,3
update,82286,82306,82311,5,,4
update,82297,82317,82320,3,,5
update,82308,82328,82331,3,,6
update,82319,82339,82343,4,,7
inbound,82320,82340,82344,4,,8
update,82330,82350,82353,3,,9
update,82341,82361,82363,2,,10
update,82352,82372,82375,3,,11
update,82363,82383,82386,3,,12
inbound,82375,82395,82399,4,,14
update,82374,82394,82399,5,,13
update,82385,82405,82408,3,,15
update,82396,82416,82419,3,,0
inbound,82400,82420,82423,3,,1
update,82407,82427,82430,3,,2
update,82418,82438,82442,4,,3
inbound,82425,82445,82449,4,,4
update,82429,82449,82452,3,,5
inbound,82430,82450,82453,3,,6
update,82440,82460,82463,3,,7
update,82451,82471,82474,3,,8
update,82462,82482,82485,3,,9
update,82473,82493,82496,3,,10
update,82484,82504,82511,7,,11
inbound,82485,82505,82512,7,,12
update,82495,82515,82518,3,,13
update,82506,82526,82529,3,,14
update,82517,82537,82539,2,,15
update,82528,82548,82551,3,,0
update,82539,82559,82562,3,,1
inbound,82540,82560,82564,4,,2
update,82550,82570,82572,2,,3
update,82561,82581,82584,3,,4
update,82572,82592,82594,2,,5
update,82583,82603,82606,3,,6
update,82594,82614,82617,3,,7
inbound,82595,82615,82619,4,,8
update,82605,82625,82629,4,,9
update,82616,82636,82639,3,,10
update,82627,82647,82650,3,,11
update,82638,82658,82661,3,,12
update,82649,82669,82673,4,,13
inbound,82650,82670,82674,4,,14
update,82660,82680,82683,3,,15
update,82671,82691,82694,3,,0
update,82682,82702,82705,3,,1
update,82693,82713,82715,2,,2
update,82704,82724,82727,3,,3
inbound,82705,82725,82729,4,,4
update,82715,82735,82738,3,,5
update,82726,82746,82749,3,,6
update,82737,82757,82759,2,,7
update,82748,82767,82770,3,,8
update,82759,82779,82782,3,,9
inbound,82760,82780,82783,3,,10
update,82770,82790,82793,3,,11
update,82781,82801,82804,3,,12
update,82792,82812,82815,3,,13
update,82803,82823,82825,2,,14
update,82814,82834,82837,3,,15
inbound,82815,82835,82838,3,,0
update,82825,82845,82848,3,,1
update,82836,82856,82858,2,,2
update,82847,82867,82870,3,,3
update,82858,82877,82880,3,,4
update,82869,82889,82892,3,,5
update,82880,82900,82903,3,,6
update,82891,82911,82914,3,,7
update,82902,82922,82924,2,,8
update,82913,82933,82936,3,,9
update,82924,82944,82946,2,,10
inbound,83000,83020,83024,4,,12
update,83000,83020,83024,4,,11
update,83011,83031,83034,3,,13
update,83022,83042,83045,3,,14
inbound,83025,83045,83047,2,,15
update,83033,83053,83056,3,,0
update,83044,83064,83067,3,,1
update,83055,83075,83079,4,,2
update,83066,83086,83089,3,,3
update,83077,83097,83100,3,,4
update,83088,83108,83113,5,,5
update,83099,83119,83123,4,,6
inbound,83100,83120,83124,4,,7
update,83110,83130,83133,3,,8
update,83121,83141,83144,3,,9
update,83132,83152,83154,2,,10
update,83143,83163,83166,3,,11
update,83154,83174,83178,4,,12
inbound,83155,83175,83178,3,,13
update,83165,83185,83187,2,,14
update,83176,83196,83199,3,,15
update,83187,83206,83209,3,,0
update,83198,83218,83220,2,,1
inbound,83200,83220,83223,3,,2
update,83209,83229,83232,3,,3
inbound,83210,83230,83233,3,,4
update,83220,83240,83243,3,,5
inbound,83225,83245,83248,3,,6
update,83231,83251,83253,2,,7
update,83242,83262,83265,3,,8
update,83253,83273,83276,3,,9
update,83264,83284,83287,3,,10
inbound,83265,83285,83288,3,,11
update,83275,83294,83297,3,,12
update,83286,83306,83309,3,,13
update,83297,83317,83319,2,,14
update,83308,83328,83330,2,,15
update,83319,83339,83344,5,,0
inbound,83320,83339,83344,5,,1
update,83330,83350,83354,4,,2
update,83341,83361,83363,2,,3
update,83352,83372,83375,3,,4
update,83363,83383,83386,3,,5
update,83374,83394,83397,3,,6
inbound,83375,83395,83398,3,,7
update,83385,83405,83407,2,,8
update,83396,83416,83420,4,,9
inbound,83400,83420,83424,4,,10
update,83407,83427,83429,2,,11
update,83418,83438,83440,2,,12
inbound,83425,83445,83448,3,,13
update,83429,83449,83452,3,,14
inbound,83430,83449,83452,3,,15
update,83440,83460,83463,3,,0
update,83451,83471,83475,4,,1
update,83462,83482,83486,4,,2
update,83473,83493,83495,2,,3
inbound,83485,83504,83513,9,,5
update,83484,83504,83517,13,,4
update,83495,83515,83521,6,,6
update,83506,83526,83529,3,,7
update,83517,83537,83540,3,,8
update,83528,83548,83551,3,,9
update,83539,83559,83563,4,,10
inbound,83540,83560,83564,4,,11
update,83550,83570,83573,3,,12
update,83561,83581,83584,3,,13
update,83572,83592,83595,3,,14
update,83583,83603,83606,3,,15
inbound,83595,83615,83617,2,,1
update,83594,83614,83618,4,,0
update,83605,83625,83628,3,,2
update,83616,83636,83639,3,,3
update,83627,83647,83650,3,,4
update,83638,83658,83660,2,,5
update,83649,83669,83673,4,,6
inbound,83650,83670,83674,4,,7
update,83660,83680,83683,3,,8
update,83671,83691,83693,2,,9
update,83682,83702,83705,3,,10
update,83693,83713,83716,3,,11
inbound,83705,83724,83726,2,,13
update,83704,83724,83727,3,,12
update,83715,83735,83738,3,,14
update,83726,83746,83749,3,,15
update,83737,83757,83760,3,,0
update,83748,83768,83771,3,,1
update,83759,83779,83783,4,,2
inbound,83760,83780,83783,3,,3
update,83770,83790,83792,2,,4
update,83781,83801,83804,3,,5
update,83792,83812,83815,3,,6
update,83803,83823,83826,3,,7
update,83814,83834,83837,3,,8
inbound,83815,83835,83837,2,,9
update,83825,83845,83849,4,,10
update,83836,83856,83858,2,,11
update,83847,83867,83869,2,,12
update,83858,83878,83881,3,,13
update,83869,83889,83891,2,,14
update,83880,83900,83903,3,,15
update,83891,83911,83914,3,,0
update,83902,83922,83924,2,,1
update,83913,83933,83935,2,,2
update,83924,83944,83946,2,,3
inbound,84000,84020,84023,3,,5
update,84000,84020,84023,3,,4
update,84011,84031,84033,2,,6
update,84022,84042,84044,2,,7
inbound,84025,84045,84047,2,,8
update,84033,84053,84056,3,,9
update,84044,84064,84067,3,,10
update,84055,84075,84077,2,,11
update,84066,84086,84089,3,,12
update,84077,84097,84100,3,,13
update,84088,84108,84110,2,,14
update,84099,84119,84122,3,,15
inbound,84100,84120,84122,2,,0
update,84110,84130,84132,2,,1
update,84121,84141,84144,3,,2
update,84132,84152,84155,3,,3
update,84143,84163,84165,2,,4
update,84154,84174,84178,4,,5
inbound,84155,84174,84178,4,,6
update,84165,84185,84187,2,,7
update,84176,84196,84198,2,,8
update,84187,84207,84210,3,,9
update,84198,84218,84221,3,,10
inbound,84200,84220,84223,3,,11
inbound,84210,84229,84232,3,,13
update,84209,84229,84232,3,,12
update,84220,84240,84242,2,,14
inbound,84225,84245,84247,2,,15
update,84231,84251,84254,3,,0
update,84242,84262,84265,3,,1
update,84253,84273,84275,2,,2
update,84264,84284,84288,4,,3
inbound,84265,84285,84288,3,,4
update,84275,84295,84298,3,,5
update,84286,84306,84309,3,,6
update,84297,84317,84321,4,,7
update,84308,84328,84331,3,,8
update,84319,84339,84342,3,,9
inbound,84320,84340,84343,3,,10
update,84330,84350,84353,3,,11
update,84341,84361,84363,2,,12
update,84352,84372,84374,2,,13
update,84363,84383,84385,2,,14
update,84374,84394,84396,2,,15
inbound,84375,84395,84398,3,,0
update,84385,84405,84408,3,,1
update,84396,84416,84419,3,,2
inbound,84400,84420,84423,3,,3
update,84407,84427,84429,2,,4
update,84418,84438,84440,2,,5
inbound,84425,84445,84448,3,,6
inbound,84430,84449,84452,3,,8
update,84429,84449,84452,3,,7
update,84440,84460,84462,2,,9
update,84451,84471,84474,3,,10
update,84462,84482,84485,3,,11
update,84473,84493,84496,3,,12
update,84484,84504,84507,3,,13
inbound,84485,84504,84507,3,,14
update,84495,84515,84521,6,,15
update,84506,84526,84532,6,,0
update,84517,84537,84539,2,,1
update,84528,84548,84552,4,,2
update,84539,84559,84563,4,,3
inbound,84540,84560,84564,4,,4
update,84550,84570,84573,3,,5
update,84561,84581,84583,2,,6
update,84572,84592,84594,2,,7
update,84583,84603,84606,3,,8
inbound,84595,84614,84617,3,,10
update,84594,84614,84617,3,,9
update,84605,84625,84628,3,,11
update,84616,84636,84639,3,,12
update,84627,84647,84650,3,,13
update,84638,84658,84661,3,,14
update,84649,84668,84670,2,,15
inbound,84650,84670,84673,3,,0
update,84660,84680,84683,3,,1
update,84671,84691,84693,2,,2
update,84682,84702,84704,2,,3
update,84693,84713,84716,3,,4
update,84704,84724,84727,3,,5
inbound,84705,84725,84728,3,,6
update,84715,84735,84738,3,,7
update,84726,84746,84748,2,,8
update,84737,84757,84759,2,,9
update,84748,84768,84770,2,,10
update,84759,84779,84781,2,,11
inbound,84760,84780,84782,2,,12
update,84770,84790,84792,2,,13
update,84781,84801,84803,2,,14
update,84792,84812,84815,3,,15
update,84803,84823,84826,3,,0
inbound,84815,84834,84836,2,,2
update,84814,84834,84837,3,,1
update,84825,84845,84848,3,,3
update,84836,84856,84859,3,,4
update,84847,84867,84870,3,,5
update,84858,84878,84880,2,,6
update,84869,84888,84890,2,,7
update,84880,84900,84902,2,,8
update,84891,84911,84914,3,,9
update,84902,84922,84925,3,,10
update,84913,84933,84936,3,,11
update,84924,84944,84947,3,,12
inbound,85000,85020,85024,4,,14
update,85000,85020,85024,4,,13
update,85011,85031,85034,3,,15
update,85022,85042,85047,5,,0
inbound,85025,85045,85048,3,,1
update,85033,85053,85056,3,,2
update,85044,85064,85067,3,,3
update,85055,85075,85078,3,,4
update,85066,85086,85089,3,,5
update,85077,85097,85100,3,,6
update,85088,85108,85110,2,,7
inbound,85100,85119,85123,4,,9
update,85099,85119,85124,5,,8
update,85110,85130,85133,3,,10
update,85121,85141,85144,3,,11
update,85132,85152,85155,3,,12
update,85143,85163,85166,3,,13
inbound,85155,85174,85178,4,,15
update,85154,85174,85178,4,,14
update,85165,85185,85188,3,,0
update,85176,85196,85199,3,,1
update,85187,85207,85210,3,,2
update,85198,85218,85220,2,,3
inbound,85200,85220,85223,3,,4
update,85209,85229,85232,3,,5
inbound,85210,85230,85233,3,,6
update,85220,85239,85243,4,,7
inbound,85225,85245,85248,3,,8
update,85231,85251,85254,3,,9
update,85242,85262,85265,3,,10
update,85253,85273,85276,3,,11
update,85264,85284,85287,3,,12
inbound,85265,85285,85288,3,,13
update,85275,85295,85297,2,,14
update,85286,85306,85308,2,,15
update,85297,85316,85320,4,,0
update,85308,85328,85331,3,,1
update,85319,85339,85343,4,,2
inbound,85320,85339,85344,5,,3
update,85330,85350,85353,3,,4
update,85341,85361,85363,2,,5
update,85352,85372,85375,3,,6
update,85363,85383,85385,2,,7
update,85374,85394,85398,4,,8
inbound,85375,85396,85400,4,,9
update,85385,85405,85408,3,,10
update,85396,85416,85418,2,,11
inbound,85400,85421,85425,4,,12
update,85407,85427,85431,4,,13
update,85418,85438,85442,4,,14
inbound,85425,85445,85448,3,,15
update,85429,85449,85452,3,,0
inbound,85430,85450,85454,4,,1
update,85440,85460,85463,3,,2
update,85451,85471,85474,3,,3
update,85462,85482,85486,4,,4
update,85473,85493,85495,2,,5
update,85484,85504,85507,3,,6
inbound,85485,85505,85509,4,,7
update,85495,85515,85519,4,,8
update,85506,85526,85531,5,,9
update,85517,85537,85540,3,,10
update,85528,85548,85551,3,,11
inbound,85540,85560,85563,3,,13
update,85539,85559,85563,4,,12
update,85550,85570,85573,3,,14
update,85561,85581,85585,4,,15
update,85572,85592,85595,3,,0
update,85583,85603,85606,3,,1
update,85594,85614,85617,3,,2
inbound,85595,85615,85618,3,,3
update,85605,85625,85627,2,,4
update,85616,85636,85639,3,,5
update,85627,85647,85651,4,,6
update,85638,85658,85661,3,,7
update,85649,85669,85673,4,,8
inbound,85650,85670,85674,4,,9
update,85660,85680,85683,3,,10
update,85671,85691,85694,3,,11
update,85682,85702,85706,4,,12
update,85693,85713,85716,3,,13
update,85704,85724,85728,4,,14
inbound,85705,85725,85728,3,,15
update,85715,85735,85739,4,,0
update,85726,85746,85751,5,,1
update,85737,85757,85763,6,,2
update,85748,85768,85776,8,,3
update,85759,85779,85784,5,,4
inbound,85760,85780,85785,5,,5
update,85770,85790,85794,4,,6
update,85781,85801,85805,4,,7
update,85792,85812,85817,5,,8
update,85803,85823,85825,2,,9
inbound,85815,85835,85837,2,,11
update,85814,85834,85837,3,,10
update,85825,85845,85848,3,,12
update,85836,85856,85859,3,,13
update,85847,85867,85870,3,,14
update,85858,85878,85881,3,,15
update,85869,85889,85893,4,,0
update,85880,85900,85904,4,,1
update,85891,85911,85914,3,,2
update,85902,85922,85925,3,,3
update,85913,85933,85936,3,,4
update,85924,85944,85947,3,,5
inbound,86000,86020,86023,3,,7
update,86000,86020,86024,4,,6
update,86011,86031,86034,3,,8
update,86022,86042,86045,3,,9
inbound,86025,86045,86048,3,,10
update,86033,86053,86056,3,,11
update,86044,86064,86067,3,,12
update,86055,86075,86078,3,,13
update,86066,86086,86089,3,,14
update,86077,86097,86100,3,,15
update,86088,86108,86111,3,,0
update,86099,86119,86123,4,,1
inbound,86100,86120,86124,4,,2
update,86110,86130,86133,3,,3
update,86121,86141,86144,3,,4
update,86132,86152,86155,3,,5
update,86143,86164,86167,3,,6
update,86154,86174,86178,4,,7
inbound,86155,86174,86180,6,,8
update,86165,86185,86188,3,,9
update,86176,86196,86200,4,,10
update,86187,86207,86209,2,,11
update,86198,86218,86221,3,,12
inbound,86200,86220,86224,4,,13
update,86209,86229,86232,3,,14
inbound,86210,86230,86233,3,,15
update,86220,86240,86242,2,,0
inbound,86225,86245,86248,3,,1
update,86231,86251,86254,3,,2
update,86242,86262,86264,2,,3
update,86253,86273,86276,3,,4
update,86264,86284,86287,3,,5
inbound,86265,86285,86289,4,,6
update,86275,86295,86298,3,,7
update,86286,86306,86309,3,,8
update,86297,86317,86320,3,,9
update,86308,86328,86331,3,,10
update,86319,86339,86342,3,,11
inbound,86320,86340,86344,4,,12
update,86330,86350,86353,3,,13
update,86341,86361,86364,3,,14
update,86352,86372,86374,2,,15
update,86363,86383,86387,4,,0
update,86374,86394,86398,4,,1
inbound,86375,86395,86400,5,,2
update,86385,86405,86409,4,,3
update,86396,86416,86420,4,,4
inbound,86400,86420,86425,5,,5
update,86407,86427,86431,4,,6
update,86418,86438,86443,5,,7
inbound,86425,86445,86451,6,,8
inbound,86430,86451,86456,5,,10
update,86429,86449,86456,7,,9
update,86440,86460,86463,3,,11
update,86451,86471,86474,3,,12
update,86462,86482,86485,3,,13
update,86473,86493,86496,3,,14
inbound,86485,86504,86508,4,,0
update,86484,86504,86508,4,,15
update,86495,86515,86522,7,,1
update,86506,86526,86529,3,,2
update,86517,86537,86541,4,,3
update,86528,86548,86551,3,,4
update,86539,86559,86562,3,,5
inbound,86540,86560,86563,3,,6
update,86550,86570,86573,3,,7
update,86561,86581,86584,3,,8
update,86572,86591,86595,4,,9
update,86583,86603,86606,3,,10
update,86594,86614,86617,3,,11
inbound,86595,86615,86619,4,,12
update,86605,86625,86629,4,,13
update,86616,86636,86639,3,,14
update,86627,86647,86649,2,,15
update,86638,86658,86661,3,,0
update,86649,86669,86672,3,,1
inbound,86650,86670,86673,3,,2
update,86660,86680,86683,3,,3
update,86671,86691,86694,3,,4
update,86682,86702,86705,3,,5
update,86693,86713,86716,3,,6
update,86704,86724,86727,3,,7
inbound,86705,86725,86728,3,,8
update,86715,86735,86738,3,,9
update,86726,86746,86749,3,,10
update,86737,86757,86760,3,,11
update,86748,86768,86770,2,,12
inbound,86760,86780,86782,2,,14
update,86759,86779,86783,4,,13
update,86770,86790,86794,4,,15
update,86781,86801,86805,4,,0
update,86792,86812,86816,4,,1
update,86803,86823,86829,6,,2
update,86814,86834,86838,4,,3
inbound,86815,86835,86838,3,,4
update,86825,86845,86849,4,,5
update,86836,86856,86859,3,,6
update,86847,86867,86869,2,,7
update,86858,86878,86881,3,,8
update,86869,86889,86892,3,,9
update,86880,86900,86903,3,,10
update,86891,86911,86914,3,,11
update,86902,86922,86925,3,,12
update,86913,86933,86938,5,,13
update,86924,86944,86947,3,,14
update,87000,87020,87024,4,,15
inbound,87000,87020,87024,4,,0
update,87011,87031,87034,3,,1
update,87022,87042,87045,3,,2
inbound,87025,87045,87048,3,,3
update,87033,87053,87057,4,,4
update,87044,87064,87066,2,,5
update,87055,87075,87077,2,,6
update,87066,87086,87089,3,,7
update,87077,87097,87100,3,,8
update,87088,87108,87110,2,,9
update,87099,87119,87123,4,,10
inbound,87100,87120,87124,4,,11
update,87110,87130,87132,2,,12
update,87121,87141,87144,3,,13
update,87132,87152,87155,3,,14
update,87143,87163,87165,2,,15
update,87154,87174,87176,2,,0
inbound,87155,87175,87177,2,,1
update,87165,87185,87188,3,,2
update,87176,87196,87198,2,,3
update,87187,87207,87211,4,,4
update,87198,87218,87221,3,,5
inbound,87200,87220,87223,3,,6
update,87209,87229,87233,4,,7
inbound,87210,87230,87234,4,,8
update,87220,87240,87243,3,,9
inbound,87225,87245,87247,2,,10
update,87231,87251,87253,2,,11
update,87242,87262,87266,4,,12
update,87253,87273,87276,3,,13
update,87264,87284,87288,4,,14
inbound,87265,87285,87289,4,,15
update,87275,87295,87298,3,,0
update,87286,87306,87308,2,,1
update,87297,87317,87322,5,,2
update,87308,87328,87330,2,,3
update,87319,87339,87343,4,,4
inbound,87320,87340,87344,4,,5
update,87330,87350,87353,3,,6
update,87341,87361,87364,3,,7
update,87352,87371,87375,4,,8
update,87363,87383,87386,3,,9
inbound,87375,87395,87397,2,,11
update,87374,87394,87399,5,,10
update,87385,87405,87408,3,,12
update,87396,87416,87419,3,,13
inbound,87400,87420,87423,3,,14
update,87407,87427,87430,3,,15
update,87418,87438,87441,3,,0
inbound,87425,87445,87449,4,,1
update,87429,87449,87452,3,,2
inbound,87430,87450,87454,4,,3
update,87440,87460,87463,3,,4
update,87451,87471,87473,2,,5
update,87462,87482,87485,3,,6
update,87473,87493,87496,3,,7
update,87484,87504,87507,3,,8
inbound,87485,87505,87509,4,,9
update,87495,87515,87518,3,,10
update,87506,87526,87529,3,,11
update,87517,87537,87541,4,,12
update,87528,87548,87551,3,,13
update,87539,87559,87562,3,,14
inbound,87540,87559,87562,3,,15
update,87550,87570,87573,3,,0
update,87561,87581,87584,3,,1
update,87572,87592,87594,2,,2
update,87583,87603,87606,3,,3
update,87594,87614,87618,4,,4
inbound,87595,87615,87619,4,,5
update,87605,87625,87629,4,,6
update,87616,87636,87639,3,,7
update,87627,87647,87651,4,,8
update,87638,87658,87663,5,,9
update,87649,87669,87674,5,,10
inbound,87650,87670,87674,4,,11
update,87660,87680,87682,2,,12
update,87671,87691,87694,3,,13
update,87682,87702,87705,3,,14
update,87693,87713,87716,3,,15
update,87704,87724,87727,3,,0
inbound,87705,87725,87728,3,,1
update,87715,87735,87738,3,,2
update,87726,87746,87750,4,,3
update,87737,87757,87760,3,,4
update,87748,87768,87771,3,,5
update,87759,87779,87783,4,,6
inbound,87760,87780,87783,3,,7
update,87770,87790,87792,2,,8
update,87781,87800,87804,4,,9
update,87792,87812,87815,3,,10
update,87803,87823,87825,2,,11
update,87814,87834,87837,3,,12
inbound,87815,87835,87837,2,,13
update,87825,87845,87847,2,,14
update,87836,87856,87858,2,,15
update,87847,87867,87869,2,,0
update,87858,87878,87881,3,,1
update,87869,87888,87892,4,,2
update,87880,87899,87902,3,,3
update,87891,87911,87914,3,,4
update,87902,87922,87925,3,,5
update,87913,87933,87936,3,,6
update,87924,87944,87948,4,,7
inbound,88000,88020,88024,4,,9
update,88000,88020,88024,4,,8
update,88011,88031,88033,2,,10
update,88022,88042,88046,4,,11
inbound,88025,88045,88047,2,,12
update,88033,88053,88056,3,,13
update,88044,88064,88067,3,,14
update,88055,88075,88078,3,,15
update,88066,88086,88089,3,,0
update,88077,88097,88100,3,,1
update,88088,88108,88111,3,,2
inbound,88100,88120,88123,3,,4
update,88099,88119,88123,4,,3
update,88110,88130,88132,2,,5
update,88121,88141,88144,3,,6
update,88132,88152,88156,4,,7
update,88143,88163,88166,3,,8
update,88154,88174,88178,4,,9
inbound,88155,88175,88179,4,,10
update,88165,88185,88188,3,,11
update,88176,88196,88199,3,,12
update,88187,88207,88210,3,,13
update,88198,88218,88220,2,,14
inbound,88200,88220,88223,3,,15
update,88209,88229,88232,3,,0
inbound,88210,88230,88233,3,,1
update,88220,88240,88243,3,,2
inbound,88225,88245,88247,2,,3
update,88231,88251,88254,3,,4
update,88242,88262,88265,3,,5
update,88253,88273,88275,2,,6
update,88264,88284,88287,3,,7
inbound,88265,88284,88287,3,,8
update,88275,88295,88298,3,,9
update,88286,88306,88309,3,,10
update,88297,88317,88320,3,,11
update,88308,88328,88331,3,,12
update,88319,88339,88342,3,,13
inbound,88320,88339,88343,4,,14
update,88330,88350,88352,2,,15
update,88341,88361,88363,2,,0
update,88352,88372,88375,3,,1
update,88363,88383,88386,3,,2
update,88374,88394,88397,3,,3
inbound,88375,88395,88397,2,,4
update,88385,88405,88407,2,,5
update,88396,88416,88418,2,,6
inbound,88400,88420,88423,3,,7
update,88407,88427,88430,3,,8
update,88418,88438,88442,4,,9
inbound,88425,88445,88447,2,,10
update,88429,88449,88452,3,,11
inbound,88430,88451,88454,3,,12
update,88440,88460,88463,3,,13
update,88451,88471,88473,2,,14
update,88462,88482,88484,2,,15
update,88473,88493,88496,3,,0
update,88484,88504,88506,2,,1
inbound,88485,88504,88507,3,,2
update,88495,88515,88518,3,,3
update,88506,88526,88532,6,,4
update,88517,88537,88541,4,,5
update,88528,88548,88551,3,,6
update,88539,88559,88563,4,,7
inbound,88540,88560,88563,3,,8
update,88550,88570,88573,3,,9
update,88561,88581,88583,2,,10
update,88572,88592,88594,2,,11
update,88583,88603,88606,3,,12
update,88594,88614,88617,3,,13
inbound,88595,88615,88618,3,,14
update,88605,88625,88628,3,,15
update,88616,88636,88639,3,,0
update,88627,88647,88650,3,,1
update,88638,88658,88660,2,,2
inbound,88650,88669,88672,3,,4
update,88649,88669,88673,4,,3
update,88660,88680,88682,2,,5
update,88671,88691,88693,2,,6
update,88682,88701,88704,3,,7
update,88693,88713,88715,2,,8
update,88704,88724,88727,3,,9
inbound,88705,88725,88728,3,,10
update,88715,88735,88737,2,,11
update,88726,88746,88748,2,,12
update,88737,88757,88759,2,,13
update,88748,88768,88771,3,,14
inbound,88760,88780,88782,2,,0
update,88759,88779,88783,4,,15
update,88770,88790,88793,3,,1
update,88781,88801,88803,2,,2
update,88792,88812,88815,3,,3
update,88803,88823,88826,3,,4
inbound,88815,88834,88836,2,,6
update,88814,88834,88837,3,,5
update,88825,88845,88848,3,,7
update,88836,88856,88858,2,,8
update,88847,88867,88869,2,,9
update,88858,88878,88880,2,,10
update,88869,88889,88891,2,,11
update,88880,88900,88902,2,,12
update,88891,88911,88914,3,,13
update,88902,88922,88925,3,,14
update,88913,88933,88936,3,,15
update,88924,88944,88947,3,,0
update,89000,89020,89023,3,,1
inbound,89000,89021,89025,4,,2
update,89011,89031,89034,3,,3
update,89022,89042,89045,3,,4
inbound,89025,89046,89049,3,,5
update,89033,89053,89056,3,,6
update,89044,89064,89067,3,,7
update,89055,89075,89077,2,,8
update,89066,89086,89088,2,,9
update,89077,89097,89100,3,,10
update,89088,89108,89111,3,,11
update,89099,89119,89122,3,,12
inbound,89100,89121,89124,3,,13
update,89110,89130,89133,3,,14
update,89121,89140,89143,3,,15
update,89132,89153,89156,3,,0
update,89143,89164,89167,3,,1
update,89154,89175,89179,4,,2
inbound,89155,89176,89179,3,,3
update,89165,89186,89189,3,,4
update,89176,89196,89199,3,,5
update,89187,89208,89211,3,,6
update,89198,89219,89221,2,,7
inbound,89200,89221,89224,3,,8
update,89209,89230,89233,3,,9
inbound,89210,89231,89235,4,,10
update,89220,89241,89245,4,,11
inbound,89225,89246,89248,2,,12
update,89231,89252,89254,2,,13
update,89242,89263,89266,3,,14
update,89253,89274,89277,3,,15
update,89264,89285,89288,3,,0
inbound,89265,89286,89289,3,,1
update,89275,89296,89299,3,,2
update,89286,89307,89310,3,,3
update,89297,89318,89320,2,,4
update,89308,89329,89332,3,,5
update,89319,89340,89346,6,,6
inbound,89320,89341,89346,5,,7
update,89330,89352,89355,3,,8
update,89341,89362,89366,4,,9
update,89352,89373,89375,2,,10
update,89363,89384,89386,2,,11
inbound,89375,89395,89399,4,,13
update,89374,89395,89399,4,,12
update,89385,89406,89409,3,,14
update,89396,89417,89420,3,,15
inbound,89400,89421,89424,3,,0
update,89407,89428,89431,3,,1
update,89418,89439,89444,5,,2
inbound,89425,89446,89450,4,,3
update,89429,89450,89453,3,,4
inbound,89430,89451,89454,3,,5
update,89440,89461,89463,2,,6
update,89451,89472,89475,3,,7
update,89462,89483,89485,2,,8
update,89473,89494,89497,3,,9
update,89484,89505,89509,4,,10
inbound,89485,89507,89511,4,,11
update,89495,89516,89519,3,,12
update,89506,89527,89529,2,,13
update,89517,89538,89543,5,,14
update,89528,89549,89552,3,,15
update,89539,89560,89563,3,,0
inbound,89540,89561,89564,3,,1
update,89550,89571,89573,2,,2
update,89561,89581,89584,3,,3
update,89572,89593,89596,3,,4
update,89583,89604,89607,3,,5
update,89594,89615,89618,3,,6
inbound,89595,89616,89620,4,,7
update,89605,89626,89629,3,,8
update,89616,89637,89640,3,,9
update,89627,89648,89651,3,,10
update,89638,89659,89662,3,,11
update,89649,89670,89674,4,,12
inbound,89650,89671,89675,4,,13
update,89660,89681,89684,3,,14
update,89671,89692,89695,3,,15
update,89682,89703,89706,3,,0
update,89693,89714,89717,3,,1
update,89704,89725,89729,4,,2
inbound,89705,89726,89730,4,,3
update,89715,89736,89739,3,,4
update,89726,89747,89750,3,,5
update,89737,89758,89762,4,,6
update,89748,89769,89772,3,,7
update,89759,89780,89783,3,,8
inbound,89760,89781,89784,3,,9
update,89770,89791,89794,3,,10
update,89781,89802,89805,3,,11
update,89792,89813,89816,3,,12
update,89803,89824,89826,2,,13
update,89814,89835,89838,3,,14
inbound,89815,89836,89838,2,,15
update,89825,89846,89848,2,,0
update,89836,89857,89860,3,,1
update,89847,89868,89870,2,,2
update,89858,89879,89882,3,,3
update,89869,89890,89893,3,,4
update,89880,89901,89904,3,,5
update,89891,89912,89915,3,,6
update,89902,89923,89926,3,,7
update,89913,89934,89936,2,,8
update,89924,89945,89948,3,,9
update,90000,90021,90024,3,,10
inbound,90000,90021,90024,3,,11
update,90011,90032,90035,3,,12
update,90022,90043,90046,3,,13
inbound,90025,90046,90049,3,,14
update,90033,90054,90057,3,,15
update,90044,90065,90071,6,,0
update,90055,90076,90079,3,,1
update,90066,90087,90089,2,,2
update,90077,90098,90101,3,,3
update,90088,90109,90112,3,,4
update,90099,90120,90124,4,,5
inbound,90100,90121,90125,4,,6
update,90110,90131,90135,4,,7
update,90121,90142,90146,4,,8
update,90132,90153,90156,3,,9
update,90143,90164,90167,3,,10
update,90154,90175,90179,4,,11
inbound,90155,90176,90179,3,,12
update,90165,90186,90189,3,,13
update,90176,90197,90200,3,,14
update,90187,90208,90211,3,,15
update,90198,90219,90222,3,,0
inbound,90200,90221,90225,4,,1
update,90209,90230,90234,4,,2
inbound,90210,90231,90235,4,,3
update,90220,90241,90244,3,,4
inbound,90225,90246,90248,2,,5
update,90231,90252,90257,5,,6
update,90242,90263,90266,3,,7
update,90253,90274,90277,3,,8
update,90264,90285,90289,4,,9
inbound,90265,90286,90290,4,,10
update,90275,90296,90299,3,,11
update,90286,90307,90310,3,,12
update,90297,90318,90321,3,,13
update,90308,90329,90332,3,,14
update,90319,90340,90344,4,,15
inbound,90320,90341,90345,4,,0
update,90330,90351,90354,3,,1
update,90341,90362,90367,5,,2
update,90352,90373,90376,3,,3
update,90363,90384,90387,3,,4
update,90374,90395,90399,4,,5
inbound,90375,90396,90400,4,,6
update,90385,90406,90408,2,,7
update,90396,90417,90420,3,,8
inbound,90400,90421,90424,3,,9
update,90407,90428,90431,3,,10
update,90418,90439,90442,3,,11
inbound,90425,90446,90450,4,,12
update,90429,90450,90454,4,,13
inbound,90430,90451,90455,4,,14
update,90440,90461,90465,4,,15
update,90451,90472,90475,3,,0
update,90462,90483,90486,3,,1
update,90473,90495,90497,2,,2
update,90484,90505,90508,3,,3
inbound,90485,90506,90509,3,,4
update,90495,90516,90519,3,,5
update,90506,90527,90530,3,,6
update,90517,90538,90542,4,,7
update,90528,90549,90552,3,,8
update,90539,90560,90564,4,,9
inbound,90540,90561,90565,4,,10
update,90550,90571,90575,4,,11
update,90561,90582,90586,4,,12
update,90572,90593,90596,3,,13
update,90583,90605,90609,4,,14
update,90594,90615,90620,5,,15
inbound,90595,90616,90620,4,,0
update,90605,90626,90630,4,,1
update,90616,90637,90641,4,,2
update,90627,90648,90651,3,,3
update,90638,90659,90663,4,,4
update,90649,90670,90675,5,,5
inbound,90650,90672,90678,6,,6
update,90660,90681,90686,5,,7
update,90671,90692,90695,3,,8
update,90682,90704,90711,7,,9
update,90693,90714,90719,5,,10
update,90704,90725,90728,3,,11
inbound,90705,90726,90732,6,,12
update,90715,90736,90739,3,,13
update,90726,90747,90750,3,,14
update,90737,90758,90761,3,,15
update,90748,90769,90772,3,,0
update,90759,90780,90783,3,,1
inbound,90760,90781,90784,3,,2
update,90770,90791,90794,3,,3
update,90781,90802,90805,3,,4
update,90792,90813,90815,2,,5
update,90803,90824,90827,3,,6
update,90814,90835,90838,3,,7
inbound,90815,90836,90839,3,,8
update,90825,90846,90849,3,,9
update,90836,90857,90861,4,,10
update,90847,90868,90871,3,,11
update,90858,90879,90883,4,,12
update,90869,90890,90893,3,,13
update,90880,90901,90904,3,,14
update,90891,90912,90915,3,,15
update,90902,90923,90926,3,,0
update,90913,90934,90937,3,,1
update,90924,90944,90948,4,,2
inbound,91000,91021,91024,3,,4
update,91000,91021,91024,3,,3
update,91011,91032,91036,4,,5
update,91022,91043,91046,3,,6
inbound,91025,91046,91049,3,,7
update,91033,91054,91057,3,,8
update,91044,91065,91068,3,,9
update,91055,91076,91079,3,,10
update,91066,91087,91090,3,,11
update,91077,91098,91101,3,,12
update,91088,91109,91112,3,,13
update,91099,91120,91123,3,,14
inbound,91100,91121,91124,3,,15
update,91110,91131,91134,3,,0
update,91121,91142,91145,3,,1
update,91132,91153,91156,3,,2
update,91143,91163,91166,3,,3
update,91154,91175,91179,4,,4
inbound,91155,91176,91180,4,,5
update,91165,91186,91189,3,,6
update,91176,91197,91200,3,,7
update,91187,91208,91210,2,,8
update,91198,91219,91222,3,,9
inbound,91200,91221,91223,2,,10
update,91209,91230,91234,4,,11
inbound,91210,91230,91234,4,,12
update,91220,91241,91244,3,,13
inbound,91225,91246,91249,3,,14
update,91231,91252,91255,3,,15
update,91242,91263,91266,3,,0
update,91253,91274,91277,3,,1
update,91264,91285,91288,3,,2
inbound,91265,91286,91289,3,,3
update,91275,91296,91299,3,,4
update,91286,91307,91310,3,,5
update,91297,91318,91321,3,,6
update,91308,91329,91332,3,,7
inbound,91320,91340,91344,4,,9
update,91319,91340,91344,4,,8
update,91330,91351,91354,3,,10
update,91341,91362,91366,4,,11
update,91352,91373,91375,2,,12
update,91363,91384,91388,4,,13
update,91374,91396,91400,4,,14
inbound,91375,91396,91400,4,,15
update,91385,91407,91412,5,,0
update,91396,91417,91422,5,,1
inbound,91400,91421,91425,4,,2
update,91407,91428,91432,4,,3
update,91418,91439,91443,4,,4
inbound,91425,91446,91449,3,,5
update,91429,91450,91455,5,,6
inbound,91430,91451,91455,4,,7
update,91440,91461,91468,7,,8
update,91451,91472,91478,6,,9
update,91462,91483,91487,4,,10
update,91473,91494,91499,5,,11
update,91484,91505,91508,3,,12
inbound,91485,91506,91513,7,,13
update,91495,91516,91522,6,,14
update,91506,91527,91533,6,,15
update,91517,91540,91546,6,,0
update,91528,91549,91553,4,,1
update,91539,91560,91563,3,,2
inbound,91540,91561,91567,6,,3
update,91550,91571,91575,4,,4
update,91561,91582,91586,4,,5
update,91572,91593,91596,3,,6
update,91583,91604,91607,3,,7
inbound,91595,91615,91619,4,,9
update,91594,91615,91619,4,,8
update,91605,91626,91629,3,,10
update,91616,91637,91640,3,,11
update,91627,91648,91650,2,,12
update,91638,91659,91662,3,,13
update,91649,91670,91673,3,,14
inbound,91650,91671,91674,3,,15
update,91660,91681,91684,3,,0
update,91671,91692,91696,4,,1
update,91682,91703,91706,3,,2
update,91693,91714,91717,3,,3
inbound,91705,91725,91729,4,,5
update,91704,91725,91730,5,,4
update,91715,91736,91738,2,,6
update,91726,91746,91749,3,,7
update,91737,91758,91761,3,,8
update,91748,91769,91772,3,,9
update,91759,91780,91783,3,,10
inbound,91760,91781,91784,3,,11
update,91770,91791,91794,3,,12
update,91781,91802,91805,3,,13
update,91792,91813,91816,3,,14
update,91803,91824,91826,2,,15
inbound,91815,91835,91837,2,,1
update,91814,91835,91838,3,,0
update,91825,91846,91849,3,,2
update,91836,91857,91859,2,,3
update,91847,91868,91870,2,,4
update,91858,91878,91881,3,,5
update,91869,91890,91892,2,,6
update,91880,91901,91903,2,,7
update,91891,91912,91917,5,,8
update,91902,91923,91925,2,,9
update,91913,91934,91937,3,,10
update,91924,91945,91947,2,,11
update,92000,92021,92024,3,,12
inbound,92000,92021,92024,3,,13
update,92011,92032,92035,3,,14
update,92022,92043,92046,3,,15
inbound,92025,92046,92048,2,,0
update,92033,92054,92056,2,,1
update,92044,92065,92068,3,,2
update,92055,92076,92079,3,,3
update,92066,92087,92090,3,,4
update,92077,92098,92101,3,,5
update,92088,92109,92112,3,,6
update,92099,92120,92123,3,,7
inbound,92100,92120,92123,3,,8
update,92110,92131,92133,2,,9
update,92121,92142,92144,2,,10
update,92132,92153,92156,3,,11
update,92143,92164,92167,3,,12
update,92154,92175,92178,3,,13
inbound,92155,92175,92179,4,,14
update,92165,92186,92189,3,,15
update,92176,92197,92200,3,,0
update,92187,92208,92211,3,,1
update,92198,92219,92222,3,,2
inbound,92200,92221,92224,3,,3
update,92209,92230,92233,3,,4
inbound,92210,92230,92233,3,,5
update,92220,92241,92244,3,,6
inbound,92225,92246,92250,4,,7
update,92231,92252,92254,2,,8
update,92242,92263,92266,3,,9
update,92253,92274,92277,3,,10
inbound,92265,92285,92288,3,,12
update,92264,92285,92289,4,,11
update,92275,92296,92298,2,,13
update,92286,92307,92309,2,,14
update,92297,92318,92321,3,,15
update,92308,92329,92332,3,,0
inbound,92320,92340,92343,3,,2
update,92319,92340,92343,3,,1
update,92330,92351,92353,2,,3
update,92341,92362,92365,3,,4
update,92352,92373,92377,4,,5
update,92363,92384,92386,2,,6
update,92374,92395,92399,4,,7
inbound,92375,92395,92399,4,,8
update,92385,92406,92409,3,,9
update,92396,92417,92420,3,,10
inbound,92400,92421,92423,2,,11
update,92407,92428,92431,3,,12
update,92418,92439,92442,3,,13
inbound,92425,92446,92448,2,,14
inbound,92430,92450,92453,3,,0
update,92429,92450,92453,3,,15
update,92440,92461,92464,3,,1
update,92451,92472,92475,3,,2
update,92462,92483,92486,3,,3
update,92473,92494,92497,3,,4
update,92484,92505,92508,3,,5
inbound,92485,92506,92509,3,,6
update,92495,92516,92519,3,,7
update,92506,92527,92530,3,,8
update,92517,92538,92541,3,,9
update,92528,92550,92554,4,,10
update,92539,92560,92564,4,,11
inbound,92540,92561,92564,3,,12
update,92550,92571,92573,2,,13
update,92561,92583,92585,2,,14
update,92572,92593,92596,3,,15
update,92583,92604,92607,3,,0
update,92594,92615,92618,3,,1
inbound,92595,92615,92618,3,,2
update,92605,92626,92629,3,,3
update,92616,92637,92640,3,,4
update,92627,92648,92651,3,,5
update,92638,92659,92662,3,,6
update,92649,92670,92673,3,,7
inbound,92650,92670,92674,4,,8
update,92660,92681,92683,2,,9
update,92671,92692,92696,4,,10
update,92682,92703,92705,2,,11
update,92693,92714,92716,2,,12
update,92704,92725,92728,3,,13
inbound,92705,92726,92729,3,,14
update,92715,92736,92738,2,,15
update,92726,92747,92750,3,,0
update,92737,92758,92760,2,,1
update,92748,92769,92772,3,,2
inbound,92760,92780,92783,3,,4
update,92759,92780,92784,4,,3
update,92770,92791,92794,3,,5
update,92781,92802,92804,2,,6
update,92792,92813,92816,3,,7
update,92803,92824,92827,3,,8
update,92814,92835,92838,3,,9
inbound,92815,92836,92838,2,,10
update,92825,92846,92848,2,,11
update,92836,92857,92860,3,,12
update,92847,92868,92871,3,,13
update,92858,92879,92882,3,,14
update,92869,92890,92893,3,,15
update,92880,92901,92903,2,,0
update,92891,92912,92914,2,,1
update,92902,92923,92926,3,,2
update,92913,92934,92937,3,,3
update,92924,92945,92948,3,,4
update,93000,93021,93025,4,,5
inbound,93000,93022,93025,3,,6
update,93011,93032,93035,3,,7
update,93022,93043,93045,2,,8
inbound,93025,93047,93050,3,,9
update,93033,93054,93057,3,,10
update,93044,93065,93068,3,,11
update,93055,93076,93079,3,,12
update,93066,93087,93090,3,,13
update,93077,93098,93102,4,,14
update,93088,93109,93112,3,,15
update,93099,93120,93123,3,,0
inbound,93100,93122,93125,3,,1
update,93110,93131,93133,2,,2
update,93121,93142,93146,4,,3
update,93132,93152,93155,3,,4
update,93143,93163,93167,4,,5
update,93154,93175,93178,3,,6
inbound,93155,93177,93181,4,,7
update,93165,93186,93189,3,,8
update,93176,93197,93200,3,,9
update,93187,93208,93211,3,,10
update,93198,93219,93222,3,,11
inbound,93200,93222,93225,3,,12
update,93209,93230,93234,4,,13
inbound,93210,93232,93235,3,,14
update,93220,93241,93244,3,,15
inbound,93225,93247,93250,3,,0
update,93231,93252,93256,4,,1
update,93242,93263,93265,2,,2
update,93253,93274,93276,2,,3
update,93264,93285,93289,4,,4
inbound,93265,93287,93291,4,,5
update,93275,93297,93300,3,,6
update,93286,93308,93311,3,,7
update,93297,93319,93323,4,,8
update,93308,93330,93332,2,,9
inbound,93320,93341,93345,4,,11
update,93319,93341,93345,4,,10
update,93330,93352,93355,3,,12
update,93341,93363,93366,3,,13
update,93352,93374,93377,3,,14
update,93363,93385,93388,3,,15
update,93374,93396,93400,4,,0
inbound,93375,93397,93401,4,,1
update,93385,93407,93409,2,,2
update,93396,93418,93421,3,,3
inbound,93400,93422,93425,3,,4
update,93407,93429,93432,3,,5
update,93418,93440,93443,3,,6
inbound,93425,93447,93450,3,,7
update,93429,93451,93454,3,,8
inbound,93430,93452,93454,2,,9
update,93440,93462,93466,4,,10
update,93451,93473,93476,3,,11
update,93462,93484,93487,3,,12
update,93473,93495,93498,3,,13
update,93484,93506,93509,3,,14
inbound,93485,93507,93511,4,,15
update,93495,93517,93520,3,,0
update,93506,93528,93531,3,,1
update,93517,93539,93542,3,,2
update,93528,93550,93553,3,,3
update,93539,93561,93567,6,,4
inbound,93540,93562,93567,5,,5
update,93550,93572,93576,4,,6
update,93561,93583,93587,4,,7
update,93572,93594,93596,2,,8
update,93583,93605,93607,2,,9
update,93594,93616,93619,3,,10
inbound,93595,93617,93621,4,,11
update,93605,93627,93630,3,,12
update,93616,93638,93640,2,,13
update,93627,93649,93653,4,,14
update,93638,93660,93663,3,,15
update,93649,93671,93674,3,,0
inbound,93650,93672,93675,3,,1
update,93660,93682,93685,3,,2
update,93671,93693,93696,3,,3
update,93682,93704,93707,3,,4
update,93693,93715,93718,3,,5
update,93704,93726,93729,3,,6
inbound,93705,93727,93731,4,,7
update,93715,93737,93740,3,,8
update,93726,93748,93751,3,,9
update,93737,93759,93762,3,,10
update,93748,93770,93772,2,,11
update,93759,93781,93784,3,,12
inbound,93760,93782,93785,3,,13
update,93770,93792,93795,3,,14
update,93781,93803,93805,2,,15
update,93792,93814,93817,3,,0
update,93803,93825,93828,3,,1
inbound,93815,93836,93839,3,,3
update,93814,93836,93840,4,,2
update,93825,93847,93851,4,,4
update,93836,93858,93862,4,,5
update,93847,93869,93872,3,,6
update,93858,93880,93883,3,,7
update,93869,93891,93894,3,,8
update,93880,93902,93904,2,,9
update,93891,93913,93915,2,,10
update,93902,93924,93927,3,,11
update,93913,93935,93938,3,,12
update,93924,93946,93949,3,,13
inbound,94000,94022,94025,3,,15
update,94000,94022,94025,3,,14
update,94011,94033,94035,2,,0
update,94022,94044,94047,3,,1
inbound,94025,94047,94049,2,,2
update,94033,94055,94057,2,,3
update,94044,94066,94069,3,,4
update,94055,94077,94079,2,,5
update,94066,94088,94091,3,,6
update,94077,94099,94102,3,,7
update,94088,94110,94113,3,,8
update,94099,94121,94126,5,,9
inbound,94100,94123,94126,3,,10
update,94110,94132,94134,2,,11
update,94121,94143,94146,3,,12
update,94132,94154,94157,3,,13
update,94143,94165,94167,2,,14
update,94154,94176,94179,3,,15
inbound,94155,94177,94180,3,,0
update,94165,94187,94190,3,,1
update,94176,94198,94202,4,,2
update,94187,94209,94212,3,,3
update,94198,94220,94223,3,,4
inbound,94200,94222,94225,3,,5
update,94209,94231,94234,3,,6
inbound,94210,94232,94236,4,,7
update,94220,94242,94245,3,,8
inbound,94225,94247,94250,3,,9
update,94231,94253,94255,2,,10
update,94242,94264,94267,3,,11
update,94253,94275,94278,3,,12
update,94264,94286,94289,3,,13
inbound,94265,94287,94290,3,,14
update,94275,94297,94300,3,,15
update,94286,94308,94311,3,,0
update,94297,94319,94322,3,,1
update,94308,94330,94332,2,,2
update,94319,94341,94344,3,,3
inbound,94320,94342,94346,4,,4
update,94330,94352,94354,2,,5
update,94341,94363,94365,2,,6
update,94352,94374,94377,3,,7
update,94363,94385,94388,3,,8
update,94374,94396,94399,3,,9
inbound,94375,94397,94402,5,,10
update,94385,94407,94411,4,,11
update,94396,94418,94421,3,,12
inbound,94400,94422,94425,3,,13
update,94407,94429,94433,4,,14
update,94418,94440,94443,3,,15
inbound,94425,94447,94450,3,,0
inbound,94430,94452,94456,4,,2
update,94429,94451,94456,5,,1
update,94440,94462,94467,5,,3
update,94451,94473,94476,3,,4
update,94462,94484,94486,2,,5
update,94473,94495,94498,3,,6
update,94484,94506,94509,3,,7
inbound,94485,94507,94510,3,,8
update,94495,94517,94519,2,,9
update,94506,94528,94532,4,,10
update,94517,94539,94542,3,,11
update,94528,94550,94553,3,,12
update,94539,94561,94573,12,,13
inbound,94540,94562,94573,11,,14
update,94550,94572,94580,8,,15
update,94561,94583,94588,5,,0
update,94572,94594,94598,4,,1
update,94583,94605,94610,5,,2
update,94594,94616,94621,5,,3
inbound,94595,94617,94622,5,,4
update,94605,94627,94630,3,,5
update,94616,94638,94641,3,,6
update,94627,94649,94652,3,,7
update,94638,94660,94662,2,,8
update,94649,94671,94674,3,,9
inbound,94650,94671,94674,3,,10
update,94660,94682,94685,3,,11
update,94671,94693,94696,3,,12
update,94682,94704,94707,3,,13
update,94693,94715,94718,3,,14
update,94704,94726,94729,3,,15
inbound,94705,94727,94730,3,,0
update,94715,94737,94740,3,,1
update,94726,94748,94751,3,,2
update,94737,94759,94762,3,,3
update,94748,94770,94773,3,,4
inbound,94760,94781,94784,3,,6
update,94759,94781,94786,5,,5
update,94770,94792,94795,3,,7
update,94781,94803,94805,2,,8
update,94792,94814,94816,2,,9
update,94803,94825,94827,2,,10
inbound,94815,94836,94839,3,,12
update,94814,94836,94839,3,,11
update,94825,94846,94849,3,,13
update,94836,94858,94861,3,,14
update,94847,94869,94872,3,,15
update,94858,94880,94883,3,,0
update,94869,94891,94894,3,,1
update,94880,94902,94905,3,,2
update,94891,94913,94916,3,,3
update,94902,94924,94927,3,,4
update,94913,94935,94938,3,,5
update,94924,94946,94950,4,,6
update,95000,95022,95026,4,,7
inbound,95000,95022,95026,4,,8
update,95011,95033,95036,3,,9
update,95022,95044,95047,3,,10
inbound,95025,95047,95051,4,,11
update,95033,95055,95058,3,,12
update,95044,95066,95069,3,,13
update,95055,95077,95080,3,,14
update,95066,95088,95091,3,,15
update,95077,95099,95102,3,,0
update,95088,95110,95113,3,,1
update,95099,95121,95125,4,,2
inbound,95100,95122,95129,7,,3
update,95110,95132,95135,3,,4
update,95121,95142,95145,3,,5
update,95132,95154,95157,3,,6
update,95143,95165,95168,3,,7
update,95154,95176,95180,4,,8
inbound,95155,95177,95181,4,,9
update,95165,95187,95190,3,,10
update,95176,95197,95201,4,,11
update,95187,95209,95212,3,,12
update,95198,95220,95223,3,,13
inbound,95200,95222,95226,4,,14
update,95209,95231,95234,3,,15
inbound,95210,95232,95235,3,,0
update,95220,95242,95244,2,,1
inbound,95225,95247,95249,2,,2
update,95231,95253,95256,3,,3
update,95242,95264,95266,2,,4
update,95253,95275,95278,3,,5
inbound,95265,95286,95289,3,,7
update,95264,95286,95289,3,,6
update,95275,95297,95300,3,,8
update,95286,95308,95310,2,,9
update,95297,95319,95322,3,,10
update,95308,95330,95332,2,,11
update,95319,95341,95345,4,,12
inbound,95320,95342,95345,3,,13
update,95330,95352,95354,2,,14
update,95341,95363,95366,3,,15
update,95352,95374,95376,2,,0
update,95363,95385,95388,3,,1
update,95374,95396,95399,3,,2
inbound,95375,95397,95400,3,,3
update,95385,95407,95410,3,,4
update,95396,95418,95421,3,,5
inbound,95400,95422,95425,3,,6
update,95407,95429,95432,3,,7
update,95418,95440,95443,3,,8
inbound,95425,95447,95450,3,,9
inbound,95430,95451,95455,4,,11
update,95429,95451,95455,4,,10
update,95440,95462,95464,2,,12
update,95451,95473,95477,4,,13
update,95462,95484,95486,2,,14
update,95473,95495,95498,3,,15
update,95484,95506,95509,3,,0
inbound,95485,95507,95510,3,,1
update,95495,95517,95520,3,,2
update,95506,95527,95530,3,,3
update,95517,95539,95542,3,,4
update,95528,95550,95553,3,,5
update,95539,95561,95565,4,,6
inbound,95540,95561,95569,8,,7
update,95550,95572,95578,6,,8
update,95561,95583,95587,4,,9
update,95572,95594,95597,3,,10
update,95583,95605,95608,3,,11
update,95594,95616,95619,3,,12
inbound,95595,95617,95620,3,,13
update,95605,95627,95630,3,,14
update,95616,95638,95640,2,,15
update,95627,95649,95652,3,,0
update,95638,95659,95662,3,,1
update,95649,95671,95675,4,,2
inbound,95650,95673,95676,3,,3
update,95660,95682,95685,3,,4
update,95671,95693,95696,3,,5
update,95682,95704,95708,4,,6
update,95693,95715,95742,27,,7
update,95715,95737,95743,6,,10
inbound,95705,95727,95743,16,,9
update,95704,95726,95743,17,,8
update,95726,95748,95754,6,,11
inbound,95760,95781,95792,11,,15
update,95748,95770,95792,22,,13
update,95737,95759,95792,33,,12
update,95759,95781,95792,11,,14
update,95770,95792,95799,7,,0
update,95781,95803,95806,3,,1
update,95792,95814,95818,4,,2
update,95803,95825,95829,4,,3
inbound,95815,95837,95841,4,,5
update,95814,95836,95841,5,,4
update,95825,95847,95851,4,,6
update,95836,95858,95863,5,,7
update,95847,95869,95872,3,,8
update,95858,95880,95882,2,,9
update,95869,95891,95893,2,,10
update,95880,95902,95905,3,,11
update,95891,95913,95916,3,,12
update,95902,95924,95927,3,,13
update,95913,95935,95938,3,,14
update,95924,95946,95950,4,,15
inbound,96000,96022,96025,3,,1
update,96000,96022,96026,4,,0
update,96011,96033,96036,3,,2
update,96022,96044,96047,3,,3
inbound,96025,96047,96049,2,,4
update,96033,96055,96058,3,,5
update,96044,96066,96069,3,,6
update,96055,96077,96080,3,,7
update,96066,96088,96091,3,,8
update,96077,96099,96102,3,,9
update,96088,96110,96113,3,,10
inbound,96100,96122,96124,2,,12
update,96099,96122,96125,3,,11
update,96110,96132,96135,3,,13
update,96121,96143,96145,2,,14
update,96132,96154,96156,2,,15
update,96143,96165,96167,2,,0
update,96154,96176,96179,3,,1
inbound,96155,96177,96180,3,,2
update,96165,96187,96189,2,,3
update,96176,96198,96201,3,,4
update,96187,96209,96213,4,,5
update,96198,96220,96224,4,,6
inbound,96200,96222,96225,3,,7
update,96209,96231,96235,4,,8
inbound,96210,96232,96237,5,,9
update,96220,96242,96244,2,,10
inbound,96225,96247,96250,3,,11
update,96231,96253,96256,3,,12
update,96242,96264,96266,2,,13
update,96253,96276,96278,2,,14
update,96264,96286,96290,4,,15
inbound,96265,96287,96290,3,,0
update,96275,96297,96300,3,,1
update,96286,96308,96311,3,,2
update,96297,96319,96322,3,,3
update,96308,96330,96333,3,,4
update,96319,96341,96344,3,,5
inbound,96320,96341,96344,3,,6
update,96330,96352,96355,3,,7
update,96341,96363,96366,3,,8
update,96352,96375,96377,2,,9
update,96363,96385,96388,3,,10
update,96374,96396,96400,4,,11
inbound,96375,96396,96400,4,,12
update,96385,96407,96412,5,,13
update,96396,96418,96421,3,,14
inbound,96400,96422,96424,2,,15
update,96407,96429,96431,2,,0
update,96418,96440,96445,5,,1
inbound,96425,96447,96449,2,,2
update,96429,96451,96454,3,,3
inbound,96430,96452,96455,3,,4
update,96440,96462,96465,3,,5
update,96451,96473,96478,5,,6
update,96462,96484,96488,4,,7
update,96473,96495,96499,4,,8
update,96484,96506,96510,4,,9
inbound,96485,96508,96511,3,,10
update,96495,96517,96522,5,,11
update,96506,96528,96531,3,,12
update,96517,96539,96541,2,,13
update,96528,96550,96552,2,,14
update,96539,96561,96565,4,,15
inbound,96540,96562,96565,3,,0
update,96550,96572,96577,5,,1
update,96561,96583,96586,3,,2
update,96572,96594,96597,3,,3
update,96583,96605,96607,2,,4
update,96594,96616,96620,4,,5
inbound,96595,96617,96620,3,,6
update,96605,96627,96630,3,,7
update,96616,96638,96640,2,,8
update,96627,96649,96652,3,,9
update,96638,96660,96663,3,,10
inbound,96650,96671,96674,3,,12
update,96649,96671,96674,3,,11
update,96660,96682,96685,3,,13
update,96671,96693,96696,3,,14
update,96682,96704,96707,3,,15
update,96693,96715,96718,3,,0
inbound,96705,96726,96729,3,,2
update,96704,96726,96730,4,,1
update,96715,96737,96739,2,,3
update,96726,96747,96750,3,,4
update,96737,96759,96762,3,,5
update,96748,96770,96773,3,,6
inbound,96760,96781,96783,2,,8
update,96759,96781,96784,3,,7
update,96770,96792,96795,3,,9
update,96781,96803,96806,3,,10
update,96792,96814,96817,3,,11
update,96803,96825,96827,2,,12
update,96814,96836,96839,3,,13
inbound,96815,96837,96839,2,,14
update,96825,96847,96850,3,,15
update,96836,96858,96862,4,,0
update,96847,96869,96872,3,,1
update,96858,96880,96883,3,,2
update,96869,96891,96894,3,,3
update,96880,96902,96905,3,,4
update,96891,96913,96916,3,,5
update,96902,96924,96926,2,,6
update,96913,96935,96937,2,,7
update,96924,96946,96949,3,,8
inbound,97000,97022,97026,4,,10
update,97000,97022,97026,4,,9
update,97011,97033,97035,2,,11
update,97022,97044,97047,3,,12
inbound,97025,97048,97051,3,,13
update,97033,97055,97058,3,,14
update,97044,97066,97069,3,,15
update,97055,97077,97080,3,,0
update,97066,97088,97090,2,,1
update,97077,97099,97102,3,,2
update,97088,97110,97112,2,,3
update,97099,97121,97124,3,,4
inbound,97100,97122,97126,4,,5
update,97110,97132,97134,2,,6
update,97121,97143,97146,3,,7
update,97132,97154,97156,2,,8
update,97143,97165,97167,2,,9
inbound,97155,97176,97179,3,,11
update,97154,97176,97179,3,,10
update,97165,97187,97190,3,,12
update,97176,97198,97201,3,,13
update,97187,97209,97212,3,,14
update,97198,97220,97224,4,,15
inbound,97200,97222,97225,3,,0
update,97209,97231,97235,4,,1
inbound,97210,97232,97236,4,,2
update,97220,97241,97243,2,,3
inbound,97225,97247,97250,3,,4
update,97231,97253,97257,4,,5
update,97242,97264,97267,3,,6
update,97253,97275,97277,2,,7
update,97264,97286,97289,3,,8
inbound,97265,97287,97290,3,,9
update,97275,97297,97300,3,,10
update,97286,97308,97311,3,,11
update,97297,97319,97323,4,,12
update,97308,97330,97334,4,,13
update,97319,97341,97347,6,,14
inbound,97320,97342,97347,5,,15
update,97330,97352,97357,5,,0
update,97341,97363,97367,4,,1
update,97352,97374,97377,3,,2
update,97363,97385,97387,2,,3
update,97374,97396,97400,4,,4
inbound,97375,97396,97401,5,,5
update,97385,97406,97410,4,,6
update,97396,97418,97421,3,,7
inbound,97400,97422,97425,3,,8
update,97407,97429,97432,3,,9
update,97418,97440,97444,4,,10
inbound,97425,97447,97450,3,,11
update,97429,97451,97455,4,,12
inbound,97430,97452,97455,3,,13
update,97440,97462,97465,3,,14
update,97451,97473,97476,3,,15
update,97462,97485,97494,9,,0
update,97473,97497,97500,3,,1
update,97484,97506,97509,3,,2
inbound,97485,97507,97511,4,,3
update,97495,97517,97519,2,,4
update,97506,97529,97532,3,,5
update,97517,97539,97542,3,,6
update,97528,97550,97553,3,,7
update,97539,97560,97563,3,,8
inbound,97540,97562,97565,3,,9
update,97550,97572,97575,3,,10
update,97561,97583,97588,5,,11
update,97572,97594,97598,4,,12
update,97583,97605,97607,2,,13
update,97594,97616,97620,4,,14
inbound,97595,97617,97620,3,,15
update,97605,97627,97629,2,,0
update,97616,97638,97641,3,,1
update,97627,97649,97652,3,,2
update,97638,97660,97663,3,,3
update,97649,97671,97676,5,,4
inbound,97650,97672,97676,4,,5
update,97660,97682,97686,4,,6
update,97671,97693,97696,3,,7
update,97682,97704,97709,5,,8
update,97693,97716,97720,4,,9
update,97704,97726,97730,4,,10
inbound,97705,97727,97731,4,,11
update,97715,97737,97739,2,,12
update,97726,97749,97751,2,,13
update,97737,97759,97762,3,,14
update,97748,97770,97773,3,,15
update,97759,97781,97784,3,,0
inbound,97760,97782,97785,3,,1
update,97770,97792,97795,3,,2
update,97781,97803,97806,3,,3
update,97792,97814,97817,3,,4
update,97803,97825,97828,3,,5
inbound,97815,97837,97839,2,,7
update,97814,97836,97839,3,,6
update,97825,97847,97850,3,,8
update,97836,97858,97861,3,,9
update,97847,97869,97871,2,,10
update,97858,97880,97884,4,,11
update,97869,97891,97894,3,,12
update,97880,97902,97905,3,,13
update,97891,97913,97915,2,,14
update,97902,97924,97927,3,,15
update,97913,97935,97938,3,,0
update,97924,97946,97949,3,,1
update,98000,98022,98025,3,,2
inbound,98000,98022,98025,3,,3
update,98011,98033,98036,3,,4
update,98022,98044,98046,2,,5
inbound,98025,98047,98050,3,,6
update,98033,98055,98058,3,,7
update,98044,98066,98069,3,,8
update,98055,98077,98080,3,,9
update,98066,98087,98090,3,,10
update,98077,98099,98101,2,,11
update,98088,98110,98113,3,,12
update,98099,98121,98125,4,,13
inbound,98100,98122,98126,4,,14
update,98110,98132,98135,3,,15
update,98121,98143,98146,3,,0
update,98132,98154,98157,3,,1
update,98143,98165,98167,2,,2
inbound,98155,98176,98180,4,,4
update,98154,98176,98180,4,,3
update,98165,98187,98190,3,,5
update,98176,98198,98201,3,,6
update,98187,98209,98213,4,,7
update,98198,98221,98230,9,,8
inbound,98200,98222,98230,8,,9
update,98209,98231,98234,3,,10
inbound,98210,98232,98239,7,,11
update,98220,98242,98245,3,,12
inbound,98225,98247,98251,4,,13
update,98231,98253,98257,4,,14
update,98242,98264,98269,5,,15
update,98253,98275,98278,3,,0
update,98264,98286,98290,4,,1
inbound,98265,98287,98292,5,,2
update,98275,98297,98301,4,,3
update,98286,98308,98312,4,,4
update,98297,98319,98323,4,,5
update,98308,98330,98334,4,,6
update,98319,98341,98345,4,,7
inbound,98320,98342,98345,3,,8
update,98330,98352,98356,4,,9
update,98341,98363,98366,3,,10
update,98352,98374,98377,3,,11
update,98363,98385,98388,3,,12
update,98374,98395,98399,4,,13
inbound,98375,98397,98400,3,,14
update,98385,98407,98410,3,,15
update,98396,98418,98421,3,,0
inbound,98400,98422,98425,3,,1
update,98407,98429,98431,2,,2
update,98418,98440,98443,3,,3
inbound,98425,98447,98449,2,,4
update,98429,98451,98454,3,,5
inbound,98430,98452,98455,3,,6
update,98440,98462,98465,3,,7
update,98451,98473,98476,3,,8
update,98462,98484,98486,2,,9
update,98473,98495,98499,4,,10
update,98484,98506,98510,4,,11
inbound,98485,98507,98511,4,,12
update,98495,98517,98520,3,,13
update,98506,98528,98531,3,,14
update,98517,98539,98541,2,,15
update,98528,98550,98552,2,,0
update,98539,98561,98565,4,,1
inbound,98540,98562,98565,3,,2
update,98550,98572,98574,2,,3
update,98561,98584,98590,6,,4
update,98572,98594,98599,5,,5
update,98583,98605,98607,2,,6
update,98594,98616,98619,3,,7
inbound,98595,98617,98620,3,,8
update,98605,98627,98630,3,,9
update,98616,98638,98641,3,,10
update,98627,98649,98652,3,,11
update,98638,98660,98663,3,,12
update,98649,98671,98674,3,,13
inbound,98650,98672,98676,4,,14
update,98660,98682,98685,3,,15
update,98671,98693,98696,3,,0
update,98682,98704,98706,2,,1
update,98693,98715,98718,3,,2
update,98704,98726,98730,4,,3
inbound,98705,98727,98731,4,,4
update,98715,98737,98740,3,,5
update,98726,98748,98751,3,,6
update,98737,98759,98762,3,,7
update,98748,98770,98773,3,,8
inbound,98760,98781,98783,2,,10
update,98759,98781,98785,4,,9
update,98770,98792,98795,3,,11
update,98781,98803,98806,3,,12
update,98792,98814,98817,3,,13
update,98803,98825,98828,3,,14
inbound,98815,98837,98839,2,,0
update,98814,98836,98840,4,,15
update,98825,98847,98850,3,,1
update,98836,98858,98862,4,,2
update,98847,98869,98872,3,,3
update,98858,98880,98883,3,,4
update,98869,98891,98894,3,,5
update,98880,98902,98905,3,,6
update,98891,98913,98916,3,,7
update,98902,98924,98927,3,,8
update,98913,98935,98939,4,,9
update,98924,98946,98949,3,,10
update,99000,99022,99025,3,,11
inbound,99000,99026,99029,3,,12
update,99011,99033,99036,3,,13
update,99022,99044,99047,3,,14
inbound,99025,99051,99053,2,,15
update,99033,99055,99058,3,,0
update,99044,99066,99068,2,,1
update,99055,99077,99080,3,,2
update,99066,99088,99090,2,,3
update,99077,99099,99102,3,,4
update,99088,99110,99112,2,,5
update,99099,99121,99124,3,,6
inbound,99100,99126,99129,3,,7
update,99110,99132,99135,3,,8
update,99121,99143,99146,3,,9
update,99132,99154,99157,3,,10
update,99143,99165,99167,2,,11
update,99154,99176,99178,2,,12
inbound,99155,99180,99184,4,,13
update,99165,99187,99190,3,,14
update,99176,99197,99200,3,,15
update,99187,99209,99211,2,,0
update,99198,99220,99223,3,,1
inbound,99200,99226,99230,4,,2
update,99209,99231,99234,3,,3
inbound,99210,99236,99239,3,,4
update,99220,99242,99245,3,,5
inbound,99225,99251,99254,3,,6
update,99231,99253,99256,3,,7
update,99242,99264,99268,4,,8
update,99253,99275,99278,3,,9
update,99264,99286,99288,2,,10
inbound,99265,99291,99295,4,,11
update,99275,99297,99299,2,,12
update,99286,99308,99310,2,,13
update,99297,99319,99322,3,,14
update,99308,99330,99333,3,,15
update,99319,99341,99344,3,,0
inbound,99320,99346,99349,3,,1
update,99330,99351,99354,3,,2
update,99341,99362,99366,4,,3
update,99352,99374,99377,3,,4
update,99363,99385,99388,3,,5
update,99374,99396,99399,3,,6
inbound,99375,99401,99403,2,,7
update,99385,99407,99410,3,,8
update,99396,99418,99421,3,,9
inbound,99400,99426,99430,4,,10
update,99407,99429,99432,3,,11
update,99418,99440,99448,8,,12
inbound,99425,99451,99455,4,,14
update,99429,99451,99455,4,,13
inbound,99430,99455,99458,3,,15
update,99440,99462,99465,3,,0
update,99451,99473,99476,3,,1
update,99462,99484,99487,3,,2
update,99473,99495,99498,3,,3
update,99484,99506,99509,3,,4
inbound,99485,99511,99514,3,,5
update,99495,99517,99520,3,,6
update,99506,99528,99531,3,,7
update,99517,99539,99542,3,,8
update,99528,99550,99553,3,,9
update,99539,99560,99563,3,,10
inbound,99540,99566,99569,3,,11
update,99550,99572,99575,3,,12
update,99561,99584,99588,4,,13
update,99572,99594,99598,4,,14
update,99583,99605,99608,3,,15
update,99594,99616,99619,3,,0
inbound,99595,99621,99624,3,,1
update,99605,99627,99630,3,,2
update,99616,99638,99640,2,,3
update,99627,99649,99652,3,,4
update,99638,99660,99663,3,,5
update,99649,99671,99673,2,,6
inbound,99650,99677,99679,2,,7
update,99660,99682,99684,2,,8
update,99671,99694,99697,3,,9
update,99682,99704,99708,4,,10
update,99693,99715,99718,3,,11
update,99704,99726,99728,2,,12
inbound,99705,99731,99734,3,,13
update,99715,99737,99740,3,,14
update,99726,99748,99752,4,,15
update,99737,99759,99762,3,,0
update,99748,99770,99774,4,,1
update,99759,99781,99783,2,,2
inbound,99760,99786,99787,1,,3
update,99770,99792,99795,3,,4
update,99781,99803,99806,3,,5
update,99792,99814,99818,4,,6
update,99803,99825,99828,3,,7
update,99814,99836,99839,3,,8
inbound,99815,99841,99843,2,,9
update,99825,99847,99850,3,,10
update,99836,99858,99861,3,,11
update,99847,99868,99871,3,,12
update,99858,99884,99887,3,,13
update,99869,99895,99898,3,,14
update,99880,99906,99908,2,,15
update,99891,99917,99919,2,,0
update,99902,99928,99930,2,,1
update,99913,99939,99942,3,,2
update,99924,99950,99953,3,,3
inbound,100000,100028,100031,3,,5
update,100000,100028,100031,3,,4
update,100011,100039,100041,2,,6
update,100022,100049,100052,3,,7
inbound,100025,100053,100056,3,,8
update,100033,100061,100063,2,,9
update,100044,100072,100075,3,,10
update,100055,100083,100086,3,,11
update,100066,100094,100097,3,,12
update,100077,100105,100108,3,,13
update,100088,100116,100119,3,,14
inbound,100100,100127,100130,3,,0
update,100099,100127,100130,3,,15
update,100110,100138,100141,3,,1
update,100121,100149,100152,3,,2
update,100132,100160,100163,3,,3
update,100143,100171,100173,2,,4
update,100154,100182,100185,3,,5
inbound,100155,100182,100185,3,,6
update,100165,100193,100196,3,,7
update,100176,100204,100206,2,,8
update,100187,100215,100218,3,,9
update,100198,100226,100229,3,,10
inbound,100200,100229,100231,2,,11
inbound,100210,100237,100240,3,,13
update,100209,100237,100240,3,,12
update,100220,100248,100251,3,,14
inbound,100225,100253,100256,3,,15
update,100231,100259,100261,2,,0
update,100242,100271,100273,2,,1
update,100253,100281,100284,3,,2
inbound,100265,100292,100295,3,,4
update,100264,100292,100295,3,,3
update,100275,100303,100305,2,,5
update,100286,100315,100317,2,,6
update,100297,100325,100329,4,,7
update,100308,100336,100339,3,,8
inbound,100320,100347,100350,3,,10
update,100319,100347,100350,3,,9
update,100330,100358,100361,3,,11
update,100341,100369,100372,3,,12
update,100352,100380,100382,2,,13
update,100363,100391,100393,2,,14
update,100374,100402,100405,3,,15
inbound,100375,100403,100406,3,,0
update,100385,100413,100416,3,,1
update,100396,100424,100426,2,,2
inbound,100400,100428,100430,2,,3
update,100407,100435,100438,3,,4
update,100418,100446,100449,3,,5
inbound,100425,100453,100455,2,,6
update,100429,100457,100460,3,,7
inbound,100430,100457,100460,3,,8
update,100440,100468,100470,2,,9
update,100451,100479,100482,3,,10
update,100462,100490,100493,3,,11
update,100473,100501,100503,2,,12
update,100484,100512,100515,3,,13
inbound,100485,100513,100516,3,,14
update,100495,100523,100525,2,,15
update,100506,100534,100536,2,,0
update,100517,100545,100548,3,,1
update,100528,100556,100558,2,,2
update,100539,100567,100570,3,,3
inbound,100540,100568,100571,3,,4
update,100550,100578,100581,3,,5
update,100561,100589,100593,4,,6
update,100572,100600,100603,3,,7
update,100583,100611,100613,2,,8
update,100594,100622,100624,2,,9
inbound,100595,100622,100625,3,,10
update,100605,100633,100636,3,,11
update,100616,100644,100646,2,,12
update,100627,100655,100657,2,,13
update,100638,100666,100669,3,,14
update,100649,100677,100680,3,,15
inbound,100650,100677,100680,3,,0
update,100660,100688,100690,2,,1
update,100671,100699,100701,2,,2
update,100682,100710,100713,3,,3
update,100693,100721,100724,3,,4
update,100704,100732,100735,3,,5
inbound,100705,100733,100736,3,,6
update,100715,100743,100745,2,,7
update,100726,100754,100757,3,,8
update,100737,100765,100768,3,,9
update,100748,100776,100779,3,,10
update,100759,100787,100791,4,,11
inbound,100760,100788,100791,3,,12
update,100770,100798,100802,4,,13
update,100781,100809,100812,3,,14
update,100792,100820,100826,6,,15
update,100803,100831,100835,4,,0
inbound,100815,100843,100847,4,,2
update,100814,100842,100848,6,,1
update,100825,100853,100856,3,,3
update,100836,100864,100866,2,,4
update,100847,100875,100877,2,,5
update,100858,100886,100889,3,,6
update,100869,100897,100900,3,,7
update,100880,100908,100911,3,,8
update,100891,100919,100922,3,,9
update,100902,100930,100932,2,,10
update,100913,100941,100943,2,,11
update,100924,100952,100955,3,,12
update,101000,101028,101032,4,,13
inbound,101000,101028,101032,4,,14
update,101011,101039,101041,2,,15
update,101022,101050,101053,3,,0
inbound,101025,101053,101056,3,,1
update,101033,101061,101064,3,,2
update,101044,101072,101074,2,,3
update,101055,101083,101085,2,,4
update,101066,101094,101097,3,,5
update,101077,101105,101108,3,,6
update,101088,101116,101119,3,,7
update,101099,101127,101131,4,,8
inbound,101100,101128,101132,4,,9
update,101110,101139,101141,2,,10
update,101121,101149,101152,3,,11
update,101132,101160,101163,3,,12
update,101143,101171,101174,3,,13
update,101154,101182,101185,3,,14
inbound,101155,101183,101186,3,,15
update,101165,101193,101196,3,,0
update,101176,101204,101207,3,,1
update,101187,101215,101218,3,,2
update,101198,101225,101228,3,,3
inbound,101200,101228,101231,3,,4
inbound,101210,101238,101242,4,,6
update,101209,101237,101242,5,,5
update,101220,101248,101250,2,,7
inbound,101225,101253,101256,3,,8
update,101231,101259,101262,3,,9
update,101242,101269,101272,3,,10
update,101253,101281,101284,3,,11
update,101264,101292,101294,2,,12
inbound,101265,101293,101296,3,,13
update,101275,101303,101306,3,,14
update,101286,101314,101317,3,,15
update,101297,101325,101329,4,,0
update,101308,101336,101339,3,,1
inbound,101320,101348,101351,3,,3
update,101319,101347,101351,4,,2
update,101330,101358,101360,2,,4
update,101341,101369,101372,3,,5
update,101352,101380,101384,4,,6
update,101363,101391,101394,3,,7
update,101374,101402,101405,3,,8
inbound,101375,101403,101407,4,,9
update,101385,101413,101416,3,,10
update,101396,101424,101428,4,,11
inbound,101400,101428,101431,3,,12
update,101407,101435,101437,2,,13
update,101418,101446,101449,3,,14
inbound,101425,101453,101456,3,,15
update,101429,101457,101461,4,,0
inbound,101430,101458,101462,4,,1
update,101440,101468,101471,3,,2
update,101451,101479,101482,3,,3
update,101462,101490,101493,3,,4
update,101473,101501,101504,3,,5
update,101484,101512,101517,5,,6
inbound,101485,101513,101518,5,,7
update,101495,101523,101525,2,,8
update,101506,101534,101538,4,,9
update,101517,101545,101551,6,,10
update,101528,101556,101559,3,,11
update,101539,101567,101570,3,,12
inbound,101540,101567,101572,5,,13
update,101550,101578,101582,4,,14
update,101561,101589,101592,3,,15
update,101572,101600,101607,7,,0
update,101583,101611,101615,4,,1
update,101594,101622,101629,7,,2
inbound,101595,101624,101629,5,,3
update,101605,101633,101636,3,,4
update,101616,101644,101648,4,,5
update,101627,101655,101659,4,,6
update,101638,101666,101672,6,,7
update,101649,101677,101682,5,,8
inbound,101650,101679,101683,4,,9
update,101660,101688,101692,4,,10
update,101671,101699,101702,3,,11
update,101682,101710,101713,3,,12
update,101693,101721,101725,4,,13
update,101704,101732,101736,4,,14
inbound,101705,101733,101737,4,,15
update,101715,101743,101746,3,,0
update,101726,101754,101758,4,,1
update,101737,101765,101768,3,,2
update,101748,101776,101779,3,,3
inbound,101760,101788,101790,2,,5
update,101759,101787,101791,4,,4
update,101770,101798,101801,3,,6
update,101781,101809,101811,2,,7
update,101792,101820,101823,3,,8
update,101803,101831,101833,2,,9
update,101814,101842,101845,3,,10
inbound,101815,101844,101846,2,,11
update,101825,101853,101856,3,,12
update,101836,101863,101866,3,,13
update,101847,101876,101878,2,,14
update,101858,101886,101889,3,,15
update,101869,101897,101900,3,,0
update,101880,101908,101911,3,,1
update,101891,101919,101922,3,,2
update,101902,101930,101933,3,,3
update,101913,101941,101944,3,,4
update,101924,101952,101955,3,,5
update,102000,102028,102031,3,,6
inbound,102000,102029,102033,4,,7
update,102011,102039,102042,3,,8
update,102022,102050,102053,3,,9
inbound,102025,102054,102057,3,,10
update,102033,102061,102064,3,,11
update,102044,102072,102075,3,,12
update,102055,102083,102086,3,,13
update,102066,102094,102097,3,,14
update,102077,102105,102107,2,,15
update,102088,102116,102118,2,,0
update,102099,102127,102130,3,,1
inbound,102100,102129,102132,3,,2
update,102110,102138,102141,3,,3
update,102121,102150,102152,2,,4
update,102132,102160,102163,3,,5
update,102143,102171,102174,3,,6
update,102154,102182,102187,5,,7
inbound,102155,102184,102187,3,,8
update,102165,102193,102196,3,,9
update,102176,102204,102207,3,,10
update,102187,102215,102218,3,,11
update,102198,102225,102229,4,,12
inbound,102200,102229,102232,3,,13
update,102209,102237,102240,3,,14
inbound,102210,102239,102243,4,,15
update,102220,102248,102251,3,,0
inbound,102225,102254,102257,3,,1
update,102231,102259,102262,3,,2
update,102242,102270,102273,3,,3
update,102253,102281,102285,4,,4
update,102264,102292,102294,2,,5
inbound,102265,102294,102298,4,,6
update,102275,102303,102306,3,,7
update,102286,102313,102316,3,,8
update,102297,102325,102328,3,,9
update,102308,102336,102339,3,,10
update,102319,102347,102350,3,,11
inbound,102320,102349,102351,2,,12
update,102330,102358,102361,3,,13
update,102341,102369,102372,3,,14
update,102352,102380,102383,3,,15
update,102363,102391,102394,3,,0
update,102374,102402,102405,3,,1
inbound,102375,102404,102407,3,,2
update,102385,102413,102416,3,,3
update,102396,102424,102427,3,,4
inbound,102400,102429,102432,3,,5
update,102407,102435,102438,3,,6
update,102418,102446,102450,4,,7
inbound,102425,102454,102456,2,,8
update,102429,102457,102460,3,,9
inbound,102430,102459,102463,4,,10
update,102440,102468,102470,2,,11
update,102451,102478,102481,3,,12
update,102462,102490,102493,3,,13
update,102473,102501,102504,3,,14
update,102484,102512,102516,4,,15
inbound,102485,102514,102517,3,,0
update,102495,102523,102526,3,,1
update,102506,102534,102539,5,,2
update,102517,102545,102548,3,,3
update,102528,102556,102559,3,,4
update,102539,102567,102571,4,,5
inbound,102540,102569,102572,3,,6
update,102550,102578,102580,2,,7
update,102561,102589,102592,3,,8
update,102572,102600,102605,5,,9
update,102583,102610,102617,7,,10
update,102594,102622,102625,3,,11
inbound,102595,102624,102628,4,,12
update,102605,102633,102636,3,,13
update,102616,102644,102649,5,,14
update,102627,102655,102658,3,,15
update,102638,102666,102669,3,,0
update,102649,102677,102680,3,,1
inbound,102650,102679,102682,3,,2
update,102660,102688,102690,2,,3
update,102671,102699,102702,3,,4
update,102682,102710,102713,3,,5
update,102693,102721,102725,4,,6
update,102704,102732,102735,3,,7
inbound,102705,102734,102737,3,,8
update,102715,102743,102746,3,,9
update,102726,102754,102756,2,,10
update,102737,102765,102768,3,,11
update,102748,102776,102778,2,,12
inbound,102760,102789,102791,2,,14
update,102759,102787,102792,5,,13
update,102770,102798,102801,3,,15
update,102781,102809,102812,3,,0
update,102792,102820,102823,3,,1
update,102803,102831,102834,3,,2
update,102814,102842,102844,2,,3
inbound,102815,102844,102846,2,,4
update,102825,102853,102856,3,,5
update,102836,102864,102867,3,,6
update,102847,102874,102877,3,,7
update,102858,102886,102889,3,,8
update,102869,102897,102899,2,,9
update,102880,102908,102912,4,,10
update,102891,102919,102922,3,,11
update,102902,102930,102933,3,,12
update,102913,102942,102945,3,,13
update,102924,102953,102956,3,,14
update,103000,103029,103032,3,,15
inbound,103000,103029,103032,3,,0
update,103011,103040,103043,3,,1
update,103022,103051,103055,4,,2
inbound,103025,103054,103057,3,,3
update,103033,103062,103065,3,,4
update,103044,103073,103076,3,,5
update,103055,103084,103087,3,,6
update,103066,103096,103098,2,,7
update,103077,103106,103109,3,,8
update,103088,103117,103119,2,,9
update,103099,103128,103132,4,,10
inbound,103100,103129,103132,3,,11
update,103110,103139,103142,3,,12
update,103121,103150,103154,4,,13
update,103132,103161,103164,3,,14
update,103143,103172,103174,2,,15
update,103154,103182,103185,3,,0
inbound,103155,103184,103188,4,,1
update,103165,103194,103197,3,,2
update,103176,103205,103207,2,,3
update,103187,103216,103219,3,,4
update,103198,103227,103231,4,,5
inbound,103200,103229,103233,4,,6
update,103209,103238,103241,3,,7
inbound,103210,103239,103242,3,,8
update,103220,103249,103252,3,,9
inbound,103225,103253,103259,6,,10
update,103231,103260,103262,2,,11
update,103242,103271,103274,3,,12
update,103253,103282,103285,3,,13
update,103264,103293,103296,3,,14
inbound,103265,103294,103298,4,,15
update,103275,103304,103307,3,,0
update,103286,103315,103318,3,,1
update,103297,103326,103330,4,,2
update,103308,103337,103340,3,,3
update,103319,103348,103351,3,,4
inbound,103320,103349,103353,4,,5
update,103330,103359,103362,3,,6
update,103341,103370,103374,4,,7
update,103352,103381,103384,3,,8
update,103363,103392,103396,4,,9
update,103374,103403,103406,3,,10
inbound,103375,103404,103408,4,,11
update,103385,103414,103417,3,,12
update,103396,103425,103429,4,,13
inbound,103400,103429,103433,4,,14
update,103407,103436,103440,4,,15
update,103418,103447,103452,5,,0
inbound,103425,103454,103457,3,,1
update,103429,103458,103462,4,,2
inbound,103430,103459,103462,3,,3
update,103440,103469,103472,3,,4
update,103451,103480,103483,3,,5
update,103462,103490,103494,4,,6
update,103473,103502,103507,5,,7
update,103484,103513,103517,4,,8
inbound,103485,103513,103518,5,,9
update,103495,103524,103528,4,,10
update,103506,103535,103539,4,,11
update,103517,103546,103550,4,,12
update,103528,103557,103560,3,,13
update,103539,103568,103571,3,,14
inbound,103540,103569,103572,3,,15
update,103550,103579,103583,4,,0
update,103561,103590,103593,3,,1
update,103572,103601,103605,4,,2
update,103583,103612,103617,5,,3
update,103594,103623,103627,4,,4
inbound,103595,103624,103630,6,,5
update,103605,103634,103637,3,,6
update,103616,103645,103648,3,,7
update,103627,103656,103659,3,,8
update,103638,103667,103669,2,,9
update,103649,103678,103680,2,,10
inbound,103650,103679,103681,2,,11
update,103660,103689,103691,2,,12
update,103671,103700,103702,2,,13
update,103682,103711,103714,3,,14
update,103693,103722,103725,3,,15
update,103704,103733,103736,3,,0
inbound,103705,103733,103736,3,,1
update,103715,103744,103747,3,,2
update,103726,103755,103758,3,,3
update,103737,103766,103769,3,,4
update,103748,103777,103780,3,,5
update,103759,103788,103791,3,,6
inbound,103760,103789,103791,2,,7
update,103770,103799,103802,3,,8
update,103781,103809,103812,3,,9
update,103792,103821,103824,3,,10
update,103803,103832,103834,2,,11
inbound,103815,103843,103845,2,,13
update,103814,103843,103846,3,,12
update,103825,103854,103856,2,,14
update,103836,103865,103868,3,,15
update,103847,103876,103879,3,,0
update,103858,103887,103890,3,,1
update,103869,103898,103900,2,,2
update,103880,103909,103911,2,,3
update,103891,103920,103922,2,,4
update,103902,103931,103934,3,,5
update,103913,103942,103946,4,,6
update,103924,103953,103956,3,,7
update,104000,104029,104032,3,,8
inbound,104000,104036,104039,3,,9
update,104011,104040,104042,2,,10
update,104022,104051,104053,2,,11
inbound,104025,104061,104065,4,,12
update,104033,104062,104066,4,,13
update,104044,104073,104075,2,,14
update,104055,104084,104087,3,,15
update,104066,104095,104098,3,,0
update,104077,104106,104108,2,,1
update,104088,104117,104119,2,,2
update,104099,104128,104131,3,,3
inbound,104100,104136,104139,3,,4
update,104110,104139,104141,2,,5
update,104121,104150,104152,2,,6
update,104132,104161,104164,3,,7
update,104143,104172,104175,3,,8
update,104154,104183,104186,3,,9
inbound,104155,104191,104193,2,,10
update,104165,104193,104196,3,,11
update,104176,104205,104208,3,,12
update,104187,104216,104218,2,,13
update,104198,104227,104229,2,,14
inbound,104200,104236,104239,3,,15
update,104209,104238,104240,2,,0
inbound,104210,104246,104249,3,,1
update,104220,104249,104252,3,,2
update,104231,104260,104263,3,,3
inbound,104225,104261,104264,3,,4
update,104242,104271,104274,3,,5
update,104253,104282,104285,3,,6
update,104264,104293,104296,3,,7
inbound,104265,104301,104303,2,,8
update,104275,104303,104306,3,,9
update,104286,104315,104318,3,,10
update,104297,104326,104329,3,,11
update,104308,104337,104340,3,,12
update,104319,104347,104350,3,,13
inbound,104320,104356,104359,3,,14
update,104330,104359,104361,2,,15
update,104341,104370,104373,3,,0
update,104352,104381,104383,2,,1
update,104363,104392,104394,2,,2
update,104374,104403,104405,2,,3
inbound,104375,104411,104414,3,,4
update,104385,104414,104417,3,,5
update,104396,104425,104427,2,,6
update,104407,104436,104439,3,,7
inbound,104400,104436,104439,3,,8
update,104418,104447,104450,3,,9
update,104429,104458,104461,3,,10
inbound,104425,104461,104464,3,,11
inbound,104430,104466,104469,3,,12
update,104440,104469,104471,2,,13
update,104451,104480,104484,4,,14
update,104462,104491,104494,3,,15
update,104473,104502,104505,3,,0
update,104484,104513,104516,3,,1
inbound,104485,104521,104524,3,,2
update,104495,104524,104527,3,,3
update,104506,104535,104537,2,,4
update,104517,104546,104549,3,,5
update,104528,104557,104560,3,,6
update,104539,104568,104571,3,,7
inbound,104540,104576,104579,3,,8
update,104550,104579,104582,3,,9
update,104561,104590,104593,3,,10
update,104572,104601,104603,2,,11
update,104583,104612,104616,4,,12
update,104594,104623,104626,3,,13
inbound,104595,104631,104635,4,,14
update,104605,104635,104641,6,,15
update,104616,104651,104657,6,,0
update,104627,104662,104668,6,,1
update,104638,104673,104677,4,,2
update,104649,104684,104687,3,,3
inbound,104650,104686,104689,3,,4
update,104660,104695,104698,3,,5
update,104671,104706,104709,3,,6
update,104682,104717,104720,3,,7
update,104693,104728,104730,2,,8
update,104704,104739,104741,2,,9
inbound,104705,104741,104744,3,,10
update,104715,104751,104754,3,,11
update,104726,104762,104765,3,,12
update,104737,104773,104776,3,,13
update,104748,104784,104787,3,,14
update,104759,104795,104798,3,,15
inbound,104760,104796,104799,3,,0
update,104770,104806,104809,3,,1
update,104781,104817,104820,3,,2
update,104792,104828,104831,3,,3
update,104803,104839,104842,3,,4
update,104814,104850,104853,3,,5
inbound,104815,104851,104853,2,,6
update,104825,104861,104864,3,,7
update,104836,104872,104874,2,,8
update,104847,104883,104885,2,,9
update,104858,104894,104897,3,,10
update,104869,104905,104907,2,,11
update,104880,104916,104919,3,,12
update,104891,104927,104930,3,,13
update,104902,104938,104943,5,,14
update,104913,104949,104952,3,,15
update,104924,104960,104963,3,,0
inbound,105000,105036,105041,5,,2
update,105000,105036,105041,5,,1
update,105011,105047,105049,2,,3
update,105022,105058,105060,2,,4
inbound,105025,105061,105063,2,,5
update,105033,105069,105072,3,,6
update,105044,105080,105084,4,,7
update,105055,105091,105093,2,,8
update,105066,105102,105105,3,,9
update,105077,105113,105116,3,,10
update,105088,105124,105127,3,,11
update,105099,105135,105138,3,,12
inbound,105100,105136,105139,3,,13
update,105110,105146,105149,3,,14
update,105121,105157,105160,3,,15
update,105132,105168,105170,2,,0
update,105143,105179,105182,3,,1
update,105154,105190,105193,3,,2
inbound,105155,105191,105195,4,,3
update,105165,105201,105204,3,,4
update,105176,105212,105215,3,,5
update,105187,105223,105226,3,,6
update,105198,105233,105236,3,,7
inbound,105200,105236,105239,3,,8
update,105209,105245,105248,3,,9
inbound,105210,105246,105250,4,,10
update,105220,105256,105259,3,,11
inbound,105225,105261,105264,3,,12
update,105231,105267,105270,3,,13
update,105242,105278,105281,3,,14
update,105253,105289,105292,3,,15
update,105264,105300,105303,3,,0
inbound,105265,105301,105304,3,,1
update,105275,105311,105314,3,,2
update,105286,105321,105325,4,,3
update,105297,105333,105336,3,,4
update,105308,105344,105346,2,,5
update,105319,105355,105363,8,,6
inbound,105320,105355,105363,8,,7
update,105330,105366,105369,3,,8
update,105341,105377,105380,3,,9
update,105352,105388,105390,2,,10
update,105363,105399,105402,3,,11
inbound,105375,105410,105413,3,,13
update,105374,105410,105413,3,,12
update,105385,105421,105424,3,,14
update,105396,105432,105435,3,,15
inbound,105400,105436,105439,3,,0
update,105407,105443,105446,3,,1
update,105418,105454,105457,3,,2
inbound,105425,105461,105464,3,,3
update,105429,105465,105468,3,,4
inbound,105430,105466,105469,3,,5
update,105440,105476,105479,3,,6
update,105451,105487,105490,3,,7
update,105462,105498,105501,3,,8
update,105473,105509,105512,3,,9
update,105484,105520,105524,4,,10
inbound,105485,105521,105528,7,,11
update,105495,105531,105535,4,,12
update,105506,105542,105546,4,,13
update,105517,105553,105557,4,,14
update,105528,105564,105568,4,,15
update,105539,105575,105580,5,,0
inbound,105540,105576,105580,4,,1
update,105550,105586,105589,3,,2
update,105561,105597,105600,3,,3
update,105572,105608,105610,2,,4
update,105583,105619,105623,4,,5
update,105594,105630,105635,5,,6
inbound,105595,105631,105636,5,,7
update,105605,105641,105644,3,,8
update,105616,105652,105655,3,,9
update,105627,105663,105666,3,,10
update,105638,105673,105677,4,,11
inbound,105650,105685,105689,4,,13
update,105649,105685,105689,4,,12
update,105660,105696,105699,3,,14
update,105671,105707,105710,3,,15
update,105682,105718,105720,2,,0
update,105693,105729,105732,3,,1
update,105704,105739,105744,5,,2
inbound,105705,105741,105744,3,,3
update,105715,105751,105753,2,,4
update,105726,105762,105765,3,,5
update,105737,105773,105775,2,,6
update,105748,105784,105787,3,,7
inbound,105760,105796,105799,3,,9
update,105759,105795,105799,4,,8
update,105770,105806,105809,3,,10
update,105781,105817,105820,3,,11
update,105792,105828,105831,3,,12
update,105803,105839,105843,4,,13
inbound,105815,105851,105856,5,,15
update,105814,105850,105856,6,,14
update,105825,105861,105865,4,,0
update,105836,105872,105878,6,,1
update,105847,105883,105887,4,,2
update,105858,105894,105897,3,,3
update,105869,105905,105909,4,,4
update,105880,105916,105920,4,,5
update,105891,105927,105930,3,,6
update,105902,105938,105942,4,,7
update,105913,105949,105952,3,,8
update,105924,105960,105964,4,,9
inbound,106000,106036,106039,3,,11
update,106000,106036,106040,4,,10
update,106011,106047,106050,3,,12
update,106022,106058,106061,3,,13
inbound,106025,106061,106063,2,,14
update,106033,106069,106072,3,,15
update,106044,106080,106084,4,,0
update,106055,106091,106094,3,,1
update,106066,106102,106105,3,,2
update,106077,106113,106115,2,,3
update,106088,106124,106128,4,,4
update,106099,106135,106139,4,,5
inbound,106100,106136,106141,5,,6
update,106110,106146,106150,4,,7
update,106121,106157,106161,4,,8
update,106132,106168,106172,4,,9
update,106143,106179,106182,3,,10
update,106154,106190,106193,3,,11
inbound,106155,106191,106194,3,,12
update,106165,106201,106205,4,,13
update,106176,106211,106213,2,,14
update,106187,106223,106226,3,,15
update,106198,106234,106237,3,,0
inbound,106200,106236,106240,4,,1
inbound,106210,106246,106250,4,,3
update,106209,106245,106251,6,,2
update,106220,106256,106262,6,,4
inbound,106225,106261,106265,4,,5
update,106231,106267,106270,3,,6
update,106242,106278,106280,2,,7
update,106253,106289,106294,5,,8
inbound,106265,106301,106305,4,,10
update,106264,106300,106305,5,,9
update,106275,106311,106314,3,,11
update,106286,106321,106324,3,,12
update,106297,106333,106336,3,,13
update,106308,106344,106348,4,,14
update,106319,106355,106359,4,,15
inbound,106320,106356,106360,4,,0
update,106330,106366,106368,2,,1
update,106341,106376,106379,3,,2
update,106352,106388,106391,3,,3
update,106363,106399,106402,3,,4
inbound,106375,106411,106414,3,,6
update,106374,106410,106414,4,,5
update,106385,106420,106422,2,,7
update,106396,106432,106435,3,,8
inbound,106400,106436,106439,3,,9
update,106407,106444,106446,2,,10
update,106418,106454,106457,3,,11
inbound,106425,106461,106465,4,,12
update,106429,106465,106468,3,,13
inbound,106430,106466,106469,3,,14
update,106440,106476,106481,5,,15
update,106451,106487,106489,2,,0
update,106462,106498,106501,3,,1
update,106473,106509,106512,3,,2
update,106484,106519,106521,2,,3
inbound,106485,106521,106527,6,,4
update,106495,106531,106535,4,,5
update,106506,106542,106547,5,,6
update,106517,106552,106555,3,,7
update,106528,106564,106567,3,,8
update,106539,106575,106580,5,,9
inbound,106540,106576,106580,4,,10
update,106550,106586,106589,3,,11
update,106561,106597,106601,4,,12
update,106572,106608,106611,3,,13
update,106583,106619,106622,3,,14
inbound,106595,106631,106635,4,,0
update,106594,106630,106635,5,,15
update,106605,106641,106647,6,,1
update,106616,106652,106654,2,,2
update,106627,106663,106666,3,,3
update,106638,106674,106677,3,,4
update,106649,106685,106688,3,,5
inbound,106650,106686,106689,3,,6
update,106660,106696,106700,4,,7
update,106671,106706,106709,3,,8
update,106682,106718,106721,3,,9
update,106693,106729,106732,3,,10
update,106704,106740,106743,3,,11
inbound,106705,106741,106744,3,,12
update,106715,106751,106754,3,,13
update,106726,106762,106765,3,,14
update,106737,106772,106775,3,,15
update,106748,106784,106787,3,,0
update,106759,106795,106798,3,,1
inbound,106760,106796,106798,2,,2
update,106770,106806,106809,3,,3
update,106781,106817,106820,3,,4
update,106792,106828,106832,4,,5
update,106803,106839,106842,3,,6
inbound,106815,106851,106854,3,,8
update,106814,106850,106854,4,,7
update,106825,106861,106864,3,,9
update,106836,106872,106874,2,,10
update,106847,106883,106886,3,,11
update,106858,106894,106897,3,,12
update,106869,106905,106909,4,,13
update,106880,106916,106920,4,,14
update,106891,106927,106930,3,,15
update,106902,106938,106942,4,,0
update,106913,106949,106953,4,,1
update,106924,106960,106962,2,,2
inbound,107000,107036,107040,4,,4
update,107000,107036,107040,4,,3
update,107011,107047,107050,3,,5
update,107022,107058,107061,3,,6
inbound,107025,107061,107063,2,,7
update,107033,107068,107071,3,,8
update,107044,107080,107083,3,,9
update,107055,107091,107093,2,,10
update,107066,107102,107105,3,,11
update,107077,107113,107116,3,,12
update,107088,107124,107126,2,,13
update,107099,107135,107137,2,,14
inbound,107100,107135,107138,3,,15
update,107110,107146,107148,2,,0
update,107121,107157,107160,3,,1
update,107132,107167,107170,3,,2
update,107143,107179,107182,3,,3
update,107154,107190,107193,3,,4
inbound,107155,107191,107194,3,,5
update,107165,107201,107204,3,,6
update,107176,107212,107214,2,,7
update,107187,107223,107226,3,,8
update,107198,107234,107238,4,,9
inbound,107200,107234,107238,4,,10
inbound,107210,107245,107248,3,,12
update,107209,107245,107248,3,,11
update,107220,107256,107260,4,,13
inbound,107225,107261,107263,2,,14
update,107231,107267,107270,3,,15
update,107242,107278,107281,3,,0
update,107253,107289,107292,3,,1
update,107264,107300,107304,4,,2
inbound,107265,107301,107305,4,,3
update,107275,107311,107315,4,,4
update,107286,107322,107324,2,,5
update,107297,107334,107336,2,,6
update,107308,107344,107346,2,,7
update,107319,107355,107358,3,,8
inbound,107320,107356,107360,4,,9
update,107330,107366,107369,3,,10
update,107341,107377,107381,4,,11
update,107352,107388,107392,4,,12
update,107363,107399,107402,3,,13
update,107374,107410,107414,4,,14
inbound,107375,107411,107416,5,,15
update,107385,107421,107424,3,,0
update,107396,107432,107435,3,,1
inbound,107400,107436,107439,3,,2
update,107407,107443,107446,3,,3
update,107418,107454,107456,2,,4
inbound,107425,107461,107464,3,,5
update,107429,107465,107469,4,,6
inbound,107430,107467,107470,3,,7
update,107440,107476,107479,3,,8
update,107451,107487,107490,3,,9
update,107462,107498,107500,2,,10
update,107473,107509,107513,4,,11
update,107484,107520,107524,4,,12
inbound,107485,107521,107524,3,,13
update,107495,107531,107535,4,,14
update,107506,107542,107545,3,,15
update,107517,107553,107556,3,,0
update,107528,107564,107566,2,,1
update,107539,107575,107578,3,,2
inbound,107540,107576,107579,3,,3
update,107550,107585,107588,3,,4
update,107561,107597,107599,2,,5
update,107572,107608,107611,3,,6
update,107583,107619,107622,3,,7
inbound,107595,107632,107637,5,,9
update,107594,107630,107637,7,,8
update,107605,107641,107645,4,,10
update,107616,107652,107656,4,,11
update,107627,107663,107665,2,,12
update,107638,107674,107676,2,,13
update,107649,107685,107689,4,,14
inbound,107650,107685,107690,5,,15
update,107660,107696,107700,4,,0
update,107671,107707,107710,3,,1
update,107682,107718,107720,2,,2
update,107693,107729,107733,4,,3
update,107704,107740,107743,3,,4
inbound,107705,107741,107745,4,,5
update,107715,107751,107754,3,,6
update,107726,107762,107766,4,,7
update,107737,107773,107775,2,,8
update,107748,107784,107787,3,,9
update,107759,107795,107798,3,,10
inbound,107760,107796,107799,3,,11
update,107770,107806,107809,3,,12
update,107781,107817,107820,3,,13
update,107792,107828,107831,3,,14
update,107803,107840,107842,2,,15
inbound,107815,107850,107852,2,,1
update,107814,107850,107854,4,,0
update,107825,107861,107864,3,,2
update,107836,107872,107874,2,,3
update,107847,107883,107885,2,,4
update,107858,107894,107897,3,,5
update,107869,107905,107908,3,,6
update,107880,107916,107918,2,,7
update,107891,107927,107929,2,,8
update,107902,107938,107940,2,,9
update,107913,107949,107951,2,,10
update,107924,107960,107962,2,,11
update,108000,108036,108039,3,,12
inbound,108000,108036,108039,3,,13
update,108011,108047,108050,3,,14
update,108022,108058,108060,2,,15
inbound,108025,108061,108064,3,,0
update,108033,108069,108072,3,,1
update,108044,108080,108086,6,,2
update,108055,108090,108093,3,,3
update,108066,108102,108105,3,,4
update,108077,108113,108115,2,,5
update,108088,108124,108126,2,,6
update,108099,108135,108139,4,,7
inbound,108100,108135,108139,4,,8
update,108110,108146,108149,3,,9
update,108121,108157,108160,3,,10
update,108132,108168,108171,3,,11
update,108143,108179,108182,3,,12
inbound,108155,108190,108193,3,,14
update,108154,108190,108193,3,,13
update,108165,108201,108204,3,,15
update,108176,108212,108215,3,,0
update,108187,108223,108225,2,,1
update,108198,108234,108237,3,,2
inbound,108200,108236,108239,3,,3
update,108209,108245,108248,3,,4
inbound,108210,108245,108249,4,,5
update,108220,108256,108258,2,,6
inbound,108225,108261,108264,3,,7
update,108231,108267,108269,2,,8
update,108242,108278,108280,2,,9
update,108253,108289,108292,3,,10
update,108264,108300,108303,3,,11
inbound,108265,108300,108303,3,,12
update,108275,108311,108314,3,,13
update,108286,108322,108325,3,,14
update,108297,108333,108336,3,,15
update,108308,108344,108348,4,,0
update,108319,108355,108358,3,,1
inbound,108320,108356,108359,3,,2
update,108330,108366,108369,3,,3
update,108341,108377,108379,2,,4
update,108352,108388,108390,2,,5
update,108363,108399,108401,2,,6
update,108374,108410,108413,3,,7
inbound,108375,108411,108414,3,,8
update,108385,108421,108423,2,,9
update,108396,108432,108436,4,,10
inbound,108400,108436,108438,2,,11
update,108407,108443,108446,3,,12
update,108418,108454,108457,3,,13
inbound,108425,108461,108463,2,,14
update,108429,108465,108468,3,,15
inbound,108430,108466,108469,3,,0
update,108440,108476,108478,2,,1
update,108451,108487,108489,2,,2
update,108462,108498,108500,2,,3
update,108473,108509,108512,3,,4
update,108484,108520,108523,3,,5
inbound,108485,108520,108523,3,,6
update,108495,108531,108534,3,,7
update,108506,108542,108545,3,,8
update,108517,108553,108555,2,,9
update,108528,108564,108567,3,,10
inbound,108540,108575,108578,3,,12
update,108539,108575,108578,3,,11
update,108550,108586,108589,3,,13
update,108561,108596,108599,3,,14
update,108572,108608,108610,2,,15
update,108583,108619,108622,3,,0
inbound,108595,108630,108634,4,,2
update,108594,108630,108634,4,,1
update,108605,108641,108644,3,,3
update,108616,108652,108655,3,,4
update,108627,108663,108665,2,,5
update,108638,108674,108677,3,,6
inbound,108650,108685,108688,3,,8
update,108649,108685,108688,3,,7
update,108660,108696,108699,3,,9
update,108671,108707,108710,3,,10
update,108682,108718,108720,2,,11
update,108693,108729,108732,3,,12
inbound,108705,108740,108743,3,,14
update,108704,108740,108743,3,,13
update,108715,108751,108753,2,,15
update,108726,108762,108765,3,,0
update,108737,108773,108776,3,,1
update,108748,108784,108786,2,,2
update,108759,108795,108798,3,,3
inbound,108760,108796,108799,3,,4
update,108770,108806,108808,2,,5
update,108781,108817,108819,2,,6
update,108792,108828,108831,3,,7
update,108803,108838,108841,3,,8
update,108814,108850,108853,3,,9
inbound,108815,108851,108853,2,,10
update,108825,108861,108864,3,,11
update,108836,108872,108875,3,,12
update,108847,108883,108886,3,,13
update,108858,108894,108897,3,,14
update,108869,108905,108907,2,,15
update,108880,108916,108919,3,,0
update,108891,108927,108930,3,,1
update,108902,108938,108940,2,,2
update,108913,108949,108951,2,,3
update,108924,108960,108963,3,,4
update,109000,109036,109040,4,,5
inbound,109000,109037,109040,3,,6
update,109011,109046,109049,3,,7
update,109022,109058,109061,3,,8
inbound,109025,109061,109064,3,,9
update,109033,109069,109072,3,,10
update,109044,109080,109083,3,,11
update,109055,109091,109094,3,,12
update,109066,109102,109105,3,,13
update,109077,109113,109116,3,,14
update,109088,109124,109128,4,,15
inbound,109100,109135,109138,3,,1
update,109099,109135,109139,4,,0
update,109110,109146,109149,3,,2
update,109121,109157,109159,2,,3
update,109132,109168,109171,3,,4
update,109143,109179,109182,3,,5
update,109154,109190,109193,3,,6
inbound,109155,109191,109195,4,,7
update,109165,109201,109203,2,,8
update,109176,109212,109215,3,,9
update,109187,109223,109226,3,,10
update,109198,109234,109236,2,,11
inbound,109200,109236,109239,3,,12
update,109209,109245,109249,4,,13
inbound,109210,109246,109249,3,,14
update,109220,109256,109260,4,,15
inbound,109225,109261,109264,3,,0
update,109231,109267,109271,4,,1
update,109242,109278,109281,3,,2
update,109253,109289,109292,3,,3
update,109264,109300,109303,3,,4
inbound,109265,109301,109304,3,,5
update,109275,109311,109313,2,,6
update,109286,109322,109324,2,,7
update,109297,109333,109336,3,,8
update,109308,109344,109348,4,,9
update,109319,109355,109358,3,,10
inbound,109320,109356,109359,3,,11
update,109330,109366,109369,3,,12
update,109341,109377,109380,3,,13
update,109352,109388,109393,5,,14
update,109363,109399,109401,2,,15
update,109374,109410,109414,4,,0
inbound,109375,109411,109415,4,,1
update,109385,109421,109424,3,,2
update,109396,109432,109436,4,,3
inbound,109400,109436,109439,3,,4
update,109407,109443,109446,3,,5
update,109418,109454,109457,3,,6
inbound,109425,109461,109463,2,,7
update,109429,109464,109468,4,,8
inbound,109430,109466,109469,3,,9
update,109440,109476,109478,2,,10
update,109451,109486,109488,2,,11
update,109462,109498,109501,3,,12
update,109473,109509,109513,4,,13
update,109484,109520,109523,3,,14
inbound,109485,109521,109525,4,,15
update,109495,109531,109534,3,,0
update,109506,109542,109545,3,,1
update,109517,109553,109556,3,,2
update,109528,109564,109567,3,,3
update,109539,109575,109578,3,,4
inbound,109540,109576,109580,4,,5
update,109550,109586,109589,3,,6
update,109561,109597,109601,4,,7
update,109572,109608,109611,3,,8
update,109583,109619,109622,3,,9
inbound,109595,109630,109633,3,,11
update,109594,109630,109634,4,,10
update,109605,109641,109645,4,,12
update,109616,109651,109655,4,,13
update,109627,109663,109666,3,,14
update,109638,109673,109675,2,,15
update,109649,109685,109689,4,,0
inbound,109650,109686,109689,3,,1
update,109660,109696,109701,5,,2
update,109671,109707,109710,3,,3
update,109682,109718,109721,3,,4
update,109693,109728,109731,3,,5
update,109704,109740,109743,3,,6
inbound,109705,109741,109746,5,,7
update,109715,109751,109756,5,,8
update,109726,109762,109765,3,,9
update,109737,109773,109776,3,,10
update,109748,109784,109787,3,,11
update,109759,109795,109797,2,,12
inbound,109760,109796,109799,3,,13
update,109770,109805,109808,3,,14
update,109781,109816,109818,2,,15
update,109792,109828,109830,2,,0
update,109803,109838,109841,3,,1
update,109814,109849,109852,3,,2
inbound,109815,109850,109853,3,,3
update,109825,109860,109863,3,,4
update,109836,109871,109874,3,,5
update,109847,109882,109885,3,,6
update,109858,109893,109895,2,,7
update,109869,109905,109908,3,,8
update,109880,109916,109919,3,,9
update,109891,109927,109929,2,,10
update,109902,109937,109940,3,,11
update,109913,109949,109952,3,,12
update,109924,109959,109962,3,,13
inbound,110000,110036,110039,3,,15
update,110000,110035,110040,5,,14
update,110011,110047,110049,2,,0
update,110022,110058,110062,4,,1
inbound,110025,110060,110064,4,,2
update,110033,110068,110071,3,,3
update,110044,110079,110081,2,,4
update,110055,110090,110093,3,,5
update,110066,110101,110105,4,,6
update,110077,110112,110115,3,,7
update,110088,110123,110126,3,,8
update,110099,110134,110137,3,,9
inbound,110100,110135,110138,3,,10
update,110110,110145,110148,3,,11
update,110121,110156,110159,3,,12
update,110132,110167,110170,3,,13
update,110143,110178,110181,3,,14
update,110154,110189,110193,4,,15
inbound,110155,110190,110194,4,,0
update,110165,110201,110204,3,,1
update,110176,110211,110213,2,,2
update,110187,110222,110224,2,,3
update,110198,110233,110236,3,,4
inbound,110200,110235,110238,3,,5
update,110209,110244,110248,4,,6
inbound,110210,110244,110248,4,,7
update,110220,110255,110257,2,,8
inbound,110225,110261,110263,2,,9
update,110231,110266,110269,3,,10
update,110242,110277,110280,3,,11
update,110253,110288,110291,3,,12
update,110264,110300,110303,3,,13
inbound,110265,110301,110305,4,,14
update,110275,110310,110313,3,,15
update,110286,110321,110324,3,,0
update,110297,110332,110335,3,,1
update,110308,110343,110346,3,,2
update,110319,110354,110357,3,,3
inbound,110320,110355,110359,4,,4
update,110330,110365,110368,3,,5
update,110341,110375,110378,3,,6
update,110352,110387,110390,3,,7
update,110363,110398,110401,3,,8
update,110374,110409,110412,3,,9
inbound,110375,110410,110415,5,,10
update,110385,110420,110423,3,,11
update,110396,110431,110433,2,,12
inbound,110400,110435,110438,3,,13
update,110407,110442,110445,3,,14
update,110418,110453,110456,3,,15
inbound,110425,110460,110463,3,,0
update,110429,110464,110467,3,,1
inbound,110430,110465,110468,3,,2
update,110440,110475,110478,3,,3
update,110451,110486,110489,3,,4
update,110462,110497,110500,3,,5
update,110473,110508,110511,3,,6
update,110484,110519,110522,3,,7
inbound,110485,110520,110523,3,,8
update,110495,110530,110533,3,,9
update,110506,110541,110544,3,,10
update,110517,110552,110555,3,,11
update,110528,110563,110566,3,,12
update,110539,110575,110578,3,,13
inbound,110540,110575,110578,3,,14
update,110550,110585,110587,2,,15
update,110561,110596,110598,2,,0
update,110572,110606,110609,3,,1
update,110583,110618,110620,2,,2
update,110594,110629,110632,3,,3
inbound,110595,110631,110634,3,,4
update,110605,110641,110645,4,,5
update,110616,110651,110655,4,,6
update,110627,110662,110665,3,,7
update,110638,110673,110675,2,,8
inbound,110650,110684,110688,4,,10
update,110649,110684,110688,4,,9
update,110660,110695,110698,3,,11
update,110671,110706,110710,4,,12
update,110682,110717,110720,3,,13
update,110693,110728,110730,2,,14
update,110704,110739,110743,4,,15
inbound,110705,110740,110744,4,,0
update,110715,110750,110752,2,,1
update,110726,110761,110764,3,,2
update,110737,110772,110775,3,,3
update,110748,110784,110786,2,,4
inbound,110760,110795,110799,4,,6
update,110759,110794,110799,5,,5
update,110770,110805,110808,3,,7
update,110781,110816,110819,3,,8
update,110792,110827,110831,4,,9
update,110803,110838,110843,5,,10
update,110814,110849,110853,4,,11
inbound,110815,110850,110855,5,,12
update,110825,110860,110863,3,,13
update,110836,110871,110874,3,,14
update,110847,110882,110886,4,,15
update,110858,110893,110898,5,,0
update,110869,110904,110907,3,,1
update,110880,110915,110919,4,,2
update,110891,110926,110931,5,,3
update,110902,110937,110943,6,,4
update,110913,110948,110952,4,,5
update,110924,110959,110963,4,,6
inbound,111000,111035,111039,4,,8
update,111000,111035,111039,4,,7
update,111011,111046,111049,3,,9
update,111022,111057,111060,3,,10
inbound,111025,111060,111063,3,,11
update,111033,111068,111071,3,,12
update,111044,111079,111082,3,,13
update,111055,111091,111093,2,,14
update,111066,111102,111104,2,,15
update,111077,111113,111116,3,,0
update,111088,111124,111127,3,,1
update,111099,111135,111138,3,,2
inbound,111100,111136,111139,3,,3
update,111110,111146,111148,2,,4
update,111121,111157,111159,2,,5
update,111132,111168,111171,3,,6
update,111143,111179,111182,3,,7
update,111154,111190,111194,4,,8
inbound,111155,111191,111194,3,,9
update,111165,111201,111204,3,,10
update,111176,111212,111215,3,,11
update,111187,111223,111226,3,,12
update,111198,111234,111237,3,,13
inbound,111200,111236,111239,3,,14
update,111209,111245,111248,3,,15
inbound,111210,111246,111249,3,,0
update,111220,111256,111259,3,,1
inbound,111225,111261,111264,3,,2
update,111231,111267,111270,3,,3
update,111242,111278,111280,2,,4
update,111253,111289,111291,2,,5
update,111264,111300,111304,4,,6
inbound,111265,111301,111304,3,,7
update,111275,111311,111314,3,,8
update,111286,111322,111325,3,,9
update,111297,111333,111335,2,,10
update,111308,111344,111348,4,,11
inbound,111320,111355,111358,3,,13
update,111319,111355,111358,3,,12
update,111330,111366,111368,2,,14
update,111341,111377,111381,4,,15
update,111352,111388,111391,3,,0
update,111363,111399,111401,2,,1
update,111374,111410,111412,2,,2
inbound,111375,111411,111415,4,,3
update,111385,111421,111423,2,,4
update,111396,111432,111435,3,,5
inbound,111400,111436,111438,2,,6
update,111407,111443,111446,3,,7
update,111418,111454,111457,3,,8
inbound,111425,111461,111464,3,,9
update,111429,111465,111469,4,,10
inbound,111430,111465,111469,4,,11
update,111440,111476,111478,2,,12
update,111451,111487,111490,3,,13
update,111462,111498,111501,3,,14
update,111473,111509,111511,2,,15
update,111484,111520,111523,3,,0
inbound,111485,111521,111525,4,,1
update,111495,111531,111534,3,,2
update,111506,111542,111545,3,,3
update,111517,111553,111556,3,,4
update,111528,111564,111567,3,,5
update,111539,111575,111578,3,,6
inbound,111540,111576,111579,3,,7
update,111550,111586,111589,3,,8
update,111561,111597,111600,3,,9
update,111572,111608,111612,4,,10
update,111583,111619,111622,3,,11
update,111594,111630,111634,4,,12
inbound,111595,111631,111635,4,,13
update,111605,111641,111645,4,,14
update,111616,111652,111658,6,,15
update,111627,111663,111667,4,,0
update,111638,111674,111677,3,,1
update,111649,111685,111691,6,,2
inbound,111650,111686,111692,6,,3
update,111660,111696,111700,4,,4
update,111671,111707,111711,4,,5
update,111682,111718,111721,3,,6
update,111693,111729,111732,3,,7
inbound,111705,111741,111745,4,,9
update,111704,111740,111746,6,,8
update,111715,111751,111755,4,,10
update,111726,111762,111765,3,,11
update,111737,111773,111776,3,,12
update,111748,111784,111790,6,,13
update,111759,111795,111802,7,,14
inbound,111760,111796,111802,6,,15
update,111770,111806,111809,3,,0
update,111781,111817,111820,3,,1
update,111792,111828,111831,3,,2
update,111803,111839,111841,2,,3
update,111814,111850,111853,3,,4
inbound,111815,111851,111853,2,,5
update,111825,111861,111865,4,,6
update,111836,111872,111875,3,,7
update,111847,111883,111886,3,,8
update,111858,111894,111896,2,,9
update,111869,111905,111907,2,,10
update,111880,111916,111919,3,,11
update,111891,111927,111929,2,,12
update,111902,111938,111941,3,,13
update,111913,111949,111952,3,,14
update,111924,111960,111963,3,,15
inbound,112000,112036,112040,4,,1
update,112000,112036,112040,4,,0
update,112011,112047,112049,2,,2
update,112022,112058,112060,2,,3
inbound,112025,112061,112063,2,,4
update,112033,112069,112071,2,,5
update,112044,112080,112083,3,,6
update,112055,112091,112094,3,,7
update,112066,112102,112105,3,,8
update,112077,112113,112116,3,,9
update,112088,112124,112126,2,,10
update,112099,112135,112138,3,,11
inbound,112100,112136,112139,3,,12
update,112110,112146,112149,3,,13
update,112121,112157,112159,2,,14
update,112132,112168,112171,3,,15
update,112143,112179,112182,3,,0
update,112154,112190,112192,2,,1
inbound,112155,112191,112194,3,,2
update,112165,112201,112203,2,,3
update,112176,112212,112214,2,,4
update,112187,112223,112225,2,,5
update,112198,112234,112237,3,,6
inbound,112200,112236,112238,2,,7
update,112209,112245,112247,2,,8
inbound,112210,112246,112249,3,,9
update,112220,112256,112258,2,,10
inbound,112225,112261,112264,3,,11
update,112231,112267,112270,3,,12
update,112242,112278,112280,2,,13
update,112253,112289,112292,3,,14
update,112264,112300,112303,3,,15
inbound,112265,112301,112304,3,,0
update,112275,112311,112314,3,,1
update,112286,112322,112324,2,,2
update,112297,112333,112335,2,,3
update,112308,112344,112347,3,,4
update,112319,112355,112358,3,,5
inbound,112320,112356,112359,3,,6
update,112330,112366,112369,3,,7
update,112341,112377,112379,2,,8
update,112352,112388,112390,2,,9
update,112363,112399,112402,3,,10
update,112374,112410,112413,3,,11
inbound,112375,112411,112414,3,,12
update,112385,112421,112424,3,,13
update,112396,112432,112434,2,,14
inbound,112400,112436,112438,2,,15
update,112407,112443,112446,3,,0
update,112418,112454,112456,2,,1
inbound,112425,112461,112463,2,,2
update,112429,112465,112469,4,,3
inbound,112430,112466,112469,3,,4
update,112440,112476,112479,3,,5
update,112451,112487,112490,3,,6
update,112462,112498,112500,2,,7
update,112473,112509,112512,3,,8
update,112484,112520,112523,3,,9
inbound,112485,112521,112524,3,,10
update,112495,112531,112534,3,,11
update,112506,112542,112544,2,,12
update,112517,112553,112555,2,,13
update,112528,112564,112566,2,,14
update,112539,112575,112578,3,,15
inbound,112540,112576,112579,3,,0
update,112550,112586,112588,2,,1
update,112561,112597,112600,3,,2
update,112572,112608,112611,3,,3
update,112583,112619,112622,3,,4
update,112594,112630,112633,3,,5
inbound,112595,112631,112634,3,,6
update,112605,112641,112644,3,,7
update,112616,112652,112655,3,,8
update,112627,112663,112666,3,,9
update,112638,112674,112677,3,,10
update,112649,112685,112688,3,,11
inbound,112650,112686,112689,3,,12
update,112660,112696,112698,2,,13
update,112671,112707,112709,2,,14
update,112682,112718,112721,3,,15
update,112693,112729,112732,3,,0
update,112704,112740,112743,3,,1
inbound,112705,112741,112744,3,,2
update,112715,112751,112754,3,,3
update,112726,112762,112765,3,,4
update,112737,112773,112776,3,,5
update,112748,112784,112786,2,,6
update,112759,112795,112797,2,,7
inbound,112760,112796,112798,2,,8
update,112770,112806,112808,2,,9
update,112781,112817,112820,3,,10
update,112792,112828,112831,3,,11
update,112803,112839,112842,3,,12
update,112814,112850,112853,3,,13
inbound,112815,112851,112853,2,,14
update,112825,112861,112864,3,,15
update,112836,112872,112874,2,,0
update,112847,112883,112885,2,,1
update,112858,112894,112897,3,,2
update,112869,112905,112908,3,,3
update,112880,112916,112919,3,,4
update,112891,112927,112929,2,,5
update,112902,112938,112940,2,,6
update,112913,112948,112953,5,,7
update,112924,112960,112963,3,,8
inbound,113000,113037,113040,3,,10
update,113000,113036,113040,4,,9
update,113011,113047,113050,3,,11
update,113022,113058,113060,2,,12
inbound,113025,113061,113064,3,,13
update,113033,113069,113072,3,,14
update,113044,113080,113082,2,,15
update,113055,113091,113093,2,,0
update,113066,113102,113105,3,,1
update,113077,113113,113116,3,,2
update,113088,113124,113127,3,,3
update,113099,113135,113138,3,,4
inbound,113100,113136,113139,3,,5
update,113110,113146,113149,3,,6
update,113121,113157,113160,3,,7
update,113132,113168,113171,3,,8
update,113143,113179,113182,3,,9
update,113154,113190,113193,3,,10
inbound,113155,113190,113194,4,,11
update,113165,113201,113204,3,,12
update,113176,113212,113215,3,,13
update,113187,113223,113225,2,,14
update,113198,113234,113238,4,,15
inbound,113200,113236,113239,3,,0
update,113209,113245,113248,3,,1
inbound,113210,113246,113250,4,,2
update,113220,113256,113258,2,,3
inbound,113225,113261,113265,4,,4
update,113231,113267,113270,3,,5
update,113242,113278,113280,2,,6
update,113253,113289,113292,3,,7
update,113264,113300,113303,3,,8
inbound,113265,113301,113305,4,,9
update,113275,113311,113313,2,,10
update,113286,113321,113324,3,,11
update,113297,113333,113336,3,,12
update,113308,113344,113348,4,,13
update,113319,113355,113360,5,,14
inbound,113320,113356,113361,5,,15
update,113330,113366,113369,3,,0
update,113341,113377,113380,3,,1
update,113352,113388,113391,3,,2
update,113363,113399,113403,4,,3
update,113374,113410,113413,3,,4
inbound,113375,113411,113415,4,,5
update,113385,113421,113424,3,,6
update,113396,113432,113435,3,,7
inbound,113400,113436,113439,3,,8
update,113407,113443,113447,4,,9
update,113418,113454,113456,2,,10
inbound,113425,113461,113464,3,,11
update,113429,113465,113468,3,,12
inbound,113430,113466,113469,3,,13
update,113440,113476,113479,3,,14
update,113451,113487,113490,3,,15
update,113462,113498,113501,3,,0
update,113473,113509,113512,3,,1
update,113484,113520,113523,3,,2
inbound,113485,113521,113525,4,,3
update,113495,113531,113534,3,,4
update,113506,113542,113545,3,,5
update,113517,113553,113556,3,,6
update,113528,113564,113567,3,,7
update,113539,113575,113582,7,,8
inbound,113540,113576,113583,7,,9
update,113550,113586,113589,3,,10
update,113561,113597,113600,3,,11
update,113572,113608,113610,2,,12
update,113583,113619,113622,3,,13
update,113594,113630,113634,4,,14
inbound,113595,113631,113634,3,,15
update,113605,113641,113643,2,,0
update,113616,113652,113655,3,,1
update,113627,113663,113670,7,,2
update,113638,113674,113678,4,,3
update,113649,113685,113688,3,,4
inbound,113650,113686,113689,3,,5
update,113660,113696,113699,3,,6
update,113671,113707,113710,3,,7
update,113682,113718,113722,4,,8
update,113693,113729,113732,3,,9
inbound,113705,113741,113744,3,,11
update,113704,113740,113744,4,,10
update,113715,113751,113755,4,,12
update,113726,113762,113765,3,,13
update,113737,113773,113776,3,,14
update,113748,113784,113787,3,,15
inbound,113760,113795,113798,3,,1
update,113759,113795,113799,4,,0
update,113770,113806,113809,3,,2
update,113781,113817,113820,3,,3
update,113792,113828,113830,2,,4
update,113803,113839,113842,3,,5
update,113814,113850,113853,3,,6
inbound,113815,113851,113854,3,,7
update,113825,113861,113864,3,,8
update,113836,113871,113875,4,,9
update,113847,113883,113887,4,,10
update,113858,113894,113896,2,,11
update,113869,113905,113908,3,,12
update,113880,113916,113918,2,,13
update,113891,113927,113931,4,,14
update,113902,113938,113942,4,,15
update,113913,113949,113952,3,,0
update,113924,113960,113963,3,,1
inbound,114000,114036,114039,3,,3
update,114000,114036,114039,3,,2
update,114011,114047,114050,3,,4
update,114022,114058,114061,3,,5
inbound,114025,114061,114064,3,,6
update,114033,114069,114072,3,,7
update,114044,114080,114083,3,,8
update,114055,114091,114094,3,,9
update,114066,114102,114105,3,,10
update,114077,114113,114115,2,,11
update,114088,114124,114127,3,,12
update,114099,114135,114138,3,,13
inbound,114100,114136,114139,3,,14
update,114110,114146,114150,4,,15
update,114121,114157,114162,5,,0
update,114132,114168,114171,3,,1
update,114143,114179,114181,2,,2
update,114154,114190,114193,3,,3
inbound,114155,114191,114194,3,,4
update,114165,114201,114203,2,,5
update,114176,114212,114215,3,,6
update,114187,114223,114226,3,,7
update,114198,114234,114236,2,,8
inbound,114200,114236,114239,3,,9
update,114209,114245,114249,4,,10
inbound,114210,114246,114249,3,,11
update,114220,114256,114259,3,,12
inbound,114225,114261,114264,3,,13
update,114231,114267,114269,2,,14
update,114242,114278,114280,2,,15
update,114253,114289,114292,3,,0
update,114264,114300,114303,3,,1
inbound,114265,114301,114305,4,,2
update,114275,114311,114314,3,,3
update,114286,114321,114324,3,,4
update,114297,114333,114335,2,,5
update,114308,114344,114347,3,,6
update,114319,114355,114358,3,,7
inbound,114320,114356,114360,4,,8
update,114330,114366,114369,3,,9
update,114341,114377,114379,2,,10
update,114352,114388,114391,3,,11
update,114363,114399,114403,4,,12
update,114374,114410,114414,4,,13
inbound,114375,114411,114415,4,,14
update,114385,114421,114424,3,,15
update,114396,114432,114436,4,,0
inbound,114400,114436,114439,3,,1
update,114407,114443,114446,3,,2
update,114418,114454,114456,2,,3
inbound,114425,114461,114463,2,,4
update,114429,114465,114468,3,,5
inbound,114430,114466,114470,4,,6
update,114440,114476,114478,2,,7
update,114451,114487,114489,2,,8
update,114462,114498,114501,3,,9
update,114473,114509,114511,2,,10
update,114484,114520,114524,4,,11
inbound,114485,114521,114525,4,,12
update,114495,114531,114535,4,,13
update,114506,114542,114545,3,,14
update,114517,114553,114556,3,,15
update,114528,114564,114567,3,,0
update,114539,114575,114578,3,,1
inbound,114540,114577,114582,5,,2
update,114550,114586,114589,3,,3
update,114561,114597,114600,3,,4
update,114572,114608,114611,3,,5
update,114583,114619,114621,2,,6
update,114594,114630,114632,2,,7
inbound,114595,114631,114635,4,,8
update,114605,114641,114644,3,,9
update,114616,114652,114656,4,,10
update,114627,114663,114666,3,,11
update,114638,114674,114678,4,,12
update,114649,114685,114692,7,,13
inbound,114650,114686,114694,8,,14
update,114660,114696,114699,3,,15
update,114671,114707,114710,3,,0
update,114682,114718,114723,5,,1
update,114693,114729,114736,7,,2
update,114704,114740,114742,2,,3
inbound,114705,114741,114744,3,,4
update,114715,114751,114754,3,,5
update,114726,114762,114765,3,,6
update,114737,114772,114775,3,,7
update,114748,114784,114788,4,,8
update,114759,114795,114798,3,,9
inbound,114760,114796,114799,3,,10
update,114770,114806,114809,3,,11
update,114781,114817,114820,3,,12
update,114792,114828,114830,2,,13
update,114803,114839,114842,3,,14
update,114814,114850,114853,3,,15
inbound,114815,114851,114854,3,,0
update,114825,114861,114864,3,,1
update,114836,114872,114875,3,,2
update,114847,114883,114886,3,,3
update,114858,114894,114897,3,,4
update,114869,114904,114907,3,,5
update,114880,114915,114918,3,,6
update,114891,114927,114930,3,,7
update,114902,114938,114941,3,,8
update,114913,114949,114951,2,,9
update,114924,114960,114963,3,,10
update,115000,115036,115040,4,,11
inbound,115000,115037,115040,3,,12
update,115011,115047,115049,2,,13
update,115022,115058,115060,2,,14
inbound,115025,115062,115065,3,,15
update,115033,115069,115072,3,,0
update,115044,115080,115082,2,,1
update,115055,115091,115093,2,,2
update,115066,115102,115105,3,,3
update,115077,115113,115116,3,,4
update,115088,115124,115126,2,,5
update,115099,115135,115138,3,,6
inbound,115100,115137,115140,3,,7
update,115110,115146,115149,3,,8
update,115121,115157,115160,3,,9
update,115132,115168,115170,2,,10
update,115143,115179,115182,3,,11
update,115154,115190,115194,4,,12
inbound,115155,115192,115195,3,,13
update,115165,115201,115204,3,,14
update,115176,115212,115215,3,,15
update,115187,115223,115226,3,,0
update,115198,115234,115236,2,,1
inbound,115200,115237,115239,2,,2
update,115209,115245,115248,3,,3
inbound,115210,115247,115250,3,,4
update,115220,115256,115259,3,,5
inbound,115225,115262,115264,2,,6
update,115231,115267,115269,2,,7
update,115242,115278,115281,3,,8
update,115253,115289,115291,2,,9
update,115264,115301,115305,4,,10
inbound,115265,115301,115305,4,,11
update,115275,115312,115315,3,,12
update,115286,115323,115325,2,,13
update,115297,115334,115336,2,,14
update,115308,115345,115348,3,,15
update,115319,115356,115359,3,,0
inbound,115320,115357,115360,3,,1
update,115330,115367,115369,2,,2
update,115341,115378,115381,3,,3
update,115352,115389,115392,3,,4
update,115363,115400,115403,3,,5
update,115374,115411,115414,3,,6
inbound,115375,115412,115415,3,,7
update,115385,115422,115425,3,,8
update,115396,115433,115436,3,,9
inbound,115400,115437,115439,2,,10
update,115407,115444,115446,2,,11
update,115418,115455,115457,2,,12
inbound,115425,115462,115464,2,,13
update,115429,115466,115469,3,,14
inbound,115430,115467,115471,4,,15
update,115440,115477,115480,3,,0
update,115451,115488,115491,3,,1
update,115462,115499,115502,3,,2
update,115473,115510,115513,3,,3
inbound,115485,115522,115525,3,,5
update,115484,115521,115525,4,,4
update,115495,115532,115535,3,,6
update,115506,115543,115546,3,,7
update,115517,115553,115556,3,,8
update,115528,115565,115568,3,,9
update,115539,115576,115580,4,,10
inbound,115540,115577,115581,4,,11
update,115550,115587,115590,3,,12
update,115561,115598,115601,3,,13
update,115572,115609,115612,3,,14
update,115583,115620,115623,3,,15
update,115594,115631,115635,4,,0
inbound,115595,115632,115635,3,,1
update,115605,115642,115645,3,,2
update,115616,115653,115656,3,,3
update,115627,115664,115667,3,,4
update,115638,115675,115679,4,,5
update,115649,115686,115689,3,,6
inbound,115650,115687,115690,3,,7
update,115660,115697,115700,3,,8
update,115671,115708,115711,3,,9
update,115682,115719,115722,3,,10
update,115693,115730,115733,3,,11
update,115704,115741,115744,3,,12
inbound,115705,115742,115745,3,,13
update,115715,115752,115754,2,,14
update,115726,115763,115766,3,,15
update,115737,115774,115777,3,,0
update,115748,115785,115788,3,,1
update,115759,115796,115799,3,,2
inbound,115760,115797,115799,2,,3
update,115770,115807,115810,3,,4
update,115781,115818,115821,3,,5
update,115792,115829,115832,3,,6
update,115803,115840,115843,3,,7
inbound,115815,115852,115855,3,,9
update,115814,115851,115855,4,,8
update,115825,115862,115865,3,,10
update,115836,115873,115877,4,,11
update,115847,115884,115888,4,,12
update,115858,115895,115899,4,,13
update,115869,115906,115909,3,,14
update,115880,115917,115921,4,,15
update,115891,115928,115932,4,,0
update,115902,115939,115942,3,,1
update,115913,115950,115954,4,,2
update,115924,115961,115964,3,,3
inbound,116000,116038,116041,3,,5
update,116000,116038,116041,3,,4
update,116011,116048,116051,3,,6
update,116022,116059,116062,3,,7
inbound,116025,116062,116064,2,,8
update,116033,116070,116073,3,,9
update,116044,116081,116084,3,,10
update,116055,116092,116096,4,,11
update,116066,116103,116106,3,,12
update,116077,116114,116117,3,,13
update,116088,116125,116128,3,,14
inbound,116100,116137,116140,3,,0
update,116099,116136,116140,4,,15
update,116110,116147,116150,3,,1
update,116121,116158,116161,3,,2
update,116132,116169,116172,3,,3
update,116143,116180,116185,5,,4
update,116154,116191,116194,3,,5
inbound,116155,116192,116196,4,,6
update,116165,116202,116205,3,,7
update,116176,116213,116216,3,,8
update,116187,116224,116227,3,,9
update,116198,116235,116239,4,,10
inbound,116200,116237,116241,4,,11
update,116209,116246,116249,3,,12
inbound,116210,116247,116250,3,,13
update,116220,116257,116260,3,,14
inbound,116225,116262,116265,3,,15
update,116231,116268,116270,2,,0
update,116242,116279,116283,4,,1
update,116253,116290,116294,4,,2
update,116264,116301,116306,5,,3
inbound,116265,116302,116307,5,,4
update,116275,116312,116317,5,,5
update,116286,116323,116326,3,,6
update,116297,116334,116338,4,,7
update,116308,116345,116348,3,,8
update,116319,116356,116360,4,,9
inbound,116320,116357,116361,4,,10
update,116330,116366,116370,4,,11
update,116341,116378,116380,2,,12
update,116352,116389,116393,4,,13
update,116363,116400,116403,3,,14
update,116374,116411,116414,3,,15
inbound,116375,116412,116415,3,,0
update,116385,116422,116425,3,,1
update,116396,116433,116436,3,,2
inbound,116400,116437,116440,3,,3
update,116407,116444,116448,4,,4
update,116418,116455,116458,3,,5
inbound,116425,116462,116465,3,,6
update,116429,116466,116469,3,,7
inbound,116430,116467,116470,3,,8
update,116440,116477,116479,2,,9
update,116451,116488,116491,3,,10
update,116462,116499,116502,3,,11
update,116473,116510,116513,3,,12
update,116484,116521,116524,3,,13
inbound,116485,116522,116527,5,,14
update,116495,116532,116535,3,,15
update,116506,116543,116547,4,,0
update,116517,116554,116557,3,,1
update,116528,116565,116568,3,,2
inbound,116540,116576,116580,4,,4
update,116539,116576,116580,4,,3
update,116550,116587,116590,3,,5
update,116561,116598,116601,3,,6
update,116572,116609,116614,5,,7
update,116583,116620,116624,4,,8
update,116594,116630,116636,6,,9
inbound,116595,116632,116636,4,,10
update,116605,116642,116647,5,,11
update,116616,116653,116658,5,,12
update,116627,116664,116668,4,,13
update,116638,116675,116678,3,,14
update,116649,116686,116692,6,,15
inbound,116650,116687,116692,5,,0
update,116660,116697,116701,4,,1
update,116671,116708,116710,2,,2
update,116682,116719,116722,3,,3
update,116693,116730,116733,3,,4
inbound,116705,116742,116745,3,,6
update,116704,116741,116745,4,,5
update,116715,116752,116755,3,,7
update,116726,116763,116766,3,,8
update,116737,116774,116776,2,,9
update,116748,116785,116788,3,,10
update,116759,116796,116799,3,,11
inbound,116760,116797,116799,2,,12
update,116770,116807,116811,4,,13
update,116781,116818,116820,2,,14
update,116792,116829,116831,2,,15
update,116803,116840,116842,2,,0
inbound,116815,116852,116855,3,,2
update,116814,116851,116856,5,,1
update,116825,116862,116865,3,,3
update,116836,116873,116876,3,,4
update,116847,116883,116887,4,,5
update,116858,116895,116897,2,,6
update,116869,116906,116909,3,,7
update,116880,116917,116920,3,,8
update,116891,116928,116931,3,,9
update,116902,116939,116943,4,,10
update,116913,116950,116953,3,,11
update,116924,116961,116965,4,,12
inbound,117000,117037,117040,3,,14
update,117000,117037,117041,4,,13
update,117011,117048,117051,3,,15
update,117022,117059,117062,3,,0
inbound,117025,117062,117064,2,,1
update,117033,117070,117073,3,,2
update,117044,117081,117084,3,,3
update,117055,117092,117094,2,,4
update,117066,117103,117106,3,,5
update,117077,117114,117117,3,,6
update,117088,117125,117128,3,,7
update,117099,117137,117140,3,,8
inbound,117100,117137,117140,3,,9
update,117110,117147,117150,3,,10
update,117121,117158,117160,2,,11
update,117132,117169,117172,3,,12
update,117143,117180,117183,3,,13
update,117154,117191,117194,3,,14
inbound,117155,117192,117195,3,,15
update,117165,117202,117205,3,,0
update,117176,117213,117216,3,,1
update,117187,117223,117226,3,,2
update,117198,117235,117239,4,,3
inbound,117200,117238,117240,2,,4
update,117209,117246,117249,3,,5
inbound,117210,117247,117251,4,,6
update,117220,117257,117259,2,,7
inbound,117225,117262,117265,3,,8
update,117231,117268,117272,4,,9
update,117242,117279,117282,3,,10
update,117253,117290,117295,5,,11
update,117264,117300,117303,3,,12
inbound,117265,117302,117306,4,,13
update,117275,117312,117316,4,,14
update,117286,117323,117326,3,,15
update,117297,117334,117337,3,,0
update,117308,117345,117348,3,,1
update,117319,117356,117360,4,,2
inbound,117320,117357,117361,4,,3
update,117330,117367,117371,4,,4
update,117341,117378,117383,5,,5
update,117352,117389,117396,7,,6
update,117363,117400,117404,4,,7
update,117374,117411,117414,3,,8
inbound,117375,117412,117415,3,,9
update,117385,117422,117426,4,,10
update,117396,117433,117437,4,,11
inbound,117400,117437,117441,4,,12
update,117407,117444,117448,4,,13
update,117418,117455,117459,4,,14
inbound,117425,117462,117465,3,,15
update,117429,117465,117468,3,,0
inbound,117430,117467,117472,5,,1
update,117440,117477,117479,2,,2
update,117451,117488,117491,3,,3
update,117462,117499,117502,3,,4
update,117473,117510,117514,4,,5
update,117484,117521,117524,3,,6
inbound,117485,117522,117526,4,,7
update,117495,117532,117535,3,,8
update,117506,117542,117545,3,,9
update,117517,117554,117557,3,,10
update,117528,117565,117568,3,,11
update,117539,117576,117579,3,,12
inbound,117540,117577,117580,3,,13
update,117550,117587,117590,3,,14
update,117561,117598,117601,3,,15
update,117572,117609,117612,3,,0
update,117583,117620,117623,3,,1
update,117594,117631,117634,3,,2
inbound,117595,117632,117636,4,,3
update,117605,117642,117644,2,,4
update,117616,117653,117656,3,,5
update,117627,117664,117667,3,,6
update,117638,117675,117678,3,,7
update,117649,117686,117692,6,,8
inbound,117650,117687,117692,5,,9
update,117660,117697,117701,4,,10
update,117671,117708,117711,3,,11
update,117682,117719,117722,3,,12
update,117693,117730,117733,3,,13
update,117704,117741,117746,5,,14
inbound,117705,117742,117746,4,,15
update,117715,117752,117754,2,,0
update,117726,117764,117766,2,,1
update,117737,117774,117778,4,,2
update,117748,117785,117788,3,,3
inbound,117760,117797,117801,4,,5
update,117759,117796,117802,6,,4
update,117770,117807,117810,3,,6
update,117781,117818,117823,5,,7
update,117792,117829,117831,2,,8
update,117803,117840,117843,3,,9
inbound,117815,117852,117854,2,,11
update,117814,117851,117855,4,,10
update,117825,117862,117865,3,,12
update,117836,117873,117876,3,,13
update,117847,117884,117887,3,,14
update,117858,117895,117898,3,,15
update,117869,117906,117909,3,,0
update,117880,117917,117920,3,,1
update,117891,117928,117930,2,,2
update,117902,117939,117942,3,,3
update,117913,117950,117953,3,,4
update,117924,117961,117964,3,,5
update,118000,118037,118040,3,,6
inbound,118000,118037,118040,3,,7
update,118011,118048,118051,3,,8
update,118022,118059,118063,4,,9
inbound,118025,118062,118065,3,,10
update,118033,118070,118073,3,,11
update,118044,118081,118084,3,,12
update,118055,118092,118095,3,,13
update,118066,118103,118106,3,,14
update,118077,118114,118118,4,,15
update,118088,118124,118127,3,,0
update,118099,118136,118140,4,,1
inbound,118100,118137,118140,3,,2
update,118110,118147,118150,3,,3
update,118121,118158,118160,2,,4
update,118132,118169,118172,3,,5
update,118143,118180,118183,3,,6
update,118154,118191,118194,3,,7
inbound,118155,118192,118195,3,,8
update,118165,118202,118205,3,,9
update,118176,118213,118217,4,,10
update,118187,118224,118226,2,,11
update,118198,118235,118238,3,,12
inbound,118200,118237,118240,3,,13
update,118209,118246,118250,4,,14
inbound,118210,118247,118250,3,,15
update,118220,118257,118260,3,,0
inbound,118225,118262,118265,3,,1
update,118231,118268,118271,3,,2
update,118242,118279,118282,3,,3
update,118253,118290,118293,3,,4
update,118264,118301,118304,3,,5
inbound,118265,118302,118305,3,,6
update,118275,118312,118315,3,,7
update,118286,118323,118326,3,,8
update,118297,118334,118336,2,,9
update,118308,118346,118348,2,,10
update,118319,118356,118360,4,,11
inbound,118320,118357,118361,4,,12
update,118330,118367,118370,3,,13
update,118341,118378,118381,3,,14
update,118352,118389,118392,3,,15
update,118363,118400,118403,3,,0
update,118374,118411,118414,3,,1
inbound,118375,118412,118415,3,,2
update,118385,118422,118424,2,,3
update,118396,118433,118436,3,,4
inbound,118400,118437,118440,3,,5
update,118407,118444,118447,3,,6
update,118418,118455,118459,4,,7
inbound,118425,118462,118468,6,,8
update,118429,118466,118470,4,,9
inbound,118430,118467,118471,4,,10
update,118440,118477,118481,4,,11
update,118451,118488,118493,5,,12
update,118462,118499,118502,3,,13
update,118473,118510,118513,3,,14
update,118484,118521,118525,4,,15
inbound,118485,118522,118527,5,,0
update,118495,118532,118536,4,,1
update,118506,118543,118547,4,,2
update,118517,118554,118558,4,,3
update,118528,118565,118567,2,,4
update,118539,118576,118579,3,,5
inbound,118540,118577,118581,4,,6
update,118550,118587,118590,3,,7
update,118561,118598,118601,3,,8
update,118572,118609,118613,4,,9
update,118583,118620,118623,3,,10
update,118594,118631,118634,3,,11
inbound,118595,118632,118635,3,,12
update,118605,118641,118644,3,,13
update,118616,118653,118656,3,,14
update,118627,118664,118667,3,,15
update,118638,118675,118678,3,,0
update,118649,118686,118690,4,,1
inbound,118650,118687,118697,10,,2
update,118660,118697,118702,5,,3
update,118671,118708,118711,3,,4
update,118682,118719,118724,5,,5
update,118693,118730,118733,3,,6
update,118704,118741,118746,5,,7
inbound,118705,118742,118746,4,,8
update,118715,118752,118754,2,,9
update,118726,118763,118767,4,,10
update,118737,118774,118777,3,,11
update,118748,118785,118788,3,,12
update,118759,118796,118799,3,,13
inbound,118760,118797,118799,2,,14
update,118770,118807,118809,2,,15
update,118781,118818,118822,4,,0
update,118792,118829,118831,2,,1
update,118803,118840,118842,2,,2
inbound,118815,118852,118854,2,,4
update,118814,118851,118854,3,,3
update,118825,118862,118864,2,,5
update,118836,118873,118876,3,,6
update,118847,118884,118887,3,,7
update,118858,118895,118898,3,,8
update,118869,118906,118909,3,,9
update,118880,118917,118920,3,,10
update,118891,118928,118930,2,,11
update,118902,118939,118942,3,,12
update,118913,118950,118952,2,,13
update,118924,118961,118964,3,,14
inbound,119000,119038,119041,3,,0
update,119000,119037,119041,4,,15
update,119011,119048,119051,3,,1
update,119022,119059,119062,3,,2
inbound,119025,119062,119064,2,,3
update,119033,119070,119073,3,,4
update,119044,119081,119084,3,,5
update,119055,119092,119094,2,,6
update,119066,119104,119106,2,,7
update,119077,119114,119116,2,,8
update,119088,119125,119127,2,,9
update,119099,119136,119139,3,,10
inbound,119100,119138,119141,3,,11
update,119110,119147,119149,2,,12
update,119121,119158,119161,3,,13
update,119132,119169,119171,2,,14
update,119143,119180,119183,3,,15
update,119154,119191,119194,3,,0
inbound,119155,119192,119195,3,,1
update,119165,119202,119205,3,,2
update,119176,119213,119216,3,,3
update,119187,119224,119227,3,,4
update,119198,119235,119238,3,,5
inbound,119200,119237,119240,3,,6
update,119209,119246,119249,3,,7
inbound,119210,119247,119251,4,,8
update,119220,119257,119259,2,,9
inbound,119225,119262,119264,2,,10
update,119231,119268,119271,3,,11
update,119242,119279,119281,2,,12
update,119253,119290,119292,2,,13
update,119264,119301,119304,3,,14
inbound,119265,119302,119304,2,,15
update,119275,119312,119314,2,,0
update,119286,119323,119326,3,,1
update,119297,119334,119337,3,,2
update,119308,119345,119347,2,,3
update,119319,119356,119359,3,,4
inbound,119320,119357,119360,3,,5
update,119330,119367,119371,4,,6
update,119341,119378,119381,3,,7
update,119352,119389,119392,3,,8
update,119363,119400,119403,3,,9
update,119374,119411,119414,3,,10
inbound,119375,119412,119415,3,,11
update,119385,119422,119425,3,,12
update,119396,119433,119435,2,,13
inbound,119400,119437,119440,3,,14
update,119407,119444,119447,3,,15
update,119418,119455,119457,2,,0
inbound,119425,119462,119465,3,,1
update,119429,119466,119469,3,,2
inbound,119430,119467,119470,3,,3
update,119440,119477,119480,3,,4
update,119451,119488,119491,3,,5
update,119462,119499,119502,3,,6
update,119473,119510,119513,3,,7
update,119484,119521,119524,3,,8
inbound,119485,119522,119525,3,,9
update,119495,119532,119535,3,,10
update,119506,119543,119546,3,,11
update,119517,119554,119557,3,,12
update,119528,119565,119568,3,,13
update,119539,119576,119579,3,,14
inbound,119540,119577,119580,3,,15
update,119550,119587,119589,2,,0
update,119561,119598,119600,2,,1
update,119572,119609,119612,3,,2
update,119583,119620,119623,3,,3
update,119594,119631,119634,3,,4
inbound,119595,119632,119635,3,,5
update,119605,119642,119645,3,,6
update,119616,119653,119656,3,,7
update,119627,119664,119667,3,,8
update,119638,119675,119678,3,,9
update,119649,119686,119689,3,,10
inbound,119650,119687,119690,3,,11
update,119660,119698,119701,3,,12
update,119671,119708,119710,2,,13
update,119682,119719,119722,3,,14
update,119693,119730,119732,2,,15
update,119704,119741,119744,3,,0
inbound,119705,119742,119745,3,,1
update,119715,119752,119755,3,,2
update,119726,119763,119765,2,,3
update,119737,119774,119776,2,,4
update,119748,119785,119787,2,,5
inbound,119760,119796,119798,2,,7
update,119759,119796,119799,3,,6
update,119770,119807,119809,2,,8
update,119781,119818,119820,2,,9
update,119792,119829,119832,3,,10
update,119803,119840,119843,3,,11
update,119814,119851,119854,3,,12
inbound,119815,119852,119854,2,,13
update,119825,119862,119864,2,,14
update,119836,119873,119876,3,,15
update,119847,119884,119887,3,,0
update,119858,119895,119898,3,,1
update,119869,119906,119909,3,,2
update,119880,119917,119920,3,,3
update,119891,119928,119931,3,,4
update,119902,119939,119942,3,,5
update,119913,119950,119952,2,,6
update,119924,119961,119964,3,,7
