operation,iteration,ms
message_insert_inbound,0,4.898562
message_insert_inbound,1,2.302500
message_insert_inbound,2,2.596623
message_insert_inbound,3,1.998332
message_insert_inbound,4,1.917500
message_insert_inbound,5,1.840985
message_insert_inbound,6,1.785460
message_insert_inbound,7,1.827464
message_insert_inbound,8,1.752531
message_insert_inbound,9,1.695495
message_insert_inbound,10,1.663127
message_insert_inbound,11,1.642976
message_insert_inbound,12,1.659331
message_insert_inbound,13,1.717899
message_insert_inbound,14,1.645961
message_insert_inbound,15,1.605349
message_insert_inbound,16,1.609075
message_insert_inbound,17,1.731239
message_insert_inbound,18,1.778270
message_insert_inbound,19,1.705880
message_insert_inbound,20,1.629756
message_insert_inbound,21,1.651469
message_insert_inbound,22,1.617748
message_insert_inbound,23,1.714274
message_insert_inbound,24,1.775807
message_insert_inbound,25,1.661894
message_insert_inbound,26,1.663737
message_insert_inbound,27,1.623397
message_insert_inbound,28,1.621975
message_insert_inbound,29,1.694263
message_insert_inbound,30,1.637357
message_insert_inbound,31,1.700222
message_insert_inbound,32,1.629676
message_insert_inbound,33,1.913374
message_insert_inbound,34,1.592189
message_insert_inbound,35,1.585750
message_insert_inbound,36,1.780053
message_insert_inbound,37,1.749046
message_insert_inbound,38,1.626291
message_insert_inbound,39,1.600902
message_insert_inbound,40,1.564057
message_insert_inbound,41,1.647433
message_insert_inbound,42,1.612520
message_insert_inbound,43,1.628405
message_insert_inbound,44,1.636086
message_insert_inbound,45,1.668624
message_insert_inbound,46,1.763648
message_insert_inbound,47,1.652340
message_insert_inbound,48,1.715866
message_insert_inbound,49,1.737639
message_insert_inbound,50,1.650738
message_insert_inbound,51,1.589856
message_insert_inbound,52,1.708555
message_insert_inbound,53,1.691629
message_insert_inbound,54,1.603006
message_insert_inbound,55,1.704478
message_insert_inbound,56,1.660843
message_insert_inbound,57,1.674995
message_insert_inbound,58,1.610867
message_insert_inbound,59,1.769887
message_insert_inbound,60,2.167977
message_insert_inbound,61,1.920544
message_insert_inbound,62,1.570537
message_insert_inbound,63,1.576776
message_insert_inbound,64,1.699812
message_insert_inbound,65,1.672301
message_insert_inbound,66,1.625289
message_insert_inbound,67,1.694454
message_insert_inbound,68,1.975727
message_insert_inbound,69,2.534701
message_insert_inbound,70,2.408129
message_insert_inbound,71,2.313957
message_insert_inbound,72,2.315329
message_insert_inbound,73,2.193606
message_insert_inbound,74,2.299776
message_insert_inbound,75,1.880614
message_insert_inbound,76,2.014015
message_insert_inbound,77,1.750979
message_insert_inbound,78,1.764369
message_insert_inbound,79,1.629306
message_insert_inbound,80,1.686883
message_insert_inbound,81,1.845531
message_insert_inbound,82,1.656546
message_insert_inbound,83,1.614723
message_insert_inbound,84,2.170341
message_insert_inbound,85,1.697808
message_insert_inbound,86,1.952152
message_insert_inbound,87,2.544956
message_insert_inbound,88,2.242560
message_insert_inbound,89,1.694253
message_insert_inbound,90,1.628744
message_insert_inbound,91,1.625259
message_insert_inbound,92,1.678400
message_insert_inbound,93,1.692050
message_insert_inbound,94,1.740633
message_insert_inbound,95,1.634193
message_insert_inbound,96,1.735765
message_insert_inbound,97,1.775757
message_insert_inbound,98,1.605780
message_insert_inbound,99,2.266156
message_insert_inbound,100,1.734093
message_insert_inbound,101,1.643196
message_insert_inbound,102,1.601653
message_insert_inbound,103,1.686963
message_insert_inbound,104,1.615144
message_insert_inbound,105,1.586391
message_insert_inbound,106,1.575895
message_insert_inbound,107,1.663056
message_insert_inbound,108,1.552991
message_insert_inbound,109,1.629015
message_insert_inbound,110,1.587412
message_insert_inbound,111,1.584127
message_insert_inbound,112,1.659851
message_insert_inbound,113,1.914145
message_insert_inbound,114,1.647182
message_insert_inbound,115,1.613432
message_insert_inbound,116,1.770188
message_insert_inbound,117,1.651729
message_insert_inbound,118,1.662695
message_insert_inbound,119,1.728114
message_insert_inbound,120,1.731899
message_insert_inbound,121,1.671630
message_insert_inbound,122,1.623146
message_insert_inbound,123,1.638399
message_insert_inbound,124,1.587342
message_insert_inbound,125,1.585509
message_insert_inbound,126,1.603627
message_insert_inbound,127,2.144081
message_insert_inbound,128,1.714404
message_insert_inbound,129,1.768616
message_insert_inbound,130,1.726562
message_insert_inbound,131,1.631198
message_insert_inbound,132,1.577677
message_insert_inbound,133,1.628564
message_insert_inbound,134,1.749827
message_insert_inbound,135,1.586340
message_insert_inbound,136,1.664158
message_insert_inbound,137,1.693302
message_insert_inbound,138,1.608103
message_insert_inbound,139,1.572410
message_insert_inbound,140,1.632690
message_insert_inbound,141,1.594393
message_insert_inbound,142,1.614143
message_insert_inbound,143,1.650608
message_insert_inbound,144,1.588304
message_insert_inbound,145,1.763297
message_insert_inbound,146,1.609025
message_insert_inbound,147,1.563577
message_insert_inbound,148,1.547122
message_insert_inbound,149,1.636356
message_insert_inbound,150,2.251543
message_insert_inbound,151,2.273676
message_insert_inbound,152,1.878060
message_insert_inbound,153,2.094287
message_insert_inbound,154,1.944500
message_insert_inbound,155,1.742306
message_insert_inbound,156,1.900864
message_insert_inbound,157,2.039314
message_insert_inbound,158,1.718550
message_insert_inbound,159,2.389832
message_insert_inbound,160,1.930649
message_insert_inbound,161,1.766372
message_insert_inbound,162,1.760884
message_insert_inbound,163,1.687193
message_insert_inbound,164,1.742206
message_insert_inbound,165,1.606872
message_insert_inbound,166,1.660062
message_insert_inbound,167,2.005862
message_insert_inbound,168,2.196790
message_insert_inbound,169,2.578706
message_insert_inbound,170,2.874692
message_insert_inbound,171,3.455798
message_insert_inbound,172,2.362310
message_insert_inbound,173,2.946410
message_insert_inbound,174,2.449552
message_insert_inbound,175,3.211429
message_insert_inbound,176,2.710515
message_insert_inbound,177,2.658887
message_insert_inbound,178,2.440167
message_insert_inbound,179,2.238543
message_insert_inbound,180,2.210381
message_insert_inbound,181,2.316692
message_insert_inbound,182,2.184563
message_insert_inbound,183,2.050030
message_insert_inbound,184,2.064591
message_insert_inbound,185,2.311664
message_insert_inbound,186,1.918381
message_insert_inbound,187,1.777248
message_insert_inbound,188,1.720923
message_insert_inbound,189,1.722095
message_insert_inbound,190,2.027325
message_insert_inbound,191,2.303801
message_insert_inbound,192,1.874795
message_insert_inbound,193,1.827063
message_insert_inbound,194,1.748435
message_insert_inbound,195,1.865782
message_insert_inbound,196,1.963148
message_insert_inbound,197,1.946314
message_insert_inbound,198,1.752130
message_insert_inbound,199,1.704088
message_insert_inbound,200,1.721425
message_insert_inbound,201,1.680062
message_insert_inbound,202,1.678881
message_insert_inbound,203,1.703067
message_insert_inbound,204,1.700132
message_insert_inbound,205,1.750929
message_insert_inbound,206,1.828436
message_insert_inbound,207,1.698730
message_insert_inbound,208,2.413878
message_insert_inbound,209,1.746742
message_insert_inbound,210,2.283060
message_insert_inbound,211,1.656045
message_insert_inbound,212,2.324153
message_insert_inbound,213,1.753132
message_insert_inbound,214,1.707674
message_insert_inbound,215,1.633352
message_insert_inbound,216,1.733873
message_insert_inbound,217,1.715415
message_insert_inbound,218,1.609035
message_insert_inbound,219,2.233466
message_insert_inbound,220,2.329391
message_insert_inbound,221,1.663838
message_insert_inbound,222,2.311344
message_insert_inbound,223,1.625410
message_insert_inbound,224,1.703737
message_insert_inbound,225,1.819442
message_insert_inbound,226,1.679151
message_insert_inbound,227,1.666672
message_insert_inbound,228,1.812271
message_insert_inbound,229,2.448771
message_insert_inbound,230,1.698940
message_insert_inbound,231,1.642705
message_insert_inbound,232,1.626701
message_insert_inbound,233,1.678941
message_insert_inbound,234,1.630557
message_insert_inbound,235,1.772151
message_insert_inbound,236,2.237282
message_insert_inbound,237,1.792201
message_insert_inbound,238,1.682966
message_insert_inbound,239,1.584167
message_insert_inbound,240,1.678389
message_insert_inbound,241,1.841575
message_insert_inbound,242,1.688876
message_insert_inbound,243,1.648434
message_insert_inbound,244,1.801014
message_insert_inbound,245,1.720633
message_insert_inbound,246,1.596356
message_insert_inbound,247,1.566551
message_insert_inbound,248,1.586922
message_insert_inbound,249,1.623476
message_insert_inbound,250,1.617118
message_insert_inbound,251,1.648084
message_insert_inbound,252,1.554142
message_insert_inbound,253,1.619391
message_insert_inbound,254,1.657749
message_insert_inbound,255,1.657057
message_insert_inbound,256,1.578990
message_insert_inbound,257,1.748725
message_insert_inbound,258,1.661674
message_insert_inbound,259,1.590277
message_insert_inbound,260,1.571178
message_insert_inbound,261,1.635615
message_insert_inbound,262,1.585409
message_insert_inbound,263,1.586982
message_insert_inbound,264,1.682345
message_insert_inbound,265,1.615445
message_insert_inbound,266,1.624758
message_insert_inbound,267,1.827774
message_insert_inbound,268,1.657648
message_insert_inbound,269,1.655154
message_insert_inbound,270,1.597187
message_insert_inbound,271,1.571458
message_insert_inbound,272,1.626281
message_insert_inbound,273,1.681704
message_insert_inbound,274,1.567632
message_insert_inbound,275,1.539330
message_insert_inbound,276,1.611719
message_insert_inbound,277,1.577438
message_insert_inbound,278,1.597137
message_insert_inbound,279,1.578529
message_insert_inbound,280,1.575104
message_insert_inbound,281,1.560922
message_insert_inbound,282,1.565229
message_insert_inbound,283,1.566821
message_insert_inbound,284,1.623997
message_insert_inbound,285,1.631719
message_insert_inbound,286,1.684649
message_insert_inbound,287,1.700663
message_insert_inbound,288,1.624278
message_insert_inbound,289,1.724749
message_insert_inbound,290,1.704539
message_insert_inbound,291,1.793513
message_insert_inbound,292,1.618319
message_insert_inbound,293,1.591178
message_insert_inbound,294,1.599300
message_insert_inbound,295,1.608745
message_insert_inbound,296,1.587652
message_insert_inbound,297,1.562055
message_insert_inbound,298,1.637017
message_insert_inbound,299,1.708224
message_insert_inbound,300,1.626131
message_insert_inbound,301,1.614744
message_insert_inbound,302,1.606240
message_insert_inbound,303,1.589115
message_insert_inbound,304,1.720613
message_insert_inbound,305,1.779061
message_insert_inbound,306,1.603035
message_insert_inbound,307,1.569005
message_insert_inbound,308,1.566871
message_insert_inbound,309,1.591950
message_insert_inbound,310,1.526641
message_insert_inbound,311,1.555465
message_insert_inbound,312,1.712731
message_insert_inbound,313,1.670327
message_insert_inbound,314,1.801895
message_insert_inbound,315,1.716026
message_insert_inbound,316,1.644799
message_insert_inbound,317,1.631709
message_insert_inbound,318,1.631178
message_insert_inbound,319,1.592230
message_insert_inbound,320,1.602204
message_insert_inbound,321,1.697007
message_insert_inbound,322,1.576666
message_insert_inbound,323,1.601603
message_insert_inbound,324,1.648294
message_insert_inbound,325,1.783077
message_insert_inbound,326,1.732691
message_insert_inbound,327,1.603747
message_insert_inbound,328,1.641924
message_insert_inbound,329,1.648484
message_insert_inbound,330,1.724108
message_insert_inbound,331,1.641884
message_insert_inbound,332,1.581653
message_insert_inbound,333,1.695285
message_insert_inbound,334,1.576125
message_insert_inbound,335,1.567032
message_insert_inbound,336,1.577558
message_insert_inbound,337,1.715956
message_insert_inbound,338,1.587963
message_insert_inbound,339,1.603136
message_insert_inbound,340,1.616105
message_insert_inbound,341,1.585579
message_insert_inbound,342,1.594733
message_insert_inbound,343,1.611008
message_insert_inbound,344,1.582965
message_insert_inbound,345,1.614653
message_insert_inbound,346,1.625820
message_insert_inbound,347,1.634534
message_insert_inbound,348,1.635224
message_insert_inbound,349,1.671158
message_insert_inbound,350,1.671640
message_insert_inbound,351,1.643427
message_insert_inbound,352,1.625220
message_insert_inbound,353,1.717778
message_insert_inbound,354,1.621924
message_insert_inbound,355,1.636797
message_insert_inbound,356,1.599060
message_insert_inbound,357,1.621583
message_insert_inbound,358,1.563396
message_insert_inbound,359,1.927345
message_insert_inbound,360,2.186926
message_insert_inbound,361,1.672060
message_insert_inbound,362,1.634613
message_insert_inbound,363,1.587863
message_insert_inbound,364,1.573572
message_insert_inbound,365,1.643437
message_insert_inbound,366,1.578239
message_insert_inbound,367,1.703217
message_insert_inbound,368,1.709676
message_insert_inbound,369,1.758029
message_insert_inbound,370,1.623006
message_insert_inbound,371,1.596195
message_insert_inbound,372,1.567422
message_insert_inbound,373,1.638329
message_insert_inbound,374,1.735155
message_insert_inbound,375,1.586481
message_insert_inbound,376,1.607462
message_insert_inbound,377,1.636627
message_insert_inbound,378,1.592800
message_insert_inbound,379,1.628224
message_insert_inbound,380,2.107085
message_insert_inbound,381,1.576005
message_insert_inbound,382,1.599801
message_insert_inbound,383,1.656697
message_insert_inbound,384,1.592520
message_insert_inbound,385,1.751149
message_insert_inbound,386,1.769387
message_insert_inbound,387,1.618529
message_insert_inbound,388,1.580472
message_insert_inbound,389,1.733632
message_insert_inbound,390,1.644448
message_insert_inbound,391,1.669787
message_insert_inbound,392,1.636927
message_insert_inbound,393,1.629055
message_insert_inbound,394,1.904960
message_insert_inbound,395,1.671539
message_insert_inbound,396,1.595314
message_insert_inbound,397,1.659882
message_insert_inbound,398,1.603456
message_insert_inbound,399,1.607513
message_insert_inbound,400,1.692210
message_insert_inbound,401,1.898301
message_insert_inbound,402,1.736417
message_insert_inbound,403,1.702425
message_insert_inbound,404,1.754954
message_insert_inbound,405,1.660113
message_insert_inbound,406,1.620662
message_insert_inbound,407,1.619020
message_insert_inbound,408,1.583326
message_insert_inbound,409,1.714413
message_insert_inbound,410,1.639380
message_insert_inbound,411,1.717429
message_insert_inbound,412,1.648193
message_insert_inbound,413,1.635855
message_insert_inbound,414,1.659852
message_insert_inbound,415,1.711739
message_insert_inbound,416,1.783608
message_insert_inbound,417,1.792181
message_insert_inbound,418,1.635114
message_insert_inbound,419,1.690057
message_insert_inbound,420,1.592359
message_insert_inbound,421,1.686341
message_insert_inbound,422,1.575884
message_insert_inbound,423,1.572630
message_insert_inbound,424,1.583647
message_insert_inbound,425,1.563256
message_insert_inbound,426,1.637919
message_insert_inbound,427,1.585639
message_insert_inbound,428,1.659111
message_insert_inbound,429,1.687904
message_insert_inbound,430,1.982298
message_insert_inbound,431,1.908927
message_insert_inbound,432,1.904870
message_insert_inbound,433,2.330313
message_insert_inbound,434,1.835246
message_insert_inbound,435,1.980694
message_insert_inbound,436,1.685320
message_insert_inbound,437,1.629285
message_insert_inbound,438,1.697649
message_insert_inbound,439,1.914245
message_insert_inbound,440,1.625410
message_insert_inbound,441,1.599350
message_insert_inbound,442,1.608705
message_insert_inbound,443,1.601033
message_insert_inbound,444,1.772891
message_insert_inbound,445,1.612801
message_insert_inbound,446,1.610106
message_insert_inbound,447,1.650647
message_insert_inbound,448,1.726452
message_insert_inbound,449,1.780774
message_insert_inbound,450,1.930720
message_insert_inbound,451,1.869938
message_insert_inbound,452,1.727283
message_insert_inbound,453,1.773753
message_insert_inbound,454,1.822928
message_insert_inbound,455,1.611108
message_insert_inbound,456,1.636707
message_insert_inbound,457,1.624829
message_insert_inbound,458,1.606311
message_insert_inbound,459,1.637688
message_insert_inbound,460,1.621694
message_insert_inbound,461,1.657238
message_insert_inbound,462,1.841896
message_insert_inbound,463,1.745921
message_insert_inbound,464,1.704338
message_insert_inbound,465,1.809336
message_insert_inbound,466,1.715465
message_insert_inbound,467,1.675865
message_insert_inbound,468,1.723788
message_insert_inbound,469,2.071803
message_insert_inbound,470,1.767243
message_insert_inbound,471,1.752732
message_insert_inbound,472,1.656527
message_insert_inbound,473,1.570907
message_insert_inbound,474,1.626491
message_insert_inbound,475,1.571789
message_insert_inbound,476,1.741025
message_insert_inbound,477,1.639811
message_insert_inbound,478,1.651068
message_insert_inbound,479,1.574253
message_insert_inbound,480,1.721574
message_insert_inbound,481,1.708304
message_insert_inbound,482,1.662906
message_insert_inbound,483,1.626652
message_insert_inbound,484,1.570947
message_insert_inbound,485,1.596215
message_insert_inbound,486,1.581023
message_insert_inbound,487,1.595485
message_insert_inbound,488,1.663477
message_insert_inbound,489,1.566832
message_insert_inbound,490,1.643646
message_insert_inbound,491,1.690517
message_insert_inbound,492,1.624408
message_insert_inbound,493,1.629466
message_insert_inbound,494,1.577778
message_insert_inbound,495,1.668805
message_insert_inbound,496,1.633472
message_insert_inbound,497,1.724398
message_insert_inbound,498,1.606722
message_insert_inbound,499,1.768274
message_insert_inbound,500,1.811340
message_insert_inbound,501,1.694764
message_insert_inbound,502,1.597848
message_insert_inbound,503,1.596826
message_insert_inbound,504,1.681494
message_insert_inbound,505,1.597938
message_insert_inbound,506,1.563507
message_insert_inbound,507,1.566210
message_insert_inbound,508,1.567633
message_insert_inbound,509,1.768275
message_insert_inbound,510,1.893754
message_insert_inbound,511,1.604198
message_insert_inbound,512,1.577708
message_insert_inbound,513,1.740032
message_insert_inbound,514,1.546761
message_insert_inbound,515,1.611028
message_insert_inbound,516,1.579170
message_insert_inbound,517,1.681414
message_insert_inbound,518,1.574603
message_insert_inbound,519,1.565489
message_insert_inbound,520,1.572110
message_insert_inbound,521,1.567883
message_insert_inbound,522,1.591589
message_insert_inbound,523,1.610017
message_insert_inbound,524,1.538789
message_insert_inbound,525,1.607963
message_insert_inbound,526,1.552770
message_insert_inbound,527,1.601624
message_insert_inbound,528,1.564317
message_insert_inbound,529,1.662235
message_insert_inbound,530,1.568894
message_insert_inbound,531,1.608314
message_insert_inbound,532,1.531538
message_insert_inbound,533,1.549015
message_insert_inbound,534,1.558428
message_insert_inbound,535,1.587122
message_insert_inbound,536,1.600162
message_insert_inbound,537,1.544227
message_insert_inbound,538,1.583536
message_insert_inbound,539,1.576116
message_insert_inbound,540,1.582094
message_insert_inbound,541,1.628284
message_insert_inbound,542,1.541483
message_insert_inbound,543,1.591598
message_insert_inbound,544,1.602205
message_insert_inbound,545,1.682956
message_insert_inbound,546,1.609676
message_insert_inbound,547,1.585760
message_insert_inbound,548,1.576165
message_insert_inbound,549,1.531127
message_insert_inbound,550,1.653823
message_insert_inbound,551,1.674354
message_insert_inbound,552,1.696646
message_insert_inbound,553,1.597667
message_insert_inbound,554,1.593191
message_insert_inbound,555,1.587382
message_insert_inbound,556,1.613641
message_insert_inbound,557,1.603366
message_insert_inbound,558,1.623086
message_insert_inbound,559,1.955627
message_insert_inbound,560,1.595765
message_insert_inbound,561,1.744600
message_insert_inbound,562,1.573882
message_insert_inbound,563,1.568645
message_insert_inbound,564,1.582135
message_insert_inbound,565,1.536976
message_insert_inbound,566,1.558008
message_insert_inbound,567,1.599851
message_insert_inbound,568,1.571278
message_insert_inbound,569,1.540612
message_insert_inbound,570,1.576075
message_insert_inbound,571,1.561173
message_insert_inbound,572,1.559230
message_insert_inbound,573,1.562414
message_insert_inbound,574,1.563446
message_insert_inbound,575,1.571808
message_insert_inbound,576,1.608484
message_insert_inbound,577,1.745491
message_insert_inbound,578,1.590336
message_insert_inbound,579,1.656336
message_insert_inbound,580,1.660792
message_insert_inbound,581,1.674153
message_insert_inbound,582,1.564257
message_insert_inbound,583,1.629346
message_insert_inbound,584,1.569174
message_insert_inbound,585,1.599601
message_insert_inbound,586,1.563447
message_insert_inbound,587,1.665129
message_insert_inbound,588,1.553130
message_insert_inbound,589,1.583747
message_insert_inbound,590,1.618389
message_insert_inbound,591,1.554252
message_insert_inbound,592,1.559951
message_insert_inbound,593,1.759412
message_insert_inbound,594,1.575284
message_insert_inbound,595,1.560261
message_insert_inbound,596,1.556385
message_insert_inbound,597,1.553752
message_insert_inbound,598,1.545970
message_insert_inbound,599,1.555775
message_insert_inbound,600,1.560151
message_insert_inbound,601,1.642346
message_insert_inbound,602,1.546270
message_insert_inbound,603,1.590127
message_insert_inbound,604,1.597267
message_insert_inbound,605,1.568814
message_insert_inbound,606,1.567002
message_insert_inbound,607,1.641784
message_insert_inbound,608,1.625880
message_insert_inbound,609,1.657007
message_insert_inbound,610,1.565599
message_insert_inbound,611,1.547322
message_insert_inbound,612,1.616216
message_insert_inbound,613,1.616466
message_insert_inbound,614,1.713813
message_insert_inbound,615,1.593991
message_insert_inbound,616,1.639681
message_insert_inbound,617,1.628624
message_insert_inbound,618,1.573772
message_insert_inbound,619,1.572009
message_insert_inbound,620,1.542084
message_insert_inbound,621,1.641694
message_insert_inbound,622,1.550276
message_insert_inbound,623,1.555684
message_insert_inbound,624,1.594623
message_insert_inbound,625,1.676997
message_insert_inbound,626,1.554923
message_insert_inbound,627,1.586501
message_insert_inbound,628,1.546250
message_insert_inbound,629,1.705981
message_insert_inbound,630,1.589816
message_insert_inbound,631,1.527422
message_insert_inbound,632,1.533140
message_insert_inbound,633,1.577779
message_insert_inbound,634,1.584798
message_insert_inbound,635,2.143420
message_insert_inbound,636,1.664689
message_insert_inbound,637,1.604989
message_insert_inbound,638,1.581213
message_insert_inbound,639,1.570566
message_insert_inbound,640,1.588184
message_insert_inbound,641,1.720463
message_insert_inbound,642,1.582535
message_insert_inbound,643,1.596446
message_insert_inbound,644,2.330191
message_insert_inbound,645,1.737799
message_insert_inbound,646,1.611749
message_insert_inbound,647,1.599190
message_insert_inbound,648,1.595424
message_insert_inbound,649,1.582755
message_insert_inbound,650,1.624328
message_insert_inbound,651,1.629605
message_insert_inbound,652,1.646451
message_insert_inbound,653,1.577427
message_insert_inbound,654,1.555364
message_insert_inbound,655,1.590006
message_insert_inbound,656,1.574943
message_insert_inbound,657,1.689836
message_insert_inbound,658,1.565239
message_insert_inbound,659,1.563746
message_insert_inbound,660,1.526070
message_insert_inbound,661,1.565660
message_insert_inbound,662,1.537908
message_insert_inbound,663,1.934064
message_insert_inbound,664,1.640513
message_insert_inbound,665,1.595845
message_insert_inbound,666,1.569506
message_insert_inbound,667,1.556867
message_insert_inbound,668,1.645050
message_insert_inbound,669,1.610627
message_insert_inbound,670,1.570887
message_insert_inbound,671,1.605199
message_insert_inbound,672,1.545790
message_insert_inbound,673,1.772651
message_insert_inbound,674,1.596426
message_insert_inbound,675,1.707303
message_insert_inbound,676,1.657368
message_insert_inbound,677,1.617508
message_insert_inbound,678,1.550627
message_insert_inbound,679,1.549886
message_insert_inbound,680,1.575985
message_insert_inbound,681,1.670798
message_insert_inbound,682,1.702797
message_insert_inbound,683,1.680333
message_insert_inbound,684,1.578849
message_insert_inbound,685,1.543456
message_insert_inbound,686,1.599431
message_insert_inbound,687,1.615474
message_insert_inbound,688,1.571578
message_insert_inbound,689,1.666621
message_insert_inbound,690,1.574853
message_insert_inbound,691,1.515604
message_insert_inbound,692,1.608504
message_insert_inbound,693,1.567803
message_insert_inbound,694,1.556876
message_insert_inbound,695,1.518509
message_insert_inbound,696,1.557968
message_insert_inbound,697,1.578909
message_insert_inbound,698,1.536075
message_insert_inbound,699,1.553021
message_insert_inbound,700,1.604719
message_insert_inbound,701,1.556045
message_insert_inbound,702,1.588103
message_insert_inbound,703,1.631869
message_insert_inbound,704,1.647523
message_insert_inbound,705,1.779752
message_insert_inbound,706,1.605870
message_insert_inbound,707,1.550126
message_insert_inbound,708,1.608915
message_insert_inbound,709,1.640082
message_insert_inbound,710,1.545079
message_insert_inbound,711,1.530797
message_insert_inbound,712,2.472276
message_insert_inbound,713,1.625821
message_insert_inbound,714,1.579361
message_insert_inbound,715,1.585430
message_insert_inbound,716,1.564999
message_insert_inbound,717,1.547423
message_insert_inbound,718,1.658470
message_insert_inbound,719,1.567152
message_insert_inbound,720,1.593501
message_insert_inbound,721,1.787895
message_insert_inbound,722,1.583326
message_insert_inbound,723,1.557196
message_insert_inbound,724,1.576015
message_insert_inbound,725,1.633152
message_insert_inbound,726,1.559640
message_insert_inbound,727,1.574372
message_insert_inbound,728,1.624288
message_insert_inbound,729,1.537738
message_insert_inbound,730,1.560682
message_insert_inbound,731,1.652240
message_insert_inbound,732,1.567863
message_insert_inbound,733,1.560903
message_insert_inbound,734,1.564698
message_insert_inbound,735,1.545750
message_insert_inbound,736,1.596356
message_insert_inbound,737,1.699641
message_insert_inbound,738,1.577838
message_insert_inbound,739,1.568764
message_insert_inbound,740,1.546641
message_insert_inbound,741,1.695235
message_insert_inbound,742,1.642436
message_insert_inbound,743,1.556256
message_insert_inbound,744,1.668224
message_insert_inbound,745,1.559860
message_insert_inbound,746,1.518589
message_insert_inbound,747,1.571529
message_insert_inbound,748,1.551017
message_insert_inbound,749,1.625070
message_insert_inbound,750,1.547232
message_insert_inbound,751,1.625430
message_insert_inbound,752,1.649386
message_insert_inbound,753,1.749065
message_insert_inbound,754,1.586511
message_insert_inbound,755,1.615625
message_insert_inbound,756,1.817579
message_insert_inbound,757,1.626651
message_insert_inbound,758,1.606441
message_insert_inbound,759,1.802636
message_insert_inbound,760,1.646061
message_insert_inbound,761,1.581063
message_insert_inbound,762,1.604598
message_insert_inbound,763,1.638449
message_insert_inbound,764,1.559240
message_insert_inbound,765,1.603046
message_insert_inbound,766,1.563486
message_insert_inbound,767,1.580842
message_insert_inbound,768,1.694133
message_insert_inbound,769,1.666982
message_insert_inbound,770,1.805190
message_insert_inbound,771,1.661423
message_insert_inbound,772,1.591448
message_insert_inbound,773,1.649056
message_insert_inbound,774,1.618920
message_insert_inbound,775,1.624668
message_insert_inbound,776,1.558639
message_insert_inbound,777,1.623747
message_insert_inbound,778,1.553020
message_insert_inbound,779,2.203240
message_insert_inbound,780,1.548022
message_insert_inbound,781,1.573642
message_insert_inbound,782,1.628905
message_insert_inbound,783,1.535444
message_insert_inbound,784,1.536376
message_insert_inbound,785,1.787684
message_insert_inbound,786,1.574352
message_insert_inbound,787,1.531018
message_insert_inbound,788,1.701343
message_insert_inbound,789,1.666200
message_insert_inbound,790,1.547382
message_insert_inbound,791,1.556446
message_insert_inbound,792,1.540131
message_insert_inbound,793,1.533100
message_insert_inbound,794,1.597978
message_insert_inbound,795,1.546931
message_insert_inbound,796,1.631579
message_insert_inbound,797,1.615364
message_insert_inbound,798,1.604708
message_insert_inbound,799,1.616666
message_insert_inbound,800,1.682085
message_insert_inbound,801,1.688795
message_insert_inbound,802,1.624969
message_insert_inbound,803,1.626612
message_insert_inbound,804,2.133685
message_insert_inbound,805,1.612500
message_insert_inbound,806,1.677468
message_insert_inbound,807,1.598048
message_insert_inbound,808,1.667713
message_insert_inbound,809,1.579421
message_insert_inbound,810,1.661655
message_insert_inbound,811,1.652441
message_insert_inbound,812,1.570667
message_insert_inbound,813,1.560932
message_insert_inbound,814,1.587994
message_insert_inbound,815,1.551088
message_insert_inbound,816,1.674383
message_insert_inbound,817,1.703237
message_insert_inbound,818,1.548323
message_insert_inbound,819,1.629245
message_insert_inbound,820,1.620792
message_insert_inbound,821,1.601874
message_insert_inbound,822,1.676757
message_insert_inbound,823,1.573401
message_insert_inbound,824,1.571137
message_insert_inbound,825,1.611930
message_insert_inbound,826,1.785541
message_insert_inbound,827,1.650868
message_insert_inbound,828,1.582374
message_insert_inbound,829,1.574293
message_insert_inbound,830,1.577246
message_insert_inbound,831,1.593892
message_insert_inbound,832,1.576516
message_insert_inbound,833,1.697828
message_insert_inbound,834,1.594232
message_insert_inbound,835,1.554393
message_insert_inbound,836,1.569586
message_insert_inbound,837,1.583927
message_insert_inbound,838,1.632520
message_insert_inbound,839,1.531979
message_insert_inbound,840,1.660833
message_insert_inbound,841,1.608494
message_insert_inbound,842,1.561032
message_insert_inbound,843,1.555193
message_insert_inbound,844,1.615154
message_insert_inbound,845,1.553311
message_insert_inbound,846,1.632610
message_insert_inbound,847,1.745300
message_insert_inbound,848,1.715175
message_insert_inbound,849,1.753673
message_insert_inbound,850,1.597989
message_insert_inbound,851,1.588434
message_insert_inbound,852,1.586221
message_insert_inbound,853,1.634564
message_insert_inbound,854,1.565189
message_insert_inbound,855,1.613832
message_insert_inbound,856,1.579000
message_insert_inbound,857,1.582906
message_insert_inbound,858,1.551418
message_insert_inbound,859,1.632110
message_insert_inbound,860,1.559220
message_insert_inbound,861,1.560141
message_insert_inbound,862,1.563486
message_insert_inbound,863,1.548613
message_insert_inbound,864,1.574643
message_insert_inbound,865,1.747053
message_insert_inbound,866,1.576345
message_insert_inbound,867,1.623577
message_insert_inbound,868,1.576947
message_insert_inbound,869,1.644999
message_insert_inbound,870,1.584758
message_insert_inbound,871,1.601524
message_insert_inbound,872,1.643186
message_insert_inbound,873,1.632029
message_insert_inbound,874,1.566280
message_insert_inbound,875,1.646060
message_insert_inbound,876,1.571679
message_insert_inbound,877,1.688475
message_insert_inbound,878,1.605049
message_insert_inbound,879,1.554292
message_insert_inbound,880,1.546841
message_insert_inbound,881,1.689847
message_insert_inbound,882,1.542114
message_insert_inbound,883,1.557387
message_insert_inbound,884,1.566450
message_insert_inbound,885,1.589095
message_insert_inbound,886,1.648184
message_insert_inbound,887,1.615104
message_insert_inbound,888,1.645560
message_insert_inbound,889,1.601694
message_insert_inbound,890,1.549886
message_insert_inbound,891,1.592059
message_insert_inbound,892,1.600693
message_insert_inbound,893,1.571759
message_insert_inbound,894,1.667032
message_insert_inbound,895,1.775626
message_insert_inbound,896,1.625870
message_insert_inbound,897,1.722206
message_insert_inbound,898,1.687243
message_insert_inbound,899,1.575675
message_insert_inbound,900,1.608124
message_insert_inbound,901,1.572590
message_insert_inbound,902,1.703407
message_insert_inbound,903,1.625910
message_insert_inbound,904,1.695505
message_insert_inbound,905,1.665300
message_insert_inbound,906,1.660673
message_insert_inbound,907,1.622135
message_insert_inbound,908,1.590597
message_insert_inbound,909,1.563256
message_insert_inbound,910,1.571198
message_insert_inbound,911,1.590237
message_insert_inbound,912,1.552008
message_insert_inbound,913,2.059203
message_insert_inbound,914,1.651769
message_insert_inbound,915,1.574573
message_insert_inbound,916,1.586100
message_insert_inbound,917,1.561813
message_insert_inbound,918,1.632060
message_insert_inbound,919,1.688204
message_insert_inbound,920,1.621604
message_insert_inbound,921,1.576356
message_insert_inbound,922,1.546570
message_insert_inbound,923,1.590998
message_insert_inbound,924,1.546771
message_insert_inbound,925,1.608825
message_insert_inbound,926,1.844240
message_insert_inbound,927,1.683877
message_insert_inbound,928,1.663527
message_insert_inbound,929,1.717808
message_insert_inbound,930,1.573481
message_insert_inbound,931,1.537748
message_insert_inbound,932,1.646712
message_insert_inbound,933,1.617878
message_insert_inbound,934,1.536896
message_insert_inbound,935,1.617428
message_insert_inbound,936,1.610637
message_insert_inbound,937,1.532049
message_insert_inbound,938,1.521212
message_insert_inbound,939,1.530486
message_insert_inbound,940,1.537036
message_insert_inbound,941,1.520191
message_insert_inbound,942,1.545800
message_insert_inbound,943,1.547843
message_insert_inbound,944,1.528694
message_insert_inbound,945,1.675365
message_insert_inbound,946,1.543856
message_insert_inbound,947,1.604027
message_insert_inbound,948,1.547332
message_insert_inbound,949,1.617708
message_insert_inbound,950,1.537968
message_insert_inbound,951,1.593992
message_insert_inbound,952,1.601864
message_insert_inbound,953,1.703868
message_insert_inbound,954,1.555524
message_insert_inbound,955,1.597127
message_insert_inbound,956,1.587052
message_insert_inbound,957,1.607923
message_insert_inbound,958,1.635896
message_insert_inbound,959,1.580162
message_insert_inbound,960,1.592610
message_insert_inbound,961,1.682425
message_insert_inbound,962,1.632000
message_insert_inbound,963,1.605059
message_insert_inbound,964,1.629486
message_insert_inbound,965,1.560131
message_insert_inbound,966,1.564748
message_insert_inbound,967,1.536966
message_insert_inbound,968,1.607112
message_insert_inbound,969,1.647783
message_insert_inbound,970,1.608194
message_insert_inbound,971,1.603546
message_insert_inbound,972,1.616455
message_insert_inbound,973,1.619872
message_insert_inbound,974,1.729998
message_insert_inbound,975,1.580722
message_insert_inbound,976,1.620011
message_insert_inbound,977,1.766372
message_insert_inbound,978,1.563126
message_insert_inbound,979,1.567852
message_insert_inbound,980,1.537988
message_insert_inbound,981,1.589386
message_insert_inbound,982,1.621143
message_insert_inbound,983,1.562625
message_insert_inbound,984,1.612580
message_insert_inbound,985,1.551458
message_insert_inbound,986,1.642626
message_insert_inbound,987,1.587662
message_insert_inbound,988,1.611679
message_insert_inbound,989,1.568494
message_insert_inbound,990,1.543777
message_insert_inbound,991,1.580662
message_insert_inbound,992,1.607663
message_insert_inbound,993,1.707202
message_insert_inbound,994,1.552700
message_insert_inbound,995,1.571088
message_insert_inbound,996,1.559701
message_insert_inbound,997,1.540502
message_insert_inbound,998,1.611999
message_insert_inbound,999,1.595124
message_insert_inbound,1000,1.615424
message_insert_inbound,1001,1.688885
message_insert_inbound,1002,1.593261
message_insert_inbound,1003,1.587773
message_insert_inbound,1004,1.579010
message_insert_inbound,1005,1.555354
message_insert_inbound,1006,1.600963
message_insert_inbound,1007,1.593732
message_insert_inbound,1008,1.585630
message_insert_inbound,1009,1.727804
message_insert_inbound,1010,1.620101
message_insert_inbound,1011,1.603316
message_insert_inbound,1012,1.660642
message_insert_inbound,1013,1.579670
message_insert_inbound,1014,1.669687
message_insert_inbound,1015,1.595634
message_insert_inbound,1016,1.664268
message_insert_inbound,1017,1.607082
message_insert_inbound,1018,1.552249
message_insert_inbound,1019,1.564918
message_insert_inbound,1020,1.701024
message_insert_inbound,1021,1.608895
message_insert_inbound,1022,1.983068
message_insert_inbound,1023,1.595965
message_insert_inbound,1024,1.555014
message_insert_inbound,1025,1.680332
message_insert_inbound,1026,1.628826
message_insert_inbound,1027,1.676747
message_insert_inbound,1028,1.661744
message_insert_inbound,1029,1.613892
message_insert_inbound,1030,1.549846
message_insert_inbound,1031,1.546521
message_insert_inbound,1032,1.618910
message_insert_inbound,1033,1.576667
message_insert_inbound,1034,1.565428
message_insert_inbound,1035,1.586070
message_insert_inbound,1036,1.547763
message_insert_inbound,1037,1.542495
message_insert_inbound,1038,1.615055
message_insert_inbound,1039,1.594463
message_insert_inbound,1040,1.583827
message_insert_inbound,1041,1.714794
message_insert_inbound,1042,1.576916
message_insert_inbound,1043,1.536706
message_insert_inbound,1044,1.523356
message_insert_inbound,1045,1.556856
message_insert_inbound,1046,1.633772
message_insert_inbound,1047,1.565800
message_insert_inbound,1048,1.555895
message_insert_inbound,1049,1.896468
message_insert_inbound,1050,1.701924
message_insert_inbound,1051,1.626511
message_insert_inbound,1052,1.616045
message_insert_inbound,1053,1.578770
message_insert_inbound,1054,1.607122
message_insert_inbound,1055,1.606190
message_insert_inbound,1056,1.649446
message_insert_inbound,1057,1.679331
message_insert_inbound,1058,1.645229
message_insert_inbound,1059,1.608765
message_insert_inbound,1060,1.614243
message_insert_inbound,1061,1.698209
message_insert_inbound,1062,1.572150
message_insert_inbound,1063,1.563025
message_insert_inbound,1064,1.663848
message_insert_inbound,1065,1.617017
message_insert_inbound,1066,1.636005
message_insert_inbound,1067,1.704158
message_insert_inbound,1068,1.633522
message_insert_inbound,1069,1.631399
message_insert_inbound,1070,1.582014
message_insert_inbound,1071,1.582635
message_insert_inbound,1072,1.598820
message_insert_inbound,1073,1.699321
message_insert_inbound,1074,1.662376
message_insert_inbound,1075,1.618509
message_insert_inbound,1076,1.545599
message_insert_inbound,1077,1.662616
message_insert_inbound,1078,1.552780
message_insert_inbound,1079,1.580142
message_insert_inbound,1080,1.664539
message_insert_inbound,1081,1.596536
message_insert_inbound,1082,1.562865
message_insert_inbound,1083,1.602254
message_insert_inbound,1084,1.555855
message_insert_inbound,1085,1.626452
message_insert_inbound,1086,1.568564
message_insert_inbound,1087,1.675786
message_insert_inbound,1088,1.565249
message_insert_inbound,1089,1.671960
message_insert_inbound,1090,1.569786
message_insert_inbound,1091,1.610386
message_insert_inbound,1092,1.550767
message_insert_inbound,1093,1.589125
message_insert_inbound,1094,1.541973
message_insert_inbound,1095,1.567172
message_insert_inbound,1096,1.578729
message_insert_inbound,1097,1.559390
message_insert_inbound,1098,1.549155
message_insert_inbound,1099,1.624468
message_insert_inbound,1100,1.680913
message_insert_inbound,1101,1.572490
message_insert_inbound,1102,1.554953
message_insert_inbound,1103,1.642706
message_insert_inbound,1104,1.694594
message_insert_inbound,1105,1.745160
message_insert_inbound,1106,1.624058
message_insert_inbound,1107,2.585407
message_insert_inbound,1108,4.525761
message_insert_inbound,1109,1.825701
message_insert_inbound,1110,1.648354
message_insert_inbound,1111,1.633202
message_insert_inbound,1112,1.580683
message_insert_inbound,1113,1.654443
message_insert_inbound,1114,1.635785
message_insert_inbound,1115,1.579471
message_insert_inbound,1116,1.675896
message_insert_inbound,1117,1.611649
message_insert_inbound,1118,1.564808
message_insert_inbound,1119,1.595274
message_insert_inbound,1120,1.635485
message_insert_inbound,1121,1.730188
message_insert_inbound,1122,1.591779
message_insert_inbound,1123,1.599270
message_insert_inbound,1124,1.568143
message_insert_inbound,1125,1.599440
message_insert_inbound,1126,1.561743
message_insert_inbound,1127,1.593381
message_insert_inbound,1128,1.639882
message_insert_inbound,1129,1.583696
message_insert_inbound,1130,1.558018
message_insert_inbound,1131,1.634804
message_insert_inbound,1132,1.616837
message_insert_inbound,1133,1.734644
message_insert_inbound,1134,1.670568
message_insert_inbound,1135,1.659501
message_insert_inbound,1136,1.570306
message_insert_inbound,1137,1.702315
message_insert_inbound,1138,1.602555
message_insert_inbound,1139,1.628544
message_insert_inbound,1140,1.774033
message_insert_inbound,1141,1.596817
message_insert_inbound,1142,1.591198
message_insert_inbound,1143,1.601714
message_insert_inbound,1144,1.548964
message_insert_inbound,1145,1.558589
message_insert_inbound,1146,1.646932
message_insert_inbound,1147,1.586100
message_insert_inbound,1148,1.598278
message_insert_inbound,1149,1.569305
message_insert_inbound,1150,1.579390
message_insert_inbound,1151,1.585780
message_insert_inbound,1152,1.735916
message_insert_inbound,1153,1.722916
message_insert_inbound,1154,1.556215
message_insert_inbound,1155,1.580001
message_insert_inbound,1156,1.565199
message_insert_inbound,1157,1.591929
message_insert_inbound,1158,1.562064
message_insert_inbound,1159,1.555053
message_insert_inbound,1160,1.549956
message_insert_inbound,1161,1.600301
message_insert_inbound,1162,1.651809
message_insert_inbound,1163,1.822507
message_insert_inbound,1164,1.552089
message_insert_inbound,1165,1.585239
message_insert_inbound,1166,1.562174
message_insert_inbound,1167,1.603557
message_insert_inbound,1168,1.662095
message_insert_inbound,1169,1.797419
message_insert_inbound,1170,1.628955
message_insert_inbound,1171,1.609495
message_insert_inbound,1172,1.607683
message_insert_inbound,1173,1.586451
message_insert_inbound,1174,1.675465
message_insert_inbound,1175,1.602064
message_insert_inbound,1176,1.536836
message_insert_inbound,1177,1.623216
message_insert_inbound,1178,1.562304
message_insert_inbound,1179,1.558348
message_insert_inbound,1180,1.565148
message_insert_inbound,1181,1.585259
message_insert_inbound,1182,1.566100
message_insert_inbound,1183,1.566871
message_insert_inbound,1184,1.559290
message_insert_inbound,1185,1.677848
message_insert_inbound,1186,1.577347
message_insert_inbound,1187,1.558098
message_insert_inbound,1188,1.531267
message_insert_inbound,1189,1.538949
message_insert_inbound,1190,1.634262
message_insert_inbound,1191,1.578099
message_insert_inbound,1192,1.607122
message_insert_inbound,1193,1.610797
message_insert_inbound,1194,1.577288
message_insert_inbound,1195,1.604318
message_insert_inbound,1196,1.629806
message_insert_inbound,1197,1.649786
message_insert_inbound,1198,1.575364
message_insert_inbound,1199,1.606181
message_insert_inbound,1200,1.651880
message_insert_inbound,1201,1.681894
message_insert_inbound,1202,1.600682
message_insert_inbound,1203,1.568214
message_insert_inbound,1204,1.583896
message_insert_inbound,1205,1.624679
message_insert_inbound,1206,1.620603
message_insert_inbound,1207,1.594363
message_insert_inbound,1208,1.569184
message_insert_inbound,1209,1.556786
message_insert_inbound,1210,1.611358
message_insert_inbound,1211,1.565159
message_insert_inbound,1212,1.647583
message_insert_inbound,1213,1.586842
message_insert_inbound,1214,1.568684
message_insert_inbound,1215,1.566992
message_insert_inbound,1216,1.613091
message_insert_inbound,1217,1.740282
message_insert_inbound,1218,1.641874
message_insert_inbound,1219,1.582686
message_insert_inbound,1220,1.647753
message_insert_inbound,1221,1.599851
message_insert_inbound,1222,1.585870
message_insert_inbound,1223,1.595995
message_insert_inbound,1224,1.581163
message_insert_inbound,1225,1.589255
message_insert_inbound,1226,1.534753
message_insert_inbound,1227,1.533191
message_insert_inbound,1228,1.554523
message_insert_inbound,1229,1.577107
message_insert_inbound,1230,1.566842
message_insert_inbound,1231,1.529816
message_insert_inbound,1232,1.551749
message_insert_inbound,1233,1.662625
message_insert_inbound,1234,1.537848
message_insert_inbound,1235,1.536455
message_insert_inbound,1236,1.549706
message_insert_inbound,1237,1.631188
message_insert_inbound,1238,1.553341
message_insert_inbound,1239,1.538458
message_insert_inbound,1240,1.591168
message_insert_inbound,1241,1.530406
message_insert_inbound,1242,1.547342
message_insert_inbound,1243,1.549255
message_insert_inbound,1244,1.900554
message_insert_inbound,1245,1.675866
message_insert_inbound,1246,2.050730
message_insert_inbound,1247,1.591809
message_insert_inbound,1248,1.599871
message_insert_inbound,1249,2.342441
message_insert_inbound,1250,1.587513
message_insert_inbound,1251,1.627993
message_insert_inbound,1252,1.537417
message_insert_inbound,1253,1.547912
message_insert_inbound,1254,1.564247
message_insert_inbound,1255,1.547092
message_insert_inbound,1256,1.583286
message_insert_inbound,1257,1.532169
message_insert_inbound,1258,1.553571
message_insert_inbound,1259,1.660653
message_insert_inbound,1260,1.580281
message_insert_inbound,1261,1.514102
message_insert_inbound,1262,1.536555
message_insert_inbound,1263,1.652781
message_insert_inbound,1264,1.640863
message_insert_inbound,1265,1.842296
message_insert_inbound,1266,1.616276
message_insert_inbound,1267,1.624288
message_insert_inbound,1268,1.627242
message_insert_inbound,1269,1.580882
message_insert_inbound,1270,1.581834
message_insert_inbound,1271,1.589555
message_insert_inbound,1272,1.578139
message_insert_inbound,1273,1.556706
message_insert_inbound,1274,1.546651
message_insert_inbound,1275,1.573331
message_insert_inbound,1276,1.667012
message_insert_inbound,1277,1.569145
message_insert_inbound,1278,1.606421
message_insert_inbound,1279,1.583607
message_insert_inbound,1280,1.647022
message_insert_inbound,1281,1.718841
message_insert_inbound,1282,1.620542
message_insert_inbound,1283,1.566411
message_insert_inbound,1284,1.621373
message_insert_inbound,1285,1.539991
message_insert_inbound,1286,1.683627
message_insert_inbound,1287,1.557127
message_insert_inbound,1288,1.670517
message_insert_inbound,1289,1.580271
message_insert_inbound,1290,1.524608
message_insert_inbound,1291,1.569766
message_insert_inbound,1292,1.552851
message_insert_inbound,1293,2.140847
message_insert_inbound,1294,1.600252
message_insert_inbound,1295,1.553000
message_insert_inbound,1296,1.560742
message_insert_inbound,1297,1.704529
message_insert_inbound,1298,1.565409
message_insert_inbound,1299,1.576365
message_insert_inbound,1300,1.609305
message_insert_inbound,1301,1.586741
message_insert_inbound,1302,1.597367
message_insert_inbound,1303,1.613111
message_insert_inbound,1304,1.562856
message_insert_inbound,1305,1.569094
message_insert_inbound,1306,1.533992
message_insert_inbound,1307,1.603637
message_insert_inbound,1308,1.584578
message_insert_inbound,1309,1.693573
message_insert_inbound,1310,1.587532
message_insert_inbound,1311,1.553351
message_insert_inbound,1312,1.536005
message_insert_inbound,1313,1.710428
message_insert_inbound,1314,1.545109
message_insert_inbound,1315,1.561994
message_insert_inbound,1316,1.575404
message_insert_inbound,1317,1.608434
message_insert_inbound,1318,1.631489
message_insert_inbound,1319,1.636115
message_insert_inbound,1320,1.615254
message_insert_inbound,1321,1.563516
message_insert_inbound,1322,1.622456
message_insert_inbound,1323,1.577137
message_insert_inbound,1324,1.641143
message_insert_inbound,1325,1.611959
message_insert_inbound,1326,1.574803
message_insert_inbound,1327,1.609505
message_insert_inbound,1328,1.628404
message_insert_inbound,1329,1.718720
message_insert_inbound,1330,1.600723
message_insert_inbound,1331,1.588634
message_insert_inbound,1332,1.558589
message_insert_inbound,1333,1.643076
message_insert_inbound,1334,1.578369
message_insert_inbound,1335,1.546690
message_insert_inbound,1336,1.600712
message_insert_inbound,1337,1.542886
message_insert_inbound,1338,1.531498
message_insert_inbound,1339,1.589715
message_insert_inbound,1340,1.570397
message_insert_inbound,1341,1.522835
message_insert_inbound,1342,1.499740
message_insert_inbound,1343,1.532059
message_insert_inbound,1344,1.625569
message_insert_inbound,1345,1.692561
message_insert_inbound,1346,1.580061
message_insert_inbound,1347,1.578208
message_insert_inbound,1348,1.548133
message_insert_inbound,1349,1.616626
message_insert_inbound,1350,1.858480
message_insert_inbound,1351,1.568414
message_insert_inbound,1352,1.520511
message_insert_inbound,1353,1.612891
message_insert_inbound,1354,1.615324
message_insert_inbound,1355,1.606962
message_insert_inbound,1356,1.665150
message_insert_inbound,1357,1.741134
message_insert_inbound,1358,1.601334
message_insert_inbound,1359,1.572880
message_insert_inbound,1360,1.566601
message_insert_inbound,1361,1.678840
message_insert_inbound,1362,1.613952
message_insert_inbound,1363,1.536696
message_insert_inbound,1364,1.562695
message_insert_inbound,1365,1.528854
message_insert_inbound,1366,1.624889
message_insert_inbound,1367,1.587002
message_insert_inbound,1368,1.694734
message_insert_inbound,1369,1.600903
message_insert_inbound,1370,1.540421
message_insert_inbound,1371,1.579260
message_insert_inbound,1372,1.663727
message_insert_inbound,1373,1.543566
message_insert_inbound,1374,1.570006
message_insert_inbound,1375,1.581774
message_insert_inbound,1376,1.688415
message_insert_inbound,1377,1.708535
message_insert_inbound,1378,1.582445
message_insert_inbound,1379,1.618530
message_insert_inbound,1380,1.592810
message_insert_inbound,1381,1.568313
message_insert_inbound,1382,1.569245
message_insert_inbound,1383,1.612170
message_insert_inbound,1384,1.566200
message_insert_inbound,1385,1.964731
message_insert_inbound,1386,1.767493
message_insert_inbound,1387,1.626001
message_insert_inbound,1388,1.585990
message_insert_inbound,1389,1.587853
message_insert_inbound,1390,1.555474
message_insert_inbound,1391,1.593521
message_insert_inbound,1392,1.538599
message_insert_inbound,1393,1.692050
message_insert_inbound,1394,1.591268
message_insert_inbound,1395,1.635775
message_insert_inbound,1396,1.624548
message_insert_inbound,1397,1.566892
message_insert_inbound,1398,1.540993
message_insert_inbound,1399,1.603837
message_insert_inbound,1400,1.557217
message_insert_inbound,1401,1.550817
message_insert_inbound,1402,1.639510
message_insert_inbound,1403,1.666753
message_insert_inbound,1404,1.605749
message_insert_inbound,1405,1.622214
message_insert_inbound,1406,1.578489
message_insert_inbound,1407,1.645199
message_insert_inbound,1408,1.599420
message_insert_inbound,1409,1.772532
message_insert_inbound,1410,1.572980
message_insert_inbound,1411,1.536676
message_insert_inbound,1412,1.609235
message_insert_inbound,1413,1.619791
message_insert_inbound,1414,1.576556
message_insert_inbound,1415,1.563626
message_insert_inbound,1416,1.632570
message_insert_inbound,1417,1.813453
message_insert_inbound,1418,1.758680
message_insert_inbound,1419,1.657919
message_insert_inbound,1420,1.574313
message_insert_inbound,1421,1.551368
message_insert_inbound,1422,1.567362
message_insert_inbound,1423,1.548354
message_insert_inbound,1424,1.651379
message_insert_inbound,1425,1.878461
message_insert_inbound,1426,1.593411
message_insert_inbound,1427,1.540982
message_insert_inbound,1428,1.611388
message_insert_inbound,1429,1.578218
message_insert_inbound,1430,1.622876
message_insert_inbound,1431,1.531138
message_insert_inbound,1432,1.616476
message_insert_inbound,1433,1.621413
message_insert_inbound,1434,1.596556
message_insert_inbound,1435,1.594984
message_insert_inbound,1436,1.629836
message_insert_inbound,1437,1.583717
message_insert_inbound,1438,1.794554
message_insert_inbound,1439,1.667022
message_insert_inbound,1440,1.645410
message_insert_inbound,1441,1.732772
message_insert_inbound,1442,1.583937
message_insert_inbound,1443,1.599070
message_insert_inbound,1444,1.571859
message_insert_inbound,1445,1.543867
message_insert_inbound,1446,1.589135
message_insert_inbound,1447,1.555203
message_insert_inbound,1448,1.618188
message_insert_inbound,1449,1.582485
message_insert_inbound,1450,1.579621
message_insert_inbound,1451,1.623517
message_insert_inbound,1452,1.550878
message_insert_inbound,1453,1.751810
message_insert_inbound,1454,1.580752
message_insert_inbound,1455,1.643677
message_insert_inbound,1456,1.688625
message_insert_inbound,1457,1.682155
message_insert_inbound,1458,1.545790
message_insert_inbound,1459,1.763398
message_insert_inbound,1460,1.648063
message_insert_inbound,1461,1.605980
message_insert_inbound,1462,1.668625
message_insert_inbound,1463,1.690197
message_insert_inbound,1464,1.592420
message_insert_inbound,1465,1.590768
message_insert_inbound,1466,1.570527
message_insert_inbound,1467,1.598429
message_insert_inbound,1468,1.645170
message_insert_inbound,1469,1.582235
message_insert_inbound,1470,1.938361
message_insert_inbound,1471,1.973975
message_insert_inbound,1472,2.633038
message_insert_inbound,1473,2.013474
message_insert_inbound,1474,1.838410
message_insert_inbound,1475,1.594613
message_insert_inbound,1476,1.616386
message_insert_inbound,1477,1.562215
message_insert_inbound,1478,1.552821
message_insert_inbound,1479,1.573101
message_insert_inbound,1480,1.711389
message_insert_inbound,1481,1.561373
message_insert_inbound,1482,1.529645
message_insert_inbound,1483,1.530587
message_insert_inbound,1484,1.564077
message_insert_inbound,1485,1.546982
message_insert_inbound,1486,1.548664
message_insert_inbound,1487,1.594644
message_insert_inbound,1488,1.604698
message_insert_inbound,1489,1.753753
message_insert_inbound,1490,1.578198
message_insert_inbound,1491,1.677147
message_insert_inbound,1492,1.574523
message_insert_inbound,1493,1.627292
message_insert_inbound,1494,1.745390
message_insert_inbound,1495,1.677358
message_insert_inbound,1496,1.635605
message_insert_inbound,1497,1.681625
message_insert_inbound,1498,1.564497
message_insert_inbound,1499,1.580021
message_insert_inbound,1500,1.545740
message_insert_inbound,1501,1.622125
message_insert_inbound,1502,1.566611
message_insert_inbound,1503,1.557908
message_insert_inbound,1504,1.608263
message_insert_inbound,1505,1.673832
message_insert_inbound,1506,1.602725
message_insert_inbound,1507,1.552490
message_insert_inbound,1508,1.649445
message_insert_inbound,1509,1.597397
message_insert_inbound,1510,1.581904
message_insert_inbound,1511,1.591489
message_insert_inbound,1512,1.608084
message_insert_inbound,1513,1.566991
message_insert_inbound,1514,1.656787
message_insert_inbound,1515,1.569055
message_insert_inbound,1516,1.521913
message_insert_inbound,1517,1.601343
message_insert_inbound,1518,2.311874
message_insert_inbound,1519,1.586772
message_insert_inbound,1520,1.788737
message_insert_inbound,1521,1.705490
message_insert_inbound,1522,1.715015
message_insert_inbound,1523,1.574313
message_insert_inbound,1524,1.569776
message_insert_inbound,1525,1.591819
message_insert_inbound,1526,1.557437
message_insert_inbound,1527,1.718770
message_insert_inbound,1528,1.684108
message_insert_inbound,1529,1.558939
message_insert_inbound,1530,1.579380
message_insert_inbound,1531,1.591028
message_insert_inbound,1532,1.531548
message_insert_inbound,1533,1.758520
message_insert_inbound,1534,1.606571
message_insert_inbound,1535,1.588745
message_insert_inbound,1536,1.595685
message_insert_inbound,1537,2.045754
message_insert_inbound,1538,1.659450
message_insert_inbound,1539,1.678670
message_insert_inbound,1540,1.558238
message_insert_inbound,1541,1.575744
message_insert_inbound,1542,1.541934
message_insert_inbound,1543,1.565439
message_insert_inbound,1544,1.604368
message_insert_inbound,1545,1.575985
message_insert_inbound,1546,1.634713
message_insert_inbound,1547,1.674714
message_insert_inbound,1548,1.645840
message_insert_inbound,1549,1.590808
message_insert_inbound,1550,1.645360
message_insert_inbound,1551,1.679832
message_insert_inbound,1552,1.577377
message_insert_inbound,1553,1.655785
message_insert_inbound,1554,1.550396
message_insert_inbound,1555,1.609075
message_insert_inbound,1556,1.782927
message_insert_inbound,1557,1.568193
message_insert_inbound,1558,1.562856
message_insert_inbound,1559,1.695354
message_insert_inbound,1560,1.780944
message_insert_inbound,1561,1.657458
message_insert_inbound,1562,1.689526
message_insert_inbound,1563,1.571358
message_insert_inbound,1564,1.584127
message_insert_inbound,1565,1.632811
message_insert_inbound,1566,1.598198
message_insert_inbound,1567,1.559781
message_insert_inbound,1568,1.560472
message_insert_inbound,1569,1.642855
message_insert_inbound,1570,1.676967
message_insert_inbound,1571,1.557547
message_insert_inbound,1572,1.565009
message_insert_inbound,1573,1.630668
message_insert_inbound,1574,1.551178
message_insert_inbound,1575,1.637158
message_insert_inbound,1576,1.597728
message_insert_inbound,1577,1.565289
message_insert_inbound,1578,1.578689
message_insert_inbound,1579,1.563236
message_insert_inbound,1580,1.563787
message_insert_inbound,1581,1.557367
message_insert_inbound,1582,1.585490
message_insert_inbound,1583,1.637618
message_insert_inbound,1584,1.755745
message_insert_inbound,1585,1.912051
message_insert_inbound,1586,1.753622
message_insert_inbound,1587,1.954245
message_insert_inbound,1588,1.631959
message_insert_inbound,1589,1.623126
message_insert_inbound,1590,1.571749
message_insert_inbound,1591,1.607443
message_insert_inbound,1592,1.763919
message_insert_inbound,1593,1.685840
message_insert_inbound,1594,1.712330
message_insert_inbound,1595,1.573381
message_insert_inbound,1596,1.592039
message_insert_inbound,1597,1.650177
message_insert_inbound,1598,1.618309
message_insert_inbound,1599,1.595855
message_insert_inbound,1600,1.541813
message_insert_inbound,1601,1.677088
message_insert_inbound,1602,1.570096
message_insert_inbound,1603,1.572340
message_insert_inbound,1604,1.537287
message_insert_inbound,1605,1.611819
message_insert_inbound,1606,1.579891
message_insert_inbound,1607,1.532630
message_insert_inbound,1608,1.556706
message_insert_inbound,1609,1.591598
message_insert_inbound,1610,1.539170
message_insert_inbound,1611,1.554482
message_insert_inbound,1612,1.526000
message_insert_inbound,1613,1.609395
message_insert_inbound,1614,1.549575
message_insert_inbound,1615,1.556275
message_insert_inbound,1616,1.554974
message_insert_inbound,1617,1.670467
message_insert_inbound,1618,1.561393
message_insert_inbound,1619,1.573381
message_insert_inbound,1620,1.676517
message_insert_inbound,1621,1.530667
message_insert_inbound,1622,1.688365
message_insert_inbound,1623,1.632771
message_insert_inbound,1624,1.607954
message_insert_inbound,1625,1.620842
message_insert_inbound,1626,1.585439
message_insert_inbound,1627,1.685019
message_insert_inbound,1628,2.059254
message_insert_inbound,1629,1.561863
message_insert_inbound,1630,1.631909
message_insert_inbound,1631,1.613802
message_insert_inbound,1632,1.719041
message_insert_inbound,1633,1.748405
message_insert_inbound,1634,1.570276
message_insert_inbound,1635,1.571408
message_insert_inbound,1636,1.596025
message_insert_inbound,1637,1.590416
message_insert_inbound,1638,1.554553
message_insert_inbound,1639,1.551918
message_insert_inbound,1640,1.539750
message_insert_inbound,1641,1.546230
message_insert_inbound,1642,1.576977
message_insert_inbound,1643,1.613502
message_insert_inbound,1644,1.526661
message_insert_inbound,1645,1.546630
message_insert_inbound,1646,1.651009
message_insert_inbound,1647,1.584858
message_insert_inbound,1648,1.543356
message_insert_inbound,1649,1.666973
message_insert_inbound,1650,1.553611
message_insert_inbound,1651,1.573591
message_insert_inbound,1652,1.829157
message_insert_inbound,1653,1.585289
message_insert_inbound,1654,1.549926
message_insert_inbound,1655,1.600782
message_insert_inbound,1656,1.697138
message_insert_inbound,1657,1.608013
message_insert_inbound,1658,1.563276
message_insert_inbound,1659,1.547172
message_insert_inbound,1660,1.634203
message_insert_inbound,1661,1.872382
message_insert_inbound,1662,1.657078
message_insert_inbound,1663,1.604298
message_insert_inbound,1664,1.577477
message_insert_inbound,1665,1.727123
message_insert_inbound,1666,1.590436
message_insert_inbound,1667,1.674394
message_insert_inbound,1668,1.602746
message_insert_inbound,1669,1.540001
message_insert_inbound,1670,1.609696
message_insert_inbound,1671,1.610487
message_insert_inbound,1672,1.580762
message_insert_inbound,1673,1.681044
message_insert_inbound,1674,1.623216
message_insert_inbound,1675,1.590196
message_insert_inbound,1676,1.620061
message_insert_inbound,1677,1.579561
message_insert_inbound,1678,1.595074
message_insert_inbound,1679,1.646731
message_insert_inbound,1680,1.728806
message_insert_inbound,1681,1.736607
message_insert_inbound,1682,1.650217
message_insert_inbound,1683,1.678469
message_insert_inbound,1684,2.190140
message_insert_inbound,1685,1.618369
message_insert_inbound,1686,1.609136
message_insert_inbound,1687,1.604418
message_insert_inbound,1688,1.584298
message_insert_inbound,1689,1.627603
message_insert_inbound,1690,1.645680
message_insert_inbound,1691,1.623987
message_insert_inbound,1692,1.529505
message_insert_inbound,1693,1.698299
message_insert_inbound,1694,2.144432
message_insert_inbound,1695,2.093154
message_insert_inbound,1696,1.990140
message_insert_inbound,1697,2.396141
message_insert_inbound,1698,2.185524
message_insert_inbound,1699,1.681424
message_insert_inbound,1700,1.962688
message_insert_inbound,1701,1.895446
message_insert_inbound,1702,1.972763
message_insert_inbound,1703,1.645951
message_insert_inbound,1704,1.661114
message_insert_inbound,1705,1.557628
message_insert_inbound,1706,1.781324
message_insert_inbound,1707,1.574673
message_insert_inbound,1708,1.634533
message_insert_inbound,1709,1.582435
message_insert_inbound,1710,1.576315
message_insert_inbound,1711,1.803608
message_insert_inbound,1712,1.906583
message_insert_inbound,1713,2.387417
message_insert_inbound,1714,1.723237
message_insert_inbound,1715,1.761625
message_insert_inbound,1716,1.690648
message_insert_inbound,1717,1.724389
message_insert_inbound,1718,1.753623
message_insert_inbound,1719,1.606911
message_insert_inbound,1720,1.676577
message_insert_inbound,1721,1.633742
message_insert_inbound,1722,2.219935
message_insert_inbound,1723,1.644719
message_insert_inbound,1724,2.141248
message_insert_inbound,1725,1.612990
message_insert_inbound,1726,1.631959
message_insert_inbound,1727,1.746021
message_insert_inbound,1728,1.614263
message_insert_inbound,1729,1.715535
message_insert_inbound,1730,1.634313
message_insert_inbound,1731,1.608975
message_insert_inbound,1732,1.612299
message_insert_inbound,1733,1.811520
message_insert_inbound,1734,1.653652
message_insert_inbound,1735,1.633001
message_insert_inbound,1736,1.809888
message_insert_inbound,1737,1.668925
message_insert_inbound,1738,1.676366
message_insert_inbound,1739,1.724729
message_insert_inbound,1740,1.946864
message_insert_inbound,1741,1.725641
message_insert_inbound,1742,1.637808
message_insert_inbound,1743,2.486377
message_insert_inbound,1744,2.419526
message_insert_inbound,1745,2.652637
message_insert_inbound,1746,1.655906
message_insert_inbound,1747,1.641774
message_insert_inbound,1748,1.918371
message_insert_inbound,1749,1.799191
message_insert_inbound,1750,2.090821
message_insert_inbound,1751,1.956679
message_insert_inbound,1752,2.060875
message_insert_inbound,1753,1.998602
message_insert_inbound,1754,1.837089
message_insert_inbound,1755,3.802080
message_insert_inbound,1756,1.843318
message_insert_inbound,1757,2.126685
message_insert_inbound,1758,2.343943
message_insert_inbound,1759,1.777288
message_insert_inbound,1760,2.180306
message_insert_inbound,1761,1.845511
message_insert_inbound,1762,1.636296
message_insert_inbound,1763,2.100315
message_insert_inbound,1764,2.055448
message_insert_inbound,1765,2.622803
message_insert_inbound,1766,2.091522
message_insert_inbound,1767,2.253396
message_insert_inbound,1768,2.256561
message_insert_inbound,1769,1.764048
message_insert_inbound,1770,1.614343
message_insert_inbound,1771,2.253938
message_insert_inbound,1772,1.685710
message_insert_inbound,1773,1.572289
message_insert_inbound,1774,1.598088
message_insert_inbound,1775,1.584087
message_insert_inbound,1776,1.595455
message_insert_inbound,1777,1.686682
message_insert_inbound,1778,1.605469
message_insert_inbound,1779,1.553692
message_insert_inbound,1780,1.560853
message_insert_inbound,1781,1.618830
message_insert_inbound,1782,1.557898
message_insert_inbound,1783,1.576356
message_insert_inbound,1784,1.618980
message_insert_inbound,1785,1.539169
message_insert_inbound,1786,1.531258
message_insert_inbound,1787,1.534132
message_insert_inbound,1788,1.589154
message_insert_inbound,1789,1.636136
message_insert_inbound,1790,1.584168
message_insert_inbound,1791,1.596376
message_insert_inbound,1792,1.618479
message_insert_inbound,1793,1.767253
message_insert_inbound,1794,1.588774
message_insert_inbound,1795,1.561834
message_insert_inbound,1796,1.590968
message_insert_inbound,1797,1.620883
message_insert_inbound,1798,1.566210
message_insert_inbound,1799,1.597818
message_insert_inbound,1800,1.684489
message_insert_inbound,1801,1.705560
message_insert_inbound,1802,1.662566
message_insert_inbound,1803,1.592530
message_insert_inbound,1804,1.581784
message_insert_inbound,1805,1.594422
message_insert_inbound,1806,1.525289
message_insert_inbound,1807,1.570697
message_insert_inbound,1808,1.736668
message_insert_inbound,1809,1.722906
message_insert_inbound,1810,1.572560
message_insert_inbound,1811,1.596546
message_insert_inbound,1812,1.621854
message_insert_inbound,1813,1.638510
message_insert_inbound,1814,1.614913
message_insert_inbound,1815,1.568784
message_insert_inbound,1816,1.554572
message_insert_inbound,1817,1.558699
message_insert_inbound,1818,1.566050
message_insert_inbound,1819,1.552990
message_insert_inbound,1820,1.665651
message_insert_inbound,1821,1.553882
message_insert_inbound,1822,1.545088
message_insert_inbound,1823,1.688114
message_insert_inbound,1824,1.550797
message_insert_inbound,1825,1.678689
message_insert_inbound,1826,1.570707
message_insert_inbound,1827,1.647974
message_insert_inbound,1828,1.626101
message_insert_inbound,1829,1.601423
message_insert_inbound,1830,1.721074
message_insert_inbound,1831,1.571168
message_insert_inbound,1832,1.558519
message_insert_inbound,1833,1.538328
message_insert_inbound,1834,1.579400
message_insert_inbound,1835,1.644238
message_insert_inbound,1836,1.701374
message_insert_inbound,1837,1.577868
message_insert_inbound,1838,1.529435
message_insert_inbound,1839,2.238143
message_insert_inbound,1840,1.734204
message_insert_inbound,1841,1.834705
message_insert_inbound,1842,1.644669
message_insert_inbound,1843,1.635756
message_insert_inbound,1844,1.635495
message_insert_inbound,1845,1.689446
message_insert_inbound,1846,1.578759
message_insert_inbound,1847,1.608995
message_insert_inbound,1848,1.606691
message_insert_inbound,1849,1.598088
message_insert_inbound,1850,1.596806
message_insert_inbound,1851,1.715245
message_insert_inbound,1852,1.593902
message_insert_inbound,1853,1.623226
message_insert_inbound,1854,1.649226
message_insert_inbound,1855,1.601794
message_insert_inbound,1856,1.625029
message_insert_inbound,1857,1.725551
message_insert_inbound,1858,1.571989
message_insert_inbound,1859,1.598950
message_insert_inbound,1860,1.578609
message_insert_inbound,1861,1.596075
message_insert_inbound,1862,1.565099
message_insert_inbound,1863,1.546351
message_insert_inbound,1864,1.561734
message_insert_inbound,1865,1.581063
message_insert_inbound,1866,1.530537
message_insert_inbound,1867,1.581043
message_insert_inbound,1868,1.564547
message_insert_inbound,1869,1.560021
message_insert_inbound,1870,1.551078
message_insert_inbound,1871,1.559920
message_insert_inbound,1872,1.581403
message_insert_inbound,1873,1.672600
message_insert_inbound,1874,1.603666
message_insert_inbound,1875,1.659131
message_insert_inbound,1876,1.550026
message_insert_inbound,1877,1.693832
message_insert_inbound,1878,1.580352
message_insert_inbound,1879,1.563706
message_insert_inbound,1880,1.541383
message_insert_inbound,1881,1.570788
message_insert_inbound,1882,1.577287
message_insert_inbound,1883,1.793303
message_insert_inbound,1884,1.546210
message_insert_inbound,1885,1.543376
message_insert_inbound,1886,1.567372
message_insert_inbound,1887,1.848726
message_insert_inbound,1888,1.551087
message_insert_inbound,1889,1.906904
message_insert_inbound,1890,1.770258
message_insert_inbound,1891,1.574673
message_insert_inbound,1892,1.539800
message_insert_inbound,1893,1.555644
message_insert_inbound,1894,1.567833
message_insert_inbound,1895,1.542795
message_insert_inbound,1896,1.588594
message_insert_inbound,1897,1.634954
message_insert_inbound,1898,1.556675
message_insert_inbound,1899,1.535083
message_insert_inbound,1900,1.592349
message_insert_inbound,1901,1.545359
message_insert_inbound,1902,1.531138
message_insert_inbound,1903,1.549965
message_insert_inbound,1904,1.567633
message_insert_inbound,1905,1.663407
message_insert_inbound,1906,2.039393
message_insert_inbound,1907,1.591659
message_insert_inbound,1908,1.547382
message_insert_inbound,1909,1.547542
message_insert_inbound,1910,1.547772
message_insert_inbound,1911,1.532829
message_insert_inbound,1912,1.614694
message_insert_inbound,1913,1.546380
message_insert_inbound,1914,1.555434
message_insert_inbound,1915,1.552901
message_insert_inbound,1916,1.570056
message_insert_inbound,1917,1.526069
message_insert_inbound,1918,1.534954
message_insert_inbound,1919,1.579070
message_insert_inbound,1920,1.582826
message_insert_inbound,1921,1.692140
message_insert_inbound,1922,1.575153
message_insert_inbound,1923,1.555885
message_insert_inbound,1924,1.555675
message_insert_inbound,1925,1.563576
message_insert_inbound,1926,1.548644
message_insert_inbound,1927,1.586811
message_insert_inbound,1928,1.551478
message_insert_inbound,1929,1.551308
message_insert_inbound,1930,1.535134
message_insert_inbound,1931,1.640612
message_insert_inbound,1932,1.589636
message_insert_inbound,1933,1.658980
message_insert_inbound,1934,1.584167
message_insert_inbound,1935,1.603757
message_insert_inbound,1936,1.556316
message_insert_inbound,1937,1.740723
message_insert_inbound,1938,1.726542
message_insert_inbound,1939,1.647693
message_insert_inbound,1940,1.544728
message_insert_inbound,1941,1.726452
message_insert_inbound,1942,1.595805
message_insert_inbound,1943,1.558679
message_insert_inbound,1944,1.629025
message_insert_inbound,1945,1.656597
message_insert_inbound,1946,1.607132
message_insert_inbound,1947,1.578349
message_insert_inbound,1948,1.680553
message_insert_inbound,1949,1.663377
message_insert_inbound,1950,1.585199
message_insert_inbound,1951,1.953815
message_insert_inbound,1952,1.563016
message_insert_inbound,1953,1.661864
message_insert_inbound,1954,1.608644
message_insert_inbound,1955,1.555424
message_insert_inbound,1956,1.537276
message_insert_inbound,1957,1.597318
message_insert_inbound,1958,1.637287
message_insert_inbound,1959,1.608424
message_insert_inbound,1960,1.611950
message_insert_inbound,1961,1.567112
message_insert_inbound,1962,1.556556
message_insert_inbound,1963,1.669276
message_insert_inbound,1964,1.582905
message_insert_inbound,1965,1.577077
message_insert_inbound,1966,1.621924
message_insert_inbound,1967,1.586581
message_insert_inbound,1968,1.681464
message_insert_inbound,1969,2.065493
message_insert_inbound,1970,1.650687
message_insert_inbound,1971,1.589165
message_insert_inbound,1972,1.605029
message_insert_inbound,1973,1.694283
message_insert_inbound,1974,1.571488
message_insert_inbound,1975,1.589886
message_insert_inbound,1976,1.580381
message_insert_inbound,1977,1.629325
message_insert_inbound,1978,1.569665
message_insert_inbound,1979,1.641424
message_insert_inbound,1980,1.561414
message_insert_inbound,1981,1.554793
message_insert_inbound,1982,1.687954
message_insert_inbound,1983,1.682756
message_insert_inbound,1984,1.740302
message_insert_inbound,1985,1.721284
message_insert_inbound,1986,1.614814
message_insert_inbound,1987,1.612900
message_insert_inbound,1988,1.724920
message_insert_inbound,1989,1.612540
message_insert_inbound,1990,1.620312
message_insert_inbound,1991,2.137972
message_insert_inbound,1992,1.584158
message_insert_inbound,1993,1.592830
message_insert_inbound,1994,1.554353
message_insert_inbound,1995,1.552179
message_insert_inbound,1996,1.559460
message_insert_inbound,1997,1.676376
message_insert_inbound,1998,1.677989
message_insert_inbound,1999,1.561743
message_update_queued_sent,0,2.360387
message_update_queued_sent,1,2.339536
message_update_queued_sent,2,1.806012
message_update_queued_sent,3,1.724830
message_update_queued_sent,4,1.730718
message_update_queued_sent,5,1.784279
message_update_queued_sent,6,1.703458
message_update_queued_sent,7,1.752130
message_update_queued_sent,8,1.736106
message_update_queued_sent,9,1.724018
message_update_queued_sent,10,1.873553
message_update_queued_sent,11,1.903479
message_update_queued_sent,12,1.744239
message_update_queued_sent,13,120.816194
message_update_queued_sent,14,2.299245
message_update_queued_sent,15,1.824840
message_update_queued_sent,16,1.916899
message_update_queued_sent,17,1.728765
message_update_queued_sent,18,1.722316
message_update_queued_sent,19,1.798881
message_update_queued_sent,20,1.756938
message_update_queued_sent,21,1.730568
message_update_queued_sent,22,1.756087
message_update_queued_sent,23,1.765200
message_update_queued_sent,24,1.703307
message_update_queued_sent,25,1.704068
message_update_queued_sent,26,1.756227
message_update_queued_sent,27,1.974516
message_update_queued_sent,28,1.907144
message_update_queued_sent,29,1.779071
message_update_queued_sent,30,1.824339
message_update_queued_sent,31,1.765982
message_update_queued_sent,32,1.738510
message_update_queued_sent,33,1.709766
message_update_queued_sent,34,1.736147
message_update_queued_sent,35,1.800763
message_update_queued_sent,36,1.791570
message_update_queued_sent,37,1.686331
message_update_queued_sent,38,1.767404
message_update_queued_sent,39,1.701164
message_update_queued_sent,40,1.730428
message_update_queued_sent,41,1.731549
message_update_queued_sent,42,1.704920
message_update_queued_sent,43,1.696977
message_update_queued_sent,44,1.714393
message_update_queued_sent,45,1.739281
message_update_queued_sent,46,1.799472
message_update_queued_sent,47,1.729186
message_update_queued_sent,48,1.948096
message_update_queued_sent,49,1.778099
message_update_queued_sent,50,1.797760
message_update_queued_sent,51,1.737058
message_update_queued_sent,52,1.794274
message_update_queued_sent,53,1.763827
message_update_queued_sent,54,1.762746
message_update_queued_sent,55,1.802867
message_update_queued_sent,56,1.804199
message_update_queued_sent,57,1.759232
message_update_queued_sent,58,1.771690
message_update_queued_sent,59,1.763278
message_update_queued_sent,60,1.750788
message_update_queued_sent,61,1.781144
message_update_queued_sent,62,1.715977
message_update_queued_sent,63,1.785380
message_update_queued_sent,64,1.754354
message_update_queued_sent,65,2.025803
message_update_queued_sent,66,2.053715
message_update_queued_sent,67,2.251123
message_update_queued_sent,68,1.931020
message_update_queued_sent,69,1.962368
message_update_queued_sent,70,1.808486
message_update_queued_sent,71,1.779962
message_update_queued_sent,72,1.787744
message_update_queued_sent,73,1.781074
message_update_queued_sent,74,1.764559
message_update_queued_sent,75,1.686982
message_update_queued_sent,76,1.881606
message_update_queued_sent,77,1.755265
message_update_queued_sent,78,1.748766
message_update_queued_sent,79,1.723658
message_update_queued_sent,80,1.807314
message_update_queued_sent,81,1.804600
message_update_queued_sent,82,1.710428
message_update_queued_sent,83,2.258043
message_update_queued_sent,84,1.904851
message_update_queued_sent,85,1.759082
message_update_queued_sent,86,1.790648
message_update_queued_sent,87,1.699251
message_update_queued_sent,88,2.545446
message_update_queued_sent,89,1.726201
message_update_queued_sent,90,1.695405
message_update_queued_sent,91,1.711679
message_update_queued_sent,92,1.755025
message_update_queued_sent,93,1.766322
message_update_queued_sent,94,1.761064
message_update_queued_sent,95,1.676246
message_update_queued_sent,96,1.705340
message_update_queued_sent,97,1.763838
message_update_queued_sent,98,1.735666
message_update_queued_sent,99,1.810439
message_update_queued_sent,100,1.719842
message_update_queued_sent,101,1.719271
message_update_queued_sent,102,1.810759
message_update_queued_sent,103,1.965451
message_update_queued_sent,104,1.832622
message_update_queued_sent,105,1.734494
message_update_queued_sent,106,1.785291
message_update_queued_sent,107,1.779942
message_update_queued_sent,108,1.712971
message_update_queued_sent,109,1.715586
message_update_queued_sent,110,1.715545
message_update_queued_sent,111,1.712291
message_update_queued_sent,112,1.782446
message_update_queued_sent,113,1.716156
message_update_queued_sent,114,1.845582
message_update_queued_sent,115,1.850339
message_update_queued_sent,116,1.738149
message_update_queued_sent,117,1.747664
message_update_queued_sent,118,1.890108
message_update_queued_sent,119,1.859873
message_update_queued_sent,120,1.797869
message_update_queued_sent,121,1.715185
message_update_queued_sent,122,1.761224
message_update_queued_sent,123,1.772881
message_update_queued_sent,124,1.696667
message_update_queued_sent,125,1.748826
message_update_queued_sent,126,1.783358
message_update_queued_sent,127,1.678179
message_update_queued_sent,128,1.714013
message_update_queued_sent,129,1.777129
message_update_queued_sent,130,1.753703
message_update_queued_sent,131,1.821105
message_update_queued_sent,132,1.754664
message_update_queued_sent,133,1.860715
message_update_queued_sent,134,1.885061
message_update_queued_sent,135,2.391674
message_update_queued_sent,136,1.766021
message_update_queued_sent,137,1.768576
message_update_queued_sent,138,1.713272
message_update_queued_sent,139,1.759983
message_update_queued_sent,140,1.770147
message_update_queued_sent,141,1.706753
message_update_queued_sent,142,1.801065
message_update_queued_sent,143,1.698710
message_update_queued_sent,144,1.674154
message_update_queued_sent,145,1.774123
message_update_queued_sent,146,1.746222
message_update_queued_sent,147,1.788435
message_update_queued_sent,148,1.852532
message_update_queued_sent,149,2.020274
message_update_queued_sent,150,1.856698
message_update_queued_sent,151,1.826773
message_update_queued_sent,152,1.924690
message_update_queued_sent,153,1.777207
message_update_queued_sent,154,1.803748
message_update_queued_sent,155,1.743408
message_update_queued_sent,156,1.676656
message_update_queued_sent,157,1.813193
message_update_queued_sent,158,1.754874
message_update_queued_sent,159,1.744579
message_update_queued_sent,160,1.688465
message_update_queued_sent,161,1.803718
message_update_queued_sent,162,1.694353
message_update_queued_sent,163,1.726782
message_update_queued_sent,164,1.702876
message_update_queued_sent,165,1.722586
message_update_queued_sent,166,1.809657
message_update_queued_sent,167,1.786092
message_update_queued_sent,168,1.766782
message_update_queued_sent,169,1.719851
message_update_queued_sent,170,1.883128
message_update_queued_sent,171,1.724780
message_update_queued_sent,172,1.880394
message_update_queued_sent,173,1.771200
message_update_queued_sent,174,1.744289
message_update_queued_sent,175,1.723007
message_update_queued_sent,176,1.708024
message_update_queued_sent,177,1.746182
message_update_queued_sent,178,1.717628
message_update_queued_sent,179,1.715084
message_update_queued_sent,180,1.769918
message_update_queued_sent,181,1.814765
message_update_queued_sent,182,1.694384
message_update_queued_sent,183,2.044881
message_update_queued_sent,184,1.813223
message_update_queued_sent,185,1.718640
message_update_queued_sent,186,1.773804
message_update_queued_sent,187,1.832181
message_update_queued_sent,188,1.866873
message_update_queued_sent,189,1.759281
message_update_queued_sent,190,1.722316
message_update_queued_sent,191,1.692710
message_update_queued_sent,192,1.729206
message_update_queued_sent,193,1.712561
message_update_queued_sent,194,1.817789
message_update_queued_sent,195,1.824870
message_update_queued_sent,196,1.753532
message_update_queued_sent,197,1.700623
message_update_queued_sent,198,1.880574
message_update_queued_sent,199,1.773834
message_update_queued_sent,200,1.736808
message_update_queued_sent,201,1.756678
message_update_queued_sent,202,1.685891
message_update_queued_sent,203,1.672982
message_update_queued_sent,204,1.801966
message_update_queued_sent,205,1.916759
message_update_queued_sent,206,1.976709
message_update_queued_sent,207,1.856297
message_update_queued_sent,208,1.812472
message_update_queued_sent,209,2.097652
message_update_queued_sent,210,2.053094
message_update_queued_sent,211,1.736968
message_update_queued_sent,212,1.755265
message_update_queued_sent,213,1.709306
message_update_queued_sent,214,1.653252
message_update_queued_sent,215,1.683947
message_update_queued_sent,216,1.663547
message_update_queued_sent,217,1.721154
message_update_queued_sent,218,1.745480
message_update_queued_sent,219,1.688325
message_update_queued_sent,220,1.732852
message_update_queued_sent,221,1.775866
message_update_queued_sent,222,1.863769
message_update_queued_sent,223,2.344002
message_update_queued_sent,224,2.316321
message_update_queued_sent,225,1.974526
message_update_queued_sent,226,2.157231
message_update_queued_sent,227,2.527649
message_update_queued_sent,228,2.116910
message_update_queued_sent,229,1.872441
message_update_queued_sent,230,1.848747
message_update_queued_sent,231,1.762185
message_update_queued_sent,232,2.383111
message_update_queued_sent,233,2.367939
message_update_queued_sent,234,1.805641
message_update_queued_sent,235,1.843739
message_update_queued_sent,236,2.151682
message_update_queued_sent,237,1.938241
message_update_queued_sent,238,2.403973
message_update_queued_sent,239,1.940304
message_update_queued_sent,240,2.758156
message_update_queued_sent,241,1.954696
message_update_queued_sent,242,1.850900
message_update_queued_sent,243,2.256711
message_update_queued_sent,244,2.398865
message_update_queued_sent,245,2.006764
message_update_queued_sent,246,2.386277
message_update_queued_sent,247,1.829227
message_update_queued_sent,248,1.834474
message_update_queued_sent,249,1.969268
message_update_queued_sent,250,2.562391
message_update_queued_sent,251,2.020575
message_update_queued_sent,252,1.983389
message_update_queued_sent,253,2.551075
message_update_queued_sent,254,2.745969
message_update_queued_sent,255,1.862176
message_update_queued_sent,256,1.804639
message_update_queued_sent,257,2.062869
message_update_queued_sent,258,1.910699
message_update_queued_sent,259,2.138133
message_update_queued_sent,260,1.957189
message_update_queued_sent,261,2.067776
message_update_queued_sent,262,2.767631
message_update_queued_sent,263,1.841405
message_update_queued_sent,264,1.780724
message_update_queued_sent,265,1.730848
message_update_queued_sent,266,1.762205
message_update_queued_sent,267,1.783068
message_update_queued_sent,268,1.734604
message_update_queued_sent,269,1.791700
message_update_queued_sent,270,2.397504
message_update_queued_sent,271,1.911210
message_update_queued_sent,272,1.917871
message_update_queued_sent,273,1.798641
message_update_queued_sent,274,1.795226
message_update_queued_sent,275,1.763788
message_update_queued_sent,276,1.917259
message_update_queued_sent,277,2.031411
message_update_queued_sent,278,1.959062
message_update_queued_sent,279,2.531835
message_update_queued_sent,280,2.435289
message_update_queued_sent,281,1.885742
message_update_queued_sent,282,2.189870
message_update_queued_sent,283,2.008257
message_update_queued_sent,284,2.793580
message_update_queued_sent,285,2.682773
message_update_queued_sent,286,2.456161
message_update_queued_sent,287,1.939683
message_update_queued_sent,288,1.839863
message_update_queued_sent,289,1.972833
message_update_queued_sent,290,2.146565
message_update_queued_sent,291,1.924270
message_update_queued_sent,292,1.999023
message_update_queued_sent,293,1.719632
message_update_queued_sent,294,1.739682
message_update_queued_sent,295,1.718360
message_update_queued_sent,296,1.720854
message_update_queued_sent,297,1.722095
message_update_queued_sent,298,1.855686
message_update_queued_sent,299,1.767965
message_update_queued_sent,300,1.680152
message_update_queued_sent,301,1.702325
message_update_queued_sent,302,1.687352
message_update_queued_sent,303,1.756707
message_update_queued_sent,304,1.747083
message_update_queued_sent,305,1.680793
message_update_queued_sent,306,1.794755
message_update_queued_sent,307,2.075598
message_update_queued_sent,308,1.905502
message_update_queued_sent,309,1.823828
message_update_queued_sent,310,1.745831
message_update_queued_sent,311,1.774614
message_update_queued_sent,312,1.684969
message_update_queued_sent,313,1.843408
message_update_queued_sent,314,1.676447
message_update_queued_sent,315,1.674703
message_update_queued_sent,316,1.717468
message_update_queued_sent,317,1.725661
message_update_queued_sent,318,2.062358
message_update_queued_sent,319,1.857679
message_update_queued_sent,320,1.836579
message_update_queued_sent,321,1.678018
message_update_queued_sent,322,1.660172
message_update_queued_sent,323,2.010210
message_update_queued_sent,324,2.090069
message_update_queued_sent,325,1.808265
message_update_queued_sent,326,1.748516
message_update_queued_sent,327,1.879112
message_update_queued_sent,328,1.723477
message_update_queued_sent,329,1.870129
message_update_queued_sent,330,1.885141
message_update_queued_sent,331,2.141568
message_update_queued_sent,332,1.795496
message_update_queued_sent,333,1.716197
message_update_queued_sent,334,1.667392
message_update_queued_sent,335,1.692641
message_update_queued_sent,336,1.658519
message_update_queued_sent,337,1.698279
message_update_queued_sent,338,1.667073
message_update_queued_sent,339,1.679782
message_update_queued_sent,340,1.738300
message_update_queued_sent,341,1.711759
message_update_queued_sent,342,1.685300
message_update_queued_sent,343,1.656647
message_update_queued_sent,344,1.734835
message_update_queued_sent,345,1.724930
message_update_queued_sent,346,1.690727
message_update_queued_sent,347,1.666672
message_update_queued_sent,348,1.705761
message_update_queued_sent,349,1.687903
message_update_queued_sent,350,1.679931
message_update_queued_sent,351,1.683447
message_update_queued_sent,352,1.691329
message_update_queued_sent,353,1.692381
message_update_queued_sent,354,1.708886
message_update_queued_sent,355,1.764199
message_update_queued_sent,356,1.834715
message_update_queued_sent,357,1.914455
message_update_queued_sent,358,1.710698
message_update_queued_sent,359,1.684919
message_update_queued_sent,360,1.698599
message_update_queued_sent,361,1.762467
message_update_queued_sent,362,1.666401
message_update_queued_sent,363,1.724108
message_update_queued_sent,364,1.818871
message_update_queued_sent,365,1.794594
message_update_queued_sent,366,1.704098
message_update_queued_sent,367,1.696026
message_update_queued_sent,368,1.724469
message_update_queued_sent,369,1.713382
message_update_queued_sent,370,2.010831
message_update_queued_sent,371,1.751649
message_update_queued_sent,372,1.691079
message_update_queued_sent,373,1.794374
message_update_queued_sent,374,1.971932
message_update_queued_sent,375,2.029439
message_update_queued_sent,376,1.707252
message_update_queued_sent,377,1.741845
message_update_queued_sent,378,1.732621
message_update_queued_sent,379,1.972242
message_update_queued_sent,380,1.805401
message_update_queued_sent,381,1.719271
message_update_queued_sent,382,1.686471
message_update_queued_sent,383,1.673893
message_update_queued_sent,384,1.665540
message_update_queued_sent,385,1.708404
message_update_queued_sent,386,1.726081
message_update_queued_sent,387,1.692290
message_update_queued_sent,388,1.731269
message_update_queued_sent,389,1.736667
message_update_queued_sent,390,1.734064
message_update_queued_sent,391,1.781334
message_update_queued_sent,392,1.700603
message_update_queued_sent,393,1.668765
message_update_queued_sent,394,1.882106
message_update_queued_sent,395,1.723769
message_update_queued_sent,396,1.832722
message_update_queued_sent,397,1.702205
message_update_queued_sent,398,2.021987
message_update_queued_sent,399,1.727012
message_update_queued_sent,400,1.706592
message_update_queued_sent,401,1.755205
message_update_queued_sent,402,1.678059
message_update_queued_sent,403,1.727694
message_update_queued_sent,404,1.737889
message_update_queued_sent,405,1.712100
message_update_queued_sent,406,1.673262
message_update_queued_sent,407,1.730418
message_update_queued_sent,408,1.808295
message_update_queued_sent,409,1.690147
message_update_queued_sent,410,1.773653
message_update_queued_sent,411,1.707323
message_update_queued_sent,412,1.731389
message_update_queued_sent,413,1.706772
message_update_queued_sent,414,1.686271
message_update_queued_sent,415,1.832011
message_update_queued_sent,416,1.718530
message_update_queued_sent,417,1.693352
message_update_queued_sent,418,1.668926
message_update_queued_sent,419,1.717358
message_update_queued_sent,420,1.695075
message_update_queued_sent,421,1.859973
message_update_queued_sent,422,1.980715
message_update_queued_sent,423,1.853633
message_update_queued_sent,424,1.722656
message_update_queued_sent,425,1.752631
message_update_queued_sent,426,1.790789
message_update_queued_sent,427,1.722807
message_update_queued_sent,428,1.669295
message_update_queued_sent,429,1.665770
message_update_queued_sent,430,1.661574
message_update_queued_sent,431,1.798811
message_update_queued_sent,432,1.728945
message_update_queued_sent,433,1.799782
message_update_queued_sent,434,1.794003
message_update_queued_sent,435,1.696166
message_update_queued_sent,436,1.685601
message_update_queued_sent,437,1.750298
message_update_queued_sent,438,1.686892
message_update_queued_sent,439,1.702366
message_update_queued_sent,440,1.733022
message_update_queued_sent,441,1.782726
message_update_queued_sent,442,1.714864
message_update_queued_sent,443,1.862428
message_update_queued_sent,444,1.718229
message_update_queued_sent,445,1.719281
message_update_queued_sent,446,1.754604
message_update_queued_sent,447,1.740563
message_update_queued_sent,448,1.781755
message_update_queued_sent,449,1.733111
message_update_queued_sent,450,1.892081
message_update_queued_sent,451,1.797929
message_update_queued_sent,452,1.806422
message_update_queued_sent,453,1.671759
message_update_queued_sent,454,1.869558
message_update_queued_sent,455,1.699691
message_update_queued_sent,456,1.744899
message_update_queued_sent,457,1.738661
message_update_queued_sent,458,1.717278
message_update_queued_sent,459,1.676887
message_update_queued_sent,460,1.707373
message_update_queued_sent,461,1.686601
message_update_queued_sent,462,1.709646
message_update_queued_sent,463,1.885441
message_update_queued_sent,464,1.767985
message_update_queued_sent,465,1.736477
message_update_queued_sent,466,1.754974
message_update_queued_sent,467,1.718471
message_update_queued_sent,468,1.699291
message_update_queued_sent,469,1.743968
message_update_queued_sent,470,1.771089
message_update_queued_sent,471,1.917871
message_update_queued_sent,472,1.711289
message_update_queued_sent,473,1.779452
message_update_queued_sent,474,1.785371
message_update_queued_sent,475,1.739812
message_update_queued_sent,476,1.785381
message_update_queued_sent,477,1.802627
message_update_queued_sent,478,1.715776
message_update_queued_sent,479,1.718570
message_update_queued_sent,480,1.766642
message_update_queued_sent,481,1.749917
message_update_queued_sent,482,1.676367
message_update_queued_sent,483,1.707323
message_update_queued_sent,484,1.656486
message_update_queued_sent,485,1.931931
message_update_queued_sent,486,1.788916
message_update_queued_sent,487,1.689586
message_update_queued_sent,488,1.771129
message_update_queued_sent,489,1.855066
message_update_queued_sent,490,1.694304
message_update_queued_sent,491,1.710959
message_update_queued_sent,492,1.717588
message_update_queued_sent,493,2.257091
message_update_queued_sent,494,1.766633
message_update_queued_sent,495,1.817549
message_update_queued_sent,496,1.729146
message_update_queued_sent,497,1.790158
message_update_queued_sent,498,1.775706
message_update_queued_sent,499,1.728346
message_update_queued_sent,500,1.857589
message_update_queued_sent,501,1.910048
message_update_queued_sent,502,1.990550
message_update_queued_sent,503,1.723878
message_update_queued_sent,504,1.714674
message_update_queued_sent,505,1.754344
message_update_queued_sent,506,1.724379
message_update_queued_sent,507,1.815406
message_update_queued_sent,508,1.737098
message_update_queued_sent,509,1.698900
message_update_queued_sent,510,1.737398
message_update_queued_sent,511,1.828245
message_update_queued_sent,512,1.779542
message_update_queued_sent,513,1.790198
message_update_queued_sent,514,1.696477
message_update_queued_sent,515,1.746612
message_update_queued_sent,516,1.810198
message_update_queued_sent,517,1.735586
message_update_queued_sent,518,1.702035
message_update_queued_sent,519,1.663587
message_update_queued_sent,520,1.694584
message_update_queued_sent,521,1.729897
message_update_queued_sent,522,1.766502
message_update_queued_sent,523,1.715777
message_update_queued_sent,524,1.697568
message_update_queued_sent,525,1.701275
message_update_queued_sent,526,1.734203
message_update_queued_sent,527,1.702045
message_update_queued_sent,528,1.831730
message_update_queued_sent,529,1.774775
message_update_queued_sent,530,1.697869
message_update_queued_sent,531,1.732121
message_update_queued_sent,532,1.765611
message_update_queued_sent,533,1.794314
message_update_queued_sent,534,1.750819
message_update_queued_sent,535,1.757338
message_update_queued_sent,536,1.876548
message_update_queued_sent,537,1.712992
message_update_queued_sent,538,1.757559
message_update_queued_sent,539,1.854935
message_update_queued_sent,540,1.833974
message_update_queued_sent,541,1.806092
message_update_queued_sent,542,1.737068
message_update_queued_sent,543,1.728325
message_update_queued_sent,544,1.783187
message_update_queued_sent,545,1.739982
message_update_queued_sent,546,1.758711
message_update_queued_sent,547,1.761856
message_update_queued_sent,548,1.747474
message_update_queued_sent,549,1.766762
message_update_queued_sent,550,1.838301
message_update_queued_sent,551,1.825661
message_update_queued_sent,552,1.749076
message_update_queued_sent,553,1.758820
message_update_queued_sent,554,1.684739
message_update_queued_sent,555,1.760072
message_update_queued_sent,556,1.710268
message_update_queued_sent,557,1.946943
message_update_queued_sent,558,1.706592
message_update_queued_sent,559,1.725049
message_update_queued_sent,560,1.781225
message_update_queued_sent,561,1.751139
message_update_queued_sent,562,1.742676
message_update_queued_sent,563,1.690738
message_update_queued_sent,564,1.831059
message_update_queued_sent,565,1.809678
message_update_queued_sent,566,1.765841
message_update_queued_sent,567,1.721925
message_update_queued_sent,568,1.790499
message_update_queued_sent,569,1.757999
message_update_queued_sent,570,1.715215
message_update_queued_sent,571,1.713062
message_update_queued_sent,572,1.713332
message_update_queued_sent,573,1.752551
message_update_queued_sent,574,1.732731
message_update_queued_sent,575,1.715085
message_update_queued_sent,576,1.679441
message_update_queued_sent,577,1.742005
message_update_queued_sent,578,1.692691
message_update_queued_sent,579,1.691079
message_update_queued_sent,580,1.838351
message_update_queued_sent,581,1.690458
message_update_queued_sent,582,1.720282
message_update_queued_sent,583,1.733663
message_update_queued_sent,584,1.679851
message_update_queued_sent,585,1.703608
message_update_queued_sent,586,1.749046
message_update_queued_sent,587,1.691218
message_update_queued_sent,588,1.726332
message_update_queued_sent,589,1.763748
message_update_queued_sent,590,1.744439
message_update_queued_sent,591,1.708695
message_update_queued_sent,592,1.816568
message_update_queued_sent,593,1.776076
message_update_queued_sent,594,1.795165
message_update_queued_sent,595,1.740082
message_update_queued_sent,596,1.703237
message_update_queued_sent,597,1.872802
message_update_queued_sent,598,1.700673
message_update_queued_sent,599,1.823829
message_update_queued_sent,600,1.715055
message_update_queued_sent,601,1.715966
message_update_queued_sent,602,1.695726
message_update_queued_sent,603,1.802726
message_update_queued_sent,604,1.723818
message_update_queued_sent,605,1.925843
message_update_queued_sent,606,2.278453
message_update_queued_sent,607,1.781174
message_update_queued_sent,608,1.779592
message_update_queued_sent,609,1.788846
message_update_queued_sent,610,1.742897
message_update_queued_sent,611,1.740823
message_update_queued_sent,612,1.733843
message_update_queued_sent,613,1.750538
message_update_queued_sent,614,1.762746
message_update_queued_sent,615,1.731078
message_update_queued_sent,616,1.708605
message_update_queued_sent,617,1.808205
message_update_queued_sent,618,1.725891
message_update_queued_sent,619,1.774745
message_update_queued_sent,620,1.690858
message_update_queued_sent,621,1.739802
message_update_queued_sent,622,1.710428
message_update_queued_sent,623,1.815026
message_update_queued_sent,624,1.694193
message_update_queued_sent,625,1.777489
message_update_queued_sent,626,1.727784
message_update_queued_sent,627,1.702446
message_update_queued_sent,628,1.679351
message_update_queued_sent,629,1.710497
message_update_queued_sent,630,1.698870
message_update_queued_sent,631,1.720212
message_update_queued_sent,632,1.776588
message_update_queued_sent,633,1.690397
message_update_queued_sent,634,1.772792
message_update_queued_sent,635,1.811610
message_update_queued_sent,636,1.705350
message_update_queued_sent,637,1.725481
message_update_queued_sent,638,1.852051
message_update_queued_sent,639,1.686291
message_update_queued_sent,640,1.733733
message_update_queued_sent,641,1.750679
message_update_queued_sent,642,1.666591
message_update_queued_sent,643,1.698710
message_update_queued_sent,644,1.802046
message_update_queued_sent,645,1.692812
message_update_queued_sent,646,1.716817
message_update_queued_sent,647,1.694153
message_update_queued_sent,648,1.811860
message_update_queued_sent,649,1.800153
message_update_queued_sent,650,1.745470
message_update_queued_sent,651,1.711099
message_update_queued_sent,652,1.720744
message_update_queued_sent,653,1.732902
message_update_queued_sent,654,1.762686
message_update_queued_sent,655,1.845972
message_update_queued_sent,656,1.806242
message_update_queued_sent,657,1.765480
message_update_queued_sent,658,1.719381
message_update_queued_sent,659,1.717518
message_update_queued_sent,660,1.773603
message_update_queued_sent,661,1.686341
message_update_queued_sent,662,1.725000
message_update_queued_sent,663,1.759431
message_update_queued_sent,664,1.773903
message_update_queued_sent,665,1.787563
message_update_queued_sent,666,1.773102
message_update_queued_sent,667,1.757639
message_update_queued_sent,668,1.709386
message_update_queued_sent,669,1.818250
message_update_queued_sent,670,1.825511
message_update_queued_sent,671,1.735155
message_update_queued_sent,672,1.758230
message_update_queued_sent,673,1.737148
message_update_queued_sent,674,1.949808
message_update_queued_sent,675,1.768165
message_update_queued_sent,676,1.747232
message_update_queued_sent,677,1.698800
message_update_queued_sent,678,1.767163
message_update_queued_sent,679,1.738049
message_update_queued_sent,680,1.676146
message_update_queued_sent,681,1.828836
message_update_queued_sent,682,2.173335
message_update_queued_sent,683,1.826122
message_update_queued_sent,684,1.777819
message_update_queued_sent,685,1.720824
message_update_queued_sent,686,1.726172
message_update_queued_sent,687,1.675154
message_update_queued_sent,688,1.740413
message_update_queued_sent,689,1.797979
message_update_queued_sent,690,1.780283
message_update_queued_sent,691,1.751910
message_update_queued_sent,692,1.831890
message_update_queued_sent,693,1.733542
message_update_queued_sent,694,1.749356
message_update_queued_sent,695,1.729837
message_update_queued_sent,696,1.876658
message_update_queued_sent,697,1.772031
message_update_queued_sent,698,2.218784
message_update_queued_sent,699,1.837659
message_update_queued_sent,700,1.807023
message_update_queued_sent,701,1.763297
message_update_queued_sent,702,1.704439
message_update_queued_sent,703,1.742646
message_update_queued_sent,704,1.800303
message_update_queued_sent,705,1.723428
message_update_queued_sent,706,1.684339
message_update_queued_sent,707,1.674824
message_update_queued_sent,708,1.724468
message_update_queued_sent,709,1.848335
message_update_queued_sent,710,1.759922
message_update_queued_sent,711,1.679451
message_update_queued_sent,712,1.681814
message_update_queued_sent,713,1.702956
message_update_queued_sent,714,1.712891
message_update_queued_sent,715,1.688345
message_update_queued_sent,716,1.928957
message_update_queued_sent,717,1.754284
message_update_queued_sent,718,1.760914
message_update_queued_sent,719,1.799172
message_update_queued_sent,720,1.703167
message_update_queued_sent,721,1.792521
message_update_queued_sent,722,1.766522
message_update_queued_sent,723,1.731200
message_update_queued_sent,724,1.729706
message_update_queued_sent,725,1.740012
message_update_queued_sent,726,1.862778
message_update_queued_sent,727,1.748966
message_update_queued_sent,728,1.697028
message_update_queued_sent,729,1.878922
message_update_queued_sent,730,1.723998
message_update_queued_sent,731,1.745851
message_update_queued_sent,732,1.751800
message_update_queued_sent,733,1.728224
message_update_queued_sent,734,1.674604
message_update_queued_sent,735,1.752602
message_update_queued_sent,736,1.774625
message_update_queued_sent,737,1.737989
message_update_queued_sent,738,1.721354
message_update_queued_sent,739,1.699762
message_update_queued_sent,740,1.727644
message_update_queued_sent,741,1.788004
message_update_queued_sent,742,1.889368
message_update_queued_sent,743,1.732440
message_update_queued_sent,744,1.748736
message_update_queued_sent,745,1.730117
message_update_queued_sent,746,1.859252
message_update_queued_sent,747,1.801575
message_update_queued_sent,748,1.798100
message_update_queued_sent,749,1.881265
message_update_queued_sent,750,1.784730
message_update_queued_sent,751,1.866402
message_update_queued_sent,752,1.899954
message_update_queued_sent,753,1.694303
message_update_queued_sent,754,1.682555
message_update_queued_sent,755,1.723267
message_update_queued_sent,756,1.751970
message_update_queued_sent,757,1.712981
message_update_queued_sent,758,1.725671
message_update_queued_sent,759,1.713863
message_update_queued_sent,760,1.705972
message_update_queued_sent,761,1.689707
message_update_queued_sent,762,1.844399
message_update_queued_sent,763,1.714323
message_update_queued_sent,764,1.719571
message_update_queued_sent,765,1.748145
message_update_queued_sent,766,1.706081
message_update_queued_sent,767,1.785301
message_update_queued_sent,768,1.852222
message_update_queued_sent,769,1.912382
message_update_queued_sent,770,1.704189
message_update_queued_sent,771,1.699180
message_update_queued_sent,772,1.845611
message_update_queued_sent,773,1.795907
message_update_queued_sent,774,1.708275
message_update_queued_sent,775,1.754464
message_update_queued_sent,776,1.711469
message_update_queued_sent,777,1.823519
message_update_queued_sent,778,2.107306
message_update_queued_sent,779,1.751449
message_update_queued_sent,780,2.112483
message_update_queued_sent,781,1.764559
message_update_queued_sent,782,1.838130
message_update_queued_sent,783,1.748646
message_update_queued_sent,784,2.048927
message_update_queued_sent,785,1.756377
message_update_queued_sent,786,1.762346
message_update_queued_sent,787,1.766032
message_update_queued_sent,788,1.918371
message_update_queued_sent,789,1.790839
message_update_queued_sent,790,1.727394
message_update_queued_sent,791,1.723537
message_update_queued_sent,792,1.735285
message_update_queued_sent,793,1.778490
message_update_queued_sent,794,1.729166
message_update_queued_sent,795,1.861526
message_update_queued_sent,796,1.754754
message_update_queued_sent,797,1.728906
message_update_queued_sent,798,1.753573
message_update_queued_sent,799,1.732991
message_update_queued_sent,800,1.670287
message_update_queued_sent,801,1.693102
message_update_queued_sent,802,1.730998
message_update_queued_sent,803,1.752121
message_update_queued_sent,804,1.679140
message_update_queued_sent,805,1.772742
message_update_queued_sent,806,1.727974
message_update_queued_sent,807,1.729667
message_update_queued_sent,808,1.780403
message_update_queued_sent,809,1.777179
message_update_queued_sent,810,1.769677
message_update_queued_sent,811,2.075347
message_update_queued_sent,812,1.861736
message_update_queued_sent,813,1.725059
message_update_queued_sent,814,1.761965
message_update_queued_sent,815,1.739421
message_update_queued_sent,816,1.701614
message_update_queued_sent,817,1.714243
message_update_queued_sent,818,1.819051
message_update_queued_sent,819,1.676026
message_update_queued_sent,820,1.693553
message_update_queued_sent,821,1.703296
message_update_queued_sent,822,1.673311
message_update_queued_sent,823,1.690187
message_update_queued_sent,824,1.705350
message_update_queued_sent,825,1.659712
message_update_queued_sent,826,1.788365
message_update_queued_sent,827,1.716587
message_update_queued_sent,828,1.649966
message_update_queued_sent,829,1.710768
message_update_queued_sent,830,1.794465
message_update_queued_sent,831,1.726862
message_update_queued_sent,832,1.739310
message_update_queued_sent,833,1.727123
message_update_queued_sent,834,1.687523
message_update_queued_sent,835,1.707584
message_update_queued_sent,836,1.752941
message_update_queued_sent,837,1.699111
message_update_queued_sent,838,1.754595
message_update_queued_sent,839,1.751790
message_update_queued_sent,840,1.790018
message_update_queued_sent,841,1.736968
message_update_queued_sent,842,1.740854
message_update_queued_sent,843,1.713101
message_update_queued_sent,844,1.733602
message_update_queued_sent,845,1.777559
message_update_queued_sent,846,1.694083
message_update_queued_sent,847,1.723187
message_update_queued_sent,848,1.765461
message_update_queued_sent,849,1.787604
message_update_queued_sent,850,1.791350
message_update_queued_sent,851,1.686362
message_update_queued_sent,852,1.765591
message_update_queued_sent,853,1.729727
message_update_queued_sent,854,1.842276
message_update_queued_sent,855,1.681564
message_update_queued_sent,856,1.757779
message_update_queued_sent,857,1.736076
message_update_queued_sent,858,1.729446
message_update_queued_sent,859,1.701945
message_update_queued_sent,860,1.824520
message_update_queued_sent,861,1.780483
message_update_queued_sent,862,1.713493
message_update_queued_sent,863,1.687002
message_update_queued_sent,864,1.724118
message_update_queued_sent,865,1.733943
message_update_queued_sent,866,1.765641
message_update_queued_sent,867,1.735165
message_update_queued_sent,868,1.735536
message_update_queued_sent,869,1.680813
message_update_queued_sent,870,1.726422
message_update_queued_sent,871,1.705830
message_update_queued_sent,872,1.900074
message_update_queued_sent,873,1.720022
message_update_queued_sent,874,1.721764
message_update_queued_sent,875,1.801846
message_update_queued_sent,876,1.761946
message_update_queued_sent,877,1.764519
message_update_queued_sent,878,1.963840
message_update_queued_sent,879,1.755136
message_update_queued_sent,880,1.705841
message_update_queued_sent,881,1.904861
message_update_queued_sent,882,1.784199
message_update_queued_sent,883,1.773623
message_update_queued_sent,884,1.784059
message_update_queued_sent,885,1.780033
message_update_queued_sent,886,1.818090
message_update_queued_sent,887,1.724609
message_update_queued_sent,888,1.748906
message_update_queued_sent,889,1.780132
message_update_queued_sent,890,1.729977
message_update_queued_sent,891,1.694294
message_update_queued_sent,892,1.823498
message_update_queued_sent,893,2.254658
message_update_queued_sent,894,1.795816
message_update_queued_sent,895,1.705049
message_update_queued_sent,896,1.952663
message_update_queued_sent,897,1.814054
message_update_queued_sent,898,1.827774
message_update_queued_sent,899,1.948696
message_update_queued_sent,900,1.826923
message_update_queued_sent,901,1.703227
message_update_queued_sent,902,1.757689
message_update_queued_sent,903,1.855897
message_update_queued_sent,904,1.708956
message_update_queued_sent,905,1.687563
message_update_queued_sent,906,1.710579
message_update_queued_sent,907,1.706953
message_update_queued_sent,908,1.716777
message_update_queued_sent,909,1.693582
message_update_queued_sent,910,1.674353
message_update_queued_sent,911,1.697679
message_update_queued_sent,912,1.971791
message_update_queued_sent,913,1.704889
message_update_queued_sent,914,1.678470
message_update_queued_sent,915,1.676427
message_update_queued_sent,916,1.801986
message_update_queued_sent,917,1.708275
message_update_queued_sent,918,1.755265
message_update_queued_sent,919,1.725691
message_update_queued_sent,920,1.710087
message_update_queued_sent,921,1.704238
message_update_queued_sent,922,1.719562
message_update_queued_sent,923,1.732030
message_update_queued_sent,924,1.725450
message_update_queued_sent,925,1.822436
message_update_queued_sent,926,1.733883
message_update_queued_sent,927,1.759051
message_update_queued_sent,928,1.853994
message_update_queued_sent,929,1.860274
message_update_queued_sent,930,1.687563
message_update_queued_sent,931,1.679791
message_update_queued_sent,932,1.739842
message_update_queued_sent,933,1.677358
message_update_queued_sent,934,1.665440
message_update_queued_sent,935,2.154758
message_update_queued_sent,936,1.865081
message_update_queued_sent,937,1.764710
message_update_queued_sent,938,1.689817
message_update_queued_sent,939,1.729026
message_update_queued_sent,940,1.767203
message_update_queued_sent,941,1.720703
message_update_queued_sent,942,1.758280
message_update_queued_sent,943,2.159965
message_update_queued_sent,944,1.747965
message_update_queued_sent,945,1.726162
message_update_queued_sent,946,1.701705
message_update_queued_sent,947,1.665710
message_update_queued_sent,948,1.741284
message_update_queued_sent,949,1.783498
message_update_queued_sent,950,1.708695
message_update_queued_sent,951,1.741875
message_update_queued_sent,952,1.746812
message_update_queued_sent,953,1.700092
message_update_queued_sent,954,1.756838
message_update_queued_sent,955,1.742737
message_update_queued_sent,956,1.720563
message_update_queued_sent,957,1.687263
message_update_queued_sent,958,1.731589
message_update_queued_sent,959,1.744389
message_update_queued_sent,960,1.892312
message_update_queued_sent,961,1.748244
message_update_queued_sent,962,1.816848
message_update_queued_sent,963,1.832702
message_update_queued_sent,964,1.896218
message_update_queued_sent,965,1.720572
message_update_queued_sent,966,1.701234
message_update_queued_sent,967,1.761675
message_update_queued_sent,968,1.692591
message_update_queued_sent,969,1.684339
message_update_queued_sent,970,1.713171
message_update_queued_sent,971,1.728445
message_update_queued_sent,972,1.704919
message_update_queued_sent,973,1.703457
message_update_queued_sent,974,1.781555
message_update_queued_sent,975,1.702045
message_update_queued_sent,976,1.707633
message_update_queued_sent,977,1.764069
message_update_queued_sent,978,1.759412
message_update_queued_sent,979,1.797108
message_update_queued_sent,980,1.728875
message_update_queued_sent,981,1.873664
message_update_queued_sent,982,1.905592
message_update_queued_sent,983,1.761245
message_update_queued_sent,984,1.683167
message_update_queued_sent,985,1.704558
message_update_queued_sent,986,1.714494
message_update_queued_sent,987,1.764098
message_update_queued_sent,988,1.851791
message_update_queued_sent,989,1.757588
message_update_queued_sent,990,1.674964
message_update_queued_sent,991,1.728354
message_update_queued_sent,992,1.697999
message_update_queued_sent,993,1.842117
message_update_queued_sent,994,1.699321
message_update_queued_sent,995,1.744769
message_update_queued_sent,996,1.720253
message_update_queued_sent,997,1.842176
message_update_queued_sent,998,1.834945
message_update_queued_sent,999,1.790569
message_update_queued_sent,1000,1.868366
message_update_queued_sent,1001,1.714323
message_update_queued_sent,1002,1.732261
message_update_queued_sent,1003,1.666512
message_update_queued_sent,1004,1.827444
message_update_queued_sent,1005,1.703397
message_update_queued_sent,1006,1.740794
message_update_queued_sent,1007,1.714444
message_update_queued_sent,1008,1.681454
message_update_queued_sent,1009,1.725881
message_update_queued_sent,1010,1.650878
message_update_queued_sent,1011,1.726181
message_update_queued_sent,1012,1.701444
message_update_queued_sent,1013,1.748064
message_update_queued_sent,1014,1.787864
message_update_queued_sent,1015,1.710428
message_update_queued_sent,1016,1.773002
message_update_queued_sent,1017,1.717248
message_update_queued_sent,1018,1.666262
message_update_queued_sent,1019,1.687263
message_update_queued_sent,1020,1.698710
message_update_queued_sent,1021,1.695195
message_update_queued_sent,1022,1.658280
message_update_queued_sent,1023,1.695515
message_update_queued_sent,1024,1.790278
message_update_queued_sent,1025,1.861465
message_update_queued_sent,1026,1.704638
message_update_queued_sent,1027,1.686361
message_update_queued_sent,1028,1.704178
message_update_queued_sent,1029,1.745751
message_update_queued_sent,1030,1.721454
message_update_queued_sent,1031,1.742596
message_update_queued_sent,1032,1.770398
message_update_queued_sent,1033,1.747434
message_update_queued_sent,1034,1.744890
message_update_queued_sent,1035,1.752021
message_update_queued_sent,1036,1.720763
message_update_queued_sent,1037,1.788976
message_update_queued_sent,1038,1.700473
message_update_queued_sent,1039,1.836277
message_update_queued_sent,1040,1.795125
message_update_queued_sent,1041,1.721034
message_update_queued_sent,1042,1.823899
message_update_queued_sent,1043,1.714524
message_update_queued_sent,1044,1.711248
message_update_queued_sent,1045,1.705651
message_update_queued_sent,1046,1.741685
message_update_queued_sent,1047,1.854755
message_update_queued_sent,1048,1.727423
message_update_queued_sent,1049,1.681014
message_update_queued_sent,1050,1.734434
message_update_queued_sent,1051,1.715145
message_update_queued_sent,1052,1.905902
message_update_queued_sent,1053,1.885832
message_update_queued_sent,1054,1.810919
message_update_queued_sent,1055,1.720362
message_update_queued_sent,1056,1.889357
message_update_queued_sent,1057,1.690477
message_update_queued_sent,1058,1.827004
message_update_queued_sent,1059,1.785571
message_update_queued_sent,1060,1.810238
message_update_queued_sent,1061,1.763197
message_update_queued_sent,1062,1.846363
message_update_queued_sent,1063,1.770809
message_update_queued_sent,1064,1.691268
message_update_queued_sent,1065,1.777168
message_update_queued_sent,1066,1.725781
message_update_queued_sent,1067,1.756998
message_update_queued_sent,1068,1.679982
message_update_queued_sent,1069,1.780153
message_update_queued_sent,1070,1.712871
message_update_queued_sent,1071,1.786162
message_update_queued_sent,1072,1.740503
message_update_queued_sent,1073,1.739852
message_update_queued_sent,1074,1.782016
message_update_queued_sent,1075,1.721865
message_update_queued_sent,1076,1.703557
message_update_queued_sent,1077,1.728405
message_update_queued_sent,1078,1.790458
message_update_queued_sent,1079,1.742236
message_update_queued_sent,1080,1.722185
message_update_queued_sent,1081,1.711830
message_update_queued_sent,1082,1.703788
message_update_queued_sent,1083,1.743327
message_update_queued_sent,1084,1.745040
message_update_queued_sent,1085,1.745100
message_update_queued_sent,1086,1.733773
message_update_queued_sent,1087,1.754444
message_update_queued_sent,1088,1.717829
message_update_queued_sent,1089,1.883238
message_update_queued_sent,1090,1.781394
message_update_queued_sent,1091,1.728164
message_update_queued_sent,1092,1.765320
message_update_queued_sent,1093,1.768986
message_update_queued_sent,1094,1.706682
message_update_queued_sent,1095,1.721485
message_update_queued_sent,1096,1.757048
message_update_queued_sent,1097,1.800714
message_update_queued_sent,1098,1.744288
message_update_queued_sent,1099,1.696827
message_update_queued_sent,1100,1.693402
message_update_queued_sent,1101,1.691018
message_update_queued_sent,1102,1.688224
message_update_queued_sent,1103,1.706903
message_update_queued_sent,1104,1.726211
message_update_queued_sent,1105,1.791100
message_update_queued_sent,1106,1.702476
message_update_queued_sent,1107,1.711099
message_update_queued_sent,1108,1.698370
message_update_queued_sent,1109,1.809617
message_update_queued_sent,1110,1.738900
message_update_queued_sent,1111,1.809327
message_update_queued_sent,1112,1.686281
message_update_queued_sent,1113,1.781725
message_update_queued_sent,1114,1.743297
message_update_queued_sent,1115,1.770989
message_update_queued_sent,1116,1.784849
message_update_queued_sent,1117,1.854015
message_update_queued_sent,1118,1.763117
message_update_queued_sent,1119,1.829417
message_update_queued_sent,1120,1.706772
message_update_queued_sent,1121,1.731670
message_update_queued_sent,1122,2.249961
message_update_queued_sent,1123,1.814364
message_update_queued_sent,1124,1.708765
message_update_queued_sent,1125,1.673622
message_update_queued_sent,1126,1.669265
message_update_queued_sent,1127,1.820424
message_update_queued_sent,1128,1.846282
message_update_queued_sent,1129,1.754043
message_update_queued_sent,1130,1.705631
message_update_queued_sent,1131,1.731730
message_update_queued_sent,1132,1.681114
message_update_queued_sent,1133,1.745451
message_update_queued_sent,1134,1.704279
message_update_queued_sent,1135,1.708415
message_update_queued_sent,1136,1.701053
message_update_queued_sent,1137,1.681474
message_update_queued_sent,1138,1.715666
message_update_queued_sent,1139,1.743648
message_update_queued_sent,1140,1.765120
message_update_queued_sent,1141,1.927284
message_update_queued_sent,1142,1.773483
message_update_queued_sent,1143,1.828306
message_update_queued_sent,1144,1.795096
message_update_queued_sent,1145,1.731028
message_update_queued_sent,1146,1.724739
message_update_queued_sent,1147,1.730688
message_update_queued_sent,1148,1.717348
message_update_queued_sent,1149,1.714964
message_update_queued_sent,1150,1.680102
message_update_queued_sent,1151,1.782426
message_update_queued_sent,1152,1.717308
message_update_queued_sent,1153,1.715615
message_update_queued_sent,1154,1.888517
message_update_queued_sent,1155,1.808856
message_update_queued_sent,1156,1.656226
message_update_queued_sent,1157,1.774345
message_update_queued_sent,1158,1.719732
message_update_queued_sent,1159,1.754964
message_update_queued_sent,1160,1.794725
message_update_queued_sent,1161,1.916497
message_update_queued_sent,1162,2.088918
message_update_queued_sent,1163,1.760653
message_update_queued_sent,1164,1.832011
message_update_queued_sent,1165,1.870749
message_update_queued_sent,1166,1.781304
message_update_queued_sent,1167,1.930309
message_update_queued_sent,1168,1.713503
message_update_queued_sent,1169,2.142819
message_update_queued_sent,1170,1.687013
message_update_queued_sent,1171,1.772451
message_update_queued_sent,1172,1.705029
message_update_queued_sent,1173,1.740653
message_update_queued_sent,1174,1.742386
message_update_queued_sent,1175,1.695896
message_update_queued_sent,1176,1.710007
message_update_queued_sent,1177,1.783098
message_update_queued_sent,1178,1.721895
message_update_queued_sent,1179,1.686702
message_update_queued_sent,1180,1.729947
message_update_queued_sent,1181,1.727163
message_update_queued_sent,1182,1.691679
message_update_queued_sent,1183,1.714243
message_update_queued_sent,1184,1.920945
message_update_queued_sent,1185,1.736147
message_update_queued_sent,1186,1.763007
message_update_queued_sent,1187,1.711068
message_update_queued_sent,1188,2.095347
message_update_queued_sent,1189,1.950830
message_update_queued_sent,1190,1.738941
message_update_queued_sent,1191,1.721504
message_update_queued_sent,1192,1.708145
message_update_queued_sent,1193,1.772842
message_update_queued_sent,1194,1.768245
message_update_queued_sent,1195,1.716757
message_update_queued_sent,1196,1.735997
message_update_queued_sent,1197,1.799612
message_update_queued_sent,1198,1.746000
message_update_queued_sent,1199,1.812271
message_update_queued_sent,1200,1.789597
message_update_queued_sent,1201,1.737889
message_update_queued_sent,1202,1.714354
message_update_queued_sent,1203,1.715496
message_update_queued_sent,1204,1.805261
message_update_queued_sent,1205,1.741494
message_update_queued_sent,1206,1.786252
message_update_queued_sent,1207,1.707844
message_update_queued_sent,1208,1.684509
message_update_queued_sent,1209,1.690968
message_update_queued_sent,1210,2.273116
message_update_queued_sent,1211,1.750749
message_update_queued_sent,1212,1.722916
message_update_queued_sent,1213,1.686121
message_update_queued_sent,1214,1.750468
message_update_queued_sent,1215,1.780163
message_update_queued_sent,1216,1.856388
message_update_queued_sent,1217,1.713912
message_update_queued_sent,1218,1.667503
message_update_queued_sent,1219,1.823888
message_update_queued_sent,1220,1.718189
message_update_queued_sent,1221,1.770939
message_update_queued_sent,1222,1.737288
message_update_queued_sent,1223,1.729656
message_update_queued_sent,1224,1.739291
message_update_queued_sent,1225,1.703417
message_update_queued_sent,1226,1.712932
message_update_queued_sent,1227,1.771009
message_update_queued_sent,1228,1.716397
message_update_queued_sent,1229,1.678589
message_update_queued_sent,1230,1.722766
message_update_queued_sent,1231,1.736918
message_update_queued_sent,1232,1.723808
message_update_queued_sent,1233,1.752231
message_update_queued_sent,1234,1.712090
message_update_queued_sent,1235,1.824829
message_update_queued_sent,1236,1.719592
message_update_queued_sent,1237,1.722315
message_update_queued_sent,1238,1.791990
message_update_queued_sent,1239,1.801484
message_update_queued_sent,1240,1.819332
message_update_queued_sent,1241,1.724900
message_update_queued_sent,1242,1.768736
message_update_queued_sent,1243,2.002938
message_update_queued_sent,1244,1.904901
message_update_queued_sent,1245,1.710859
message_update_queued_sent,1246,2.153395
message_update_queued_sent,1247,1.738960
message_update_queued_sent,1248,1.720113
message_update_queued_sent,1249,1.752131
message_update_queued_sent,1250,1.685290
message_update_queued_sent,1251,1.707783
message_update_queued_sent,1252,1.727754
message_update_queued_sent,1253,1.728464
message_update_queued_sent,1254,1.692130
message_update_queued_sent,1255,1.775846
message_update_queued_sent,1256,1.749517
message_update_queued_sent,1257,1.760333
message_update_queued_sent,1258,1.742696
message_update_queued_sent,1259,1.832813
message_update_queued_sent,1260,1.774524
message_update_queued_sent,1261,1.723267
message_update_queued_sent,1262,1.891821
message_update_queued_sent,1263,1.723708
message_update_queued_sent,1264,1.697478
message_update_queued_sent,1265,1.690988
message_update_queued_sent,1266,1.885562
message_update_queued_sent,1267,2.317422
message_update_queued_sent,1268,1.750639
message_update_queued_sent,1269,1.740613
message_update_queued_sent,1270,1.757689
message_update_queued_sent,1271,1.778721
message_update_queued_sent,1272,1.772281
message_update_queued_sent,1273,1.733903
message_update_queued_sent,1274,1.705700
message_update_queued_sent,1275,1.665940
message_update_queued_sent,1276,1.707834
message_update_queued_sent,1277,1.810528
message_update_queued_sent,1278,1.715456
message_update_queued_sent,1279,1.732281
message_update_queued_sent,1280,1.830479
message_update_queued_sent,1281,1.992222
message_update_queued_sent,1282,1.953885
message_update_queued_sent,1283,1.743879
message_update_queued_sent,1284,1.778671
message_update_queued_sent,1285,1.726942
message_update_queued_sent,1286,1.717148
message_update_queued_sent,1287,1.778200
message_update_queued_sent,1288,1.798379
message_update_queued_sent,1289,1.812952
message_update_queued_sent,1290,1.809958
message_update_queued_sent,1291,1.686792
message_update_queued_sent,1292,1.876068
message_update_queued_sent,1293,1.733782
message_update_queued_sent,1294,1.775446
message_update_queued_sent,1295,1.710567
message_update_queued_sent,1296,1.815937
message_update_queued_sent,1297,1.772861
message_update_queued_sent,1298,1.729337
message_update_queued_sent,1299,1.730118
message_update_queued_sent,1300,1.721384
message_update_queued_sent,1301,1.727974
message_update_queued_sent,1302,1.826703
message_update_queued_sent,1303,1.683116
message_update_queued_sent,1304,1.701214
message_update_queued_sent,1305,1.767644
message_update_queued_sent,1306,1.765782
message_update_queued_sent,1307,1.895586
message_update_queued_sent,1308,1.698189
message_update_queued_sent,1309,1.722056
message_update_queued_sent,1310,1.686832
message_update_queued_sent,1311,1.842717
message_update_queued_sent,1312,1.840364
message_update_queued_sent,1313,1.792902
message_update_queued_sent,1314,1.665780
message_update_queued_sent,1315,1.778390
message_update_queued_sent,1316,1.817078
message_update_queued_sent,1317,1.759822
message_update_queued_sent,1318,1.769307
message_update_queued_sent,1319,1.677968
message_update_queued_sent,1320,1.723186
message_update_queued_sent,1321,1.773623
message_update_queued_sent,1322,1.676998
message_update_queued_sent,1323,1.891640
message_update_queued_sent,1324,1.723868
message_update_queued_sent,1325,1.738019
message_update_queued_sent,1326,1.695314
message_update_queued_sent,1327,1.788145
message_update_queued_sent,1328,1.727013
message_update_queued_sent,1329,1.740363
message_update_queued_sent,1330,1.745521
message_update_queued_sent,1331,1.700913
message_update_queued_sent,1332,1.714925
message_update_queued_sent,1333,1.767774
message_update_queued_sent,1334,1.755896
message_update_queued_sent,1335,1.752401
message_update_queued_sent,1336,1.765701
message_update_queued_sent,1337,1.763177
message_update_queued_sent,1338,1.674915
message_update_queued_sent,1339,1.733703
message_update_queued_sent,1340,1.807515
message_update_queued_sent,1341,1.756557
message_update_queued_sent,1342,1.810808
message_update_queued_sent,1343,1.686522
message_update_queued_sent,1344,1.696757
message_update_queued_sent,1345,1.706071
message_update_queued_sent,1346,1.762506
message_update_queued_sent,1347,1.705240
message_update_queued_sent,1348,1.725300
message_update_queued_sent,1349,1.720483
message_update_queued_sent,1350,1.797389
message_update_queued_sent,1351,1.655175
message_update_queued_sent,1352,1.812392
message_update_queued_sent,1353,1.783598
message_update_queued_sent,1354,1.730818
message_update_queued_sent,1355,1.810919
message_update_queued_sent,1356,1.731579
message_update_queued_sent,1357,1.687913
message_update_queued_sent,1358,1.842266
message_update_queued_sent,1359,1.709036
message_update_queued_sent,1360,1.732220
message_update_queued_sent,1361,1.826081
message_update_queued_sent,1362,1.713672
message_update_queued_sent,1363,1.712431
message_update_queued_sent,1364,1.724398
message_update_queued_sent,1365,1.713973
message_update_queued_sent,1366,1.723958
message_update_queued_sent,1367,1.715165
message_update_queued_sent,1368,1.805631
message_update_queued_sent,1369,1.684759
message_update_queued_sent,1370,1.668915
message_update_queued_sent,1371,1.704439
message_update_queued_sent,1372,1.698690
message_update_queued_sent,1373,1.745541
message_update_queued_sent,1374,1.677788
message_update_queued_sent,1375,1.743568
message_update_queued_sent,1376,1.664378
message_update_queued_sent,1377,1.734063
message_update_queued_sent,1378,1.685760
message_update_queued_sent,1379,1.809668
message_update_queued_sent,1380,1.713683
message_update_queued_sent,1381,1.706542
message_update_queued_sent,1382,1.688986
message_update_queued_sent,1383,1.655745
message_update_queued_sent,1384,1.774814
message_update_queued_sent,1385,1.684468
message_update_queued_sent,1386,1.680262
message_update_queued_sent,1387,1.799632
message_update_queued_sent,1388,1.683096
message_update_queued_sent,1389,1.773593
message_update_queued_sent,1390,1.713622
message_update_queued_sent,1391,1.725690
message_update_queued_sent,1392,1.807504
message_update_queued_sent,1393,1.708845
message_update_queued_sent,1394,1.707273
message_update_queued_sent,1395,2.017390
message_update_queued_sent,1396,1.849137
message_update_queued_sent,1397,1.693533
message_update_queued_sent,1398,1.777238
message_update_queued_sent,1399,1.840584
message_update_queued_sent,1400,1.725390
message_update_queued_sent,1401,1.803357
message_update_queued_sent,1402,1.726241
message_update_queued_sent,1403,1.666701
message_update_queued_sent,1404,1.819732
message_update_queued_sent,1405,1.763057
message_update_queued_sent,1406,1.749496
message_update_queued_sent,1407,1.723788
message_update_queued_sent,1408,1.729748
message_update_queued_sent,1409,1.718360
message_update_queued_sent,1410,1.679501
message_update_queued_sent,1411,1.675956
message_update_queued_sent,1412,1.698630
message_update_queued_sent,1413,1.765020
message_update_queued_sent,1414,1.667043
message_update_queued_sent,1415,1.685640
message_update_queued_sent,1416,1.744369
message_update_queued_sent,1417,1.743198
message_update_queued_sent,1418,1.702946
message_update_queued_sent,1419,1.679301
message_update_queued_sent,1420,2.100606
message_update_queued_sent,1421,2.320998
message_update_queued_sent,1422,1.913353
message_update_queued_sent,1423,2.064972
message_update_queued_sent,1424,2.404724
message_update_queued_sent,1425,2.104391
message_update_queued_sent,1426,2.429070
message_update_queued_sent,1427,2.338785
message_update_queued_sent,1428,2.352175
message_update_queued_sent,1429,2.238113
message_update_queued_sent,1430,2.166745
message_update_queued_sent,1431,2.053044
message_update_queued_sent,1432,2.152264
message_update_queued_sent,1433,2.100566
message_update_queued_sent,1434,2.105413
message_update_queued_sent,1435,2.061377
message_update_queued_sent,1436,2.371194
message_update_queued_sent,1437,2.205083
message_update_queued_sent,1438,2.441890
message_update_queued_sent,1439,1.893784
message_update_queued_sent,1440,2.149119
message_update_queued_sent,1441,1.793893
message_update_queued_sent,1442,2.089289
message_update_queued_sent,1443,2.072072
message_update_queued_sent,1444,1.774915
message_update_queued_sent,1445,1.739832
message_update_queued_sent,1446,1.750698
message_update_queued_sent,1447,1.768596
message_update_queued_sent,1448,1.782326
message_update_queued_sent,1449,1.715926
message_update_queued_sent,1450,1.768074
message_update_queued_sent,1451,2.219244
message_update_queued_sent,1452,1.838941
message_update_queued_sent,1453,1.696076
message_update_queued_sent,1454,1.752060
message_update_queued_sent,1455,1.748215
message_update_queued_sent,1456,1.663067
message_update_queued_sent,1457,1.769747
message_update_queued_sent,1458,1.737157
message_update_queued_sent,1459,1.706251
message_update_queued_sent,1460,1.671339
message_update_queued_sent,1461,1.760233
message_update_queued_sent,1462,1.718239
message_update_queued_sent,1463,1.725591
message_update_queued_sent,1464,1.781745
message_update_queued_sent,1465,1.688916
message_update_queued_sent,1466,1.721525
message_update_queued_sent,1467,1.701434
message_update_queued_sent,1468,1.718580
message_update_queued_sent,1469,1.701924
message_update_queued_sent,1470,1.700443
message_update_queued_sent,1471,1.751159
message_update_queued_sent,1472,1.920774
message_update_queued_sent,1473,1.808877
message_update_queued_sent,1474,1.735736
message_update_queued_sent,1475,1.707313
message_update_queued_sent,1476,1.679391
message_update_queued_sent,1477,1.749026
message_update_queued_sent,1478,1.794734
message_update_queued_sent,1479,1.746091
message_update_queued_sent,1480,2.232775
message_update_queued_sent,1481,1.810899
message_update_queued_sent,1482,1.720874
message_update_queued_sent,1483,1.702296
message_update_queued_sent,1484,1.702575
message_update_queued_sent,1485,1.719341
message_update_queued_sent,1486,1.729256
message_update_queued_sent,1487,1.832522
message_update_queued_sent,1488,1.731680
message_update_queued_sent,1489,1.783468
message_update_queued_sent,1490,1.715966
message_update_queued_sent,1491,1.762756
message_update_queued_sent,1492,1.704319
message_update_queued_sent,1493,1.726362
message_update_queued_sent,1494,1.732211
message_update_queued_sent,1495,1.778810
message_update_queued_sent,1496,1.800163
message_update_queued_sent,1497,1.709166
message_update_queued_sent,1498,1.722736
message_update_queued_sent,1499,1.711630
message_update_queued_sent,1500,2.461320
message_update_queued_sent,1501,1.730868
message_update_queued_sent,1502,1.859773
message_update_queued_sent,1503,1.696596
message_update_queued_sent,1504,1.804640
message_update_queued_sent,1505,1.851320
message_update_queued_sent,1506,1.769046
message_update_queued_sent,1507,1.744439
message_update_queued_sent,1508,1.699151
message_update_queued_sent,1509,1.704189
message_update_queued_sent,1510,1.696827
message_update_queued_sent,1511,1.693412
message_update_queued_sent,1512,1.754504
message_update_queued_sent,1513,1.802647
message_update_queued_sent,1514,1.681734
message_update_queued_sent,1515,1.748425
message_update_queued_sent,1516,1.824860
message_update_queued_sent,1517,1.764689
message_update_queued_sent,1518,1.690788
message_update_queued_sent,1519,1.771731
message_update_queued_sent,1520,1.782276
message_update_queued_sent,1521,1.715335
message_update_queued_sent,1522,1.695355
message_update_queued_sent,1523,1.806863
message_update_queued_sent,1524,1.757779
message_update_queued_sent,1525,1.677478
message_update_queued_sent,1526,1.715486
message_update_queued_sent,1527,1.734834
message_update_queued_sent,1528,1.731079
message_update_queued_sent,1529,1.722696
message_update_queued_sent,1530,1.711508
message_update_queued_sent,1531,1.697698
message_update_queued_sent,1532,1.724689
message_update_queued_sent,1533,1.742676
message_update_queued_sent,1534,1.693803
message_update_queued_sent,1535,1.729116
message_update_queued_sent,1536,1.799121
message_update_queued_sent,1537,1.771150
message_update_queued_sent,1538,1.784069
message_update_queued_sent,1539,1.974396
message_update_queued_sent,1540,1.758760
message_update_queued_sent,1541,1.762186
message_update_queued_sent,1542,1.719641
message_update_queued_sent,1543,1.716527
message_update_queued_sent,1544,1.750709
message_update_queued_sent,1545,1.714703
message_update_queued_sent,1546,1.757639
message_update_queued_sent,1547,1.770749
message_update_queued_sent,1548,1.951591
message_update_queued_sent,1549,1.717960
message_update_queued_sent,1550,1.721484
message_update_queued_sent,1551,1.728475
message_update_queued_sent,1552,1.773172
message_update_queued_sent,1553,1.693873
message_update_queued_sent,1554,1.737939
message_update_queued_sent,1555,2.087246
message_update_queued_sent,1556,1.827234
message_update_queued_sent,1557,1.709196
message_update_queued_sent,1558,1.849708
message_update_queued_sent,1559,1.787073
message_update_queued_sent,1560,1.751309
message_update_queued_sent,1561,1.772371
message_update_queued_sent,1562,1.739531
message_update_queued_sent,1563,1.749186
message_update_queued_sent,1564,1.721284
message_update_queued_sent,1565,1.761945
message_update_queued_sent,1566,1.750668
message_update_queued_sent,1567,1.858281
message_update_queued_sent,1568,1.715165
message_update_queued_sent,1569,1.758700
message_update_queued_sent,1570,1.724819
message_update_queued_sent,1571,1.719552
message_update_queued_sent,1572,1.723297
message_update_queued_sent,1573,1.709577
message_update_queued_sent,1574,1.903198
message_update_queued_sent,1575,1.768024
message_update_queued_sent,1576,1.732831
message_update_queued_sent,1577,1.704038
message_update_queued_sent,1578,1.742947
message_update_queued_sent,1579,1.722246
message_update_queued_sent,1580,1.729005
message_update_queued_sent,1581,1.718530
message_update_queued_sent,1582,1.776687
message_update_queued_sent,1583,1.731970
message_update_queued_sent,1584,1.783818
message_update_queued_sent,1585,1.679621
message_update_queued_sent,1586,1.862677
message_update_queued_sent,1587,1.934335
message_update_queued_sent,1588,1.749496
message_update_queued_sent,1589,1.678730
message_update_queued_sent,1590,1.690487
message_update_queued_sent,1591,1.717058
message_update_queued_sent,1592,1.848416
message_update_queued_sent,1593,1.719221
message_update_queued_sent,1594,1.689567
message_update_queued_sent,1595,1.708384
message_update_queued_sent,1596,1.722686
message_update_queued_sent,1597,1.706532
message_update_queued_sent,1598,1.688956
message_update_queued_sent,1599,1.742486
message_update_queued_sent,1600,1.692320
message_update_queued_sent,1601,1.689856
message_update_queued_sent,1602,1.720844
message_update_queued_sent,1603,1.715185
message_update_queued_sent,1604,1.711980
message_update_queued_sent,1605,1.726521
message_update_queued_sent,1606,1.699481
message_update_queued_sent,1607,1.717859
message_update_queued_sent,1608,1.682576
message_update_queued_sent,1609,1.725030
message_update_queued_sent,1610,1.685470
message_update_queued_sent,1611,1.758981
message_update_queued_sent,1612,1.789087
message_update_queued_sent,1613,1.817259
message_update_queued_sent,1614,1.734704
message_update_queued_sent,1615,1.783097
message_update_queued_sent,1616,2.157762
message_update_queued_sent,1617,1.776678
message_update_queued_sent,1618,1.761624
message_update_queued_sent,1619,1.772532
message_update_queued_sent,1620,1.765000
message_update_queued_sent,1621,1.758050
message_update_queued_sent,1622,1.703157
message_update_queued_sent,1623,1.747564
message_update_queued_sent,1624,1.800984
message_update_queued_sent,1625,1.691679
message_update_queued_sent,1626,1.707243
message_update_queued_sent,1627,1.720222
message_update_queued_sent,1628,1.675254
message_update_queued_sent,1629,1.735346
message_update_queued_sent,1630,1.733793
message_update_queued_sent,1631,1.709056
message_update_queued_sent,1632,1.741465
message_update_queued_sent,1633,1.702095
message_update_queued_sent,1634,1.715745
message_update_queued_sent,1635,1.721815
message_update_queued_sent,1636,1.686932
message_update_queued_sent,1637,1.729827
message_update_queued_sent,1638,1.841385
message_update_queued_sent,1639,1.713081
message_update_queued_sent,1640,1.733933
message_update_queued_sent,1641,1.785822
message_update_queued_sent,1642,1.720723
message_update_queued_sent,1643,1.672861
message_update_queued_sent,1644,1.719942
message_update_queued_sent,1645,1.708134
message_update_queued_sent,1646,1.799582
message_update_queued_sent,1647,1.845782
message_update_queued_sent,1648,1.727274
message_update_queued_sent,1649,1.795476
message_update_queued_sent,1650,1.894035
message_update_queued_sent,1651,1.676386
message_update_queued_sent,1652,1.808876
message_update_queued_sent,1653,1.785731
message_update_queued_sent,1654,1.723367
message_update_queued_sent,1655,1.679311
message_update_queued_sent,1656,1.765271
message_update_queued_sent,1657,2.057611
message_update_queued_sent,1658,1.778450
message_update_queued_sent,1659,1.711639
message_update_queued_sent,1660,1.777659
message_update_queued_sent,1661,1.725871
message_update_queued_sent,1662,1.740883
message_update_queued_sent,1663,1.693973
message_update_queued_sent,1664,1.674874
message_update_queued_sent,1665,1.689857
message_update_queued_sent,1666,1.728445
message_update_queued_sent,1667,1.768646
message_update_queued_sent,1668,1.730818
message_update_queued_sent,1669,1.787975
message_update_queued_sent,1670,1.753733
message_update_queued_sent,1671,1.876268
message_update_queued_sent,1672,1.701595
message_update_queued_sent,1673,1.752291
message_update_queued_sent,1674,1.723427
message_update_queued_sent,1675,1.902358
message_update_queued_sent,1676,1.853293
message_update_queued_sent,1677,1.718920
message_update_queued_sent,1678,1.713422
message_update_queued_sent,1679,1.713933
message_update_queued_sent,1680,1.706302
message_update_queued_sent,1681,1.722506
message_update_queued_sent,1682,1.733252
message_update_queued_sent,1683,1.767173
message_update_queued_sent,1684,1.702776
message_update_queued_sent,1685,1.868696
message_update_queued_sent,1686,1.712130
message_update_queued_sent,1687,1.883108
message_update_queued_sent,1688,1.716717
message_update_queued_sent,1689,1.709647
message_update_queued_sent,1690,1.719241
message_update_queued_sent,1691,1.758901
message_update_queued_sent,1692,1.772872
message_update_queued_sent,1693,1.776056
message_update_queued_sent,1694,1.903008
message_update_queued_sent,1695,1.693051
message_update_queued_sent,1696,1.732542
message_update_queued_sent,1697,1.817620
message_update_queued_sent,1698,1.724629
message_update_queued_sent,1699,1.770829
message_update_queued_sent,1700,1.709717
message_update_queued_sent,1701,1.775977
message_update_queued_sent,1702,1.756367
message_update_queued_sent,1703,1.721434
message_update_queued_sent,1704,1.693462
message_update_queued_sent,1705,1.715756
message_update_queued_sent,1706,1.672861
message_update_queued_sent,1707,1.668214
message_update_queued_sent,1708,1.705159
message_update_queued_sent,1709,1.694804
message_update_queued_sent,1710,1.830228
message_update_queued_sent,1711,1.682726
message_update_queued_sent,1712,1.859673
message_update_queued_sent,1713,1.714554
message_update_queued_sent,1714,1.726332
message_update_queued_sent,1715,1.697588
message_update_queued_sent,1716,1.886042
message_update_queued_sent,1717,1.872742
message_update_queued_sent,1718,1.794875
message_update_queued_sent,1719,1.752181
message_update_queued_sent,1720,1.735435
message_update_queued_sent,1721,1.695776
message_update_queued_sent,1722,1.752261
message_update_queued_sent,1723,1.715034
message_update_queued_sent,1724,1.719831
message_update_queued_sent,1725,1.690798
message_update_queued_sent,1726,1.805171
message_update_queued_sent,1727,1.768365
message_update_queued_sent,1728,1.777479
message_update_queued_sent,1729,1.842487
message_update_queued_sent,1730,1.727433
message_update_queued_sent,1731,1.800313
message_update_queued_sent,1732,1.751439
message_update_queued_sent,1733,1.723207
message_update_queued_sent,1734,2.130250
message_update_queued_sent,1735,1.760022
message_update_queued_sent,1736,1.708585
message_update_queued_sent,1737,1.710557
message_update_queued_sent,1738,1.750417
message_update_queued_sent,1739,1.754364
message_update_queued_sent,1740,1.671780
message_update_queued_sent,1741,1.749366
message_update_queued_sent,1742,1.744449
message_update_queued_sent,1743,1.720463
message_update_queued_sent,1744,1.690838
message_update_queued_sent,1745,1.742846
message_update_queued_sent,1746,1.767524
message_update_queued_sent,1747,1.802607
message_update_queued_sent,1748,1.845181
message_update_queued_sent,1749,1.727052
message_update_queued_sent,1750,1.729346
message_update_queued_sent,1751,1.917129
message_update_queued_sent,1752,1.857129
message_update_queued_sent,1753,1.759021
message_update_queued_sent,1754,2.059674
message_update_queued_sent,1755,2.015848
message_update_queued_sent,1756,2.078272
message_update_queued_sent,1757,1.826973
message_update_queued_sent,1758,1.794494
message_update_queued_sent,1759,1.812171
message_update_queued_sent,1760,2.008898
message_update_queued_sent,1761,1.915487
message_update_queued_sent,1762,1.779221
message_update_queued_sent,1763,1.810298
message_update_queued_sent,1764,1.771620
message_update_queued_sent,1765,1.870999
message_update_queued_sent,1766,2.288027
message_update_queued_sent,1767,1.824329
message_update_queued_sent,1768,1.824580
message_update_queued_sent,1769,1.891009
message_update_queued_sent,1770,1.712341
message_update_queued_sent,1771,1.844359
message_update_queued_sent,1772,1.799652
message_update_queued_sent,1773,2.225814
message_update_queued_sent,1774,1.902807
message_update_queued_sent,1775,1.978603
message_update_queued_sent,1776,2.373677
message_update_queued_sent,1777,1.784669
message_update_queued_sent,1778,1.729387
message_update_queued_sent,1779,1.882387
message_update_queued_sent,1780,1.802125
message_update_queued_sent,1781,1.812722
message_update_queued_sent,1782,1.825251
message_update_queued_sent,1783,1.781644
message_update_queued_sent,1784,1.731109
message_update_queued_sent,1785,2.421589
message_update_queued_sent,1786,2.270172
message_update_queued_sent,1787,1.863459
message_update_queued_sent,1788,2.476863
message_update_queued_sent,1789,1.894395
message_update_queued_sent,1790,2.563073
message_update_queued_sent,1791,3.281575
message_update_queued_sent,1792,1.851831
message_update_queued_sent,1793,1.774764
message_update_queued_sent,1794,1.760583
message_update_queued_sent,1795,1.781795
message_update_queued_sent,1796,1.870549
message_update_queued_sent,1797,1.835236
message_update_queued_sent,1798,1.734884
message_update_queued_sent,1799,1.949708
message_update_queued_sent,1800,2.413407
message_update_queued_sent,1801,1.991471
message_update_queued_sent,1802,2.539917
message_update_queued_sent,1803,2.386747
message_update_queued_sent,1804,22.767562
message_update_queued_sent,1805,3.665194
message_update_queued_sent,1806,2.133706
message_update_queued_sent,1807,2.541169
message_update_queued_sent,1808,38.380762
message_update_queued_sent,1809,2.433647
message_update_queued_sent,1810,1.891170
message_update_queued_sent,1811,1.795616
message_update_queued_sent,1812,1.804499
message_update_queued_sent,1813,1.705320
message_update_queued_sent,1814,1.680843
message_update_queued_sent,1815,1.848806
message_update_queued_sent,1816,3.011359
message_update_queued_sent,1817,1.706201
message_update_queued_sent,1818,1.780964
message_update_queued_sent,1819,1.727374
message_update_queued_sent,1820,1.761975
message_update_queued_sent,1821,1.772251
message_update_queued_sent,1822,1.727434
message_update_queued_sent,1823,1.796517
message_update_queued_sent,1824,1.707062
message_update_queued_sent,1825,1.773143
message_update_queued_sent,1826,1.753112
message_update_queued_sent,1827,1.729947
message_update_queued_sent,1828,1.771891
message_update_queued_sent,1829,1.881365
message_update_queued_sent,1830,1.832612
message_update_queued_sent,1831,1.701524
message_update_queued_sent,1832,1.732321
message_update_queued_sent,1833,1.771279
message_update_queued_sent,1834,1.763818
message_update_queued_sent,1835,1.689046
message_update_queued_sent,1836,1.709005
message_update_queued_sent,1837,1.768415
message_update_queued_sent,1838,1.772752
message_update_queued_sent,1839,1.698150
message_update_queued_sent,1840,1.726502
message_update_queued_sent,1841,1.728675
message_update_queued_sent,1842,1.751761
message_update_queued_sent,1843,1.808646
message_update_queued_sent,1844,1.748815
message_update_queued_sent,1845,1.738751
message_update_queued_sent,1846,1.697808
message_update_queued_sent,1847,1.724689
message_update_queued_sent,1848,1.744309
message_update_queued_sent,1849,1.816608
message_update_queued_sent,1850,1.785831
message_update_queued_sent,1851,1.721003
message_update_queued_sent,1852,1.697108
message_update_queued_sent,1853,1.788575
message_update_queued_sent,1854,1.777308
message_update_queued_sent,1855,1.725320
message_update_queued_sent,1856,1.742436
message_update_queued_sent,1857,1.701264
message_update_queued_sent,1858,1.720142
message_update_queued_sent,1859,1.704919
message_update_queued_sent,1860,1.685010
message_update_queued_sent,1861,1.703878
message_update_queued_sent,1862,1.680052
message_update_queued_sent,1863,1.735455
message_update_queued_sent,1864,1.674824
message_update_queued_sent,1865,1.745711
message_update_queued_sent,1866,1.682596
message_update_queued_sent,1867,1.835797
message_update_queued_sent,1868,1.711148
message_update_queued_sent,1869,1.778701
message_update_queued_sent,1870,1.855136
message_update_queued_sent,1871,1.713873
message_update_queued_sent,1872,1.725670
message_update_queued_sent,1873,1.771961
message_update_queued_sent,1874,1.703557
message_update_queued_sent,1875,1.687222
message_update_queued_sent,1876,1.733834
message_update_queued_sent,1877,1.802146
message_update_queued_sent,1878,1.776938
message_update_queued_sent,1879,1.798520
message_update_queued_sent,1880,1.735295
message_update_queued_sent,1881,1.672210
message_update_queued_sent,1882,1.779152
message_update_queued_sent,1883,1.752321
message_update_queued_sent,1884,1.699862
message_update_queued_sent,1885,1.723167
message_update_queued_sent,1886,1.685851
message_update_queued_sent,1887,1.857810
message_update_queued_sent,1888,1.771859
message_update_queued_sent,1889,2.120846
message_update_queued_sent,1890,1.704329
message_update_queued_sent,1891,1.685650
message_update_queued_sent,1892,1.725069
message_update_queued_sent,1893,1.716416
message_update_queued_sent,1894,1.657648
message_update_queued_sent,1895,1.686311
message_update_queued_sent,1896,1.688745
message_update_queued_sent,1897,2.115227
message_update_queued_sent,1898,1.726092
message_update_queued_sent,1899,1.654113
message_update_queued_sent,1900,1.681794
message_update_queued_sent,1901,1.664288
message_update_queued_sent,1902,1.747264
message_update_queued_sent,1903,1.856888
message_update_queued_sent,1904,1.677769
message_update_queued_sent,1905,1.699491
message_update_queued_sent,1906,1.674584
message_update_queued_sent,1907,1.687753
message_update_queued_sent,1908,1.810168
message_update_queued_sent,1909,1.722295
message_update_queued_sent,1910,1.710548
message_update_queued_sent,1911,1.676887
message_update_queued_sent,1912,1.669156
message_update_queued_sent,1913,1.777129
message_update_queued_sent,1914,1.684648
message_update_queued_sent,1915,1.716637
message_update_queued_sent,1916,1.752381
message_update_queued_sent,1917,1.755676
message_update_queued_sent,1918,1.795106
message_update_queued_sent,1919,1.665069
message_update_queued_sent,1920,1.704659
message_update_queued_sent,1921,1.941266
message_update_queued_sent,1922,1.791059
message_update_queued_sent,1923,1.738660
message_update_queued_sent,1924,1.714314
message_update_queued_sent,1925,1.722416
message_update_queued_sent,1926,1.701184
message_update_queued_sent,1927,1.686131
message_update_queued_sent,1928,1.706992
message_update_queued_sent,1929,1.713312
message_update_queued_sent,1930,1.693753
message_update_queued_sent,1931,1.785711
message_update_queued_sent,1932,1.717228
message_update_queued_sent,1933,1.786492
message_update_queued_sent,1934,1.670587
message_update_queued_sent,1935,1.737458
message_update_queued_sent,1936,1.758350
message_update_queued_sent,1937,1.708475
message_update_queued_sent,1938,1.741225
message_update_queued_sent,1939,1.673052
message_update_queued_sent,1940,1.804088
message_update_queued_sent,1941,1.785210
message_update_queued_sent,1942,1.718881
message_update_queued_sent,1943,1.763918
message_update_queued_sent,1944,1.679221
message_update_queued_sent,1945,1.775937
message_update_queued_sent,1946,1.736317
message_update_queued_sent,1947,1.695685
message_update_queued_sent,1948,1.677057
message_update_queued_sent,1949,1.737679
message_update_queued_sent,1950,1.718490
message_update_queued_sent,1951,1.673101
message_update_queued_sent,1952,1.823678
message_update_queued_sent,1953,1.705941
message_update_queued_sent,1954,1.683117
message_update_queued_sent,1955,1.707053
message_update_queued_sent,1956,1.700933
message_update_queued_sent,1957,1.734213
message_update_queued_sent,1958,1.691018
message_update_queued_sent,1959,1.817779
message_update_queued_sent,1960,1.788645
message_update_queued_sent,1961,1.723958
message_update_queued_sent,1962,1.702326
message_update_queued_sent,1963,1.693632
message_update_queued_sent,1964,1.740493
message_update_queued_sent,1965,1.785410
message_update_queued_sent,1966,1.710398
message_update_queued_sent,1967,1.706271
message_update_queued_sent,1968,1.780052
message_update_queued_sent,1969,1.815125
message_update_queued_sent,1970,1.734684
message_update_queued_sent,1971,1.813563
message_update_queued_sent,1972,1.746813
message_update_queued_sent,1973,1.669236
message_update_queued_sent,1974,1.937460
message_update_queued_sent,1975,2.063770
message_update_queued_sent,1976,1.728646
message_update_queued_sent,1977,1.750247
message_update_queued_sent,1978,1.738460
message_update_queued_sent,1979,1.733522
message_update_queued_sent,1980,1.730248
message_update_queued_sent,1981,1.760023
message_update_queued_sent,1982,1.799382
message_update_queued_sent,1983,1.694374
message_update_queued_sent,1984,1.713112
message_update_queued_sent,1985,1.764268
message_update_queued_sent,1986,1.818981
message_update_queued_sent,1987,1.725170
message_update_queued_sent,1988,1.719331
message_update_queued_sent,1989,1.708114
message_update_queued_sent,1990,1.672530
message_update_queued_sent,1991,1.686632
message_update_queued_sent,1992,1.692781
message_update_queued_sent,1993,1.762175
message_update_queued_sent,1994,1.721034
message_update_queued_sent,1995,1.692140
message_update_queued_sent,1996,1.708815
message_update_queued_sent,1997,1.733072
message_update_queued_sent,1998,1.702836
message_update_queued_sent,1999,1.697719
message_delete_queued,0,4.031095
message_delete_queued,1,1.307140
message_delete_queued,2,1.244906
message_delete_queued,3,1.238276
message_delete_queued,4,1.424757
message_delete_queued,5,1.352578
message_delete_queued,6,0.838885
message_delete_queued,7,0.827457
message_delete_queued,8,0.839205
message_delete_queued,9,0.853195
message_delete_queued,10,0.830602
message_delete_queued,11,0.797973
message_delete_queued,12,0.775810
message_delete_queued,13,0.814417
message_delete_queued,14,0.823361
message_delete_queued,15,0.805343
message_delete_queued,16,1.058535
message_delete_queued,17,0.918554
message_delete_queued,18,0.827016
message_delete_queued,19,0.810812
message_delete_queued,20,0.780106
message_delete_queued,21,0.822089
message_delete_queued,22,0.818574
message_delete_queued,23,0.811232
message_delete_queued,24,0.812946
message_delete_queued,25,0.800937
message_delete_queued,26,0.865254
message_delete_queued,27,0.848149
message_delete_queued,28,0.842329
message_delete_queued,29,0.830251
message_delete_queued,30,0.857552
message_delete_queued,31,0.841999
message_delete_queued,32,1.109853
message_delete_queued,33,0.833146
message_delete_queued,34,0.825044
message_delete_queued,35,0.810601
message_delete_queued,36,0.845685
message_delete_queued,37,0.819235
message_delete_queued,38,0.835379
message_delete_queued,39,0.847687
message_delete_queued,40,0.802660
message_delete_queued,41,0.841949
message_delete_queued,42,0.853436
message_delete_queued,43,0.835530
message_delete_queued,44,0.833436
message_delete_queued,45,0.830933
message_delete_queued,46,0.868539
message_delete_queued,47,1.055571
message_delete_queued,48,1.024955
message_delete_queued,49,0.870863
message_delete_queued,50,0.868790
message_delete_queued,51,0.826546
message_delete_queued,52,0.820356
message_delete_queued,53,0.811823
message_delete_queued,54,0.849771
message_delete_queued,55,0.839846
message_delete_queued,56,0.855439
message_delete_queued,57,0.862450
message_delete_queued,58,0.838494
message_delete_queued,59,0.858384
message_delete_queued,60,0.829169
message_delete_queued,61,0.821638
message_delete_queued,62,0.853767
message_delete_queued,63,0.871293
message_delete_queued,64,0.881478
message_delete_queued,65,0.849991
message_delete_queued,66,0.785424
message_delete_queued,67,0.791543
message_delete_queued,68,0.818914
message_delete_queued,69,0.856180
message_delete_queued,70,0.842670
message_delete_queued,71,0.844783
message_delete_queued,72,0.833345
message_delete_queued,73,0.790471
message_delete_queued,74,0.780806
message_delete_queued,75,0.849711
message_delete_queued,76,0.841338
message_delete_queued,77,0.849581
message_delete_queued,78,0.845033
message_delete_queued,79,0.800657
message_delete_queued,80,0.781218
message_delete_queued,81,0.798543
message_delete_queued,82,0.846666
message_delete_queued,83,1.132366
message_delete_queued,84,0.831963
message_delete_queued,85,0.825424
message_delete_queued,86,0.830842
message_delete_queued,87,0.780396
message_delete_queued,88,0.778002
message_delete_queued,89,0.807027
message_delete_queued,90,0.798263
message_delete_queued,91,0.807527
message_delete_queued,92,0.780386
message_delete_queued,93,0.812985
message_delete_queued,94,0.807978
message_delete_queued,95,0.803591
message_delete_queued,96,0.834438
message_delete_queued,97,0.833686
message_delete_queued,98,0.784542
message_delete_queued,99,0.838013
message_delete_queued,100,0.923452
message_delete_queued,101,0.860767
message_delete_queued,102,0.822329
message_delete_queued,103,0.835018
message_delete_queued,104,0.841959
message_delete_queued,105,0.888459
message_delete_queued,106,0.831272
message_delete_queued,107,0.837673
message_delete_queued,108,0.791593
message_delete_queued,109,0.792404
message_delete_queued,110,0.803551
message_delete_queued,111,0.824082
message_delete_queued,112,0.821939
message_delete_queued,113,0.840727
message_delete_queued,114,0.816861
message_delete_queued,115,0.838473
message_delete_queued,116,0.878454
message_delete_queued,117,0.821338
message_delete_queued,118,0.919396
message_delete_queued,119,0.927859
message_delete_queued,120,0.863541
message_delete_queued,121,0.843291
message_delete_queued,122,0.865945
message_delete_queued,123,0.811213
message_delete_queued,124,0.862980
message_delete_queued,125,0.897974
message_delete_queued,126,0.857492
message_delete_queued,127,0.854388
message_delete_queued,128,0.847737
message_delete_queued,129,0.929621
message_delete_queued,130,1.602405
message_delete_queued,131,0.852614
message_delete_queued,132,0.861369
message_delete_queued,133,0.862370
message_delete_queued,134,0.852866
message_delete_queued,135,0.822449
message_delete_queued,136,0.813466
message_delete_queued,137,0.821488
message_delete_queued,138,0.806325
message_delete_queued,139,0.810652
message_delete_queued,140,0.896932
message_delete_queued,141,0.851903
message_delete_queued,142,0.804693
message_delete_queued,143,0.798253
message_delete_queued,144,0.824403
message_delete_queued,145,0.831903
message_delete_queued,146,0.822640
message_delete_queued,147,0.870041
message_delete_queued,148,0.831183
message_delete_queued,149,0.828959
message_delete_queued,150,0.831132
message_delete_queued,151,0.799455
message_delete_queued,152,0.898314
message_delete_queued,153,0.879816
message_delete_queued,154,0.856911
message_delete_queued,155,0.859796
message_delete_queued,156,0.810411
message_delete_queued,157,0.777261
message_delete_queued,158,0.824453
message_delete_queued,159,0.928770
message_delete_queued,160,0.855820
message_delete_queued,161,0.859324
message_delete_queued,162,0.837082
message_delete_queued,163,0.824893
message_delete_queued,164,0.881668
message_delete_queued,165,0.862029
message_delete_queued,166,0.833366
message_delete_queued,167,0.855629
message_delete_queued,168,0.841298
message_delete_queued,169,0.867869
message_delete_queued,170,0.835889
message_delete_queued,171,0.801718
message_delete_queued,172,0.801799
message_delete_queued,173,0.847277
message_delete_queued,174,0.826165
message_delete_queued,175,0.808949
message_delete_queued,176,0.842049
message_delete_queued,177,0.841688
message_delete_queued,178,0.825203
message_delete_queued,179,0.821488
message_delete_queued,180,0.872355
message_delete_queued,181,0.840286
message_delete_queued,182,0.865825
message_delete_queued,183,0.847447
message_delete_queued,184,0.880557
message_delete_queued,185,0.858344
message_delete_queued,186,0.831553
message_delete_queued,187,0.809400
message_delete_queued,188,0.836210
message_delete_queued,189,0.828318
message_delete_queued,190,0.834247
message_delete_queued,191,0.814788
message_delete_queued,192,0.802549
message_delete_queued,193,0.929551
message_delete_queued,194,0.813566
message_delete_queued,195,0.793616
message_delete_queued,196,0.862309
message_delete_queued,197,0.828418
message_delete_queued,198,0.835910
message_delete_queued,199,0.845164
message_delete_queued,200,0.797792
message_delete_queued,201,0.786455
message_delete_queued,202,0.819475
message_delete_queued,203,0.828869
message_delete_queued,204,0.911293
message_delete_queued,205,0.831393
message_delete_queued,206,0.795629
message_delete_queued,207,0.812294
message_delete_queued,208,0.813306
message_delete_queued,209,0.826716
message_delete_queued,210,0.800747
message_delete_queued,211,0.826586
message_delete_queued,212,0.815028
message_delete_queued,213,0.807827
message_delete_queued,214,0.785634
message_delete_queued,215,0.807777
message_delete_queued,216,0.823220
message_delete_queued,217,0.861959
message_delete_queued,218,0.913377
message_delete_queued,219,0.817282
message_delete_queued,220,0.820066
message_delete_queued,221,0.817813
message_delete_queued,222,0.824072
message_delete_queued,223,0.913236
message_delete_queued,224,0.847778
message_delete_queued,225,0.825363
message_delete_queued,226,0.822239
message_delete_queued,227,0.821889
message_delete_queued,228,0.801288
message_delete_queued,229,0.809450
message_delete_queued,230,0.842971
message_delete_queued,231,0.854558
message_delete_queued,232,0.819355
message_delete_queued,233,0.810501
message_delete_queued,234,0.798253
message_delete_queued,235,0.837402
message_delete_queued,236,0.823451
message_delete_queued,237,0.822740
message_delete_queued,238,0.825804
message_delete_queued,239,0.812674
message_delete_queued,240,0.798063
message_delete_queued,241,0.805194
message_delete_queued,242,0.813817
message_delete_queued,243,0.835819
message_delete_queued,244,0.832444
message_delete_queued,245,0.799685
message_delete_queued,246,0.784863
message_delete_queued,247,0.806736
message_delete_queued,248,1.042993
message_delete_queued,249,0.888939
message_delete_queued,250,1.055190
message_delete_queued,251,0.835529
message_delete_queued,252,0.894559
message_delete_queued,253,1.304125
message_delete_queued,254,0.859555
message_delete_queued,255,0.819616
message_delete_queued,256,0.810642
message_delete_queued,257,1.286149
message_delete_queued,258,0.986597
message_delete_queued,259,0.892334
message_delete_queued,260,0.847397
message_delete_queued,261,0.843571
message_delete_queued,262,0.810682
message_delete_queued,263,0.805814
message_delete_queued,264,0.789770
message_delete_queued,265,0.816971
message_delete_queued,266,0.856330
message_delete_queued,267,0.874157
message_delete_queued,268,0.840887
message_delete_queued,269,0.832004
message_delete_queued,270,0.762980
message_delete_queued,271,0.787837
message_delete_queued,272,0.796330
message_delete_queued,273,0.824973
message_delete_queued,274,0.861698
message_delete_queued,275,0.895830
message_delete_queued,276,0.861609
message_delete_queued,277,0.850382
message_delete_queued,278,0.840696
message_delete_queued,279,0.845323
message_delete_queued,280,0.898935
message_delete_queued,281,0.840366
message_delete_queued,282,0.853896
message_delete_queued,283,0.787036
message_delete_queued,284,0.807848
message_delete_queued,285,0.778654
message_delete_queued,286,0.872084
message_delete_queued,287,1.050653
message_delete_queued,288,0.814637
message_delete_queued,289,0.840436
message_delete_queued,290,0.831894
message_delete_queued,291,0.829129
message_delete_queued,292,0.892255
message_delete_queued,293,0.841167
message_delete_queued,294,0.862620
message_delete_queued,295,0.943292
message_delete_queued,296,0.895630
message_delete_queued,297,0.861158
message_delete_queued,298,0.865695
message_delete_queued,299,0.862140
message_delete_queued,300,0.796751
message_delete_queued,301,0.810220
message_delete_queued,302,0.783642
message_delete_queued,303,0.826225
message_delete_queued,304,0.822160
message_delete_queued,305,0.829901
message_delete_queued,306,0.780626
message_delete_queued,307,0.818783
message_delete_queued,308,0.874948
message_delete_queued,309,0.797262
message_delete_queued,310,0.818032
message_delete_queued,311,0.812906
message_delete_queued,312,0.793305
message_delete_queued,313,0.806165
message_delete_queued,314,0.907568
message_delete_queued,315,0.837362
message_delete_queued,316,0.859666
message_delete_queued,317,0.839084
message_delete_queued,318,0.851163
message_delete_queued,319,0.835609
message_delete_queued,320,0.836040
message_delete_queued,321,0.821869
message_delete_queued,322,0.811383
message_delete_queued,323,0.836330
message_delete_queued,324,0.954589
message_delete_queued,325,0.828609
message_delete_queued,326,0.859926
message_delete_queued,327,0.825084
message_delete_queued,328,0.835059
message_delete_queued,329,0.818113
message_delete_queued,330,0.849861
message_delete_queued,331,0.844183
message_delete_queued,332,0.798574
message_delete_queued,333,0.820967
message_delete_queued,334,0.792494
message_delete_queued,335,0.793206
message_delete_queued,336,0.808879
message_delete_queued,337,0.804052
message_delete_queued,338,0.863591
message_delete_queued,339,0.838504
message_delete_queued,340,0.806756
message_delete_queued,341,0.824352
message_delete_queued,342,0.771032
message_delete_queued,343,0.847147
message_delete_queued,344,0.834138
message_delete_queued,345,0.864723
message_delete_queued,346,0.865144
message_delete_queued,347,0.822109
message_delete_queued,348,0.838504
message_delete_queued,349,0.818233
message_delete_queued,350,0.843201
message_delete_queued,351,0.857742
message_delete_queued,352,0.869720
message_delete_queued,353,0.960107
message_delete_queued,354,0.915619
message_delete_queued,355,0.855419
message_delete_queued,356,0.853766
message_delete_queued,357,0.853927
message_delete_queued,358,0.811964
message_delete_queued,359,0.845834
message_delete_queued,360,0.886466
message_delete_queued,361,0.857012
message_delete_queued,362,0.887328
message_delete_queued,363,0.864092
message_delete_queued,364,0.830922
message_delete_queued,365,0.835359
message_delete_queued,366,0.887037
message_delete_queued,367,0.818593
message_delete_queued,368,0.851504
message_delete_queued,369,0.851153
message_delete_queued,370,0.834828
message_delete_queued,371,0.842940
message_delete_queued,372,0.829099
message_delete_queued,373,0.813737
message_delete_queued,374,0.908530
message_delete_queued,375,1.002972
message_delete_queued,376,0.861268
message_delete_queued,377,0.859094
message_delete_queued,378,0.879686
message_delete_queued,379,0.871964
message_delete_queued,380,0.853015
message_delete_queued,381,0.825204
message_delete_queued,382,0.779855
message_delete_queued,383,0.802951
message_delete_queued,384,0.847879
message_delete_queued,385,0.859595
message_delete_queued,386,0.827277
message_delete_queued,387,0.808729
message_delete_queued,388,0.847046
message_delete_queued,389,0.814668
message_delete_queued,390,0.792835
message_delete_queued,391,0.804002
message_delete_queued,392,0.816080
message_delete_queued,393,0.840046
message_delete_queued,394,0.806425
message_delete_queued,395,0.882841
message_delete_queued,396,0.824453
message_delete_queued,397,0.840136
message_delete_queued,398,0.826315
message_delete_queued,399,0.929060
message_delete_queued,400,0.971274
message_delete_queued,401,0.867237
message_delete_queued,402,0.798534
message_delete_queued,403,0.829640
message_delete_queued,404,0.791533
message_delete_queued,405,0.818724
message_delete_queued,406,0.833746
message_delete_queued,407,0.845234
message_delete_queued,408,0.826596
message_delete_queued,409,0.803581
message_delete_queued,410,0.793205
message_delete_queued,411,0.796390
message_delete_queued,412,0.813797
message_delete_queued,413,0.812645
message_delete_queued,414,0.791153
message_delete_queued,415,0.815308
message_delete_queued,416,0.780336
message_delete_queued,417,0.840416
message_delete_queued,418,0.803861
message_delete_queued,419,0.815759
message_delete_queued,420,1.346049
message_delete_queued,421,0.847948
message_delete_queued,422,0.807977
message_delete_queued,423,0.819725
message_delete_queued,424,0.867757
message_delete_queued,425,0.867428
message_delete_queued,426,0.805363
message_delete_queued,427,0.852124
message_delete_queued,428,0.833556
message_delete_queued,429,0.840276
message_delete_queued,430,0.823231
message_delete_queued,431,0.838123
message_delete_queued,432,0.801808
message_delete_queued,433,0.820587
message_delete_queued,434,0.812314
message_delete_queued,435,0.815950
message_delete_queued,436,0.828118
message_delete_queued,437,0.802289
message_delete_queued,438,0.794398
message_delete_queued,439,0.834969
message_delete_queued,440,0.862249
message_delete_queued,441,0.852134
message_delete_queued,442,0.853516
message_delete_queued,443,0.919646
message_delete_queued,444,0.888709
message_delete_queued,445,0.819645
message_delete_queued,446,0.828258
message_delete_queued,447,0.810551
message_delete_queued,448,0.824242
message_delete_queued,449,0.834187
message_delete_queued,450,0.823922
message_delete_queued,451,0.813866
message_delete_queued,452,0.834638
message_delete_queued,453,0.837392
message_delete_queued,454,0.838794
message_delete_queued,455,0.818113
message_delete_queued,456,0.820397
message_delete_queued,457,0.843291
message_delete_queued,458,0.818764
message_delete_queued,459,0.791402
message_delete_queued,460,0.802970
message_delete_queued,461,0.870472
message_delete_queued,462,0.840206
message_delete_queued,463,0.845263
message_delete_queued,464,0.804031
message_delete_queued,465,0.852465
message_delete_queued,466,0.794337
message_delete_queued,467,0.818333
message_delete_queued,468,0.820306
message_delete_queued,469,0.853617
message_delete_queued,470,0.932135
message_delete_queued,471,0.831884
message_delete_queued,472,0.813175
message_delete_queued,473,0.795809
message_delete_queued,474,0.849410
message_delete_queued,475,0.859895
message_delete_queued,476,0.838243
message_delete_queued,477,0.861037
message_delete_queued,478,0.826295
message_delete_queued,479,0.834167
message_delete_queued,480,0.806175
message_delete_queued,481,0.818454
message_delete_queued,482,0.826977
message_delete_queued,483,0.826566
message_delete_queued,484,0.839225
message_delete_queued,485,0.814377
message_delete_queued,486,0.792915
message_delete_queued,487,0.843862
message_delete_queued,488,0.852395
message_delete_queued,489,0.861328
message_delete_queued,490,0.918845
message_delete_queued,491,0.877553
message_delete_queued,492,1.046598
message_delete_queued,493,0.911524
message_delete_queued,494,0.963422
message_delete_queued,495,0.841368
message_delete_queued,496,0.829771
message_delete_queued,497,0.850601
message_delete_queued,498,0.805865
message_delete_queued,499,0.828759
message_delete_queued,500,0.823601
message_delete_queued,501,0.826305
message_delete_queued,502,0.830872
message_delete_queued,503,0.836610
message_delete_queued,504,0.800887
message_delete_queued,505,0.822089
message_delete_queued,506,0.802840
message_delete_queued,507,0.811854
message_delete_queued,508,0.821648
message_delete_queued,509,0.815840
message_delete_queued,510,0.965545
message_delete_queued,511,0.870712
message_delete_queued,512,0.991294
message_delete_queued,513,0.980568
message_delete_queued,514,0.926717
message_delete_queued,515,0.834268
message_delete_queued,516,0.859075
message_delete_queued,517,1.120579
message_delete_queued,518,1.005997
message_delete_queued,519,0.847126
message_delete_queued,520,0.853307
message_delete_queued,521,0.838744
message_delete_queued,522,0.849491
message_delete_queued,523,0.840827
message_delete_queued,524,0.790762
message_delete_queued,525,0.820857
message_delete_queued,526,0.810671
message_delete_queued,527,0.857522
message_delete_queued,528,0.926676
message_delete_queued,529,1.032587
message_delete_queued,530,0.879836
message_delete_queued,531,0.910121
message_delete_queued,532,0.947508
message_delete_queued,533,0.941900
message_delete_queued,534,0.864583
message_delete_queued,535,0.838113
message_delete_queued,536,0.843852
message_delete_queued,537,0.818764
message_delete_queued,538,0.856060
message_delete_queued,539,0.833657
message_delete_queued,540,0.843522
message_delete_queued,541,0.910252
message_delete_queued,542,0.812724
message_delete_queued,543,0.850782
message_delete_queued,544,0.832484
message_delete_queued,545,0.830561
message_delete_queued,546,0.922170
message_delete_queued,547,0.890422
message_delete_queued,548,0.896301
message_delete_queued,549,0.882481
message_delete_queued,550,0.853526
message_delete_queued,551,0.812444
message_delete_queued,552,0.803361
message_delete_queued,553,0.816800
message_delete_queued,554,0.850682
message_delete_queued,555,0.838725
message_delete_queued,556,0.878563
message_delete_queued,557,0.836030
message_delete_queued,558,0.831113
message_delete_queued,559,0.797291
message_delete_queued,560,0.797041
message_delete_queued,561,0.933748
message_delete_queued,562,0.878885
message_delete_queued,563,0.874507
message_delete_queued,564,0.972075
message_delete_queued,565,0.883121
message_delete_queued,566,0.825915
message_delete_queued,567,0.796761
message_delete_queued,568,0.786996
message_delete_queued,569,0.801808
message_delete_queued,570,0.833596
message_delete_queued,571,0.852314
message_delete_queued,572,0.819876
message_delete_queued,573,0.838012
message_delete_queued,574,0.796060
message_delete_queued,575,0.810892
message_delete_queued,576,0.816100
message_delete_queued,577,0.844874
message_delete_queued,578,0.896762
message_delete_queued,579,0.863982
message_delete_queued,580,0.823552
message_delete_queued,581,0.825994
message_delete_queued,582,0.898474
message_delete_queued,583,0.824924
message_delete_queued,584,0.809640
message_delete_queued,585,0.869260
message_delete_queued,586,0.832855
message_delete_queued,587,0.900347
message_delete_queued,588,0.851514
message_delete_queued,589,0.843361
message_delete_queued,590,0.857622
message_delete_queued,591,0.855129
message_delete_queued,592,0.827648
message_delete_queued,593,0.833506
message_delete_queued,594,0.814337
message_delete_queued,595,0.828939
message_delete_queued,596,0.829781
message_delete_queued,597,0.845064
message_delete_queued,598,0.855409
message_delete_queued,599,0.853526
message_delete_queued,600,0.841338
message_delete_queued,601,0.824112
message_delete_queued,602,0.836401
message_delete_queued,603,0.794617
message_delete_queued,604,0.836260
message_delete_queued,605,0.852695
message_delete_queued,606,0.883421
message_delete_queued,607,0.903081
message_delete_queued,608,0.867718
message_delete_queued,609,0.776890
message_delete_queued,610,0.808699
message_delete_queued,611,0.824353
message_delete_queued,612,0.834978
message_delete_queued,613,0.850511
message_delete_queued,614,0.834728
message_delete_queued,615,0.842409
message_delete_queued,616,0.835499
message_delete_queued,617,0.821749
message_delete_queued,618,0.822179
message_delete_queued,619,1.325518
message_delete_queued,620,0.922771
message_delete_queued,621,0.823651
message_delete_queued,622,0.839675
message_delete_queued,623,0.857092
message_delete_queued,624,0.851174
message_delete_queued,625,0.876301
message_delete_queued,626,0.924333
message_delete_queued,627,0.894709
message_delete_queued,628,0.839835
message_delete_queued,629,0.813987
message_delete_queued,630,0.845825
message_delete_queued,631,0.885685
message_delete_queued,632,0.829421
message_delete_queued,633,0.837683
message_delete_queued,634,0.811413
message_delete_queued,635,0.796480
message_delete_queued,636,0.801579
message_delete_queued,637,0.863491
message_delete_queued,638,0.825705
message_delete_queued,639,0.906506
message_delete_queued,640,0.813045
message_delete_queued,641,0.842559
message_delete_queued,642,0.911083
message_delete_queued,643,0.872364
message_delete_queued,644,0.800497
message_delete_queued,645,0.830983
message_delete_queued,646,0.808067
message_delete_queued,647,0.824212
message_delete_queued,648,0.756390
message_delete_queued,649,0.776681
message_delete_queued,650,0.822420
message_delete_queued,651,0.811974
message_delete_queued,652,0.857643
message_delete_queued,653,0.809019
message_delete_queued,654,0.883171
message_delete_queued,655,0.895519
message_delete_queued,656,1.029521
message_delete_queued,657,0.952315
message_delete_queued,658,0.851503
message_delete_queued,659,0.808128
message_delete_queued,660,0.818604
message_delete_queued,661,0.844804
message_delete_queued,662,0.821999
message_delete_queued,663,0.841888
message_delete_queued,664,0.787668
message_delete_queued,665,0.813756
message_delete_queued,666,0.794808
message_delete_queued,667,0.870371
message_delete_queued,668,0.830352
message_delete_queued,669,0.825084
message_delete_queued,670,0.826445
message_delete_queued,671,0.776721
message_delete_queued,672,0.809019
message_delete_queued,673,0.896682
message_delete_queued,674,0.879836
message_delete_queued,675,0.881538
message_delete_queued,676,0.869620
message_delete_queued,677,0.847668
message_delete_queued,678,0.823751
message_delete_queued,679,0.794417
message_delete_queued,680,0.827517
message_delete_queued,681,0.985465
message_delete_queued,682,0.875119
message_delete_queued,683,0.892826
message_delete_queued,684,0.850201
message_delete_queued,685,0.836881
message_delete_queued,686,0.826185
message_delete_queued,687,0.835278
message_delete_queued,688,0.861308
message_delete_queued,689,0.827066
message_delete_queued,690,0.815809
message_delete_queued,691,0.862941
message_delete_queued,692,0.852955
message_delete_queued,693,0.828469
message_delete_queued,694,0.841528
message_delete_queued,695,0.867427
message_delete_queued,696,0.852084
message_delete_queued,697,0.859936
message_delete_queued,698,0.866446
message_delete_queued,699,0.866596
message_delete_queued,700,0.838153
message_delete_queued,701,0.805755
message_delete_queued,702,0.821027
message_delete_queued,703,0.828949
message_delete_queued,704,0.861399
message_delete_queued,705,0.857573
message_delete_queued,706,0.843211
message_delete_queued,707,0.816020
message_delete_queued,708,0.809529
message_delete_queued,709,0.805614
message_delete_queued,710,0.868279
message_delete_queued,711,0.863571
message_delete_queued,712,0.864493
message_delete_queued,713,0.864894
message_delete_queued,714,0.863021
message_delete_queued,715,0.819615
message_delete_queued,716,0.807467
message_delete_queued,717,0.830342
message_delete_queued,718,0.854027
message_delete_queued,719,0.837002
message_delete_queued,720,0.878293
message_delete_queued,721,0.861819
message_delete_queued,722,0.803771
message_delete_queued,723,0.878845
message_delete_queued,724,0.781058
message_delete_queued,725,0.804032
message_delete_queued,726,0.830522
message_delete_queued,727,0.848309
message_delete_queued,728,0.824974
message_delete_queued,729,0.819855
message_delete_queued,730,0.775549
message_delete_queued,731,0.847327
message_delete_queued,732,0.843842
message_delete_queued,733,0.835369
message_delete_queued,734,0.849440
message_delete_queued,735,1.002040
message_delete_queued,736,0.897312
message_delete_queued,737,0.844934
message_delete_queued,738,0.851653
message_delete_queued,739,0.840417
message_delete_queued,740,0.827747
message_delete_queued,741,0.835980
message_delete_queued,742,0.848519
message_delete_queued,743,0.861398
message_delete_queued,744,0.825143
message_delete_queued,745,0.779615
message_delete_queued,746,1.402754
message_delete_queued,747,0.795128
message_delete_queued,748,0.895089
message_delete_queued,749,0.823572
message_delete_queued,750,0.856280
message_delete_queued,751,0.850762
message_delete_queued,752,0.857112
message_delete_queued,753,0.843682
message_delete_queued,754,0.832234
message_delete_queued,755,0.796350
message_delete_queued,756,0.801187
message_delete_queued,757,0.852915
message_delete_queued,758,0.835880
message_delete_queued,759,0.822459
message_delete_queued,760,0.855580
message_delete_queued,761,0.820346
message_delete_queued,762,0.828609
message_delete_queued,763,0.793215
message_delete_queued,764,0.835078
message_delete_queued,765,0.833546
message_delete_queued,766,0.824873
message_delete_queued,767,0.779906
message_delete_queued,768,0.787657
message_delete_queued,769,0.807708
message_delete_queued,770,0.809801
message_delete_queued,771,0.810171
message_delete_queued,772,0.802580
message_delete_queued,773,0.811403
message_delete_queued,774,0.867437
message_delete_queued,775,0.825154
message_delete_queued,776,0.807668
message_delete_queued,777,0.848568
message_delete_queued,778,0.901769
message_delete_queued,779,0.867137
message_delete_queued,780,0.846255
message_delete_queued,781,0.821598
message_delete_queued,782,0.968951
message_delete_queued,783,0.828278
message_delete_queued,784,0.814097
message_delete_queued,785,0.854188
message_delete_queued,786,0.864373
message_delete_queued,787,0.850061
message_delete_queued,788,0.789600
message_delete_queued,789,0.790752
message_delete_queued,790,0.803581
message_delete_queued,791,0.815429
message_delete_queued,792,0.863051
message_delete_queued,793,0.885184
message_delete_queued,794,0.897312
message_delete_queued,795,0.840837
message_delete_queued,796,0.844884
message_delete_queued,797,0.822789
message_delete_queued,798,0.845865
message_delete_queued,799,0.887727
message_delete_queued,800,0.886186
message_delete_queued,801,0.856180
message_delete_queued,802,0.841689
message_delete_queued,803,0.855479
message_delete_queued,804,0.851072
message_delete_queued,805,0.847286
message_delete_queued,806,0.795579
message_delete_queued,807,0.830311
message_delete_queued,808,0.853156
message_delete_queued,809,0.826726
message_delete_queued,810,0.804973
message_delete_queued,811,0.850492
message_delete_queued,812,0.945805
message_delete_queued,813,0.961158
message_delete_queued,814,0.926306
message_delete_queued,815,1.050492
message_delete_queued,816,0.932455
message_delete_queued,817,0.860567
message_delete_queued,818,1.044754
message_delete_queued,819,0.843491
message_delete_queued,820,0.856040
message_delete_queued,821,0.894959
message_delete_queued,822,0.855480
message_delete_queued,823,0.861068
message_delete_queued,824,0.830581
message_delete_queued,825,0.808048
message_delete_queued,826,0.841328
message_delete_queued,827,0.818284
message_delete_queued,828,0.818664
message_delete_queued,829,0.843632
message_delete_queued,830,0.809030
message_delete_queued,831,0.843651
message_delete_queued,832,0.791474
message_delete_queued,833,0.791032
message_delete_queued,834,0.803591
message_delete_queued,835,0.856431
message_delete_queued,836,0.800456
message_delete_queued,837,0.813666
message_delete_queued,838,0.772604
message_delete_queued,839,0.835709
message_delete_queued,840,0.828359
message_delete_queued,841,0.830963
message_delete_queued,842,0.809600
message_delete_queued,843,0.775779
message_delete_queued,844,0.820436
message_delete_queued,845,0.807356
message_delete_queued,846,0.814768
message_delete_queued,847,0.866015
message_delete_queued,848,0.823151
message_delete_queued,849,0.769420
message_delete_queued,850,0.780817
message_delete_queued,851,0.798784
message_delete_queued,852,0.808659
message_delete_queued,853,0.795399
message_delete_queued,854,0.816010
message_delete_queued,855,0.792675
message_delete_queued,856,0.913206
message_delete_queued,857,0.837993
message_delete_queued,858,0.839926
message_delete_queued,859,0.818984
message_delete_queued,860,0.778663
message_delete_queued,861,0.775889
message_delete_queued,862,0.783320
message_delete_queued,863,0.821438
message_delete_queued,864,0.819585
message_delete_queued,865,0.826025
message_delete_queued,866,0.795809
message_delete_queued,867,0.798033
message_delete_queued,868,0.791353
message_delete_queued,869,0.810461
message_delete_queued,870,0.806896
message_delete_queued,871,0.809399
message_delete_queued,872,0.780176
message_delete_queued,873,0.784713
message_delete_queued,874,0.812485
message_delete_queued,875,1.193239
message_delete_queued,876,0.823692
message_delete_queued,877,0.842079
message_delete_queued,878,0.878464
message_delete_queued,879,0.827247
message_delete_queued,880,0.811653
message_delete_queued,881,0.795138
message_delete_queued,882,0.812655
message_delete_queued,883,0.808098
message_delete_queued,884,0.807437
message_delete_queued,885,0.777402
message_delete_queued,886,0.777822
message_delete_queued,887,0.848138
message_delete_queued,888,0.806595
message_delete_queued,889,0.801779
message_delete_queued,890,0.799705
message_delete_queued,891,0.802379
message_delete_queued,892,0.758664
message_delete_queued,893,0.819014
message_delete_queued,894,0.826385
message_delete_queued,895,0.839124
message_delete_queued,896,0.804993
message_delete_queued,897,0.805354
message_delete_queued,898,0.840757
message_delete_queued,899,0.801688
message_delete_queued,900,0.825233
message_delete_queued,901,0.832504
message_delete_queued,902,0.796220
message_delete_queued,903,0.826976
message_delete_queued,904,0.810542
message_delete_queued,905,0.841248
message_delete_queued,906,0.859595
message_delete_queued,907,0.834198
message_delete_queued,908,0.845094
message_delete_queued,909,0.785694
message_delete_queued,910,0.788509
message_delete_queued,911,0.851903
message_delete_queued,912,0.931805
message_delete_queued,913,0.854257
message_delete_queued,914,0.896391
message_delete_queued,915,0.846266
message_delete_queued,916,0.818533
message_delete_queued,917,0.782829
message_delete_queued,918,0.782230
message_delete_queued,919,0.799234
message_delete_queued,920,0.786556
message_delete_queued,921,0.812254
message_delete_queued,922,0.772475
message_delete_queued,923,0.784792
message_delete_queued,924,0.803852
message_delete_queued,925,0.801016
message_delete_queued,926,0.811193
message_delete_queued,927,0.764041
message_delete_queued,928,0.783491
message_delete_queued,929,0.806585
message_delete_queued,930,0.838474
message_delete_queued,931,0.845155
message_delete_queued,932,0.881078
message_delete_queued,933,0.816600
message_delete_queued,934,0.776010
message_delete_queued,935,0.824904
message_delete_queued,936,0.820596
message_delete_queued,937,0.799575
message_delete_queued,938,0.826997
message_delete_queued,939,0.773776
message_delete_queued,940,0.801117
message_delete_queued,941,0.811393
message_delete_queued,942,0.812234
message_delete_queued,943,0.831923
message_delete_queued,944,0.866426
message_delete_queued,945,0.801098
message_delete_queued,946,0.770972
message_delete_queued,947,0.772244
message_delete_queued,948,0.789780
message_delete_queued,949,0.835129
message_delete_queued,950,0.825594
message_delete_queued,951,0.783361
message_delete_queued,952,0.777762
message_delete_queued,953,0.798463
message_delete_queued,954,0.791643
message_delete_queued,955,0.804653
message_delete_queued,956,0.811143
message_delete_queued,957,0.797271
message_delete_queued,958,0.810181
message_delete_queued,959,0.828678
message_delete_queued,960,0.802400
message_delete_queued,961,0.815348
message_delete_queued,962,0.780777
message_delete_queued,963,0.768097
message_delete_queued,964,0.850082
message_delete_queued,965,0.831963
message_delete_queued,966,0.857182
message_delete_queued,967,0.827537
message_delete_queued,968,0.794277
message_delete_queued,969,0.841559
message_delete_queued,970,0.780557
message_delete_queued,971,0.820366
message_delete_queued,972,0.944012
message_delete_queued,973,0.884072
message_delete_queued,974,0.882550
message_delete_queued,975,1.029902
message_delete_queued,976,1.022341
message_delete_queued,977,0.886957
message_delete_queued,978,0.870632
message_delete_queued,979,0.818403
message_delete_queued,980,0.811143
message_delete_queued,981,0.848319
message_delete_queued,982,0.849510
message_delete_queued,983,0.852045
message_delete_queued,984,0.849170
message_delete_queued,985,0.901619
message_delete_queued,986,0.865023
message_delete_queued,987,0.841608
message_delete_queued,988,0.820657
message_delete_queued,989,0.815038
message_delete_queued,990,0.821118
message_delete_queued,991,0.836931
message_delete_queued,992,0.842139
message_delete_queued,993,0.850171
message_delete_queued,994,0.799464
message_delete_queued,995,0.789019
message_delete_queued,996,0.793846
message_delete_queued,997,0.837863
message_delete_queued,998,0.863230
message_delete_queued,999,0.833285
message_delete_queued,1000,0.781648
message_delete_queued,1001,0.769790
message_delete_queued,1002,0.774668
message_delete_queued,1003,0.807276
message_delete_queued,1004,0.816000
message_delete_queued,1005,1.741284
message_delete_queued,1006,0.830011
message_delete_queued,1007,0.805544
message_delete_queued,1008,0.843100
message_delete_queued,1009,0.883221
message_delete_queued,1010,0.846426
message_delete_queued,1011,0.829711
message_delete_queued,1012,0.816410
message_delete_queued,1013,0.806035
message_delete_queued,1014,0.878504
message_delete_queued,1015,0.834938
message_delete_queued,1016,0.817522
message_delete_queued,1017,0.847007
message_delete_queued,1018,0.838033
message_delete_queued,1019,0.814638
message_delete_queued,1020,0.843842
message_delete_queued,1021,0.834137
message_delete_queued,1022,0.874217
message_delete_queued,1023,0.841729
message_delete_queued,1024,0.846486
message_delete_queued,1025,0.819355
message_delete_queued,1026,0.789660
message_delete_queued,1027,0.781998
message_delete_queued,1028,0.826966
message_delete_queued,1029,0.845304
message_delete_queued,1030,0.870211
message_delete_queued,1031,0.865014
message_delete_queued,1032,0.815148
message_delete_queued,1033,0.834167
message_delete_queued,1034,0.803160
message_delete_queued,1035,0.816420
message_delete_queued,1036,0.805534
message_delete_queued,1037,0.822469
message_delete_queued,1038,0.796090
message_delete_queued,1039,0.793035
message_delete_queued,1040,0.823581
message_delete_queued,1041,0.941309
message_delete_queued,1042,0.865785
message_delete_queued,1043,0.877302
message_delete_queued,1044,0.865535
message_delete_queued,1045,0.892515
message_delete_queued,1046,0.821388
message_delete_queued,1047,0.835979
message_delete_queued,1048,0.838704
message_delete_queued,1049,0.810201
message_delete_queued,1050,0.834027
message_delete_queued,1051,0.836611
message_delete_queued,1052,0.896411
message_delete_queued,1053,0.818763
message_delete_queued,1054,0.767897
message_delete_queued,1055,0.815259
message_delete_queued,1056,0.802140
message_delete_queued,1057,0.825554
message_delete_queued,1058,0.811353
message_delete_queued,1059,0.776660
message_delete_queued,1060,0.804953
message_delete_queued,1061,0.794548
message_delete_queued,1062,0.805805
message_delete_queued,1063,0.831473
message_delete_queued,1064,0.802660
message_delete_queued,1065,0.916390
message_delete_queued,1066,0.853927
message_delete_queued,1067,0.821558
message_delete_queued,1068,0.872225
message_delete_queued,1069,0.946647
message_delete_queued,1070,0.832265
message_delete_queued,1071,0.834358
message_delete_queued,1072,0.818713
message_delete_queued,1073,0.793366
message_delete_queued,1074,0.797822
message_delete_queued,1075,0.819194
message_delete_queued,1076,0.861969
message_delete_queued,1077,0.839706
message_delete_queued,1078,0.861298
message_delete_queued,1079,0.817833
message_delete_queued,1080,0.835239
message_delete_queued,1081,0.855470
message_delete_queued,1082,0.825974
message_delete_queued,1083,0.850041
message_delete_queued,1084,0.871083
message_delete_queued,1085,0.843682
message_delete_queued,1086,0.827518
message_delete_queued,1087,0.813876
message_delete_queued,1088,0.800366
message_delete_queued,1089,0.815158
message_delete_queued,1090,0.832084
message_delete_queued,1091,0.834418
message_delete_queued,1092,0.834217
message_delete_queued,1093,0.836390
message_delete_queued,1094,0.875851
message_delete_queued,1095,0.903031
message_delete_queued,1096,0.856191
message_delete_queued,1097,0.867767
message_delete_queued,1098,0.853015
message_delete_queued,1099,0.863902
message_delete_queued,1100,0.854608
message_delete_queued,1101,0.811523
message_delete_queued,1102,0.782389
message_delete_queued,1103,0.978004
message_delete_queued,1104,0.926907
message_delete_queued,1105,0.974939
message_delete_queued,1106,0.843031
message_delete_queued,1107,0.830612
message_delete_queued,1108,0.844813
message_delete_queued,1109,0.860106
message_delete_queued,1110,0.795599
message_delete_queued,1111,0.783931
message_delete_queued,1112,0.839636
message_delete_queued,1113,0.812495
message_delete_queued,1114,0.821578
message_delete_queued,1115,0.836581
message_delete_queued,1116,0.793446
message_delete_queued,1117,1.069001
message_delete_queued,1118,0.932315
message_delete_queued,1119,0.847186
message_delete_queued,1120,0.809930
message_delete_queued,1121,0.806366
message_delete_queued,1122,0.830682
message_delete_queued,1123,0.813516
message_delete_queued,1124,0.800766
message_delete_queued,1125,0.781748
message_delete_queued,1126,0.779044
message_delete_queued,1127,0.837762
message_delete_queued,1128,0.823752
message_delete_queued,1129,0.828659
message_delete_queued,1130,0.803421
message_delete_queued,1131,0.792514
message_delete_queued,1132,0.796891
message_delete_queued,1133,0.829981
message_delete_queued,1134,1.081419
message_delete_queued,1135,0.844332
message_delete_queued,1136,0.825635
message_delete_queued,1137,0.808979
message_delete_queued,1138,0.794998
message_delete_queued,1139,0.767376
message_delete_queued,1140,0.825845
message_delete_queued,1141,0.847387
message_delete_queued,1142,0.830101
message_delete_queued,1143,0.858263
message_delete_queued,1144,0.787016
message_delete_queued,1145,0.780737
message_delete_queued,1146,0.800967
message_delete_queued,1147,0.834988
message_delete_queued,1148,0.827066
message_delete_queued,1149,0.770502
message_delete_queued,1150,0.794857
message_delete_queued,1151,0.807867
message_delete_queued,1152,0.831353
message_delete_queued,1153,0.827437
message_delete_queued,1154,0.826956
message_delete_queued,1155,0.785964
message_delete_queued,1156,0.793315
message_delete_queued,1157,0.831884
message_delete_queued,1158,0.887868
message_delete_queued,1159,1.078385
message_delete_queued,1160,0.963091
message_delete_queued,1161,0.875730
message_delete_queued,1162,0.921920
message_delete_queued,1163,0.888539
message_delete_queued,1164,0.865905
message_delete_queued,1165,0.843181
message_delete_queued,1166,0.841598
message_delete_queued,1167,0.841088
message_delete_queued,1168,0.968009
message_delete_queued,1169,1.287381
message_delete_queued,1170,1.021259
message_delete_queued,1171,1.145666
message_delete_queued,1172,1.191116
message_delete_queued,1173,1.072386
message_delete_queued,1174,1.062361
message_delete_queued,1175,1.136913
message_delete_queued,1176,1.008250
message_delete_queued,1177,0.975571
message_delete_queued,1178,1.226899
message_delete_queued,1179,1.058696
message_delete_queued,1180,0.896902
message_delete_queued,1181,0.947398
message_delete_queued,1182,1.981697
message_delete_queued,1183,0.995380
message_delete_queued,1184,0.845515
message_delete_queued,1185,0.850171
message_delete_queued,1186,0.795148
message_delete_queued,1187,0.809720
message_delete_queued,1188,0.804873
message_delete_queued,1189,0.863702
message_delete_queued,1190,0.827928
message_delete_queued,1191,0.801377
message_delete_queued,1192,0.862229
message_delete_queued,1193,0.818504
message_delete_queued,1194,0.809430
message_delete_queued,1195,0.815289
message_delete_queued,1196,0.811443
message_delete_queued,1197,0.782650
message_delete_queued,1198,0.784232
message_delete_queued,1199,0.855750
message_delete_queued,1200,0.810581
message_delete_queued,1201,0.812584
message_delete_queued,1202,0.945355
message_delete_queued,1203,0.866677
message_delete_queued,1204,0.779064
message_delete_queued,1205,0.811283
message_delete_queued,1206,0.973257
message_delete_queued,1207,1.167770
message_delete_queued,1208,1.501804
message_delete_queued,1209,1.399639
message_delete_queued,1210,0.889970
message_delete_queued,1211,0.833597
message_delete_queued,1212,0.815519
message_delete_queued,1213,0.909681
message_delete_queued,1214,0.892515
message_delete_queued,1215,0.901028
message_delete_queued,1216,0.854618
message_delete_queued,1217,0.800777
message_delete_queued,1218,0.879365
message_delete_queued,1219,0.817172
message_delete_queued,1220,0.835689
message_delete_queued,1221,0.828088
message_delete_queued,1222,0.849630
message_delete_queued,1223,0.842870
message_delete_queued,1224,0.803521
message_delete_queued,1225,0.806285
message_delete_queued,1226,0.820767
message_delete_queued,1227,0.846756
message_delete_queued,1228,0.872635
message_delete_queued,1229,0.839765
message_delete_queued,1230,0.844332
message_delete_queued,1231,0.803761
message_delete_queued,1232,0.813686
message_delete_queued,1233,0.837652
message_delete_queued,1234,0.845884
message_delete_queued,1235,0.837241
message_delete_queued,1236,1.158266
message_delete_queued,1237,0.857071
message_delete_queued,1238,0.842380
message_delete_queued,1239,0.862730
message_delete_queued,1240,0.885946
message_delete_queued,1241,0.856040
message_delete_queued,1242,0.860727
message_delete_queued,1243,0.852345
message_delete_queued,1244,0.864002
message_delete_queued,1245,0.923642
message_delete_queued,1246,0.847007
message_delete_queued,1247,0.913447
message_delete_queued,1248,0.873386
message_delete_queued,1249,0.861759
message_delete_queued,1250,0.805373
message_delete_queued,1251,0.867427
message_delete_queued,1252,0.811163
message_delete_queued,1253,0.828688
message_delete_queued,1254,1.770127
message_delete_queued,1255,0.858775
message_delete_queued,1256,0.786445
message_delete_queued,1257,0.826606
message_delete_queued,1258,0.848649
message_delete_queued,1259,0.838564
message_delete_queued,1260,0.831533
message_delete_queued,1261,0.862089
message_delete_queued,1262,0.850021
message_delete_queued,1263,0.937182
message_delete_queued,1264,1.157244
message_delete_queued,1265,0.889841
message_delete_queued,1266,0.852114
message_delete_queued,1267,0.875019
message_delete_queued,1268,1.038235
message_delete_queued,1269,0.855689
message_delete_queued,1270,0.811673
message_delete_queued,1271,0.896893
message_delete_queued,1272,0.847437
message_delete_queued,1273,0.821138
message_delete_queued,1274,0.833055
message_delete_queued,1275,0.816852
message_delete_queued,1276,0.827086
message_delete_queued,1277,0.879495
message_delete_queued,1278,1.153499
message_delete_queued,1279,0.828739
message_delete_queued,1280,0.822759
message_delete_queued,1281,0.822409
message_delete_queued,1282,0.823701
message_delete_queued,1283,0.831503
message_delete_queued,1284,0.832144
message_delete_queued,1285,0.807057
message_delete_queued,1286,0.791102
message_delete_queued,1287,0.828790
message_delete_queued,1288,0.805563
message_delete_queued,1289,1.266168
message_delete_queued,1290,0.941348
message_delete_queued,1291,0.850162
message_delete_queued,1292,0.903532
message_delete_queued,1293,0.875059
message_delete_queued,1294,0.886787
message_delete_queued,1295,0.842078
message_delete_queued,1296,0.811213
message_delete_queued,1297,0.800266
message_delete_queued,1298,0.812064
message_delete_queued,1299,0.803221
message_delete_queued,1300,0.835119
message_delete_queued,1301,0.848008
message_delete_queued,1302,0.822349
message_delete_queued,1303,0.812895
message_delete_queued,1304,0.873437
message_delete_queued,1305,0.833276
message_delete_queued,1306,0.844653
message_delete_queued,1307,0.855059
message_delete_queued,1308,0.895590
message_delete_queued,1309,0.833957
message_delete_queued,1310,0.785554
message_delete_queued,1311,0.789470
message_delete_queued,1312,0.828129
message_delete_queued,1313,0.827768
message_delete_queued,1314,0.837783
message_delete_queued,1315,0.821017
message_delete_queued,1316,0.812064
message_delete_queued,1317,0.804452
message_delete_queued,1318,0.820487
message_delete_queued,1319,0.816079
message_delete_queued,1320,0.879345
message_delete_queued,1321,0.854708
message_delete_queued,1322,0.835449
message_delete_queued,1323,0.833857
message_delete_queued,1324,0.821848
message_delete_queued,1325,0.832305
message_delete_queued,1326,0.857392
message_delete_queued,1327,0.838443
message_delete_queued,1328,0.844634
message_delete_queued,1329,0.835219
message_delete_queued,1330,0.799736
message_delete_queued,1331,0.787657
message_delete_queued,1332,0.793286
message_delete_queued,1333,0.822360
message_delete_queued,1334,0.853045
message_delete_queued,1335,0.804032
message_delete_queued,1336,0.800897
message_delete_queued,1337,0.785845
message_delete_queued,1338,0.811022
message_delete_queued,1339,0.834088
message_delete_queued,1340,0.840647
message_delete_queued,1341,0.822049
message_delete_queued,1342,0.807046
message_delete_queued,1343,0.849611
message_delete_queued,1344,0.860927
message_delete_queued,1345,0.822359
message_delete_queued,1346,0.838454
message_delete_queued,1347,0.841749
message_delete_queued,1348,0.802550
message_delete_queued,1349,0.798083
message_delete_queued,1350,0.844183
message_delete_queued,1351,0.800726
message_delete_queued,1352,0.838744
message_delete_queued,1353,0.866285
message_delete_queued,1354,0.845124
message_delete_queued,1355,0.838874
message_delete_queued,1356,0.862690
message_delete_queued,1357,0.848900
message_delete_queued,1358,0.820366
message_delete_queued,1359,0.847157
message_delete_queued,1360,0.864253
message_delete_queued,1361,0.850101
message_delete_queued,1362,0.854798
message_delete_queued,1363,0.835389
message_delete_queued,1364,0.805955
message_delete_queued,1365,0.788638
message_delete_queued,1366,0.827237
message_delete_queued,1367,0.882751
message_delete_queued,1368,0.900718
message_delete_queued,1369,0.825825
message_delete_queued,1370,0.808278
message_delete_queued,1371,0.795889
message_delete_queued,1372,0.821508
message_delete_queued,1373,0.814467
message_delete_queued,1374,0.838864
message_delete_queued,1375,0.835780
message_delete_queued,1376,0.804603
message_delete_queued,1377,0.796381
message_delete_queued,1378,0.812654
message_delete_queued,1379,0.943542
message_delete_queued,1380,0.834388
message_delete_queued,1381,1.014038
message_delete_queued,1382,0.885344
message_delete_queued,1383,0.841598
message_delete_queued,1384,0.797191
message_delete_queued,1385,0.781247
message_delete_queued,1386,0.799224
message_delete_queued,1387,0.852154
message_delete_queued,1388,0.836761
message_delete_queued,1389,0.826055
message_delete_queued,1390,0.823060
message_delete_queued,1391,0.830822
message_delete_queued,1392,0.853125
message_delete_queued,1393,0.812935
message_delete_queued,1394,0.892985
message_delete_queued,1395,0.895840
message_delete_queued,1396,0.906036
message_delete_queued,1397,0.849480
message_delete_queued,1398,0.800196
message_delete_queued,1399,0.834767
message_delete_queued,1400,0.875820
message_delete_queued,1401,0.804263
message_delete_queued,1402,0.839085
message_delete_queued,1403,0.840917
message_delete_queued,1404,0.839825
message_delete_queued,1405,0.834608
message_delete_queued,1406,0.789099
message_delete_queued,1407,0.861458
message_delete_queued,1408,0.819765
message_delete_queued,1409,0.817922
message_delete_queued,1410,0.837262
message_delete_queued,1411,0.908829
message_delete_queued,1412,0.837432
message_delete_queued,1413,0.948429
message_delete_queued,1414,0.812094
message_delete_queued,1415,0.827046
message_delete_queued,1416,0.852425
message_delete_queued,1417,0.858133
message_delete_queued,1418,0.832836
message_delete_queued,1419,0.834818
message_delete_queued,1420,0.795329
message_delete_queued,1421,0.830452
message_delete_queued,1422,0.789069
message_delete_queued,1423,0.805794
message_delete_queued,1424,0.821378
message_delete_queued,1425,0.835269
message_delete_queued,1426,0.777792
message_delete_queued,1427,0.771012
message_delete_queued,1428,0.789480
message_delete_queued,1429,0.903492
message_delete_queued,1430,0.823150
message_delete_queued,1431,0.887187
message_delete_queued,1432,0.828989
message_delete_queued,1433,0.789270
message_delete_queued,1434,0.800997
message_delete_queued,1435,0.805664
message_delete_queued,1436,0.836941
message_delete_queued,1437,0.831192
message_delete_queued,1438,0.784723
message_delete_queued,1439,0.767727
message_delete_queued,1440,0.837282
message_delete_queued,1441,0.781017
message_delete_queued,1442,0.829830
message_delete_queued,1443,0.836410
message_delete_queued,1444,0.798113
message_delete_queued,1445,0.794277
message_delete_queued,1446,0.802299
message_delete_queued,1447,0.852925
message_delete_queued,1448,0.837712
message_delete_queued,1449,0.810201
message_delete_queued,1450,0.786916
message_delete_queued,1451,0.784523
message_delete_queued,1452,0.820136
message_delete_queued,1453,0.799214
message_delete_queued,1454,0.872344
message_delete_queued,1455,0.881919
message_delete_queued,1456,0.783280
message_delete_queued,1457,0.834278
message_delete_queued,1458,0.799765
message_delete_queued,1459,0.801508
message_delete_queued,1460,0.822670
message_delete_queued,1461,0.815619
message_delete_queued,1462,0.781228
message_delete_queued,1463,0.794257
message_delete_queued,1464,0.775107
message_delete_queued,1465,0.810873
message_delete_queued,1466,0.813396
message_delete_queued,1467,0.857443
message_delete_queued,1468,0.875990
message_delete_queued,1469,0.871813
message_delete_queued,1470,0.821058
message_delete_queued,1471,0.818623
message_delete_queued,1472,0.827047
message_delete_queued,1473,0.904704
message_delete_queued,1474,0.877953
message_delete_queued,1475,0.818644
message_delete_queued,1476,0.811843
message_delete_queued,1477,0.860267
message_delete_queued,1478,0.827446
message_delete_queued,1479,0.857042
message_delete_queued,1480,0.924503
message_delete_queued,1481,0.867337
message_delete_queued,1482,0.842710
message_delete_queued,1483,0.837793
message_delete_queued,1484,0.810962
message_delete_queued,1485,0.808449
message_delete_queued,1486,0.814297
message_delete_queued,1487,0.820827
message_delete_queued,1488,0.816871
message_delete_queued,1489,0.835460
message_delete_queued,1490,0.813936
message_delete_queued,1491,0.859315
message_delete_queued,1492,0.848759
message_delete_queued,1493,0.843020
message_delete_queued,1494,0.826856
message_delete_queued,1495,0.826535
message_delete_queued,1496,0.845304
message_delete_queued,1497,0.827317
message_delete_queued,1498,0.816200
message_delete_queued,1499,0.845594
message_delete_queued,1500,0.799726
message_delete_queued,1501,0.796740
message_delete_queued,1502,0.841859
message_delete_queued,1503,0.794877
message_delete_queued,1504,0.802189
message_delete_queued,1505,0.823792
message_delete_queued,1506,0.806155
message_delete_queued,1507,0.843281
message_delete_queued,1508,0.821588
message_delete_queued,1509,0.800827
message_delete_queued,1510,1.327240
message_delete_queued,1511,0.865384
message_delete_queued,1512,0.799715
message_delete_queued,1513,0.858393
message_delete_queued,1514,0.996972
message_delete_queued,1515,0.842149
message_delete_queued,1516,0.828128
message_delete_queued,1517,0.857993
message_delete_queued,1518,0.886746
message_delete_queued,1519,0.853577
message_delete_queued,1520,0.836461
message_delete_queued,1521,0.822810
message_delete_queued,1522,0.815940
message_delete_queued,1523,0.845344
message_delete_queued,1524,0.824953
message_delete_queued,1525,0.869842
message_delete_queued,1526,0.838373
message_delete_queued,1527,0.852135
message_delete_queued,1528,0.867437
message_delete_queued,1529,0.813987
message_delete_queued,1530,0.821427
message_delete_queued,1531,0.821337
message_delete_queued,1532,0.844873
message_delete_queued,1533,0.843501
message_delete_queued,1534,0.827567
message_delete_queued,1535,0.791543
message_delete_queued,1536,0.775820
message_delete_queued,1537,0.873927
message_delete_queued,1538,0.801969
message_delete_queued,1539,0.804703
message_delete_queued,1540,0.791633
message_delete_queued,1541,0.788238
message_delete_queued,1542,0.807917
message_delete_queued,1543,0.821488
message_delete_queued,1544,0.791072
message_delete_queued,1545,0.826154
message_delete_queued,1546,0.835329
message_delete_queued,1547,0.835940
message_delete_queued,1548,0.821488
message_delete_queued,1549,0.810081
message_delete_queued,1550,0.843512
message_delete_queued,1551,0.829850
message_delete_queued,1552,0.797852
message_delete_queued,1553,0.811532
message_delete_queued,1554,0.805624
message_delete_queued,1555,0.888789
message_delete_queued,1556,0.893987
message_delete_queued,1557,0.844322
message_delete_queued,1558,0.843271
message_delete_queued,1559,0.817803
message_delete_queued,1560,0.833926
message_delete_queued,1561,0.806555
message_delete_queued,1562,0.813606
message_delete_queued,1563,0.840046
message_delete_queued,1564,0.872905
message_delete_queued,1565,0.849820
message_delete_queued,1566,0.881248
message_delete_queued,1567,0.848339
message_delete_queued,1568,0.843872
message_delete_queued,1569,0.813066
message_delete_queued,1570,0.817502
message_delete_queued,1571,0.826475
message_delete_queued,1572,0.835079
message_delete_queued,1573,0.842890
message_delete_queued,1574,0.829200
message_delete_queued,1575,0.801718
message_delete_queued,1576,0.905385
message_delete_queued,1577,0.824183
message_delete_queued,1578,0.819845
message_delete_queued,1579,0.821207
message_delete_queued,1580,0.786336
message_delete_queued,1581,0.819304
message_delete_queued,1582,0.795779
message_delete_queued,1583,0.796089
message_delete_queued,1584,0.802679
message_delete_queued,1585,0.863581
message_delete_queued,1586,0.780957
message_delete_queued,1587,0.793136
message_delete_queued,1588,0.792314
message_delete_queued,1589,0.807065
message_delete_queued,1590,0.822400
message_delete_queued,1591,0.810211
message_delete_queued,1592,0.860617
message_delete_queued,1593,0.885194
message_delete_queued,1594,0.864422
message_delete_queued,1595,0.847858
message_delete_queued,1596,0.855599
message_delete_queued,1597,1.009121
message_delete_queued,1598,0.848088
message_delete_queued,1599,0.874809
message_delete_queued,1600,0.868629
message_delete_queued,1601,0.805604
message_delete_queued,1602,0.833666
message_delete_queued,1603,0.815570
message_delete_queued,1604,0.846615
message_delete_queued,1605,0.844463
message_delete_queued,1606,0.893105
message_delete_queued,1607,0.855109
message_delete_queued,1608,0.854337
message_delete_queued,1609,0.840617
message_delete_queued,1610,0.808308
message_delete_queued,1611,0.809540
message_delete_queued,1612,0.811934
message_delete_queued,1613,0.805975
message_delete_queued,1614,0.800186
message_delete_queued,1615,0.818664
message_delete_queued,1616,0.783221
message_delete_queued,1617,0.789700
message_delete_queued,1618,0.798864
message_delete_queued,1619,0.796660
message_delete_queued,1620,0.754728
message_delete_queued,1621,0.772534
message_delete_queued,1622,0.854588
message_delete_queued,1623,0.895389
message_delete_queued,1624,0.833737
message_delete_queued,1625,0.867298
message_delete_queued,1626,0.868258
message_delete_queued,1627,0.844513
message_delete_queued,1628,0.829369
message_delete_queued,1629,0.831914
message_delete_queued,1630,0.810732
message_delete_queued,1631,0.846896
message_delete_queued,1632,0.840977
message_delete_queued,1633,0.814959
message_delete_queued,1634,0.838954
message_delete_queued,1635,0.788408
message_delete_queued,1636,0.817582
message_delete_queued,1637,0.812824
message_delete_queued,1638,0.844853
message_delete_queued,1639,0.828568
message_delete_queued,1640,1.307811
message_delete_queued,1641,0.873366
message_delete_queued,1642,0.855920
message_delete_queued,1643,0.820546
message_delete_queued,1644,0.859826
message_delete_queued,1645,0.811803
message_delete_queued,1646,0.797492
message_delete_queued,1647,0.823691
message_delete_queued,1648,0.836500
message_delete_queued,1649,0.863702
message_delete_queued,1650,0.798323
message_delete_queued,1651,0.781498
message_delete_queued,1652,0.811733
message_delete_queued,1653,0.808498
message_delete_queued,1654,0.826846
message_delete_queued,1655,0.832605
message_delete_queued,1656,0.793086
message_delete_queued,1657,0.804532
message_delete_queued,1658,0.871593
message_delete_queued,1659,0.848820
message_delete_queued,1660,0.832935
message_delete_queued,1661,0.839985
message_delete_queued,1662,0.854828
message_delete_queued,1663,0.810973
message_delete_queued,1664,0.817101
message_delete_queued,1665,0.870472
message_delete_queued,1666,0.859685
message_delete_queued,1667,0.934488
message_delete_queued,1668,0.857452
message_delete_queued,1669,0.817472
message_delete_queued,1670,0.803471
message_delete_queued,1671,0.797442
message_delete_queued,1672,0.822179
message_delete_queued,1673,0.807266
message_delete_queued,1674,0.810341
message_delete_queued,1675,0.868358
message_delete_queued,1676,0.868038
message_delete_queued,1677,0.821358
message_delete_queued,1678,0.833536
message_delete_queued,1679,0.858585
message_delete_queued,1680,0.813466
message_delete_queued,1681,0.820387
message_delete_queued,1682,0.842991
message_delete_queued,1683,0.858333
message_delete_queued,1684,0.992174
message_delete_queued,1685,0.824783
message_delete_queued,1686,0.869069
message_delete_queued,1687,0.883812
message_delete_queued,1688,0.872305
message_delete_queued,1689,0.870552
message_delete_queued,1690,0.854217
message_delete_queued,1691,0.902430
message_delete_queued,1692,0.927288
message_delete_queued,1693,1.152927
message_delete_queued,1694,1.170754
message_delete_queued,1695,1.198927
message_delete_queued,1696,1.160319
message_delete_queued,1697,1.081970
message_delete_queued,1698,0.895270
message_delete_queued,1699,0.839956
message_delete_queued,1700,0.942160
message_delete_queued,1701,1.014178
message_delete_queued,1702,1.119747
message_delete_queued,1703,1.110113
message_delete_queued,1704,0.985114
message_delete_queued,1705,0.965495
message_delete_queued,1706,0.869991
message_delete_queued,1707,0.935120
message_delete_queued,1708,1.000057
message_delete_queued,1709,0.848509
message_delete_queued,1710,0.803250
message_delete_queued,1711,0.807186
message_delete_queued,1712,0.943152
message_delete_queued,1713,0.937814
message_delete_queued,1714,0.927188
message_delete_queued,1715,0.943612
message_delete_queued,1716,0.923342
message_delete_queued,1717,1.068911
message_delete_queued,1718,0.933026
message_delete_queued,1719,0.899816
message_delete_queued,1720,0.906106
message_delete_queued,1721,0.859726
message_delete_queued,1722,0.824613
message_delete_queued,1723,0.816090
message_delete_queued,1724,0.850802
message_delete_queued,1725,0.821778
message_delete_queued,1726,1.051465
message_delete_queued,1727,0.914449
message_delete_queued,1728,0.895840
message_delete_queued,1729,1.084665
message_delete_queued,1730,0.999236
message_delete_queued,1731,1.082852
message_delete_queued,1732,1.038215
message_delete_queued,1733,1.166588
message_delete_queued,1734,1.171886
message_delete_queued,1735,1.122372
message_delete_queued,1736,1.139197
message_delete_queued,1737,1.155091
message_delete_queued,1738,1.136983
message_delete_queued,1739,1.152747
message_delete_queued,1740,1.168561
message_delete_queued,1741,1.101701
message_delete_queued,1742,1.021640
message_delete_queued,1743,0.846786
message_delete_queued,1744,1.076662
message_delete_queued,1745,0.945856
message_delete_queued,1746,0.982520
message_delete_queued,1747,0.969531
message_delete_queued,1748,0.951314
message_delete_queued,1749,0.901919
message_delete_queued,1750,0.852085
message_delete_queued,1751,0.837563
message_delete_queued,1752,0.790501
message_delete_queued,1753,0.780856
message_delete_queued,1754,0.817662
message_delete_queued,1755,0.802319
message_delete_queued,1756,1.604177
message_delete_queued,1757,0.802170
message_delete_queued,1758,0.792304
message_delete_queued,1759,0.821338
message_delete_queued,1760,0.842279
message_delete_queued,1761,0.844913
message_delete_queued,1762,0.836090
message_delete_queued,1763,0.815589
message_delete_queued,1764,0.776480
message_delete_queued,1765,0.899666
message_delete_queued,1766,0.973718
message_delete_queued,1767,0.992456
message_delete_queued,1768,1.104344
message_delete_queued,1769,1.108040
message_delete_queued,1770,1.053017
message_delete_queued,1771,0.907007
message_delete_queued,1772,1.122922
message_delete_queued,1773,1.002200
message_delete_queued,1774,0.859785
message_delete_queued,1775,1.127830
message_delete_queued,1776,1.102111
message_delete_queued,1777,1.080829
message_delete_queued,1778,1.236433
message_delete_queued,1779,1.214990
message_delete_queued,1780,0.968479
message_delete_queued,1781,1.079808
message_delete_queued,1782,0.922290
message_delete_queued,1783,1.032746
message_delete_queued,1784,0.956682
message_delete_queued,1785,0.890171
message_delete_queued,1786,0.844132
message_delete_queued,1787,0.879756
message_delete_queued,1788,1.115682
message_delete_queued,1789,1.072556
message_delete_queued,1790,0.853436
message_delete_queued,1791,0.839776
message_delete_queued,1792,0.856311
message_delete_queued,1793,0.978595
message_delete_queued,1794,1.077875
message_delete_queued,1795,1.268913
message_delete_queued,1796,1.116142
message_delete_queued,1797,0.983251
message_delete_queued,1798,1.086157
message_delete_queued,1799,0.893547
message_delete_queued,1800,0.824233
message_delete_queued,1801,0.810551
message_delete_queued,1802,0.824933
message_delete_queued,1803,0.822710
message_delete_queued,1804,0.843110
message_delete_queued,1805,0.815139
message_delete_queued,1806,0.784863
message_delete_queued,1807,0.782710
message_delete_queued,1808,0.792033
message_delete_queued,1809,0.819745
message_delete_queued,1810,0.825925
message_delete_queued,1811,0.807898
message_delete_queued,1812,0.798242
message_delete_queued,1813,0.805775
message_delete_queued,1814,0.864543
message_delete_queued,1815,0.799705
message_delete_queued,1816,0.898724
message_delete_queued,1817,0.886246
message_delete_queued,1818,0.806005
message_delete_queued,1819,0.803631
message_delete_queued,1820,0.810652
message_delete_queued,1821,0.850241
message_delete_queued,1822,0.823050
message_delete_queued,1823,0.804052
message_delete_queued,1824,0.806835
message_delete_queued,1825,0.818644
message_delete_queued,1826,0.802119
message_delete_queued,1827,0.861278
message_delete_queued,1828,0.827537
message_delete_queued,1829,0.821629
message_delete_queued,1830,0.847887
message_delete_queued,1831,0.847127
message_delete_queued,1832,0.780827
message_delete_queued,1833,0.786986
message_delete_queued,1834,0.814908
message_delete_queued,1835,0.885244
message_delete_queued,1836,0.878855
message_delete_queued,1837,0.800096
message_delete_queued,1838,0.791072
message_delete_queued,1839,0.852285
message_delete_queued,1840,0.839836
message_delete_queued,1841,0.842149
message_delete_queued,1842,0.826475
message_delete_queued,1843,0.825664
message_delete_queued,1844,0.820457
message_delete_queued,1845,0.785124
message_delete_queued,1846,0.828508
message_delete_queued,1847,0.821989
message_delete_queued,1848,0.866456
message_delete_queued,1849,0.864593
message_delete_queued,1850,0.829040
message_delete_queued,1851,0.858694
message_delete_queued,1852,0.820146
message_delete_queued,1853,0.830391
message_delete_queued,1854,0.830472
message_delete_queued,1855,0.861618
message_delete_queued,1856,0.821208
message_delete_queued,1857,0.811082
message_delete_queued,1858,0.824883
message_delete_queued,1859,0.803842
message_delete_queued,1860,0.843070
message_delete_queued,1861,0.842190
message_delete_queued,1862,0.846445
message_delete_queued,1863,0.968028
message_delete_queued,1864,0.831934
message_delete_queued,1865,0.817351
message_delete_queued,1866,0.813827
message_delete_queued,1867,0.792925
message_delete_queued,1868,0.836470
message_delete_queued,1869,0.820917
message_delete_queued,1870,0.849661
message_delete_queued,1871,0.803732
message_delete_queued,1872,0.788207
message_delete_queued,1873,0.811894
message_delete_queued,1874,0.829971
message_delete_queued,1875,0.802820
message_delete_queued,1876,0.794868
message_delete_queued,1877,0.970623
message_delete_queued,1878,0.829069
message_delete_queued,1879,0.799184
message_delete_queued,1880,0.805334
message_delete_queued,1881,0.808469
message_delete_queued,1882,0.869420
message_delete_queued,1883,0.800086
message_delete_queued,1884,0.801388
message_delete_queued,1885,0.784643
message_delete_queued,1886,0.807216
message_delete_queued,1887,0.821748
message_delete_queued,1888,0.812985
message_delete_queued,1889,0.822650
message_delete_queued,1890,0.803621
message_delete_queued,1891,0.794628
message_delete_queued,1892,0.788439
message_delete_queued,1893,0.810341
message_delete_queued,1894,0.823280
message_delete_queued,1895,0.787847
message_delete_queued,1896,0.786125
message_delete_queued,1897,0.814388
message_delete_queued,1898,0.824482
message_delete_queued,1899,0.840997
message_delete_queued,1900,0.827847
message_delete_queued,1901,0.772795
message_delete_queued,1902,0.775829
message_delete_queued,1903,0.808508
message_delete_queued,1904,0.800456
message_delete_queued,1905,0.811803
message_delete_queued,1906,0.784472
message_delete_queued,1907,0.784202
message_delete_queued,1908,0.797191
message_delete_queued,1909,0.808970
message_delete_queued,1910,0.793476
message_delete_queued,1911,0.823191
message_delete_queued,1912,0.793195
message_delete_queued,1913,0.789681
message_delete_queued,1914,0.781788
message_delete_queued,1915,0.795780
message_delete_queued,1916,0.780716
message_delete_queued,1917,0.768088
message_delete_queued,1918,0.765363
message_delete_queued,1919,0.784162
message_delete_queued,1920,0.795499
message_delete_queued,1921,0.827877
message_delete_queued,1922,0.818153
message_delete_queued,1923,0.802660
message_delete_queued,1924,0.803491
message_delete_queued,1925,0.798042
message_delete_queued,1926,0.795279
message_delete_queued,1927,0.791402
message_delete_queued,1928,0.773215
message_delete_queued,1929,0.766475
message_delete_queued,1930,0.773475
message_delete_queued,1931,0.838655
message_delete_queued,1932,0.807817
message_delete_queued,1933,0.767717
message_delete_queued,1934,0.783872
message_delete_queued,1935,0.786635
message_delete_queued,1936,0.852635
message_delete_queued,1937,0.821508
message_delete_queued,1938,0.806736
message_delete_queued,1939,0.782509
message_delete_queued,1940,0.788688
message_delete_queued,1941,0.810581
message_delete_queued,1942,0.810181
message_delete_queued,1943,0.831863
message_delete_queued,1944,0.817703
message_delete_queued,1945,0.811944
message_delete_queued,1946,0.814988
message_delete_queued,1947,0.803350
message_delete_queued,1948,0.914959
message_delete_queued,1949,0.852815
message_delete_queued,1950,0.828478
message_delete_queued,1951,0.829510
message_delete_queued,1952,0.886486
message_delete_queued,1953,0.823481
message_delete_queued,1954,0.836701
message_delete_queued,1955,0.824312
message_delete_queued,1956,0.820677
message_delete_queued,1957,0.800787
message_delete_queued,1958,0.803431
message_delete_queued,1959,0.809971
message_delete_queued,1960,0.833346
message_delete_queued,1961,0.843942
message_delete_queued,1962,0.826155
message_delete_queued,1963,0.827597
message_delete_queued,1964,0.791603
message_delete_queued,1965,0.777832
message_delete_queued,1966,0.811403
message_delete_queued,1967,0.806626
message_delete_queued,1968,0.812324
message_delete_queued,1969,0.825012
message_delete_queued,1970,0.791644
message_delete_queued,1971,0.777632
message_delete_queued,1972,0.835339
message_delete_queued,1973,0.829039
message_delete_queued,1974,0.831734
message_delete_queued,1975,0.891413
message_delete_queued,1976,0.876471
message_delete_queued,1977,0.850201
message_delete_queued,1978,0.806976
message_delete_queued,1979,0.813266
message_delete_queued,1980,0.838554
message_delete_queued,1981,0.847016
message_delete_queued,1982,0.903632
message_delete_queued,1983,0.840056
message_delete_queued,1984,0.812354
message_delete_queued,1985,0.816491
message_delete_queued,1986,0.835089
message_delete_queued,1987,0.830802
message_delete_queued,1988,0.815159
message_delete_queued,1989,0.846546
message_delete_queued,1990,0.823632
message_delete_queued,1991,0.829981
message_delete_queued,1992,0.792495
message_delete_queued,1993,0.829741
message_delete_queued,1994,0.844933
message_delete_queued,1995,0.860927
message_delete_queued,1996,0.858845
message_delete_queued,1997,0.811273
message_delete_queued,1998,0.812514
message_delete_queued,1999,0.843131
contact_update,0,3.773517
contact_update,1,1.615535
contact_update,2,1.539921
contact_update,3,1.604888
contact_update,4,1.515574
contact_update,5,1.497397
contact_update,6,1.354572
contact_update,7,1.315994
contact_update,8,1.313078
contact_update,9,1.339799
contact_update,10,1.320851
contact_update,11,1.300880
contact_update,12,1.281200
contact_update,13,1.300800
contact_update,14,1.323114
contact_update,15,1.305197
contact_update,16,1.306569
contact_update,17,1.305407
contact_update,18,1.330485
contact_update,19,1.306088
contact_update,20,1.310394
contact_update,21,1.346279
contact_update,22,1.311457
contact_update,23,1.322383
contact_update,24,1.297926
contact_update,25,1.320370
contact_update,26,1.352708
contact_update,27,1.300309
contact_update,28,1.320460
contact_update,29,1.326910
contact_update,30,1.326179
contact_update,31,1.332839
contact_update,32,1.325337
contact_update,33,1.424938
contact_update,34,1.328282
contact_update,35,1.333890
contact_update,36,1.330495
contact_update,37,1.485328
contact_update,38,1.333820
contact_update,39,1.318667
contact_update,40,1.339329
contact_update,41,1.338177
contact_update,42,1.329363
contact_update,43,1.320090
contact_update,44,1.310675
contact_update,45,1.309203
contact_update,46,1.394031
contact_update,47,1.339268
contact_update,48,1.324146
contact_update,49,1.433991
contact_update,50,1.468583
contact_update,51,1.338397
contact_update,52,1.425699
contact_update,53,1.464547
contact_update,54,1.373269
contact_update,55,1.309103
contact_update,56,1.343735
contact_update,57,1.357676
contact_update,58,1.360100
contact_update,59,1.342433
contact_update,60,1.362323
contact_update,61,1.353590
contact_update,62,1.344877
contact_update,63,1.324606
contact_update,64,1.329774
contact_update,65,1.306830
contact_update,66,1.337425
contact_update,67,1.362884
contact_update,68,1.318246
contact_update,69,1.298436
contact_update,70,1.303815
contact_update,71,1.361201
contact_update,72,1.696627
contact_update,73,1.322944
contact_update,74,1.335332
contact_update,75,1.335944
contact_update,76,1.320600
contact_update,77,1.292849
contact_update,78,1.311947
contact_update,79,1.326379
contact_update,80,1.402193
contact_update,81,1.348833
contact_update,82,1.805080
contact_update,83,1.313670
contact_update,84,1.365317
contact_update,85,1.366149
contact_update,86,1.339208
contact_update,87,1.294541
contact_update,88,1.313550
contact_update,89,1.343975
contact_update,90,1.340891
contact_update,91,1.424276
contact_update,92,1.345327
contact_update,93,1.320680
contact_update,94,1.310485
contact_update,95,1.320340
contact_update,96,1.358528
contact_update,97,1.393150
contact_update,98,1.363294
contact_update,99,1.333781
contact_update,100,1.373349
contact_update,101,1.390335
contact_update,102,1.312789
contact_update,103,1.271156
contact_update,104,1.289173
contact_update,105,1.277415
contact_update,106,1.276664
contact_update,107,1.278106
contact_update,108,1.289293
contact_update,109,1.281882
contact_update,110,1.272207
contact_update,111,1.291717
contact_update,112,1.324617
contact_update,113,1.305497
contact_update,114,1.297215
contact_update,115,1.284586
contact_update,116,1.274851
contact_update,117,1.292067
contact_update,118,1.301411
contact_update,119,1.314832
contact_update,120,1.271335
contact_update,121,1.320581
contact_update,122,1.305828
contact_update,123,1.272909
contact_update,124,1.303534
contact_update,125,1.306649
contact_update,126,1.281952
contact_update,127,1.305217
contact_update,128,1.321011
contact_update,129,1.324736
contact_update,130,1.343505
contact_update,131,1.453711
contact_update,132,1.328902
contact_update,133,1.336143
contact_update,134,1.360370
contact_update,135,1.335152
contact_update,136,1.303415
contact_update,137,1.322633
contact_update,138,1.330655
contact_update,139,1.313509
contact_update,140,1.351567
contact_update,141,1.325137
contact_update,142,1.355813
contact_update,143,1.332528
contact_update,144,1.337456
contact_update,145,1.344646
contact_update,146,1.334181
contact_update,147,1.304206
contact_update,148,1.321181
contact_update,149,1.338407
contact_update,150,1.304466
contact_update,151,1.299569
contact_update,152,1.338277
contact_update,153,1.326359
contact_update,154,1.495675
contact_update,155,1.509464
contact_update,156,1.335403
contact_update,157,1.352869
contact_update,158,1.350416
contact_update,159,1.339549
contact_update,160,1.327270
contact_update,161,1.333810
contact_update,162,1.318537
contact_update,163,1.758029
contact_update,164,1.333409
contact_update,165,1.319018
contact_update,166,1.303495
contact_update,167,1.310425
contact_update,168,1.300069
contact_update,169,1.293028
contact_update,170,1.342573
contact_update,171,1.345977
contact_update,172,1.357366
contact_update,173,1.309834
contact_update,174,1.329293
contact_update,175,1.321441
contact_update,176,1.329563
contact_update,177,1.302603
contact_update,178,1.339088
contact_update,179,1.310015
contact_update,180,1.416936
contact_update,181,1.304856
contact_update,182,1.292668
contact_update,183,1.306669
contact_update,184,1.278527
contact_update,185,1.312238
contact_update,186,1.320480
contact_update,187,1.330014
contact_update,188,1.336734
contact_update,189,1.325889
contact_update,190,1.325848
contact_update,191,1.357035
contact_update,192,1.348122
contact_update,193,1.313610
contact_update,194,1.326479
contact_update,195,1.328151
contact_update,196,2.752778
contact_update,197,3.836612
contact_update,198,1.904770
contact_update,199,1.347451
contact_update,200,1.344255
contact_update,201,1.330836
contact_update,202,1.371176
contact_update,203,1.356063
contact_update,204,1.354932
contact_update,205,1.307460
contact_update,206,1.392678
contact_update,207,1.349394
contact_update,208,1.351838
contact_update,209,1.331987
contact_update,210,1.300901
contact_update,211,1.405859
contact_update,212,1.298226
contact_update,213,1.352719
contact_update,214,1.335092
contact_update,215,1.352548
contact_update,216,1.343655
contact_update,217,1.333770
contact_update,218,1.338938
contact_update,219,1.326669
contact_update,220,1.338637
contact_update,221,1.310755
contact_update,222,1.339189
contact_update,223,1.298697
contact_update,224,1.299589
contact_update,225,1.297005
contact_update,226,1.294030
contact_update,227,1.333360
contact_update,228,1.314911
contact_update,229,1.610918
contact_update,230,1.330455
contact_update,231,1.344196
contact_update,232,1.321612
contact_update,233,1.332208
contact_update,234,1.381082
contact_update,235,1.365218
contact_update,236,1.311647
contact_update,237,1.314401
contact_update,238,1.308963
contact_update,239,1.294200
contact_update,240,1.293860
contact_update,241,1.519059
contact_update,242,1.427312
contact_update,243,1.381121
contact_update,244,1.327210
contact_update,245,1.325707
contact_update,246,1.313670
contact_update,247,1.329423
contact_update,248,1.315362
contact_update,249,1.295382
contact_update,250,1.339820
contact_update,251,1.329203
contact_update,252,1.346679
contact_update,253,1.331386
contact_update,254,1.337155
contact_update,255,1.317236
contact_update,256,1.312288
contact_update,257,1.362964
contact_update,258,1.316234
contact_update,259,1.333560
contact_update,260,1.294611
contact_update,261,1.305928
contact_update,262,1.304436
contact_update,263,1.323234
contact_update,264,2.209380
contact_update,265,1.336534
contact_update,266,1.371156
contact_update,267,1.325718
contact_update,268,1.309173
contact_update,269,1.309264
contact_update,270,1.296704
contact_update,271,1.312477
contact_update,272,1.338257
contact_update,273,1.328452
contact_update,274,1.330726
contact_update,275,1.310806
contact_update,276,1.304456
contact_update,277,1.289984
contact_update,278,1.281792
contact_update,279,1.328052
contact_update,280,1.417776
contact_update,281,1.321672
contact_update,282,1.336133
contact_update,283,1.311576
contact_update,284,1.288241
contact_update,285,1.331546
contact_update,286,1.311066
contact_update,287,1.304005
contact_update,288,1.306689
contact_update,289,1.292708
contact_update,290,1.294611
contact_update,291,1.278838
contact_update,292,1.358858
contact_update,293,1.447711
contact_update,294,1.394822
contact_update,295,1.339258
contact_update,296,1.313219
contact_update,297,1.324236
contact_update,298,1.318407
contact_update,299,1.306019
contact_update,300,1.305297
contact_update,301,1.349544
contact_update,302,1.311216
contact_update,303,1.369544
contact_update,304,1.314331
contact_update,305,1.317375
contact_update,306,1.302412
contact_update,307,1.310625
contact_update,308,1.297766
contact_update,309,1.318918
contact_update,310,1.357486
contact_update,311,1.312678
contact_update,312,1.321321
contact_update,313,1.288582
contact_update,314,1.306309
contact_update,315,1.336144
contact_update,316,1.289584
contact_update,317,1.290364
contact_update,318,1.321882
contact_update,319,1.311576
contact_update,320,1.666682
contact_update,321,1.865411
contact_update,322,1.843238
contact_update,323,1.848816
contact_update,324,1.652210
contact_update,325,1.664838
contact_update,326,1.704439
contact_update,327,1.568094
contact_update,328,1.459930
contact_update,329,1.719462
contact_update,330,1.528223
contact_update,331,1.488754
contact_update,332,1.377576
contact_update,333,1.329364
contact_update,334,1.344136
contact_update,335,1.329453
contact_update,336,1.279308
contact_update,337,1.340510
contact_update,338,1.337466
contact_update,339,1.337275
contact_update,340,1.341842
contact_update,341,1.404105
contact_update,342,1.414171
contact_update,343,1.445008
contact_update,344,1.835646
contact_update,345,1.839432
contact_update,346,1.853614
contact_update,347,1.355723
contact_update,348,1.325658
contact_update,349,1.484807
contact_update,350,1.663627
contact_update,351,1.744819
contact_update,352,1.584478
contact_update,353,1.358177
contact_update,354,1.326369
contact_update,355,1.317896
contact_update,356,1.345027
contact_update,357,1.291786
contact_update,358,1.321902
contact_update,359,1.344135
contact_update,360,1.320820
contact_update,361,1.290274
contact_update,362,1.291447
contact_update,363,1.387842
contact_update,364,1.342634
contact_update,365,1.397206
contact_update,366,1.298227
contact_update,367,1.313730
contact_update,368,1.301652
contact_update,369,1.283945
contact_update,370,1.319819
contact_update,371,1.328462
contact_update,372,1.310005
contact_update,373,1.321621
contact_update,374,1.322202
contact_update,375,1.314541
contact_update,376,1.314051
contact_update,377,1.326719
contact_update,378,1.304646
contact_update,379,1.337746
contact_update,380,1.379228
contact_update,381,1.302413
contact_update,382,1.329283
contact_update,383,1.322003
contact_update,384,1.335212
contact_update,385,1.300210
contact_update,386,1.383224
contact_update,387,1.303355
contact_update,388,1.405207
contact_update,389,1.332468
contact_update,390,1.315643
contact_update,391,1.296504
contact_update,392,1.334100
contact_update,393,1.333019
contact_update,394,1.369433
contact_update,395,1.329854
contact_update,396,1.305468
contact_update,397,1.320480
contact_update,398,2.214968
contact_update,399,1.351096
contact_update,400,1.369624
contact_update,401,1.324806
contact_update,402,1.320399
contact_update,403,1.318006
contact_update,404,1.311447
contact_update,405,1.312769
contact_update,406,1.301632
contact_update,407,1.319208
contact_update,408,1.299919
contact_update,409,1.297625
contact_update,410,1.302403
contact_update,411,1.316434
contact_update,412,1.321551
contact_update,413,1.312057
contact_update,414,1.326188
contact_update,415,1.305688
contact_update,416,1.352588
contact_update,417,1.302102
contact_update,418,1.296213
contact_update,419,1.298357
contact_update,420,1.295442
contact_update,421,1.315823
contact_update,422,1.369845
contact_update,423,1.378988
contact_update,424,1.319969
contact_update,425,1.315994
contact_update,426,1.327150
contact_update,427,1.350365
contact_update,428,1.360631
contact_update,429,1.315373
contact_update,430,1.298606
contact_update,431,1.337556
contact_update,432,1.409103
contact_update,433,1.328192
contact_update,434,1.341302
contact_update,435,1.392809
contact_update,436,1.302913
contact_update,437,1.308892
contact_update,438,1.326720
contact_update,439,1.345027
contact_update,440,1.380089
contact_update,441,1.319378
contact_update,442,1.306028
contact_update,443,1.295172
contact_update,444,1.340730
contact_update,445,1.322453
contact_update,446,1.294541
contact_update,447,1.314481
contact_update,448,1.297325
contact_update,449,1.298326
contact_update,450,1.268902
contact_update,451,1.288632
contact_update,452,1.301361
contact_update,453,1.320490
contact_update,454,1.290675
contact_update,455,1.313750
contact_update,456,1.320720
contact_update,457,1.316925
contact_update,458,1.309012
contact_update,459,1.328342
contact_update,460,1.285578
contact_update,461,1.359228
contact_update,462,1.340701
contact_update,463,1.329853
contact_update,464,1.287921
contact_update,465,1.299288
contact_update,466,1.284445
contact_update,467,1.282943
contact_update,468,1.345668
contact_update,469,1.305077
contact_update,470,1.327851
contact_update,471,1.308822
contact_update,472,1.294081
contact_update,473,1.324436
contact_update,474,1.307560
contact_update,475,1.313179
contact_update,476,1.282322
contact_update,477,1.318197
contact_update,478,1.319198
contact_update,479,1.276223
contact_update,480,1.420641
contact_update,481,1.332818
contact_update,482,1.398507
contact_update,483,1.416875
contact_update,484,1.328422
contact_update,485,1.345568
contact_update,486,1.341542
contact_update,487,1.293820
contact_update,488,1.295232
contact_update,489,1.295212
contact_update,490,1.289704
contact_update,491,1.322774
contact_update,492,1.371286
contact_update,493,1.323013
contact_update,494,1.283034
contact_update,495,1.276653
contact_update,496,1.284305
contact_update,497,1.279959
contact_update,498,1.312578
contact_update,499,1.312969
contact_update,500,1.293871
contact_update,501,1.321362
contact_update,502,1.323775
contact_update,503,1.305658
contact_update,504,1.332138
contact_update,505,1.322914
contact_update,506,1.363445
contact_update,507,1.363134
contact_update,508,1.325147
contact_update,509,1.297064
contact_update,510,1.346560
contact_update,511,1.292958
contact_update,512,1.310736
contact_update,513,1.310254
contact_update,514,1.347421
contact_update,515,1.386559
contact_update,516,1.362814
contact_update,517,1.351617
contact_update,518,1.312908
contact_update,519,1.331877
contact_update,520,1.294051
contact_update,521,1.322884
contact_update,522,1.292658
contact_update,523,1.319538
contact_update,524,1.308042
contact_update,525,1.298587
contact_update,526,1.338366
contact_update,527,1.364577
contact_update,528,1.338728
contact_update,529,1.292378
contact_update,530,1.301311
contact_update,531,1.290495
contact_update,532,1.309203
contact_update,533,1.375482
contact_update,534,1.323214
contact_update,535,1.267010
contact_update,536,1.328282
contact_update,537,1.296614
contact_update,538,1.313299
contact_update,539,1.340260
contact_update,540,1.310856
contact_update,541,1.344546
contact_update,542,1.297946
contact_update,543,1.298668
contact_update,544,1.320359
contact_update,545,1.302193
contact_update,546,1.338137
contact_update,547,1.307039
contact_update,548,1.294451
contact_update,549,1.292517
contact_update,550,1.322242
contact_update,551,1.311597
contact_update,552,1.344586
contact_update,553,1.333930
contact_update,554,1.318617
contact_update,555,1.317336
contact_update,556,1.326248
contact_update,557,1.314180
contact_update,558,1.311557
contact_update,559,1.340670
contact_update,560,1.318768
contact_update,561,1.363054
contact_update,562,1.319198
contact_update,563,1.357586
contact_update,564,1.346909
contact_update,565,1.334792
contact_update,566,1.354511
contact_update,567,1.316854
contact_update,568,1.319338
contact_update,569,1.296745
contact_update,570,1.298237
contact_update,571,1.296664
contact_update,572,1.269553
contact_update,573,1.319068
contact_update,574,1.316884
contact_update,575,1.326539
contact_update,576,1.309543
contact_update,577,1.294211
contact_update,578,1.309894
contact_update,579,1.315393
contact_update,580,1.309964
contact_update,581,1.320571
contact_update,582,1.297095
contact_update,583,1.295533
contact_update,584,1.285437
contact_update,585,1.382233
contact_update,586,1.292898
contact_update,587,1.412389
contact_update,588,1.315994
contact_update,589,1.284966
contact_update,590,1.282903
contact_update,591,1.312638
contact_update,592,1.342964
contact_update,593,1.288582
contact_update,594,1.291306
contact_update,595,1.291256
contact_update,596,1.288672
contact_update,597,1.476415
contact_update,598,1.572650
contact_update,599,1.349674
contact_update,600,1.321211
contact_update,601,1.307470
contact_update,602,1.321201
contact_update,603,1.576586
contact_update,604,1.333880
contact_update,605,1.315392
contact_update,606,1.322523
contact_update,607,1.315332
contact_update,608,1.308241
contact_update,609,1.453891
contact_update,610,1.306038
contact_update,611,1.296013
contact_update,612,1.280831
contact_update,613,1.365678
contact_update,614,1.292709
contact_update,615,1.320059
contact_update,616,1.338567
contact_update,617,1.351968
contact_update,618,1.312369
contact_update,619,1.332979
contact_update,620,1.324486
contact_update,621,1.370756
contact_update,622,1.354892
contact_update,623,1.316163
contact_update,624,1.306730
contact_update,625,1.398467
contact_update,626,1.374662
contact_update,627,1.360941
contact_update,628,1.374781
contact_update,629,1.426240
contact_update,630,1.338457
contact_update,631,1.445218
contact_update,632,1.331086
contact_update,633,1.364206
contact_update,634,1.320781
contact_update,635,1.344656
contact_update,636,1.306309
contact_update,637,1.335022
contact_update,638,1.323876
contact_update,639,1.306068
contact_update,640,1.301081
contact_update,641,1.338367
contact_update,642,1.325909
contact_update,643,1.314471
contact_update,644,1.309834
contact_update,645,1.559129
contact_update,646,1.319689
contact_update,647,1.316414
contact_update,648,1.355623
contact_update,649,1.306899
contact_update,650,1.410075
contact_update,651,1.386149
contact_update,652,1.346109
contact_update,653,1.356254
contact_update,654,1.334321
contact_update,655,1.367181
contact_update,656,1.644188
contact_update,657,1.342172
contact_update,658,1.337245
contact_update,659,1.327020
contact_update,660,1.414622
contact_update,661,1.397295
contact_update,662,1.402504
contact_update,663,1.354411
contact_update,664,1.373219
contact_update,665,1.319399
contact_update,666,1.323184
contact_update,667,1.335383
contact_update,668,1.369634
contact_update,669,1.342694
contact_update,670,1.316354
contact_update,671,1.282794
contact_update,672,1.337185
contact_update,673,1.298346
contact_update,674,1.403246
contact_update,675,1.298196
contact_update,676,1.290305
contact_update,677,1.307861
contact_update,678,1.298697
contact_update,679,1.343795
contact_update,680,1.327271
contact_update,681,1.330595
contact_update,682,1.295843
contact_update,683,1.308152
contact_update,684,1.314050
contact_update,685,1.335582
contact_update,686,1.308872
contact_update,687,1.343545
contact_update,688,1.319959
contact_update,689,1.347681
contact_update,690,1.328913
contact_update,691,1.315231
contact_update,692,1.292909
contact_update,693,1.337336
contact_update,694,1.344457
contact_update,695,1.408763
contact_update,696,1.320300
contact_update,697,1.323294
contact_update,698,1.291026
contact_update,699,1.297004
contact_update,700,1.306819
contact_update,701,1.293950
contact_update,702,1.284335
contact_update,703,1.321261
contact_update,704,1.326218
contact_update,705,1.300399
contact_update,706,1.336634
contact_update,707,1.312398
contact_update,708,1.292879
contact_update,709,1.301291
contact_update,710,1.304756
contact_update,711,1.311206
contact_update,712,1.299889
contact_update,713,1.301201
contact_update,714,1.316554
contact_update,715,1.290434
contact_update,716,1.279638
contact_update,717,1.296333
contact_update,718,1.305347
contact_update,719,1.343775
contact_update,720,1.318156
contact_update,721,1.376174
contact_update,722,1.328302
contact_update,723,1.324555
contact_update,724,1.313069
contact_update,725,1.297475
contact_update,726,1.600883
contact_update,727,1.330735
contact_update,728,1.305277
contact_update,729,1.288421
contact_update,730,1.306760
contact_update,731,1.397055
contact_update,732,1.288703
contact_update,733,1.287170
contact_update,734,1.286850
contact_update,735,1.315923
contact_update,736,1.281973
contact_update,737,1.288482
contact_update,738,1.314761
contact_update,739,1.304195
contact_update,740,1.280179
contact_update,741,1.876788
contact_update,742,1.886994
contact_update,743,1.341351
contact_update,744,1.314471
contact_update,745,1.330845
contact_update,746,1.281181
contact_update,747,1.303114
contact_update,748,1.293429
contact_update,749,1.300359
contact_update,750,1.304867
contact_update,751,1.299388
contact_update,752,1.314441
contact_update,753,1.334411
contact_update,754,1.305878
contact_update,755,1.328742
contact_update,756,1.328983
contact_update,757,1.302733
contact_update,758,1.309914
contact_update,759,1.325869
contact_update,760,1.291557
contact_update,761,1.309333
contact_update,762,1.344757
contact_update,763,1.321762
contact_update,764,1.290454
contact_update,765,1.378588
contact_update,766,1.382514
contact_update,767,1.332388
contact_update,768,1.286698
contact_update,769,1.280500
contact_update,770,1.290044
contact_update,771,1.308412
contact_update,772,1.471037
contact_update,773,1.407741
contact_update,774,1.332828
contact_update,775,1.315753
contact_update,776,1.331787
contact_update,777,1.313690
contact_update,778,1.327320
contact_update,779,1.304065
contact_update,780,1.301612
contact_update,781,1.291556
contact_update,782,1.335062
contact_update,783,1.375063
contact_update,784,1.309193
contact_update,785,1.479219
contact_update,786,1.487191
contact_update,787,1.346790
contact_update,788,1.445319
contact_update,789,1.445488
contact_update,790,1.584529
contact_update,791,1.641514
contact_update,792,1.509034
contact_update,793,1.588103
contact_update,794,1.904570
contact_update,795,1.872032
contact_update,796,1.895997
contact_update,797,1.883158
contact_update,798,1.841325
contact_update,799,1.644088
contact_update,800,1.354852
contact_update,801,1.813643
contact_update,802,1.638269
contact_update,803,1.640863
contact_update,804,1.726312
contact_update,805,1.575294
contact_update,806,1.598859
contact_update,807,1.516516
contact_update,808,1.865242
contact_update,809,1.376604
contact_update,810,1.320841
contact_update,811,1.363675
contact_update,812,1.342623
contact_update,813,1.376776
contact_update,814,1.365658
contact_update,815,1.323494
contact_update,816,1.323525
contact_update,817,1.309854
contact_update,818,1.303454
contact_update,819,1.295913
contact_update,820,1.343845
contact_update,821,1.317095
contact_update,822,1.346318
contact_update,823,1.348883
contact_update,824,1.369124
contact_update,825,1.431477
contact_update,826,1.323605
contact_update,827,1.347581
contact_update,828,1.349033
contact_update,829,1.334280
contact_update,830,1.296474
contact_update,831,1.356484
contact_update,832,1.345077
contact_update,833,1.313008
contact_update,834,1.278297
contact_update,835,1.324746
contact_update,836,1.370796
contact_update,837,1.325437
contact_update,838,1.268923
contact_update,839,1.316835
contact_update,840,1.273870
contact_update,841,1.324887
contact_update,842,1.305026
contact_update,843,1.292318
contact_update,844,1.305888
contact_update,845,1.291116
contact_update,846,1.351547
contact_update,847,1.276655
contact_update,848,1.295983
contact_update,849,1.327611
contact_update,850,1.355854
contact_update,851,1.294110
contact_update,852,1.295273
contact_update,853,1.302573
contact_update,854,1.296705
contact_update,855,1.296513
contact_update,856,1.290415
contact_update,857,1.431076
contact_update,858,1.298568
contact_update,859,1.283684
contact_update,860,1.303965
contact_update,861,1.305507
contact_update,862,1.276934
contact_update,863,1.310034
contact_update,864,1.293710
contact_update,865,1.331977
contact_update,866,1.311637
contact_update,867,1.287600
contact_update,868,1.266379
contact_update,869,1.294160
contact_update,870,1.276534
contact_update,871,1.290555
contact_update,872,1.363725
contact_update,873,1.290444
contact_update,874,1.285357
contact_update,875,1.320470
contact_update,876,1.293179
contact_update,877,1.297165
contact_update,878,1.302252
contact_update,879,1.279479
contact_update,880,1.303584
contact_update,881,1.282292
contact_update,882,1.519861
contact_update,883,2.200406
contact_update,884,1.431067
contact_update,885,1.374451
contact_update,886,1.395903
contact_update,887,1.298577
contact_update,888,1.305277
contact_update,889,1.324897
contact_update,890,1.299549
contact_update,891,1.335894
contact_update,892,1.337926
contact_update,893,1.321232
contact_update,894,1.322103
contact_update,895,1.287080
contact_update,896,1.310314
contact_update,897,1.568234
contact_update,898,1.738741
contact_update,899,1.381682
contact_update,900,1.592460
contact_update,901,1.582715
contact_update,902,1.929668
contact_update,903,1.505749
contact_update,904,1.532449
contact_update,905,1.408512
contact_update,906,1.387912
contact_update,907,1.868136
contact_update,908,2.113926
contact_update,909,1.912663
contact_update,910,1.613752
contact_update,911,1.365799
contact_update,912,1.334771
contact_update,913,1.306329
contact_update,914,1.299709
contact_update,915,1.323755
contact_update,916,1.364065
contact_update,917,1.299088
contact_update,918,1.318577
contact_update,919,1.825210
contact_update,920,1.690758
contact_update,921,1.809327
contact_update,922,1.486370
contact_update,923,1.872101
contact_update,924,1.415463
contact_update,925,1.383595
contact_update,926,1.362163
contact_update,927,1.332017
contact_update,928,1.348211
contact_update,929,1.336594
contact_update,930,1.288742
contact_update,931,1.335944
contact_update,932,1.360650
contact_update,933,1.302734
contact_update,934,1.297255
contact_update,935,1.332708
contact_update,936,1.323785
contact_update,937,1.356254
contact_update,938,1.346309
contact_update,939,1.332107
contact_update,940,1.400951
contact_update,941,1.316123
contact_update,942,1.577868
contact_update,943,1.499950
contact_update,944,1.344155
contact_update,945,1.355803
contact_update,946,1.305878
contact_update,947,1.310055
contact_update,948,1.356003
contact_update,949,1.381993
contact_update,950,1.359749
contact_update,951,1.356906
contact_update,952,1.346549
contact_update,953,1.324908
contact_update,954,1.304205
contact_update,955,1.295823
contact_update,956,1.278156
contact_update,957,1.325257
contact_update,958,1.295553
contact_update,959,1.281822
contact_update,960,1.282824
contact_update,961,1.318217
contact_update,962,1.312838
contact_update,963,1.281531
contact_update,964,1.346258
contact_update,965,1.279869
contact_update,966,1.326339
contact_update,967,1.304406
contact_update,968,1.310976
contact_update,969,1.308422
contact_update,970,1.282433
contact_update,971,1.331988
contact_update,972,1.322624
contact_update,973,1.349614
contact_update,974,1.314922
contact_update,975,1.320971
contact_update,976,1.320690
contact_update,977,1.321161
contact_update,978,1.324196
contact_update,979,1.329845
contact_update,980,1.308161
contact_update,981,1.304396
contact_update,982,1.324176
contact_update,983,1.669677
contact_update,984,1.427301
contact_update,985,1.355183
contact_update,986,1.309413
contact_update,987,1.307730
contact_update,988,1.431627
contact_update,989,1.322904
contact_update,990,1.331446
contact_update,991,1.321682
contact_update,992,1.322844
contact_update,993,1.297715
contact_update,994,1.336264
contact_update,995,1.318396
contact_update,996,1.281000
contact_update,997,1.342593
contact_update,998,1.292548
contact_update,999,1.319719
contact_update,1000,1.307420
contact_update,1001,1.301341
contact_update,1002,1.311186
contact_update,1003,1.326078
contact_update,1004,1.310815
contact_update,1005,1.315142
contact_update,1006,1.356003
contact_update,1007,1.337917
contact_update,1008,1.349514
contact_update,1009,1.319699
contact_update,1010,1.629525
contact_update,1011,1.869287
contact_update,1012,1.416635
contact_update,1013,1.632941
contact_update,1014,1.628445
contact_update,1015,1.954726
contact_update,1016,1.482655
contact_update,1017,1.435113
contact_update,1018,1.607172
contact_update,1019,1.575494
contact_update,1020,1.493461
contact_update,1021,1.485329
contact_update,1022,1.436475
contact_update,1023,1.313439
contact_update,1024,1.401231
contact_update,1025,1.329494
contact_update,1026,1.334591
contact_update,1027,1.352668
contact_update,1028,1.314561
contact_update,1029,1.304456
contact_update,1030,1.354951
contact_update,1031,1.369333
contact_update,1032,1.551199
contact_update,1033,1.806002
contact_update,1034,1.819492
contact_update,1035,1.463165
contact_update,1036,1.425398
contact_update,1037,1.612210
contact_update,1038,1.856568
contact_update,1039,1.466579
contact_update,1040,1.471478
contact_update,1041,1.366099
contact_update,1042,1.570467
contact_update,1043,1.381843
contact_update,1044,1.297135
contact_update,1045,1.345628
contact_update,1046,1.338787
contact_update,1047,1.332028
contact_update,1048,1.368753
contact_update,1049,1.344756
contact_update,1050,1.339348
contact_update,1051,1.345017
contact_update,1052,1.409474
contact_update,1053,1.296734
contact_update,1054,1.315502
contact_update,1055,1.305327
contact_update,1056,1.311917
contact_update,1057,1.363465
contact_update,1058,1.364667
contact_update,1059,1.331526
contact_update,1060,1.338908
contact_update,1061,1.311968
contact_update,1062,1.352188
contact_update,1063,1.334171
contact_update,1064,1.357316
contact_update,1065,1.331998
contact_update,1066,1.335643
contact_update,1067,1.340941
contact_update,1068,1.301722
contact_update,1069,1.359689
contact_update,1070,1.347300
contact_update,1071,1.491589
contact_update,1072,1.499680
contact_update,1073,1.701014
contact_update,1074,1.359118
contact_update,1075,1.399469
contact_update,1076,1.406661
contact_update,1077,1.338507
contact_update,1078,1.329795
contact_update,1079,1.302463
contact_update,1080,1.320299
contact_update,1081,1.326379
contact_update,1082,1.308923
contact_update,1083,1.362193
contact_update,1084,1.338767
contact_update,1085,1.360851
contact_update,1086,1.346950
contact_update,1087,1.344537
contact_update,1088,1.320480
contact_update,1089,1.338246
contact_update,1090,1.366429
contact_update,1091,1.348362
contact_update,1092,1.388512
contact_update,1093,1.311006
contact_update,1094,1.690698
contact_update,1095,1.781665
contact_update,1096,1.611699
contact_update,1097,1.858551
contact_update,1098,1.881906
contact_update,1099,1.683036
contact_update,1100,1.762366
contact_update,1101,1.866603
contact_update,1102,1.854705
contact_update,1103,1.912732
contact_update,1104,1.760423
contact_update,1105,1.695154
contact_update,1106,1.735286
contact_update,1107,1.673863
contact_update,1108,1.623086
contact_update,1109,1.569916
contact_update,1110,1.572129
contact_update,1111,1.601303
contact_update,1112,1.829928
contact_update,1113,1.620743
contact_update,1114,1.599861
contact_update,1115,1.783177
contact_update,1116,1.816758
contact_update,1117,2.100365
contact_update,1118,1.366119
contact_update,1119,1.359478
contact_update,1120,1.359289
contact_update,1121,1.332047
contact_update,1122,1.374341
contact_update,1123,1.326890
contact_update,1124,1.347550
contact_update,1125,1.409394
contact_update,1126,1.345678
contact_update,1127,1.312328
contact_update,1128,1.325698
contact_update,1129,1.325368
contact_update,1130,1.886734
contact_update,1131,1.955767
contact_update,1132,1.383425
contact_update,1133,1.339579
contact_update,1134,1.365378
contact_update,1135,1.394492
contact_update,1136,1.837800
contact_update,1137,1.899202
contact_update,1138,1.855426
contact_update,1139,1.444848
contact_update,1140,1.405839
contact_update,1141,1.430225
contact_update,1142,1.389444
contact_update,1143,1.343776
contact_update,1144,1.393921
contact_update,1145,1.336484
contact_update,1146,1.337676
contact_update,1147,1.383395
contact_update,1148,1.377436
contact_update,1149,1.355943
contact_update,1150,1.482154
contact_update,1151,1.389104
contact_update,1152,1.550807
contact_update,1153,1.468172
contact_update,1154,1.353290
contact_update,1155,1.365007
contact_update,1156,1.386269
contact_update,1157,1.505679
contact_update,1158,1.394812
contact_update,1159,1.511467
contact_update,1160,1.426940
contact_update,1161,1.463436
contact_update,1162,1.589425
contact_update,1163,1.457756
contact_update,1164,1.439439
contact_update,1165,1.506510
contact_update,1166,1.604779
contact_update,1167,2.004010
contact_update,1168,1.592910
contact_update,1169,1.417096
contact_update,1170,1.864850
contact_update,1171,1.497958
contact_update,1172,1.327951
contact_update,1173,1.450316
contact_update,1174,1.333109
contact_update,1175,1.327370
contact_update,1176,1.300360
contact_update,1177,1.289123
contact_update,1178,1.303946
contact_update,1179,1.302402
contact_update,1180,1.325728
contact_update,1181,1.319909
contact_update,1182,1.271517
contact_update,1183,1.286249
contact_update,1184,1.286539
contact_update,1185,1.254962
contact_update,1186,1.422323
contact_update,1187,1.289614
contact_update,1188,1.282303
contact_update,1189,1.357156
contact_update,1190,1.443686
contact_update,1191,1.313970
contact_update,1192,1.318758
contact_update,1193,1.324897
contact_update,1194,1.304997
contact_update,1195,1.276654
contact_update,1196,1.290514
contact_update,1197,1.277575
contact_update,1198,1.306138
contact_update,1199,1.339119
contact_update,1200,1.300480
contact_update,1201,1.364776
contact_update,1202,1.318347
contact_update,1203,1.329714
contact_update,1204,1.296303
contact_update,1205,1.353009
contact_update,1206,1.305808
contact_update,1207,1.282092
contact_update,1208,1.323855
contact_update,1209,1.298276
contact_update,1210,1.295803
contact_update,1211,1.312068
contact_update,1212,1.309934
contact_update,1213,1.302032
contact_update,1214,1.308092
contact_update,1215,1.297736
contact_update,1216,1.334601
contact_update,1217,1.307881
contact_update,1218,1.391808
contact_update,1219,1.326729
contact_update,1220,1.344546
contact_update,1221,1.630557
contact_update,1222,1.327381
contact_update,1223,1.309012
contact_update,1224,1.321461
contact_update,1225,1.328692
contact_update,1226,1.302142
contact_update,1227,1.315973
contact_update,1228,1.317716
contact_update,1229,1.306449
contact_update,1230,1.317246
contact_update,1231,1.327440
contact_update,1232,1.313078
contact_update,1233,1.333720
contact_update,1234,1.333720
contact_update,1235,1.373239
contact_update,1236,1.322383
contact_update,1237,1.311356
contact_update,1238,1.818411
contact_update,1239,1.633892
contact_update,1240,1.386169
contact_update,1241,1.382163
contact_update,1242,1.356424
contact_update,1243,1.316244
contact_update,1244,1.330135
contact_update,1245,1.334922
contact_update,1246,1.335823
contact_update,1247,1.302553
contact_update,1248,1.293830
contact_update,1249,1.334551
contact_update,1250,1.304846
contact_update,1251,1.293300
contact_update,1252,1.296844
contact_update,1253,1.297626
contact_update,1254,1.354972
contact_update,1255,1.325177
contact_update,1256,1.304486
contact_update,1257,1.316494
contact_update,1258,1.291697
contact_update,1259,1.314972
contact_update,1260,1.309003
contact_update,1261,1.303675
contact_update,1262,1.297676
contact_update,1263,1.306098
contact_update,1264,1.359869
contact_update,1265,1.377596
contact_update,1266,1.310545
contact_update,1267,2.231463
contact_update,1268,1.325137
contact_update,1269,1.298286
contact_update,1270,1.291386
contact_update,1271,1.288182
contact_update,1272,1.292217
contact_update,1273,1.298998
contact_update,1274,1.322273
contact_update,1275,1.297966
contact_update,1276,1.339659
contact_update,1277,1.286719
contact_update,1278,1.397977
contact_update,1279,1.318497
contact_update,1280,1.307060
contact_update,1281,1.286869
contact_update,1282,1.320820
contact_update,1283,1.322453
contact_update,1284,1.296414
contact_update,1285,1.330926
contact_update,1286,1.324887
contact_update,1287,1.297205
contact_update,1288,1.296794
contact_update,1289,1.295893
contact_update,1290,1.350475
contact_update,1291,1.339739
contact_update,1292,1.295493
contact_update,1293,1.302252
contact_update,1294,1.288001
contact_update,1295,1.386219
contact_update,1296,1.309754
contact_update,1297,1.344086
contact_update,1298,1.338227
contact_update,1299,1.325448
contact_update,1300,1.302173
contact_update,1301,1.329905
contact_update,1302,1.289133
contact_update,1303,1.294992
contact_update,1304,1.305557
contact_update,1305,1.328602
contact_update,1306,1.304286
contact_update,1307,1.296214
contact_update,1308,1.305407
contact_update,1309,1.298457
contact_update,1310,1.291486
contact_update,1311,1.290455
contact_update,1312,1.336655
contact_update,1313,1.315983
contact_update,1314,1.435162
contact_update,1315,1.363405
contact_update,1316,1.386560
contact_update,1317,1.345738
contact_update,1318,1.302202
contact_update,1319,1.321181
contact_update,1320,1.317665
contact_update,1321,1.280340
contact_update,1322,1.317105
contact_update,1323,1.311346
contact_update,1324,1.299148
contact_update,1325,1.298146
contact_update,1326,1.369123
contact_update,1327,1.323094
contact_update,1328,1.353840
contact_update,1329,1.304476
contact_update,1330,1.333720
contact_update,1331,1.320000
contact_update,1332,1.346959
contact_update,1333,1.340430
contact_update,1334,1.325387
contact_update,1335,1.423736
contact_update,1336,1.295423
contact_update,1337,1.332178
contact_update,1338,1.351517
contact_update,1339,1.344817
contact_update,1340,1.336834
contact_update,1341,1.284846
contact_update,1342,1.333419
contact_update,1343,1.386610
contact_update,1344,1.282934
contact_update,1345,1.323114
contact_update,1346,1.324045
contact_update,1347,1.293139
contact_update,1348,1.384186
contact_update,1349,1.772922
contact_update,1350,1.323986
contact_update,1351,1.285266
contact_update,1352,1.294291
contact_update,1353,1.341902
contact_update,1354,1.276414
contact_update,1355,1.330786
contact_update,1356,1.296304
contact_update,1357,1.305607
contact_update,1358,1.307220
contact_update,1359,1.310905
contact_update,1360,1.295612
contact_update,1361,1.289663
contact_update,1362,1.295011
contact_update,1363,1.302563
contact_update,1364,1.300170
contact_update,1365,1.326539
contact_update,1366,1.347851
contact_update,1367,1.308672
contact_update,1368,1.319699
contact_update,1369,1.295783
contact_update,1370,1.308943
contact_update,1371,1.347091
contact_update,1372,1.368823
contact_update,1373,1.324025
contact_update,1374,1.300530
contact_update,1375,1.252809
contact_update,1376,1.298717
contact_update,1377,1.310706
contact_update,1378,1.301371
contact_update,1379,1.316794
contact_update,1380,1.288542
contact_update,1381,1.340831
contact_update,1382,1.341381
contact_update,1383,1.380631
contact_update,1384,1.348442
contact_update,1385,1.337766
contact_update,1386,1.358517
contact_update,1387,1.304046
contact_update,1388,1.314071
contact_update,1389,1.343495
contact_update,1390,1.338977
contact_update,1391,1.326429
contact_update,1392,1.358327
contact_update,1393,1.322293
contact_update,1394,1.338186
contact_update,1395,1.316664
contact_update,1396,1.325438
contact_update,1397,1.315683
contact_update,1398,1.315783
contact_update,1399,1.311927
contact_update,1400,1.289373
contact_update,1401,1.317826
contact_update,1402,1.298877
contact_update,1403,1.295533
contact_update,1404,1.341983
contact_update,1405,1.361252
contact_update,1406,1.285487
contact_update,1407,1.344436
contact_update,1408,1.303434
contact_update,1409,1.361151
contact_update,1410,1.350315
contact_update,1411,1.343735
contact_update,1412,1.329053
contact_update,1413,1.305918
contact_update,1414,1.309113
contact_update,1415,1.298236
contact_update,1416,1.329905
contact_update,1417,1.299438
contact_update,1418,1.321131
contact_update,1419,1.281150
contact_update,1420,1.311727
contact_update,1421,1.326469
contact_update,1422,1.307200
contact_update,1423,1.278507
contact_update,1424,1.335042
contact_update,1425,1.318417
contact_update,1426,1.291406
contact_update,1427,1.345939
contact_update,1428,1.348632
contact_update,1429,1.308151
contact_update,1430,1.319568
contact_update,1431,1.586481
contact_update,1432,1.319478
contact_update,1433,1.302533
contact_update,1434,1.314371
contact_update,1435,1.308002
contact_update,1436,1.331567
contact_update,1437,1.320901
contact_update,1438,1.301932
contact_update,1439,1.279949
contact_update,1440,1.312418
contact_update,1441,1.293930
contact_update,1442,1.307401
contact_update,1443,1.271606
contact_update,1444,1.270084
contact_update,1445,1.265487
contact_update,1446,1.260960
contact_update,1447,1.317345
contact_update,1448,1.312738
contact_update,1449,1.296915
contact_update,1450,1.305878
contact_update,1451,1.287890
contact_update,1452,1.271346
contact_update,1453,1.293179
contact_update,1454,1.346189
contact_update,1455,1.274090
contact_update,1456,1.311616
contact_update,1457,1.308422
contact_update,1458,1.263634
contact_update,1459,1.255382
contact_update,1460,1.246028
contact_update,1461,1.256193
contact_update,1462,1.242893
contact_update,1463,1.271496
contact_update,1464,1.293259
contact_update,1465,1.286669
contact_update,1466,1.377847
contact_update,1467,1.289022
contact_update,1468,1.300641
contact_update,1469,1.320740
contact_update,1470,1.308482
contact_update,1471,1.377436
contact_update,1472,1.340390
contact_update,1473,1.296984
contact_update,1474,1.314411
contact_update,1475,1.287130
contact_update,1476,1.281391
contact_update,1477,1.295813
contact_update,1478,1.320891
contact_update,1479,1.329734
contact_update,1480,1.325558
contact_update,1481,1.309553
contact_update,1482,1.294631
contact_update,1483,1.303004
contact_update,1484,1.315252
contact_update,1485,1.313310
contact_update,1486,1.330355
contact_update,1487,1.303835
contact_update,1488,1.289574
contact_update,1489,1.289894
contact_update,1490,1.447251
contact_update,1491,1.302773
contact_update,1492,1.293099
contact_update,1493,1.309464
contact_update,1494,1.294511
contact_update,1495,1.293319
contact_update,1496,1.287961
contact_update,1497,1.297635
contact_update,1498,1.288131
contact_update,1499,1.296924
contact_update,1500,1.286448
contact_update,1501,1.296955
contact_update,1502,1.348422
contact_update,1503,1.299628
contact_update,1504,1.294031
contact_update,1505,1.337065
contact_update,1506,1.308032
contact_update,1507,1.316995
contact_update,1508,1.311637
contact_update,1509,1.310926
contact_update,1510,1.313129
contact_update,1511,1.312438
contact_update,1512,1.292989
contact_update,1513,1.299498
contact_update,1514,1.375913
contact_update,1515,1.331597
contact_update,1516,1.398828
contact_update,1517,1.324066
contact_update,1518,1.347091
contact_update,1519,1.660573
contact_update,1520,1.416295
contact_update,1521,1.342293
contact_update,1522,1.290095
contact_update,1523,1.330355
contact_update,1524,1.379068
contact_update,1525,1.341963
contact_update,1526,1.333740
contact_update,1527,1.333730
contact_update,1528,1.323875
contact_update,1529,1.319568
contact_update,1530,1.328182
contact_update,1531,1.344807
contact_update,1532,1.335022
contact_update,1533,1.336784
contact_update,1534,1.293349
contact_update,1535,1.300149
contact_update,1536,1.312658
contact_update,1537,1.319629
contact_update,1538,1.300350
contact_update,1539,1.290074
contact_update,1540,1.299168
contact_update,1541,1.303305
contact_update,1542,1.347480
contact_update,1543,1.332138
contact_update,1544,1.328963
contact_update,1545,1.315903
contact_update,1546,1.337335
contact_update,1547,1.324166
contact_update,1548,1.334541
contact_update,1549,1.325957
contact_update,1550,1.345968
contact_update,1551,1.348222
contact_update,1552,1.318377
contact_update,1553,1.294451
contact_update,1554,1.314040
contact_update,1555,1.403585
contact_update,1556,1.322764
contact_update,1557,1.284155
contact_update,1558,1.294801
contact_update,1559,1.310185
contact_update,1560,1.315523
contact_update,1561,1.344286
contact_update,1562,1.285627
contact_update,1563,1.291025
contact_update,1564,1.292868
contact_update,1565,1.289864
contact_update,1566,1.273169
contact_update,1567,1.303344
contact_update,1568,1.319148
contact_update,1569,1.285287
contact_update,1570,1.281401
contact_update,1571,1.271006
contact_update,1572,1.306329
contact_update,1573,1.301671
contact_update,1574,1.284056
contact_update,1575,1.284576
contact_update,1576,1.310034
contact_update,1577,1.317716
contact_update,1578,1.289423
contact_update,1579,1.311747
contact_update,1580,1.297656
contact_update,1581,1.270655
contact_update,1582,1.262653
contact_update,1583,1.284255
contact_update,1584,1.346910
contact_update,1585,1.270825
contact_update,1586,1.277625
contact_update,1587,1.288121
contact_update,1588,1.310235
contact_update,1589,1.294651
contact_update,1590,1.322753
contact_update,1591,1.370575
contact_update,1592,1.317827
contact_update,1593,1.307239
contact_update,1594,1.327601
contact_update,1595,1.294691
contact_update,1596,1.337616
contact_update,1597,1.288903
contact_update,1598,1.293100
contact_update,1599,1.294841
contact_update,1600,1.336976
contact_update,1601,1.283894
contact_update,1602,1.307380
contact_update,1603,1.379820
contact_update,1604,1.446681
contact_update,1605,1.401892
contact_update,1606,1.317165
contact_update,1607,1.358417
contact_update,1608,1.300450
contact_update,1609,1.334831
contact_update,1610,1.342734
contact_update,1611,1.295943
contact_update,1612,1.296314
contact_update,1613,1.372928
contact_update,1614,1.317937
contact_update,1615,1.316484
contact_update,1616,1.291376
contact_update,1617,1.307210
contact_update,1618,1.304265
contact_update,1619,1.315883
contact_update,1620,1.302102
contact_update,1621,1.296854
contact_update,1622,1.335693
contact_update,1623,1.298517
contact_update,1624,1.280289
contact_update,1625,1.290996
contact_update,1626,1.300690
contact_update,1627,1.269403
contact_update,1628,1.307300
contact_update,1629,1.281522
contact_update,1630,1.310615
contact_update,1631,1.334762
contact_update,1632,1.310014
contact_update,1633,1.383625
contact_update,1634,1.350405
contact_update,1635,1.339920
contact_update,1636,1.337967
contact_update,1637,1.360871
contact_update,1638,1.299538
contact_update,1639,1.307090
contact_update,1640,1.307050
contact_update,1641,1.283064
contact_update,1642,1.283865
contact_update,1643,1.332959
contact_update,1644,1.314371
contact_update,1645,1.306239
contact_update,1646,1.291927
contact_update,1647,1.289614
contact_update,1648,1.306348
contact_update,1649,1.288932
contact_update,1650,1.305037
contact_update,1651,1.300479
contact_update,1652,1.274100
contact_update,1653,1.302523
contact_update,1654,1.293129
contact_update,1655,1.305397
contact_update,1656,1.344767
contact_update,1657,1.342313
contact_update,1658,1.331216
contact_update,1659,1.326940
contact_update,1660,1.334542
contact_update,1661,1.357065
contact_update,1662,1.324756
contact_update,1663,1.373700
contact_update,1664,1.301852
contact_update,1665,1.312207
contact_update,1666,1.328832
contact_update,1667,1.349063
contact_update,1668,1.307330
contact_update,1669,1.277996
contact_update,1670,1.274892
contact_update,1671,1.333469
contact_update,1672,1.336644
contact_update,1673,1.314542
contact_update,1674,1.303925
contact_update,1675,1.311016
contact_update,1676,1.323995
contact_update,1677,1.292178
contact_update,1678,1.268341
contact_update,1679,1.329223
contact_update,1680,1.315553
contact_update,1681,1.302483
contact_update,1682,1.337565
contact_update,1683,1.291817
contact_update,1684,1.288562
contact_update,1685,1.269754
contact_update,1686,1.278567
contact_update,1687,1.280309
contact_update,1688,1.293159
contact_update,1689,1.264746
contact_update,1690,1.377486
contact_update,1691,1.319299
contact_update,1692,1.242703
contact_update,1693,1.305427
contact_update,1694,1.295413
contact_update,1695,1.285657
contact_update,1696,1.315011
contact_update,1697,1.282192
contact_update,1698,1.287561
contact_update,1699,1.324245
contact_update,1700,1.302073
contact_update,1701,1.261141
contact_update,1702,1.314181
contact_update,1703,1.334211
contact_update,1704,1.272998
contact_update,1705,1.287851
contact_update,1706,1.283254
contact_update,1707,1.301892
contact_update,1708,1.292628
contact_update,1709,1.399730
contact_update,1710,1.324966
contact_update,1711,1.312878
contact_update,1712,1.294891
contact_update,1713,1.270094
contact_update,1714,1.329934
contact_update,1715,1.330044
contact_update,1716,1.374051
contact_update,1717,1.322463
contact_update,1718,1.301281
contact_update,1719,1.353359
contact_update,1720,1.292838
contact_update,1721,1.302743
contact_update,1722,1.329003
contact_update,1723,1.320480
contact_update,1724,1.308221
contact_update,1725,1.349244
contact_update,1726,1.313831
contact_update,1727,1.306178
contact_update,1728,1.304736
contact_update,1729,1.363395
contact_update,1730,1.315162
contact_update,1731,1.324877
contact_update,1732,1.301341
contact_update,1733,1.348903
contact_update,1734,1.296414
contact_update,1735,1.489234
contact_update,1736,1.406820
contact_update,1737,1.351186
contact_update,1738,1.310185
contact_update,1739,1.419690
contact_update,1740,1.308142
contact_update,1741,1.301802
contact_update,1742,1.316344
contact_update,1743,1.305628
contact_update,1744,1.309233
contact_update,1745,1.301342
contact_update,1746,1.329934
contact_update,1747,1.316044
contact_update,1748,1.290244
contact_update,1749,1.312498
contact_update,1750,1.313390
contact_update,1751,1.264295
contact_update,1752,1.319338
contact_update,1753,1.316674
contact_update,1754,1.334091
contact_update,1755,1.335783
contact_update,1756,1.301401
contact_update,1757,1.287420
contact_update,1758,1.313530
contact_update,1759,1.358067
contact_update,1760,1.289052
contact_update,1761,1.323294
contact_update,1762,1.330485
contact_update,1763,1.331858
contact_update,1764,1.295522
contact_update,1765,1.350094
contact_update,1766,1.319478
contact_update,1767,1.290796
contact_update,1768,1.284776
contact_update,1769,1.303394
contact_update,1770,1.321912
contact_update,1771,1.290185
contact_update,1772,1.283955
contact_update,1773,1.352859
contact_update,1774,1.310215
contact_update,1775,1.282563
contact_update,1776,1.295523
contact_update,1777,1.308442
contact_update,1778,1.281512
contact_update,1779,1.286910
contact_update,1780,1.282263
contact_update,1781,1.327110
contact_update,1782,1.298516
contact_update,1783,1.290074
contact_update,1784,1.341802
contact_update,1785,1.357535
contact_update,1786,1.334591
contact_update,1787,1.332227
contact_update,1788,1.359549
contact_update,1789,1.389053
contact_update,1790,1.301331
contact_update,1791,1.333730
contact_update,1792,1.314071
contact_update,1793,1.312719
contact_update,1794,1.286028
contact_update,1795,1.295643
contact_update,1796,1.313530
contact_update,1797,1.390366
contact_update,1798,1.364997
contact_update,1799,1.331947
contact_update,1800,1.315132
contact_update,1801,1.326839
contact_update,1802,1.343274
contact_update,1803,1.386479
contact_update,1804,1.283014
contact_update,1805,1.325117
contact_update,1806,1.297916
contact_update,1807,1.306289
contact_update,1808,1.357887
contact_update,1809,1.349153
contact_update,1810,1.344696
contact_update,1811,1.384767
contact_update,1812,1.360841
contact_update,1813,1.329504
contact_update,1814,1.312308
contact_update,1815,1.318307
contact_update,1816,1.299068
contact_update,1817,1.289784
contact_update,1818,1.321121
contact_update,1819,1.807695
contact_update,1820,1.295792
contact_update,1821,1.311507
contact_update,1822,1.410546
contact_update,1823,1.338086
contact_update,1824,1.298206
contact_update,1825,1.331016
contact_update,1826,1.296974
contact_update,1827,1.310705
contact_update,1828,1.306239
contact_update,1829,1.317356
contact_update,1830,1.298617
contact_update,1831,1.389775
contact_update,1832,1.352408
contact_update,1833,1.283524
contact_update,1834,1.310955
contact_update,1835,1.271076
contact_update,1836,1.263083
contact_update,1837,1.251205
contact_update,1838,1.313570
contact_update,1839,1.312728
contact_update,1840,1.324436
contact_update,1841,1.282453
contact_update,1842,1.331146
contact_update,1843,2.003719
contact_update,1844,1.343545
contact_update,1845,1.327852
contact_update,1846,1.316444
contact_update,1847,1.309914
contact_update,1848,1.321441
contact_update,1849,1.316013
contact_update,1850,1.345989
contact_update,1851,1.334231
contact_update,1852,1.296554
contact_update,1853,1.313360
contact_update,1854,1.293419
contact_update,1855,1.320931
contact_update,1856,1.306749
contact_update,1857,1.280280
contact_update,1858,1.281060
contact_update,1859,1.306219
contact_update,1860,1.314881
contact_update,1861,1.301562
contact_update,1862,1.295372
contact_update,1863,1.335452
contact_update,1864,1.324727
contact_update,1865,1.356604
contact_update,1866,1.314001
contact_update,1867,1.344787
contact_update,1868,1.333970
contact_update,1869,1.334361
contact_update,1870,1.310375
contact_update,1871,1.311677
contact_update,1872,1.298417
contact_update,1873,1.304026
contact_update,1874,1.314010
contact_update,1875,1.329814
contact_update,1876,1.303504
contact_update,1877,1.307831
contact_update,1878,1.333850
contact_update,1879,1.301140
contact_update,1880,1.319959
contact_update,1881,1.334451
contact_update,1882,1.301231
contact_update,1883,1.328503
contact_update,1884,1.329964
contact_update,1885,1.310435
contact_update,1886,1.315793
contact_update,1887,1.293670
contact_update,1888,1.290475
contact_update,1889,1.318427
contact_update,1890,1.310515
contact_update,1891,1.292979
contact_update,1892,1.341051
contact_update,1893,1.455363
contact_update,1894,1.341732
contact_update,1895,1.311587
contact_update,1896,1.300650
contact_update,1897,1.305998
contact_update,1898,1.290615
contact_update,1899,1.294651
contact_update,1900,1.299719
contact_update,1901,1.428503
contact_update,1902,1.338998
contact_update,1903,1.304265
contact_update,1904,1.317516
contact_update,1905,1.289583
contact_update,1906,1.333640
contact_update,1907,1.396474
contact_update,1908,1.329283
contact_update,1909,1.308352
contact_update,1910,1.320199
contact_update,1911,1.318828
contact_update,1912,1.324587
contact_update,1913,1.375643
contact_update,1914,1.346389
contact_update,1915,1.347330
contact_update,1916,1.306930
contact_update,1917,1.306609
contact_update,1918,1.460181
contact_update,1919,1.301751
contact_update,1920,1.289643
contact_update,1921,1.320841
contact_update,1922,1.318547
contact_update,1923,1.288141
contact_update,1924,1.335963
contact_update,1925,2.005543
contact_update,1926,1.376514
contact_update,1927,1.393621
contact_update,1928,1.330555
contact_update,1929,1.325177
contact_update,1930,1.304015
contact_update,1931,1.289694
contact_update,1932,1.287310
contact_update,1933,1.322793
contact_update,1934,1.312488
contact_update,1935,1.314602
contact_update,1936,1.331487
contact_update,1937,1.315302
contact_update,1938,1.329274
contact_update,1939,1.313440
contact_update,1940,1.330886
contact_update,1941,1.286970
contact_update,1942,1.313950
contact_update,1943,1.314651
contact_update,1944,1.296464
contact_update,1945,1.332859
contact_update,1946,1.305016
contact_update,1947,1.293499
contact_update,1948,1.367280
contact_update,1949,1.312829
contact_update,1950,1.323915
contact_update,1951,1.321201
contact_update,1952,1.397006
contact_update,1953,1.459930
contact_update,1954,1.677688
contact_update,1955,1.348252
contact_update,1956,1.306168
contact_update,1957,1.576776
contact_update,1958,1.371827
contact_update,1959,1.398317
contact_update,1960,1.331827
contact_update,1961,1.295833
contact_update,1962,1.416205
contact_update,1963,1.313399
contact_update,1964,1.293960
contact_update,1965,1.277285
contact_update,1966,1.309875
contact_update,1967,1.398227
contact_update,1968,1.325898
contact_update,1969,1.353359
contact_update,1970,1.301061
contact_update,1971,1.354902
contact_update,1972,1.329344
contact_update,1973,1.311677
contact_update,1974,1.334080
contact_update,1975,1.309403
contact_update,1976,1.333199
contact_update,1977,1.336484
contact_update,1978,1.346880
contact_update,1979,1.314251
contact_update,1980,1.296684
contact_update,1981,1.306468
contact_update,1982,1.411717
contact_update,1983,1.402343
contact_update,1984,1.330806
contact_update,1985,1.340430
contact_update,1986,1.299819
contact_update,1987,1.393901
contact_update,1988,1.316724
contact_update,1989,1.313330
contact_update,1990,1.314040
contact_update,1991,1.308261
contact_update,1992,1.346709
contact_update,1993,1.370826
contact_update,1994,1.326339
contact_update,1995,1.308592
contact_update,1996,1.343635
contact_update,1997,1.347621
contact_update,1998,1.304616
contact_update,1999,1.298066
property_update,0,2.972320
property_update,1,0.819135
property_update,2,0.811613
property_update,3,0.800376
property_update,4,0.800797
property_update,5,0.784832
property_update,6,0.704442
property_update,7,0.776581
property_update,8,0.843892
property_update,9,0.752574
property_update,10,0.729770
property_update,11,0.746365
property_update,12,0.715238
property_update,13,0.758182
property_update,14,0.892785
property_update,15,0.712864
property_update,16,0.782318
property_update,17,0.778233
property_update,18,0.720005
property_update,19,0.717572
property_update,20,0.705964
property_update,21,0.714918
property_update,22,0.716529
property_update,23,0.714026
property_update,24,0.705042
property_update,25,0.684141
property_update,26,0.727256
property_update,27,0.697171
property_update,28,0.732023
property_update,29,0.714386
property_update,30,0.886135
property_update,31,0.718012
property_update,32,0.715078
property_update,33,0.708788
property_update,34,0.698643
property_update,35,0.672484
property_update,36,0.695227
property_update,37,0.759785
property_update,38,0.704832
property_update,39,0.688517
property_update,40,0.668928
property_update,41,0.761348
property_update,42,0.697281
property_update,43,0.705303
property_update,44,0.681697
property_update,45,0.690791
property_update,46,0.682890
property_update,47,0.668738
property_update,48,0.682478
property_update,49,0.715158
property_update,50,0.683601
property_update,51,0.718463
property_update,52,0.710119
property_update,53,0.848539
property_update,54,0.711662
property_update,55,0.678472
property_update,56,0.718382
property_update,57,0.718152
property_update,58,0.678162
property_update,59,0.704952
property_update,60,0.719475
property_update,61,0.701266
property_update,62,0.689168
property_update,63,0.706675
property_update,64,0.727616
property_update,65,0.855980
property_update,66,0.699414
property_update,67,0.719865
property_update,68,0.735048
property_update,69,0.695117
property_update,70,0.678783
property_update,71,0.710781
property_update,72,0.714708
property_update,73,0.707466
property_update,74,0.690260
property_update,75,0.706024
property_update,76,0.684271
property_update,77,0.679954
property_update,78,0.690461
property_update,79,0.702639
property_update,80,0.695859
property_update,81,0.782339
property_update,82,0.715739
property_update,83,0.710812
property_update,84,0.675638
property_update,85,0.674657
property_update,86,0.705634
property_update,87,0.783842
property_update,88,0.684701
property_update,89,0.713335
property_update,90,0.719865
property_update,91,0.685914
property_update,92,0.723170
property_update,93,0.741648
property_update,94,0.716940
property_update,95,0.707386
property_update,96,0.716239
property_update,97,0.705483
property_update,98,0.736460
property_update,99,0.777371
property_update,100,0.717521
property_update,101,0.693205
property_update,102,0.727386
property_update,103,0.689279
property_update,104,0.892435
property_update,105,0.871473
property_update,106,0.701778
property_update,107,0.726485
property_update,108,0.682568
property_update,109,0.688197
property_update,110,0.704942
property_update,111,0.761207
property_update,112,0.691452
property_update,113,0.715718
property_update,114,0.710141
property_update,115,0.681377
property_update,116,0.739865
property_update,117,0.694817
property_update,118,0.734327
property_update,119,0.695558
property_update,120,0.682729
property_update,121,0.696009
property_update,122,0.698894
property_update,123,0.657802
property_update,124,0.675849
property_update,125,0.711222
property_update,126,0.688528
property_update,127,0.739625
property_update,128,0.693395
property_update,129,0.775559
property_update,130,0.729950
property_update,131,0.687225
property_update,132,0.726906
property_update,133,0.828979
property_update,134,0.782299
property_update,135,0.698592
property_update,136,0.704262
property_update,137,0.730591
property_update,138,0.701557
property_update,139,0.699814
property_update,140,0.705713
property_update,141,0.765834
property_update,142,0.712183
property_update,143,0.701467
property_update,144,0.723811
property_update,145,0.699895
property_update,146,0.699595
property_update,147,0.703700
property_update,148,0.701007
property_update,149,0.690130
property_update,150,0.679114
property_update,151,0.703099
property_update,152,0.747747
property_update,153,0.761147
property_update,154,0.732354
property_update,155,0.748348
property_update,156,0.996171
property_update,157,0.723881
property_update,158,0.690551
property_update,159,0.707997
property_update,160,0.732013
property_update,161,0.732514
property_update,162,0.683180
property_update,163,0.693495
property_update,164,0.719935
property_update,165,0.732524
property_update,166,0.716039
property_update,167,0.708688
property_update,168,0.715358
property_update,169,0.822981
property_update,170,0.750581
property_update,171,0.699905
property_update,172,0.734157
property_update,173,0.822258
property_update,174,0.740407
property_update,175,0.720806
property_update,176,0.754548
property_update,177,0.737021
property_update,178,0.704732
property_update,179,0.725514
property_update,180,0.722249
property_update,181,0.736199
property_update,182,0.751492
property_update,183,0.682439
property_update,184,0.730301
property_update,185,0.781187
property_update,186,0.724652
property_update,187,0.698062
property_update,188,0.727106
property_update,189,0.718392
property_update,190,0.718913
property_update,191,0.719154
property_update,192,0.689599
property_update,193,0.727736
property_update,194,0.723250
property_update,195,0.800416
property_update,196,0.702919
property_update,197,0.765714
property_update,198,0.734807
property_update,199,0.701507
property_update,200,0.677381
property_update,201,0.682619
property_update,202,0.661337
property_update,203,0.663069
property_update,204,0.705092
property_update,205,0.727817
property_update,206,0.738353
property_update,207,0.676089
property_update,208,0.706705
property_update,209,0.722198
property_update,210,0.688428
property_update,211,0.724021
property_update,212,0.730671
property_update,213,0.693566
property_update,214,0.690741
property_update,215,0.714777
property_update,216,0.815159
property_update,217,0.675949
property_update,218,0.710171
property_update,219,0.719524
property_update,220,0.758754
property_update,221,0.708518
property_update,222,0.692163
property_update,223,0.714627
property_update,224,0.705092
property_update,225,0.672183
property_update,226,0.735708
property_update,227,0.713535
property_update,228,0.712414
property_update,229,0.705674
property_update,230,0.695118
property_update,231,0.715888
property_update,232,0.777011
property_update,233,0.662077
property_update,234,0.767897
property_update,235,0.709809
property_update,236,0.746615
property_update,237,0.703350
property_update,238,0.724292
property_update,239,0.746245
property_update,240,0.729360
property_update,241,0.686584
property_update,242,0.772905
property_update,243,0.720636
property_update,244,0.662108
property_update,245,0.683721
property_update,246,0.695248
property_update,247,0.693205
property_update,248,0.666354
property_update,249,0.669179
property_update,250,0.703320
property_update,251,0.675337
property_update,252,0.696210
property_update,253,0.745744
property_update,254,0.702539
property_update,255,0.679655
property_update,256,0.669879
property_update,257,0.718162
property_update,258,0.685072
property_update,259,0.790961
property_update,260,0.813506
property_update,261,0.732634
property_update,262,0.724462
property_update,263,0.686985
property_update,264,0.959967
property_update,265,1.085886
property_update,266,0.950192
property_update,267,0.979226
property_update,268,0.983913
property_update,269,1.033257
property_update,270,0.988420
property_update,271,0.875649
property_update,272,6.206804
property_update,273,1.883870
property_update,274,1.945452
property_update,275,1.138256
property_update,276,0.724883
property_update,277,0.689449
property_update,278,0.722729
property_update,279,0.746014
property_update,280,0.714257
property_update,281,1.810479
property_update,282,0.775519
property_update,283,0.814758
property_update,284,0.749109
property_update,285,0.706875
property_update,286,0.697492
property_update,287,0.774087
property_update,288,0.893086
property_update,289,0.745784
property_update,290,0.701196
property_update,291,0.711923
property_update,292,0.704041
property_update,293,0.731522
property_update,294,0.683950
property_update,295,0.686164
property_update,296,0.697822
property_update,297,0.696970
property_update,298,0.673816
property_update,299,0.722008
property_update,300,0.700676
property_update,301,0.675559
property_update,302,0.694757
property_update,303,0.691352
property_update,304,0.691743
property_update,305,0.684061
property_update,306,0.699504
property_update,307,0.695999
property_update,308,0.684781
property_update,309,0.771743
property_update,310,0.726094
property_update,311,0.694988
property_update,312,0.771322
property_update,313,0.680336
property_update,314,0.705473
property_update,315,0.683400
property_update,316,0.758283
property_update,317,0.704983
property_update,318,0.726915
property_update,319,0.727487
property_update,320,0.684772
property_update,321,0.700616
property_update,322,0.709479
property_update,323,0.699944
property_update,324,0.677902
property_update,325,0.704712
property_update,326,0.675859
property_update,327,0.725353
property_update,328,0.705904
property_update,329,0.721988
property_update,330,0.689439
property_update,331,0.744773
property_update,332,0.724773
property_update,333,0.731242
property_update,334,0.723441
property_update,335,0.684762
property_update,336,0.698542
property_update,337,0.679664
property_update,338,0.673575
property_update,339,0.684822
property_update,340,0.681878
property_update,341,0.664181
property_update,342,0.676579
property_update,343,0.705173
property_update,344,0.666956
property_update,345,0.676560
property_update,346,0.685003
property_update,347,0.772564
property_update,348,0.665894
property_update,349,0.680235
property_update,350,0.708918
property_update,351,0.682569
property_update,352,0.660245
property_update,353,0.796660
property_update,354,0.745944
property_update,355,0.708178
property_update,356,0.677380
property_update,357,0.715599
property_update,358,0.715468
property_update,359,0.788549
property_update,360,0.662458
property_update,361,0.702209
property_update,362,0.701237
property_update,363,0.672864
property_update,364,0.749440
property_update,365,0.731823
property_update,366,0.692083
property_update,367,0.691973
property_update,368,0.711041
property_update,369,0.725183
property_update,370,0.705223
property_update,371,0.673876
property_update,372,0.693535
property_update,373,0.678653
property_update,374,0.698042
property_update,375,0.699815
property_update,376,0.804172
property_update,377,0.686695
property_update,378,0.681637
property_update,379,0.709469
property_update,380,0.717582
property_update,381,0.678553
property_update,382,0.768799
property_update,383,0.727566
property_update,384,0.738513
property_update,385,0.676099
property_update,386,0.688458
property_update,387,0.806726
property_update,388,0.732755
property_update,389,0.681527
property_update,390,0.731923
property_update,391,0.725063
property_update,392,0.694837
property_update,393,0.677230
property_update,394,0.684702
property_update,395,0.741307
property_update,396,0.695308
property_update,397,0.680145
property_update,398,0.722680
property_update,399,0.713815
property_update,400,0.669269
property_update,401,0.743751
property_update,402,0.728779
property_update,403,0.691041
property_update,404,0.683530
property_update,405,0.763210
property_update,406,0.743902
property_update,407,0.739825
property_update,408,0.682399
property_update,409,0.672904
property_update,410,0.690451
property_update,411,0.660215
property_update,412,0.689349
property_update,413,0.697762
property_update,414,0.662699
property_update,415,0.652013
property_update,416,0.693876
property_update,417,0.709029
property_update,418,0.672503
property_update,419,0.690020
property_update,420,0.679084
property_update,421,0.656219
property_update,422,0.692383
property_update,423,0.690270
property_update,424,0.695198
property_update,425,0.685233
property_update,426,0.700565
property_update,427,0.757031
property_update,428,0.660525
property_update,429,0.696039
property_update,430,0.677341
property_update,431,0.693365
property_update,432,0.691912
property_update,433,0.689919
property_update,434,0.757962
property_update,435,0.648828
property_update,436,0.663630
property_update,437,0.687486
property_update,438,0.660365
property_update,439,0.673636
property_update,440,1.152937
property_update,441,0.793836
property_update,442,0.725153
property_update,443,0.760256
property_update,444,0.692333
property_update,445,0.704852
property_update,446,0.702238
property_update,447,0.679895
property_update,448,0.675267
property_update,449,0.700366
property_update,450,0.661346
property_update,451,0.665443
property_update,452,0.710911
property_update,453,0.745824
property_update,454,0.708788
property_update,455,0.675178
property_update,456,0.694938
property_update,457,0.676941
property_update,458,0.744051
property_update,459,0.691842
property_update,460,0.711442
property_update,461,0.705834
property_update,462,0.694797
property_update,463,0.751843
property_update,464,0.761688
property_update,465,0.728507
property_update,466,0.725833
property_update,467,0.736360
property_update,468,0.716480
property_update,469,0.707716
property_update,470,0.701266
property_update,471,0.701828
property_update,472,0.679234
property_update,473,0.713546
property_update,474,0.710260
property_update,475,0.714727
property_update,476,0.663610
property_update,477,0.708397
property_update,478,0.711342
property_update,479,0.683079
property_update,480,0.676330
property_update,481,0.708478
property_update,482,0.695118
property_update,483,0.732564
property_update,484,0.697822
property_update,485,0.699695
property_update,486,0.696390
property_update,487,0.667866
property_update,488,0.688057
property_update,489,0.702129
property_update,490,0.686945
property_update,491,0.676409
property_update,492,0.710481
property_update,493,0.674427
property_update,494,0.679153
property_update,495,0.689239
property_update,496,0.700486
property_update,497,0.689799
property_update,498,0.691743
property_update,499,0.701748
property_update,500,0.773246
property_update,501,0.698833
property_update,502,0.722159
property_update,503,0.701387
property_update,504,0.757171
property_update,505,0.695127
property_update,506,0.751262
property_update,507,0.734627
property_update,508,0.703089
property_update,509,0.685383
property_update,510,0.810952
property_update,511,0.763390
property_update,512,0.773946
property_update,513,0.699234
property_update,514,0.679334
property_update,515,0.703550
property_update,516,0.688768
property_update,517,0.692784
property_update,518,0.704361
property_update,519,0.694987
property_update,520,0.676690
property_update,521,0.683931
property_update,522,0.696670
property_update,523,0.691342
property_update,524,0.694827
property_update,525,0.688017
property_update,526,0.687756
property_update,527,0.774888
property_update,528,0.716280
property_update,529,0.700285
property_update,530,0.693025
property_update,531,0.671072
property_update,532,0.770011
property_update,533,0.713495
property_update,534,0.697181
property_update,535,0.680155
property_update,536,0.704231
property_update,537,0.696570
property_update,538,0.676380
property_update,539,0.701016
property_update,540,0.716670
property_update,541,0.730330
property_update,542,0.679924
property_update,543,0.691913
property_update,544,0.665302
property_update,545,0.664371
property_update,546,0.705032
property_update,547,0.711111
property_update,548,0.693245
property_update,549,0.706635
property_update,550,0.806486
property_update,551,0.785974
property_update,552,0.737622
property_update,553,0.719324
property_update,554,0.708999
property_update,555,0.723480
property_update,556,0.681177
property_update,557,0.667415
property_update,558,0.699905
property_update,559,0.680906
property_update,560,0.661597
property_update,561,0.690150
property_update,562,0.690781
property_update,563,0.662599
property_update,564,0.676259
property_update,565,0.693175
property_update,566,0.653254
property_update,567,0.730481
property_update,568,0.743370
property_update,569,0.745333
property_update,570,0.678983
property_update,571,0.698883
property_update,572,0.697200
property_update,573,0.705393
property_update,574,0.707285
property_update,575,0.716931
property_update,576,0.705513
property_update,577,0.677241
property_update,578,0.694477
property_update,579,0.704822
property_update,580,0.699203
property_update,581,0.679354
property_update,582,0.808959
property_update,583,0.800085
property_update,584,0.681817
property_update,585,0.702418
property_update,586,0.855429
property_update,587,0.693906
property_update,588,0.682879
property_update,589,0.709469
property_update,590,0.702809
property_update,591,1.134200
property_update,592,0.760195
property_update,593,0.739495
property_update,594,0.727256
property_update,595,0.690891
property_update,596,0.716701
property_update,597,0.737421
property_update,598,0.699635
property_update,599,0.711832
property_update,600,0.708588
property_update,601,0.692043
property_update,602,0.695248
property_update,603,0.714307
property_update,604,0.763861
property_update,605,0.701808
property_update,606,0.683400
property_update,607,0.722760
property_update,608,0.714106
property_update,609,0.701958
property_update,610,0.695037
property_update,611,0.720556
property_update,612,0.706144
property_update,613,0.713616
property_update,614,0.799915
property_update,615,0.744673
property_update,616,0.697612
property_update,617,0.693966
property_update,618,0.891543
property_update,619,0.876601
property_update,620,0.818874
property_update,621,0.737572
property_update,622,0.686384
property_update,623,0.715448
property_update,624,0.704592
property_update,625,0.680796
property_update,626,0.704522
property_update,627,0.717872
property_update,628,0.694637
property_update,629,0.698082
property_update,630,0.708678
property_update,631,0.778473
property_update,632,0.767297
property_update,633,0.756581
property_update,634,0.761678
property_update,635,0.822469
property_update,636,0.727797
property_update,637,0.677491
property_update,638,0.680886
property_update,639,0.736480
property_update,640,0.759535
property_update,641,0.718693
property_update,642,0.710331
property_update,643,0.739986
property_update,644,0.732704
property_update,645,0.708217
property_update,646,0.670130
property_update,647,0.706314
property_update,648,0.740867
property_update,649,0.807086
property_update,650,0.690701
property_update,651,0.705544
property_update,652,0.752394
property_update,653,0.744682
property_update,654,0.696650
property_update,655,0.787767
property_update,656,0.716740
property_update,657,0.732745
property_update,658,0.694547
property_update,659,0.708838
property_update,660,0.789580
property_update,661,0.689008
property_update,662,0.704042
property_update,663,0.755299
property_update,664,0.697541
property_update,665,0.717562
property_update,666,0.700156
property_update,667,0.712193
property_update,668,0.685223
property_update,669,0.694787
property_update,670,0.692694
property_update,671,0.658031
property_update,672,0.676940
property_update,673,0.689850
property_update,674,0.700876
property_update,675,0.701047
property_update,676,0.701367
property_update,677,0.730882
property_update,678,0.696599
property_update,679,0.694256
property_update,680,0.710250
property_update,681,0.723289
property_update,682,0.773226
property_update,683,0.724081
property_update,684,0.748718
property_update,685,0.710070
property_update,686,0.684521
property_update,687,0.671742
property_update,688,0.717642
property_update,689,0.720516
property_update,690,0.671902
property_update,691,0.697912
property_update,692,0.713265
property_update,693,0.680846
property_update,694,0.739855
property_update,695,0.703660
property_update,696,0.706314
property_update,697,0.725443
property_update,698,0.709790
property_update,699,0.715448
property_update,700,0.693244
property_update,701,0.677351
property_update,702,0.690310
property_update,703,0.699975
property_update,704,0.670210
property_update,705,0.665694
property_update,706,0.706165
property_update,707,0.669889
property_update,708,0.701267
property_update,709,0.719845
property_update,710,0.709399
property_update,711,0.685413
property_update,712,0.690300
property_update,713,0.700586
property_update,714,0.703520
property_update,715,0.679223
property_update,716,0.688718
property_update,717,0.692614
property_update,718,0.668318
property_update,719,0.774367
property_update,720,0.715258
property_update,721,0.690500
property_update,722,0.693886
property_update,723,0.703129
property_update,724,0.702028
property_update,725,0.686495
property_update,726,0.713185
property_update,727,0.699875
property_update,728,0.712875
property_update,729,0.737933
property_update,730,0.714908
property_update,731,0.726214
property_update,732,0.705062
property_update,733,0.695138
property_update,734,0.718623
property_update,735,0.711563
property_update,736,0.692113
property_update,737,0.769450
property_update,738,0.739525
property_update,739,0.748377
property_update,740,0.655557
property_update,741,1.511728
property_update,742,0.709159
property_update,743,0.675468
property_update,744,0.713846
property_update,745,0.735429
property_update,746,0.694907
property_update,747,0.676329
property_update,748,0.690651
property_update,749,0.665022
property_update,750,0.668077
property_update,751,0.667345
property_update,752,0.696690
property_update,753,0.671993
property_update,754,0.685253
property_update,755,0.796050
property_update,756,0.672764
property_update,757,0.675528
property_update,758,0.678623
property_update,759,0.713095
property_update,760,0.674537
property_update,761,0.683520
property_update,762,0.746795
property_update,763,0.704482
property_update,764,0.700887
property_update,765,0.714196
property_update,766,0.701167
property_update,767,0.693425
property_update,768,0.839685
property_update,769,0.704031
property_update,770,0.754237
property_update,771,0.689650
property_update,772,0.670811
property_update,773,0.689649
property_update,774,0.651852
property_update,775,0.663380
property_update,776,0.685313
property_update,777,0.650049
property_update,778,0.767436
property_update,779,0.696039
property_update,780,0.711422
property_update,781,0.699264
property_update,782,0.662378
property_update,783,0.741127
property_update,784,0.700326
property_update,785,0.729439
property_update,786,0.722970
property_update,787,0.722980
property_update,788,0.766014
property_update,789,0.719975
property_update,790,0.678482
property_update,791,0.685743
property_update,792,0.673575
property_update,793,0.646114
property_update,794,0.711563
property_update,795,0.673775
property_update,796,0.662799
property_update,797,0.673725
property_update,798,0.692304
property_update,799,0.669068
property_update,800,0.681277
property_update,801,0.672493
property_update,802,0.635769
property_update,803,0.657871
property_update,804,0.668848
property_update,805,0.650070
property_update,806,0.921708
property_update,807,0.754367
property_update,808,0.755078
property_update,809,0.739094
property_update,810,0.743340
property_update,811,0.718182
property_update,812,0.712654
property_update,813,0.718313
property_update,814,0.696940
property_update,815,0.675268
property_update,816,0.723601
property_update,817,0.848849
property_update,818,0.692514
property_update,819,0.721026
property_update,820,0.690221
property_update,821,0.722689
property_update,822,0.689259
property_update,823,0.691192
property_update,824,0.720255
property_update,825,0.705934
property_update,826,0.691773
property_update,827,0.735088
property_update,828,0.700765
property_update,829,0.682569
property_update,830,0.670881
property_update,831,0.702058
property_update,832,0.721627
property_update,833,0.684461
property_update,834,0.706826
property_update,835,0.685544
property_update,836,0.679795
property_update,837,0.704271
property_update,838,0.711683
property_update,839,0.728728
property_update,840,0.685994
property_update,841,0.710410
property_update,842,0.720386
property_update,843,0.693825
property_update,844,0.788087
property_update,845,0.711011
property_update,846,0.694016
property_update,847,0.672093
property_update,848,0.693244
property_update,849,0.749620
property_update,850,0.710521
property_update,851,0.689789
property_update,852,0.695538
property_update,853,0.698933
property_update,854,0.665864
property_update,855,0.701437
property_update,856,0.733355
property_update,857,0.678403
property_update,858,0.750311
property_update,859,0.729340
property_update,860,0.696340
property_update,861,0.711262
property_update,862,0.713255
property_update,863,0.699615
property_update,864,0.729830
property_update,865,0.700455
property_update,866,0.711723
property_update,867,0.709009
property_update,868,0.687616
property_update,869,0.684592
property_update,870,0.783611
property_update,871,0.766806
property_update,872,0.713455
property_update,873,0.723871
property_update,874,0.691572
property_update,875,0.728518
property_update,876,0.697090
property_update,877,0.707246
property_update,878,0.722138
property_update,879,0.773586
property_update,880,0.728117
property_update,881,0.737001
property_update,882,0.747947
property_update,883,0.725764
property_update,884,0.716119
property_update,885,0.697311
property_update,886,0.729660
property_update,887,0.703510
property_update,888,0.674096
property_update,889,0.693284
property_update,890,0.703360
property_update,891,0.705874
property_update,892,1.352118
property_update,893,0.754377
property_update,894,0.786746
property_update,895,0.685653
property_update,896,0.730140
property_update,897,0.717772
property_update,898,0.711692
property_update,899,0.821619
property_update,900,0.724251
property_update,901,0.722449
property_update,902,0.681487
property_update,903,0.728147
property_update,904,0.717101
property_update,905,0.679765
property_update,906,0.706545
property_update,907,0.752194
property_update,908,0.730642
property_update,909,0.681277
property_update,910,0.680886
property_update,911,0.695769
property_update,912,0.680655
property_update,913,0.693245
property_update,914,0.716320
property_update,915,0.715038
property_update,916,0.683150
property_update,917,0.794266
property_update,918,0.744010
property_update,919,0.755008
property_update,920,0.678432
property_update,921,0.706795
property_update,922,0.754538
property_update,923,0.750130
property_update,924,0.765974
property_update,925,0.683931
property_update,926,0.704661
property_update,927,0.690601
property_update,928,0.712794
property_update,929,0.717211
property_update,930,0.717512
property_update,931,0.683510
property_update,932,0.692984
property_update,933,0.695047
property_update,934,0.758623
property_update,935,0.708938
property_update,936,0.682238
property_update,937,0.694286
property_update,938,0.691342
property_update,939,0.692193
property_update,940,0.702990
property_update,941,0.717211
property_update,942,0.683350
property_update,943,0.682649
property_update,944,0.696490
property_update,945,0.670771
property_update,946,0.669499
property_update,947,0.687797
property_update,948,0.725093
property_update,949,0.694646
property_update,950,0.715999
property_update,951,0.708538
property_update,952,0.678192
property_update,953,0.684581
property_update,954,0.682930
property_update,955,0.727567
property_update,956,0.708618
property_update,957,0.707016
property_update,958,0.697922
property_update,959,0.691242
property_update,960,0.845905
property_update,961,0.689398
property_update,962,0.755319
property_update,963,0.723651
property_update,964,0.683079
property_update,965,0.695949
property_update,966,0.696310
property_update,967,0.711652
property_update,968,0.700215
property_update,969,0.698083
property_update,970,0.724051
property_update,971,0.706094
property_update,972,0.694847
property_update,973,0.811032
property_update,974,0.726935
property_update,975,0.701247
property_update,976,0.695197
property_update,977,0.722509
property_update,978,0.699965
property_update,979,0.686264
property_update,980,0.688327
property_update,981,0.769721
property_update,982,0.711792
property_update,983,0.727646
property_update,984,0.711983
property_update,985,0.754918
property_update,986,0.690060
property_update,987,0.756480
property_update,988,0.707857
property_update,989,0.705584
property_update,990,0.696911
property_update,991,0.694797
property_update,992,0.707746
property_update,993,0.675588
property_update,994,0.686034
property_update,995,0.774087
property_update,996,0.730010
property_update,997,0.668207
property_update,998,0.686995
property_update,999,0.800397
property_update,1000,0.812073
property_update,1001,0.740126
property_update,1002,0.726645
property_update,1003,0.751272
property_update,1004,0.762689
property_update,1005,0.694666
property_update,1006,0.705834
property_update,1007,0.694987
property_update,1008,0.737652
property_update,1009,0.709559
property_update,1010,0.694086
property_update,1011,0.789169
property_update,1012,0.785955
property_update,1013,0.695128
property_update,1014,0.688948
property_update,1015,0.714907
property_update,1016,0.736990
property_update,1017,0.718713
property_update,1018,0.691942
property_update,1019,0.711021
property_update,1020,0.713555
property_update,1021,0.685343
property_update,1022,0.675898
property_update,1023,0.713416
property_update,1024,0.713466
property_update,1025,0.710601
property_update,1026,0.706264
property_update,1027,0.706946
property_update,1028,0.676139
property_update,1029,0.710080
property_update,1030,0.716670
property_update,1031,0.792163
property_update,1032,0.692884
property_update,1033,0.705013
property_update,1034,0.787807
property_update,1035,0.680896
property_update,1036,0.679274
property_update,1037,0.689920
property_update,1038,0.720305
property_update,1039,0.695478
property_update,1040,0.684692
property_update,1041,0.701377
property_update,1042,0.810832
property_update,1043,1.286909
property_update,1044,0.741527
property_update,1045,0.725524
property_update,1046,0.698333
property_update,1047,0.733165
property_update,1048,0.721568
property_update,1049,0.790652
property_update,1050,0.684882
property_update,1051,0.727236
property_update,1052,0.717872
property_update,1053,0.674777
property_update,1054,0.688357
property_update,1055,0.713195
property_update,1056,0.695148
property_update,1057,0.687806
property_update,1058,0.723210
property_update,1059,0.728488
property_update,1060,0.693696
property_update,1061,0.686565
property_update,1062,0.714707
property_update,1063,0.695248
property_update,1064,0.733135
property_update,1065,0.755819
property_update,1066,0.723270
property_update,1067,0.704191
property_update,1068,0.685222
property_update,1069,0.717832
property_update,1070,0.724422
property_update,1071,0.752804
property_update,1072,0.685112
property_update,1073,0.709860
property_update,1074,0.716630
property_update,1075,0.811654
property_update,1076,0.697741
property_update,1077,0.713195
property_update,1078,0.709138
property_update,1079,0.673415
property_update,1080,0.684943
property_update,1081,0.724632
property_update,1082,0.682198
property_update,1083,0.677771
property_update,1084,0.699965
property_update,1085,0.807627
property_update,1086,0.875800
property_update,1087,0.832304
property_update,1088,0.704301
property_update,1089,0.704291
property_update,1090,0.727526
property_update,1091,0.699584
property_update,1092,0.776530
property_update,1093,0.886055
property_update,1094,0.724482
property_update,1095,0.734237
property_update,1096,0.692444
property_update,1097,0.685053
property_update,1098,0.724462
property_update,1099,0.682188
property_update,1100,0.689940
property_update,1101,0.703480
property_update,1102,0.727346
property_update,1103,0.691262
property_update,1104,0.688348
property_update,1105,0.708367
property_update,1106,0.701688
property_update,1107,0.715859
property_update,1108,0.729369
property_update,1109,0.728357
property_update,1110,0.711733
property_update,1111,0.684121
property_update,1112,0.747687
property_update,1113,0.726325
property_update,1114,0.692634
property_update,1115,0.687496
property_update,1116,0.734927
property_update,1117,0.749490
property_update,1118,0.785494
property_update,1119,0.687015
property_update,1120,0.699023
property_update,1121,0.683651
property_update,1122,0.679564
property_update,1123,0.677241
property_update,1124,0.759775
property_update,1125,0.704882
property_update,1126,0.708808
property_update,1127,0.690340
property_update,1128,0.696149
property_update,1129,0.682649
property_update,1130,0.719734
property_update,1131,0.711512
property_update,1132,0.684332
property_update,1133,0.672614
property_update,1134,0.668487
property_update,1135,0.690340
property_update,1136,0.658192
property_update,1137,0.675829
property_update,1138,0.673625
property_update,1139,0.648036
property_update,1140,0.700676
property_update,1141,0.683640
property_update,1142,0.669619
property_update,1143,0.665804
property_update,1144,0.811343
property_update,1145,0.761427
property_update,1146,0.761007
property_update,1147,0.709188
property_update,1148,0.732594
property_update,1149,0.721998
property_update,1150,0.766284
property_update,1151,0.703591
property_update,1152,0.689790
property_update,1153,0.719535
property_update,1154,0.734878
property_update,1155,0.713886
property_update,1156,0.778893
property_update,1157,0.726556
property_update,1158,0.700816
property_update,1159,0.687757
property_update,1160,0.708067
property_update,1161,0.672814
property_update,1162,0.691081
property_update,1163,0.687737
property_update,1164,0.700145
property_update,1165,0.676981
property_update,1166,0.697131
property_update,1167,0.776199
property_update,1168,0.743941
property_update,1169,0.732624
property_update,1170,0.699404
property_update,1171,0.710591
property_update,1172,0.781858
property_update,1173,0.677901
property_update,1174,0.738804
property_update,1175,0.710761
property_update,1176,0.701797
property_update,1177,0.689079
property_update,1178,0.702239
property_update,1179,0.777682
property_update,1180,0.734838
property_update,1181,0.823231
property_update,1182,0.753305
property_update,1183,0.775659
property_update,1184,0.727456
property_update,1185,0.706876
property_update,1186,0.686204
property_update,1187,0.698482
property_update,1188,0.732844
property_update,1189,0.693355
property_update,1190,0.769169
property_update,1191,0.717131
property_update,1192,0.715828
property_update,1193,1.188601
property_update,1194,0.732524
property_update,1195,0.688838
property_update,1196,0.698963
property_update,1197,0.733295
property_update,1198,0.706234
property_update,1199,0.713275
property_update,1200,0.688799
property_update,1201,0.738863
property_update,1202,0.714246
property_update,1203,0.700015
property_update,1204,0.756160
property_update,1205,0.721457
property_update,1206,0.712794
property_update,1207,0.732584
property_update,1208,0.726284
property_update,1209,0.723521
property_update,1210,0.785864
property_update,1211,0.662849
property_update,1212,0.702098
property_update,1213,0.670701
property_update,1214,0.712294
property_update,1215,0.711222
property_update,1216,0.772154
property_update,1217,0.729269
property_update,1218,0.736861
property_update,1219,0.727246
property_update,1220,0.731872
property_update,1221,0.705844
property_update,1222,0.682218
property_update,1223,0.702078
property_update,1224,0.716680
property_update,1225,0.676890
property_update,1226,0.688297
property_update,1227,0.712494
property_update,1228,0.707046
property_update,1229,0.669730
property_update,1230,0.726315
property_update,1231,0.730561
property_update,1232,0.703149
property_update,1233,0.690972
property_update,1234,0.690941
property_update,1235,0.701186
property_update,1236,0.722529
property_update,1237,0.731883
property_update,1238,0.719904
property_update,1239,0.709409
property_update,1240,0.702509
property_update,1241,0.698392
property_update,1242,0.855239
property_update,1243,0.756780
property_update,1244,0.757522
property_update,1245,0.706655
property_update,1246,0.713385
property_update,1247,0.735358
property_update,1248,0.686795
property_update,1249,0.733836
property_update,1250,0.734656
property_update,1251,0.738924
property_update,1252,0.662468
property_update,1253,0.709980
property_update,1254,0.718162
property_update,1255,0.695908
property_update,1256,0.682549
property_update,1257,0.748228
property_update,1258,0.924494
property_update,1259,0.902510
property_update,1260,0.930723
property_update,1261,0.738504
property_update,1262,0.711292
property_update,1263,0.708859
property_update,1264,0.715589
property_update,1265,0.709269
property_update,1266,0.676460
property_update,1267,0.704442
property_update,1268,0.705914
property_update,1269,0.673335
property_update,1270,0.750782
property_update,1271,0.821819
property_update,1272,0.730551
property_update,1273,0.715579
property_update,1274,0.722839
property_update,1275,0.759375
property_update,1276,0.693004
property_update,1277,0.646194
property_update,1278,0.692384
property_update,1279,0.746995
property_update,1280,0.709569
property_update,1281,0.663590
property_update,1282,1.119727
property_update,1283,0.656619
property_update,1284,0.683490
property_update,1285,0.645162
property_update,1286,0.769861
property_update,1287,0.692944
property_update,1288,0.708909
property_update,1289,0.676790
property_update,1290,0.690721
property_update,1291,0.714087
property_update,1292,0.686434
property_update,1293,0.667566
property_update,1294,0.700956
property_update,1295,0.701567
property_update,1296,0.701969
property_update,1297,0.689719
property_update,1298,0.705564
property_update,1299,0.709088
property_update,1300,0.698052
property_update,1301,0.733845
property_update,1302,0.728517
property_update,1303,0.679334
property_update,1304,0.699884
property_update,1305,0.694397
property_update,1306,0.671933
property_update,1307,0.676640
property_update,1308,0.684402
property_update,1309,0.706495
property_update,1310,0.667586
property_update,1311,0.673945
property_update,1312,0.701146
property_update,1313,0.698232
property_update,1314,0.689499
property_update,1315,0.689760
property_update,1316,0.713906
property_update,1317,0.730021
property_update,1318,0.702408
property_update,1319,0.800126
property_update,1320,0.737892
property_update,1321,0.754517
property_update,1322,0.742509
property_update,1323,0.732074
property_update,1324,0.755508
property_update,1325,0.743581
property_update,1326,0.714997
property_update,1327,0.752775
property_update,1328,0.730110
property_update,1329,0.727757
property_update,1330,0.856951
property_update,1331,0.717151
property_update,1332,0.717872
property_update,1333,0.700155
property_update,1334,0.690240
property_update,1335,0.682949
property_update,1336,0.717481
property_update,1337,0.683470
property_update,1338,0.696780
property_update,1339,0.697912
property_update,1340,0.672544
property_update,1341,0.687346
property_update,1342,0.689779
property_update,1343,1.042952
property_update,1344,0.779494
property_update,1345,0.715789
property_update,1346,0.702027
property_update,1347,0.700996
property_update,1348,0.721788
property_update,1349,0.684722
property_update,1350,0.679013
property_update,1351,0.714157
property_update,1352,0.683260
property_update,1353,0.706455
property_update,1354,0.678713
property_update,1355,0.726746
property_update,1356,0.759144
property_update,1357,0.695018
property_update,1358,0.696429
property_update,1359,0.740756
property_update,1360,0.683710
property_update,1361,0.679955
property_update,1362,0.696430
property_update,1363,0.717361
property_update,1364,0.741637
property_update,1365,0.728147
property_update,1366,0.751592
property_update,1367,0.696029
property_update,1368,0.693886
property_update,1369,0.758423
property_update,1370,0.787217
property_update,1371,0.731302
property_update,1372,0.689529
property_update,1373,0.718402
property_update,1374,0.729400
property_update,1375,0.707496
property_update,1376,0.669539
property_update,1377,0.870893
property_update,1378,0.708778
property_update,1379,0.710751
property_update,1380,0.731082
property_update,1381,0.711983
property_update,1382,0.720436
property_update,1383,0.690881
property_update,1384,0.737632
property_update,1385,0.742790
property_update,1386,0.728548
property_update,1387,0.707085
property_update,1388,0.705343
property_update,1389,0.713115
property_update,1390,0.706264
property_update,1391,0.688487
property_update,1392,0.700355
property_update,1393,0.730070
property_update,1394,0.684742
property_update,1395,0.680986
property_update,1396,0.700075
property_update,1397,0.713245
property_update,1398,0.680596
property_update,1399,0.677400
property_update,1400,0.703520
property_update,1401,0.725823
property_update,1402,0.688158
property_update,1403,0.754567
property_update,1404,0.705463
property_update,1405,0.693856
property_update,1406,0.680205
property_update,1407,0.763290
property_update,1408,0.818704
property_update,1409,0.726776
property_update,1410,0.762329
property_update,1411,0.747837
property_update,1412,0.738734
property_update,1413,0.680085
property_update,1414,0.693565
property_update,1415,0.737522
property_update,1416,0.732233
property_update,1417,0.698643
property_update,1418,0.676889
property_update,1419,0.698743
property_update,1420,0.733325
property_update,1421,0.729039
property_update,1422,0.742759
property_update,1423,0.706845
property_update,1424,0.713445
property_update,1425,0.682379
property_update,1426,0.718573
property_update,1427,0.704672
property_update,1428,0.710821
property_update,1429,0.677551
property_update,1430,0.707466
property_update,1431,0.734747
property_update,1432,0.699074
property_update,1433,0.685813
property_update,1434,0.708518
property_update,1435,0.693656
property_update,1436,0.704682
property_update,1437,0.707326
property_update,1438,0.738263
property_update,1439,0.709109
property_update,1440,0.744262
property_update,1441,0.722439
property_update,1442,0.736350
property_update,1443,0.720596
property_update,1444,0.693835
property_update,1445,0.700686
property_update,1446,0.711492
property_update,1447,0.748268
property_update,1448,0.728518
property_update,1449,0.768809
property_update,1450,0.841438
property_update,1451,0.872604
property_update,1452,0.720515
property_update,1453,0.735178
property_update,1454,0.701807
property_update,1455,0.756570
property_update,1456,0.710471
property_update,1457,0.702349
property_update,1458,0.704812
property_update,1459,0.706134
property_update,1460,0.686444
property_update,1461,0.716730
property_update,1462,0.709771
property_update,1463,0.669239
property_update,1464,0.694687
property_update,1465,0.714016
property_update,1466,0.717100
property_update,1467,0.698482
property_update,1468,0.706585
property_update,1469,0.721417
property_update,1470,0.698833
property_update,1471,0.710942
property_update,1472,0.720155
property_update,1473,0.713155
property_update,1474,0.742549
property_update,1475,0.713094
property_update,1476,0.833987
property_update,1477,0.739945
property_update,1478,0.677090
property_update,1479,0.696700
property_update,1480,0.695238
property_update,1481,0.714077
property_update,1482,0.685283
property_update,1483,0.740907
property_update,1484,0.761928
property_update,1485,0.735739
property_update,1486,0.698824
property_update,1487,0.685382
property_update,1488,0.737502
property_update,1489,0.712544
property_update,1490,0.674647
property_update,1491,0.725203
property_update,1492,1.587392
property_update,1493,0.733496
property_update,1494,0.686054
property_update,1495,0.786225
property_update,1496,0.719514
property_update,1497,0.706484
property_update,1498,0.706194
property_update,1499,0.720666
property_update,1500,0.699684
property_update,1501,0.704442
property_update,1502,0.718633
property_update,1503,0.740606
property_update,1504,0.715328
property_update,1505,0.680896
property_update,1506,0.710051
property_update,1507,0.710050
property_update,1508,0.706825
property_update,1509,0.702859
property_update,1510,0.703550
property_update,1511,0.728668
property_update,1512,0.863832
property_update,1513,0.739194
property_update,1514,0.722959
property_update,1515,0.744241
property_update,1516,0.739374
property_update,1517,0.749310
property_update,1518,0.708248
property_update,1519,0.717100
property_update,1520,0.718843
property_update,1521,0.718633
property_update,1522,0.729269
property_update,1523,0.726906
property_update,1524,0.734797
property_update,1525,0.705543
property_update,1526,0.716279
property_update,1527,0.710220
property_update,1528,0.702899
property_update,1529,0.768429
property_update,1530,0.719014
property_update,1531,0.721427
property_update,1532,0.719995
property_update,1533,0.721467
property_update,1534,0.837402
property_update,1535,0.775058
property_update,1536,0.691062
property_update,1537,0.726545
property_update,1538,0.727847
property_update,1539,0.733947
property_update,1540,0.703149
property_update,1541,0.683390
property_update,1542,0.696700
property_update,1543,0.704943
property_update,1544,0.686765
property_update,1545,0.715118
property_update,1546,0.732313
property_update,1547,0.754427
property_update,1548,0.852875
property_update,1549,0.710580
property_update,1550,0.738433
property_update,1551,0.717801
property_update,1552,0.755759
property_update,1553,0.727397
property_update,1554,0.708138
property_update,1555,0.770571
property_update,1556,0.725975
property_update,1557,0.709099
property_update,1558,0.724081
property_update,1559,0.719624
property_update,1560,0.731092
property_update,1561,0.681678
property_update,1562,0.727987
property_update,1563,0.703150
property_update,1564,0.698333
property_update,1565,0.713535
property_update,1566,0.710031
property_update,1567,0.704932
property_update,1568,0.675358
property_update,1569,0.704652
property_update,1570,0.709329
property_update,1571,0.680015
property_update,1572,0.708899
property_update,1573,0.832294
property_update,1574,0.720395
property_update,1575,0.675968
property_update,1576,0.718744
property_update,1577,0.727927
property_update,1578,0.705494
property_update,1579,0.704151
property_update,1580,0.714837
property_update,1581,0.714476
property_update,1582,0.696039
property_update,1583,0.719915
property_update,1584,0.730381
property_update,1585,0.745904
property_update,1586,0.748839
property_update,1587,0.761648
property_update,1588,0.687166
property_update,1589,0.727306
property_update,1590,0.698453
property_update,1591,0.691833
property_update,1592,0.699014
property_update,1593,0.704912
property_update,1594,0.678994
property_update,1595,0.775368
property_update,1596,0.711652
property_update,1597,0.700184
property_update,1598,0.726235
property_update,1599,0.725824
property_update,1600,0.707366
property_update,1601,0.706315
property_update,1602,0.690711
property_update,1603,0.713906
property_update,1604,0.747346
property_update,1605,0.739665
property_update,1606,0.685883
property_update,1607,0.743781
property_update,1608,0.709169
property_update,1609,0.692984
property_update,1610,0.695437
property_update,1611,0.719474
property_update,1612,0.701737
property_update,1613,0.701618
property_update,1614,0.706684
property_update,1615,0.726015
property_update,1616,0.675528
property_update,1617,0.677942
property_update,1618,0.697942
property_update,1619,0.718773
property_update,1620,0.693485
property_update,1621,0.679264
property_update,1622,0.820367
property_update,1623,0.731872
property_update,1624,0.709710
property_update,1625,0.711281
property_update,1626,0.710191
property_update,1627,0.712383
property_update,1628,0.726766
property_update,1629,0.697982
property_update,1630,0.704973
property_update,1631,0.692162
property_update,1632,0.678983
property_update,1633,0.695578
property_update,1634,0.675929
property_update,1635,0.726604
property_update,1636,0.679915
property_update,1637,0.755338
property_update,1638,0.697942
property_update,1639,0.647926
property_update,1640,0.697281
property_update,1641,1.251305
property_update,1642,0.781407
property_update,1643,0.718533
property_update,1644,0.678102
property_update,1645,0.698814
property_update,1646,0.803571
property_update,1647,0.694417
property_update,1648,0.671282
property_update,1649,0.707947
property_update,1650,0.713916
property_update,1651,0.688137
property_update,1652,0.693465
property_update,1653,0.704111
property_update,1654,0.724722
property_update,1655,0.719254
property_update,1656,0.942871
property_update,1657,0.733756
property_update,1658,0.762680
property_update,1659,0.754407
property_update,1660,0.792584
property_update,1661,0.714467
property_update,1662,0.748508
property_update,1663,0.708037
property_update,1664,0.698933
property_update,1665,0.690670
property_update,1666,0.719424
property_update,1667,0.727617
property_update,1668,0.688838
property_update,1669,0.721818
property_update,1670,0.731602
property_update,1671,0.684531
property_update,1672,0.774287
property_update,1673,0.753166
property_update,1674,0.718392
property_update,1675,0.680125
property_update,1676,0.675589
property_update,1677,0.692514
property_update,1678,0.690892
property_update,1679,0.658152
property_update,1680,0.680305
property_update,1681,0.684712
property_update,1682,0.669378
property_update,1683,0.723110
property_update,1684,0.684872
property_update,1685,0.649689
property_update,1686,0.673015
property_update,1687,0.706925
property_update,1688,0.700486
property_update,1689,0.678933
property_update,1690,0.705073
property_update,1691,0.717181
property_update,1692,0.670320
property_update,1693,0.673034
property_update,1694,0.705363
property_update,1695,0.695548
property_update,1696,0.659895
property_update,1697,0.709289
property_update,1698,0.709409
property_update,1699,0.694667
property_update,1700,0.779525
property_update,1701,0.681688
property_update,1702,0.758643
property_update,1703,0.733826
property_update,1704,0.703880
property_update,1705,0.800757
property_update,1706,0.737982
property_update,1707,0.709690
property_update,1708,0.684061
property_update,1709,0.708718
property_update,1710,0.700766
property_update,1711,0.699524
property_update,1712,0.682519
property_update,1713,0.716760
property_update,1714,0.679143
property_update,1715,0.702860
property_update,1716,0.700105
property_update,1717,0.713896
property_update,1718,0.691872
property_update,1719,0.761487
property_update,1720,0.716650
property_update,1721,0.731081
property_update,1722,0.707216
property_update,1723,0.683740
property_update,1724,0.705473
property_update,1725,0.688528
property_update,1726,0.685343
property_update,1727,0.731472
property_update,1728,0.788488
property_update,1729,0.688297
property_update,1730,0.684462
property_update,1731,0.704982
property_update,1732,0.726725
property_update,1733,0.698443
property_update,1734,0.688177
property_update,1735,0.721858
property_update,1736,0.721517
property_update,1737,0.747847
property_update,1738,0.689640
property_update,1739,0.714376
property_update,1740,0.809810
property_update,1741,0.753546
property_update,1742,1.052897
property_update,1743,0.754627
property_update,1744,0.743710
property_update,1745,0.732724
property_update,1746,0.761858
property_update,1747,1.073237
property_update,1748,0.920908
property_update,1749,0.808920
property_update,1750,1.167480
property_update,1751,1.137244
property_update,1752,0.928559
property_update,1753,0.876020
property_update,1754,1.085296
property_update,1755,0.804452
property_update,1756,0.768308
property_update,1757,0.721788
property_update,1758,0.876571
property_update,1759,0.783721
property_update,1760,0.796851
property_update,1761,0.790992
property_update,1762,0.729219
property_update,1763,0.781147
property_update,1764,0.738012
property_update,1765,0.733435
property_update,1766,0.785984
property_update,1767,0.670741
property_update,1768,0.700916
property_update,1769,0.711522
property_update,1770,0.687907
property_update,1771,0.660405
property_update,1772,0.707927
property_update,1773,0.687656
property_update,1774,0.658433
property_update,1775,0.687616
property_update,1776,0.680165
property_update,1777,0.677080
property_update,1778,0.671102
property_update,1779,0.820216
property_update,1780,0.827297
property_update,1781,0.841278
property_update,1782,0.851183
property_update,1783,1.001389
property_update,1784,1.077824
property_update,1785,0.937282
property_update,1786,0.914418
property_update,1787,0.821247
property_update,1788,0.885875
property_update,1789,0.754407
property_update,1790,0.943672
property_update,1791,0.901448
property_update,1792,0.867918
property_update,1793,0.887467
property_update,1794,0.868589
property_update,1795,0.815589
property_update,1796,0.827738
property_update,1797,0.796560
property_update,1798,0.728278
property_update,1799,0.708417
property_update,1800,0.747496
property_update,1801,0.745163
property_update,1802,0.765203
property_update,1803,0.746555
property_update,1804,0.716670
property_update,1805,0.782218
property_update,1806,0.742179
property_update,1807,0.748749
property_update,1808,0.750591
property_update,1809,0.754607
property_update,1810,0.959586
property_update,1811,1.007999
property_update,1812,0.959095
property_update,1813,0.996852
property_update,1814,0.770241
property_update,1815,0.945775
property_update,1816,0.797883
property_update,1817,0.757301
property_update,1818,0.778694
property_update,1819,0.733285
property_update,1820,0.755869
property_update,1821,0.810131
property_update,1822,0.793936
property_update,1823,0.801838
property_update,1824,0.725383
property_update,1825,1.117434
property_update,1826,0.779695
property_update,1827,0.881057
property_update,1828,0.760176
property_update,1829,0.725112
property_update,1830,0.756310
property_update,1831,0.985044
property_update,1832,0.986797
property_update,1833,0.883120
property_update,1834,0.930873
property_update,1835,0.966697
property_update,1836,0.954298
property_update,1837,0.812004
property_update,1838,0.807146
property_update,1839,0.785214
property_update,1840,0.745533
property_update,1841,0.739264
property_update,1842,0.738733
property_update,1843,0.746525
property_update,1844,0.727307
property_update,1845,0.735048
property_update,1846,0.971464
property_update,1847,0.753706
property_update,1848,1.009822
property_update,1849,0.844853
property_update,1850,0.735028
property_update,1851,1.099948
property_update,1852,0.773576
property_update,1853,0.751522
property_update,1854,0.721928
property_update,1855,0.982131
property_update,1856,0.972636
property_update,1857,0.975891
property_update,1858,1.873243
property_update,1859,1.053457
property_update,1860,0.965936
property_update,1861,0.912715
property_update,1862,0.853296
property_update,1863,0.914107
property_update,1864,0.943943
property_update,1865,0.907357
property_update,1866,0.937242
property_update,1867,0.901949
property_update,1868,0.962520
property_update,1869,1.006046
property_update,1870,0.922240
property_update,1871,1.006677
property_update,1872,0.908760
property_update,1873,1.011534
property_update,1874,0.881979
property_update,1875,1.066327
property_update,1876,0.929751
property_update,1877,0.861469
property_update,1878,0.967648
property_update,1879,0.777592
property_update,1880,0.864343
property_update,1881,0.852585
property_update,1882,0.831714
property_update,1883,0.852925
property_update,1884,0.916442
property_update,1885,0.877152
property_update,1886,0.856482
property_update,1887,0.799404
property_update,1888,0.998034
property_update,1889,0.958334
property_update,1890,1.094079
property_update,1891,0.989762
property_update,1892,0.817091
property_update,1893,0.758683
property_update,1894,0.806566
property_update,1895,0.927308
property_update,1896,0.924593
property_update,1897,0.717882
property_update,1898,0.715418
property_update,1899,0.755549
property_update,1900,0.718793
property_update,1901,0.695759
property_update,1902,0.700436
property_update,1903,0.720626
property_update,1904,0.713906
property_update,1905,0.703690
property_update,1906,0.726545
property_update,1907,0.693035
property_update,1908,1.259638
property_update,1909,0.761989
property_update,1910,0.715057
property_update,1911,0.716379
property_update,1912,0.770231
property_update,1913,0.778994
property_update,1914,0.762148
property_update,1915,0.716590
property_update,1916,0.704222
property_update,1917,0.723150
property_update,1918,0.768458
property_update,1919,0.779395
property_update,1920,0.690290
property_update,1921,0.702689
property_update,1922,0.807857
property_update,1923,0.712403
property_update,1924,0.681797
property_update,1925,0.772785
property_update,1926,0.705914
property_update,1927,0.700406
property_update,1928,0.722128
property_update,1929,0.705984
property_update,1930,0.723410
property_update,1931,0.712784
property_update,1932,0.704572
property_update,1933,0.714927
property_update,1934,0.732233
property_update,1935,0.766966
property_update,1936,0.691192
property_update,1937,0.712994
property_update,1938,0.732554
property_update,1939,0.683820
property_update,1940,0.689209
property_update,1941,0.743791
property_update,1942,0.688568
property_update,1943,0.684181
property_update,1944,0.728237
property_update,1945,0.749640
property_update,1946,0.739845
property_update,1947,0.754728
property_update,1948,0.910162
property_update,1949,0.824203
property_update,1950,0.768147
property_update,1951,0.718443
property_update,1952,0.713275
property_update,1953,0.799505
property_update,1954,0.795919
property_update,1955,0.745564
property_update,1956,0.704451
property_update,1957,0.699054
property_update,1958,0.701357
property_update,1959,0.692073
property_update,1960,0.669670
property_update,1961,0.679945
property_update,1962,0.720286
property_update,1963,0.691602
property_update,1964,0.683911
property_update,1965,0.710681
property_update,1966,0.670681
property_update,1967,0.675197
property_update,1968,0.687496
property_update,1969,0.696980
property_update,1970,0.740406
property_update,1971,0.711032
property_update,1972,0.711272
property_update,1973,0.716279
property_update,1974,0.688748
property_update,1975,0.700195
property_update,1976,0.707916
property_update,1977,0.717331
property_update,1978,0.698603
property_update,1979,0.700015
property_update,1980,0.703570
property_update,1981,0.682879
property_update,1982,0.687526
property_update,1983,0.729730
property_update,1984,0.716169
property_update,1985,0.703159
property_update,1986,0.800736
property_update,1987,0.738112
property_update,1988,0.705904
property_update,1989,0.699454
property_update,1990,0.698072
property_update,1991,0.719424
property_update,1992,0.732835
property_update,1993,0.710530
property_update,1994,0.726895
property_update,1995,0.727736
property_update,1996,0.723350
property_update,1997,0.698553
property_update,1998,0.723220
property_update,1999,0.728117
consent_insert,0,3.949913
consent_insert,1,1.693923
consent_insert,2,1.631117
consent_insert,3,1.639471
consent_insert,4,1.621604
consent_insert,5,1.624788
consent_insert,6,1.357656
consent_insert,7,1.377646
consent_insert,8,1.359729
consent_insert,9,1.417587
consent_insert,10,1.337536
consent_insert,11,1.341932
consent_insert,12,1.355062
consent_insert,13,1.375493
consent_insert,14,1.338688
consent_insert,15,1.333500
consent_insert,16,1.355142
consent_insert,17,1.355993
consent_insert,18,1.354060
consent_insert,19,1.327040
consent_insert,20,1.354862
consent_insert,21,1.360791
consent_insert,22,1.346229
consent_insert,23,1.360611
consent_insert,24,1.400751
consent_insert,25,1.336344
consent_insert,26,1.454201
consent_insert,27,1.375192
consent_insert,28,1.361602
consent_insert,29,1.359389
consent_insert,30,1.331447
consent_insert,31,1.369223
consent_insert,32,1.315212
consent_insert,33,1.364026
consent_insert,34,1.331587
consent_insert,35,1.375172
consent_insert,36,1.394591
consent_insert,37,1.352058
consent_insert,38,1.349784
consent_insert,39,1.372147
consent_insert,40,1.341492
consent_insert,41,1.312919
consent_insert,42,1.378177
consent_insert,43,1.353851
consent_insert,44,1.359729
consent_insert,45,1.320370
consent_insert,46,1.365117
consent_insert,47,1.377346
consent_insert,48,1.341602
consent_insert,49,1.349854
consent_insert,50,1.345848
consent_insert,51,1.327991
consent_insert,52,1.342784
consent_insert,53,1.366709
consent_insert,54,1.327951
consent_insert,55,1.332188
consent_insert,56,1.332478
consent_insert,57,1.330745
consent_insert,58,1.365497
consent_insert,59,1.335252
consent_insert,60,1.313490
consent_insert,61,1.366149
consent_insert,62,1.343785
consent_insert,63,1.335813
consent_insert,64,1.344196
consent_insert,65,1.498047
consent_insert,66,1.353189
consent_insert,67,1.339899
consent_insert,68,1.367201
consent_insert,69,1.362874
consent_insert,70,1.338477
consent_insert,71,1.347681
consent_insert,72,1.416354
consent_insert,73,1.330525
consent_insert,74,1.367531
consent_insert,75,1.343174
consent_insert,76,1.405458
consent_insert,77,1.350636
consent_insert,78,1.337926
consent_insert,79,1.329564
consent_insert,80,1.335683
consent_insert,81,1.391047
consent_insert,82,1.383606
consent_insert,83,1.350866
consent_insert,84,1.357886
consent_insert,85,2.375680
consent_insert,86,1.441362
consent_insert,87,1.347671
consent_insert,88,1.348352
consent_insert,89,1.421713
consent_insert,90,1.336304
consent_insert,91,1.334301
consent_insert,92,1.410956
consent_insert,93,1.354641
consent_insert,94,1.428863
consent_insert,95,1.378548
consent_insert,96,1.387812
consent_insert,97,1.361823
consent_insert,98,1.363445
consent_insert,99,1.342053
consent_insert,100,1.313109
consent_insert,101,1.346900
consent_insert,102,1.331396
consent_insert,103,1.381171
consent_insert,104,1.328321
consent_insert,105,2.061166
consent_insert,106,1.385428
consent_insert,107,1.326128
consent_insert,108,1.316524
consent_insert,109,1.313560
consent_insert,110,1.344276
consent_insert,111,1.323104
consent_insert,112,1.361321
consent_insert,113,1.352929
consent_insert,114,1.308332
consent_insert,115,1.307421
consent_insert,116,1.339949
consent_insert,117,1.313730
consent_insert,118,1.318778
consent_insert,119,1.336114
consent_insert,120,1.311957
consent_insert,121,1.346339
consent_insert,122,1.340340
consent_insert,123,1.365518
consent_insert,124,1.317475
consent_insert,125,1.343585
consent_insert,126,1.341141
consent_insert,127,1.354601
consent_insert,128,1.360711
consent_insert,129,1.343354
consent_insert,130,1.378928
consent_insert,131,1.364947
consent_insert,132,1.336785
consent_insert,133,1.358397
consent_insert,134,1.375643
consent_insert,135,1.372027
consent_insert,136,1.325968
consent_insert,137,1.311907
consent_insert,138,1.322784
consent_insert,139,1.332278
consent_insert,140,1.377607
consent_insert,141,1.314261
consent_insert,142,1.364527
consent_insert,143,1.323395
consent_insert,144,1.347501
consent_insert,145,1.322623
consent_insert,146,1.323645
consent_insert,147,1.339108
consent_insert,148,1.355092
consent_insert,149,1.398497
consent_insert,150,1.357235
consent_insert,151,1.381922
consent_insert,152,1.372408
consent_insert,153,1.343715
consent_insert,154,1.330014
consent_insert,155,1.313310
consent_insert,156,1.314040
consent_insert,157,1.375563
consent_insert,158,1.327361
consent_insert,159,1.347952
consent_insert,160,1.330255
consent_insert,161,1.336253
consent_insert,162,1.319969
consent_insert,163,1.372278
consent_insert,164,1.369094
consent_insert,165,1.351256
consent_insert,166,1.361632
consent_insert,167,1.333861
consent_insert,168,1.362484
consent_insert,169,1.329524
consent_insert,170,1.345998
consent_insert,171,1.328762
consent_insert,172,1.372028
consent_insert,173,1.334380
consent_insert,174,1.349413
consent_insert,175,1.347351
consent_insert,176,1.318097
consent_insert,177,1.374451
consent_insert,178,1.366239
consent_insert,179,1.364917
consent_insert,180,1.414252
consent_insert,181,1.335984
consent_insert,182,1.319479
consent_insert,183,1.363414
consent_insert,184,1.410186
consent_insert,185,1.347280
consent_insert,186,1.902187
consent_insert,187,1.422113
consent_insert,188,1.418598
consent_insert,189,1.355673
consent_insert,190,1.341122
consent_insert,191,1.326599
consent_insert,192,1.351526
consent_insert,193,1.367932
consent_insert,194,1.396204
consent_insert,195,1.359419
consent_insert,196,1.370725
consent_insert,197,1.338928
consent_insert,198,1.320050
consent_insert,199,1.305457
consent_insert,200,1.347040
consent_insert,201,1.330996
consent_insert,202,1.340310
consent_insert,203,1.387741
consent_insert,204,1.374151
consent_insert,205,1.333420
consent_insert,206,1.347681
consent_insert,207,1.336063
consent_insert,208,1.314842
consent_insert,209,1.361121
consent_insert,210,1.357336
consent_insert,211,1.378688
consent_insert,212,1.332418
consent_insert,213,1.430325
consent_insert,214,1.352618
consent_insert,215,1.352779
consent_insert,216,1.335663
consent_insert,217,1.323184
consent_insert,218,1.352187
consent_insert,219,1.348081
consent_insert,220,1.461212
consent_insert,221,1.334391
consent_insert,222,1.314000
consent_insert,223,1.334731
consent_insert,224,1.336595
consent_insert,225,1.391427
consent_insert,226,1.344205
consent_insert,227,1.348643
consent_insert,228,1.385087
consent_insert,229,1.368643
consent_insert,230,1.356134
consent_insert,231,1.353180
consent_insert,232,1.360160
consent_insert,233,1.380951
consent_insert,234,1.351757
consent_insert,235,1.351657
consent_insert,236,1.341061
consent_insert,237,1.348693
consent_insert,238,1.334461
consent_insert,239,1.342373
consent_insert,240,1.346360
consent_insert,241,1.350966
consent_insert,242,1.332107
consent_insert,243,1.318186
consent_insert,244,1.333689
consent_insert,245,1.443025
consent_insert,246,1.534593
consent_insert,247,1.363044
consent_insert,248,1.356134
consent_insert,249,1.395834
consent_insert,250,1.338126
consent_insert,251,1.325718
consent_insert,252,1.366970
consent_insert,253,1.374351
consent_insert,254,1.337445
consent_insert,255,1.349653
consent_insert,256,1.317666
consent_insert,257,1.387120
consent_insert,258,1.303445
consent_insert,259,1.309694
consent_insert,260,1.350004
consent_insert,261,1.319409
consent_insert,262,1.323424
consent_insert,263,1.321542
consent_insert,264,1.337926
consent_insert,265,1.320730
consent_insert,266,1.850999
consent_insert,267,1.353740
consent_insert,268,1.445719
consent_insert,269,1.348192
consent_insert,270,1.365879
consent_insert,271,1.347631
consent_insert,272,1.342233
consent_insert,273,1.357285
consent_insert,274,1.336564
consent_insert,275,1.342463
consent_insert,276,1.343255
consent_insert,277,1.363395
consent_insert,278,1.340030
consent_insert,279,1.396154
consent_insert,280,1.376765
consent_insert,281,1.343775
consent_insert,282,1.329694
consent_insert,283,1.341211
consent_insert,284,1.345328
consent_insert,285,1.409304
consent_insert,286,1.359659
consent_insert,287,1.389655
consent_insert,288,1.354120
consent_insert,289,1.364987
consent_insert,290,1.334572
consent_insert,291,1.348051
consent_insert,292,1.398498
consent_insert,293,1.413190
consent_insert,294,1.346359
consent_insert,295,1.354912
consent_insert,296,1.348923
consent_insert,297,1.468543
consent_insert,298,1.377466
consent_insert,299,1.402734
consent_insert,300,1.405708
consent_insert,301,1.320970
consent_insert,302,1.334080
consent_insert,303,1.315001
consent_insert,304,1.317004
consent_insert,305,1.313219
consent_insert,306,1.337826
consent_insert,307,1.325929
consent_insert,308,1.337976
consent_insert,309,1.326319
consent_insert,310,1.375333
consent_insert,311,1.357936
consent_insert,312,1.358117
consent_insert,313,1.417245
consent_insert,314,1.374692
consent_insert,315,1.318036
consent_insert,316,1.330485
consent_insert,317,1.336264
consent_insert,318,1.376675
consent_insert,319,1.326860
consent_insert,320,1.331096
consent_insert,321,1.387320
consent_insert,322,1.413971
consent_insert,323,1.330586
consent_insert,324,1.384156
consent_insert,325,1.360942
consent_insert,326,1.323735
consent_insert,327,1.311206
consent_insert,328,1.305097
consent_insert,329,1.302012
consent_insert,330,1.355813
consent_insert,331,1.350866
consent_insert,332,1.331187
consent_insert,333,1.341952
consent_insert,334,1.360030
consent_insert,335,1.321481
consent_insert,336,1.337486
consent_insert,337,1.350125
consent_insert,338,1.341992
consent_insert,339,1.339558
consent_insert,340,1.382133
consent_insert,341,1.315392
consent_insert,342,1.396354
consent_insert,343,1.343174
consent_insert,344,1.317336
consent_insert,345,2.003259
consent_insert,346,1.485649
consent_insert,347,1.359539
consent_insert,348,1.371036
consent_insert,349,1.340029
consent_insert,350,1.386740
consent_insert,351,1.402814
consent_insert,352,1.386310
consent_insert,353,1.375813
consent_insert,354,1.358448
consent_insert,355,1.361331
consent_insert,356,1.335984
consent_insert,357,1.349334
consent_insert,358,1.355272
consent_insert,359,1.348181
consent_insert,360,1.366560
consent_insert,361,1.355753
consent_insert,362,1.402043
consent_insert,363,1.356594
consent_insert,364,1.334902
consent_insert,365,1.333740
consent_insert,366,1.358317
consent_insert,367,1.382754
consent_insert,368,1.359149
consent_insert,369,1.400000
consent_insert,370,1.365447
consent_insert,371,1.335893
consent_insert,372,1.399790
consent_insert,373,1.305298
consent_insert,374,1.362924
consent_insert,375,1.313510
consent_insert,376,1.343474
consent_insert,377,1.303734
consent_insert,378,1.323745
consent_insert,379,1.409173
consent_insert,380,1.320090
consent_insert,381,1.370315
consent_insert,382,1.340439
consent_insert,383,1.340761
consent_insert,384,1.326018
consent_insert,385,1.375864
consent_insert,386,1.366700
consent_insert,387,1.391306
consent_insert,388,1.443436
consent_insert,389,1.356835
consent_insert,390,1.406059
consent_insert,391,1.369564
consent_insert,392,1.327661
consent_insert,393,1.349714
consent_insert,394,1.332318
consent_insert,395,1.468833
consent_insert,396,1.383756
consent_insert,397,1.391547
consent_insert,398,1.337126
consent_insert,399,1.327190
consent_insert,400,1.347831
consent_insert,401,1.335362
consent_insert,402,1.378137
consent_insert,403,1.394922
consent_insert,404,1.331797
consent_insert,405,1.305267
consent_insert,406,1.338508
consent_insert,407,1.361462
consent_insert,408,1.345889
consent_insert,409,1.567312
consent_insert,410,1.640392
consent_insert,411,1.353089
consent_insert,412,1.524778
consent_insert,413,1.358447
consent_insert,414,1.354962
consent_insert,415,1.403696
consent_insert,416,1.379830
consent_insert,417,1.363275
consent_insert,418,1.326009
consent_insert,419,1.445088
consent_insert,420,1.462774
consent_insert,421,1.389284
consent_insert,422,1.410586
consent_insert,423,1.443977
consent_insert,424,1.536696
consent_insert,425,1.391557
consent_insert,426,1.437716
consent_insert,427,1.358517
consent_insert,428,1.384456
consent_insert,429,1.317545
consent_insert,430,1.323114
consent_insert,431,1.402093
consent_insert,432,1.315102
consent_insert,433,1.335553
consent_insert,434,1.351687
consent_insert,435,1.451808
consent_insert,436,1.371437
consent_insert,437,1.318457
consent_insert,438,1.359789
consent_insert,439,1.353590
consent_insert,440,1.345307
consent_insert,441,1.320330
consent_insert,442,1.319178
consent_insert,443,1.376084
consent_insert,444,1.362754
consent_insert,445,1.337495
consent_insert,446,1.425138
consent_insert,447,1.334922
consent_insert,448,1.313119
consent_insert,449,1.305267
consent_insert,450,1.334261
consent_insert,451,1.335362
consent_insert,452,1.339439
consent_insert,453,1.339018
consent_insert,454,1.353619
consent_insert,455,1.359960
consent_insert,456,1.333870
consent_insert,457,1.320220
consent_insert,458,1.344977
consent_insert,459,1.355653
consent_insert,460,1.326158
consent_insert,461,1.328923
consent_insert,462,1.370416
consent_insert,463,1.366760
consent_insert,464,1.376614
consent_insert,465,1.737098
consent_insert,466,1.395102
consent_insert,467,1.398959
consent_insert,468,1.339809
consent_insert,469,1.429625
consent_insert,470,1.383495
consent_insert,471,1.372478
consent_insert,472,1.397366
consent_insert,473,1.366660
consent_insert,474,1.387711
consent_insert,475,1.335553
consent_insert,476,1.334872
consent_insert,477,1.326369
consent_insert,478,1.375093
consent_insert,479,1.902016
consent_insert,480,1.910540
consent_insert,481,1.513231
consent_insert,482,1.336635
consent_insert,483,1.326519
consent_insert,484,1.369695
consent_insert,485,1.346720
consent_insert,486,1.355953
consent_insert,487,1.339388
consent_insert,488,1.343454
consent_insert,489,1.326319
consent_insert,490,1.311546
consent_insert,491,1.352778
consent_insert,492,1.456084
consent_insert,493,1.337175
consent_insert,494,1.389834
consent_insert,495,1.412248
consent_insert,496,1.341111
consent_insert,497,1.423054
consent_insert,498,1.358828
consent_insert,499,1.333109
consent_insert,500,1.380290
consent_insert,501,1.377867
consent_insert,502,1.851080
consent_insert,503,1.359439
consent_insert,504,1.359078
consent_insert,505,1.409915
consent_insert,506,1.530437
consent_insert,507,1.352379
consent_insert,508,1.344666
consent_insert,509,1.316795
consent_insert,510,1.432549
consent_insert,511,1.360420
consent_insert,512,1.328682
consent_insert,513,1.965212
consent_insert,514,2.076300
consent_insert,515,1.943138
consent_insert,516,1.681074
consent_insert,517,1.414692
consent_insert,518,1.369664
consent_insert,519,1.344196
consent_insert,520,1.377967
consent_insert,521,1.570397
consent_insert,522,1.398588
consent_insert,523,2.023140
consent_insert,524,6.193013
consent_insert,525,1.956859
consent_insert,526,1.431908
consent_insert,527,1.885651
consent_insert,528,1.456505
consent_insert,529,1.369844
consent_insert,530,1.402184
consent_insert,531,1.333319
consent_insert,532,1.352788
consent_insert,533,1.339448
consent_insert,534,1.326920
consent_insert,535,1.361352
consent_insert,536,1.326449
consent_insert,537,1.322343
consent_insert,538,1.329664
consent_insert,539,1.397536
consent_insert,540,1.385297
consent_insert,541,1.347130
consent_insert,542,1.440161
consent_insert,543,1.331025
consent_insert,544,1.330706
consent_insert,545,1.312668
consent_insert,546,1.351127
consent_insert,547,1.320670
consent_insert,548,1.341832
consent_insert,549,1.312258
consent_insert,550,1.310825
consent_insert,551,1.405498
consent_insert,552,1.366380
consent_insert,553,1.359919
consent_insert,554,2.054456
consent_insert,555,1.654524
consent_insert,556,1.343414
consent_insert,557,1.343985
consent_insert,558,1.324136
consent_insert,559,1.312288
consent_insert,560,1.287561
consent_insert,561,1.344256
consent_insert,562,1.372449
consent_insert,563,1.402233
consent_insert,564,1.759712
consent_insert,565,1.421542
consent_insert,566,1.527422
consent_insert,567,1.363705
consent_insert,568,1.369364
consent_insert,569,1.362383
consent_insert,570,1.363645
consent_insert,571,1.362143
consent_insert,572,1.351857
consent_insert,573,1.314711
consent_insert,574,1.361873
consent_insert,575,1.459009
consent_insert,576,1.344265
consent_insert,577,1.333440
consent_insert,578,1.320990
consent_insert,579,1.358858
consent_insert,580,1.329825
consent_insert,581,1.296423
consent_insert,582,1.358737
consent_insert,583,1.349004
consent_insert,584,1.352648
consent_insert,585,1.380260
consent_insert,586,1.355533
consent_insert,587,1.333470
consent_insert,588,1.366089
consent_insert,589,1.344767
consent_insert,590,1.631539
consent_insert,591,1.758250
consent_insert,592,1.512699
consent_insert,593,1.549496
consent_insert,594,1.962377
consent_insert,595,1.925271
consent_insert,596,2.050851
consent_insert,597,1.575444
consent_insert,598,1.390486
consent_insert,599,1.432088
consent_insert,600,1.376955
consent_insert,601,1.334511
consent_insert,602,1.429094
consent_insert,603,1.378889
consent_insert,604,1.378648
consent_insert,605,1.381022
consent_insert,606,1.376784
consent_insert,607,1.352218
consent_insert,608,2.392445
consent_insert,609,1.355794
consent_insert,610,1.401572
consent_insert,611,1.343394
consent_insert,612,1.409595
consent_insert,613,1.709666
consent_insert,614,1.977210
consent_insert,615,1.918852
consent_insert,616,1.816838
consent_insert,617,1.548134
consent_insert,618,1.500631
consent_insert,619,1.529505
consent_insert,620,1.541343
consent_insert,621,1.426130
consent_insert,622,1.425348
consent_insert,623,1.368723
consent_insert,624,1.329633
consent_insert,625,1.368062
consent_insert,626,1.301101
consent_insert,627,1.310806
consent_insert,628,1.446750
consent_insert,629,1.359198
consent_insert,630,1.365798
consent_insert,631,1.347310
consent_insert,632,1.345628
consent_insert,633,1.420010
consent_insert,634,1.361893
consent_insert,635,1.408052
consent_insert,636,1.482585
consent_insert,637,1.419770
consent_insert,638,1.364326
consent_insert,639,1.638870
consent_insert,640,1.416104
consent_insert,641,1.391317
consent_insert,642,1.399079
consent_insert,643,1.364046
consent_insert,644,1.623547
consent_insert,645,1.389234
consent_insert,646,1.446420
consent_insert,647,2.070991
consent_insert,648,1.549565
consent_insert,649,1.406820
consent_insert,650,1.474663
consent_insert,651,1.351918
consent_insert,652,1.400711
consent_insert,653,1.592260
consent_insert,654,1.652160
consent_insert,655,1.617167
consent_insert,656,1.486340
consent_insert,657,1.686822
consent_insert,658,1.402503
consent_insert,659,1.400451
consent_insert,660,1.381752
consent_insert,661,1.398748
consent_insert,662,1.428342
consent_insert,663,1.564358
consent_insert,664,1.511498
consent_insert,665,1.566330
consent_insert,666,1.383465
consent_insert,667,1.700182
consent_insert,668,1.910389
consent_insert,669,1.414942
consent_insert,670,1.389975
consent_insert,671,1.737338
consent_insert,672,1.911130
consent_insert,673,3.052521
consent_insert,674,2.538206
consent_insert,675,1.543396
consent_insert,676,1.405318
consent_insert,677,1.381472
consent_insert,678,1.358147
consent_insert,679,1.354842
consent_insert,680,1.317816
consent_insert,681,1.324646
consent_insert,682,1.306819
consent_insert,683,1.344105
consent_insert,684,1.358427
consent_insert,685,1.314201
consent_insert,686,1.307891
consent_insert,687,1.331777
consent_insert,688,1.366609
consent_insert,689,1.361292
consent_insert,690,1.358267
consent_insert,691,1.343274
consent_insert,692,1.336243
consent_insert,693,1.347411
consent_insert,694,1.340410
consent_insert,695,1.322132
consent_insert,696,1.320240
consent_insert,697,1.339589
consent_insert,698,1.345037
consent_insert,699,1.319348
consent_insert,700,1.315353
consent_insert,701,1.324235
consent_insert,702,1.343525
consent_insert,703,1.326088
consent_insert,704,1.439599
consent_insert,705,1.322263
consent_insert,706,1.311096
consent_insert,707,1.324896
consent_insert,708,1.324826
consent_insert,709,1.332879
consent_insert,710,1.349313
consent_insert,711,1.337085
consent_insert,712,1.330495
consent_insert,713,1.328832
consent_insert,714,1.333099
consent_insert,715,1.344467
consent_insert,716,1.306599
consent_insert,717,1.323855
consent_insert,718,1.325557
consent_insert,719,1.970440
consent_insert,720,1.828996
consent_insert,721,1.451857
consent_insert,722,1.379098
consent_insert,723,1.344677
consent_insert,724,1.354041
consent_insert,725,1.322012
consent_insert,726,1.464597
consent_insert,727,1.432019
consent_insert,728,1.454452
consent_insert,729,1.354010
consent_insert,730,1.378788
consent_insert,731,1.334120
consent_insert,732,1.334862
consent_insert,733,1.372458
consent_insert,734,1.383685
consent_insert,735,1.315032
consent_insert,736,1.383656
consent_insert,737,1.319619
consent_insert,738,1.340100
consent_insert,739,1.376364
consent_insert,740,1.314681
consent_insert,741,1.321461
consent_insert,742,1.329564
consent_insert,743,1.329423
consent_insert,744,1.292308
consent_insert,745,1.367931
consent_insert,746,1.301372
consent_insert,747,1.382013
consent_insert,748,1.415934
consent_insert,749,1.350195
consent_insert,750,1.330426
consent_insert,751,1.378719
consent_insert,752,1.364906
consent_insert,753,1.366560
consent_insert,754,1.336074
consent_insert,755,1.328452
consent_insert,756,1.415553
consent_insert,757,1.435473
consent_insert,758,1.903890
consent_insert,759,1.380921
consent_insert,760,1.340130
consent_insert,761,1.341031
consent_insert,762,1.404226
consent_insert,763,1.354492
consent_insert,764,1.354962
consent_insert,765,1.383184
consent_insert,766,1.508033
consent_insert,767,1.410927
consent_insert,768,1.349334
consent_insert,769,1.367010
consent_insert,770,1.329603
consent_insert,771,1.307110
consent_insert,772,1.282172
consent_insert,773,1.315363
consent_insert,774,1.414212
consent_insert,775,1.345909
consent_insert,776,1.311847
consent_insert,777,1.318377
consent_insert,778,1.319479
consent_insert,779,1.370555
consent_insert,780,1.397516
consent_insert,781,1.373961
consent_insert,782,1.390025
consent_insert,783,1.361291
consent_insert,784,1.353300
consent_insert,785,1.328452
consent_insert,786,1.350355
consent_insert,787,1.322995
consent_insert,788,1.331556
consent_insert,789,1.333159
consent_insert,790,1.321752
consent_insert,791,1.336174
consent_insert,792,1.336543
consent_insert,793,1.332578
consent_insert,794,1.353750
consent_insert,795,1.338447
consent_insert,796,1.356585
consent_insert,797,1.327350
consent_insert,798,1.338958
consent_insert,799,1.343945
consent_insert,800,1.352117
consent_insert,801,1.329234
consent_insert,802,1.348862
consent_insert,803,1.365398
consent_insert,804,1.345188
consent_insert,805,1.342122
consent_insert,806,1.359589
consent_insert,807,1.300230
consent_insert,808,1.282473
consent_insert,809,1.322814
consent_insert,810,1.335042
consent_insert,811,1.332858
consent_insert,812,1.321372
consent_insert,813,1.351727
consent_insert,814,1.380030
consent_insert,815,1.339809
consent_insert,816,1.319719
consent_insert,817,1.348682
consent_insert,818,1.350786
consent_insert,819,1.401823
consent_insert,820,1.315382
consent_insert,821,1.311757
consent_insert,822,1.308532
consent_insert,823,1.290885
consent_insert,824,1.317195
consent_insert,825,1.340039
consent_insert,826,1.393600
consent_insert,827,1.348182
consent_insert,828,1.303415
consent_insert,829,1.415253
consent_insert,830,1.378728
consent_insert,831,1.342534
consent_insert,832,1.325227
consent_insert,833,1.398778
consent_insert,834,1.322203
consent_insert,835,1.352118
consent_insert,836,1.357065
consent_insert,837,1.326459
consent_insert,838,1.443365
consent_insert,839,1.369584
consent_insert,840,1.357085
consent_insert,841,1.436195
consent_insert,842,1.366840
consent_insert,843,1.382624
consent_insert,844,1.345087
consent_insert,845,1.406359
consent_insert,846,1.370575
consent_insert,847,1.508283
consent_insert,848,1.453741
consent_insert,849,1.344576
consent_insert,850,1.367470
consent_insert,851,1.354702
consent_insert,852,1.378187
consent_insert,853,1.290195
consent_insert,854,1.320430
consent_insert,855,1.386699
consent_insert,856,1.404186
consent_insert,857,1.335072
consent_insert,858,1.576455
consent_insert,859,1.377856
consent_insert,860,1.362273
consent_insert,861,1.357045
consent_insert,862,1.410305
consent_insert,863,1.321020
consent_insert,864,1.331727
consent_insert,865,1.318817
consent_insert,866,1.427712
consent_insert,867,1.353900
consent_insert,868,1.326990
consent_insert,869,1.300019
consent_insert,870,1.348402
consent_insert,871,1.372378
consent_insert,872,1.344216
consent_insert,873,1.323164
consent_insert,874,1.339078
consent_insert,875,1.329975
consent_insert,876,1.373630
consent_insert,877,1.436294
consent_insert,878,1.348612
consent_insert,879,1.337967
consent_insert,880,1.329254
consent_insert,881,1.317496
consent_insert,882,1.792541
consent_insert,883,1.342824
consent_insert,884,1.442193
consent_insert,885,1.326488
consent_insert,886,1.313991
consent_insert,887,1.365888
consent_insert,888,1.346659
consent_insert,889,1.374251
consent_insert,890,1.346589
consent_insert,891,1.411017
consent_insert,892,1.333740
consent_insert,893,1.337075
consent_insert,894,1.388713
consent_insert,895,1.385678
consent_insert,896,1.365728
consent_insert,897,1.348002
consent_insert,898,1.316134
consent_insert,899,1.322884
consent_insert,900,1.338537
consent_insert,901,1.354501
consent_insert,902,1.323344
consent_insert,903,1.328912
consent_insert,904,1.322393
consent_insert,905,1.364046
consent_insert,906,1.421082
consent_insert,907,1.353410
consent_insert,908,1.324606
consent_insert,909,1.334241
consent_insert,910,1.420450
consent_insert,911,1.319799
consent_insert,912,1.338728
consent_insert,913,1.336694
consent_insert,914,1.346109
consent_insert,915,1.349013
consent_insert,916,1.383035
consent_insert,917,1.328511
consent_insert,918,1.303315
consent_insert,919,1.356364
consent_insert,920,1.352539
consent_insert,921,1.321342
consent_insert,922,1.331797
consent_insert,923,1.340791
consent_insert,924,1.334280
consent_insert,925,1.358667
consent_insert,926,1.336153
consent_insert,927,1.311016
consent_insert,928,1.362092
consent_insert,929,1.337125
consent_insert,930,1.303485
consent_insert,931,1.324947
consent_insert,932,1.370445
consent_insert,933,1.355193
consent_insert,934,1.312708
consent_insert,935,1.368292
consent_insert,936,1.330235
consent_insert,937,1.313460
consent_insert,938,1.339729
consent_insert,939,1.432139
consent_insert,940,1.356975
consent_insert,941,1.306899
consent_insert,942,1.289754
consent_insert,943,1.304846
consent_insert,944,1.287030
consent_insert,945,1.382073
consent_insert,946,1.431077
consent_insert,947,1.546580
consent_insert,948,1.430596
consent_insert,949,1.531057
consent_insert,950,1.358447
consent_insert,951,1.328703
consent_insert,952,1.355723
consent_insert,953,1.364226
consent_insert,954,1.330215
consent_insert,955,1.299598
consent_insert,956,1.297366
consent_insert,957,1.296003
consent_insert,958,1.306999
consent_insert,959,1.348472
consent_insert,960,1.287901
consent_insert,961,1.281401
consent_insert,962,1.293479
consent_insert,963,1.438628
consent_insert,964,1.311136
consent_insert,965,1.365788
consent_insert,966,1.338007
consent_insert,967,1.357776
consent_insert,968,1.315883
consent_insert,969,1.314000
consent_insert,970,1.323464
consent_insert,971,1.314681
consent_insert,972,1.336445
consent_insert,973,1.334561
consent_insert,974,1.336224
consent_insert,975,1.342953
consent_insert,976,1.346279
consent_insert,977,1.352538
consent_insert,978,1.329985
consent_insert,979,1.334982
consent_insert,980,1.359038
consent_insert,981,1.381673
consent_insert,982,1.378607
consent_insert,983,1.362733
consent_insert,984,1.335953
consent_insert,985,1.364076
consent_insert,986,1.345027
consent_insert,987,1.437416
consent_insert,988,1.339479
consent_insert,989,1.352449
consent_insert,990,1.303204
consent_insert,991,1.298377
consent_insert,992,1.290144
consent_insert,993,1.315663
consent_insert,994,1.330685
consent_insert,995,1.415313
consent_insert,996,1.337065
consent_insert,997,1.377587
consent_insert,998,1.344706
consent_insert,999,1.303064
consent_insert,1000,1.303314
consent_insert,1001,1.297825
consent_insert,1002,1.357486
consent_insert,1003,1.310025
consent_insert,1004,1.291607
consent_insert,1005,1.306009
consent_insert,1006,1.315733
consent_insert,1007,1.295712
consent_insert,1008,1.330165
consent_insert,1009,1.400380
consent_insert,1010,1.454673
consent_insert,1011,1.380110
consent_insert,1012,1.311527
consent_insert,1013,1.371727
consent_insert,1014,1.342613
consent_insert,1015,1.341532
consent_insert,1016,1.291236
consent_insert,1017,1.426800
consent_insert,1018,1.352809
consent_insert,1019,1.316474
consent_insert,1020,1.305046
consent_insert,1021,1.331957
consent_insert,1022,1.299579
consent_insert,1023,1.303615
consent_insert,1024,1.315883
consent_insert,1025,1.342634
consent_insert,1026,1.291206
consent_insert,1027,1.308942
consent_insert,1028,1.290325
consent_insert,1029,1.348933
consent_insert,1030,1.314632
consent_insert,1031,1.309584
consent_insert,1032,1.337416
consent_insert,1033,1.342744
consent_insert,1034,1.338838
consent_insert,1035,1.418748
consent_insert,1036,1.338937
consent_insert,1037,1.381362
consent_insert,1038,1.350596
consent_insert,1039,1.335663
consent_insert,1040,1.371237
consent_insert,1041,1.339338
consent_insert,1042,1.338096
consent_insert,1043,1.334471
consent_insert,1044,1.769406
consent_insert,1045,1.405117
consent_insert,1046,1.385057
consent_insert,1047,1.378537
consent_insert,1048,1.371387
consent_insert,1049,1.323034
consent_insert,1050,1.379228
consent_insert,1051,1.345668
consent_insert,1052,1.316293
consent_insert,1053,1.327029
consent_insert,1054,1.356865
consent_insert,1055,1.391727
consent_insert,1056,1.399109
consent_insert,1057,1.349714
consent_insert,1058,1.374752
consent_insert,1059,1.345487
consent_insert,1060,1.325637
consent_insert,1061,1.385518
consent_insert,1062,1.342693
consent_insert,1063,1.372548
consent_insert,1064,1.367871
consent_insert,1065,1.332618
consent_insert,1066,1.347841
consent_insert,1067,1.380851
consent_insert,1068,1.380340
consent_insert,1069,1.330736
consent_insert,1070,1.317906
consent_insert,1071,1.336975
consent_insert,1072,1.321151
consent_insert,1073,1.296104
consent_insert,1074,1.304426
consent_insert,1075,1.328152
consent_insert,1076,1.346880
consent_insert,1077,1.321341
consent_insert,1078,1.417777
consent_insert,1079,1.346499
consent_insert,1080,1.323184
consent_insert,1081,1.317916
consent_insert,1082,1.338848
consent_insert,1083,1.366830
consent_insert,1084,1.317876
consent_insert,1085,1.348523
consent_insert,1086,1.333660
consent_insert,1087,1.340911
consent_insert,1088,1.327761
consent_insert,1089,1.336183
consent_insert,1090,1.341592
consent_insert,1091,1.332479
consent_insert,1092,1.343535
consent_insert,1093,1.303244
consent_insert,1094,1.316053
consent_insert,1095,1.397086
consent_insert,1096,1.317606
consent_insert,1097,1.320490
consent_insert,1098,1.340911
consent_insert,1099,1.334341
consent_insert,1100,1.362363
consent_insert,1101,1.340309
consent_insert,1102,1.376594
consent_insert,1103,1.329303
consent_insert,1104,1.333690
consent_insert,1105,1.381512
consent_insert,1106,1.322793
consent_insert,1107,1.339168
consent_insert,1108,1.361813
consent_insert,1109,1.353069
consent_insert,1110,1.345548
consent_insert,1111,1.375012
consent_insert,1112,1.356705
consent_insert,1113,1.344075
consent_insert,1114,1.350916
consent_insert,1115,1.362574
consent_insert,1116,1.608193
consent_insert,1117,1.381032
consent_insert,1118,1.370786
consent_insert,1119,1.366529
consent_insert,1120,1.372088
consent_insert,1121,1.354802
consent_insert,1122,1.326399
consent_insert,1123,1.324426
consent_insert,1124,1.980574
consent_insert,1125,1.375553
consent_insert,1126,1.420360
consent_insert,1127,1.424707
consent_insert,1128,1.480932
consent_insert,1129,1.377746
consent_insert,1130,1.438959
consent_insert,1131,1.320159
consent_insert,1132,1.398448
consent_insert,1133,1.350355
consent_insert,1134,1.311156
consent_insert,1135,1.439149
consent_insert,1136,1.344105
consent_insert,1137,1.324216
consent_insert,1138,1.300370
consent_insert,1139,1.292528
consent_insert,1140,1.299338
consent_insert,1141,1.337596
consent_insert,1142,1.415574
consent_insert,1143,1.317876
consent_insert,1144,1.313459
consent_insert,1145,1.320850
consent_insert,1146,1.342973
consent_insert,1147,1.343645
consent_insert,1148,1.299008
consent_insert,1149,1.375783
consent_insert,1150,1.331887
consent_insert,1151,1.381202
consent_insert,1152,1.334371
consent_insert,1153,1.338247
consent_insert,1154,1.355623
consent_insert,1155,1.314351
consent_insert,1156,1.318608
consent_insert,1157,1.332067
consent_insert,1158,1.321913
consent_insert,1159,1.343114
consent_insert,1160,1.334851
consent_insert,1161,1.373310
consent_insert,1162,1.307040
consent_insert,1163,1.306739
consent_insert,1164,1.329634
consent_insert,1165,1.350095
consent_insert,1166,1.323564
consent_insert,1167,1.315853
consent_insert,1168,1.335513
consent_insert,1169,1.312929
consent_insert,1170,1.428483
consent_insert,1171,1.360750
consent_insert,1172,1.374611
consent_insert,1173,1.370365
consent_insert,1174,1.318647
consent_insert,1175,1.303063
consent_insert,1176,1.318477
consent_insert,1177,1.352307
consent_insert,1178,1.361502
consent_insert,1179,1.317185
consent_insert,1180,1.385418
consent_insert,1181,1.386309
consent_insert,1182,1.332879
consent_insert,1183,1.314521
consent_insert,1184,1.307691
consent_insert,1185,1.380200
consent_insert,1186,1.374382
consent_insert,1187,1.397606
consent_insert,1188,1.357586
consent_insert,1189,1.322883
consent_insert,1190,1.292589
consent_insert,1191,1.298016
consent_insert,1192,1.292719
consent_insert,1193,1.309663
consent_insert,1194,1.357015
consent_insert,1195,1.302752
consent_insert,1196,1.346799
consent_insert,1197,1.348572
consent_insert,1198,1.362775
consent_insert,1199,1.372278
consent_insert,1200,1.338447
consent_insert,1201,1.364497
consent_insert,1202,1.365568
consent_insert,1203,1.293640
consent_insert,1204,1.301702
consent_insert,1205,2.124212
consent_insert,1206,1.342594
consent_insert,1207,1.316393
consent_insert,1208,1.469365
consent_insert,1209,1.360240
consent_insert,1210,1.340961
consent_insert,1211,1.349324
consent_insert,1212,1.350946
consent_insert,1213,1.301572
consent_insert,1214,1.331807
consent_insert,1215,1.333670
consent_insert,1216,1.316013
consent_insert,1217,1.310945
consent_insert,1218,1.300029
consent_insert,1219,1.322904
consent_insert,1220,1.299038
consent_insert,1221,1.406470
consent_insert,1222,1.316394
consent_insert,1223,1.325248
consent_insert,1224,1.314100
consent_insert,1225,1.309054
consent_insert,1226,1.363054
consent_insert,1227,1.384806
consent_insert,1228,1.356855
consent_insert,1229,1.404347
consent_insert,1230,1.353430
consent_insert,1231,1.311828
consent_insert,1232,1.344206
consent_insert,1233,1.373911
consent_insert,1234,1.297374
consent_insert,1235,1.325759
consent_insert,1236,1.357105
consent_insert,1237,1.309894
consent_insert,1238,1.370465
consent_insert,1239,1.368983
consent_insert,1240,1.360620
consent_insert,1241,1.405458
consent_insert,1242,1.341141
consent_insert,1243,1.337946
consent_insert,1244,1.361502
consent_insert,1245,1.361602
consent_insert,1246,1.378528
consent_insert,1247,1.327110
consent_insert,1248,1.312829
consent_insert,1249,1.356124
consent_insert,1250,1.372638
consent_insert,1251,1.357796
consent_insert,1252,1.321131
consent_insert,1253,1.353210
consent_insert,1254,1.327701
consent_insert,1255,1.334992
consent_insert,1256,1.338998
consent_insert,1257,1.308092
consent_insert,1258,1.344777
consent_insert,1259,1.337406
consent_insert,1260,1.345738
consent_insert,1261,1.328793
consent_insert,1262,1.340230
consent_insert,1263,1.324306
consent_insert,1264,1.313560
consent_insert,1265,1.318958
consent_insert,1266,1.395193
consent_insert,1267,1.304036
consent_insert,1268,1.348883
consent_insert,1269,1.324696
consent_insert,1270,1.328862
consent_insert,1271,1.323594
consent_insert,1272,1.317205
consent_insert,1273,1.309183
consent_insert,1274,1.333039
consent_insert,1275,1.332639
consent_insert,1276,1.303264
consent_insert,1277,1.318597
consent_insert,1278,1.386279
consent_insert,1279,1.357055
consent_insert,1280,1.382264
consent_insert,1281,1.319429
consent_insert,1282,1.321612
consent_insert,1283,1.346699
consent_insert,1284,1.335423
consent_insert,1285,1.929568
consent_insert,1286,1.347551
consent_insert,1287,1.365167
consent_insert,1288,1.333630
consent_insert,1289,1.341421
consent_insert,1290,1.356294
consent_insert,1291,1.349994
consent_insert,1292,1.359168
consent_insert,1293,1.378057
consent_insert,1294,1.445418
consent_insert,1295,1.369063
consent_insert,1296,1.345928
consent_insert,1297,1.351467
consent_insert,1298,1.355363
consent_insert,1299,1.364076
consent_insert,1300,1.393520
consent_insert,1301,1.387671
consent_insert,1302,1.316484
consent_insert,1303,1.296694
consent_insert,1304,1.332709
consent_insert,1305,1.344477
consent_insert,1306,1.353130
consent_insert,1307,1.337245
consent_insert,1308,1.360491
consent_insert,1309,1.387491
consent_insert,1310,1.856417
consent_insert,1311,1.374641
consent_insert,1312,1.363715
consent_insert,1313,1.339059
consent_insert,1314,1.349623
consent_insert,1315,1.324876
consent_insert,1316,1.332798
consent_insert,1317,1.297495
consent_insert,1318,1.451868
consent_insert,1319,1.414972
consent_insert,1320,1.389784
consent_insert,1321,1.347631
consent_insert,1322,1.326730
consent_insert,1323,1.311307
consent_insert,1324,1.319658
consent_insert,1325,1.373289
consent_insert,1326,1.328962
consent_insert,1327,1.341582
consent_insert,1328,1.344326
consent_insert,1329,1.437837
consent_insert,1330,1.341652
consent_insert,1331,1.353710
consent_insert,1332,1.349173
consent_insert,1333,1.537667
consent_insert,1334,1.350565
consent_insert,1335,1.398778
consent_insert,1336,1.340981
consent_insert,1337,1.548634
consent_insert,1338,1.391407
consent_insert,1339,1.534122
consent_insert,1340,1.740754
consent_insert,1341,1.329944
consent_insert,1342,1.312148
consent_insert,1343,1.352978
consent_insert,1344,1.344345
consent_insert,1345,1.572299
consent_insert,1346,1.515594
consent_insert,1347,1.340581
consent_insert,1348,1.343905
consent_insert,1349,1.310765
consent_insert,1350,1.331076
consent_insert,1351,1.320981
consent_insert,1352,1.335413
consent_insert,1353,1.314211
consent_insert,1354,1.327100
consent_insert,1355,1.375763
consent_insert,1356,1.292397
consent_insert,1357,1.298557
consent_insert,1358,1.303304
consent_insert,1359,1.339188
consent_insert,1360,1.310365
consent_insert,1361,1.305467
consent_insert,1362,1.289172
consent_insert,1363,1.302433
consent_insert,1364,1.737389
consent_insert,1365,1.337476
consent_insert,1366,1.380220
consent_insert,1367,1.319649
consent_insert,1368,1.394402
consent_insert,1369,1.331296
consent_insert,1370,1.347050
consent_insert,1371,1.297696
consent_insert,1372,1.311496
consent_insert,1373,1.399208
consent_insert,1374,1.406670
consent_insert,1375,1.352999
consent_insert,1376,1.398978
consent_insert,1377,1.328062
consent_insert,1378,1.312899
consent_insert,1379,1.327791
consent_insert,1380,1.428593
consent_insert,1381,1.351868
consent_insert,1382,1.531077
consent_insert,1383,1.338577
consent_insert,1384,1.323896
consent_insert,1385,1.331086
consent_insert,1386,1.394682
consent_insert,1387,1.339378
consent_insert,1388,1.321031
consent_insert,1389,1.347291
consent_insert,1390,1.306720
consent_insert,1391,1.342774
consent_insert,1392,1.333790
consent_insert,1393,1.313259
consent_insert,1394,1.328342
consent_insert,1395,1.362633
consent_insert,1396,1.327701
consent_insert,1397,1.356855
consent_insert,1398,1.341362
consent_insert,1399,1.332539
consent_insert,1400,1.323534
consent_insert,1401,1.348182
consent_insert,1402,1.684108
consent_insert,1403,1.383205
consent_insert,1404,1.369223
consent_insert,1405,1.355383
consent_insert,1406,1.315933
consent_insert,1407,1.367390
consent_insert,1408,1.323364
consent_insert,1409,1.340019
consent_insert,1410,1.327551
consent_insert,1411,1.355593
consent_insert,1412,1.315733
consent_insert,1413,1.308211
consent_insert,1414,1.320280
consent_insert,1415,1.324075
consent_insert,1416,1.346539
consent_insert,1417,1.333459
consent_insert,1418,1.342223
consent_insert,1419,1.329874
consent_insert,1420,1.337236
consent_insert,1421,1.321131
consent_insert,1422,1.355653
consent_insert,1423,1.304746
consent_insert,1424,1.334851
consent_insert,1425,1.312879
consent_insert,1426,1.315282
consent_insert,1427,1.314050
consent_insert,1428,1.348793
consent_insert,1429,1.310375
consent_insert,1430,1.350556
consent_insert,1431,1.336323
consent_insert,1432,1.333189
consent_insert,1433,1.340861
consent_insert,1434,1.345037
consent_insert,1435,1.297345
consent_insert,1436,1.326630
consent_insert,1437,1.356174
consent_insert,1438,1.346540
consent_insert,1439,1.335913
consent_insert,1440,1.318787
consent_insert,1441,1.298197
consent_insert,1442,1.317836
consent_insert,1443,1.313169
consent_insert,1444,1.668515
consent_insert,1445,1.337586
consent_insert,1446,1.309614
consent_insert,1447,1.326159
consent_insert,1448,1.316333
consent_insert,1449,1.321231
consent_insert,1450,1.337686
consent_insert,1451,1.311988
consent_insert,1452,1.293439
consent_insert,1453,1.291366
consent_insert,1454,1.315873
consent_insert,1455,1.328492
consent_insert,1456,1.328232
consent_insert,1457,1.341532
consent_insert,1458,1.322833
consent_insert,1459,1.306098
consent_insert,1460,1.304566
consent_insert,1461,1.298997
consent_insert,1462,1.308011
consent_insert,1463,1.305107
consent_insert,1464,1.306769
consent_insert,1465,1.354091
consent_insert,1466,1.321742
consent_insert,1467,1.342533
consent_insert,1468,1.332698
consent_insert,1469,1.319268
consent_insert,1470,1.322684
consent_insert,1471,1.404347
consent_insert,1472,1.457686
consent_insert,1473,1.395493
consent_insert,1474,1.368281
consent_insert,1475,1.373219
consent_insert,1476,1.363575
consent_insert,1477,1.371277
consent_insert,1478,1.323164
consent_insert,1479,1.415523
consent_insert,1480,1.345348
consent_insert,1481,1.333700
consent_insert,1482,1.335593
consent_insert,1483,1.350355
consent_insert,1484,1.353460
consent_insert,1485,1.321672
consent_insert,1486,1.331246
consent_insert,1487,1.380450
consent_insert,1488,1.354902
consent_insert,1489,1.295983
consent_insert,1490,1.309904
consent_insert,1491,1.324165
consent_insert,1492,1.316144
consent_insert,1493,1.307910
consent_insert,1494,1.363225
consent_insert,1495,1.406009
consent_insert,1496,1.329704
consent_insert,1497,1.299689
consent_insert,1498,1.329804
consent_insert,1499,1.327751
consent_insert,1500,1.302593
consent_insert,1501,1.294340
consent_insert,1502,1.316955
consent_insert,1503,1.319850
consent_insert,1504,1.328371
consent_insert,1505,1.308632
consent_insert,1506,1.296243
consent_insert,1507,1.319879
consent_insert,1508,1.308952
consent_insert,1509,1.375203
consent_insert,1510,1.297926
consent_insert,1511,1.280240
consent_insert,1512,1.315322
consent_insert,1513,1.316855
consent_insert,1514,1.306819
consent_insert,1515,1.356784
consent_insert,1516,1.332769
consent_insert,1517,1.336093
consent_insert,1518,1.321422
consent_insert,1519,1.351206
consent_insert,1520,1.312308
consent_insert,1521,1.316004
consent_insert,1522,1.357887
consent_insert,1523,1.327050
consent_insert,1524,1.395303
consent_insert,1525,1.325617
consent_insert,1526,2.066053
consent_insert,1527,1.344376
consent_insert,1528,1.300800
consent_insert,1529,1.316023
consent_insert,1530,1.327851
consent_insert,1531,1.345408
consent_insert,1532,1.315473
consent_insert,1533,1.315313
consent_insert,1534,1.308181
consent_insert,1535,1.312248
consent_insert,1536,1.314961
consent_insert,1537,1.313009
consent_insert,1538,1.434002
consent_insert,1539,1.373821
consent_insert,1540,1.323194
consent_insert,1541,1.334271
consent_insert,1542,1.349243
consent_insert,1543,1.328913
consent_insert,1544,1.334732
consent_insert,1545,1.315553
consent_insert,1546,1.387732
consent_insert,1547,1.341021
consent_insert,1548,1.302763
consent_insert,1549,1.321271
consent_insert,1550,1.335032
consent_insert,1551,1.328081
consent_insert,1552,1.314812
consent_insert,1553,1.323826
consent_insert,1554,1.305748
consent_insert,1555,1.299769
consent_insert,1556,1.377286
consent_insert,1557,1.317245
consent_insert,1558,1.313229
consent_insert,1559,1.278667
consent_insert,1560,1.338888
consent_insert,1561,1.384717
consent_insert,1562,1.346640
consent_insert,1563,1.316494
consent_insert,1564,1.287580
consent_insert,1565,1.376855
consent_insert,1566,1.329484
consent_insert,1567,1.288862
consent_insert,1568,1.313530
consent_insert,1569,1.294040
consent_insert,1570,1.354491
consent_insert,1571,1.321571
consent_insert,1572,1.294572
consent_insert,1573,1.340109
consent_insert,1574,1.336465
consent_insert,1575,1.357486
consent_insert,1576,1.375082
consent_insert,1577,1.317976
consent_insert,1578,1.303695
consent_insert,1579,1.403084
consent_insert,1580,1.378598
consent_insert,1581,1.456475
consent_insert,1582,1.325348
consent_insert,1583,1.335292
consent_insert,1584,1.353349
consent_insert,1585,1.326019
consent_insert,1586,1.329995
consent_insert,1587,1.331357
consent_insert,1588,1.323474
consent_insert,1589,1.289483
consent_insert,1590,1.302763
consent_insert,1591,1.339919
consent_insert,1592,1.307931
consent_insert,1593,1.326259
consent_insert,1594,1.382374
consent_insert,1595,1.312027
consent_insert,1596,1.399750
consent_insert,1597,1.381352
consent_insert,1598,1.364276
consent_insert,1599,1.362103
consent_insert,1600,1.338738
consent_insert,1601,1.332668
consent_insert,1602,1.309484
consent_insert,1603,1.363094
consent_insert,1604,1.330275
consent_insert,1605,1.352308
consent_insert,1606,1.366480
consent_insert,1607,1.339118
consent_insert,1608,1.673783
consent_insert,1609,1.367180
consent_insert,1610,1.345959
consent_insert,1611,1.372108
consent_insert,1612,1.368332
consent_insert,1613,1.344306
consent_insert,1614,1.370015
consent_insert,1615,1.339058
consent_insert,1616,1.307731
consent_insert,1617,1.295192
consent_insert,1618,1.283906
consent_insert,1619,1.323685
consent_insert,1620,1.310295
consent_insert,1621,1.313530
consent_insert,1622,1.322804
consent_insert,1623,1.326569
consent_insert,1624,1.314371
consent_insert,1625,1.319909
consent_insert,1626,1.347221
consent_insert,1627,1.338847
consent_insert,1628,1.364697
consent_insert,1629,1.345558
consent_insert,1630,1.310245
consent_insert,1631,1.337055
consent_insert,1632,1.355603
consent_insert,1633,1.356725
consent_insert,1634,1.298558
consent_insert,1635,1.304927
consent_insert,1636,1.375063
consent_insert,1637,1.319849
consent_insert,1638,1.347510
consent_insert,1639,1.332097
consent_insert,1640,1.315142
consent_insert,1641,1.309964
consent_insert,1642,1.334891
consent_insert,1643,1.323084
consent_insert,1644,1.327862
consent_insert,1645,1.319899
consent_insert,1646,1.397185
consent_insert,1647,1.352549
consent_insert,1648,1.352188
consent_insert,1649,1.342644
consent_insert,1650,1.356855
consent_insert,1651,1.307841
consent_insert,1652,1.340491
consent_insert,1653,1.330305
consent_insert,1654,1.326239
consent_insert,1655,1.314741
consent_insert,1656,1.320030
consent_insert,1657,1.289033
consent_insert,1658,1.304386
consent_insert,1659,1.342383
consent_insert,1660,1.371848
consent_insert,1661,1.321181
consent_insert,1662,1.314541
consent_insert,1663,1.300019
consent_insert,1664,1.339308
consent_insert,1665,1.490055
consent_insert,1666,1.335292
consent_insert,1667,1.330745
consent_insert,1668,1.320329
consent_insert,1669,1.358988
consent_insert,1670,1.331877
consent_insert,1671,1.321181
consent_insert,1672,1.386069
consent_insert,1673,1.347310
consent_insert,1674,1.332819
consent_insert,1675,1.335703
consent_insert,1676,1.322823
consent_insert,1677,1.353099
consent_insert,1678,1.407871
consent_insert,1679,1.513822
consent_insert,1680,1.497917
consent_insert,1681,1.343575
consent_insert,1682,1.321322
consent_insert,1683,1.366359
consent_insert,1684,1.350385
consent_insert,1685,1.358898
consent_insert,1686,1.327290
consent_insert,1687,1.321802
consent_insert,1688,1.413961
consent_insert,1689,1.363324
consent_insert,1690,1.375753
consent_insert,1691,1.337586
consent_insert,1692,1.336234
consent_insert,1693,1.337465
consent_insert,1694,1.323585
consent_insert,1695,1.322403
consent_insert,1696,1.314441
consent_insert,1697,1.358597
consent_insert,1698,1.354752
consent_insert,1699,1.333860
consent_insert,1700,1.335814
consent_insert,1701,1.491678
consent_insert,1702,1.350836
consent_insert,1703,1.332067
consent_insert,1704,1.345147
consent_insert,1705,1.347180
consent_insert,1706,1.345738
consent_insert,1707,1.322764
consent_insert,1708,1.340450
consent_insert,1709,1.360731
consent_insert,1710,1.335724
consent_insert,1711,1.367471
consent_insert,1712,1.376114
consent_insert,1713,1.372649
consent_insert,1714,1.321362
consent_insert,1715,1.321201
consent_insert,1716,1.350425
consent_insert,1717,1.353129
consent_insert,1718,1.418668
consent_insert,1719,1.346209
consent_insert,1720,1.337376
consent_insert,1721,1.351857
consent_insert,1722,1.302603
consent_insert,1723,1.349955
consent_insert,1724,1.376345
consent_insert,1725,1.320280
consent_insert,1726,1.374391
consent_insert,1727,1.320079
consent_insert,1728,1.312838
consent_insert,1729,1.312317
consent_insert,1730,1.308923
consent_insert,1731,1.312778
consent_insert,1732,1.297656
consent_insert,1733,1.286979
consent_insert,1734,1.283184
consent_insert,1735,1.328012
consent_insert,1736,1.370936
consent_insert,1737,1.329393
consent_insert,1738,1.311065
consent_insert,1739,1.335372
consent_insert,1740,1.300079
consent_insert,1741,1.357335
consent_insert,1742,1.322673
consent_insert,1743,1.311547
consent_insert,1744,1.326949
consent_insert,1745,1.296173
consent_insert,1746,1.387241
consent_insert,1747,1.386820
consent_insert,1748,1.408293
consent_insert,1749,1.412549
consent_insert,1750,1.329233
consent_insert,1751,1.366469
consent_insert,1752,1.337285
consent_insert,1753,1.368073
consent_insert,1754,1.331346
consent_insert,1755,1.415163
consent_insert,1756,1.341131
consent_insert,1757,1.321672
consent_insert,1758,1.312458
consent_insert,1759,1.355823
consent_insert,1760,1.383014
consent_insert,1761,1.339218
consent_insert,1762,1.352138
consent_insert,1763,1.310685
consent_insert,1764,1.345778
consent_insert,1765,1.360530
consent_insert,1766,1.340110
consent_insert,1767,1.304356
consent_insert,1768,1.591429
consent_insert,1769,1.619952
consent_insert,1770,1.800794
consent_insert,1771,1.383404
consent_insert,1772,1.372599
consent_insert,1773,1.355944
consent_insert,1774,1.354541
consent_insert,1775,1.369734
consent_insert,1776,1.340911
consent_insert,1777,1.395883
consent_insert,1778,1.500441
consent_insert,1779,1.368012
consent_insert,1780,1.371016
consent_insert,1781,1.402103
consent_insert,1782,1.396675
consent_insert,1783,1.698079
consent_insert,1784,1.679231
consent_insert,1785,1.705501
consent_insert,1786,1.491458
consent_insert,1787,1.554853
consent_insert,1788,1.519901
consent_insert,1789,1.399659
consent_insert,1790,1.476525
consent_insert,1791,1.378949
consent_insert,1792,1.363164
consent_insert,1793,1.374071
consent_insert,1794,1.369965
consent_insert,1795,1.381762
consent_insert,1796,1.364436
consent_insert,1797,1.371617
consent_insert,1798,1.370766
consent_insert,1799,1.378007
consent_insert,1800,1.356444
consent_insert,1801,1.594502
consent_insert,1802,1.474012
consent_insert,1803,1.521784
consent_insert,1804,1.390867
consent_insert,1805,1.454192
consent_insert,1806,1.531328
consent_insert,1807,1.356074
consent_insert,1808,1.393590
consent_insert,1809,1.368673
consent_insert,1810,1.339559
consent_insert,1811,1.338547
consent_insert,1812,1.335884
consent_insert,1813,1.347331
consent_insert,1814,1.475193
consent_insert,1815,1.450967
consent_insert,1816,1.376575
consent_insert,1817,1.362624
consent_insert,1818,1.326790
consent_insert,1819,1.443135
consent_insert,1820,1.435874
consent_insert,1821,1.319309
consent_insert,1822,1.312007
consent_insert,1823,1.318618
consent_insert,1824,1.324566
consent_insert,1825,1.397727
consent_insert,1826,1.331476
consent_insert,1827,1.427262
consent_insert,1828,1.447963
consent_insert,1829,1.353790
consent_insert,1830,1.335323
consent_insert,1831,1.350204
consent_insert,1832,1.317216
consent_insert,1833,1.282142
consent_insert,1834,1.307531
consent_insert,1835,1.291586
consent_insert,1836,1.319078
consent_insert,1837,1.322994
consent_insert,1838,1.311386
consent_insert,1839,1.360641
consent_insert,1840,1.327320
consent_insert,1841,1.295202
consent_insert,1842,1.347100
consent_insert,1843,1.452539
consent_insert,1844,1.547101
consent_insert,1845,1.348532
consent_insert,1846,1.336464
consent_insert,1847,1.328032
consent_insert,1848,2.071522
consent_insert,1849,1.365898
consent_insert,1850,1.353530
consent_insert,1851,1.681184
consent_insert,1852,1.391628
consent_insert,1853,1.358447
consent_insert,1854,1.335774
consent_insert,1855,1.364957
consent_insert,1856,1.338026
consent_insert,1857,1.360620
consent_insert,1858,1.362594
consent_insert,1859,1.394212
consent_insert,1860,1.367251
consent_insert,1861,1.396515
consent_insert,1862,1.348643
consent_insert,1863,1.362033
consent_insert,1864,1.353831
consent_insert,1865,1.352258
consent_insert,1866,1.406089
consent_insert,1867,1.366619
consent_insert,1868,1.337386
consent_insert,1869,1.344626
consent_insert,1870,1.460592
consent_insert,1871,1.382474
consent_insert,1872,1.360110
consent_insert,1873,1.350245
consent_insert,1874,1.329123
consent_insert,1875,1.374952
consent_insert,1876,1.362594
consent_insert,1877,1.337046
consent_insert,1878,1.370685
consent_insert,1879,1.326980
consent_insert,1880,1.349154
consent_insert,1881,1.320561
consent_insert,1882,1.429434
consent_insert,1883,1.376865
consent_insert,1884,1.417096
consent_insert,1885,1.401001
consent_insert,1886,1.368292
consent_insert,1887,1.345828
consent_insert,1888,1.349654
consent_insert,1889,1.378748
consent_insert,1890,1.400030
consent_insert,1891,1.371176
consent_insert,1892,1.386790
consent_insert,1893,1.342483
consent_insert,1894,1.351186
consent_insert,1895,1.338557
consent_insert,1896,1.382544
consent_insert,1897,1.411878
consent_insert,1898,1.337326
consent_insert,1899,1.368824
consent_insert,1900,1.357946
consent_insert,1901,1.803508
consent_insert,1902,1.358798
consent_insert,1903,1.501122
consent_insert,1904,1.481192
consent_insert,1905,1.365589
consent_insert,1906,1.323625
consent_insert,1907,1.427832
consent_insert,1908,1.372839
consent_insert,1909,1.381151
consent_insert,1910,1.387391
consent_insert,1911,1.343514
consent_insert,1912,1.334681
consent_insert,1913,1.359458
consent_insert,1914,1.401942
consent_insert,1915,1.404687
consent_insert,1916,1.356063
consent_insert,1917,1.365868
consent_insert,1918,1.333620
consent_insert,1919,1.320299
consent_insert,1920,1.325648
consent_insert,1921,1.309924
consent_insert,1922,1.341351
consent_insert,1923,1.337706
consent_insert,1924,1.347041
consent_insert,1925,1.359479
consent_insert,1926,1.362914
consent_insert,1927,1.859843
consent_insert,1928,1.379870
consent_insert,1929,1.370365
consent_insert,1930,1.303714
consent_insert,1931,1.335232
consent_insert,1932,1.354041
consent_insert,1933,1.330836
consent_insert,1934,1.326379
consent_insert,1935,1.324256
consent_insert,1936,1.325067
consent_insert,1937,1.301021
consent_insert,1938,1.406600
consent_insert,1939,1.354041
consent_insert,1940,1.359650
consent_insert,1941,1.344736
consent_insert,1942,1.361883
consent_insert,1943,1.315693
consent_insert,1944,1.357216
consent_insert,1945,1.328732
consent_insert,1946,1.333540
consent_insert,1947,1.330776
consent_insert,1948,1.320420
consent_insert,1949,1.325958
consent_insert,1950,1.409845
consent_insert,1951,1.387441
consent_insert,1952,1.343565
consent_insert,1953,1.342053
consent_insert,1954,1.398788
consent_insert,1955,1.337055
consent_insert,1956,1.334110
consent_insert,1957,1.369313
consent_insert,1958,1.344807
consent_insert,1959,1.330816
consent_insert,1960,1.319939
consent_insert,1961,1.299078
consent_insert,1962,1.380992
consent_insert,1963,1.338968
consent_insert,1964,1.337836
consent_insert,1965,1.374431
consent_insert,1966,1.335493
consent_insert,1967,1.325298
consent_insert,1968,1.323324
consent_insert,1969,1.383545
consent_insert,1970,1.366840
consent_insert,1971,1.357846
consent_insert,1972,1.347231
consent_insert,1973,1.334972
consent_insert,1974,1.355043
consent_insert,1975,1.375653
consent_insert,1976,1.371488
consent_insert,1977,1.350996
consent_insert,1978,1.354031
consent_insert,1979,1.316905
consent_insert,1980,1.329223
consent_insert,1981,1.337465
consent_insert,1982,1.305317
consent_insert,1983,1.308221
consent_insert,1984,1.348973
consent_insert,1985,1.319198
consent_insert,1986,1.362824
consent_insert,1987,1.327180
consent_insert,1988,1.342433
consent_insert,1989,1.318548
consent_insert,1990,1.354982
consent_insert,1991,1.318196
consent_insert,1992,1.328362
consent_insert,1993,1.325668
consent_insert,1994,1.377135
consent_insert,1995,1.393390
consent_insert,1996,1.351727
consent_insert,1997,1.339229
consent_insert,1998,1.342203
consent_insert,1999,1.334302
