kind,scheduled_ms,started_ms,finished_ms,wall_ms,error,writer
update,22,38,123,85,,3
update,0,36,127,91,,0
update,33,38,127,89,,5
update,11,38,127,89,,2
update,88,89,127,38,,10
inbound,0,36,128,92,,1
update,44,63,144,81,,6
update,121,121,177,56,,14
update,66,67,177,110,,8
update,143,144,179,35,,0
update,154,155,179,24,,1
update,55,64,180,116,,7
inbound,25,38,180,142,,4
update,165,166,183,17,,3
update,77,78,187,109,,9
inbound,100,102,188,86,,12
inbound,155,157,190,33,,2
update,176,180,192,12,,4
update,110,111,194,83,,13
update,187,188,196,8,,5
update,99,101,196,95,,11
update,198,199,203,4,,6
update,132,133,204,71,,15
inbound,200,202,209,7,,7
update,209,210,213,3,,8
inbound,210,212,221,9,,9
update,220,221,224,3,,10
inbound,225,227,233,6,,11
update,231,232,236,4,,12
update,242,243,249,6,,13
update,253,254,258,4,,14
update,264,265,269,4,,15
inbound,265,268,274,6,,0
update,275,276,279,3,,1
update,286,286,290,4,,2
update,297,298,301,3,,3
update,308,309,314,5,,4
update,319,319,323,4,,5
inbound,320,322,328,6,,6
update,330,331,334,3,,7
update,341,342,345,3,,8
update,352,353,358,5,,9
update,363,364,368,4,,10
update,374,375,380,5,,11
inbound,375,377,381,4,,12
update,385,385,389,4,,13
update,396,397,400,3,,14
inbound,400,402,408,6,,15
update,407,408,411,3,,0
update,418,419,422,3,,1
inbound,425,427,431,4,,2
update,429,430,434,4,,3
inbound,430,432,436,4,,4
update,440,441,444,3,,5
update,451,452,456,4,,6
update,462,463,467,4,,7
update,473,474,477,3,,8
update,484,484,488,4,,9
inbound,485,487,493,6,,10
update,495,496,499,3,,11
update,506,507,512,5,,12
update,517,517,521,4,,13
update,528,529,533,4,,14
update,539,540,544,4,,15
inbound,540,542,546,4,,0
update,550,551,554,3,,1
update,561,562,565,3,,2
update,572,573,576,3,,3
update,583,584,587,3,,4
update,594,594,598,4,,5
inbound,595,597,600,3,,6
update,605,606,609,3,,7
update,616,617,621,4,,8
update,627,628,631,3,,9
update,638,638,642,4,,10
update,649,650,653,3,,11
inbound,650,652,655,3,,12
update,660,660,664,4,,13
update,671,672,675,3,,14
update,682,683,686,3,,15
update,693,693,697,4,,0
update,704,705,709,4,,1
inbound,705,707,711,4,,2
update,715,716,719,3,,3
update,726,727,730,3,,4
update,737,737,741,4,,5
update,748,749,753,4,,6
update,759,760,764,4,,7
inbound,760,762,766,4,,8
update,770,771,774,3,,9
update,781,781,785,4,,10
update,792,793,796,3,,11
update,803,803,807,4,,12
update,814,814,819,5,,13
inbound,815,817,821,4,,14
update,825,826,829,3,,15
update,836,837,840,3,,0
update,847,848,852,4,,1
update,858,859,862,3,,2
update,869,870,874,4,,3
update,880,880,885,5,,4
update,891,891,895,4,,5
update,902,903,908,5,,6
update,913,913,918,5,,7
update,924,925,928,3,,8
inbound,1000,1002,1006,4,,10
update,1000,1002,1007,5,,9
update,1011,1013,1016,3,,11
update,1022,1024,1028,4,,12
inbound,1025,1026,1033,7,,13
update,1033,1035,1038,3,,14
update,1044,1046,1051,5,,15
update,1055,1057,1062,5,,0
update,1066,1068,1073,5,,1
update,1077,1079,1082,3,,2
update,1088,1090,1094,4,,3
update,1099,1101,1105,4,,4
inbound,1100,1102,1110,8,,5
update,1110,1112,1115,3,,6
update,1121,1123,1126,3,,7
update,1132,1134,1138,4,,8
update,1143,1145,1148,3,,9
update,1154,1156,1161,5,,10
inbound,1155,1157,1163,6,,11
update,1165,1167,1172,5,,12
update,1176,1178,1182,4,,13
update,1187,1189,1192,3,,14
update,1198,1199,1205,6,,15
inbound,1200,1202,1207,5,,0
inbound,1210,1211,1215,4,,2
update,1209,1211,1217,6,,1
update,1220,1222,1226,4,,3
inbound,1225,1227,1231,4,,4
update,1231,1232,1237,5,,5
update,1253,1254,1261,7,,7
update,1242,1244,1261,17,,6
inbound,1265,1267,1282,15,,9
update,1275,1277,1282,5,,10
update,1264,1265,1282,17,,8
update,1286,1288,1292,4,,11
update,1297,1299,1303,4,,12
update,1308,1310,1313,3,,13
update,1319,1321,1326,5,,14
inbound,1320,1321,1328,7,,15
update,1330,1332,1336,4,,0
update,1341,1343,1346,3,,1
update,1352,1354,1358,4,,2
update,1363,1364,1368,4,,3
update,1374,1376,1381,5,,4
inbound,1375,1377,1382,5,,5
update,1385,1387,1390,3,,6
update,1396,1398,1401,3,,7
inbound,1400,1401,1408,7,,8
update,1407,1409,1413,4,,9
update,1418,1420,1424,4,,10
inbound,1425,1427,1430,3,,11
update,1429,1430,1434,4,,12
inbound,1430,1431,1437,6,,13
update,1440,1442,1446,4,,14
update,1451,1453,1456,3,,15
update,1462,1464,1467,3,,0
update,1473,1475,1479,4,,1
update,1484,1485,1489,4,,2
inbound,1485,1487,1495,8,,3
update,1495,1497,1501,4,,4
update,1506,1508,1512,4,,5
update,1517,1519,1522,3,,6
update,1528,1530,1533,3,,7
update,1539,1541,1545,4,,8
inbound,1540,1542,1545,3,,9
update,1550,1552,1555,3,,10
update,1561,1562,1565,3,,11
update,1572,1574,1577,3,,12
update,1583,1585,1587,2,,13
inbound,1595,1596,1600,4,,15
update,1594,1596,1600,4,,14
update,1605,1607,1609,2,,0
update,1616,1617,1629,12,,1
update,1627,1629,1633,4,,2
update,1638,1640,1643,3,,3
update,1649,1651,1654,3,,4
inbound,1650,1652,1656,4,,5
update,1660,1662,1665,3,,6
update,1671,1673,1675,2,,7
update,1682,1684,1687,3,,8
update,1693,1695,1698,3,,9
update,1704,1706,1710,4,,10
inbound,1705,1707,1711,4,,11
update,1715,1717,1720,3,,12
update,1726,1728,1730,2,,13
update,1737,1739,1741,2,,14
update,1748,1749,1752,3,,15
update,1759,1760,1764,4,,0
inbound,1760,1762,1766,4,,1
update,1770,1772,1775,3,,2
update,1781,1783,1786,3,,3
update,1792,1794,1797,3,,4
update,1803,1805,1808,3,,5
update,1814,1816,1819,3,,6
inbound,1815,1817,1821,4,,7
update,1825,1827,1830,3,,8
update,1836,1838,1841,3,,9
update,1847,1848,1851,3,,10
update,1858,1860,1863,3,,11
update,1869,1871,1874,3,,12
update,1880,1882,1886,4,,13
update,1891,1893,1904,11,,14
update,1902,1904,1911,7,,15
update,1913,1915,1930,15,,0
update,1924,1926,1938,12,,1
update,2000,2002,2008,6,,2
inbound,2000,2005,2022,17,,3
update,2011,2012,2028,16,,4
update,2022,2023,2030,7,,5
inbound,2025,2030,2034,4,,6
update,2033,2034,2039,5,,7
update,2044,2046,2049,3,,8
update,2055,2057,2059,2,,9
update,2066,2068,2070,2,,10
update,2077,2081,2085,4,,11
update,2088,2092,2095,3,,12
update,2099,2104,2108,4,,13
inbound,2100,2105,2110,5,,14
update,2110,2114,2117,3,,15
update,2121,2126,2131,5,,0
update,2132,2137,2140,3,,1
update,2143,2148,2151,3,,2
update,2154,2159,2163,4,,3
inbound,2155,2159,2164,5,,4
update,2165,2169,2173,4,,5
update,2176,2180,2184,4,,6
update,2187,2192,2195,3,,7
update,2198,2202,2206,4,,8
inbound,2200,2205,2209,4,,9
update,2209,2214,2217,3,,10
inbound,2210,2215,2219,4,,11
update,2220,2225,2228,3,,12
inbound,2225,2230,2233,3,,13
update,2231,2236,2239,3,,14
update,2242,2247,2250,3,,15
update,2253,2258,2261,3,,0
update,2264,2268,2273,5,,1
inbound,2265,2270,2273,3,,2
update,2275,2279,2282,3,,3
update,2286,2291,2294,3,,4
update,2297,2301,2304,3,,5
update,2308,2313,2316,3,,6
update,2319,2324,2328,4,,7
inbound,2320,2325,2328,3,,8
update,2330,2335,2338,3,,9
update,2341,2345,2348,3,,10
update,2352,2356,2359,3,,11
update,2363,2368,2371,3,,12
update,2374,2378,2382,4,,13
inbound,2375,2380,2392,12,,14
update,2385,2390,2393,3,,15
update,2396,2401,2404,3,,0
inbound,2400,2404,2407,3,,1
update,2407,2412,2415,3,,2
update,2418,2423,2426,3,,3
inbound,2425,2430,2433,3,,4
update,2429,2434,2437,3,,5
inbound,2430,2435,2439,4,,6
update,2440,2445,2448,3,,7
update,2451,2456,2460,4,,8
update,2462,2467,2471,4,,9
update,2473,2478,2481,3,,10
update,2484,2489,2495,6,,11
inbound,2485,2491,2496,5,,12
update,2495,2500,2504,4,,13
update,2506,2511,2515,4,,14
update,2517,2522,2525,3,,15
update,2528,2533,2536,3,,0
update,2539,2544,2548,4,,1
inbound,2540,2545,2549,4,,2
update,2550,2555,2559,4,,3
update,2561,2566,2569,3,,4
update,2572,2577,2580,3,,5
update,2583,2588,2590,2,,6
update,2594,2599,2603,4,,7
inbound,2595,2600,2604,4,,8
update,2605,2610,2613,3,,9
update,2616,2621,2624,3,,10
update,2627,2632,2635,3,,11
update,2638,2643,2645,2,,12
update,2649,2654,2658,4,,13
inbound,2650,2654,2659,5,,14
update,2660,2665,2668,3,,15
update,2671,2676,2679,3,,0
update,2682,2687,2690,3,,1
update,2693,2698,2701,3,,2
update,2704,2709,2712,3,,3
inbound,2705,2710,2714,4,,4
update,2715,2720,2723,3,,5
update,2726,2731,2734,3,,6
update,2737,2742,2745,3,,7
update,2748,2753,2756,3,,8
inbound,2760,2764,2768,4,,10
update,2759,2764,2768,4,,9
update,2770,2775,2778,3,,11
update,2781,2786,2790,4,,12
update,2792,2797,2802,5,,13
update,2803,2807,2811,4,,14
update,2814,2818,2823,5,,15
inbound,2815,2820,2825,5,,0
update,2825,2830,2833,3,,1
update,2836,2841,2845,4,,2
update,2847,2852,2855,3,,3
update,2858,2862,2865,3,,4
update,2869,2873,2877,4,,5
update,2880,2885,2888,3,,6
update,2891,2896,2900,4,,7
update,2902,2907,2911,4,,8
update,2913,2918,2922,4,,9
update,2924,2929,2934,5,,10
update,3000,3005,3010,5,,11
inbound,3000,3005,3011,6,,12
update,3011,3015,3021,6,,13
update,3022,3026,3030,4,,14
inbound,3025,3030,3034,4,,15
update,3033,3038,3041,3,,0
update,3044,3048,3051,3,,1
update,3055,3060,3063,3,,2
update,3066,3071,3074,3,,3
update,3077,3082,3085,3,,4
update,3088,3093,3096,3,,5
update,3099,3103,3107,4,,6
inbound,3100,3104,3108,4,,7
update,3110,3115,3118,3,,8
update,3121,3126,3129,3,,9
update,3132,3139,3144,5,,10
update,3143,3147,3153,6,,11
update,3154,3158,3162,4,,12
inbound,3155,3160,3164,4,,13
update,3165,3170,3173,3,,14
update,3176,3181,3184,3,,15
update,3187,3191,3195,4,,0
update,3198,3203,3206,3,,1
inbound,3200,3205,3208,3,,2
update,3209,3214,3218,4,,3
inbound,3210,3215,3220,5,,4
update,3220,3225,3227,2,,5
inbound,3225,3230,3233,3,,6
update,3231,3236,3239,3,,7
update,3242,3247,3250,3,,8
update,3253,3258,3261,3,,9
update,3264,3269,3273,4,,10
inbound,3265,3270,3275,5,,11
update,3275,3280,3283,3,,12
update,3286,3291,3294,3,,13
update,3297,3302,3305,3,,14
update,3308,3313,3316,3,,15
update,3319,3324,3327,3,,0
inbound,3320,3325,3328,3,,1
update,3330,3335,3338,3,,2
update,3341,3346,3349,3,,3
update,3352,3356,3359,3,,4
update,3363,3367,3371,4,,5
update,3374,3379,3382,3,,6
inbound,3375,3380,3384,4,,7
update,3385,3390,3393,3,,8
update,3396,3401,3404,3,,9
inbound,3400,3404,3408,4,,10
update,3407,3412,3415,3,,11
update,3418,3423,3426,3,,12
inbound,3425,3429,3433,4,,13
update,3429,3434,3437,3,,14
inbound,3430,3435,3438,3,,15
update,3440,3445,3448,3,,0
update,3451,3456,3459,3,,1
update,3462,3466,3470,4,,2
update,3473,3478,3480,2,,3
update,3484,3489,3492,3,,4
inbound,3485,3490,3495,5,,5
update,3495,3499,3503,4,,6
update,3506,3511,3515,4,,7
update,3517,3522,3527,5,,8
update,3528,3533,3535,2,,9
update,3539,3543,3547,4,,10
inbound,3540,3545,3548,3,,11
update,3550,3554,3558,4,,12
update,3561,3565,3569,4,,13
update,3572,3577,3580,3,,14
update,3583,3588,3591,3,,15
update,3594,3599,3606,7,,0
inbound,3595,3599,3606,7,,1
update,3605,3610,3614,4,,2
update,3616,3621,3624,3,,3
update,3627,3632,3636,4,,4
update,3638,3642,3647,5,,5
update,3649,3654,3657,3,,6
inbound,3650,3654,3658,4,,7
update,3660,3665,3668,3,,8
update,3671,3676,3679,3,,9
update,3682,3687,3690,3,,10
update,3693,3698,3700,2,,11
inbound,3705,3709,3713,4,,13
update,3704,3709,3713,4,,12
update,3715,3720,3723,3,,14
update,3726,3731,3734,3,,15
update,3737,3742,3745,3,,0
update,3748,3753,3756,3,,1
inbound,3760,3765,3769,4,,3
update,3759,3764,3769,5,,2
update,3770,3775,3778,3,,4
update,3781,3786,3789,3,,5
update,3792,3796,3799,3,,6
update,3803,3808,3811,3,,7
update,3814,3819,3823,4,,8
inbound,3815,3820,3823,3,,9
update,3825,3830,3832,2,,10
update,3836,3841,3844,3,,11
update,3847,3852,3855,3,,12
update,3858,3863,3867,4,,13
update,3869,3874,3877,3,,14
update,3880,3884,3888,4,,15
update,3891,3896,3899,3,,0
update,3902,3906,3910,4,,1
update,3913,3918,3920,2,,2
update,3924,3929,3932,3,,3
update,4000,4005,4012,7,,4
inbound,4000,4006,4013,7,,5
update,4011,4016,4019,3,,6
update,4022,4026,4029,3,,7
inbound,4025,4031,4036,5,,8
update,4033,4038,4041,3,,9
update,4044,4048,4051,3,,10
update,4055,4060,4063,3,,11
update,4066,4071,4074,3,,12
update,4077,4082,4085,3,,13
update,4088,4093,4096,3,,14
update,4099,4103,4106,3,,15
inbound,4100,4106,4109,3,,0
update,4110,4115,4118,3,,1
update,4121,4126,4129,3,,2
update,4132,4136,4141,5,,3
update,4143,4147,4153,6,,4
update,4154,4159,4168,9,,5
inbound,4155,4161,4168,7,,6
update,4165,4170,4175,5,,7
update,4176,4181,4185,4,,8
update,4187,4192,4195,3,,9
update,4198,4203,4207,4,,10
inbound,4200,4207,4211,4,,11
update,4209,4214,4221,7,,12
inbound,4210,4216,4221,5,,13
update,4220,4225,4228,3,,14
inbound,4225,4230,4234,4,,15
update,4231,4236,4239,3,,0
update,4242,4247,4250,3,,1
update,4253,4258,4261,3,,2
update,4264,4269,4273,4,,3
inbound,4265,4271,4276,5,,4
update,4275,4280,4286,6,,5
update,4286,4291,4294,3,,6
update,4297,4302,4304,2,,7
update,4308,4313,4316,3,,8
update,4319,4324,4327,3,,9
inbound,4320,4326,4329,3,,10
update,4330,4335,4339,4,,11
update,4341,4346,4350,4,,12
update,4352,4357,4360,3,,13
update,4363,4368,4371,3,,14
update,4374,4379,4385,6,,15
inbound,4375,4381,4385,4,,0
update,4385,4390,4394,4,,1
update,4396,4401,4405,4,,2
inbound,4400,4406,4408,2,,3
update,4407,4412,4415,3,,4
update,4418,4423,4426,3,,5
inbound,4425,4431,4435,4,,6
update,4429,4433,4439,6,,7
inbound,4430,4436,4440,4,,8
update,4440,4445,4449,4,,9
update,4451,4456,4460,4,,10
update,4462,4467,4470,3,,11
update,4473,4478,4483,5,,12
update,4484,4489,4493,4,,13
inbound,4485,4490,4494,4,,14
update,4495,4500,4504,4,,15
update,4506,4511,4514,3,,0
update,4528,4533,4539,6,,2
update,4517,4521,4539,18,,1
update,4539,4544,4547,3,,3
inbound,4540,4546,4549,3,,4
update,4550,4555,4558,3,,5
update,4561,4566,4570,4,,6
update,4572,4576,4579,3,,7
update,4583,4588,4590,2,,8
update,4594,4599,4602,3,,9
inbound,4595,4601,4603,2,,10
update,4605,4610,4613,3,,11
update,4616,4621,4624,3,,12
update,4627,4632,4635,3,,13
update,4638,4643,4646,3,,14
update,4649,4654,4657,3,,15
inbound,4650,4656,4660,4,,0
update,4660,4664,4667,3,,1
update,4671,4676,4678,2,,2
update,4682,4687,4690,3,,3
update,4693,4698,4700,2,,4
update,4704,4708,4712,4,,5
inbound,4705,4711,4714,3,,6
update,4715,4720,4723,3,,7
update,4726,4731,4735,4,,8
update,4737,4742,4745,3,,9
update,4748,4753,4756,3,,10
update,4759,4764,4767,3,,11
inbound,4760,4766,4769,3,,12
update,4770,4775,4778,3,,13
update,4781,4786,4789,3,,14
update,4792,4796,4799,3,,15
update,4803,4807,4810,3,,0
update,4814,4819,4821,2,,1
inbound,4815,4821,4824,3,,2
update,4825,4830,4833,3,,3
update,4836,4841,4844,3,,4
update,4847,4851,4854,3,,5
update,4858,4862,4865,3,,6
update,4869,4874,4877,3,,7
update,4880,4885,4889,4,,8
update,4891,4896,4899,3,,9
update,4902,4908,4911,3,,10
update,4913,4919,4922,3,,11
update,4924,4930,4932,2,,12
update,5000,5005,5010,5,,13
inbound,5000,5006,5012,6,,14
update,5011,5017,5020,3,,15
update,5022,5028,5030,2,,0
inbound,5025,5030,5033,3,,1
update,5033,5039,5042,3,,2
update,5044,5050,5053,3,,3
update,5055,5061,5064,3,,4
update,5066,5072,5075,3,,5
update,5077,5083,5085,2,,6
update,5088,5093,5096,3,,7
update,5099,5104,5108,4,,8
inbound,5100,5106,5109,3,,9
update,5110,5116,5119,3,,10
update,5121,5127,5129,2,,11
update,5132,5138,5141,3,,12
update,5143,5149,5152,3,,13
update,5154,5160,5164,4,,14
inbound,5155,5161,5165,4,,15
update,5165,5171,5174,3,,0
update,5176,5182,5185,3,,1
update,5187,5193,5195,2,,2
update,5198,5204,5207,3,,3
inbound,5200,5206,5209,3,,4
update,5209,5215,5218,3,,5
inbound,5210,5216,5219,3,,6
update,5220,5226,5229,3,,7
inbound,5225,5231,5234,3,,8
update,5231,5237,5240,3,,9
update,5242,5248,5251,3,,10
update,5253,5259,5262,3,,11
update,5264,5270,5273,3,,12
inbound,5265,5271,5274,3,,13
update,5275,5281,5284,3,,14
update,5286,5292,5296,4,,15
update,5297,5303,5307,4,,0
update,5308,5313,5317,4,,1
update,5319,5324,5328,4,,2
inbound,5320,5326,5329,3,,3
update,5330,5336,5339,3,,4
update,5341,5346,5349,3,,5
update,5352,5357,5361,4,,6
update,5363,5369,5372,3,,7
update,5374,5380,5383,3,,8
inbound,5375,5381,5384,3,,9
update,5385,5390,5393,3,,10
update,5396,5402,5405,3,,11
inbound,5400,5406,5409,3,,12
update,5407,5413,5416,3,,13
update,5418,5424,5427,3,,14
inbound,5425,5431,5434,3,,15
update,5429,5435,5438,3,,0
inbound,5430,5436,5439,3,,1
update,5440,5445,5448,3,,2
update,5451,5456,5459,3,,3
update,5462,5467,5470,3,,4
update,5473,5479,5482,3,,5
update,5484,5490,5494,4,,6
inbound,5485,5490,5494,4,,7
update,5495,5501,5504,3,,8
update,5506,5512,5515,3,,9
update,5517,5523,5525,2,,10
update,5528,5534,5543,9,,11
update,5539,5545,5548,3,,12
inbound,5540,5546,5549,3,,13
update,5550,5556,5559,3,,14
update,5561,5567,5570,3,,15
update,5572,5578,5581,3,,0
update,5583,5589,5592,3,,1
update,5594,5600,5604,4,,2
inbound,5595,5601,5605,4,,3
update,5605,5611,5613,2,,4
update,5616,5622,5624,2,,5
update,5627,5632,5635,3,,6
update,5638,5644,5647,3,,7
update,5649,5655,5658,3,,8
inbound,5650,5656,5659,3,,9
update,5660,5666,5669,3,,10
update,5671,5677,5680,3,,11
update,5682,5688,5690,2,,12
update,5693,5699,5701,2,,13
update,5704,5710,5713,3,,14
inbound,5705,5711,5714,3,,15
update,5715,5721,5723,2,,0
update,5726,5732,5734,2,,1
update,5737,5743,5745,2,,2
update,5748,5754,5757,3,,3
update,5759,5765,5769,4,,4
inbound,5760,5765,5769,4,,5
update,5770,5776,5779,3,,6
update,5781,5787,5792,5,,7
update,5792,5798,5801,3,,8
update,5803,5809,5811,2,,9
update,5814,5820,5823,3,,10
inbound,5815,5822,5825,3,,11
update,5825,5831,5834,3,,12
update,5836,5842,5844,2,,13
update,5847,5852,5855,3,,14
update,5858,5863,5866,3,,15
update,5869,5874,5877,3,,0
update,5880,5886,5889,3,,1
update,5891,5897,5900,3,,2
update,5902,5908,5911,3,,3
update,5913,5919,5922,3,,4
update,5924,5930,5934,4,,5
inbound,6000,6007,6011,4,,7
update,6000,6007,6014,7,,6
update,6011,6018,6022,4,,8
update,6022,6028,6031,3,,9
inbound,6025,6031,6034,3,,10
update,6033,6040,6042,2,,11
update,6044,6051,6054,3,,12
update,6055,6062,6065,3,,13
update,6066,6073,6076,3,,14
update,6077,6083,6086,3,,15
update,6088,6094,6098,4,,0
update,6099,6106,6109,3,,1
inbound,6100,6107,6112,5,,2
update,6110,6117,6120,3,,3
update,6121,6128,6131,3,,4
update,6132,6139,6142,3,,5
update,6143,6150,6153,3,,6
update,6154,6161,6165,4,,7
inbound,6155,6162,6166,4,,8
update,6165,6172,6176,4,,9
update,6176,6182,6185,3,,10
update,6187,6194,6197,3,,11
update,6198,6205,6208,3,,12
inbound,6200,6207,6211,4,,13
update,6209,6216,6219,3,,14
inbound,6210,6217,6220,3,,15
update,6220,6227,6230,3,,0
inbound,6225,6231,6234,3,,1
update,6231,6238,6242,4,,2
update,6242,6249,6252,3,,3
update,6253,6260,6263,3,,4
update,6264,6271,6274,3,,5
inbound,6265,6272,6275,3,,6
update,6275,6281,6284,3,,7
update,6286,6293,6296,3,,8
update,6297,6303,6307,4,,9
update,6308,6314,6317,3,,10
update,6319,6326,6329,3,,11
inbound,6320,6326,6330,4,,12
update,6330,6336,6340,4,,13
update,6341,6347,6350,3,,14
update,6352,6359,6362,3,,15
update,6363,6369,6373,4,,0
update,6374,6380,6384,4,,1
inbound,6375,6381,6385,4,,2
update,6385,6392,6394,2,,3
update,6396,6403,6407,4,,4
inbound,6400,6406,6410,4,,5
update,6407,6414,6418,4,,6
update,6418,6424,6428,4,,7
inbound,6425,6432,6435,3,,8
update,6429,6436,6440,4,,9
inbound,6430,6437,6440,3,,10
update,6440,6447,6450,3,,11
update,6451,6458,6460,2,,12
update,6462,6469,6472,3,,13
update,6473,6480,6483,3,,14
update,6484,6491,6494,3,,15
inbound,6485,6492,6495,3,,0
update,6495,6502,6505,3,,1
update,6506,6512,6515,3,,2
update,6517,6523,6527,4,,3
update,6528,6534,6537,3,,4
update,6539,6546,6550,4,,5
inbound,6540,6547,6550,3,,6
update,6550,6556,6559,3,,7
update,6561,6567,6572,5,,8
update,6572,6579,6583,4,,9
update,6583,6589,6593,4,,10
update,6594,6601,6606,5,,11
inbound,6595,6602,6607,5,,12
update,6605,6611,6615,4,,13
update,6616,6623,6625,2,,14
update,6627,6634,6637,3,,15
update,6638,6645,6649,4,,0
update,6649,6656,6660,4,,1
inbound,6650,6657,6662,5,,2
update,6660,6667,6670,3,,3
update,6671,6678,6683,5,,4
update,6682,6688,6693,5,,5
update,6693,6700,6705,5,,6
inbound,6705,6711,6715,4,,8
update,6704,6711,6716,5,,7
update,6715,6722,6725,3,,9
update,6726,6733,6735,2,,10
update,6737,6744,6747,3,,11
update,6748,6755,6758,3,,12
inbound,6760,6766,6768,2,,14
update,6759,6765,6770,5,,13
update,6770,6777,6780,3,,15
update,6781,6788,6790,2,,0
update,6792,6799,6802,3,,1
update,6803,6810,6813,3,,2
update,6814,6821,6824,3,,3
inbound,6815,6822,6825,3,,4
update,6825,6832,6834,2,,5
update,6836,6843,6846,3,,6
update,6847,6854,6856,2,,7
update,6858,6865,6869,4,,8
update,6869,6876,6879,3,,9
update,6880,6886,6889,3,,10
update,6891,6898,6901,3,,11
update,6902,6909,6912,3,,12
update,6913,6920,6922,2,,13
update,6924,6930,6933,3,,14
inbound,7000,7007,7010,3,,0
update,7000,7007,7011,4,,15
update,7011,7018,7023,5,,1
update,7022,7028,7036,8,,2
inbound,7025,7032,7036,4,,3
update,7033,7039,7043,4,,4
update,7044,7050,7053,3,,5
update,7055,7062,7065,3,,6
update,7066,7073,7076,3,,7
update,7077,7084,7087,3,,8
update,7088,7095,7097,2,,9
update,7099,7106,7109,3,,10
inbound,7100,7107,7110,3,,11
update,7110,7117,7120,3,,12
update,7121,7127,7131,4,,13
update,7132,7138,7143,5,,14
update,7143,7150,7153,3,,15
inbound,7155,7161,7164,3,,1
update,7154,7161,7165,4,,0
update,7165,7171,7175,4,,2
update,7176,7183,7185,2,,3
update,7187,7194,7197,3,,4
update,7198,7205,7209,4,,5
inbound,7200,7207,7209,2,,6
update,7209,7216,7220,4,,7
inbound,7210,7217,7221,4,,8
update,7220,7227,7230,3,,9
inbound,7225,7232,7235,3,,10
update,7231,7238,7241,3,,11
update,7242,7248,7251,3,,12
update,7253,7260,7263,3,,13
update,7264,7271,7274,3,,14
inbound,7265,7272,7275,3,,15
update,7275,7281,7285,4,,0
update,7286,7292,7295,3,,1
update,7297,7304,7306,2,,2
update,7308,7314,7317,3,,3
update,7319,7326,7329,3,,4
inbound,7320,7327,7330,3,,5
update,7330,7337,7339,2,,6
update,7341,7348,7351,3,,7
update,7352,7359,7362,3,,8
update,7363,7370,7379,9,,9
update,7374,7381,7384,3,,10
inbound,7375,7382,7386,4,,11
update,7385,7391,7395,4,,12
update,7396,7402,7406,4,,13
inbound,7400,7407,7410,3,,14
update,7407,7414,7417,3,,15
update,7418,7425,7427,2,,0
inbound,7425,7432,7434,2,,1
update,7429,7436,7440,4,,2
inbound,7430,7437,7440,3,,3
update,7440,7447,7450,3,,4
update,7451,7458,7460,2,,5
update,7462,7469,7472,3,,6
update,7473,7480,7482,2,,7
update,7484,7490,7493,3,,8
inbound,7485,7491,7495,4,,9
update,7495,7502,7505,3,,10
update,7506,7513,7516,3,,11
update,7517,7524,7527,3,,12
update,7528,7535,7538,3,,13
update,7539,7546,7549,3,,14
inbound,7540,7547,7551,4,,15
update,7550,7557,7560,3,,0
update,7561,7568,7572,4,,1
update,7572,7578,7581,3,,2
update,7583,7590,7592,2,,3
update,7594,7600,7603,3,,4
inbound,7595,7602,7605,3,,5
update,7605,7612,7615,3,,6
update,7616,7623,7627,4,,7
update,7627,7634,7639,5,,8
update,7638,7645,7649,4,,9
update,7649,7656,7660,4,,10
inbound,7650,7658,7663,5,,11
update,7660,7666,7670,4,,12
update,7671,7678,7683,5,,13
update,7682,7689,7692,3,,14
update,7693,7700,7705,5,,15
update,7704,7711,7716,5,,0
inbound,7705,7712,7717,5,,1
update,7715,7722,7725,3,,2
update,7726,7733,7736,3,,3
update,7737,7745,7749,4,,4
update,7748,7755,7759,4,,5
update,7759,7766,7771,5,,6
inbound,7760,7766,7772,6,,7
update,7770,7777,7780,3,,8
update,7781,7788,7790,2,,9
update,7792,7798,7801,3,,10
update,7803,7810,7812,2,,11
inbound,7815,7822,7829,7,,13
update,7814,7821,7829,8,,12
update,7825,7832,7835,3,,14
update,7836,7843,7846,3,,15
update,7847,7853,7857,4,,0
update,7858,7865,7867,2,,1
update,7869,7876,7879,3,,2
update,7880,7887,7889,2,,3
update,7891,7898,7901,3,,4
update,7902,7909,7912,3,,5
update,7913,7920,7923,3,,6
update,7924,7930,7933,3,,7
inbound,8000,8006,8009,3,,9
update,8000,8006,8010,4,,8
update,8011,8018,8020,2,,10
update,8022,8029,8033,4,,11
inbound,8025,8032,8036,4,,12
update,8033,8040,8043,3,,13
update,8044,8050,8053,3,,14
update,8055,8062,8065,3,,15
update,8066,8073,8076,3,,0
update,8077,8084,8087,3,,1
update,8088,8095,8098,3,,2
update,8099,8105,8108,3,,3
inbound,8100,8107,8110,3,,4
update,8110,8117,8120,3,,5
update,8121,8128,8131,3,,6
update,8132,8139,8142,3,,7
update,8143,8150,8152,2,,8
inbound,8155,8161,8165,4,,10
update,8154,8161,8166,5,,9
update,8165,8172,8175,3,,11
update,8176,8183,8185,2,,12
update,8187,8194,8198,4,,13
update,8198,8205,8209,4,,14
inbound,8200,8207,8210,3,,15
update,8209,8215,8219,4,,0
inbound,8210,8217,8221,4,,1
update,8220,8227,8230,3,,2
inbound,8225,8231,8235,4,,3
update,8231,8238,8242,4,,4
update,8242,8249,8252,3,,5
update,8253,8260,8262,2,,6
inbound,8265,8271,8274,3,,8
update,8264,8271,8275,4,,7
update,8275,8282,8285,3,,9
update,8286,8293,8297,4,,10
update,8297,8303,8306,3,,11
update,8308,8315,8318,3,,12
update,8319,8326,8330,4,,13
inbound,8320,8327,8331,4,,14
update,8330,8336,8339,3,,15
update,8341,8348,8351,3,,0
update,8352,8358,8361,3,,1
update,8363,8370,8372,2,,2
update,8374,8380,8383,3,,3
inbound,8375,8382,8385,3,,4
update,8385,8392,8395,3,,5
update,8396,8403,8405,2,,6
inbound,8400,8407,8409,2,,7
update,8407,8413,8418,5,,8
update,8418,8425,8428,3,,9
inbound,8425,8432,8435,3,,10
inbound,8430,8436,8440,4,,12
update,8429,8436,8448,12,,11
update,8440,8447,8450,3,,13
update,8451,8458,8461,3,,14
update,8462,8468,8471,3,,15
update,8473,8480,8482,2,,0
update,8484,8491,8495,4,,1
inbound,8485,8492,8496,4,,2
update,8495,8502,8504,2,,3
update,8506,8513,8517,4,,4
update,8517,8524,8528,4,,5
update,8528,8535,8538,3,,6
inbound,8540,8546,8549,3,,8
update,8539,8546,8550,4,,7
update,8550,8556,8559,3,,9
update,8561,8568,8571,3,,10
update,8572,8579,8582,3,,11
update,8583,8590,8593,3,,12
update,8594,8601,8605,4,,13
inbound,8595,8602,8605,3,,14
update,8605,8612,8615,3,,15
update,8616,8623,8627,4,,0
update,8627,8634,8640,6,,1
update,8638,8645,8653,8,,2
update,8649,8656,8664,8,,3
inbound,8650,8657,8666,9,,4
update,8660,8667,8671,4,,5
update,8671,8679,8686,7,,6
update,8682,8689,8692,3,,7
update,8693,8700,8709,9,,8
inbound,8705,8711,8714,3,,10
update,8704,8711,8716,5,,9
update,8715,8722,8725,3,,11
update,8726,8733,8736,3,,12
update,8737,8744,8747,3,,13
update,8748,8755,8758,3,,14
update,8759,8766,8770,4,,15
inbound,8760,8767,8770,3,,0
update,8770,8776,8779,3,,1
update,8781,8788,8791,3,,2
update,8792,8799,8802,3,,3
update,8803,8810,8813,3,,4
update,8814,8821,8824,3,,5
inbound,8815,8822,8826,4,,6
update,8825,8832,8835,3,,7
update,8836,8843,8846,3,,8
update,8847,8854,8857,3,,9
update,8858,8864,8867,3,,10
update,8869,8876,8879,3,,11
update,8880,8886,8890,4,,12
update,8891,8898,8900,2,,13
update,8902,8909,8912,3,,14
update,8913,8920,8922,2,,15
update,8924,8931,8934,3,,0
inbound,9000,9007,9010,3,,2
update,9000,9007,9010,3,,1
update,9011,9018,9020,2,,3
update,9022,9028,9032,4,,4
inbound,9025,9032,9035,3,,5
update,9033,9040,9043,3,,6
update,9044,9051,9054,3,,7
update,9055,9062,9065,3,,8
update,9066,9073,9077,4,,9
update,9077,9084,9087,3,,10
update,9088,9095,9098,3,,11
update,9099,9106,9109,3,,12
inbound,9100,9107,9111,4,,13
update,9110,9117,9119,2,,14
update,9121,9128,9130,2,,15
update,9132,9138,9141,3,,0
update,9143,9150,9153,3,,1
update,9154,9161,9164,3,,2
inbound,9155,9162,9165,3,,3
update,9165,9172,9175,3,,4
update,9176,9183,9186,3,,5
update,9187,9194,9197,3,,6
update,9198,9205,9209,4,,7
inbound,9200,9207,9210,3,,8
update,9209,9216,9219,3,,9
inbound,9210,9217,9220,3,,10
update,9220,9227,9230,3,,11
inbound,9225,9232,9234,2,,12
update,9231,9238,9241,3,,13
update,9242,9249,9252,3,,14
update,9253,9260,9262,2,,15
update,9264,9271,9274,3,,0
inbound,9265,9272,9275,3,,1
update,9275,9282,9285,3,,2
update,9286,9293,9296,3,,3
update,9297,9304,9306,2,,4
update,9308,9315,9317,2,,5
update,9319,9326,9330,4,,6
inbound,9320,9327,9346,19,,7
update,9330,9337,9347,10,,8
update,9341,9348,9350,2,,9
update,9352,9359,9362,3,,10
update,9363,9370,9374,4,,11
update,9374,9381,9384,3,,12
inbound,9375,9382,9386,4,,13
update,9385,9392,9395,3,,14
update,9396,9402,9405,3,,15
inbound,9400,9407,9410,3,,0
update,9407,9414,9417,3,,1
update,9418,9425,9428,3,,2
inbound,9425,9432,9435,3,,3
update,9429,9435,9439,4,,4
inbound,9430,9437,9441,4,,5
update,9440,9447,9450,3,,6
update,9451,9458,9461,3,,7
update,9462,9469,9474,5,,8
update,9473,9480,9483,3,,9
update,9484,9491,9495,4,,10
inbound,9485,9491,9495,4,,11
update,9495,9502,9505,3,,12
update,9506,9513,9516,3,,13
update,9517,9524,9527,3,,14
update,9528,9535,9538,3,,15
update,9539,9546,9550,4,,0
inbound,9540,9547,9551,4,,1
update,9550,9557,9560,3,,2
update,9561,9568,9571,3,,3
update,9572,9579,9582,3,,4
update,9583,9590,9593,3,,5
update,9594,9601,9604,3,,6
inbound,9595,9602,9605,3,,7
update,9605,9612,9614,2,,8
update,9616,9623,9626,3,,9
update,9627,9634,9637,3,,10
update,9638,9644,9647,3,,11
update,9649,9656,9659,3,,12
inbound,9650,9656,9660,4,,13
update,9660,9667,9670,3,,14
update,9671,9678,9680,2,,15
update,9682,9689,9691,2,,0
update,9693,9699,9702,3,,1
update,9704,9710,9714,4,,2
inbound,9705,9712,9715,3,,3
update,9715,9722,9725,3,,4
update,9726,9733,9736,3,,5
update,9737,9744,9747,3,,6
update,9748,9755,9758,3,,7
inbound,9760,9766,9768,2,,9
update,9759,9766,9769,3,,8
update,9770,9777,9779,2,,10
update,9781,9788,9790,2,,11
update,9792,9798,9801,3,,12
update,9803,9810,9812,2,,13
update,9814,9821,9825,4,,14
inbound,9815,9821,9825,4,,15
update,9825,9832,9834,2,,0
update,9836,9843,9846,3,,1
update,9847,9854,9856,2,,2
update,9858,9865,9867,2,,3
update,9869,9876,9878,2,,4
update,9880,9886,9889,3,,5
update,9891,9898,9901,3,,6
update,9902,9909,9912,3,,7
update,9913,9920,9923,3,,8
update,9924,9931,9934,3,,9
inbound,10000,10007,10010,3,,11
update,10000,10007,10012,5,,10
update,10011,10018,10021,3,,12
update,10022,10029,10033,4,,13
inbound,10025,10032,10038,6,,14
update,10033,10039,10044,5,,15
update,10044,10050,10055,5,,0
update,10055,10062,10064,2,,1
update,10066,10072,10076,4,,2
update,10077,10084,10087,3,,3
update,10088,10095,10097,2,,4
update,10099,10106,10110,4,,5
inbound,10100,10107,10111,4,,6
update,10110,10117,10121,4,,7
update,10121,10127,10130,3,,8
update,10132,10139,10142,3,,9
update,10143,10149,10152,3,,10
update,10154,10161,10165,4,,11
inbound,10155,10161,10165,4,,12
update,10165,10172,10176,4,,13
update,10176,10183,10187,4,,14
update,10187,10194,10197,3,,15
update,10198,10204,10207,3,,0
inbound,10200,10207,10210,3,,1
update,10209,10216,10219,3,,2
inbound,10210,10217,10221,4,,3
update,10220,10227,10231,4,,4
inbound,10225,10232,10235,3,,5
update,10231,10238,10242,4,,6
update,10242,10249,10252,3,,7
update,10253,10260,10262,2,,8
update,10264,10270,10273,3,,9
inbound,10265,10272,10277,5,,10
update,10275,10282,10285,3,,11
update,10286,10293,10296,3,,12
update,10297,10304,10307,3,,13
update,10308,10315,10318,3,,14
update,10319,10326,10329,3,,15
inbound,10320,10327,10330,3,,0
update,10330,10337,10340,3,,1
update,10341,10348,10352,4,,2
update,10352,10359,10362,3,,3
update,10363,10369,10372,3,,4
update,10374,10380,10384,4,,5
inbound,10375,10382,10385,3,,6
update,10385,10392,10395,3,,7
update,10396,10403,10406,3,,8
inbound,10400,10407,10410,3,,9
update,10407,10414,10417,3,,10
update,10418,10425,10428,3,,11
inbound,10425,10431,10434,3,,12
update,10429,10436,10439,3,,13
inbound,10430,10437,10440,3,,14
update,10440,10446,10449,3,,15
update,10451,10458,10461,3,,0
update,10462,10469,10473,4,,1
update,10473,10479,10482,3,,2
update,10484,10491,10494,3,,3
inbound,10485,10491,10495,4,,4
update,10495,10501,10504,3,,5
update,10506,10513,10516,3,,6
update,10517,10524,10527,3,,7
update,10528,10535,10539,4,,8
inbound,10540,10546,10550,4,,10
update,10539,10546,10550,4,,9
update,10550,10557,10560,3,,11
update,10561,10567,10570,3,,12
update,10572,10579,10583,4,,13
update,10583,10590,10593,3,,14
update,10594,10601,10604,3,,15
inbound,10595,10602,10606,4,,0
update,10605,10612,10615,3,,1
update,10616,10623,10626,3,,2
update,10627,10634,10646,12,,3
update,10638,10644,10648,4,,4
update,10649,10655,10659,4,,5
inbound,10650,10657,10661,4,,6
update,10660,10667,10669,2,,7
update,10671,10678,10680,2,,8
update,10682,10689,10691,2,,9
update,10693,10699,10702,3,,10
update,10704,10711,10714,3,,11
inbound,10705,10712,10716,4,,12
update,10715,10722,10724,2,,13
update,10726,10733,10736,3,,14
update,10737,10744,10747,3,,15
update,10748,10755,10759,4,,0
update,10759,10766,10769,3,,1
inbound,10760,10767,10770,3,,2
update,10770,10776,10780,4,,3
update,10781,10788,10791,3,,4
update,10792,10799,10802,3,,5
update,10803,10810,10812,2,,6
update,10814,10820,10825,5,,7
inbound,10815,10822,10825,3,,8
update,10825,10831,10838,7,,9
update,10836,10843,10846,3,,10
update,10847,10853,10856,3,,11
update,10858,10865,10868,3,,12
update,10869,10875,10878,3,,13
update,10880,10887,10890,3,,14
update,10891,10898,10901,3,,15
update,10902,10909,10911,2,,0
update,10913,10919,10924,5,,1
update,10924,10931,10935,4,,2
inbound,11000,11007,11011,4,,4
update,11000,11007,11011,4,,3
update,11011,11018,11021,3,,5
update,11022,11028,11031,3,,6
inbound,11025,11031,11034,3,,7
update,11033,11040,11044,4,,8
update,11044,11051,11057,6,,9
update,11055,11062,11066,4,,10
update,11066,11073,11075,2,,11
update,11077,11084,11087,3,,12
update,11088,11095,11099,4,,13
update,11099,11106,11109,3,,14
inbound,11100,11107,11111,4,,15
update,11110,11117,11121,4,,0
update,11121,11128,11132,4,,1
update,11132,11138,11142,4,,2
update,11143,11150,11153,3,,3
update,11154,11161,11164,3,,4
inbound,11155,11162,11166,4,,5
update,11165,11172,11176,4,,6
update,11176,11183,11187,4,,7
update,11187,11194,11198,4,,8
update,11198,11204,11208,4,,9
inbound,11200,11207,11211,4,,10
inbound,11210,11217,11221,4,,12
update,11209,11216,11221,5,,11
update,11220,11227,11231,4,,13
inbound,11225,11232,11235,3,,14
update,11231,11238,11241,3,,15
update,11242,11248,11252,4,,0
update,11253,11260,11264,4,,1
update,11264,11271,11276,5,,2
inbound,11265,11272,11278,6,,3
update,11275,11282,11286,4,,4
update,11286,11293,11297,4,,5
update,11297,11304,11307,3,,6
update,11308,11315,11319,4,,7
update,11319,11325,11330,5,,8
inbound,11320,11327,11332,5,,9
update,11330,11337,11341,4,,10
update,11341,11348,11351,3,,11
update,11352,11358,11362,4,,12
update,11363,11369,11373,4,,13
update,11374,11381,11385,4,,14
inbound,11375,11383,11388,5,,15
update,11385,11392,11396,4,,0
update,11396,11403,11406,3,,1
inbound,11400,11406,11410,4,,2
update,11407,11414,11417,3,,3
update,11418,11425,11428,3,,4
inbound,11425,11432,11435,3,,5
inbound,11430,11437,11440,3,,7
update,11429,11435,11441,6,,6
update,11440,11447,11451,4,,8
update,11451,11458,11460,2,,9
update,11462,11468,11473,5,,10
update,11473,11479,11483,4,,11
update,11484,11491,11494,3,,12
inbound,11485,11493,11497,4,,13
update,11495,11502,11505,3,,14
update,11506,11513,11518,5,,15
update,11517,11524,11526,2,,0
update,11528,11535,11540,5,,1
update,11539,11546,11553,7,,2
inbound,11540,11548,11554,6,,3
update,11550,11557,11561,4,,4
update,11561,11567,11573,6,,5
update,11572,11579,11582,3,,6
update,11583,11590,11593,3,,7
update,11594,11601,11605,4,,8
inbound,11595,11602,11606,4,,9
update,11605,11611,11615,4,,10
update,11616,11623,11626,3,,11
update,11627,11634,11639,5,,12
update,11638,11645,11649,4,,13
update,11649,11656,11662,6,,14
inbound,11650,11657,11662,5,,15
update,11660,11666,11670,4,,0
update,11671,11678,11682,4,,1
update,11682,11689,11692,3,,2
update,11693,11700,11703,3,,3
update,11704,11711,11714,3,,4
inbound,11705,11712,11716,4,,5
update,11715,11722,11726,4,,6
update,11726,11732,11736,4,,7
update,11737,11743,11748,5,,8
update,11748,11755,11757,2,,9
inbound,11760,11767,11769,2,,11
update,11759,11766,11770,4,,10
update,11770,11777,11780,3,,12
update,11781,11787,11790,3,,13
update,11792,11798,11802,4,,14
update,11803,11810,11813,3,,15
update,11814,11820,11823,3,,0
inbound,11815,11822,11831,9,,1
update,11825,11831,11835,4,,2
update,11836,11843,11846,3,,3
update,11847,11854,11857,3,,4
update,11858,11865,11868,3,,5
update,11869,11876,11878,2,,6
update,11880,11887,11890,3,,7
update,11891,11897,11900,3,,8
update,11902,11909,11912,3,,9
update,11913,11920,11923,3,,10
update,11924,11931,11935,4,,11
inbound,12000,12006,12010,4,,13
update,12000,12006,12011,5,,12
update,12011,12017,12020,3,,14
update,12022,12029,12033,4,,15
inbound,12025,12032,12035,3,,0
update,12033,12039,12043,4,,1
update,12044,12051,12056,5,,2
update,12055,12061,12065,4,,3
update,12066,12073,12078,5,,4
update,12077,12084,12087,3,,5
update,12088,12095,12098,3,,6
update,12099,12106,12110,4,,7
inbound,12100,12107,12111,4,,8
update,12110,12117,12120,3,,9
update,12121,12127,12130,3,,10
update,12132,12139,12142,3,,11
update,12143,12150,12153,3,,12
inbound,12155,12161,12165,4,,14
update,12154,12161,12166,5,,13
update,12165,12172,12175,3,,15
update,12176,12183,12185,2,,0
update,12187,12194,12198,4,,1
update,12198,12205,12207,2,,2
inbound,12200,12207,12210,3,,3
update,12209,12216,12219,3,,4
inbound,12210,12217,12221,4,,5
update,12220,12227,12230,3,,6
inbound,12225,12232,12235,3,,7
update,12231,12238,12242,4,,8
update,12242,12249,12254,5,,9
update,12253,12260,12263,3,,10
update,12264,12271,12274,3,,11
inbound,12265,12272,12275,3,,12
update,12275,12282,12285,3,,13
update,12286,12293,12296,3,,14
update,12297,12304,12307,3,,15
update,12308,12315,12317,2,,0
update,12319,12326,12329,3,,1
inbound,12320,12327,12331,4,,2
update,12330,12337,12340,3,,3
update,12341,12348,12350,2,,4
update,12352,12359,12362,3,,5
update,12363,12369,12373,4,,6
update,12374,12381,12385,4,,7
inbound,12375,12381,12386,5,,8
update,12385,12391,12394,3,,9
update,12396,12402,12405,3,,10
inbound,12400,12406,12409,3,,11
update,12407,12414,12417,3,,12
update,12418,12425,12428,3,,13
inbound,12425,12432,12435,3,,14
update,12429,12436,12439,3,,15
inbound,12430,12437,12441,4,,0
update,12440,12447,12451,4,,1
update,12451,12458,12461,3,,2
update,12462,12468,12472,4,,3
update,12473,12479,12483,4,,4
update,12484,12491,12497,6,,5
inbound,12485,12492,12497,5,,6
update,12495,12501,12506,5,,7
update,12506,12513,12516,3,,8
update,12517,12524,12529,5,,9
update,12528,12535,12540,5,,10
update,12539,12546,12550,4,,11
inbound,12540,12547,12553,6,,12
update,12550,12557,12559,2,,13
update,12561,12568,12571,3,,14
update,12572,12579,12582,3,,15
update,12583,12590,12593,3,,0
update,12594,12601,12605,4,,1
inbound,12595,12602,12606,4,,2
update,12605,12612,12614,2,,3
update,12616,12623,12627,4,,4
update,12627,12634,12637,3,,5
update,12638,12645,12648,3,,6
update,12649,12655,12659,4,,7
inbound,12650,12657,12660,3,,8
update,12660,12667,12670,3,,9
update,12671,12678,12681,3,,10
update,12682,12689,12691,2,,11
update,12693,12700,12703,3,,12
inbound,12705,12711,12715,4,,14
update,12704,12711,12715,4,,13
update,12715,12722,12725,3,,15
update,12726,12733,12736,3,,0
update,12737,12744,12746,2,,1
update,12748,12755,12757,2,,2
update,12759,12766,12769,3,,3
inbound,12760,12767,12770,3,,4
update,12770,12777,12780,3,,5
update,12781,12788,12791,3,,6
update,12792,12799,12801,2,,7
update,12803,12809,12812,3,,8
inbound,12815,12822,12825,3,,10
update,12814,12820,12825,5,,9
update,12825,12832,12835,3,,11
update,12836,12843,12846,3,,12
update,12847,12854,12857,3,,13
update,12858,12865,12869,4,,14
update,12869,12876,12880,4,,15
update,12880,12887,12890,3,,0
update,12891,12897,12901,4,,1
update,12902,12909,12913,4,,2
update,12913,12920,12924,4,,3
update,12924,12931,12933,2,,4
inbound,13000,13007,13011,4,,6
update,13000,13007,13011,4,,5
update,13011,13018,13021,3,,7
update,13022,13029,13032,3,,8
inbound,13025,13033,13036,3,,9
update,13033,13040,13042,2,,10
update,13044,13050,13054,4,,11
update,13055,13062,13065,3,,12
update,13066,13073,13077,4,,13
update,13077,13084,13087,3,,14
update,13088,13096,13099,3,,15
update,13099,13107,13110,3,,0
inbound,13100,13108,13112,4,,1
update,13110,13118,13121,3,,2
update,13121,13129,13132,3,,3
update,13132,13140,13142,2,,4
update,13143,13151,13154,3,,5
update,13154,13162,13166,4,,6
inbound,13155,13163,13166,3,,7
update,13165,13173,13175,2,,8
update,13176,13184,13187,3,,9
update,13187,13195,13197,2,,10
update,13198,13206,13226,20,,11
inbound,13200,13208,13226,18,,12
inbound,13210,13218,13226,8,,14
update,13209,13217,13226,9,,13
update,13220,13228,13230,2,,15
inbound,13225,13233,13235,2,,0
update,13231,13239,13242,3,,1
update,13242,13250,13253,3,,2
update,13253,13261,13264,3,,3
update,13264,13272,13275,3,,4
inbound,13265,13273,13276,3,,5
update,13275,13283,13286,3,,6
update,13286,13294,13297,3,,7
update,13297,13305,13307,2,,8
update,13308,13316,13318,2,,9
update,13319,13326,13330,4,,10
inbound,13320,13328,13330,2,,11
update,13330,13338,13340,2,,12
update,13341,13348,13351,3,,13
update,13352,13360,13363,3,,14
update,13363,13371,13374,3,,15
update,13374,13381,13384,3,,0
inbound,13375,13383,13385,2,,1
update,13385,13393,13395,2,,2
update,13396,13403,13406,3,,3
inbound,13400,13408,13411,3,,4
update,13407,13415,13418,3,,5
update,13418,13426,13429,3,,6
inbound,13425,13433,13435,2,,7
update,13429,13437,13439,2,,8
inbound,13430,13438,13441,3,,9
update,13440,13448,13451,3,,10
update,13451,13459,13475,16,,11
update,13462,13470,13476,6,,12
update,13473,13481,13483,2,,13
update,13484,13492,13495,3,,14
inbound,13485,13492,13496,4,,15
update,13495,13503,13506,3,,0
update,13506,13514,13517,3,,1
update,13517,13525,13527,2,,2
update,13528,13535,13538,3,,3
update,13539,13547,13551,4,,4
inbound,13540,13548,13552,4,,5
update,13550,13558,13561,3,,6
update,13561,13569,13571,2,,7
update,13572,13580,13583,3,,8
update,13583,13591,13593,2,,9
update,13594,13602,13605,3,,10
inbound,13595,13603,13606,3,,11
update,13605,13613,13616,3,,12
update,13616,13624,13628,4,,13
update,13627,13635,13639,4,,14
update,13638,13646,13663,17,,15
update,13649,13657,13663,6,,0
inbound,13650,13658,13664,6,,1
update,13660,13668,13672,4,,2
update,13671,13679,13683,4,,3
update,13682,13690,13695,5,,4
update,13693,13701,13704,3,,5
inbound,13705,13712,13715,3,,7
update,13704,13712,13716,4,,6
update,13715,13723,13725,2,,8
update,13726,13734,13736,2,,9
update,13737,13745,13747,2,,10
update,13748,13756,13758,2,,11
inbound,13760,13767,13769,2,,13
update,13759,13767,13770,3,,12
update,13770,13778,13780,2,,14
update,13781,13788,13791,3,,15
update,13792,13800,13802,2,,0
update,13803,13811,13813,2,,1
update,13814,13821,13825,4,,2
inbound,13815,13823,13825,2,,3
update,13825,13833,13836,3,,4
update,13836,13844,13847,3,,5
update,13847,13855,13858,3,,6
update,13858,13866,13869,3,,7
update,13869,13877,13879,2,,8
update,13880,13887,13890,3,,9
update,13891,13899,13902,3,,10
update,13902,13910,13913,3,,11
update,13913,13921,13926,5,,12
update,13924,13931,13934,3,,13
update,14000,14008,14011,3,,14
inbound,14000,14008,14012,4,,15
update,14011,14019,14022,3,,0
update,14022,14029,14032,3,,1
inbound,14025,14032,14035,3,,2
update,14033,14041,14044,3,,3
update,14044,14052,14055,3,,4
update,14055,14062,14069,7,,5
update,14066,14073,14077,4,,6
update,14077,14085,14087,2,,7
update,14088,14095,14098,3,,8
update,14099,14107,14111,4,,9
inbound,14100,14108,14113,5,,10
update,14110,14118,14120,2,,11
update,14121,14129,14132,3,,12
update,14132,14139,14142,3,,13
update,14143,14151,14154,3,,14
update,14154,14162,14165,3,,15
inbound,14155,14163,14167,4,,0
update,14165,14173,14177,4,,1
update,14176,14183,14187,4,,2
update,14187,14195,14198,3,,3
update,14198,14205,14209,4,,4
inbound,14200,14207,14211,4,,5
update,14209,14217,14220,3,,6
inbound,14210,14217,14222,5,,7
update,14220,14228,14230,2,,8
inbound,14225,14233,14236,3,,9
update,14231,14239,14242,3,,10
update,14242,14250,14254,4,,11
update,14253,14261,14265,4,,12
update,14264,14272,14276,4,,13
inbound,14265,14274,14281,7,,14
update,14275,14282,14286,4,,15
update,14286,14294,14299,5,,0
update,14297,14304,14310,6,,1
update,14308,14316,14320,4,,2
update,14319,14326,14331,5,,3
inbound,14320,14330,14333,3,,4
update,14330,14337,14341,4,,5
update,14341,14348,14352,4,,6
update,14352,14359,14367,8,,7
update,14363,14371,14374,3,,8
update,14374,14382,14388,6,,9
inbound,14375,14383,14388,5,,10
update,14385,14393,14396,3,,11
update,14396,14404,14408,4,,12
inbound,14400,14408,14412,4,,13
update,14407,14415,14418,3,,14
update,14418,14426,14432,6,,15
inbound,14425,14433,14443,10,,0
inbound,14430,14438,14450,12,,2
update,14440,14447,14456,9,,3
update,14429,14437,14458,21,,1
update,14451,14459,14464,5,,4
update,14462,14470,14474,4,,5
update,14473,14481,14484,3,,6
inbound,14485,14492,14501,9,,8
update,14484,14492,14502,10,,7
update,14495,14503,14510,7,,9
update,14506,14514,14519,5,,10
update,14517,14525,14530,5,,11
update,14528,14536,14543,7,,12
update,14539,14547,14556,9,,13
inbound,14540,14548,14557,9,,14
update,14550,14557,14566,9,,15
update,14561,14569,14573,4,,0
update,14572,14580,14584,4,,1
update,14583,14591,14595,4,,2
update,14594,14602,14606,4,,3
inbound,14595,14605,14608,3,,4
update,14605,14612,14615,3,,5
update,14616,14624,14628,4,,6
update,14627,14635,14639,4,,7
update,14638,14646,14651,5,,8
update,14649,14657,14661,4,,9
inbound,14650,14658,14662,4,,10
update,14660,14667,14671,4,,11
update,14671,14678,14682,4,,12
update,14682,14690,14693,3,,13
update,14693,14701,14704,3,,14
update,14704,14712,14715,3,,15
inbound,14705,14714,14718,4,,0
update,14715,14723,14726,3,,1
update,14726,14734,14737,3,,2
update,14737,14745,14748,3,,3
update,14748,14756,14759,3,,4
inbound,14760,14767,14769,2,,6
update,14759,14767,14773,6,,5
update,14770,14778,14782,4,,7
update,14781,14789,14792,3,,8
update,14792,14800,14804,4,,9
update,14803,14811,14814,3,,10
inbound,14815,14822,14826,4,,12
update,14814,14822,14827,5,,11
update,14825,14833,14836,3,,13
update,14836,14844,14847,3,,14
update,14847,14855,14859,4,,15
update,14858,14866,14869,3,,0
update,14869,14879,14883,4,,1
update,14880,14888,14891,3,,2
update,14891,14899,14902,3,,3
update,14902,14910,14914,4,,4
update,14913,14920,14924,4,,5
update,14924,14932,14935,3,,6
update,15000,15008,15011,3,,7
inbound,15000,15008,15013,5,,8
update,15011,15019,15023,4,,9
update,15022,15030,15033,3,,10
inbound,15025,15033,15036,3,,11
update,15033,15041,15043,2,,12
update,15044,15051,15054,3,,13
update,15055,15063,15067,4,,14
update,15066,15074,15078,4,,15
update,15077,15085,15088,3,,0
update,15088,15096,15099,3,,1
update,15099,15107,15110,3,,2
inbound,15100,15108,15112,4,,3
update,15110,15118,15121,3,,4
update,15121,15129,15132,3,,5
update,15132,15140,15143,3,,6
update,15143,15151,15153,2,,7
update,15154,15162,15166,4,,8
inbound,15155,15162,15167,5,,9
update,15165,15172,15176,4,,10
update,15176,15184,15187,3,,11
update,15187,15195,15198,3,,12
update,15198,15205,15208,3,,13
inbound,15200,15208,15212,4,,14
update,15209,15217,15220,3,,15
inbound,15210,15218,15221,3,,0
update,15220,15228,15232,4,,1
inbound,15225,15233,15236,3,,2
update,15231,15239,15242,3,,3
update,15242,15250,15252,2,,4
update,15253,15261,15264,3,,5
update,15264,15272,15276,4,,6
inbound,15265,15273,15277,4,,7
update,15275,15283,15286,3,,8
update,15286,15294,15297,3,,9
update,15297,15304,15307,3,,10
update,15308,15316,15319,3,,11
inbound,15320,15327,15331,4,,13
update,15319,15327,15331,4,,12
update,15330,15338,15341,3,,14
update,15341,15349,15352,3,,15
update,15352,15360,15363,3,,0
update,15363,15371,15374,3,,1
update,15374,15382,15386,4,,2
inbound,15375,15383,15386,3,,3
update,15385,15393,15396,3,,4
update,15396,15404,15407,3,,5
inbound,15400,15408,15411,3,,6
update,15407,15415,15418,3,,7
update,15418,15426,15429,3,,8
inbound,15425,15433,15436,3,,9
update,15429,15437,15440,3,,10
inbound,15430,15438,15442,4,,11
update,15440,15448,15451,3,,12
update,15451,15459,15461,2,,13
update,15462,15470,15472,2,,14
update,15473,15481,15484,3,,15
update,15484,15492,15495,3,,0
inbound,15485,15493,15497,4,,1
update,15495,15503,15506,3,,2
update,15506,15514,15517,3,,3
update,15517,15525,15528,3,,4
update,15528,15538,15543,5,,5
inbound,15540,15547,15552,5,,7
update,15539,15546,15554,8,,6
update,15550,15557,15561,4,,8
update,15561,15569,15573,4,,9
update,15572,15580,15583,3,,10
update,15583,15590,15594,4,,11
update,15594,15602,15605,3,,12
inbound,15595,15603,15606,3,,13
update,15605,15613,15616,3,,14
update,15616,15624,15627,3,,15
update,15627,15635,15637,2,,0
update,15638,15646,15649,3,,1
update,15649,15657,15660,3,,2
inbound,15650,15657,15661,4,,3
update,15660,15668,15671,3,,4
update,15671,15679,15682,3,,5
update,15682,15690,15693,3,,6
update,15693,15701,15703,2,,7
inbound,15705,15712,15715,3,,9
update,15704,15712,15716,4,,8
update,15715,15722,15726,4,,10
update,15726,15733,15736,3,,11
update,15737,15745,15757,12,,12
update,15748,15756,15759,3,,13
inbound,15760,15767,15770,3,,15
update,15759,15767,15770,3,,14
update,15770,15778,15781,3,,0
update,15781,15789,15792,3,,1
update,15792,15800,15803,3,,2
update,15803,15810,15813,3,,3
update,15814,15821,15824,3,,4
inbound,15815,15823,15825,2,,5
update,15825,15833,15835,2,,6
update,15836,15844,15847,3,,7
update,15847,15854,15857,3,,8
update,15858,15866,15869,3,,9
update,15869,15877,15881,4,,10
update,15880,15888,15891,3,,11
update,15891,15899,15903,4,,12
update,15902,15910,15915,5,,13
update,15913,15921,15925,4,,14
update,15924,15932,15936,4,,15
update,16000,16009,16014,5,,0
inbound,16000,16009,16015,6,,1
update,16011,16019,16023,4,,2
update,16022,16030,16035,5,,3
inbound,16025,16034,16038,4,,4
update,16033,16042,16046,4,,5
update,16044,16053,16057,4,,6
update,16055,16063,16067,4,,7
update,16066,16075,16079,4,,8
update,16077,16085,16092,7,,9
update,16088,16097,16101,4,,10
update,16099,16108,16112,4,,11
inbound,16100,16110,16114,4,,12
update,16110,16119,16124,5,,13
update,16121,16130,16135,5,,14
update,16132,16140,16144,4,,15
update,16143,16152,16155,3,,0
update,16154,16163,16167,4,,1
inbound,16155,16164,16169,5,,2
update,16165,16174,16177,3,,3
update,16176,16185,16188,3,,4
update,16187,16196,16199,3,,5
update,16198,16207,16211,4,,6
inbound,16200,16210,16215,5,,7
update,16209,16218,16224,6,,8
inbound,16210,16220,16224,4,,9
update,16220,16229,16232,3,,10
inbound,16225,16234,16237,3,,11
update,16231,16240,16243,3,,12
update,16242,16251,16254,3,,13
update,16253,16262,16265,3,,14
update,16264,16273,16277,4,,15
inbound,16265,16274,16279,5,,0
update,16275,16284,16287,3,,1
update,16286,16295,16298,3,,2
update,16297,16305,16309,4,,3
update,16308,16317,16320,3,,4
inbound,16320,16329,16333,4,,6
update,16319,16328,16334,6,,5
update,16330,16339,16342,3,,7
update,16341,16349,16354,5,,8
update,16352,16361,16364,3,,9
update,16363,16372,16377,5,,10
inbound,16375,16383,16388,5,,12
update,16374,16383,16390,7,,11
update,16385,16394,16398,4,,13
update,16396,16405,16408,3,,14
inbound,16400,16409,16412,3,,15
update,16407,16416,16419,3,,0
update,16418,16427,16430,3,,1
inbound,16425,16434,16437,3,,2
update,16429,16437,16441,4,,3
inbound,16430,16439,16442,3,,4
update,16440,16449,16452,3,,5
update,16451,16460,16463,3,,6
update,16462,16471,16477,6,,7
update,16473,16482,16486,4,,8
update,16484,16493,16498,5,,9
inbound,16485,16494,16499,5,,10
update,16495,16504,16508,4,,11
update,16506,16515,16519,4,,12
update,16517,16526,16529,3,,13
update,16528,16537,16541,4,,14
update,16539,16547,16551,4,,15
inbound,16540,16549,16552,3,,0
update,16550,16559,16563,4,,1
update,16561,16570,16574,4,,2
update,16572,16581,16585,4,,3
update,16583,16592,16597,5,,4
update,16594,16602,16606,4,,5
inbound,16595,16604,16608,4,,6
update,16605,16613,16618,5,,7
update,16627,16636,16648,12,,9
update,16616,16624,16649,25,,8
update,16638,16647,16650,3,,10
update,16649,16658,16661,3,,11
inbound,16650,16659,16663,4,,12
update,16660,16668,16672,4,,13
update,16671,16680,16683,3,,14
update,16682,16691,16695,4,,15
update,16693,16702,16708,6,,0
update,16704,16713,16718,5,,1
inbound,16705,16714,16720,6,,2
update,16715,16724,16726,2,,3
update,16726,16735,16741,6,,4
update,16737,16746,16752,6,,5
update,16748,16757,16761,4,,6
update,16759,16767,16772,5,,7
inbound,16760,16769,16776,7,,8
update,16770,16779,16787,8,,9
update,16781,16790,16796,6,,10
update,16792,16801,16805,4,,11
update,16803,16812,16819,7,,12
update,16814,16823,16831,8,,13
inbound,16815,16824,16831,7,,14
update,16825,16834,16839,5,,15
update,16836,16845,16854,9,,0
update,16847,16856,16860,4,,1
update,16858,16868,16872,4,,2
update,16869,16878,16883,5,,3
update,16880,16889,16892,3,,4
update,16891,16900,16903,3,,5
update,16902,16911,16914,3,,6
update,16913,16922,16926,4,,7
update,16924,16932,16936,4,,8
inbound,17000,17009,17014,5,,10
update,17000,17009,17016,7,,9
update,17011,17019,17022,3,,11
update,17022,17031,17036,5,,12
inbound,17025,17033,17038,5,,13
update,17033,17042,17046,4,,14
update,17044,17053,17056,3,,15
update,17055,17063,17067,4,,0
update,17066,17075,17077,2,,1
update,17077,17086,17090,4,,2
update,17088,17096,17102,6,,3
inbound,17100,17108,17112,4,,5
update,17099,17108,17113,5,,4
update,17110,17119,17123,4,,6
update,17121,17129,17148,19,,7
update,17132,17141,17148,7,,8
update,17143,17152,17156,4,,9
inbound,17155,17164,17167,3,,11
update,17154,17162,17169,7,,10
update,17165,17174,17177,3,,12
update,17176,17185,17188,3,,13
update,17187,17196,17199,3,,14
update,17198,17207,17210,3,,15
inbound,17200,17209,17212,3,,0
update,17209,17218,17222,4,,1
inbound,17210,17219,17223,4,,2
update,17220,17228,17232,4,,3
inbound,17225,17234,17237,3,,4
update,17231,17240,17244,4,,5
update,17242,17251,17253,2,,6
update,17253,17262,17264,2,,7
update,17264,17273,17276,3,,8
inbound,17265,17274,17278,4,,9
update,17275,17284,17287,3,,10
update,17286,17295,17298,3,,11
update,17297,17306,17309,3,,12
update,17308,17317,17320,3,,13
update,17319,17328,17332,4,,14
inbound,17320,17328,17332,4,,15
update,17330,17339,17342,3,,0
update,17341,17349,17352,3,,1
update,17352,17361,17364,3,,2
update,17363,17372,17375,3,,3
update,17374,17383,17386,3,,4
inbound,17375,17383,17387,4,,5
update,17385,17393,17396,3,,6
update,17396,17405,17408,3,,7
inbound,17400,17409,17412,3,,8
update,17407,17416,17419,3,,9
update,17418,17427,17430,3,,10
inbound,17425,17433,17436,3,,11
update,17429,17438,17442,4,,12
inbound,17430,17439,17442,3,,13
update,17440,17449,17452,3,,14
update,17451,17459,17462,3,,15
update,17462,17470,17474,4,,0
update,17473,17482,17485,3,,1
update,17484,17493,17497,4,,2
inbound,17485,17493,17498,5,,3
update,17495,17504,17507,3,,4
update,17506,17515,17517,2,,5
update,17517,17526,17528,2,,6
update,17528,17537,17539,2,,7
update,17539,17548,17551,3,,8
inbound,17540,17548,17552,4,,9
update,17550,17559,17562,3,,10
update,17561,17570,17574,4,,11
update,17572,17581,17584,3,,12
update,17583,17591,17594,3,,13
update,17594,17603,17606,3,,14
inbound,17595,17604,17608,4,,15
update,17605,17614,17617,3,,0
update,17616,17624,17627,3,,1
update,17627,17635,17639,4,,2
update,17638,17647,17650,3,,3
update,17649,17658,17661,3,,4
inbound,17650,17659,17662,3,,5
update,17660,17669,17672,3,,6
update,17671,17680,17685,5,,7
update,17682,17691,17694,3,,8
update,17693,17702,17705,3,,9
update,17704,17713,17716,3,,10
inbound,17705,17714,17717,3,,11
update,17715,17724,17727,3,,12
update,17726,17735,17738,3,,13
update,17737,17745,17748,3,,14
update,17748,17757,17760,3,,15
update,17759,17768,17771,3,,0
inbound,17760,17769,17773,4,,1
update,17770,17779,17784,5,,2
update,17781,17789,17794,5,,3
update,17792,17801,17806,5,,4
update,17803,17812,17815,3,,5
inbound,17815,17824,17827,3,,7
update,17814,17823,17827,4,,6
update,17825,17833,17838,5,,8
update,17836,17845,17849,4,,9
update,17847,17856,17861,5,,10
update,17858,17867,17871,4,,11
update,17869,17878,17883,5,,12
update,17880,17890,17895,5,,13
update,17891,17900,17903,3,,14
update,17902,17911,17914,3,,15
update,17913,17922,17925,3,,0
update,17924,17933,17937,4,,1
inbound,18000,18009,18012,3,,3
update,18000,18009,18013,4,,2
update,18011,18020,18022,2,,4
update,18022,18031,18033,2,,5
inbound,18025,18034,18037,3,,6
update,18033,18042,18045,3,,7
update,18044,18053,18055,2,,8
update,18055,18063,18066,3,,9
update,18066,18075,18078,3,,10
update,18077,18086,18089,3,,11
update,18088,18097,18100,3,,12
update,18099,18107,18111,4,,13
inbound,18100,18108,18112,4,,14
update,18110,18119,18122,3,,15
update,18121,18130,18133,3,,0
update,18132,18141,18143,2,,1
update,18143,18152,18154,2,,2
update,18154,18162,18165,3,,3
inbound,18155,18163,18166,3,,4
update,18165,18173,18176,3,,5
update,18176,18185,18188,3,,6
update,18187,18195,18198,3,,7
update,18198,18207,18210,3,,8
inbound,18200,18209,18212,3,,9
update,18209,18218,18221,3,,10
inbound,18210,18218,18221,3,,11
update,18220,18228,18231,3,,12
inbound,18225,18233,18236,3,,13
update,18231,18240,18244,4,,14
update,18242,18251,18253,2,,15
update,18253,18262,18264,2,,0
update,18264,18272,18275,3,,1
inbound,18265,18274,18276,2,,2
update,18275,18284,18286,2,,3
update,18286,18295,18298,3,,4
update,18297,18306,18308,2,,5
update,18308,18317,18319,2,,6
update,18319,18327,18331,4,,7
inbound,18320,18329,18332,3,,8
update,18330,18339,18341,2,,9
update,18341,18350,18352,2,,10
update,18352,18361,18364,3,,11
update,18363,18372,18375,3,,12
update,18374,18383,18386,3,,13
inbound,18375,18384,18387,3,,14
update,18385,18394,18396,2,,15
update,18396,18405,18407,2,,0
inbound,18400,18409,18412,3,,1
update,18407,18416,18419,3,,2
update,18418,18427,18429,2,,3
inbound,18425,18434,18436,2,,4
inbound,18430,18438,18441,3,,6
update,18429,18438,18442,4,,5
update,18440,18449,18451,2,,7
update,18451,18459,18462,3,,8
update,18462,18471,18474,3,,9
update,18473,18482,18485,3,,10
update,18484,18493,18496,3,,11
inbound,18485,18494,18497,3,,12
update,18495,18504,18507,3,,13
update,18506,18515,18517,2,,14
update,18517,18525,18528,3,,15
update,18528,18537,18539,2,,0
update,18539,18548,18551,3,,1
inbound,18540,18548,18551,3,,2
update,18550,18559,18561,2,,3
update,18561,18570,18573,3,,4
update,18572,18580,18583,3,,5
update,18583,18592,18595,3,,6
inbound,18595,18603,18609,6,,8
update,18594,18603,18609,6,,7
update,18605,18614,18617,3,,9
update,18616,18625,18628,3,,10
update,18627,18636,18639,3,,11
update,18638,18647,18649,2,,12
update,18649,18658,18660,2,,13
inbound,18650,18659,18661,2,,14
update,18660,18669,18671,2,,15
update,18671,18679,18682,3,,0
update,18682,18691,18694,3,,1
update,18693,18702,18705,3,,2
update,18704,18713,18716,3,,3
inbound,18705,18714,18717,3,,4
update,18715,18724,18727,3,,5
update,18726,18735,18738,3,,6
update,18737,18746,18750,4,,7
update,18748,18757,18759,2,,8
inbound,18760,18769,18771,2,,10
update,18759,18768,18771,3,,9
update,18770,18779,18782,3,,11
update,18781,18790,18793,3,,12
update,18792,18801,18803,2,,13
update,18803,18812,18814,2,,14
inbound,18815,18823,18825,2,,0
update,18814,18823,18826,3,,15
update,18825,18834,18836,2,,1
update,18836,18845,18848,3,,2
update,18847,18856,18858,2,,3
update,18858,18866,18869,3,,4
update,18869,18878,18881,3,,5
update,18880,18889,18892,3,,6
update,18891,18900,18902,2,,7
update,18902,18911,18913,2,,8
update,18913,18922,18925,3,,9
update,18924,18933,18936,3,,10
update,19000,19009,19012,3,,11
inbound,19000,19009,19012,3,,12
update,19011,19019,19023,4,,13
update,19022,19031,19033,2,,14
inbound,19025,19033,19036,3,,15
update,19033,19042,19045,3,,0
update,19044,19053,19056,3,,1
update,19055,19064,19067,3,,2
update,19066,19075,19077,2,,3
update,19077,19086,19088,2,,4
update,19088,19097,19103,6,,5
update,19099,19108,19111,3,,6
inbound,19100,19110,19115,5,,7
update,19110,19119,19121,2,,8
update,19121,19130,19133,3,,9
update,19132,19141,19144,3,,10
update,19143,19152,19155,3,,11
inbound,19155,19164,19167,3,,13
update,19154,19163,19167,4,,12
update,19165,19174,19177,3,,14
update,19176,19185,19187,2,,15
update,19187,19196,19202,6,,0
update,19198,19207,19211,4,,1
inbound,19200,19209,19212,3,,2
update,19209,19218,19221,3,,3
inbound,19210,19218,19222,4,,4
update,19220,19229,19232,3,,5
inbound,19225,19233,19236,3,,6
update,19231,19239,19244,5,,7
update,19242,19251,19253,2,,8
update,19253,19261,19264,3,,9
update,19264,19273,19276,3,,10
inbound,19265,19274,19277,3,,11
update,19275,19284,19287,3,,12
update,19286,19295,19298,3,,13
update,19297,19306,19309,3,,14
update,19308,19317,19320,3,,15
update,19319,19328,19332,4,,0
inbound,19320,19328,19333,5,,1
update,19330,19339,19341,2,,2
update,19341,19350,19353,3,,3
update,19352,19361,19364,3,,4
update,19363,19372,19374,2,,5
update,19374,19383,19387,4,,6
inbound,19375,19384,19388,4,,7
update,19385,19393,19396,3,,8
update,19396,19405,19408,3,,9
inbound,19400,19409,19412,3,,10
update,19407,19415,19418,3,,11
update,19418,19427,19430,3,,12
inbound,19425,19433,19436,3,,13
update,19429,19437,19440,3,,14
inbound,19430,19438,19442,4,,15
update,19440,19448,19451,3,,0
update,19451,19460,19463,3,,1
update,19462,19471,19473,2,,2
update,19473,19481,19484,3,,3
update,19484,19493,19512,19,,4
inbound,19485,19494,19514,20,,5
update,19495,19504,19514,10,,6
update,19506,19515,19518,3,,7
update,19517,19526,19528,2,,8
update,19528,19537,19540,3,,9
update,19539,19547,19551,4,,10
inbound,19540,19549,19552,3,,11
update,19550,19559,19562,3,,12
update,19561,19570,19574,4,,13
update,19572,19581,19584,3,,14
update,19583,19592,19594,2,,15
inbound,19595,19603,19607,4,,1
update,19594,19603,19607,4,,0
update,19605,19614,19617,3,,2
update,19616,19625,19628,3,,3
update,19627,19636,19639,3,,4
update,19638,19647,19650,3,,5
update,19649,19658,19661,3,,6
inbound,19650,19659,19663,4,,7
update,19660,19669,19671,2,,8
update,19671,19679,19682,3,,9
update,19682,19691,19694,3,,10
update,19693,19701,19705,4,,11
update,19704,19713,19716,3,,12
inbound,19705,19714,19718,4,,13
update,19715,19724,19727,3,,14
update,19726,19735,19738,3,,15
update,19737,19745,19748,3,,0
update,19748,19757,19759,2,,1
inbound,19760,19769,19771,2,,3
update,19759,19768,19772,4,,2
update,19770,19779,19782,3,,4
update,19781,19790,19792,2,,5
update,19792,19801,19804,3,,6
update,19803,19812,19814,2,,7
update,19814,19823,19826,3,,8
inbound,19815,19824,19826,2,,9
update,19825,19834,19836,2,,10
update,19836,19845,19849,4,,11
update,19847,19856,19859,3,,12
update,19858,19867,19870,3,,13
update,19869,19878,19880,2,,14
update,19880,19889,19892,3,,15
update,19891,19900,19902,2,,0
update,19902,19911,19914,3,,1
update,19913,19922,19925,3,,2
update,19924,19933,19935,2,,3
inbound,20000,20009,20013,4,,5
update,20000,20009,20013,4,,4
update,20011,20020,20023,3,,6
update,20022,20031,20034,3,,7
inbound,20025,20034,20037,3,,8
update,20033,20042,20045,3,,9
update,20044,20053,20055,2,,10
update,20055,20064,20067,3,,11
update,20066,20074,20078,4,,12
update,20077,20086,20089,3,,13
update,20088,20097,20100,3,,14
update,20099,20108,20113,5,,15
inbound,20100,20109,20114,5,,0
update,20110,20119,20122,3,,1
update,20121,20129,20133,4,,2
update,20132,20141,20143,2,,3
update,20143,20151,20154,3,,4
update,20154,20162,20166,4,,5
inbound,20155,20163,20168,5,,6
update,20165,20174,20177,3,,7
update,20176,20185,20188,3,,8
update,20187,20196,20199,3,,9
update,20198,20206,20209,3,,10
inbound,20200,20209,20211,2,,11
update,20209,20218,20221,3,,12
inbound,20210,20219,20223,4,,13
update,20220,20229,20232,3,,14
inbound,20225,20234,20237,3,,15
update,20231,20239,20243,4,,0
update,20242,20251,20254,3,,1
update,20253,20261,20265,4,,2
update,20264,20273,20277,4,,3
inbound,20265,20274,20278,4,,4
update,20275,20283,20286,3,,5
update,20286,20295,20297,2,,6
update,20297,20306,20309,3,,7
update,20308,20317,20320,3,,8
update,20319,20328,20331,3,,9
inbound,20320,20330,20333,3,,10
update,20330,20339,20341,2,,11
update,20341,20350,20354,4,,12
update,20352,20361,20363,2,,13
update,20363,20371,20374,3,,14
update,20374,20383,20386,3,,15
inbound,20375,20385,20388,3,,0
update,20385,20393,20396,3,,1
update,20396,20404,20407,3,,2
inbound,20400,20408,20411,3,,3
update,20407,20415,20418,3,,4
update,20418,20426,20430,4,,5
inbound,20425,20434,20437,3,,6
update,20429,20437,20441,4,,7
inbound,20430,20440,20443,3,,8
update,20440,20448,20452,4,,9
update,20451,20460,20463,3,,10
update,20462,20471,20473,2,,11
update,20473,20481,20485,4,,12
update,20484,20492,20495,3,,13
inbound,20485,20495,20497,2,,14
update,20495,20503,20506,3,,15
update,20506,20515,20518,3,,0
update,20517,20525,20528,3,,1
update,20528,20537,20539,2,,2
update,20539,20547,20551,4,,3
inbound,20540,20550,20553,3,,4
update,20550,20559,20562,3,,5
update,20561,20570,20573,3,,6
update,20572,20581,20584,3,,7
update,20583,20591,20594,3,,8
update,20594,20603,20607,4,,9
inbound,20595,20605,20608,3,,10
update,20605,20614,20617,3,,11
update,20616,20625,20628,3,,12
update,20627,20635,20638,3,,13
update,20638,20647,20650,3,,14
update,20649,20658,20661,3,,15
inbound,20650,20660,20663,3,,0
update,20660,20669,20672,3,,1
update,20671,20680,20683,3,,2
update,20682,20691,20694,3,,3
update,20693,20702,20705,3,,4
update,20704,20713,20716,3,,5
inbound,20705,20715,20718,3,,6
update,20715,20724,20727,3,,7
update,20726,20735,20738,3,,8
update,20737,20746,20748,2,,9
update,20748,20757,20770,13,,10
update,20759,20768,20771,3,,11
inbound,20760,20770,20773,3,,12
update,20770,20779,20782,3,,13
update,20781,20790,20793,3,,14
update,20792,20801,20804,3,,15
update,20803,20811,20815,4,,0
update,20814,20822,20826,4,,1
inbound,20815,20825,20827,2,,2
update,20825,20834,20837,3,,3
update,20836,20844,20847,3,,4
update,20847,20856,20859,3,,5
update,20858,20867,20870,3,,6
update,20869,20878,20881,3,,7
update,20880,20889,20892,3,,8
update,20891,20900,20903,3,,9
update,20902,20911,20914,3,,10
update,20913,20922,20924,2,,11
update,20924,20932,20935,3,,12
update,21000,21010,21014,4,,13
inbound,21000,21010,21014,4,,14
update,21011,21021,21024,3,,15
update,21022,21032,21034,2,,0
inbound,21025,21035,21038,3,,1
update,21033,21042,21045,3,,2
update,21044,21054,21056,2,,3
update,21055,21065,21067,2,,4
update,21066,21076,21080,4,,5
update,21077,21087,21091,4,,6
update,21088,21098,21101,3,,7
update,21099,21109,21113,4,,8
inbound,21100,21110,21115,5,,9
update,21110,21120,21123,3,,10
update,21121,21130,21133,3,,11
update,21132,21142,21145,3,,12
update,21143,21152,21155,3,,13
update,21154,21164,21168,4,,14
inbound,21155,21164,21168,4,,15
update,21165,21175,21177,2,,0
update,21176,21186,21190,4,,1
update,21187,21196,21199,3,,2
update,21198,21207,21211,4,,3
inbound,21200,21211,21214,3,,4
update,21209,21219,21222,3,,5
inbound,21210,21220,21223,3,,6
update,21220,21230,21233,3,,7
inbound,21225,21235,21250,15,,8
update,21231,21240,21250,10,,9
update,21242,21252,21255,3,,10
update,21253,21263,21266,3,,11
update,21264,21274,21278,4,,12
inbound,21265,21274,21279,5,,13
update,21275,21285,21288,3,,14
update,21286,21295,21298,3,,15
update,21297,21307,21310,3,,0
update,21308,21318,21321,3,,1
update,21319,21329,21332,3,,2
inbound,21320,21330,21335,5,,3
update,21330,21339,21342,3,,4
update,21341,21351,21353,2,,5
update,21352,21361,21365,4,,6
update,21363,21373,21376,3,,7
update,21374,21384,21387,3,,8
inbound,21375,21385,21388,3,,9
update,21385,21395,21397,2,,10
update,21396,21406,21409,3,,11
inbound,21400,21410,21413,3,,12
update,21407,21417,21420,3,,13
update,21418,21428,21430,2,,14
inbound,21425,21435,21437,2,,15
update,21429,21439,21442,3,,0
inbound,21430,21440,21442,2,,1
update,21440,21450,21453,3,,2
update,21451,21460,21464,4,,3
update,21462,21472,21475,3,,4
update,21473,21483,21485,2,,5
update,21484,21494,21498,4,,6
inbound,21485,21495,21499,4,,7
update,21495,21505,21507,2,,8
update,21506,21516,21519,3,,9
update,21517,21527,21529,2,,10
update,21528,21537,21540,3,,11
update,21539,21548,21551,3,,12
inbound,21540,21549,21553,4,,13
update,21550,21560,21562,2,,14
update,21561,21571,21574,3,,15
update,21572,21582,21585,3,,0
update,21583,21593,21596,3,,1
update,21594,21604,21608,4,,2
inbound,21595,21605,21609,4,,3
update,21605,21614,21617,3,,4
update,21616,21626,21628,2,,5
update,21627,21637,21639,2,,6
update,21638,21648,21651,3,,7
update,21649,21659,21662,3,,8
inbound,21650,21660,21663,3,,9
update,21660,21670,21673,3,,10
update,21671,21681,21683,2,,11
update,21682,21692,21695,3,,12
update,21693,21703,21705,2,,13
update,21704,21714,21717,3,,14
inbound,21705,21715,21718,3,,15
update,21715,21725,21728,3,,0
update,21726,21736,21738,2,,1
update,21737,21747,21749,2,,2
update,21748,21758,21760,2,,3
inbound,21760,21770,21772,2,,5
update,21759,21769,21772,3,,4
update,21770,21780,21782,2,,6
update,21781,21791,21793,2,,7
update,21792,21801,21804,3,,8
update,21803,21812,21815,3,,9
update,21814,21824,21827,3,,10
inbound,21815,21824,21827,3,,11
update,21825,21835,21838,3,,12
update,21836,21846,21849,3,,13
update,21847,21857,21859,2,,14
update,21858,21868,21871,3,,15
update,21869,21879,21881,2,,0
update,21880,21890,21893,3,,1
update,21891,21901,21903,2,,2
update,21902,21912,21915,3,,3
update,21913,21922,21925,3,,4
update,21924,21934,21937,3,,5
update,22000,22009,22012,3,,6
inbound,22000,22009,22013,4,,7
update,22011,22021,22023,2,,8
update,22022,22032,22034,2,,9
inbound,22025,22035,22038,3,,10
update,22033,22043,22046,3,,11
update,22044,22054,22056,2,,12
update,22055,22064,22067,3,,13
update,22066,22076,22079,3,,14
update,22077,22087,22090,3,,15
update,22088,22098,22100,2,,0
update,22099,22109,22113,4,,1
inbound,22100,22110,22115,5,,2
update,22110,22120,22122,2,,3
update,22121,22131,22133,2,,4
update,22132,22142,22144,2,,5
update,22143,22153,22156,3,,6
update,22154,22164,22167,3,,7
inbound,22155,22165,22168,3,,8
update,22165,22175,22178,3,,9
update,22176,22186,22188,2,,10
update,22187,22196,22199,3,,11
update,22198,22208,22211,3,,12
inbound,22200,22210,22213,3,,13
update,22209,22219,22222,3,,14
inbound,22210,22220,22223,3,,15
update,22220,22230,22232,2,,0
inbound,22225,22234,22237,3,,1
update,22231,22241,22244,3,,2
update,22242,22252,22254,2,,3
update,22253,22263,22265,2,,4
inbound,22265,22274,22277,3,,6
update,22264,22274,22277,3,,5
update,22275,22284,22287,3,,7
update,22286,22296,22299,3,,8
update,22297,22307,22310,3,,9
update,22308,22318,22320,2,,10
update,22319,22329,22332,3,,11
inbound,22320,22330,22333,3,,12
update,22330,22339,22342,3,,13
update,22341,22351,22354,3,,14
update,22352,22362,22364,2,,15
update,22363,22373,22375,2,,0
update,22374,22384,22388,4,,1
inbound,22375,22384,22388,4,,2
update,22385,22395,22397,2,,3
update,22396,22406,22409,3,,4
inbound,22400,22410,22413,3,,5
update,22407,22417,22419,2,,6
update,22418,22428,22431,3,,7
inbound,22425,22435,22438,3,,8
update,22429,22439,22442,3,,9
inbound,22430,22440,22443,3,,10
update,22440,22450,22453,3,,11
update,22451,22461,22463,2,,12
update,22462,22472,22474,2,,13
update,22473,22483,22486,3,,14
update,22484,22494,22496,2,,15
inbound,22485,22495,22497,2,,0
update,22495,22505,22507,2,,1
update,22506,22516,22518,2,,2
update,22517,22527,22529,2,,3
update,22528,22538,22540,2,,4
update,22539,22548,22553,5,,5
inbound,22540,22550,22553,3,,6
update,22550,22559,22562,3,,7
update,22561,22571,22575,4,,8
update,22572,22582,22584,2,,9
update,22583,22592,22595,3,,10
update,22594,22604,22607,3,,11
inbound,22595,22605,22608,3,,12
update,22605,22615,22618,3,,13
update,22616,22626,22629,3,,14
update,22627,22637,22640,3,,15
update,22638,22648,22650,2,,0
update,22649,22658,22661,3,,1
inbound,22650,22660,22662,2,,2
update,22660,22669,22672,3,,3
update,22671,22680,22683,3,,4
update,22682,22691,22694,3,,5
update,22693,22703,22706,3,,6
update,22704,22714,22717,3,,7
inbound,22705,22715,22718,3,,8
update,22715,22725,22728,3,,9
update,22726,22735,22738,3,,10
update,22737,22747,22750,3,,11
update,22748,22758,22760,2,,12
inbound,22760,22770,22772,2,,14
update,22759,22769,22772,3,,13
update,22770,22780,22783,3,,15
update,22781,22791,22794,3,,0
update,22792,22802,22805,3,,1
update,22803,22813,22816,3,,2
inbound,22815,22825,22827,2,,4
update,22814,22824,22827,3,,3
update,22825,22835,22838,3,,5
update,22836,22846,22848,2,,6
update,22847,22857,22860,3,,7
update,22858,22868,22871,3,,8
update,22869,22879,22882,3,,9
update,22880,22890,22893,3,,10
update,22891,22901,22904,3,,11
update,22902,22912,22914,2,,12
update,22913,22923,22925,2,,13
update,22924,22933,22938,5,,14
inbound,23000,23010,23021,11,,0
update,23000,23010,23021,11,,15
update,23011,23020,23024,4,,1
update,23022,23032,23035,3,,2
inbound,23025,23035,23038,3,,3
update,23033,23043,23046,3,,4
update,23044,23054,23057,3,,5
update,23055,23065,23067,2,,6
update,23066,23076,23079,3,,7
update,23077,23086,23089,3,,8
update,23088,23098,23100,2,,9
update,23099,23109,23113,4,,10
inbound,23100,23109,23113,4,,11
update,23110,23120,23124,4,,12
update,23121,23131,23134,3,,13
update,23132,23142,23144,2,,14
update,23143,23153,23156,3,,15
update,23154,23164,23168,4,,0
inbound,23155,23164,23169,5,,1
update,23165,23175,23177,2,,2
update,23176,23186,23188,2,,3
update,23187,23196,23199,3,,4
update,23198,23208,23211,3,,5
inbound,23200,23210,23213,3,,6
inbound,23210,23219,23222,3,,8
update,23209,23219,23223,4,,7
update,23220,23230,23233,3,,9
inbound,23225,23235,23238,3,,10
update,23231,23241,23244,3,,11
update,23242,23251,23254,3,,12
update,23253,23263,23266,3,,13
update,23264,23274,23277,3,,14
inbound,23265,23275,23279,4,,15
update,23275,23285,23288,3,,0
update,23286,23295,23298,3,,1
update,23297,23307,23310,3,,2
update,23308,23318,23321,3,,3
update,23319,23329,23332,3,,4
inbound,23320,23330,23333,3,,5
update,23330,23340,23343,3,,6
update,23341,23350,23353,3,,7
update,23352,23362,23365,3,,8
update,23363,23373,23375,2,,9
update,23374,23384,23389,5,,10
inbound,23375,23385,23390,5,,11
update,23385,23394,23397,3,,12
update,23396,23406,23409,3,,13
inbound,23400,23409,23412,3,,14
update,23407,23417,23420,3,,15
update,23418,23428,23432,4,,0
inbound,23425,23435,23439,4,,1
update,23429,23439,23442,3,,2
inbound,23430,23439,23445,6,,3
update,23440,23449,23452,3,,4
update,23451,23461,23464,3,,5
update,23462,23472,23475,3,,6
update,23473,23483,23486,3,,7
update,23484,23494,23497,3,,8
inbound,23485,23495,23498,3,,9
update,23495,23505,23508,3,,10
update,23506,23516,23519,3,,11
update,23517,23527,23530,3,,12
update,23528,23537,23541,4,,13
update,23539,23549,23552,3,,14
inbound,23540,23550,23553,3,,15
update,23550,23560,23563,3,,0
update,23561,23571,23574,3,,1
update,23572,23581,23585,4,,2
update,23583,23592,23595,3,,3
update,23594,23604,23608,4,,4
inbound,23595,23606,23610,4,,5
update,23605,23615,23618,3,,6
update,23616,23626,23628,2,,7
update,23627,23637,23639,2,,8
update,23638,23648,23651,3,,9
inbound,23650,23659,23662,3,,11
update,23649,23659,23662,3,,10
update,23660,23670,23673,3,,12
update,23671,23681,23683,2,,13
update,23682,23692,23695,3,,14
update,23693,23703,23706,3,,15
update,23704,23714,23718,4,,0
inbound,23705,23715,23720,5,,1
update,23715,23725,23728,3,,2
update,23726,23736,23740,4,,3
update,23737,23747,23751,4,,4
update,23748,23758,23761,3,,5
update,23759,23769,23772,3,,6
inbound,23760,23770,23773,3,,7
update,23770,23780,23783,3,,8
update,23781,23791,23794,3,,9
update,23792,23801,23804,3,,10
update,23803,23813,23816,3,,11
update,23814,23824,23827,3,,12
inbound,23815,23825,23828,3,,13
update,23825,23835,23837,2,,14
update,23836,23846,23848,2,,15
update,23847,23857,23859,2,,0
update,23858,23868,23871,3,,1
update,23869,23879,23882,3,,2
update,23880,23890,23893,3,,3
update,23891,23901,23904,3,,4
update,23902,23912,23915,3,,5
update,23913,23923,23925,2,,6
update,23924,23933,23936,3,,7
inbound,24000,24010,24013,3,,9
update,24000,24010,24014,4,,8
update,24011,24020,24023,3,,10
update,24022,24032,24034,2,,11
inbound,24025,24034,24037,3,,12
update,24033,24043,24046,3,,13
update,24044,24054,24057,3,,14
update,24055,24065,24069,4,,15
update,24066,24075,24078,3,,0
update,24077,24087,24089,2,,1
update,24088,24097,24100,3,,2
update,24099,24109,24112,3,,3
inbound,24100,24110,24114,4,,4
update,24110,24120,24125,5,,5
update,24121,24131,24135,4,,6
update,24132,24142,24148,6,,7
update,24143,24153,24156,3,,8
inbound,24155,24164,24168,4,,10
update,24154,24164,24168,4,,9
update,24165,24174,24177,3,,11
update,24176,24186,24189,3,,12
update,24187,24197,24200,3,,13
update,24198,24207,24210,3,,14
inbound,24200,24210,24213,3,,15
update,24209,24219,24224,5,,0
inbound,24210,24219,24225,6,,1
update,24220,24230,24234,4,,2
inbound,24225,24235,24239,4,,3
update,24231,24241,24244,3,,4
update,24242,24252,24256,4,,5
update,24253,24263,24265,2,,6
update,24264,24274,24277,3,,7
inbound,24265,24275,24278,3,,8
update,24275,24285,24288,3,,9
update,24286,24296,24299,3,,10
update,24297,24307,24310,3,,11
update,24308,24318,24320,2,,12
update,24319,24329,24332,3,,13
inbound,24320,24330,24333,3,,14
update,24330,24340,24343,3,,15
update,24341,24351,24354,3,,0
update,24352,24361,24364,3,,1
update,24363,24372,24375,3,,2
update,24374,24384,24387,3,,3
inbound,24375,24385,24389,4,,4
update,24385,24395,24399,4,,5
update,24396,24406,24409,3,,6
inbound,24400,24409,24412,3,,7
update,24407,24417,24420,3,,8
update,24418,24428,24430,2,,9
inbound,24425,24435,24438,3,,10
update,24429,24439,24442,3,,11
inbound,24430,24440,24444,4,,12
update,24440,24450,24453,3,,13
update,24451,24461,24466,5,,14
update,24462,24471,24477,6,,15
update,24473,24483,24488,5,,0
update,24484,24494,24501,7,,1
inbound,24485,24495,24501,6,,2
update,24495,24505,24509,4,,3
update,24506,24516,24519,3,,4
update,24517,24527,24537,10,,5
update,24528,24537,24541,4,,6
update,24539,24549,24557,8,,7
inbound,24540,24551,24559,8,,8
update,24550,24560,24565,5,,9
update,24561,24571,24576,5,,10
update,24572,24582,24587,5,,11
update,24583,24593,24597,4,,12
update,24594,24604,24608,4,,13
inbound,24595,24605,24609,4,,14
update,24605,24615,24620,5,,15
update,24616,24625,24628,3,,0
update,24627,24637,24640,3,,1
update,24638,24648,24651,3,,2
update,24649,24658,24662,4,,3
inbound,24650,24660,24663,3,,4
update,24660,24670,24673,3,,5
update,24671,24681,24684,3,,6
update,24682,24692,24695,3,,7
update,24693,24703,24706,3,,8
inbound,24705,24714,24717,3,,10
update,24704,24714,24717,3,,9
update,24715,24724,24727,3,,11
update,24726,24736,24739,3,,12
update,24737,24747,24750,3,,13
update,24748,24758,24761,3,,14
update,24759,24769,24771,2,,15
inbound,24760,24771,24774,3,,0
update,24770,24780,24783,3,,1
update,24781,24791,24794,3,,2
update,24792,24802,24805,3,,3
update,24803,24813,24815,2,,4
update,24814,24823,24827,4,,5
inbound,24815,24825,24828,3,,6
update,24825,24835,24838,3,,7
update,24836,24846,24849,3,,8
update,24847,24857,24861,4,,9
update,24858,24867,24871,4,,10
update,24869,24878,24881,3,,11
update,24880,24889,24892,3,,12
update,24891,24901,24904,3,,13
update,24902,24912,24916,4,,14
update,24913,24922,24926,4,,15
update,24924,24934,24938,4,,0
inbound,25000,25010,25013,3,,2
update,25000,25010,25014,4,,1
update,25011,25021,25023,2,,3
update,25022,25031,25034,3,,4
inbound,25025,25034,25037,3,,5
update,25033,25042,25045,3,,6
update,25044,25054,25057,3,,7
update,25055,25065,25067,2,,8
update,25066,25076,25079,3,,9
update,25077,25087,25090,3,,10
update,25088,25098,25100,2,,11
update,25099,25109,25112,3,,12
inbound,25100,25110,25114,4,,13
update,25110,25120,25123,3,,14
update,25121,25131,25135,4,,15
update,25132,25142,25145,3,,0
update,25143,25153,25156,3,,1
update,25154,25163,25173,10,,2
inbound,25155,25165,25173,8,,3
update,25165,25174,25177,3,,4
update,25176,25185,25188,3,,5
update,25187,25196,25199,3,,6
update,25198,25207,25210,3,,7
inbound,25200,25210,25213,3,,8
update,25209,25218,25223,5,,9
inbound,25210,25220,25223,3,,10
update,25220,25229,25232,3,,11
inbound,25225,25235,25237,2,,12
update,25231,25241,25244,3,,13
update,25242,25252,25255,3,,14
update,25253,25263,25266,3,,15
update,25264,25274,25277,3,,0
inbound,25265,25275,25278,3,,1
update,25275,25285,25288,3,,2
update,25286,25296,25301,5,,3
update,25297,25307,25309,2,,4
update,25308,25317,25320,3,,5
update,25319,25328,25333,5,,6
inbound,25320,25331,25334,3,,7
update,25330,25340,25343,3,,8
update,25341,25351,25353,2,,9
update,25352,25361,25364,3,,10
update,25363,25373,25375,2,,11
update,25374,25384,25388,4,,12
inbound,25375,25385,25389,4,,13
update,25385,25395,25398,3,,14
update,25396,25406,25409,3,,15
inbound,25400,25409,25412,3,,0
update,25407,25417,25420,3,,1
update,25418,25428,25431,3,,2
inbound,25425,25435,25439,4,,3
update,25429,25439,25442,3,,4
inbound,25430,25441,25445,4,,5
update,25440,25449,25452,3,,6
update,25451,25461,25463,2,,7
update,25462,25472,25475,3,,8
update,25473,25483,25485,2,,9
update,25484,25494,25496,2,,10
inbound,25485,25496,25499,3,,11
update,25495,25505,25508,3,,12
update,25506,25515,25519,4,,13
update,25517,25527,25530,3,,14
update,25528,25538,25542,4,,15
update,25539,25549,25553,4,,0
inbound,25540,25551,25554,3,,1
update,25550,25560,25562,2,,2
update,25561,25571,25574,3,,3
update,25572,25582,25584,2,,4
update,25583,25592,25596,4,,5
update,25594,25604,25608,4,,6
inbound,25595,25606,25609,3,,7
update,25605,25615,25617,2,,8
update,25616,25626,25629,3,,9
update,25627,25637,25640,3,,10
update,25638,25647,25651,4,,11
update,25649,25659,25662,3,,12
inbound,25650,25661,25664,3,,13
update,25660,25670,25673,3,,14
update,25671,25681,25684,3,,15
update,25682,25692,25695,3,,0
update,25693,25703,25706,3,,1
update,25704,25713,25717,4,,2
inbound,25705,25716,25719,3,,3
update,25715,25725,25728,3,,4
update,25726,25736,25738,2,,5
update,25737,25747,25750,3,,6
update,25748,25758,25761,3,,7
update,25759,25769,25772,3,,8
inbound,25760,25770,25772,2,,9
update,25770,25779,25782,3,,10
update,25781,25791,25794,3,,11
update,25792,25802,25805,3,,12
update,25803,25813,25816,3,,13
update,25814,25824,25827,3,,14
inbound,25815,25826,25828,2,,15
update,25825,25835,25838,3,,0
update,25836,25846,25849,3,,1
update,25847,25857,25859,2,,2
update,25858,25868,25870,2,,3
update,25869,25879,25881,2,,4
update,25880,25890,25892,2,,5
update,25891,25901,25904,3,,6
update,25902,25912,25916,4,,7
update,25913,25923,25926,3,,8
update,25924,25934,25938,4,,9
update,26000,26011,26015,4,,10
inbound,26000,26011,26015,4,,11
update,26011,26022,26025,3,,12
update,26022,26033,26036,3,,13
inbound,26025,26036,26038,2,,14
update,26033,26044,26046,2,,15
update,26044,26054,26057,3,,0
update,26055,26066,26068,2,,1
update,26066,26077,26079,2,,2
update,26077,26088,26091,3,,3
update,26088,26099,26102,3,,4
inbound,26100,26110,26114,4,,6
update,26099,26110,26114,4,,5
update,26110,26121,26124,3,,7
update,26121,26132,26136,4,,8
update,26132,26142,26147,5,,9
update,26143,26154,26157,3,,10
update,26154,26165,26168,3,,11
inbound,26155,26166,26170,4,,12
update,26165,26176,26179,3,,13
update,26176,26187,26190,3,,14
update,26187,26198,26201,3,,15
update,26198,26209,26212,3,,0
inbound,26200,26211,26214,3,,1
update,26209,26220,26224,4,,2
inbound,26210,26221,26224,3,,3
update,26220,26231,26234,3,,4
inbound,26225,26236,26238,2,,5
update,26231,26242,26244,2,,6
update,26242,26253,26255,2,,7
update,26253,26264,26266,2,,8
update,26264,26274,26278,4,,9
inbound,26265,26276,26278,2,,10
update,26275,26286,26288,2,,11
update,26286,26297,26299,2,,12
update,26297,26307,26312,5,,13
update,26308,26318,26321,3,,14
update,26319,26330,26333,3,,15
inbound,26320,26330,26334,4,,0
update,26330,26341,26343,2,,1
update,26341,26352,26354,2,,2
update,26352,26362,26366,4,,3
update,26363,26374,26376,2,,4
update,26374,26385,26388,3,,5
inbound,26375,26386,26389,3,,6
update,26385,26396,26399,3,,7
update,26396,26407,26410,3,,8
inbound,26400,26411,26413,2,,9
update,26407,26418,26420,2,,10
update,26418,26429,26432,3,,11
inbound,26425,26436,26440,4,,12
update,26429,26439,26442,3,,13
inbound,26430,26440,26443,3,,14
update,26440,26450,26453,3,,15
update,26451,26462,26465,3,,0
update,26462,26473,26476,3,,1
update,26473,26484,26487,3,,2
update,26484,26495,26497,2,,3
inbound,26485,26496,26499,3,,4
update,26495,26506,26509,3,,5
update,26506,26517,26520,3,,6
update,26517,26528,26530,2,,7
update,26528,26539,26541,2,,8
update,26539,26550,26553,3,,9
inbound,26540,26551,26554,3,,10
update,26550,26561,26564,3,,11
update,26561,26572,26575,3,,12
update,26572,26583,26585,2,,13
update,26583,26594,26597,3,,14
update,26594,26605,26608,3,,15
inbound,26595,26606,26609,3,,0
update,26605,26616,26619,3,,1
update,26616,26627,26630,3,,2
update,26627,26638,26641,3,,3
update,26638,26648,26651,3,,4
update,26649,26660,26663,3,,5
inbound,26650,26660,26663,3,,6
update,26660,26671,26673,2,,7
update,26671,26681,26684,3,,8
update,26682,26693,26695,2,,9
update,26693,26703,26706,3,,10
update,26704,26714,26718,4,,11
inbound,26705,26716,26718,2,,12
update,26715,26726,26728,2,,13
update,26726,26737,26740,3,,14
update,26737,26748,26751,3,,15
update,26748,26759,26762,3,,0
update,26759,26770,26773,3,,1
inbound,26760,26771,26773,2,,2
update,26770,26781,26784,3,,3
update,26781,26791,26795,4,,4
update,26792,26803,26806,3,,5
update,26803,26814,26817,3,,6
update,26814,26825,26828,3,,7
inbound,26815,26826,26828,2,,8
update,26825,26836,26839,3,,9
update,26836,26847,26850,3,,10
update,26847,26858,26862,4,,11
update,26858,26868,26872,4,,12
update,26869,26880,26883,3,,13
update,26880,26891,26896,5,,14
update,26891,26902,26906,4,,15
update,26902,26913,26916,3,,0
update,26913,26924,26930,6,,1
update,26924,26935,26939,4,,2
update,27000,27011,27014,3,,3
inbound,27000,27011,27014,3,,4
update,27011,27021,27024,3,,5
update,27022,27033,27036,3,,6
inbound,27025,27036,27039,3,,7
update,27033,27044,27047,3,,8
update,27044,27055,27058,3,,9
update,27055,27066,27069,3,,10
update,27066,27077,27080,3,,11
update,27077,27088,27091,3,,12
update,27088,27099,27102,3,,13
update,27099,27110,27116,6,,14
inbound,27100,27111,27116,5,,15
update,27110,27121,27124,3,,0
update,27121,27131,27135,4,,1
update,27132,27143,27147,4,,2
update,27143,27154,27158,4,,3
update,27154,27165,27168,3,,4
inbound,27155,27166,27170,4,,5
update,27165,27176,27179,3,,6
update,27176,27187,27190,3,,7
update,27187,27198,27202,4,,8
update,27198,27209,27213,4,,9
inbound,27200,27211,27214,3,,10
update,27209,27220,27223,3,,11
inbound,27210,27221,27224,3,,12
update,27220,27231,27233,2,,13
inbound,27225,27236,27238,2,,14
update,27231,27242,27245,3,,15
update,27242,27253,27256,3,,0
update,27253,27264,27267,3,,1
update,27264,27275,27279,4,,2
inbound,27265,27276,27281,5,,3
update,27275,27285,27289,4,,4
update,27286,27297,27300,3,,5
update,27297,27308,27311,3,,6
update,27308,27319,27321,2,,7
update,27319,27330,27333,3,,8
inbound,27320,27331,27335,4,,9
update,27330,27340,27344,4,,10
update,27341,27352,27356,4,,11
update,27352,27363,27365,2,,12
update,27363,27374,27378,4,,13
update,27374,27385,27388,3,,14
inbound,27375,27386,27390,4,,15
update,27385,27396,27399,3,,0
update,27396,27406,27410,4,,1
inbound,27400,27411,27413,2,,2
update,27407,27418,27421,3,,3
update,27418,27428,27431,3,,4
inbound,27425,27436,27439,3,,5
update,27429,27440,27443,3,,6
inbound,27430,27440,27444,4,,7
update,27440,27451,27453,2,,8
update,27451,27462,27464,2,,9
update,27462,27473,27475,2,,10
update,27473,27483,27486,3,,11
update,27484,27494,27497,3,,12
inbound,27485,27496,27499,3,,13
update,27495,27506,27509,3,,14
update,27506,27517,27521,4,,15
update,27517,27528,27530,2,,0
update,27528,27538,27542,4,,1
update,27539,27550,27553,3,,2
inbound,27540,27551,27555,4,,3
update,27550,27561,27564,3,,4
update,27561,27571,27575,4,,5
update,27572,27583,27586,3,,6
update,27583,27594,27597,3,,7
update,27594,27605,27609,4,,8
inbound,27595,27606,27609,3,,9
update,27605,27616,27619,3,,10
update,27616,27627,27631,4,,11
update,27627,27638,27640,2,,12
update,27638,27649,27652,3,,13
update,27649,27660,27663,3,,14
inbound,27650,27661,27665,4,,15
update,27660,27671,27674,3,,0
update,27671,27682,27685,3,,1
update,27682,27693,27696,3,,2
update,27693,27703,27706,3,,3
update,27704,27715,27718,3,,4
inbound,27705,27716,27719,3,,5
update,27715,27726,27730,4,,6
update,27726,27736,27739,3,,7
update,27737,27747,27750,3,,8
update,27748,27759,27762,3,,9
inbound,27760,27771,27773,2,,11
update,27759,27770,27774,4,,10
update,27770,27781,27783,2,,12
update,27781,27791,27795,4,,13
update,27792,27803,27807,4,,14
update,27803,27814,27816,2,,15
update,27814,27824,27827,3,,0
inbound,27815,27826,27828,2,,1
update,27825,27836,27838,2,,2
update,27836,27847,27850,3,,3
update,27847,27858,27862,4,,4
update,27858,27868,27872,4,,5
update,27869,27881,27888,7,,6
update,27880,27891,27895,4,,7
update,27891,27902,27906,4,,8
update,27902,27913,27916,3,,9
update,27913,27924,27928,4,,10
update,27924,27935,27939,4,,11
update,28000,28010,28014,4,,12
inbound,28000,28011,28015,4,,13
update,28011,28022,28025,3,,14
update,28022,28033,28036,3,,15
inbound,28025,28036,28039,3,,0
update,28033,28044,28047,3,,1
update,28044,28055,28058,3,,2
update,28055,28065,28068,3,,3
update,28066,28077,28080,3,,4
update,28077,28088,28091,3,,5
update,28088,28099,28109,10,,6
update,28099,28110,28114,4,,7
inbound,28100,28111,28114,3,,8
update,28110,28120,28123,3,,9
update,28121,28132,28135,3,,10
update,28132,28142,28150,8,,11
update,28143,28154,28157,3,,12
update,28154,28165,28168,3,,13
inbound,28155,28166,28171,5,,14
update,28165,28176,28179,3,,15
update,28176,28187,28190,3,,0
update,28187,28197,28200,3,,1
update,28198,28209,28212,3,,2
inbound,28200,28210,28213,3,,3
inbound,28210,28221,28238,17,,5
update,28209,28220,28238,18,,4
inbound,28225,28235,28238,3,,7
update,28220,28231,28239,8,,6
update,28231,28242,28245,3,,8
update,28242,28253,28257,4,,9
update,28253,28263,28266,3,,10
update,28264,28275,28278,3,,11
inbound,28265,28276,28279,3,,12
update,28275,28286,28289,3,,13
update,28286,28297,28301,4,,14
update,28297,28307,28310,3,,15
update,28308,28318,28322,4,,0
update,28319,28330,28333,3,,1
inbound,28320,28331,28334,3,,2
update,28330,28341,28344,3,,3
update,28341,28352,28355,3,,4
update,28352,28363,28366,3,,5
update,28363,28374,28377,3,,6
update,28374,28385,28388,3,,7
inbound,28375,28386,28389,3,,8
update,28385,28396,28398,2,,9
update,28396,28407,28410,3,,10
inbound,28400,28411,28414,3,,11
update,28407,28418,28421,3,,12
update,28418,28429,28432,3,,13
inbound,28425,28436,28439,3,,14
update,28429,28439,28443,4,,15
inbound,28430,28440,28444,4,,0
update,28440,28451,28453,2,,1
update,28451,28462,28465,3,,2
update,28462,28473,28476,3,,3
update,28473,28484,28487,3,,4
update,28484,28495,28498,3,,5
inbound,28485,28496,28499,3,,6
update,28495,28506,28509,3,,7
update,28506,28517,28520,3,,8
update,28517,28528,28531,3,,9
update,28528,28539,28542,3,,10
update,28539,28550,28553,3,,11
inbound,28540,28551,28554,3,,12
update,28550,28561,28564,3,,13
update,28561,28572,28575,3,,14
update,28572,28583,28585,2,,15
update,28583,28593,28596,3,,0
update,28594,28605,28609,4,,1
inbound,28595,28606,28609,3,,2
update,28605,28616,28619,3,,3
update,28616,28627,28631,4,,4
update,28627,28638,28641,3,,5
update,28638,28649,28652,3,,6
inbound,28650,28660,28664,4,,8
update,28649,28660,28665,5,,7
update,28660,28671,28674,3,,9
update,28671,28682,28685,3,,10
update,28682,28693,28696,3,,11
update,28693,28704,28706,2,,12
update,28704,28714,28718,4,,13
inbound,28705,28716,28719,3,,14
update,28715,28726,28729,3,,15
update,28726,28736,28739,3,,0
update,28737,28748,28751,3,,1
update,28748,28759,28762,3,,2
inbound,28760,28771,28774,3,,4
update,28759,28770,28774,4,,3
update,28770,28781,28784,3,,5
update,28781,28792,28796,4,,6
update,28792,28803,28806,3,,7
update,28803,28814,28817,3,,8
update,28814,28825,28828,3,,9
inbound,28815,28826,28829,3,,10
update,28825,28836,28839,3,,11
update,28836,28846,28849,3,,12
update,28847,28858,28861,3,,13
update,28858,28869,28872,3,,14
update,28869,28880,28883,3,,15
update,28880,28891,28894,3,,0
update,28891,28901,28904,3,,1
update,28902,28913,28915,2,,2
update,28913,28924,28927,3,,3
update,28924,28935,28937,2,,4
inbound,29000,29011,29014,3,,6
update,29000,29010,29014,4,,5
update,29011,29022,29025,3,,7
update,29022,29033,29037,4,,8
inbound,29025,29036,29039,3,,9
update,29033,29044,29048,4,,10
update,29044,29058,29064,6,,11
update,29055,29065,29071,6,,12
update,29066,29077,29080,3,,13
update,29077,29088,29090,2,,14
update,29088,29099,29102,3,,15
update,29099,29110,29115,5,,0
inbound,29100,29112,29115,3,,1
update,29110,29121,29123,2,,2
update,29121,29132,29135,3,,3
update,29132,29143,29146,3,,4
update,29143,29154,29158,4,,5
inbound,29155,29167,29172,5,,7
update,29154,29165,29172,7,,6
update,29165,29176,29179,3,,8
update,29176,29187,29190,3,,9
update,29187,29198,29201,3,,10
update,29198,29209,29212,3,,11
inbound,29200,29211,29214,3,,12
update,29209,29220,29224,4,,13
inbound,29210,29222,29225,3,,14
update,29220,29230,29233,3,,15
inbound,29225,29237,29241,4,,0
update,29231,29242,29245,3,,1
update,29242,29252,29255,3,,2
update,29253,29264,29267,3,,3
update,29264,29274,29277,3,,4
inbound,29265,29277,29279,2,,5
update,29275,29286,29289,3,,6
update,29286,29297,29300,3,,7
update,29297,29308,29310,2,,8
update,29308,29319,29322,3,,9
update,29319,29330,29333,3,,10
inbound,29320,29332,29336,4,,11
update,29330,29340,29343,3,,12
update,29341,29352,29365,13,,13
update,29352,29363,29366,3,,14
update,29363,29374,29377,3,,15
update,29374,29385,29389,4,,0
inbound,29375,29387,29391,4,,1
update,29385,29395,29399,4,,2
update,29396,29407,29410,3,,3
inbound,29400,29412,29414,2,,4
update,29407,29418,29421,3,,5
update,29418,29429,29432,3,,6
inbound,29425,29437,29440,3,,7
update,29429,29439,29443,4,,8
inbound,29430,29442,29445,3,,9
update,29440,29451,29453,2,,10
update,29451,29461,29465,4,,11
update,29462,29473,29476,3,,12
update,29473,29483,29486,3,,13
update,29484,29495,29499,4,,14
inbound,29485,29497,29500,3,,15
update,29495,29506,29509,3,,0
update,29506,29517,29520,3,,1
update,29517,29528,29531,3,,2
update,29528,29539,29542,3,,3
update,29539,29550,29554,4,,4
inbound,29540,29552,29555,3,,5
update,29550,29561,29564,3,,6
update,29561,29572,29575,3,,7
update,29572,29583,29585,2,,8
update,29583,29594,29597,3,,9
update,29594,29604,29608,4,,10
inbound,29595,29607,29610,3,,11
update,29605,29616,29619,3,,12
update,29616,29627,29631,4,,13
update,29627,29638,29640,2,,14
update,29638,29649,29652,3,,15
update,29649,29660,29663,3,,0
inbound,29650,29662,29666,4,,1
update,29660,29670,29673,3,,2
update,29671,29682,29685,3,,3
update,29682,29693,29696,3,,4
update,29693,29704,29706,2,,5
update,29704,29714,29717,3,,6
inbound,29705,29717,29720,3,,7
update,29715,29726,29729,3,,8
update,29726,29737,29740,3,,9
update,29737,29748,29751,3,,10
update,29748,29758,29761,3,,11
update,29759,29769,29772,3,,12
inbound,29760,29772,29774,2,,13
update,29770,29781,29784,3,,14
update,29781,29791,29794,3,,15
update,29792,29803,29806,3,,0
update,29803,29814,29816,2,,1
update,29814,29825,29828,3,,2
inbound,29815,29826,29829,3,,3
update,29825,29836,29839,3,,4
update,29836,29847,29849,2,,5
update,29847,29857,29860,3,,6
update,29858,29868,29871,3,,7
update,29869,29880,29882,2,,8
update,29880,29891,29894,3,,9
update,29891,29902,29906,4,,10
update,29902,29913,29916,3,,11
update,29913,29924,29927,3,,12
update,29924,29935,29937,2,,13
update,30000,30011,30014,3,,14
inbound,30000,30011,30015,4,,15
update,30011,30023,30026,3,,0
update,30022,30034,30037,3,,1
inbound,30025,30037,30039,2,,2
update,30033,30044,30047,3,,3
update,30044,30055,30058,3,,4
update,30055,30067,30070,3,,5
update,30066,30078,30081,3,,6
update,30077,30089,30092,3,,7
update,30088,30100,30103,3,,8
update,30099,30111,30114,3,,9
inbound,30100,30112,30115,3,,10
update,30110,30122,30125,3,,11
update,30121,30133,30136,3,,12
update,30132,30144,30146,2,,13
update,30143,30155,30158,3,,14
update,30154,30166,30169,3,,15
inbound,30155,30167,30170,3,,0
update,30165,30177,30180,3,,1
update,30176,30188,30191,3,,2
update,30187,30198,30201,3,,3
update,30198,30210,30213,3,,4
inbound,30200,30211,30214,3,,5
update,30209,30220,30223,3,,6
inbound,30210,30222,30224,2,,7
update,30220,30232,30234,2,,8
inbound,30225,30237,30240,3,,9
update,30231,30243,30246,3,,10
update,30242,30254,30256,2,,11
update,30253,30265,30268,3,,12
update,30264,30276,30279,3,,13
inbound,30265,30276,30279,3,,14
update,30275,30287,30289,2,,15
update,30286,30298,30300,2,,0
update,30297,30309,30312,3,,1
update,30308,30320,30322,2,,2
update,30319,30331,30334,3,,3
inbound,30320,30332,30334,2,,4
update,30330,30342,30344,2,,5
update,30341,30353,30355,2,,6
update,30352,30364,30366,2,,7
update,30363,30375,30378,3,,8
update,30374,30386,30389,3,,9
inbound,30375,30387,30390,3,,10
update,30385,30397,30399,2,,11
update,30396,30407,30410,3,,12
inbound,30400,30412,30415,3,,13
update,30407,30419,30422,3,,14
update,30418,30430,30433,3,,15
inbound,30425,30437,30439,2,,0
update,30429,30441,30444,3,,1
inbound,30430,30442,30445,3,,2
update,30440,30451,30454,3,,3
update,30451,30462,30465,3,,4
update,30462,30474,30477,3,,5
update,30473,30484,30487,3,,6
update,30484,30496,30499,3,,7
inbound,30485,30497,30499,2,,8
update,30495,30507,30509,2,,9
update,30506,30518,30520,2,,10
update,30517,30529,30531,2,,11
update,30528,30540,30543,3,,12
update,30539,30551,30554,3,,13
inbound,30540,30552,30555,3,,14
update,30550,30562,30565,3,,15
update,30561,30572,30575,3,,0
update,30572,30584,30587,3,,1
update,30583,30595,30597,2,,2
update,30594,30605,30608,3,,3
inbound,30595,30607,30609,2,,4
update,30605,30617,30620,3,,5
update,30616,30628,30631,3,,6
update,30627,30639,30642,3,,7
update,30638,30650,30653,3,,8
update,30649,30661,30664,3,,9
inbound,30650,30661,30664,3,,10
update,30660,30671,30674,3,,11
update,30671,30682,30685,3,,12
update,30682,30693,30697,4,,13
update,30693,30705,30707,2,,14
update,30704,30716,30719,3,,15
inbound,30705,30717,30720,3,,0
update,30715,30727,30730,3,,1
update,30726,30738,30741,3,,2
update,30737,30749,30752,3,,3
update,30748,30760,30763,3,,4
inbound,30760,30771,30773,2,,6
update,30759,30771,30774,3,,5
update,30770,30782,30786,4,,7
update,30781,30793,30798,5,,8
update,30792,30804,30823,19,,9
update,30803,30815,30824,9,,10
inbound,30815,30827,30829,2,,12
update,30814,30825,30831,6,,11
update,30825,30837,30872,35,,13
update,30847,30859,30874,15,,15
update,30836,30848,30874,26,,14
update,30858,30870,30876,6,,0
update,30869,30881,30887,6,,1
update,30880,30892,30918,26,,2
update,30891,30903,30920,17,,3
update,30902,30913,30920,7,,4
update,30913,30925,30929,4,,5
update,30924,30936,30966,30,,6
inbound,31000,31012,31018,6,,8
update,31000,31012,31019,7,,7
update,31011,31022,31026,4,,9
update,31022,31034,31038,4,,10
inbound,31025,31037,31041,4,,11
update,31033,31044,31047,3,,12
update,31044,31056,31060,4,,13
update,31055,31067,31072,5,,14
update,31066,31078,31081,3,,15
update,31077,31089,31092,3,,0
update,31088,31100,31103,3,,1
update,31099,31111,31114,3,,2
inbound,31100,31112,31116,4,,3
update,31110,31122,31125,3,,4
update,31121,31133,31136,3,,5
update,31132,31144,31146,2,,6
update,31143,31155,31160,5,,7
inbound,31155,31167,31172,5,,9
update,31154,31166,31173,7,,8
update,31165,31176,31180,4,,10
update,31176,31188,31190,2,,11
update,31187,31199,31201,2,,12
update,31198,31210,31214,4,,13
inbound,31200,31212,31215,3,,14
update,31209,31221,31224,3,,15
inbound,31210,31222,31226,4,,0
update,31220,31232,31235,3,,1
inbound,31225,31236,31239,3,,2
update,31231,31243,31245,2,,3
update,31242,31254,31258,4,,4
update,31253,31264,31268,4,,5
update,31264,31275,31279,4,,6
inbound,31265,31277,31281,4,,7
update,31275,31286,31289,3,,8
update,31286,31298,31301,3,,9
update,31297,31309,31311,2,,10
update,31308,31320,31323,3,,11
update,31319,31331,31336,5,,12
inbound,31320,31332,31336,4,,13
update,31330,31342,31345,3,,14
update,31341,31353,31356,3,,15
update,31352,31363,31366,3,,0
update,31374,31386,31394,8,,2
update,31363,31375,31394,19,,1
inbound,31375,31387,31394,7,,3
update,31385,31397,31400,3,,4
update,31396,31408,31411,3,,5
inbound,31400,31412,31415,3,,6
update,31407,31419,31422,3,,7
update,31418,31430,31433,3,,8
inbound,31425,31436,31439,3,,9
inbound,31430,31441,31445,4,,11
update,31429,31441,31445,4,,10
update,31440,31452,31454,2,,12
update,31451,31463,31466,3,,13
update,31462,31474,31477,3,,14
update,31473,31485,31489,4,,15
update,31484,31496,31499,3,,0
inbound,31485,31497,31500,3,,1
update,31495,31506,31509,3,,2
update,31506,31518,31521,3,,3
update,31517,31528,31531,3,,4
update,31528,31540,31544,4,,5
update,31539,31551,31554,3,,6
inbound,31540,31552,31555,3,,7
update,31550,31562,31564,2,,8
update,31561,31572,31575,3,,9
update,31572,31584,31587,3,,10
update,31583,31595,31598,3,,11
update,31594,31606,31609,3,,12
inbound,31595,31608,31611,3,,13
update,31605,31617,31620,3,,14
update,31616,31628,31632,4,,15
update,31627,31638,31643,5,,0
update,31638,31650,31654,4,,1
update,31649,31661,31664,3,,2
inbound,31650,31662,31665,3,,3
update,31660,31672,31675,3,,4
update,31671,31683,31686,3,,5
update,31682,31693,31696,3,,6
update,31693,31705,31708,3,,7
update,31704,31716,31719,3,,8
inbound,31705,31716,31719,3,,9
update,31715,31727,31729,2,,10
update,31726,31738,31742,4,,11
update,31737,31749,31751,2,,12
update,31748,31760,31762,2,,13
inbound,31760,31772,31774,2,,15
update,31759,31770,31775,5,,14
update,31770,31782,31784,2,,0
update,31781,31792,31796,4,,1
update,31792,31804,31807,3,,2
update,31803,31815,31818,3,,3
update,31814,31826,31829,3,,4
inbound,31815,31827,31830,3,,5
update,31825,31837,31840,3,,6
update,31836,31848,31852,4,,7
update,31847,31858,31861,3,,8
update,31858,31869,31872,3,,9
update,31869,31881,31884,3,,10
update,31880,31892,31895,3,,11
update,31891,31903,31906,3,,12
update,31902,31914,31917,3,,13
update,31913,31925,31928,3,,14
update,31924,31935,31939,4,,15
inbound,32000,32012,32016,4,,1
update,32000,32012,32017,5,,0
update,32011,32022,32035,13,,2
update,32022,32034,32037,3,,3
inbound,32025,32037,32039,2,,4
update,32033,32045,32048,3,,5
update,32044,32056,32059,3,,6
update,32055,32067,32070,3,,7
update,32066,32078,32081,3,,8
update,32077,32089,32092,3,,9
update,32088,32100,32103,3,,10
update,32099,32110,32114,4,,11
inbound,32100,32112,32115,3,,12
update,32110,32122,32126,4,,13
update,32121,32133,32136,3,,14
update,32132,32143,32146,3,,15
update,32143,32155,32158,3,,0
update,32154,32166,32170,4,,1
inbound,32155,32167,32174,7,,2
update,32165,32176,32180,4,,3
update,32176,32188,32192,4,,4
update,32187,32199,32201,2,,5
update,32198,32209,32212,3,,6
inbound,32200,32212,32215,3,,7
update,32209,32220,32224,4,,8
inbound,32210,32222,32225,3,,9
update,32220,32232,32235,3,,10
inbound,32225,32237,32240,3,,11
update,32231,32243,32247,4,,12
update,32242,32253,32256,3,,13
update,32253,32265,32269,4,,14
update,32264,32276,32280,4,,15
inbound,32265,32277,32281,4,,0
update,32275,32287,32290,3,,1
update,32286,32297,32300,3,,2
update,32297,32309,32312,3,,3
update,32308,32320,32322,2,,4
update,32319,32330,32333,3,,5
inbound,32320,32331,32335,4,,6
update,32330,32342,32346,4,,7
update,32341,32352,32355,3,,8
update,32352,32364,32367,3,,9
update,32363,32375,32378,3,,10
update,32374,32386,32389,3,,11
inbound,32375,32387,32390,3,,12
update,32385,32397,32399,2,,13
update,32396,32408,32410,2,,14
inbound,32400,32411,32415,4,,15
update,32407,32419,32422,3,,0
update,32418,32429,32432,3,,1
inbound,32425,32437,32439,2,,2
update,32429,32441,32444,3,,3
inbound,32430,32442,32445,3,,4
update,32440,32452,32457,5,,5
update,32451,32463,32466,3,,6
update,32462,32474,32477,3,,7
update,32473,32484,32487,3,,8
update,32484,32496,32499,3,,9
inbound,32485,32496,32500,4,,10
update,32495,32507,32509,2,,11
update,32506,32518,32521,3,,12
update,32517,32529,32532,3,,13
update,32528,32539,32542,3,,14
inbound,32540,32551,32554,3,,0
update,32539,32551,32555,4,,15
update,32550,32562,32565,3,,1
update,32561,32573,32576,3,,2
update,32572,32584,32588,4,,3
update,32583,32595,32598,3,,4
update,32594,32606,32610,4,,5
inbound,32595,32607,32611,4,,6
update,32605,32617,32621,4,,7
update,32616,32628,32631,3,,8
update,32627,32639,32641,2,,9
update,32638,32650,32653,3,,10
update,32649,32661,32664,3,,11
inbound,32650,32662,32665,3,,12
update,32660,32672,32675,3,,13
update,32671,32683,32686,3,,14
update,32682,32694,32696,2,,15
update,32693,32705,32707,2,,0
update,32704,32716,32718,2,,1
inbound,32705,32718,32721,3,,2
update,32715,32727,32729,2,,3
update,32726,32738,32741,3,,4
update,32737,32749,32752,3,,5
update,32748,32760,32763,3,,6
inbound,32760,32771,32774,3,,8
update,32759,32771,32775,4,,7
update,32770,32782,32785,3,,9
update,32781,32793,32796,3,,10
update,32792,32804,32807,3,,11
update,32803,32814,32817,3,,12
update,32814,32825,32828,3,,13
inbound,32815,32827,32830,3,,14
update,32825,32837,32840,3,,15
update,32836,32848,32851,3,,0
update,32847,32858,32862,4,,1
update,32858,32870,32873,3,,2
update,32869,32881,32883,2,,3
update,32880,32892,32895,3,,4
update,32891,32903,32907,4,,5
update,32902,32914,32916,2,,6
update,32913,32925,32928,3,,7
update,32924,32936,32939,3,,8
inbound,33000,33012,33016,4,,10
update,33000,33012,33017,5,,9
update,33011,33023,33027,4,,11
update,33022,33033,33048,15,,12
inbound,33025,33037,33049,12,,13
update,33033,33045,33055,10,,14
update,33044,33055,33061,6,,15
update,33055,33066,33070,4,,0
update,33066,33078,33083,5,,1
update,33077,33089,33092,3,,2
update,33088,33100,33103,3,,3
update,33099,33110,33114,4,,4
inbound,33100,33112,33116,4,,5
update,33110,33121,33124,3,,6
update,33121,33133,33135,2,,7
update,33132,33144,33147,3,,8
update,33143,33154,33159,5,,9
inbound,33155,33166,33173,7,,11
update,33154,33166,33181,15,,10
update,33165,33178,33182,4,,12
update,33176,33188,33191,3,,13
update,33187,33199,33202,3,,14
update,33198,33210,33214,4,,15
inbound,33200,33212,33215,3,,0
update,33209,33220,33224,4,,1
inbound,33210,33222,33225,3,,2
update,33220,33231,33234,3,,3
inbound,33225,33237,33240,3,,4
update,33231,33243,33246,3,,5
update,33242,33254,33257,3,,6
update,33253,33265,33268,3,,7
inbound,33265,33276,33279,3,,9
update,33264,33276,33281,5,,8
update,33275,33287,33291,4,,10
update,33286,33298,33301,3,,11
update,33297,33309,33312,3,,12
update,33308,33320,33322,2,,13
update,33319,33331,33335,4,,14
inbound,33320,33332,33335,3,,15
update,33330,33342,33345,3,,0
update,33341,33352,33356,4,,1
update,33352,33364,33367,3,,2
update,33363,33375,33378,3,,3
update,33374,33386,33390,4,,4
inbound,33375,33387,33392,5,,5
update,33385,33397,33401,4,,6
update,33396,33408,33411,3,,7
inbound,33400,33412,33415,3,,8
update,33407,33419,33422,3,,9
update,33418,33430,33433,3,,10
inbound,33425,33437,33440,3,,11
update,33429,33440,33444,4,,12
inbound,33430,33442,33445,3,,13
update,33440,33452,33455,3,,14
update,33451,33463,33466,3,,15
update,33462,33474,33477,3,,0
update,33473,33485,33488,3,,1
update,33484,33496,33499,3,,2
inbound,33485,33497,33501,4,,3
update,33495,33507,33509,2,,4
update,33506,33518,33520,2,,5
update,33517,33528,33532,4,,6
update,33528,33539,33542,3,,7
update,33539,33550,33554,4,,8
inbound,33540,33552,33556,4,,9
update,33550,33562,33565,3,,10
update,33561,33573,33576,3,,11
update,33572,33584,33588,4,,12
update,33583,33595,33598,3,,13
update,33594,33606,33609,3,,14
inbound,33595,33607,33610,3,,15
update,33605,33617,33619,2,,0
update,33616,33628,33631,3,,1
update,33627,33639,33642,3,,2
update,33638,33649,33655,6,,3
update,33649,33661,33664,3,,4
inbound,33650,33662,33665,3,,5
update,33660,33671,33674,3,,6
update,33671,33683,33685,2,,7
update,33682,33694,33696,2,,8
update,33693,33705,33707,2,,9
inbound,33705,33716,33719,3,,11
update,33704,33716,33720,4,,10
update,33715,33727,33729,2,,12
update,33726,33738,33740,2,,13
update,33737,33749,33752,3,,14
update,33748,33760,33763,3,,15
update,33759,33771,33774,3,,0
inbound,33760,33773,33775,2,,1
update,33770,33782,33787,5,,2
update,33781,33793,33798,5,,3
update,33792,33804,33808,4,,4
update,33803,33814,33817,3,,5
update,33814,33826,33828,2,,6
inbound,33815,33827,33829,2,,7
update,33825,33837,33840,3,,8
update,33836,33848,33852,4,,9
update,33847,33859,33862,3,,10
update,33858,33870,33873,3,,11
update,33869,33881,33884,3,,12
update,33880,33892,33895,3,,13
update,33891,33903,33905,2,,14
update,33902,33914,33917,3,,15
update,33913,33925,33928,3,,0
update,33924,33936,33939,3,,1
update,34000,34012,34015,3,,2
inbound,34000,34012,34016,4,,3
update,34011,34023,34026,3,,4
update,34022,34034,34037,3,,5
inbound,34025,34037,34040,3,,6
update,34033,34045,34047,2,,7
update,34044,34056,34059,3,,8
update,34055,34067,34070,3,,9
update,34066,34078,34081,3,,10
update,34077,34089,34092,3,,11
update,34088,34099,34102,3,,12
update,34099,34110,34114,4,,13
inbound,34100,34112,34115,3,,14
update,34110,34122,34124,2,,15
update,34121,34133,34135,2,,0
update,34132,34144,34146,2,,1
update,34143,34155,34157,2,,2
update,34154,34166,34169,3,,3
inbound,34155,34167,34170,3,,4
update,34165,34177,34182,5,,5
update,34176,34188,34191,3,,6
update,34187,34199,34202,3,,7
update,34198,34210,34213,3,,8
inbound,34200,34212,34215,3,,9
update,34209,34221,34224,3,,10
inbound,34210,34222,34225,3,,11
update,34220,34232,34235,3,,12
inbound,34225,34237,34239,2,,13
update,34231,34243,34245,2,,14
update,34242,34254,34256,2,,15
update,34253,34265,34269,4,,0
update,34264,34276,34281,5,,1
inbound,34265,34277,34281,4,,2
update,34275,34287,34291,4,,3
update,34286,34298,34302,4,,4
update,34297,34309,34312,3,,5
update,34308,34320,34323,3,,6
inbound,34320,34331,34334,3,,8
update,34319,34331,34335,4,,7
update,34330,34342,34345,3,,9
update,34341,34353,34356,3,,10
update,34352,34364,34367,3,,11
update,34363,34375,34378,3,,12
update,34374,34386,34389,3,,13
inbound,34375,34386,34389,3,,14
update,34385,34396,34399,3,,15
update,34396,34407,34410,3,,0
inbound,34400,34412,34416,4,,1
update,34407,34419,34421,2,,2
update,34418,34429,34432,3,,3
inbound,34425,34437,34440,3,,4
update,34429,34441,34444,3,,5
inbound,34430,34442,34445,3,,6
update,34440,34452,34454,2,,7
update,34451,34463,34465,2,,8
update,34462,34474,34476,2,,9
update,34473,34484,34487,3,,10
update,34484,34496,34499,3,,11
inbound,34485,34496,34500,4,,12
update,34495,34507,34509,2,,13
update,34506,34518,34520,2,,14
update,34517,34529,34532,3,,15
update,34528,34540,34544,4,,0
update,34539,34550,34553,3,,1
inbound,34540,34551,34554,3,,2
update,34550,34561,34564,3,,3
update,34561,34573,34576,3,,4
update,34572,34584,34587,3,,5
update,34583,34595,34598,3,,6
update,34594,34606,34610,4,,7
inbound,34595,34607,34610,3,,8
update,34605,34617,34620,3,,9
update,34616,34628,34633,5,,10
update,34627,34639,34642,3,,11
update,34638,34650,34658,8,,12
update,34649,34661,34666,5,,13
inbound,34650,34663,34667,4,,14
update,34660,34672,34675,3,,15
update,34671,34683,34686,3,,0
update,34682,34693,34696,3,,1
update,34693,34705,34707,2,,2
update,34704,34716,34719,3,,3
inbound,34705,34716,34719,3,,4
update,34715,34727,34730,3,,5
update,34726,34738,34740,2,,6
update,34737,34748,34751,3,,7
update,34748,34760,34763,3,,8
inbound,34760,34771,34773,2,,10
update,34759,34771,34774,3,,9
update,34770,34781,34784,3,,11
update,34781,34793,34796,3,,12
update,34792,34804,34807,3,,13
update,34803,34815,34817,2,,14
update,34814,34825,34829,4,,15
inbound,34815,34827,34829,2,,0
update,34825,34837,34840,3,,1
update,34836,34848,34850,2,,2
update,34847,34859,34862,3,,3
update,34858,34870,34872,2,,4
update,34869,34881,34884,3,,5
update,34880,34892,34895,3,,6
update,34891,34902,34905,3,,7
update,34902,34914,34917,3,,8
update,34913,34925,34928,3,,9
update,34924,34936,34938,2,,10
inbound,35000,35012,35015,3,,12
update,35000,35012,35017,5,,11
update,35011,35023,35026,3,,13
update,35022,35034,35037,3,,14
inbound,35025,35037,35039,2,,15
update,35033,35045,35048,3,,0
update,35044,35056,35059,3,,1
update,35055,35067,35070,3,,2
update,35066,35077,35081,4,,3
update,35077,35089,35092,3,,4
update,35088,35100,35103,3,,5
update,35099,35111,35115,4,,6
inbound,35100,35111,35115,4,,7
update,35110,35122,35125,3,,8
update,35121,35133,35135,2,,9
update,35132,35144,35147,3,,10
update,35143,35155,35158,3,,11
update,35154,35165,35169,4,,12
inbound,35155,35166,35170,4,,13
update,35165,35177,35180,3,,14
update,35176,35188,35192,4,,15
update,35187,35199,35202,3,,0
update,35198,35210,35214,4,,1
inbound,35200,35212,35216,4,,2
update,35209,35221,35226,5,,3
inbound,35210,35222,35226,4,,4
update,35220,35232,35235,3,,5
inbound,35225,35237,35240,3,,6
update,35231,35243,35245,2,,7
update,35242,35253,35257,4,,8
update,35253,35265,35268,3,,9
update,35264,35276,35279,3,,10
inbound,35265,35277,35280,3,,11
update,35275,35287,35290,3,,12
update,35286,35298,35301,3,,13
update,35297,35308,35311,3,,14
update,35308,35320,35322,2,,15
update,35319,35331,35334,3,,0
inbound,35320,35332,35335,3,,1
update,35330,35342,35344,2,,2
update,35341,35353,35356,3,,3
update,35352,35364,35367,3,,4
update,35363,35375,35377,2,,5
update,35374,35385,35388,3,,6
inbound,35375,35387,35390,3,,7
update,35385,35397,35399,2,,8
update,35396,35407,35412,5,,9
inbound,35400,35412,35414,2,,10
update,35407,35419,35422,3,,11
update,35418,35430,35433,3,,12
inbound,35425,35437,35440,3,,13
update,35429,35440,35444,4,,14
inbound,35430,35442,35446,4,,15
update,35440,35452,35455,3,,0
update,35451,35463,35467,4,,1
update,35462,35474,35476,2,,2
update,35473,35485,35487,2,,3
update,35484,35496,35499,3,,4
inbound,35485,35497,35500,3,,5
update,35495,35507,35510,3,,6
update,35506,35518,35520,2,,7
update,35517,35529,35532,3,,8
update,35528,35540,35544,4,,9
update,35539,35551,35554,3,,10
inbound,35540,35552,35556,4,,11
update,35550,35562,35564,2,,12
update,35561,35572,35575,3,,13
update,35572,35584,35587,3,,14
update,35583,35595,35598,3,,15
update,35594,35606,35609,3,,0
inbound,35595,35607,35612,5,,1
update,35605,35617,35620,3,,2
update,35616,35627,35631,4,,3
update,35627,35639,35641,2,,4
update,35638,35650,35653,3,,5
inbound,35650,35661,35665,4,,7
update,35649,35661,35666,5,,6
update,35660,35671,35675,4,,8
update,35671,35683,35686,3,,9
update,35682,35694,35696,2,,10
update,35693,35705,35708,3,,11
update,35704,35715,35720,5,,12
inbound,35705,35717,35721,4,,13
update,35715,35727,35730,3,,14
update,35726,35738,35741,3,,15
update,35737,35748,35751,3,,0
update,35748,35760,35763,3,,1
update,35759,35770,35773,3,,2
inbound,35760,35772,35775,3,,3
update,35770,35782,35784,2,,4
update,35781,35793,35795,2,,5
update,35792,35804,35806,2,,6
update,35803,35815,35819,4,,7
update,35814,35826,35829,3,,8
inbound,35815,35827,35829,2,,9
update,35825,35837,35840,3,,10
update,35836,35848,35851,3,,11
update,35847,35858,35862,4,,12
update,35858,35869,35872,3,,13
update,35869,35881,35883,2,,14
update,35880,35892,35895,3,,15
update,35891,35902,35906,4,,0
update,35902,35914,35917,3,,1
update,35913,35925,35927,2,,2
update,35924,35936,35939,3,,3
update,36000,36012,36015,3,,4
inbound,36000,36014,36017,3,,5
update,36011,36023,36026,3,,6
update,36022,36034,36037,3,,7
inbound,36025,36038,36040,2,,8
update,36033,36045,36048,3,,9
update,36044,36056,36058,2,,10
update,36055,36066,36069,3,,11
update,36066,36078,36080,2,,12
update,36077,36089,36092,3,,13
update,36088,36100,36103,3,,14
update,36099,36110,36113,3,,15
inbound,36100,36113,36116,3,,0
update,36110,36121,36124,3,,1
update,36121,36133,36135,2,,2
update,36132,36144,36146,2,,3
update,36143,36155,36158,3,,4
update,36154,36166,36169,3,,5
inbound,36155,36168,36171,3,,6
update,36165,36177,36180,3,,7
update,36176,36188,36194,6,,8
update,36187,36199,36202,3,,9
update,36198,36210,36214,4,,10
inbound,36200,36212,36215,3,,11
update,36209,36220,36224,4,,12
inbound,36210,36223,36225,2,,13
update,36220,36232,36234,2,,14
inbound,36225,36238,36240,2,,15
update,36231,36242,36245,3,,0
update,36242,36254,36258,4,,1
update,36253,36265,36267,2,,2
update,36264,36276,36279,3,,3
inbound,36265,36278,36281,3,,4
update,36275,36287,36289,2,,5
update,36286,36298,36301,3,,6
update,36297,36309,36321,12,,7
update,36308,36320,36323,3,,8
update,36319,36331,36334,3,,9
inbound,36320,36333,36336,3,,10
update,36330,36341,36344,3,,11
update,36341,36353,36356,3,,12
update,36352,36364,36367,3,,13
update,36363,36375,36378,3,,14
update,36374,36385,36389,4,,15
inbound,36375,36388,36391,3,,0
update,36385,36396,36400,4,,1
update,36396,36408,36411,3,,2
inbound,36400,36413,36421,8,,3
update,36407,36418,36422,4,,4
update,36418,36430,36432,2,,5
inbound,36425,36438,36440,2,,6
update,36429,36440,36443,3,,7
inbound,36430,36443,36446,3,,8
update,36440,36452,36455,3,,9
update,36451,36463,36466,3,,10
update,36462,36474,36476,2,,11
update,36473,36485,36489,4,,12
update,36484,36496,36499,3,,13
inbound,36485,36497,36501,4,,14
update,36495,36507,36510,3,,15
update,36506,36517,36520,3,,0
update,36517,36529,36532,3,,1
update,36528,36540,36543,3,,2
update,36539,36551,36555,4,,3
inbound,36540,36553,36556,3,,4
update,36550,36562,36564,2,,5
update,36561,36573,36576,3,,6
update,36572,36583,36586,3,,7
update,36583,36595,36598,3,,8
update,36594,36606,36608,2,,9
inbound,36595,36608,36611,3,,10
update,36605,36617,36619,2,,11
update,36616,36628,36630,2,,12
update,36627,36639,36642,3,,13
update,36638,36650,36653,3,,14
update,36649,36661,36663,2,,15
inbound,36650,36663,36669,6,,0
update,36660,36672,36676,4,,1
update,36671,36683,36685,2,,2
update,36682,36694,36696,2,,3
update,36693,36705,36708,3,,4
update,36704,36716,36719,3,,5
inbound,36705,36718,36721,3,,6
update,36715,36727,36742,15,,7
update,36726,36738,36742,4,,8
update,36737,36749,36752,3,,9
update,36748,36760,36763,3,,10
update,36759,36771,36774,3,,11
inbound,36760,36772,36775,3,,12
update,36770,36782,36784,2,,13
update,36781,36793,36796,3,,14
update,36792,36804,36806,2,,15
update,36803,36815,36818,3,,0
update,36814,36826,36829,3,,1
inbound,36815,36828,36830,2,,2
update,36825,36836,36839,3,,3
update,36836,36848,36850,2,,4
update,36847,36858,36861,3,,5
update,36858,36870,36873,3,,6
update,36869,36881,36884,3,,7
update,36880,36891,36895,4,,8
update,36891,36903,36906,3,,9
update,36902,36915,36918,3,,10
update,36913,36926,36928,2,,11
update,36924,36936,36939,3,,12
inbound,37000,37013,37018,5,,14
update,37000,37013,37020,7,,13
update,37011,37024,37029,5,,15
update,37022,37035,37038,3,,0
inbound,37025,37038,37044,6,,1
update,37033,37046,37051,5,,2
update,37044,37057,37063,6,,3
update,37055,37068,37073,5,,4
update,37066,37078,37081,3,,5
update,37077,37090,37092,2,,6
update,37088,37101,37104,3,,7
inbound,37100,37112,37116,4,,9
update,37099,37112,37116,4,,8
update,37110,37123,37127,4,,10
update,37121,37134,37136,2,,11
update,37132,37145,37148,3,,12
update,37143,37156,37158,2,,13
update,37154,37167,37170,3,,14
inbound,37155,37168,37171,3,,15
update,37165,37177,37180,3,,0
update,37176,37189,37192,3,,1
update,37187,37200,37204,4,,2
update,37198,37210,37213,3,,3
inbound,37200,37213,37215,2,,4
inbound,37210,37222,37226,4,,6
update,37209,37222,37226,4,,5
update,37220,37232,37235,3,,7
inbound,37225,37238,37240,2,,8
update,37231,37244,37246,2,,9
update,37242,37255,37257,2,,10
update,37253,37265,37268,3,,11
update,37264,37277,37279,2,,12
inbound,37265,37278,37281,3,,13
update,37275,37287,37290,3,,14
update,37286,37298,37301,3,,15
update,37297,37310,37312,2,,0
update,37308,37321,37324,3,,1
update,37319,37332,37335,3,,2
inbound,37320,37333,37336,3,,3
update,37330,37342,37345,3,,4
update,37341,37354,37358,4,,5
update,37352,37365,37367,2,,6
update,37363,37376,37379,3,,7
update,37374,37386,37389,3,,8
inbound,37375,37388,37390,2,,9
update,37385,37397,37400,3,,10
update,37396,37409,37412,3,,11
inbound,37400,37413,37416,3,,12
update,37407,37420,37424,4,,13
update,37418,37431,37433,2,,14
inbound,37425,37438,37441,3,,15
update,37429,37442,37445,3,,0
inbound,37430,37443,37447,4,,1
update,37440,37452,37455,3,,2
update,37451,37464,37467,3,,3
update,37462,37475,37477,2,,4
update,37473,37485,37488,3,,5
update,37484,37497,37500,3,,6
inbound,37485,37498,37501,3,,7
update,37495,37507,37511,4,,8
update,37506,37519,37521,2,,9
update,37517,37530,37533,3,,10
update,37528,37541,37544,3,,11
update,37539,37552,37555,3,,12
inbound,37540,37553,37558,5,,13
update,37550,37563,37565,2,,14
update,37561,37574,37577,3,,15
update,37572,37585,37588,3,,0
update,37583,37596,37599,3,,1
update,37594,37607,37610,3,,2
inbound,37595,37607,37611,4,,3
update,37605,37618,37621,3,,4
update,37616,37628,37631,3,,5
update,37627,37640,37642,2,,6
update,37638,37650,37653,3,,7
update,37649,37661,37666,5,,8
inbound,37650,37663,37666,3,,9
update,37660,37672,37675,3,,10
update,37671,37684,37686,2,,11
update,37682,37694,37697,3,,12
update,37693,37706,37709,3,,13
update,37704,37717,37720,3,,14
inbound,37705,37718,37720,2,,15
update,37715,37728,37730,2,,0
update,37726,37739,37742,3,,1
update,37737,37750,37753,3,,2
update,37748,37761,37763,2,,3
update,37759,37771,37775,4,,4
inbound,37760,37773,37775,2,,5
update,37770,37783,37786,3,,6
update,37781,37794,37797,3,,7
update,37792,37805,37807,2,,8
update,37803,37816,37818,2,,9
update,37814,37827,37830,3,,10
inbound,37815,37828,37831,3,,11
update,37825,37838,37840,2,,12
update,37836,37849,37852,3,,13
update,37847,37860,37863,3,,14
update,37858,37871,37873,2,,15
update,37869,37882,37885,3,,0
update,37880,37893,37896,3,,1
update,37891,37904,37907,3,,2
update,37902,37915,37917,2,,3
update,37913,37925,37928,3,,4
update,37924,37936,37939,3,,5
inbound,38000,38013,38018,5,,7
update,38000,38013,38020,7,,6
update,38011,38024,38028,4,,8
update,38022,38035,38038,3,,9
inbound,38025,38038,38040,2,,10
update,38033,38045,38048,3,,11
update,38044,38057,38060,3,,12
update,38055,38068,38071,3,,13
update,38066,38079,38084,5,,14
update,38077,38090,38095,5,,15
update,38088,38101,38106,5,,0
inbound,38100,38113,38118,5,,2
update,38099,38112,38121,9,,1
update,38110,38123,38129,6,,3
update,38121,38134,38138,4,,4
update,38132,38145,38149,4,,5
update,38143,38156,38158,2,,6
update,38154,38167,38169,2,,7
inbound,38155,38168,38171,3,,8
update,38165,38178,38180,2,,9
update,38176,38188,38191,3,,10
update,38187,38200,38204,4,,11
update,38198,38211,38214,3,,12
inbound,38200,38213,38216,3,,13
inbound,38210,38222,38225,3,,15
update,38209,38222,38226,4,,14
update,38220,38233,38236,3,,0
inbound,38225,38238,38240,2,,1
update,38231,38244,38246,2,,2
update,38242,38254,38257,3,,3
update,38253,38266,38270,4,,4
update,38264,38277,38280,3,,5
inbound,38265,38278,38281,3,,6
update,38275,38288,38290,2,,7
update,38286,38299,38301,2,,8
update,38297,38309,38312,3,,9
update,38308,38321,38324,3,,10
update,38319,38332,38335,3,,11
inbound,38320,38333,38336,3,,12
update,38330,38343,38345,2,,13
update,38341,38354,38356,2,,14
update,38352,38365,38367,2,,15
update,38363,38376,38379,3,,0
inbound,38375,38387,38390,3,,2
update,38374,38387,38390,3,,1
update,38385,38398,38400,2,,3
update,38396,38409,38412,3,,4
inbound,38400,38413,38415,2,,5
update,38407,38420,38422,2,,6
update,38418,38431,38433,2,,7
inbound,38425,38438,38440,2,,8
update,38429,38441,38444,3,,9
inbound,38430,38443,38445,2,,10
update,38440,38453,38455,2,,11
update,38451,38463,38466,3,,12
update,38462,38475,38478,3,,13
update,38473,38486,38489,3,,14
update,38484,38497,38500,3,,15
inbound,38485,38498,38501,3,,0
update,38495,38508,38510,2,,1
update,38506,38519,38521,2,,2
update,38517,38530,38532,2,,3
update,38528,38541,38544,3,,4
update,38539,38552,38555,3,,5
inbound,38540,38552,38555,3,,6
update,38550,38563,38565,2,,7
update,38561,38574,38577,3,,8
update,38572,38585,38588,3,,9
update,38583,38596,38598,2,,10
update,38594,38607,38610,3,,11
inbound,38595,38607,38611,4,,12
update,38605,38618,38620,2,,13
update,38616,38628,38631,3,,14
update,38627,38640,38643,3,,15
update,38638,38651,38653,2,,0
update,38649,38662,38665,3,,1
inbound,38650,38663,38665,2,,2
update,38660,38673,38675,2,,3
update,38671,38684,38687,3,,4
update,38682,38695,38698,3,,5
update,38693,38706,38708,2,,6
update,38704,38716,38719,3,,7
inbound,38705,38718,38720,2,,8
update,38715,38728,38730,2,,9
update,38726,38739,38742,3,,10
update,38737,38750,38752,2,,11
update,38748,38761,38763,2,,12
inbound,38760,38772,38775,3,,14
update,38759,38772,38776,4,,13
update,38770,38783,38786,3,,15
update,38781,38794,38797,3,,0
update,38792,38805,38807,2,,1
update,38803,38815,38818,3,,2
update,38814,38827,38830,3,,3
inbound,38815,38828,38830,2,,4
update,38825,38838,38840,2,,5
update,38836,38849,38851,2,,6
update,38847,38860,38862,2,,7
update,38858,38871,38874,3,,8
update,38869,38882,38885,3,,9
update,38880,38893,38895,2,,10
update,38891,38903,38906,3,,11
update,38902,38915,38918,3,,12
update,38913,38926,38929,3,,13
update,38924,38937,38939,2,,14
update,39000,39012,39016,4,,15
inbound,39000,39012,39017,5,,0
update,39011,39024,39027,3,,1
update,39022,39035,39037,2,,2
inbound,39025,39037,39040,3,,3
update,39033,39046,39049,3,,4
update,39044,39056,39059,3,,5
update,39055,39068,39071,3,,6
update,39066,39079,39082,3,,7
update,39077,39090,39092,2,,8
update,39088,39101,39104,3,,9
update,39099,39112,39115,3,,10
inbound,39100,39113,39116,3,,11
update,39110,39122,39125,3,,12
update,39121,39134,39137,3,,13
update,39132,39145,39148,3,,14
update,39143,39156,39159,3,,15
update,39154,39167,39170,3,,0
inbound,39155,39168,39171,3,,1
update,39165,39178,39181,3,,2
update,39176,39189,39192,3,,3
update,39187,39200,39203,3,,4
update,39198,39211,39215,4,,5
inbound,39200,39212,39217,5,,6
inbound,39210,39223,39234,11,,8
update,39209,39222,39234,12,,7
update,39220,39233,39236,3,,9
inbound,39225,39237,39240,3,,10
update,39231,39244,39247,3,,11
update,39242,39254,39258,4,,12
update,39253,39266,39269,3,,13
update,39264,39277,39281,4,,14
inbound,39265,39278,39282,4,,15
update,39275,39288,39291,3,,0
update,39286,39299,39302,3,,1
update,39297,39310,39313,3,,2
update,39308,39321,39323,2,,3
update,39319,39332,39335,3,,4
inbound,39320,39333,39336,3,,5
update,39330,39343,39356,13,,6
update,39341,39354,39357,3,,7
update,39352,39365,39373,8,,8
update,39363,39376,39378,2,,9
inbound,39375,39387,39390,3,,11
update,39374,39387,39391,4,,10
update,39385,39398,39401,3,,12
update,39396,39409,39412,3,,13
inbound,39400,39412,39415,3,,14
update,39407,39420,39423,3,,15
update,39418,39431,39434,3,,0
inbound,39425,39437,39440,3,,1
update,39429,39442,39445,3,,2
inbound,39430,39443,39446,3,,3
update,39440,39452,39455,3,,4
update,39451,39464,39467,3,,5
update,39462,39475,39478,3,,6
update,39473,39486,39488,2,,7
update,39484,39497,39500,3,,8
inbound,39485,39498,39501,3,,9
update,39495,39508,39511,3,,10
update,39506,39519,39522,3,,11
update,39517,39530,39533,3,,12
update,39528,39541,39544,3,,13
update,39539,39552,39556,4,,14
inbound,39540,39553,39557,4,,15
update,39550,39563,39565,2,,0
update,39561,39574,39577,3,,1
update,39572,39585,39590,5,,2
update,39583,39596,39599,3,,3
update,39594,39607,39611,4,,4
inbound,39595,39608,39612,4,,5
update,39605,39618,39621,3,,6
update,39616,39629,39632,3,,7
update,39627,39640,39643,3,,8
update,39638,39651,39653,2,,9
update,39649,39662,39665,3,,10
inbound,39650,39663,39666,3,,11
update,39660,39673,39676,3,,12
update,39671,39683,39687,4,,13
update,39682,39695,39698,3,,14
update,39693,39706,39710,4,,15
inbound,39705,39717,39720,3,,1
update,39704,39717,39721,4,,0
update,39715,39728,39732,4,,2
update,39726,39739,39743,4,,3
update,39737,39750,39753,3,,4
update,39748,39760,39764,4,,5
update,39759,39772,39776,4,,6
inbound,39760,39772,39776,4,,7
update,39770,39783,39787,4,,8
update,39781,39794,39797,3,,9
update,39792,39805,39808,3,,10
update,39803,39816,39820,4,,11
update,39814,39827,39830,3,,12
inbound,39815,39828,39831,3,,13
update,39825,39838,39841,3,,14
update,39836,39849,39852,3,,15
update,39847,39859,39862,3,,0
update,39858,39871,39875,4,,1
update,39869,39882,39885,3,,2
update,39880,39893,39896,3,,3
update,39891,39904,39907,3,,4
update,39902,39915,39917,2,,5
update,39913,39926,39929,3,,6
update,39924,39936,39939,3,,7
inbound,40000,40012,40016,4,,9
update,40000,40012,40016,4,,8
update,40011,40024,40027,3,,10
update,40022,40035,40038,3,,11
inbound,40025,40038,40041,3,,12
update,40033,40046,40049,3,,13
update,40044,40056,40060,4,,14
update,40055,40068,40071,3,,15
update,40066,40079,40082,3,,0
update,40077,40090,40093,3,,1
update,40088,40101,40103,2,,2
update,40099,40112,40117,5,,3
inbound,40100,40113,40118,5,,4
update,40110,40123,40126,3,,5
update,40121,40134,40137,3,,6
update,40132,40145,40148,3,,7
update,40143,40156,40159,3,,8
update,40154,40167,40170,3,,9
inbound,40155,40168,40171,3,,10
update,40165,40178,40181,3,,11
update,40176,40189,40191,2,,12
update,40187,40200,40202,2,,13
update,40198,40210,40217,7,,14
inbound,40200,40213,40219,6,,15
update,40209,40222,40228,6,,0
inbound,40210,40224,40229,5,,1
update,40220,40233,40235,2,,2
inbound,40225,40238,40241,3,,3
update,40231,40244,40247,3,,4
update,40242,40255,40257,2,,5
update,40253,40266,40269,3,,6
update,40264,40277,40280,3,,7
inbound,40265,40278,40281,3,,8
update,40275,40288,40291,3,,9
update,40286,40298,40301,3,,10
update,40297,40310,40313,3,,11
update,40308,40321,40324,3,,12
inbound,40320,40332,40335,3,,14
update,40319,40332,40335,3,,13
update,40330,40343,40346,3,,15
update,40341,40354,40357,3,,0
update,40352,40365,40368,3,,1
update,40363,40375,40378,3,,2
update,40374,40387,40390,3,,3
inbound,40375,40388,40391,3,,4
update,40385,40398,40401,3,,5
update,40396,40409,40412,3,,6
inbound,40400,40413,40416,3,,7
update,40407,40420,40423,3,,8
update,40418,40431,40433,2,,9
inbound,40425,40438,40440,2,,10
update,40429,40442,40446,4,,11
inbound,40430,40443,40447,4,,12
update,40440,40453,40455,2,,13
update,40451,40463,40467,4,,14
update,40462,40474,40477,3,,15
update,40473,40486,40489,3,,0
update,40484,40496,40500,4,,1
inbound,40485,40498,40500,2,,2
update,40495,40508,40511,3,,3
update,40506,40519,40521,2,,4
update,40517,40530,40534,4,,5
update,40528,40541,40544,3,,6
update,40539,40552,40556,4,,7
inbound,40540,40553,40557,4,,8
update,40550,40563,40565,2,,9
update,40561,40574,40577,3,,10
update,40572,40585,40588,3,,11
update,40583,40596,40599,3,,12
update,40594,40607,40624,17,,13
update,40605,40618,40624,6,,15
inbound,40595,40607,40624,17,,14
update,40616,40629,40632,3,,0
update,40627,40640,40642,2,,1
update,40638,40650,40654,4,,2
update,40649,40662,40665,3,,3
inbound,40650,40663,40667,4,,4
update,40660,40673,40676,3,,5
update,40671,40684,40688,4,,6
update,40682,40695,40697,2,,7
update,40693,40706,40708,2,,8
update,40704,40717,40721,4,,9
inbound,40705,40718,40722,4,,10
update,40715,40727,40731,4,,11
update,40726,40739,40743,4,,12
update,40737,40750,40753,3,,13
update,40748,40761,40764,3,,14
update,40759,40772,40775,3,,15
inbound,40760,40773,40775,2,,0
update,40770,40783,40786,3,,1
update,40781,40794,40797,3,,2
update,40792,40805,40808,3,,3
update,40803,40816,40818,2,,4
update,40814,40827,40830,3,,5
inbound,40815,40828,40831,3,,6
update,40825,40838,40841,3,,7
update,40836,40849,40852,3,,8
update,40847,40859,40863,4,,9
update,40858,40871,40874,3,,10
update,40869,40882,40885,3,,11
update,40880,40893,40895,2,,12
update,40891,40904,40907,3,,13
update,40902,40914,40918,4,,14
update,40913,40926,40929,3,,15
update,40924,40937,40940,3,,0
update,41000,41012,41016,4,,1
inbound,41000,41012,41017,5,,2
update,41011,41024,41027,3,,3
update,41022,41035,41038,3,,4
inbound,41025,41038,41040,2,,5
update,41033,41046,41049,3,,6
update,41044,41057,41060,3,,7
update,41055,41068,41071,3,,8
update,41066,41078,41083,5,,9
update,41077,41090,41094,4,,10
update,41088,41101,41105,4,,11
update,41099,41112,41133,21,,12
update,41110,41123,41134,11,,14
inbound,41100,41113,41134,21,,13
update,41121,41134,41137,3,,15
update,41132,41145,41148,3,,0
update,41143,41156,41159,3,,1
update,41154,41166,41170,4,,2
inbound,41155,41168,41171,3,,3
update,41165,41177,41180,3,,4
update,41176,41189,41192,3,,5
update,41187,41199,41203,4,,6
update,41198,41211,41215,4,,7
inbound,41200,41213,41218,5,,8
update,41209,41222,41227,5,,9
inbound,41210,41223,41229,6,,10
update,41220,41233,41236,3,,11
inbound,41225,41238,41241,3,,12
update,41231,41244,41247,3,,13
update,41242,41255,41257,2,,14
update,41253,41265,41268,3,,15
update,41264,41277,41280,3,,0
inbound,41265,41278,41281,3,,1
update,41275,41288,41291,3,,2
update,41286,41299,41301,2,,3
update,41297,41309,41313,4,,4
update,41308,41320,41324,4,,5
update,41319,41331,41335,4,,6
inbound,41320,41333,41337,4,,7
update,41330,41343,41346,3,,8
update,41341,41354,41357,3,,9
update,41352,41365,41367,2,,10
update,41363,41376,41378,2,,11
update,41374,41387,41390,3,,12
inbound,41375,41388,41391,3,,13
update,41385,41397,41400,3,,14
update,41396,41409,41411,2,,15
inbound,41400,41413,41416,3,,0
update,41407,41420,41422,2,,1
update,41418,41431,41433,2,,2
inbound,41425,41438,41442,4,,3
update,41429,41441,41445,4,,4
inbound,41430,41443,41446,3,,5
update,41440,41453,41455,2,,6
update,41451,41464,41467,3,,7
update,41462,41475,41478,3,,8
update,41473,41486,41489,3,,9
update,41484,41496,41500,4,,10
inbound,41485,41498,41500,2,,11
update,41495,41508,41510,2,,12
update,41506,41519,41525,6,,13
update,41517,41530,41532,2,,14
update,41528,41542,41547,5,,15
update,41539,41552,41555,3,,0
inbound,41540,41553,41556,3,,1
update,41550,41562,41564,2,,2
update,41561,41574,41577,3,,3
update,41572,41584,41587,3,,4
update,41583,41596,41599,3,,5
update,41594,41607,41610,3,,6
inbound,41595,41608,41611,3,,7
update,41605,41618,41621,3,,8
update,41616,41629,41632,3,,9
update,41627,41640,41643,3,,10
update,41638,41651,41654,3,,11
update,41649,41662,41666,4,,12
inbound,41650,41663,41666,3,,13
update,41660,41672,41675,3,,14
update,41671,41684,41688,4,,15
update,41682,41695,41698,3,,0
update,41693,41706,41722,16,,1
inbound,41705,41718,41722,4,,3
update,41704,41717,41722,5,,2
update,41715,41728,41732,4,,4
update,41726,41739,41742,3,,5
update,41737,41750,41754,4,,6
update,41748,41761,41764,3,,7
inbound,41760,41773,41774,1,,9
update,41759,41772,41775,3,,8
update,41770,41783,41786,3,,10
update,41781,41794,41796,2,,11
update,41792,41805,41808,3,,12
update,41803,41815,41818,3,,13
inbound,41815,41827,41830,3,,15
update,41814,41827,41830,3,,14
update,41825,41838,41841,3,,0
update,41836,41849,41851,2,,1
update,41847,41860,41865,5,,2
update,41858,41871,41874,3,,3
update,41869,41882,41885,3,,4
update,41880,41893,41896,3,,5
update,41891,41903,41906,3,,6
update,41902,41914,41917,3,,7
update,41913,41926,41929,3,,8
update,41924,41937,41939,2,,9
update,42000,42013,42017,4,,10
inbound,42000,42013,42017,4,,11
update,42011,42024,42026,2,,12
update,42022,42035,42039,4,,13
inbound,42025,42037,42040,3,,14
update,42033,42046,42049,3,,15
update,42044,42057,42060,3,,0
update,42055,42068,42071,3,,1
update,42066,42079,42081,2,,2
update,42077,42090,42092,2,,3
update,42088,42101,42103,2,,4
update,42099,42112,42115,3,,5
inbound,42100,42112,42116,4,,6
update,42110,42123,42125,2,,7
update,42121,42134,42136,2,,8
update,42132,42145,42147,2,,9
update,42143,42155,42158,3,,10
inbound,42155,42167,42170,3,,12
update,42154,42167,42172,5,,11
update,42165,42178,42180,2,,13
update,42176,42189,42191,2,,14
update,42187,42200,42203,3,,15
update,42198,42211,42214,3,,0
inbound,42200,42213,42216,3,,1
update,42209,42221,42228,7,,2
inbound,42210,42223,42228,5,,3
update,42220,42232,42235,3,,4
inbound,42225,42237,42240,3,,5
update,42231,42244,42247,3,,6
update,42242,42255,42257,2,,7
update,42253,42265,42268,3,,8
update,42264,42277,42280,3,,9
inbound,42265,42278,42281,3,,10
update,42275,42288,42291,3,,11
update,42286,42299,42302,3,,12
update,42297,42310,42312,2,,13
update,42308,42321,42323,2,,14
update,42319,42332,42334,2,,15
inbound,42320,42333,42353,20,,0
update,42330,42343,42353,10,,1
update,42341,42354,42358,4,,2
update,42352,42364,42367,3,,3
update,42363,42376,42379,3,,4
inbound,42375,42387,42390,3,,6
update,42374,42387,42390,3,,5
update,42385,42398,42401,3,,7
update,42396,42409,42412,3,,8
inbound,42400,42413,42415,2,,9
update,42407,42419,42422,3,,10
update,42418,42431,42436,5,,11
inbound,42425,42438,42442,4,,12
update,42429,42441,42445,4,,13
inbound,42430,42442,42446,4,,14
update,42440,42453,42457,4,,15
update,42451,42464,42468,4,,0
update,42462,42475,42479,4,,1
update,42473,42486,42514,28,,2
inbound,42485,42498,42517,19,,4
update,42484,42496,42517,21,,3
update,42495,42508,42517,9,,5
update,42506,42518,42521,3,,6
update,42517,42529,42533,4,,7
update,42528,42541,42543,2,,8
update,42539,42552,42555,3,,9
inbound,42540,42553,42556,3,,10
update,42550,42563,42566,3,,11
update,42561,42574,42577,3,,12
update,42572,42585,42588,3,,13
update,42583,42596,42599,3,,14
inbound,42595,42607,42611,4,,0
update,42594,42607,42611,4,,15
update,42605,42618,42621,3,,1
update,42616,42628,42632,4,,2
update,42627,42640,42644,4,,3
update,42638,42650,42653,3,,4
update,42649,42662,42665,3,,5
inbound,42650,42663,42666,3,,6
update,42660,42673,42675,2,,7
update,42671,42684,42686,2,,8
update,42682,42695,42697,2,,9
update,42693,42706,42708,2,,10
update,42704,42717,42720,3,,11
inbound,42705,42718,42721,3,,12
update,42715,42728,42730,2,,13
update,42726,42738,42741,3,,14
update,42737,42749,42752,3,,15
update,42748,42761,42764,3,,0
update,42759,42772,42775,3,,1
inbound,42760,42773,42775,2,,2
update,42770,42783,42786,3,,3
update,42781,42794,42797,3,,4
update,42792,42805,42807,2,,5
update,42803,42815,42818,3,,6
update,42814,42827,42830,3,,7
inbound,42815,42828,42830,2,,8
update,42825,42838,42841,3,,9
update,42836,42849,42852,3,,10
update,42847,42860,42863,3,,11
update,42858,42870,42873,3,,12
update,42869,42882,42885,3,,13
update,42880,42893,42896,3,,14
update,42891,42904,42907,3,,15
update,42902,42915,42918,3,,0
update,42913,42925,42928,3,,1
update,42924,42937,42939,2,,2
inbound,43000,43013,43016,3,,4
update,43000,43013,43017,4,,3
update,43011,43024,43027,3,,5
update,43022,43035,43038,3,,6
inbound,43025,43038,43041,3,,7
update,43033,43046,43049,3,,8
update,43044,43056,43059,3,,9
update,43055,43068,43071,3,,10
update,43066,43079,43084,5,,11
update,43077,43090,43095,5,,12
update,43088,43101,43104,3,,13
update,43099,43111,43117,6,,14
inbound,43100,43113,43118,5,,15
update,43110,43122,43128,6,,0
update,43121,43134,43138,4,,1
update,43132,43145,43149,4,,2
update,43143,43155,43159,4,,3
update,43154,43167,43170,3,,4
inbound,43155,43168,43173,5,,5
update,43165,43178,43181,3,,6
update,43176,43189,43192,3,,7
update,43187,43200,43202,2,,8
update,43198,43211,43214,3,,9
inbound,43200,43212,43216,4,,10
update,43209,43222,43225,3,,11
inbound,43210,43224,43228,4,,12
update,43220,43233,43237,4,,13
inbound,43225,43238,43241,3,,14
update,43231,43243,43246,3,,15
update,43242,43255,43258,3,,0
update,43253,43266,43269,3,,1
update,43264,43277,43280,3,,2
inbound,43265,43278,43281,3,,3
update,43275,43288,43290,2,,4
update,43286,43299,43302,3,,5
update,43297,43309,43312,3,,6
update,43308,43321,43324,3,,7
update,43319,43332,43336,4,,8
inbound,43320,43332,43337,5,,9
update,43330,43343,43345,2,,10
update,43341,43354,43357,3,,11
update,43352,43365,43367,2,,12
update,43363,43376,43379,3,,13
update,43374,43387,43390,3,,14
inbound,43375,43387,43392,5,,15
update,43385,43397,43400,3,,0
update,43396,43409,43412,3,,1
inbound,43400,43413,43416,3,,2
update,43407,43419,43422,3,,3
update,43418,43431,43434,3,,4
inbound,43425,43438,43441,3,,5
update,43429,43441,43444,3,,6
inbound,43430,43443,43446,3,,7
update,43440,43453,43456,3,,8
update,43451,43464,43466,2,,9
update,43462,43474,43477,3,,10
update,43473,43486,43489,3,,11
update,43484,43497,43500,3,,12
inbound,43485,43497,43501,4,,13
update,43495,43507,43510,3,,14
update,43506,43519,43523,4,,15
update,43517,43530,43533,3,,0
update,43528,43541,43544,3,,1
update,43539,43552,43555,3,,2
inbound,43540,43553,43557,4,,3
update,43550,43562,43565,3,,4
update,43561,43573,43576,3,,5
update,43572,43584,43587,3,,6
update,43583,43596,43599,3,,7
update,43594,43607,43610,3,,8
inbound,43595,43608,43612,4,,9
update,43605,43617,43620,3,,10
update,43616,43628,43632,4,,11
update,43627,43640,43644,4,,12
update,43638,43651,43654,3,,13
update,43649,43662,43665,3,,14
inbound,43650,43663,43666,3,,15
update,43660,43673,43675,2,,0
update,43671,43683,43686,3,,1
update,43682,43695,43698,3,,2
update,43693,43705,43709,4,,3
update,43704,43717,43721,4,,4
inbound,43705,43718,43721,3,,5
update,43715,43728,43730,2,,6
update,43726,43739,43741,2,,7
update,43737,43750,43753,3,,8
update,43748,43761,43764,3,,9
update,43759,43771,43775,4,,10
inbound,43760,43773,43775,2,,11
update,43770,43783,43789,6,,12
update,43781,43794,43797,3,,13
update,43792,43805,43808,3,,14
update,43803,43816,43819,3,,15
inbound,43815,43828,43830,2,,1
update,43814,43827,43832,5,,0
update,43825,43838,43842,4,,2
update,43836,43849,43853,4,,3
update,43847,43860,43863,3,,4
update,43858,43871,43874,3,,5
update,43869,43882,43885,3,,6
update,43880,43893,43895,2,,7
update,43891,43904,43907,3,,8
update,43902,43915,43918,3,,9
update,43913,43926,43933,7,,10
update,43924,43937,43940,3,,11
update,44000,44013,44016,3,,12
inbound,44000,44013,44017,4,,13
update,44011,44025,44028,3,,14
update,44022,44036,44038,2,,15
inbound,44025,44039,44042,3,,0
update,44033,44046,44049,3,,1
update,44044,44057,44060,3,,2
update,44055,44069,44072,3,,3
update,44066,44080,44083,3,,4
update,44077,44091,44094,3,,5
update,44088,44102,44105,3,,6
inbound,44100,44114,44119,5,,8
update,44099,44113,44119,6,,7
update,44110,44124,44127,3,,9
update,44121,44135,44138,3,,10
update,44132,44146,44150,4,,11
update,44143,44157,44160,3,,12
update,44154,44168,44173,5,,13
inbound,44155,44169,44174,5,,14
update,44165,44178,44182,4,,15
update,44176,44190,44194,4,,0
update,44187,44201,44204,3,,1
update,44198,44212,44215,3,,2
inbound,44200,44214,44217,3,,3
update,44209,44222,44225,3,,4
inbound,44210,44224,44227,3,,5
update,44220,44234,44241,7,,6
inbound,44225,44239,44242,3,,7
update,44231,44245,44248,3,,8
update,44242,44256,44258,2,,9
update,44253,44267,44270,3,,10
update,44264,44278,44282,4,,11
inbound,44265,44279,44283,4,,12
update,44286,44300,44305,5,,14
update,44275,44289,44305,16,,13
update,44297,44311,44315,4,,15
update,44308,44321,44325,4,,0
update,44319,44333,44343,10,,1
inbound,44320,44333,44346,13,,2
update,44330,44344,44350,6,,3
update,44341,44355,44358,3,,4
update,44352,44366,44369,3,,5
update,44363,44377,44380,3,,6
update,44374,44388,44394,6,,7
inbound,44375,44388,44394,6,,8
update,44385,44399,44402,3,,9
update,44396,44410,44413,3,,10
inbound,44400,44413,44424,11,,11
update,44407,44421,44424,3,,12
update,44418,44431,44435,4,,13
inbound,44425,44439,44442,3,,14
update,44429,44442,44446,4,,15
inbound,44430,44443,44446,3,,0
update,44440,44454,44457,3,,1
update,44451,44465,44468,3,,2
update,44462,44476,44479,3,,3
update,44473,44487,44491,4,,4
update,44484,44498,44502,4,,5
inbound,44485,44499,44503,4,,6
update,44495,44508,44511,3,,7
update,44506,44519,44522,3,,8
update,44517,44531,44534,3,,9
update,44528,44542,44545,3,,10
update,44539,44553,44556,3,,11
inbound,44540,44554,44558,4,,12
update,44550,44564,44566,2,,13
update,44561,44575,44577,2,,14
update,44572,44585,44589,4,,15
update,44583,44597,44600,3,,0
inbound,44595,44608,44612,4,,2
update,44594,44608,44612,4,,1
update,44605,44618,44622,4,,3
update,44616,44629,44633,4,,4
update,44627,44640,44643,3,,5
update,44638,44652,44655,3,,6
inbound,44650,44664,44668,4,,8
update,44649,44663,44668,5,,7
update,44660,44673,44677,4,,9
update,44671,44685,44688,3,,10
update,44682,44696,44699,3,,11
update,44693,44707,44716,9,,12
update,44704,44718,44722,4,,13
inbound,44705,44718,44727,9,,14
update,44715,44729,44732,3,,15
update,44726,44740,44745,5,,0
update,44737,44751,44755,4,,1
update,44748,44762,44766,4,,2
inbound,44760,44774,44776,2,,4
update,44759,44772,44780,8,,3
update,44770,44784,44789,5,,5
update,44781,44795,44799,4,,6
update,44792,44806,44809,3,,7
update,44803,44817,44820,3,,8
update,44814,44827,44831,4,,9
inbound,44815,44829,44832,3,,10
update,44825,44839,44844,5,,11
update,44836,44850,44853,3,,12
update,44847,44860,44863,3,,13
update,44858,44872,44875,3,,14
update,44869,44883,44886,3,,15
update,44880,44894,44897,3,,0
update,44891,44905,44908,3,,1
update,44902,44916,44919,3,,2
update,44913,44927,44929,2,,3
update,44924,44938,44941,3,,4
inbound,45000,45014,45018,4,,6
update,45000,45014,45019,5,,5
update,45011,45025,45028,3,,7
update,45022,45036,45039,3,,8
inbound,45025,45039,45043,4,,9
update,45033,45047,45049,2,,10
update,45044,45058,45061,3,,11
update,45055,45069,45072,3,,12
update,45066,45079,45083,4,,13
update,45077,45091,45094,3,,14
update,45088,45102,45105,3,,15
update,45099,45112,45116,4,,0
inbound,45100,45114,45117,3,,1
update,45110,45124,45127,3,,2
update,45121,45135,45137,2,,3
update,45132,45145,45149,4,,4
update,45143,45157,45164,7,,5
update,45154,45168,45172,4,,6
inbound,45155,45169,45173,4,,7
update,45165,45179,45182,3,,8
update,45176,45189,45193,4,,9
update,45187,45201,45204,3,,10
update,45198,45212,45215,3,,11
inbound,45200,45214,45217,3,,12
inbound,45210,45223,45227,4,,14
update,45209,45223,45227,4,,13
update,45220,45234,45238,4,,15
inbound,45225,45239,45242,3,,0
update,45231,45245,45251,6,,1
update,45242,45255,45258,3,,2
update,45253,45267,45270,3,,3
update,45264,45278,45281,3,,4
inbound,45265,45279,45282,3,,5
update,45275,45288,45291,3,,6
update,45286,45300,45303,3,,7
update,45297,45310,45313,3,,8
update,45308,45322,45325,3,,9
update,45319,45333,45336,3,,10
inbound,45320,45333,45337,4,,11
update,45330,45343,45347,4,,12
update,45341,45355,45358,3,,13
update,45352,45366,45368,2,,14
update,45363,45377,45380,3,,15
update,45374,45388,45392,4,,0
inbound,45375,45389,45393,4,,1
update,45385,45398,45401,3,,2
update,45396,45410,45415,5,,3
inbound,45400,45414,45417,3,,4
update,45407,45421,45424,3,,5
update,45418,45432,45435,3,,6
inbound,45425,45439,45441,2,,7
update,45429,45443,45447,4,,8
inbound,45430,45444,45448,4,,9
update,45440,45454,45456,2,,10
update,45451,45465,45468,3,,11
update,45462,45475,45479,4,,12
update,45473,45487,45490,3,,13
update,45484,45498,45501,3,,14
inbound,45485,45499,45502,3,,15
update,45495,45509,45511,2,,0
update,45506,45520,45523,3,,1
update,45517,45531,45533,2,,2
update,45528,45541,45562,21,,3
inbound,45540,45554,45563,9,,5
update,45539,45553,45563,10,,4
update,45550,45564,45567,3,,6
update,45561,45574,45577,3,,7
update,45572,45585,45589,4,,8
update,45583,45597,45600,3,,9
update,45594,45607,45611,4,,10
inbound,45595,45609,45612,3,,11
update,45605,45619,45621,2,,12
update,45616,45630,45633,3,,13
update,45627,45641,45644,3,,14
update,45638,45652,45655,3,,15
update,45649,45663,45666,3,,0
inbound,45650,45664,45669,5,,1
update,45660,45673,45677,4,,2
update,45671,45685,45687,2,,3
update,45682,45695,45699,4,,4
update,45693,45707,45710,3,,5
update,45704,45717,45721,4,,6
inbound,45705,45719,45722,3,,7
update,45715,45729,45732,3,,8
update,45726,45740,45742,2,,9
update,45737,45751,45754,3,,10
update,45748,45762,45765,3,,11
update,45759,45773,45776,3,,12
inbound,45760,45774,45777,3,,13
update,45770,45784,45787,3,,14
update,45781,45795,45797,2,,15
update,45792,45806,45808,2,,0
update,45803,45816,45820,4,,1
update,45814,45828,45830,2,,2
inbound,45815,45829,45831,2,,3
update,45825,45839,45845,6,,4
update,45836,45849,45852,3,,5
update,45847,45861,45864,3,,6
update,45858,45872,45875,3,,7
update,45869,45883,45886,3,,8
update,45880,45894,45896,2,,9
update,45891,45905,45908,3,,10
update,45902,45916,45922,6,,11
update,45913,45927,45929,2,,12
update,45924,45938,45940,2,,13
update,46000,46014,46017,3,,14
inbound,46000,46014,46017,3,,15
update,46011,46024,46027,3,,0
update,46022,46036,46039,3,,1
inbound,46025,46038,46041,3,,2
update,46033,46047,46050,3,,3
update,46044,46058,46061,3,,4
update,46055,46069,46071,2,,5
update,46066,46080,46082,2,,6
update,46077,46091,46093,2,,7
update,46088,46101,46104,3,,8
update,46099,46113,46116,3,,9
inbound,46100,46113,46116,3,,10
update,46110,46123,46126,3,,11
update,46121,46135,46138,3,,12
update,46132,46146,46149,3,,13
update,46143,46157,46160,3,,14
inbound,46155,46168,46171,3,,0
update,46154,46168,46171,3,,15
update,46165,46179,46182,3,,1
update,46176,46190,46192,2,,2
update,46187,46201,46203,2,,3
update,46198,46212,46215,3,,4
inbound,46200,46213,46216,3,,5
update,46209,46223,46226,3,,6
inbound,46210,46224,46227,3,,7
update,46220,46234,46236,2,,8
inbound,46225,46239,46241,2,,9
update,46231,46245,46250,5,,10
update,46242,46255,46259,4,,11
update,46253,46267,46270,3,,12
update,46264,46278,46281,3,,13
inbound,46265,46279,46282,3,,14
update,46275,46289,46291,2,,15
update,46286,46300,46302,2,,0
update,46297,46311,46313,2,,1
update,46308,46322,46325,3,,2
update,46319,46333,46337,4,,3
inbound,46320,46334,46337,3,,4
update,46330,46344,46347,3,,5
update,46341,46355,46357,2,,6
update,46352,46366,46368,2,,7
update,46363,46377,46379,2,,8
update,46374,46387,46390,3,,9
inbound,46375,46388,46391,3,,10
update,46385,46398,46401,3,,11
update,46396,46410,46413,3,,12
inbound,46400,46414,46416,2,,13
update,46407,46420,46423,3,,14
update,46418,46432,46435,3,,15
inbound,46425,46439,46441,2,,0
update,46429,46442,46445,3,,1
inbound,46430,46444,46446,2,,2
update,46440,46454,46456,2,,3
update,46451,46465,46467,2,,4
update,46462,46476,46478,2,,5
update,46473,46486,46489,3,,6
inbound,46485,46498,46501,3,,8
update,46484,46498,46501,3,,7
update,46495,46508,46511,3,,9
update,46506,46519,46522,3,,10
update,46517,46531,46533,2,,11
update,46528,46542,46545,3,,12
inbound,46540,46553,46556,3,,14
update,46539,46553,46557,4,,13
update,46550,46564,46568,4,,15
update,46561,46575,46578,3,,0
update,46572,46586,46589,3,,1
update,46583,46597,46599,2,,2
update,46594,46608,46611,3,,3
inbound,46595,46608,46611,3,,4
update,46605,46619,46621,2,,5
update,46616,46630,46633,3,,6
update,46627,46641,46643,2,,7
update,46638,46651,46654,3,,8
inbound,46650,46663,46666,3,,10
update,46649,46663,46667,4,,9
update,46660,46673,46676,3,,11
update,46671,46684,46687,3,,12
update,46682,46696,46699,3,,13
update,46693,46707,46710,3,,14
inbound,46705,46718,46722,4,,0
update,46704,46718,46722,4,,15
update,46715,46729,46732,3,,1
update,46726,46740,46742,2,,2
update,46737,46750,46753,3,,3
update,46748,46762,46765,3,,4
inbound,46760,46773,46775,2,,6
update,46759,46773,46776,3,,5
update,46770,46784,46786,2,,7
update,46781,46795,46798,3,,8
update,46792,46806,46809,3,,9
update,46803,46817,46819,2,,10
update,46814,46828,46830,2,,11
inbound,46815,46829,46831,2,,12
update,46825,46839,46842,3,,13
update,46836,46850,46853,3,,14
update,46847,46861,46863,2,,15
update,46858,46871,46874,3,,0
update,46869,46882,46885,3,,1
update,46880,46894,46897,3,,2
update,46891,46905,46908,3,,3
update,46902,46916,46919,3,,4
update,46913,46927,46929,2,,5
update,46924,46938,46940,2,,6
update,47000,47014,47017,3,,7
inbound,47000,47014,47018,4,,8
update,47011,47025,47027,2,,9
update,47022,47036,47039,3,,10
inbound,47025,47039,47042,3,,11
update,47033,47047,47050,3,,12
update,47044,47058,47061,3,,13
update,47055,47069,47073,4,,14
update,47066,47080,47083,3,,15
update,47077,47091,47096,5,,0
update,47088,47102,47106,4,,1
update,47099,47113,47116,3,,2
inbound,47100,47114,47118,4,,3
update,47110,47124,47127,3,,4
update,47121,47135,47141,6,,5
update,47132,47146,47149,3,,6
update,47143,47157,47160,3,,7
inbound,47155,47169,47175,6,,9
update,47154,47168,47176,8,,8
update,47165,47179,47184,5,,10
update,47176,47190,47195,5,,11
update,47187,47201,47204,3,,12
update,47198,47211,47215,4,,13
inbound,47200,47213,47216,3,,14
update,47209,47222,47226,4,,15
inbound,47210,47224,47228,4,,0
update,47220,47234,47239,5,,1
inbound,47225,47239,47242,3,,2
update,47231,47244,47247,3,,3
update,47242,47256,47260,4,,4
update,47253,47267,47270,3,,5
update,47264,47278,47281,3,,6
inbound,47265,47278,47282,4,,7
update,47275,47289,47292,3,,8
update,47286,47300,47303,3,,9
update,47297,47310,47313,3,,10
update,47308,47321,47324,3,,11
update,47319,47333,47337,4,,12
inbound,47320,47333,47338,5,,13
update,47330,47344,47347,3,,14
update,47341,47354,47357,3,,15
update,47352,47366,47369,3,,0
update,47363,47377,47380,3,,1
update,47374,47388,47391,3,,2
inbound,47375,47389,47393,4,,3
update,47385,47398,47401,3,,4
update,47396,47410,47413,3,,5
inbound,47400,47414,47417,3,,6
update,47407,47421,47424,3,,7
update,47418,47432,47434,2,,8
inbound,47425,47438,47441,3,,9
inbound,47430,47443,47446,3,,11
update,47429,47443,47447,4,,10
update,47440,47454,47457,3,,12
update,47451,47465,47468,3,,13
update,47462,47476,47479,3,,14
update,47473,47486,47489,3,,15
inbound,47485,47498,47501,3,,1
update,47484,47498,47502,4,,0
update,47495,47509,47511,2,,2
update,47506,47520,47523,3,,3
update,47517,47531,47533,2,,4
update,47528,47542,47545,3,,5
update,47539,47552,47556,4,,6
inbound,47540,47554,47558,4,,7
update,47550,47563,47566,3,,8
update,47561,47575,47578,3,,9
update,47572,47586,47589,3,,10
update,47583,47596,47600,4,,11
update,47594,47608,47611,3,,12
inbound,47595,47608,47612,4,,13
update,47605,47619,47622,3,,14
update,47616,47630,47633,3,,15
update,47627,47641,47644,3,,0
update,47638,47652,47655,3,,1
update,47649,47663,47666,3,,2
inbound,47650,47663,47667,4,,3
update,47660,47673,47676,3,,4
update,47671,47685,47687,2,,5
update,47682,47696,47699,3,,6
update,47693,47706,47709,3,,7
update,47704,47717,47721,4,,8
inbound,47705,47718,47722,4,,9
update,47715,47729,47731,2,,10
update,47726,47740,47742,2,,11
update,47737,47751,47754,3,,12
update,47748,47762,47765,3,,13
update,47759,47773,47776,3,,14
inbound,47760,47774,47777,3,,15
update,47770,47784,47787,3,,0
update,47781,47795,47798,3,,1
update,47792,47806,47808,2,,2
update,47803,47817,47820,3,,3
inbound,47815,47829,47831,2,,5
update,47814,47828,47832,4,,4
update,47825,47839,47841,2,,6
update,47836,47850,47853,3,,7
update,47847,47861,47863,2,,8
update,47858,47872,47875,3,,9
update,47869,47882,47885,3,,10
update,47880,47894,47897,3,,11
update,47891,47905,47907,2,,12
update,47902,47916,47919,3,,13
update,47913,47926,47929,3,,14
update,47924,47938,47940,2,,15
inbound,48000,48017,48019,2,,1
update,48000,48017,48020,3,,0
update,48011,48027,48030,3,,2
update,48022,48039,48041,2,,3
inbound,48025,48041,48044,3,,4
update,48033,48050,48053,3,,5
update,48044,48061,48063,2,,6
update,48055,48072,48075,3,,7
update,48066,48083,48085,2,,8
update,48077,48094,48096,2,,9
update,48088,48105,48108,3,,10
update,48099,48115,48118,3,,11
inbound,48100,48117,48119,2,,12
update,48110,48127,48130,3,,13
update,48121,48137,48141,4,,14
update,48132,48149,48153,4,,15
update,48143,48160,48164,4,,0
update,48154,48171,48176,5,,1
inbound,48155,48172,48179,7,,2
update,48165,48182,48185,3,,3
update,48176,48192,48198,6,,4
update,48187,48204,48220,16,,5
inbound,48200,48216,48220,4,,7
update,48198,48215,48220,5,,6
update,48209,48226,48230,4,,8
inbound,48210,48227,48232,5,,9
update,48220,48236,48240,4,,10
inbound,48225,48242,48246,4,,11
update,48231,48247,48254,7,,12
update,48242,48258,48265,7,,13
update,48253,48270,48278,8,,14
inbound,48265,48282,48288,6,,0
update,48264,48280,48289,9,,15
update,48275,48292,48295,3,,1
update,48286,48303,48305,2,,2
update,48297,48314,48316,2,,3
update,48308,48325,48328,3,,4
update,48319,48336,48339,3,,5
inbound,48320,48337,48340,3,,6
update,48330,48347,48350,3,,7
update,48341,48357,48360,3,,8
update,48352,48368,48371,3,,9
update,48363,48380,48383,3,,10
update,48374,48391,48394,3,,11
inbound,48375,48392,48396,4,,12
update,48385,48402,48405,3,,13
update,48396,48413,48415,2,,14
inbound,48400,48416,48419,3,,15
update,48407,48424,48426,2,,0
update,48418,48435,48438,3,,1
inbound,48425,48441,48445,4,,2
update,48429,48446,48449,3,,3
inbound,48430,48447,48450,3,,4
update,48440,48457,48460,3,,5
update,48451,48468,48471,3,,6
update,48462,48479,48481,2,,7
update,48473,48490,48493,3,,8
update,48484,48501,48504,3,,9
inbound,48485,48502,48505,3,,10
update,48495,48512,48515,3,,11
update,48506,48523,48526,3,,12
update,48517,48534,48536,2,,13
update,48528,48545,48548,3,,14
update,48539,48556,48559,3,,15
inbound,48540,48557,48560,3,,0
update,48550,48567,48570,3,,1
update,48561,48578,48581,3,,2
update,48572,48589,48592,3,,3
update,48583,48600,48603,3,,4
update,48594,48611,48614,3,,5
inbound,48595,48612,48615,3,,6
update,48605,48622,48626,4,,7
update,48616,48633,48636,3,,8
update,48627,48644,48646,2,,9
update,48638,48655,48658,3,,10
update,48649,48666,48670,4,,11
inbound,48650,48666,48670,4,,12
update,48660,48677,48680,3,,13
update,48671,48688,48691,3,,14
update,48682,48699,48702,3,,15
update,48693,48709,48712,3,,0
update,48704,48721,48728,7,,1
inbound,48705,48721,48728,7,,2
update,48715,48732,48735,3,,3
update,48726,48743,48746,3,,4
update,48737,48754,48757,3,,5
update,48748,48765,48767,2,,6
update,48759,48775,48779,4,,7
inbound,48760,48777,48779,2,,8
update,48770,48786,48790,4,,9
update,48781,48798,48800,2,,10
update,48792,48809,48811,2,,11
update,48803,48820,48823,3,,12
update,48814,48831,48834,3,,13
inbound,48815,48832,48834,2,,14
update,48825,48842,48845,3,,15
update,48836,48853,48855,2,,0
update,48847,48863,48866,3,,1
update,48858,48875,48877,2,,2
update,48869,48886,48888,2,,3
update,48880,48897,48900,3,,4
update,48891,48908,48911,3,,5
update,48902,48918,48921,3,,6
update,48913,48930,48933,3,,7
update,48924,48941,48944,3,,8
update,49000,49016,49020,4,,9
inbound,49000,49016,49020,4,,10
update,49011,49027,49030,3,,11
update,49022,49039,49042,3,,12
inbound,49025,49041,49044,3,,13
update,49033,49049,49052,3,,14
update,49044,49060,49063,3,,15
update,49055,49072,49080,8,,0
update,49066,49083,49086,3,,1
update,49077,49094,49096,2,,2
update,49088,49105,49107,2,,3
update,49099,49115,49118,3,,4
inbound,49100,49117,49121,4,,5
update,49110,49127,49129,2,,6
update,49121,49138,49142,4,,7
update,49132,49149,49151,2,,8
update,49143,49160,49163,3,,9
update,49154,49171,49175,4,,10
inbound,49155,49172,49176,4,,11
update,49165,49182,49185,3,,12
update,49176,49193,49196,3,,13
update,49187,49204,49209,5,,14
update,49198,49214,49217,3,,15
inbound,49200,49217,49219,2,,0
update,49209,49226,49229,3,,1
inbound,49210,49227,49230,3,,2
update,49220,49237,49240,3,,3
inbound,49225,49242,49245,3,,4
update,49231,49248,49251,3,,5
update,49242,49259,49261,2,,6
update,49253,49270,49274,4,,7
update,49264,49281,49284,3,,8
inbound,49265,49282,49285,3,,9
update,49275,49292,49294,2,,10
update,49286,49302,49305,3,,11
update,49297,49313,49316,3,,12
update,49308,49325,49328,3,,13
update,49319,49336,49339,3,,14
inbound,49320,49337,49340,3,,15
update,49330,49347,49350,3,,0
update,49341,49358,49360,2,,1
update,49352,49368,49372,4,,2
update,49363,49380,49383,3,,3
update,49374,49391,49394,3,,4
inbound,49375,49392,49395,3,,5
update,49385,49401,49404,3,,6
update,49396,49413,49416,3,,7
inbound,49400,49416,49419,3,,8
update,49407,49424,49427,3,,9
update,49418,49434,49437,3,,10
inbound,49425,49442,49445,3,,11
update,49429,49445,49449,4,,12
inbound,49430,49447,49450,3,,13
update,49440,49457,49459,2,,14
update,49451,49468,49471,3,,15
update,49462,49479,49481,2,,0
update,49473,49490,49493,3,,1
update,49484,49501,49504,3,,2
inbound,49485,49502,49505,3,,3
update,49495,49511,49514,3,,4
update,49506,49522,49525,3,,5
update,49517,49534,49536,2,,6
update,49528,49545,49548,3,,7
update,49539,49556,49559,3,,8
inbound,49540,49557,49560,3,,9
update,49550,49567,49569,2,,10
update,49561,49578,49580,2,,11
update,49572,49589,49592,3,,12
update,49583,49600,49603,3,,13
update,49594,49611,49615,4,,14
inbound,49595,49611,49615,4,,15
update,49605,49621,49625,4,,0
update,49616,49633,49636,3,,1
update,49627,49644,49646,2,,2
update,49638,49654,49657,3,,3
update,49649,49666,49669,3,,4
inbound,49650,49667,49670,3,,5
update,49660,49677,49680,3,,6
update,49671,49688,49690,2,,7
update,49682,49699,49701,2,,8
update,49693,49709,49713,4,,9
update,49704,49721,49725,4,,10
inbound,49705,49722,49727,5,,11
update,49715,49732,49734,2,,12
update,49726,49743,49746,3,,13
update,49737,49754,49756,2,,14
update,49748,49765,49768,3,,15
update,49759,49776,49779,3,,0
inbound,49760,49777,49780,3,,1
update,49770,49787,49790,3,,2
update,49781,49798,49801,3,,3
update,49792,49809,49811,2,,4
update,49803,49819,49822,3,,5
inbound,49815,49831,49833,2,,7
update,49814,49831,49834,3,,6
update,49825,49841,49844,3,,8
update,49836,49853,49855,2,,9
update,49847,49864,49867,3,,10
update,49858,49875,49878,3,,11
update,49869,49885,49888,3,,12
update,49880,49896,49899,3,,13
update,49891,49907,49910,3,,14
update,49902,49919,49922,3,,15
update,49913,49930,49933,3,,0
update,49924,49941,49944,3,,1
inbound,50000,50017,50020,3,,3
update,50000,50017,50020,3,,2
update,50011,50028,50030,2,,4
update,50022,50038,50041,3,,5
inbound,50025,50041,50044,3,,6
update,50033,50050,50053,3,,7
update,50044,50061,50063,2,,8
update,50055,50072,50074,2,,9
update,50066,50083,50085,2,,10
update,50077,50094,50097,3,,11
update,50088,50105,50109,4,,12
inbound,50100,50116,50119,3,,14
update,50099,50116,50119,3,,13
update,50110,50126,50129,3,,15
update,50121,50138,50140,2,,0
update,50132,50149,50151,2,,1
update,50143,50159,50162,3,,2
inbound,50155,50171,50175,4,,4
update,50154,50171,50175,4,,3
update,50165,50182,50185,3,,5
update,50176,50193,50196,3,,6
update,50187,50204,50206,2,,7
update,50198,50214,50217,3,,8
inbound,50200,50217,50219,2,,9
update,50209,50225,50228,3,,10
inbound,50210,50227,50229,2,,11
update,50220,50237,50239,2,,12
inbound,50225,50241,50244,3,,13
update,50231,50248,50250,2,,14
update,50242,50259,50261,2,,15
update,50253,50270,50274,4,,0
update,50264,50281,50284,3,,1
inbound,50265,50282,50286,4,,2
update,50275,50292,50294,2,,3
update,50286,50303,50306,3,,4
update,50297,50314,50316,2,,5
update,50308,50325,50328,3,,6
update,50319,50336,50339,3,,7
inbound,50320,50337,50340,3,,8
update,50330,50347,50350,3,,9
update,50341,50358,50361,3,,10
update,50352,50369,50371,2,,11
update,50363,50380,50382,2,,12
inbound,50375,50391,50394,3,,14
update,50374,50391,50394,3,,13
update,50385,50402,50404,2,,15
update,50396,50413,50415,2,,0
inbound,50400,50417,50420,3,,1
update,50407,50423,50426,3,,2
update,50418,50435,50437,2,,3
inbound,50425,50441,50445,4,,4
update,50429,50446,50449,3,,5
inbound,50430,50447,50450,3,,6
update,50440,50456,50459,3,,7
update,50451,50468,50471,3,,8
update,50462,50479,50482,3,,9
update,50473,50490,50493,3,,10
update,50484,50501,50504,3,,11
inbound,50485,50502,50505,3,,12
update,50495,50512,50514,2,,13
update,50506,50523,50526,3,,14
update,50517,50534,50537,3,,15
update,50528,50545,50547,2,,0
update,50539,50555,50559,4,,1
inbound,50540,50557,50559,2,,2
update,50550,50567,50570,3,,3
update,50561,50578,50581,3,,4
update,50572,50589,50592,3,,5
update,50583,50600,50603,3,,6
update,50594,50611,50614,3,,7
inbound,50595,50611,50615,4,,8
update,50605,50622,50624,2,,9
update,50616,50632,50635,3,,10
update,50627,50644,50647,3,,11
update,50638,50655,50657,2,,12
update,50649,50665,50668,3,,13
inbound,50650,50667,50669,2,,14
update,50660,50677,50679,2,,15
update,50671,50687,50690,3,,0
update,50682,50699,50702,3,,1
update,50693,50710,50712,2,,2
inbound,50705,50721,50724,3,,4
update,50704,50721,50724,3,,3
update,50715,50732,50734,2,,5
update,50726,50742,50745,3,,6
update,50737,50754,50756,2,,7
update,50748,50764,50767,3,,8
update,50759,50775,50779,4,,9
inbound,50760,50777,50779,2,,10
update,50770,50786,50789,3,,11
update,50781,50798,50801,3,,12
update,50792,50809,50812,3,,13
update,50803,50820,50823,3,,14
update,50814,50831,50834,3,,15
inbound,50815,50832,50834,2,,0
update,50825,50842,50844,2,,1
update,50836,50853,50856,3,,2
update,50847,50864,50867,3,,3
update,50858,50874,50877,3,,4
update,50869,50886,50888,2,,5
update,50880,50897,50899,2,,6
update,50891,50908,50910,2,,7
update,50902,50919,50922,3,,8
update,50913,50930,50932,2,,9
update,50924,50941,50944,3,,10
inbound,51000,51017,51022,5,,12
update,51000,51017,51022,5,,11
update,51011,51028,51031,3,,13
update,51022,51039,51041,2,,14
inbound,51025,51042,51044,2,,15
update,51033,51050,51053,3,,0
update,51044,51061,51064,3,,1
update,51055,51072,51075,3,,2
update,51066,51083,51086,3,,3
update,51077,51094,51097,3,,4
update,51088,51105,51108,3,,5
update,51099,51115,51119,4,,6
inbound,51100,51117,51120,3,,7
update,51110,51127,51131,4,,8
update,51121,51138,51141,3,,9
update,51132,51148,51151,3,,10
update,51143,51160,51167,7,,11
update,51154,51171,51177,6,,12
inbound,51155,51173,51179,6,,13
update,51165,51182,51185,3,,14
update,51176,51193,51197,4,,15
update,51187,51204,51207,3,,0
update,51198,51215,51218,3,,1
inbound,51200,51217,51221,4,,2
update,51209,51225,51229,4,,3
inbound,51210,51226,51230,4,,4
update,51220,51237,51240,3,,5
inbound,51225,51241,51245,4,,6
update,51231,51248,51251,3,,7
update,51242,51259,51262,3,,8
update,51253,51269,51273,4,,9
update,51264,51280,51285,5,,10
inbound,51265,51282,51285,3,,11
update,51275,51291,51295,4,,12
update,51286,51303,51305,2,,13
update,51297,51313,51316,3,,14
update,51308,51324,51327,3,,15
update,51319,51336,51340,4,,0
inbound,51320,51337,51340,3,,1
update,51330,51347,51349,2,,2
update,51341,51357,51360,3,,3
update,51352,51368,51371,3,,4
update,51363,51380,51383,3,,5
update,51374,51391,51394,3,,6
inbound,51375,51392,51395,3,,7
update,51385,51402,51405,3,,8
update,51396,51412,51416,4,,9
inbound,51400,51417,51420,3,,10
update,51407,51424,51427,3,,11
update,51418,51435,51438,3,,12
inbound,51425,51442,51445,3,,13
update,51429,51446,51449,3,,14
inbound,51430,51447,51451,4,,15
update,51440,51457,51459,2,,0
update,51451,51468,51471,3,,1
update,51462,51479,51481,2,,2
update,51473,51490,51493,3,,3
update,51484,51501,51504,3,,4
inbound,51485,51502,51505,3,,5
update,51495,51512,51515,3,,6
update,51506,51523,51526,3,,7
update,51517,51534,51536,2,,8
update,51528,51545,51551,6,,9
update,51539,51555,51559,4,,10
inbound,51540,51557,51560,3,,11
update,51550,51567,51570,3,,12
update,51561,51578,51581,3,,13
update,51572,51588,51591,3,,14
update,51583,51600,51603,3,,15
inbound,51595,51611,51615,4,,1
update,51594,51611,51615,4,,0
update,51605,51622,51625,3,,2
update,51616,51633,51636,3,,3
update,51627,51644,51646,2,,4
update,51638,51655,51657,2,,5
update,51649,51665,51669,4,,6
inbound,51650,51666,51670,4,,7
update,51660,51676,51680,4,,8
update,51671,51688,51691,3,,9
update,51682,51698,51701,3,,10
update,51693,51710,51713,3,,11
update,51704,51721,51724,3,,12
inbound,51705,51722,51725,3,,13
update,51715,51731,51734,3,,14
update,51726,51742,51745,3,,15
update,51737,51754,51757,3,,0
update,51748,51765,51768,3,,1
inbound,51760,51777,51780,3,,3
update,51759,51776,51780,4,,2
update,51770,51787,51790,3,,4
update,51781,51798,51800,2,,5
update,51792,51809,51812,3,,6
update,51803,51820,51822,2,,7
update,51814,51831,51834,3,,8
inbound,51815,51832,51834,2,,9
update,51825,51842,51845,3,,10
update,51836,51853,51855,2,,11
update,51847,51864,51867,3,,12
update,51858,51875,51879,4,,13
update,51869,51886,51888,2,,14
update,51880,51897,51900,3,,15
update,51891,51907,51911,4,,0
update,51902,51918,51921,3,,1
update,51913,51930,51933,3,,2
update,51924,51941,51944,3,,3
update,52000,52016,52019,3,,4
inbound,52000,52016,52020,4,,5
update,52011,52027,52030,3,,6
update,52022,52039,52042,3,,7
inbound,52025,52042,52045,3,,8
update,52033,52049,52053,4,,9
update,52044,52061,52063,2,,10
update,52055,52071,52074,3,,11
update,52066,52083,52086,3,,12
update,52077,52094,52097,3,,13
update,52088,52104,52107,3,,14
update,52099,52116,52120,4,,15
inbound,52100,52116,52120,4,,0
update,52110,52127,52131,4,,1
update,52121,52138,52141,3,,2
update,52132,52149,52152,3,,3
update,52143,52160,52163,3,,4
update,52154,52171,52174,3,,5
inbound,52155,52172,52176,4,,6
update,52165,52181,52184,3,,7
update,52176,52193,52196,3,,8
update,52187,52204,52207,3,,9
update,52198,52214,52217,3,,10
inbound,52200,52217,52220,3,,11
update,52209,52226,52229,3,,12
inbound,52210,52227,52230,3,,13
update,52220,52237,52240,3,,14
inbound,52225,52242,52245,3,,15
update,52231,52248,52251,3,,0
update,52242,52259,52262,3,,1
update,52253,52270,52273,3,,2
update,52264,52281,52289,8,,3
inbound,52265,52282,52290,8,,4
update,52275,52291,52295,4,,5
update,52286,52303,52306,3,,6
update,52297,52314,52317,3,,7
update,52308,52325,52328,3,,8
inbound,52320,52336,52339,3,,10
update,52319,52336,52340,4,,9
update,52330,52346,52350,4,,11
update,52341,52357,52361,4,,12
update,52352,52369,52372,3,,13
update,52363,52379,52382,3,,14
update,52374,52390,52394,4,,15
inbound,52375,52391,52396,5,,0
update,52385,52402,52405,3,,1
update,52396,52413,52415,2,,2
inbound,52400,52417,52420,3,,3
update,52407,52424,52428,4,,4
update,52418,52434,52437,3,,5
inbound,52425,52442,52445,3,,6
update,52429,52446,52449,3,,7
inbound,52430,52447,52450,3,,8
update,52440,52456,52459,3,,9
update,52451,52468,52471,3,,10
update,52462,52479,52482,3,,11
update,52473,52489,52492,3,,12
update,52484,52501,52504,3,,13
inbound,52485,52502,52505,3,,14
update,52495,52512,52514,2,,15
update,52506,52523,52526,3,,0
update,52517,52533,52536,3,,1
update,52528,52545,52548,3,,2
update,52539,52556,52559,3,,3
inbound,52540,52557,52561,4,,4
update,52550,52567,52569,2,,5
update,52561,52578,52581,3,,6
update,52572,52589,52593,4,,7
update,52583,52600,52602,2,,8
update,52594,52610,52614,4,,9
inbound,52595,52611,52615,4,,10
update,52605,52621,52624,3,,11
update,52616,52633,52636,3,,12
update,52627,52644,52647,3,,13
update,52638,52655,52657,2,,14
update,52649,52666,52669,3,,15
inbound,52650,52667,52671,4,,0
update,52660,52677,52681,4,,1
update,52671,52688,52692,4,,2
update,52682,52698,52704,6,,3
update,52693,52709,52713,4,,4
update,52704,52721,52724,3,,5
inbound,52705,52721,52725,4,,6
update,52715,52732,52735,3,,7
update,52726,52743,52746,3,,8
update,52737,52754,52757,3,,9
update,52748,52765,52768,3,,10
inbound,52760,52777,52779,2,,12
update,52759,52776,52781,5,,11
update,52770,52787,52790,3,,13
update,52781,52798,52801,3,,14
update,52792,52809,52811,2,,15
update,52803,52819,52822,3,,0
inbound,52815,52831,52833,2,,2
update,52814,52831,52835,4,,1
update,52825,52842,52845,3,,3
update,52836,52853,52856,3,,4
update,52847,52864,52867,3,,5
update,52858,52875,52878,3,,6
update,52869,52886,52888,2,,7
update,52880,52897,52900,3,,8
update,52891,52908,52912,4,,9
update,52902,52919,52922,3,,10
update,52913,52930,52933,3,,11
update,52924,52940,52943,3,,12
inbound,53000,53017,53022,5,,14
update,53000,53017,53023,6,,13
update,53011,53027,53030,3,,15
update,53022,53039,53041,2,,0
inbound,53025,53041,53044,3,,1
update,53033,53049,53054,5,,2
update,53044,53060,53063,3,,3
update,53055,53071,53074,3,,4
update,53066,53083,53086,3,,5
update,53077,53094,53097,3,,6
update,53088,53105,53108,3,,7
update,53099,53116,53121,5,,8
inbound,53100,53117,53121,4,,9
update,53110,53127,53130,3,,10
update,53121,53138,53141,3,,11
update,53132,53149,53164,15,,12
update,53143,53160,53164,4,,13
inbound,53155,53172,53178,6,,15
update,53154,53171,53179,8,,14
update,53165,53181,53185,4,,0
update,53176,53193,53197,4,,1
update,53187,53204,53208,4,,2
update,53198,53215,53219,4,,3
inbound,53200,53217,53221,4,,4
update,53209,53226,53230,4,,5
inbound,53210,53227,53232,5,,6
update,53220,53237,53239,2,,7
inbound,53225,53242,53245,3,,8
update,53231,53248,53251,3,,9
update,53242,53259,53261,2,,10
update,53253,53269,53272,3,,11
update,53264,53280,53283,3,,12
inbound,53265,53282,53286,4,,13
update,53275,53292,53295,3,,14
update,53286,53303,53307,4,,15
update,53297,53314,53317,3,,0
update,53308,53325,53329,4,,1
inbound,53320,53336,53339,3,,3
update,53319,53336,53339,3,,2
update,53330,53347,53349,2,,4
update,53341,53358,53360,2,,5
update,53352,53369,53372,3,,6
update,53363,53380,53382,2,,7
update,53374,53391,53395,4,,8
inbound,53375,53392,53396,4,,9
update,53385,53401,53404,3,,10
update,53396,53413,53416,3,,11
inbound,53400,53417,53420,3,,12
update,53407,53424,53427,3,,13
update,53418,53435,53437,2,,14
inbound,53425,53442,53445,3,,15
update,53429,53446,53449,3,,0
inbound,53430,53447,53451,4,,1
update,53440,53457,53459,2,,2
update,53451,53468,53471,3,,3
update,53462,53479,53482,3,,4
update,53473,53490,53492,2,,5
update,53484,53500,53503,3,,6
inbound,53485,53502,53504,2,,7
update,53495,53512,53515,3,,8
update,53506,53522,53525,3,,9
update,53517,53534,53537,3,,10
update,53528,53545,53548,3,,11
update,53539,53556,53559,3,,12
inbound,53540,53557,53561,4,,13
update,53550,53567,53570,3,,14
update,53561,53578,53581,3,,15
update,53572,53589,53592,3,,0
update,53583,53600,53603,3,,1
update,53594,53611,53614,3,,2
inbound,53595,53612,53616,4,,3
update,53605,53622,53624,2,,4
update,53616,53632,53635,3,,5
update,53627,53644,53647,3,,6
update,53638,53655,53658,3,,7
update,53649,53666,53669,3,,8
inbound,53650,53667,53671,4,,9
update,53660,53677,53679,2,,10
update,53671,53688,53690,2,,11
update,53682,53699,53702,3,,12
update,53693,53710,53712,2,,13
update,53704,53721,53724,3,,14
inbound,53705,53722,53725,3,,15
update,53715,53731,53734,3,,0
update,53726,53742,53746,4,,1
update,53737,53753,53757,4,,2
update,53748,53765,53767,2,,3
inbound,53760,53776,53778,2,,5
update,53759,53776,53780,4,,4
update,53770,53787,53790,3,,6
update,53781,53798,53801,3,,7
update,53792,53809,53812,3,,8
update,53803,53819,53822,3,,9
update,53814,53831,53834,3,,10
inbound,53815,53832,53834,2,,11
update,53825,53841,53845,4,,12
update,53836,53853,53856,3,,13
update,53847,53864,53867,3,,14
update,53858,53875,53880,5,,15
update,53869,53885,53889,4,,0
update,53880,53897,53901,4,,1
update,53891,53908,53911,3,,2
update,53902,53918,53921,3,,3
update,53913,53930,53933,3,,4
update,53924,53941,53944,3,,5
inbound,54000,54017,54026,9,,7
update,54000,54017,54027,10,,6
update,54011,54028,54030,2,,8
update,54022,54039,54042,3,,9
inbound,54025,54041,54044,3,,10
update,54033,54050,54053,3,,11
update,54044,54061,54063,2,,12
update,54055,54071,54074,3,,13
update,54066,54082,54085,3,,14
update,54077,54094,54097,3,,15
update,54088,54105,54107,2,,0
update,54099,54116,54119,3,,1
inbound,54100,54117,54120,3,,2
update,54110,54127,54130,3,,3
update,54121,54138,54141,3,,4
update,54132,54149,54155,6,,5
update,54143,54159,54162,3,,6
update,54154,54170,54174,4,,7
inbound,54155,54172,54174,2,,8
update,54165,54182,54184,2,,9
update,54176,54193,54196,3,,10
update,54187,54204,54207,3,,11
update,54198,54215,54218,3,,12
inbound,54200,54217,54220,3,,13
update,54209,54226,54229,3,,14
inbound,54210,54227,54230,3,,15
update,54220,54237,54240,3,,0
inbound,54225,54242,54244,2,,1
update,54231,54248,54250,2,,2
update,54242,54258,54261,3,,3
update,54253,54270,54275,5,,4
update,54264,54281,54284,3,,5
inbound,54265,54282,54285,3,,6
update,54275,54292,54296,4,,7
update,54286,54303,54305,2,,8
update,54297,54314,54316,2,,9
update,54308,54324,54327,3,,10
update,54319,54336,54339,3,,11
inbound,54320,54337,54339,2,,12
update,54330,54347,54350,3,,13
update,54341,54358,54362,4,,14
update,54352,54369,54372,3,,15
update,54363,54380,54383,3,,0
update,54374,54391,54394,3,,1
inbound,54375,54392,54395,3,,2
update,54385,54402,54405,3,,3
update,54396,54413,54416,3,,4
inbound,54400,54417,54419,2,,5
update,54407,54423,54426,3,,6
update,54418,54435,54438,3,,7
inbound,54425,54442,54444,2,,8
update,54429,54445,54449,4,,9
inbound,54430,54447,54449,2,,10
update,54440,54456,54459,3,,11
update,54451,54468,54471,3,,12
update,54462,54479,54482,3,,13
update,54473,54490,54493,3,,14
update,54484,54500,54504,4,,15
inbound,54485,54502,54504,2,,0
update,54495,54512,54514,2,,1
update,54506,54523,54526,3,,2
update,54517,54534,54536,2,,3
update,54528,54545,54547,2,,4
update,54539,54555,54559,4,,5
inbound,54540,54557,54559,2,,6
update,54550,54566,54569,3,,7
update,54561,54578,54581,3,,8
update,54572,54589,54592,3,,9
update,54583,54600,54603,3,,10
inbound,54595,54611,54614,3,,12
update,54594,54611,54614,3,,11
update,54605,54622,54625,3,,13
update,54616,54633,54636,3,,14
update,54627,54644,54647,3,,15
update,54638,54655,54658,3,,0
inbound,54650,54666,54669,3,,2
update,54649,54666,54670,4,,1
update,54660,54677,54680,3,,3
update,54671,54688,54691,3,,4
update,54682,54698,54701,3,,5
update,54693,54710,54713,3,,6
update,54704,54720,54724,4,,7
inbound,54705,54722,54725,3,,8
update,54715,54732,54736,4,,9
update,54726,54743,54746,3,,10
update,54737,54754,54758,4,,11
update,54748,54765,54769,4,,12
inbound,54760,54776,54779,3,,14
update,54759,54776,54779,3,,13
update,54770,54787,54789,2,,15
update,54781,54798,54800,2,,0
update,54792,54809,54812,3,,1
update,54803,54820,54823,3,,2
inbound,54815,54831,54833,2,,4
update,54814,54831,54834,3,,3
update,54825,54842,54845,3,,5
update,54836,54853,54856,3,,6
update,54847,54863,54867,4,,7
update,54858,54875,54879,4,,8
update,54869,54886,54889,3,,9
update,54880,54897,54900,3,,10
update,54891,54908,54912,4,,11
update,54902,54919,54922,3,,12
update,54913,54929,54932,3,,13
update,54924,54941,54944,3,,14
update,55000,55016,55020,4,,15
inbound,55000,55016,55020,4,,0
update,55011,55028,55030,2,,1
update,55022,55039,55042,3,,2
inbound,55025,55042,55046,4,,3
update,55033,55050,55055,5,,4
update,55044,55061,55065,4,,5
update,55055,55072,55076,4,,6
update,55066,55083,55086,3,,7
update,55077,55094,55097,3,,8
update,55088,55105,55108,3,,9
update,55099,55116,55119,3,,10
inbound,55100,55117,55122,5,,11
update,55110,55127,55130,3,,12
update,55121,55138,55140,2,,13
update,55132,55149,55152,3,,14
update,55143,55160,55163,3,,15
update,55154,55171,55175,4,,0
inbound,55155,55172,55175,3,,1
update,55165,55182,55185,3,,2
update,55176,55193,55196,3,,3
update,55187,55204,55208,4,,4
update,55198,55215,55219,4,,5
inbound,55200,55216,55220,4,,6
inbound,55210,55227,55230,3,,8
update,55209,55226,55230,4,,7
update,55220,55237,55239,2,,9
inbound,55225,55242,55245,3,,10
update,55231,55248,55251,3,,11
update,55242,55259,55262,3,,12
update,55253,55269,55272,3,,13
update,55264,55281,55285,4,,14
inbound,55265,55281,55286,5,,15
update,55275,55292,55295,3,,0
update,55286,55303,55308,5,,1
update,55297,55314,55318,4,,2
update,55308,55325,55328,3,,3
update,55319,55336,55339,3,,4
inbound,55320,55337,55340,3,,5
update,55330,55347,55350,3,,6
update,55341,55358,55361,3,,7
update,55352,55368,55372,4,,8
update,55363,55380,55383,3,,9
update,55374,55390,55394,4,,10
inbound,55375,55391,55395,4,,11
update,55385,55401,55405,4,,12
update,55396,55413,55416,3,,13
inbound,55400,55417,55420,3,,14
update,55407,55424,55427,3,,15
update,55418,55435,55437,2,,0
inbound,55425,55442,55444,2,,1
update,55429,55445,55449,4,,2
inbound,55430,55447,55450,3,,3
update,55440,55457,55460,3,,4
update,55451,55468,55471,3,,5
update,55462,55479,55483,4,,6
update,55473,55489,55492,3,,7
update,55484,55501,55504,3,,8
inbound,55485,55502,55505,3,,9
update,55495,55512,55515,3,,10
update,55506,55523,55526,3,,11
update,55517,55534,55537,3,,12
update,55528,55544,55550,6,,13
inbound,55540,55556,55560,4,,15
update,55539,55556,55560,4,,14
update,55550,55566,55569,3,,0
update,55561,55578,55580,2,,1
update,55572,55588,55591,3,,2
update,55583,55600,55602,2,,3
update,55594,55611,55614,3,,4
inbound,55595,55612,55615,3,,5
update,55605,55622,55625,3,,6
update,55616,55633,55635,2,,7
update,55627,55644,55647,3,,8
update,55638,55655,55658,3,,9
update,55649,55665,55668,3,,10
inbound,55650,55666,55671,5,,11
update,55660,55677,55680,3,,12
update,55671,55687,55690,3,,13
update,55682,55698,55701,3,,14
update,55693,55710,55713,3,,15
update,55704,55721,55724,3,,0
inbound,55705,55721,55725,4,,1
update,55715,55732,55735,3,,2
update,55726,55743,55746,3,,3
update,55737,55753,55757,4,,4
update,55748,55765,55768,3,,5
update,55759,55776,55780,4,,6
inbound,55760,55777,55780,3,,7
update,55770,55787,55789,2,,8
update,55781,55798,55801,3,,9
update,55792,55809,55814,5,,10
update,55803,55819,55822,3,,11
inbound,55815,55831,55834,3,,13
update,55814,55831,55834,3,,12
update,55825,55842,55845,3,,14
update,55836,55853,55856,3,,15
update,55847,55864,55867,3,,0
update,55858,55875,55878,3,,1
update,55869,55886,55889,3,,2
update,55880,55897,55900,3,,3
update,55891,55908,55911,3,,4
update,55902,55919,55923,4,,5
update,55913,55930,55932,2,,6
update,55924,55941,55944,3,,7
inbound,56000,56017,56021,4,,9
update,56000,56017,56022,5,,8
update,56011,56028,56031,3,,10
update,56022,56039,56042,3,,11
inbound,56025,56042,56045,3,,12
update,56033,56050,56052,2,,13
update,56044,56061,56063,2,,14
update,56055,56072,56075,3,,15
update,56066,56083,56086,3,,0
update,56077,56094,56097,3,,1
update,56088,56105,56108,3,,2
update,56099,56116,56119,3,,3
inbound,56100,56117,56121,4,,4
update,56110,56126,56129,3,,5
update,56121,56137,56140,3,,6
update,56132,56149,56152,3,,7
update,56143,56160,56163,3,,8
inbound,56155,56171,56176,5,,10
update,56154,56171,56176,5,,9
update,56165,56182,56186,4,,11
update,56176,56193,56196,3,,12
update,56187,56204,56207,3,,13
update,56198,56215,56220,5,,14
inbound,56200,56217,56220,3,,15
update,56209,56226,56229,3,,0
inbound,56210,56227,56230,3,,1
update,56220,56237,56240,3,,2
inbound,56225,56242,56245,3,,3
update,56231,56248,56250,2,,4
update,56242,56259,56262,3,,5
update,56253,56270,56273,3,,6
update,56264,56280,56284,4,,7
inbound,56265,56281,56285,4,,8
update,56275,56292,56294,2,,9
update,56286,56303,56308,5,,10
update,56297,56314,56317,3,,11
update,56308,56325,56328,3,,12
update,56319,56336,56339,3,,13
inbound,56320,56337,56340,3,,14
update,56330,56347,56350,3,,15
update,56341,56358,56361,3,,0
update,56352,56368,56371,3,,1
update,56363,56380,56383,3,,2
inbound,56375,56392,56395,3,,4
update,56374,56391,56395,4,,3
update,56385,56402,56405,3,,5
update,56396,56413,56416,3,,6
inbound,56400,56417,56420,3,,7
update,56407,56424,56428,4,,8
update,56418,56435,56438,3,,9
inbound,56425,56441,56444,3,,10
update,56429,56445,56449,4,,11
inbound,56430,56447,56450,3,,12
update,56440,56457,56460,3,,13
update,56451,56468,56470,2,,14
update,56462,56479,56482,3,,15
update,56473,56490,56492,2,,0
update,56484,56501,56504,3,,1
inbound,56485,56502,56505,3,,2
update,56495,56512,56515,3,,3
update,56506,56523,56525,2,,4
update,56517,56534,56537,3,,5
update,56528,56544,56547,3,,6
update,56539,56556,56559,3,,7
inbound,56540,56556,56560,4,,8
update,56550,56566,56569,3,,9
update,56561,56578,56582,4,,10
update,56572,56588,56592,4,,11
update,56583,56600,56602,2,,12
update,56594,56611,56616,5,,13
inbound,56595,56611,56616,5,,14
update,56605,56622,56624,2,,15
update,56616,56632,56635,3,,0
update,56627,56644,56647,3,,1
update,56638,56655,56657,2,,2
update,56649,56666,56669,3,,3
inbound,56650,56667,56670,3,,4
update,56660,56676,56696,20,,5
update,56671,56688,56697,9,,6
update,56682,56699,56702,3,,7
update,56693,56710,56713,3,,8
update,56704,56720,56724,4,,9
inbound,56705,56722,56724,2,,10
update,56715,56731,56735,4,,11
update,56726,56743,56746,3,,12
update,56737,56754,56756,2,,13
update,56748,56765,56769,4,,14
inbound,56760,56777,56779,2,,0
update,56759,56776,56781,5,,15
update,56770,56787,56789,2,,1
update,56781,56797,56801,4,,2
update,56792,56809,56812,3,,3
update,56803,56820,56823,3,,4
update,56814,56831,56834,3,,5
inbound,56815,56832,56834,2,,6
update,56825,56842,56845,3,,7
update,56836,56853,56856,3,,8
update,56847,56864,56867,3,,9
update,56858,56875,56877,2,,10
update,56869,56886,56889,3,,11
update,56880,56897,56900,3,,12
update,56891,56908,56910,2,,13
update,56902,56919,56921,2,,14
update,56913,56930,56933,3,,15
update,56924,56941,56944,3,,0
update,57000,57017,57020,3,,1
inbound,57000,57017,57023,6,,2
update,57011,57027,57030,3,,3
update,57022,57039,57042,3,,4
inbound,57025,57041,57045,4,,5
update,57033,57049,57052,3,,6
update,57044,57061,57065,4,,7
update,57055,57072,57077,5,,8
update,57066,57082,57085,3,,9
update,57077,57094,57096,2,,10
update,57088,57104,57107,3,,11
update,57099,57116,57120,4,,12
inbound,57100,57116,57120,4,,13
update,57110,57127,57130,3,,14
update,57121,57137,57140,3,,15
update,57132,57148,57151,3,,0
update,57143,57160,57163,3,,1
update,57154,57171,57174,3,,2
inbound,57155,57172,57175,3,,3
update,57165,57182,57186,4,,4
update,57176,57193,57197,4,,5
update,57187,57204,57207,3,,6
update,57198,57215,57220,5,,7
inbound,57200,57217,57221,4,,8
update,57209,57225,57230,5,,9
inbound,57210,57227,57232,5,,10
update,57220,57237,57241,4,,11
inbound,57225,57242,57246,4,,12
update,57231,57248,57251,3,,13
update,57242,57259,57263,4,,14
update,57253,57270,57273,3,,15
inbound,57265,57281,57286,5,,1
update,57264,57281,57289,8,,0
update,57275,57292,57296,4,,2
update,57286,57303,57307,4,,3
update,57297,57314,57320,6,,4
update,57308,57325,57329,4,,5
inbound,57320,57336,57339,3,,7
update,57319,57336,57339,3,,6
update,57330,57347,57349,2,,8
update,57341,57358,57361,3,,9
update,57352,57369,57372,3,,10
update,57363,57379,57383,4,,11
inbound,57375,57391,57394,3,,13
update,57374,57391,57394,3,,12
update,57385,57402,57404,2,,14
update,57396,57412,57415,3,,15
inbound,57400,57417,57419,2,,0
update,57407,57424,57427,3,,1
inbound,57430,57447,57453,6,,5
update,57429,57446,57453,7,,4
inbound,57425,57441,57453,12,,3
update,57418,57435,57453,18,,2
update,57440,57457,57460,3,,6
update,57451,57468,57470,2,,7
update,57462,57479,57481,2,,8
update,57473,57490,57493,3,,9
inbound,57485,57501,57505,4,,11
update,57484,57501,57505,4,,10
update,57495,57511,57514,3,,12
update,57506,57523,57525,2,,13
update,57517,57534,57537,3,,14
update,57528,57545,57548,3,,15
update,57539,57556,57559,3,,0
inbound,57540,57557,57561,4,,1
update,57550,57566,57569,3,,2
update,57561,57578,57580,2,,3
update,57572,57589,57591,2,,4
update,57583,57600,57603,3,,5
update,57594,57611,57614,3,,6
inbound,57595,57612,57615,3,,7
update,57605,57622,57625,3,,8
update,57616,57632,57636,4,,9
update,57627,57644,57647,3,,10
update,57638,57654,57657,3,,11
inbound,57650,57666,57669,3,,13
update,57649,57666,57669,3,,12
update,57660,57677,57680,3,,14
update,57671,57688,57691,3,,15
update,57682,57699,57701,2,,0
update,57693,57710,57712,2,,1
update,57704,57721,57724,3,,2
inbound,57705,57722,57726,4,,3
update,57715,57732,57734,2,,4
update,57726,57743,57746,3,,5
update,57737,57753,57756,3,,6
update,57748,57765,57768,3,,7
update,57759,57776,57780,4,,8
inbound,57760,57777,57780,3,,9
update,57770,57787,57789,2,,10
update,57781,57798,57801,3,,11
update,57792,57809,57811,2,,12
update,57803,57820,57822,2,,13
inbound,57815,57831,57834,3,,15
update,57814,57831,57835,4,,14
update,57825,57842,57845,3,,0
update,57836,57853,57856,3,,1
update,57847,57863,57866,3,,2
update,57858,57875,57878,3,,3
update,57869,57886,57888,2,,4
update,57880,57897,57900,3,,5
update,57891,57907,57910,3,,6
update,57902,57918,57922,4,,7
update,57913,57929,57932,3,,8
update,57924,57941,57944,3,,9
update,58000,58017,58020,3,,10
inbound,58000,58017,58020,3,,11
update,58011,58028,58030,2,,12
update,58022,58039,58041,2,,13
inbound,58025,58042,58044,2,,14
update,58033,58050,58052,2,,15
update,58044,58061,58064,3,,0
update,58055,58072,58075,3,,1
update,58066,58083,58086,3,,2
update,58077,58094,58097,3,,3
update,58088,58105,58108,3,,4
update,58099,58116,58119,3,,5
inbound,58100,58117,58120,3,,6
update,58110,58127,58130,3,,7
update,58121,58138,58141,3,,8
update,58132,58149,58151,2,,9
update,58143,58160,58162,2,,10
update,58154,58171,58176,5,,11
inbound,58155,58171,58176,5,,12
update,58165,58182,58184,2,,13
update,58176,58192,58195,3,,14
update,58187,58204,58207,3,,15
update,58198,58215,58218,3,,0
inbound,58200,58217,58220,3,,1
update,58209,58226,58229,3,,2
inbound,58210,58227,58230,3,,3
update,58220,58237,58240,3,,4
inbound,58225,58242,58244,2,,5
update,58231,58248,58251,3,,6
update,58242,58259,58261,2,,7
update,58253,58270,58272,2,,8
update,58264,58280,58284,4,,9
inbound,58265,58282,58286,4,,10
update,58275,58292,58297,5,,11
update,58286,58303,58306,3,,12
update,58297,58314,58320,6,,13
update,58308,58325,58328,3,,14
update,58319,58335,58339,4,,15
inbound,58320,58337,58341,4,,0
update,58330,58347,58350,3,,1
update,58341,58357,58361,4,,2
update,58352,58369,58373,4,,3
update,58363,58380,58383,3,,4
update,58374,58391,58395,4,,5
inbound,58375,58392,58397,5,,6
update,58385,58402,58404,2,,7
update,58396,58413,58416,3,,8
inbound,58400,58417,58419,2,,9
update,58407,58424,58426,2,,10
update,58418,58434,58437,3,,11
inbound,58425,58442,58444,2,,12
update,58429,58446,58448,2,,13
inbound,58430,58447,58449,2,,14
update,58440,58457,58459,2,,15
update,58451,58468,58470,2,,0
update,58462,58479,58481,2,,1
update,58473,58489,58492,3,,2
update,58484,58501,58504,3,,3
inbound,58485,58501,58504,3,,4
update,58495,58512,58515,3,,5
update,58506,58522,58525,3,,6
update,58517,58534,58537,3,,7
update,58528,58545,58569,24,,8
inbound,58540,58557,58569,12,,10
update,58539,58556,58569,13,,9
update,58550,58567,58570,3,,11
update,58561,58578,58580,2,,12
update,58572,58589,58591,2,,13
update,58583,58600,58602,2,,14
update,58594,58611,58614,3,,15
inbound,58595,58612,58614,2,,0
update,58605,58622,58624,2,,1
update,58616,58633,58636,3,,2
update,58627,58644,58646,2,,3
update,58638,58655,58657,2,,4
update,58649,58665,58668,3,,5
inbound,58650,58666,58669,3,,6
update,58660,58677,58679,2,,7
update,58671,58688,58690,2,,8
update,58682,58698,58701,3,,9
update,58693,58709,58712,3,,10
inbound,58705,58721,58724,3,,12
update,58704,58721,58725,4,,11
update,58715,58732,58734,2,,13
update,58726,58743,58746,3,,14
update,58737,58754,58757,3,,15
update,58748,58765,58767,2,,0
inbound,58760,58777,58779,2,,2
update,58759,58776,58779,3,,1
update,58770,58787,58790,3,,3
update,58781,58798,58800,2,,4
update,58792,58808,58811,3,,5
update,58803,58820,58822,2,,6
inbound,58815,58832,58834,2,,8
update,58814,58830,58835,5,,7
update,58825,58842,58844,2,,9
update,58836,58853,58856,3,,10
update,58847,58864,58867,3,,11
update,58858,58875,58877,2,,12
update,58869,58886,58888,2,,13
update,58880,58897,58899,2,,14
update,58891,58908,58910,2,,15
update,58902,58919,58921,2,,0
update,58913,58929,58932,3,,1
update,58924,58940,58943,3,,2
inbound,59000,59017,59020,3,,4
update,59000,59017,59022,5,,3
update,59011,59027,59030,3,,5
update,59022,59039,59042,3,,6
inbound,59025,59042,59044,2,,7
update,59033,59050,59053,3,,8
update,59044,59060,59063,3,,9
update,59055,59072,59074,2,,10
update,59066,59083,59085,2,,11
update,59077,59094,59097,3,,12
update,59088,59105,59107,2,,13
update,59099,59116,59119,3,,14
inbound,59100,59117,59120,3,,15
update,59110,59126,59129,3,,0
update,59121,59138,59141,3,,1
update,59132,59149,59152,3,,2
update,59143,59159,59163,4,,3
update,59154,59170,59174,4,,4
inbound,59155,59171,59175,4,,5
update,59165,59181,59185,4,,6
update,59176,59193,59196,3,,7
update,59187,59204,59206,2,,8
update,59198,59215,59217,2,,9
inbound,59200,59217,59220,3,,10
update,59209,59226,59229,3,,11
inbound,59210,59227,59231,4,,12
update,59220,59237,59240,3,,13
inbound,59225,59242,59244,2,,14
update,59231,59248,59251,3,,15
update,59242,59259,59263,4,,0
update,59253,59270,59272,2,,1
update,59264,59281,59284,3,,2
inbound,59265,59281,59285,4,,3
update,59275,59291,59294,3,,4
update,59286,59303,59306,3,,5
update,59297,59314,59317,3,,6
update,59308,59325,59329,4,,7
update,59319,59335,59339,4,,8
inbound,59320,59337,59342,5,,9
update,59330,59346,59349,3,,10
update,59341,59358,59360,2,,11
update,59352,59368,59371,3,,12
update,59363,59380,59383,3,,13
update,59374,59391,59394,3,,14
inbound,59375,59392,59396,4,,15
update,59385,59401,59404,3,,0
update,59396,59412,59415,3,,1
inbound,59400,59417,59421,4,,2
update,59407,59424,59427,3,,3
update,59418,59434,59439,5,,4
inbound,59425,59441,59444,3,,5
update,59429,59446,59449,3,,6
inbound,59430,59446,59450,4,,7
update,59440,59457,59460,3,,8
update,59451,59468,59471,3,,9
update,59462,59479,59482,3,,10
update,59473,59490,59493,3,,11
update,59484,59501,59504,3,,12
inbound,59485,59502,59505,3,,13
update,59495,59512,59516,4,,14
update,59506,59522,59525,3,,15
update,59517,59534,59537,3,,0
update,59528,59545,59548,3,,1
update,59539,59556,59559,3,,2
inbound,59540,59557,59561,4,,3
update,59550,59566,59570,4,,4
update,59561,59578,59581,3,,5
update,59572,59588,59592,4,,6
update,59583,59600,59603,3,,7
update,59594,59610,59615,5,,8
inbound,59595,59611,59616,5,,9
update,59605,59622,59625,3,,10
update,59616,59633,59636,3,,11
update,59627,59643,59646,3,,12
update,59638,59655,59658,3,,13
update,59649,59665,59669,4,,14
inbound,59650,59667,59670,3,,15
update,59660,59677,59681,4,,0
update,59671,59688,59693,5,,1
update,59682,59698,59701,3,,2
update,59693,59710,59712,2,,3
update,59704,59721,59724,3,,4
inbound,59705,59722,59725,3,,5
update,59715,59731,59734,3,,6
update,59726,59743,59746,3,,7
update,59737,59754,59757,3,,8
update,59748,59765,59768,3,,9
update,59759,59775,59779,4,,10
inbound,59760,59777,59779,2,,11
update,59770,59786,59789,3,,12
update,59781,59798,59800,2,,13
update,59792,59809,59811,2,,14
update,59803,59820,59823,3,,15
update,59814,59830,59833,3,,0
inbound,59815,59831,59834,3,,1
update,59825,59842,59845,3,,2
update,59836,59853,59856,3,,3
update,59847,59864,59866,2,,4
update,59858,59875,59878,3,,5
update,59869,59886,59889,3,,6
update,59880,59897,59900,3,,7
update,59891,59908,59911,3,,8
update,59902,59919,59922,3,,9
update,59913,59930,59932,2,,10
update,59924,59941,59946,5,,11
inbound,60000,60017,60020,3,,13
update,60000,60017,60021,4,,12
update,60011,60028,60031,3,,14
update,60022,60039,60042,3,,15
inbound,60025,60042,60045,3,,0
update,60033,60050,60053,3,,1
update,60044,60061,60064,3,,2
update,60055,60072,60075,3,,3
update,60066,60082,60085,3,,4
update,60077,60094,60096,2,,5
update,60088,60104,60107,3,,6
update,60099,60115,60118,3,,7
inbound,60100,60117,60119,2,,8
update,60110,60127,60130,3,,9
update,60121,60138,60141,3,,10
update,60132,60149,60152,3,,11
update,60143,60160,60162,2,,12
update,60154,60170,60174,4,,13
inbound,60155,60172,60175,3,,14
update,60165,60182,60185,3,,15
update,60176,60193,60196,3,,0
update,60187,60204,60208,4,,1
update,60198,60214,60218,4,,2
inbound,60200,60216,60219,3,,3
update,60209,60226,60229,3,,4
inbound,60210,60227,60230,3,,5
update,60220,60237,60240,3,,6
inbound,60225,60241,60244,3,,7
update,60231,60247,60250,3,,8
update,60242,60259,60262,3,,9
update,60253,60270,60274,4,,10
update,60264,60281,60284,3,,11
inbound,60265,60282,60285,3,,12
update,60275,60292,60294,2,,13
update,60286,60303,60306,3,,14
update,60297,60314,60316,2,,15
update,60308,60325,60328,3,,0
inbound,60320,60337,60342,5,,2
update,60319,60336,60342,6,,1
update,60330,60347,60350,3,,3
update,60341,60358,60361,3,,4
update,60352,60369,60372,3,,5
update,60363,60380,60383,3,,6
update,60374,60390,60394,4,,7
inbound,60375,60391,60395,4,,8
update,60385,60402,60405,3,,9
update,60396,60413,60415,2,,10
inbound,60400,60417,60419,2,,11
update,60407,60424,60427,3,,12
update,60418,60434,60437,3,,13
inbound,60425,60442,60444,2,,14
update,60429,60446,60449,3,,15
inbound,60430,60446,60449,3,,0
update,60440,60456,60459,3,,1
update,60451,60467,60470,3,,2
update,60462,60478,60481,3,,3
update,60473,60490,60493,3,,4
update,60484,60501,60504,3,,5
inbound,60485,60502,60506,4,,6
update,60495,60511,60514,3,,7
update,60506,60523,60525,2,,8
update,60517,60534,60537,3,,9
update,60528,60544,60547,3,,10
update,60539,60556,60559,3,,11
inbound,60540,60557,60560,3,,12
update,60550,60567,60570,3,,13
update,60561,60578,60582,4,,14
update,60572,60588,60592,4,,15
update,60583,60599,60602,3,,0
update,60594,60610,60614,4,,1
inbound,60595,60612,60615,3,,2
update,60605,60622,60625,3,,3
update,60616,60633,60636,3,,4
update,60627,60644,60646,2,,5
update,60638,60655,60657,2,,6
update,60649,60666,60670,4,,7
inbound,60650,60667,60671,4,,8
update,60660,60676,60679,3,,9
update,60671,60687,60690,3,,10
update,60682,60699,60702,3,,11
update,60693,60710,60713,3,,12
update,60704,60721,60724,3,,13
inbound,60705,60721,60725,4,,14
update,60715,60731,60734,3,,15
update,60726,60743,60745,2,,0
update,60737,60754,60756,2,,1
update,60748,60765,60768,3,,2
update,60759,60776,60779,3,,3
inbound,60760,60777,60780,3,,4
update,60770,60787,60790,3,,5
update,60781,60798,60801,3,,6
update,60792,60808,60811,3,,7
update,60803,60820,60822,2,,8
inbound,60815,60831,60834,3,,10
update,60814,60831,60835,4,,9
update,60825,60841,60844,3,,11
update,60836,60853,60855,2,,12
update,60847,60864,60867,3,,13
update,60858,60875,60878,3,,14
update,60869,60886,60889,3,,15
update,60880,60897,60900,3,,0
update,60891,60907,60910,3,,1
update,60902,60918,60921,3,,2
update,60913,60929,60932,3,,3
update,60924,60940,60944,4,,4
update,61000,61017,61021,4,,5
inbound,61000,61017,61021,4,,6
update,61011,61028,61030,2,,7
update,61022,61039,61042,3,,8
inbound,61025,61043,61045,2,,9
update,61033,61050,61053,3,,10
update,61044,61061,61064,3,,11
update,61055,61072,61074,2,,12
update,61066,61083,61086,3,,13
update,61077,61094,61096,2,,14
update,61088,61105,61108,3,,15
update,61099,61116,61119,3,,0
inbound,61100,61118,61121,3,,1
update,61110,61127,61129,2,,2
update,61121,61138,61141,3,,3
update,61132,61149,61152,3,,4
update,61143,61160,61163,3,,5
update,61154,61171,61177,6,,6
inbound,61155,61173,61178,5,,7
update,61165,61182,61191,9,,8
update,61176,61193,61197,4,,9
update,61187,61204,61208,4,,10
update,61198,61215,61218,3,,11
inbound,61200,61218,61221,3,,12
inbound,61210,61227,61231,4,,14
update,61209,61227,61231,4,,13
update,61220,61238,61241,3,,15
inbound,61225,61243,61246,3,,0
update,61231,61249,61252,3,,1
update,61242,61260,61263,3,,2
update,61253,61271,61274,3,,3
update,61264,61282,61285,3,,4
inbound,61265,61283,61286,3,,5
update,61275,61292,61295,3,,6
update,61286,61303,61306,3,,7
update,61297,61315,61317,2,,8
update,61308,61326,61329,3,,9
update,61319,61337,61359,22,,10
update,61330,61348,61359,11,,12
inbound,61320,61338,61359,21,,11
update,61341,61359,61362,3,,13
update,61352,61370,61373,3,,14
update,61363,61381,61383,2,,15
update,61374,61392,61396,4,,0
inbound,61375,61393,61397,4,,1
update,61385,61403,61406,3,,2
update,61396,61414,61417,3,,3
inbound,61400,61418,61421,3,,4
update,61407,61425,61428,3,,5
update,61418,61435,61439,4,,6
inbound,61425,61442,61445,3,,7
update,61429,61447,61450,3,,8
inbound,61430,61448,61451,3,,9
update,61440,61458,61460,2,,10
update,61451,61469,61471,2,,11
update,61462,61480,61483,3,,12
update,61473,61491,61494,3,,13
update,61484,61501,61505,4,,14
inbound,61485,61503,61505,2,,15
update,61495,61513,61516,3,,0
update,61506,61524,61527,3,,1
update,61517,61535,61538,3,,2
update,61528,61546,61549,3,,3
update,61539,61557,61560,3,,4
inbound,61540,61558,61561,3,,5
update,61550,61568,61571,3,,6
update,61561,61579,61582,3,,7
update,61572,61590,61594,4,,8
update,61583,61601,61604,3,,9
update,61594,61612,61615,3,,10
inbound,61595,61613,61616,3,,11
update,61605,61623,61626,3,,12
update,61616,61634,61637,3,,13
update,61627,61645,61648,3,,14
update,61638,61656,61659,3,,15
inbound,61650,61667,61670,3,,1
update,61649,61667,61671,4,,0
update,61660,61678,61681,3,,2
update,61671,61689,61691,2,,3
update,61682,61700,61702,2,,4
update,61693,61711,61714,3,,5
update,61704,61721,61725,4,,6
inbound,61705,61723,61726,3,,7
update,61715,61733,61735,2,,8
update,61726,61743,61746,3,,9
update,61737,61755,61758,3,,10
update,61748,61766,61769,3,,11
inbound,61760,61777,61779,2,,13
update,61759,61777,61780,3,,12
update,61770,61788,61791,3,,14
update,61781,61799,61802,3,,15
update,61792,61810,61813,3,,0
update,61803,61821,61824,3,,1
inbound,61815,61832,61834,2,,3
update,61814,61832,61836,4,,2
update,61825,61843,61846,3,,4
update,61836,61854,61857,3,,5
update,61847,61865,61868,3,,6
update,61858,61876,61879,3,,7
update,61869,61886,61889,3,,8
update,61880,61898,61901,3,,9
update,61891,61909,61912,3,,10
update,61902,61920,61923,3,,11
update,61913,61931,61933,2,,12
update,61924,61942,61945,3,,13
update,62000,62018,62023,5,,14
inbound,62000,62018,62025,7,,15
update,62011,62029,62064,35,,0
update,62033,62051,62065,14,,3
update,62022,62040,62065,25,,1
inbound,62025,62043,62065,22,,2
update,62044,62062,62067,5,,4
update,62055,62073,62076,3,,5
update,62066,62084,62086,2,,6
update,62077,62094,62103,9,,7
update,62088,62105,62108,3,,8
update,62099,62117,62121,4,,9
inbound,62100,62118,62121,3,,10
update,62110,62128,62131,3,,11
update,62121,62139,62141,2,,12
update,62132,62150,62153,3,,13
update,62143,62161,62164,3,,14
update,62154,62172,62175,3,,15
inbound,62155,62173,62177,4,,0
update,62165,62183,62185,2,,1
update,62176,62194,62197,3,,2
update,62187,62204,62208,4,,3
update,62198,62216,62220,4,,4
inbound,62200,62217,62220,3,,5
update,62209,62227,62231,4,,6
inbound,62210,62228,62231,3,,7
update,62220,62238,62241,3,,8
inbound,62225,62242,62245,3,,9
update,62231,62249,62252,3,,10
update,62242,62260,62262,2,,11
update,62253,62270,62273,3,,12
inbound,62265,62282,62286,4,,14
update,62264,62282,62286,4,,13
update,62275,62293,62297,4,,15
update,62286,62304,62307,3,,0
update,62297,62315,62317,2,,1
update,62308,62325,62328,3,,2
update,62319,62337,62341,4,,3
inbound,62320,62338,62346,8,,4
update,62330,62348,62352,4,,5
update,62341,62359,62362,3,,6
update,62352,62369,62372,3,,7
update,62363,62381,62384,3,,8
inbound,62375,62392,62395,3,,10
update,62374,62392,62396,4,,9
update,62385,62403,62406,3,,11
update,62396,62414,62417,3,,12
inbound,62400,62418,62421,3,,13
update,62407,62425,62428,3,,14
update,62418,62436,62439,3,,15
inbound,62425,62443,62446,3,,0
update,62429,62447,62451,4,,1
inbound,62430,62447,62451,4,,2
update,62440,62457,62480,23,,3
update,62451,62469,62481,12,,4
update,62462,62480,62483,3,,5
update,62473,62490,62493,3,,6
update,62484,62502,62505,3,,7
inbound,62485,62503,62507,4,,8
update,62495,62513,62516,3,,9
update,62506,62524,62527,3,,10
update,62517,62535,62538,3,,11
update,62528,62546,62548,2,,12
update,62539,62557,62560,3,,13
inbound,62540,62558,62561,3,,14
update,62550,62568,62571,3,,15
update,62561,62579,62581,2,,0
update,62572,62590,62593,3,,1
update,62583,62601,62603,2,,2
update,62594,62612,62615,3,,3
inbound,62595,62613,62616,3,,4
update,62605,62623,62626,3,,5
update,62616,62634,62637,3,,6
update,62627,62645,62648,3,,7
update,62638,62656,62659,3,,8
update,62649,62667,62671,4,,9
inbound,62650,62668,62672,4,,10
update,62660,62677,62681,4,,11
update,62671,62689,62691,2,,12
update,62682,62700,62703,3,,13
update,62693,62711,62715,4,,14
update,62704,62721,62726,5,,15
inbound,62705,62723,62726,3,,0
update,62715,62733,62738,5,,1
update,62726,62744,62746,2,,2
update,62737,62755,62758,3,,3
update,62748,62766,62769,3,,4
inbound,62760,62777,62779,2,,6
update,62759,62777,62781,4,,5
update,62770,62788,62791,3,,7
update,62781,62799,62801,2,,8
update,62792,62810,62813,3,,9
update,62803,62820,62823,3,,10
update,62814,62832,62836,4,,11
inbound,62815,62833,62836,3,,12
update,62825,62843,62845,2,,13
update,62836,62854,62857,3,,14
update,62847,62865,62867,2,,15
update,62858,62876,62879,3,,0
update,62869,62887,62890,3,,1
update,62880,62898,62901,3,,2
update,62891,62909,62911,2,,3
update,62902,62919,62922,3,,4
update,62913,62931,62934,3,,5
update,62924,62942,62945,3,,6
inbound,63000,63018,63021,3,,8
update,63000,63018,63022,4,,7
update,63011,63028,63031,3,,9
update,63022,63040,63042,2,,10
inbound,63025,63042,63046,4,,11
update,63033,63051,63054,3,,12
update,63044,63062,63067,5,,13
update,63055,63073,63077,4,,14
update,63066,63084,63088,4,,15
update,63077,63095,63098,3,,0
update,63088,63105,63108,3,,1
update,63099,63116,63119,3,,2
inbound,63100,63118,63122,4,,3
update,63110,63128,63130,2,,4
update,63121,63139,63142,3,,5
update,63132,63149,63152,3,,6
update,63143,63161,63164,3,,7
update,63154,63172,63174,2,,8
inbound,63155,63173,63176,3,,9
update,63165,63183,63187,4,,10
update,63176,63193,63198,5,,11
update,63187,63205,63209,4,,12
inbound,63200,63218,63223,5,,14
update,63198,63216,63224,8,,13
inbound,63210,63227,63230,3,,0
update,63209,63227,63231,4,,15
update,63220,63238,63243,5,,1
inbound,63225,63243,63246,3,,2
update,63231,63249,63252,3,,3
update,63242,63260,63263,3,,4
update,63253,63271,63276,5,,5
update,63264,63281,63285,4,,6
inbound,63265,63283,63286,3,,7
update,63275,63293,63297,4,,8
update,63286,63304,63307,3,,9
update,63297,63315,63319,4,,10
update,63308,63325,63328,3,,11
update,63319,63336,63339,3,,12
inbound,63320,63338,63342,4,,13
update,63330,63348,63352,4,,14
update,63341,63359,63363,4,,15
update,63352,63370,63373,3,,0
update,63363,63381,63384,3,,1
update,63374,63392,63396,4,,2
inbound,63375,63393,63398,5,,3
update,63385,63402,63405,3,,4
update,63396,63413,63417,4,,5
inbound,63400,63418,63421,3,,6
update,63407,63425,63428,3,,7
update,63418,63436,63439,3,,8
inbound,63425,63443,63445,2,,9
update,63429,63447,63449,2,,10
inbound,63430,63448,63451,3,,11
update,63440,63458,63461,3,,12
update,63451,63469,63472,3,,13
update,63462,63480,63483,3,,14
update,63473,63491,63494,3,,15
update,63484,63502,63505,3,,0
inbound,63485,63503,63506,3,,1
update,63495,63512,63515,3,,2
update,63506,63524,63526,2,,3
update,63517,63535,63538,3,,4
update,63528,63546,63549,3,,5
update,63539,63557,63560,3,,6
inbound,63540,63558,63562,4,,7
update,63550,63568,63571,3,,8
update,63561,63579,63582,3,,9
update,63572,63590,63593,3,,10
update,63583,63601,63603,2,,11
update,63594,63612,63615,3,,12
inbound,63595,63613,63616,3,,13
update,63605,63623,63626,3,,14
update,63616,63634,63636,2,,15
update,63627,63645,63648,3,,0
update,63638,63655,63658,3,,1
update,63649,63667,63671,4,,2
inbound,63650,63668,63672,4,,3
update,63660,63678,63681,3,,4
update,63671,63689,63692,3,,5
update,63682,63700,63703,3,,6
update,63693,63710,63713,3,,7
update,63704,63721,63725,4,,8
inbound,63705,63723,63729,6,,9
update,63715,63733,63736,3,,10
update,63726,63744,63747,3,,11
update,63737,63755,63757,2,,12
update,63748,63765,63768,3,,13
inbound,63760,63777,63780,3,,15
update,63759,63777,63781,4,,14
update,63770,63788,63791,3,,0
update,63781,63799,63802,3,,1
update,63792,63810,63813,3,,2
update,63803,63820,63823,3,,3
inbound,63815,63832,63835,3,,5
update,63814,63832,63836,4,,4
update,63825,63843,63846,3,,6
update,63836,63854,63857,3,,7
update,63847,63865,63868,3,,8
update,63858,63876,63879,3,,9
update,63869,63887,63890,3,,10
update,63880,63898,63901,3,,11
update,63891,63909,63911,2,,12
update,63902,63920,63923,3,,13
update,63913,63930,63935,5,,14
update,63924,63942,63946,4,,15
update,64000,64018,64022,4,,0
inbound,64000,64018,64022,4,,1
update,64011,64029,64032,3,,2
update,64022,64040,64043,3,,3
inbound,64025,64043,64047,4,,4
update,64033,64050,64053,3,,5
update,64044,64061,64064,3,,6
update,64055,64073,64076,3,,7
update,64066,64084,64086,2,,8
update,64077,64095,64098,3,,9
update,64088,64106,64111,5,,10
update,64099,64117,64120,3,,11
inbound,64100,64118,64121,3,,12
update,64110,64128,64130,2,,13
update,64121,64139,64142,3,,14
update,64132,64150,64152,2,,15
update,64143,64161,64163,2,,0
update,64154,64172,64176,4,,1
inbound,64155,64173,64177,4,,2
update,64165,64183,64186,3,,3
update,64176,64194,64197,3,,4
update,64187,64204,64207,3,,5
update,64198,64215,64218,3,,6
inbound,64200,64218,64221,3,,7
update,64209,64227,64230,3,,8
inbound,64210,64228,64231,3,,9
update,64220,64238,64241,3,,10
inbound,64225,64242,64249,7,,11
update,64231,64249,64252,3,,12
update,64242,64260,64263,3,,13
update,64253,64271,64274,3,,14
update,64264,64282,64285,3,,15
inbound,64265,64283,64286,3,,0
update,64275,64292,64296,4,,1
update,64286,64303,64306,3,,2
update,64297,64315,64318,3,,3
update,64308,64326,64328,2,,4
update,64319,64336,64339,3,,5
inbound,64320,64338,64341,3,,6
update,64330,64348,64352,4,,7
update,64341,64359,64363,4,,8
update,64352,64370,64373,3,,9
update,64363,64381,64385,4,,10
inbound,64375,64393,64397,4,,12
update,64374,64392,64399,7,,11
update,64385,64404,64408,4,,13
update,64396,64414,64418,4,,14
inbound,64400,64418,64421,3,,15
update,64407,64425,64429,4,,0
update,64418,64436,64439,3,,1
inbound,64425,64442,64445,3,,2
update,64429,64447,64450,3,,3
inbound,64430,64448,64452,4,,4
update,64440,64457,64460,3,,5
update,64451,64469,64472,3,,6
update,64462,64480,64483,3,,7
update,64473,64491,64504,13,,8
inbound,64485,64502,64506,4,,10
update,64484,64502,64506,4,,9
update,64495,64513,64516,3,,11
update,64506,64524,64527,3,,12
update,64517,64535,64537,2,,13
update,64528,64545,64548,3,,14
update,64539,64557,64560,3,,15
inbound,64540,64558,64561,3,,0
update,64550,64567,64570,3,,1
update,64561,64579,64582,3,,2
update,64572,64590,64593,3,,3
update,64583,64601,64603,2,,4
update,64594,64612,64615,3,,5
inbound,64595,64613,64617,4,,6
update,64605,64622,64625,3,,7
update,64616,64633,64636,3,,8
update,64627,64644,64647,3,,9
update,64638,64655,64658,3,,10
update,64649,64667,64670,3,,11
inbound,64650,64667,64671,4,,12
update,64660,64678,64682,4,,13
update,64671,64688,64691,3,,14
update,64682,64699,64702,3,,15
update,64693,64710,64713,3,,0
update,64704,64722,64726,4,,1
inbound,64705,64722,64727,5,,2
update,64715,64733,64736,3,,3
update,64726,64743,64746,3,,4
update,64737,64755,64757,2,,5
update,64748,64766,64769,3,,6
update,64759,64777,64782,5,,7
inbound,64760,64779,64782,3,,8
update,64770,64788,64791,3,,9
update,64781,64799,64803,4,,10
update,64792,64810,64815,5,,11
update,64803,64821,64825,4,,12
inbound,64815,64833,64835,2,,14
update,64814,64832,64835,3,,13
update,64825,64843,64845,2,,15
update,64836,64854,64857,3,,0
update,64847,64865,64868,3,,1
update,64858,64876,64879,3,,2
update,64869,64887,64890,3,,3
update,64880,64898,64901,3,,4
update,64891,64909,64912,3,,5
update,64902,64920,64923,3,,6
update,64913,64931,64934,3,,7
update,64924,64941,64945,4,,8
inbound,65000,65018,65022,4,,10
update,65000,65018,65025,7,,9
update,65011,65029,65032,3,,11
update,65022,65040,65043,3,,12
inbound,65025,65042,65045,3,,13
update,65033,65051,65053,2,,14
update,65044,65062,65065,3,,15
update,65055,65073,65076,3,,0
update,65066,65084,65088,4,,1
update,65077,65095,65099,4,,2
update,65088,65106,65109,3,,3
update,65099,65117,65120,3,,4
inbound,65100,65118,65121,3,,5
update,65110,65127,65130,3,,6
update,65121,65139,65142,3,,7
update,65132,65150,65153,3,,8
update,65143,65161,65163,2,,9
update,65154,65172,65175,3,,10
inbound,65155,65173,65176,3,,11
update,65165,65183,65186,3,,12
update,65176,65194,65197,3,,13
update,65187,65205,65208,3,,14
update,65198,65216,65219,3,,15
inbound,65200,65218,65221,3,,0
inbound,65210,65227,65230,3,,2
update,65209,65227,65230,3,,1
update,65220,65238,65240,2,,3
inbound,65225,65243,65246,3,,4
update,65231,65249,65252,3,,5
update,65242,65259,65263,4,,6
update,65253,65271,65274,3,,7
inbound,65265,65282,65286,4,,9
update,65264,65282,65286,4,,8
update,65275,65293,65295,2,,10
update,65286,65304,65307,3,,11
update,65297,65315,65318,3,,12
update,65308,65326,65329,3,,13
inbound,65320,65337,65340,3,,15
update,65319,65337,65341,4,,14
update,65330,65348,65351,3,,0
update,65341,65359,65362,3,,1
update,65352,65370,65373,3,,2
update,65363,65381,65384,3,,3
update,65374,65391,65394,3,,4
inbound,65375,65392,65395,3,,5
update,65385,65403,65406,3,,6
update,65396,65413,65416,3,,7
inbound,65400,65418,65421,3,,8
update,65407,65425,65428,3,,9
update,65418,65436,65439,3,,10
inbound,65425,65442,65445,3,,11
update,65429,65447,65449,2,,12
inbound,65430,65448,65451,3,,13
update,65440,65458,65460,2,,14
update,65451,65468,65471,3,,15
update,65462,65480,65483,3,,0
update,65473,65491,65494,3,,1
update,65484,65502,65505,3,,2
inbound,65485,65503,65506,3,,3
update,65495,65513,65515,2,,4
update,65506,65524,65526,2,,5
update,65517,65534,65537,3,,6
update,65528,65545,65548,3,,7
inbound,65540,65557,65560,3,,9
update,65539,65557,65560,3,,8
update,65550,65568,65570,2,,10
update,65561,65579,65582,3,,11
update,65572,65590,65593,3,,12
update,65583,65601,65604,3,,13
update,65594,65612,65615,3,,14
inbound,65595,65613,65616,3,,15
update,65605,65623,65626,3,,0
update,65616,65634,65636,2,,1
update,65627,65645,65647,2,,2
update,65638,65656,65659,3,,3
inbound,65650,65667,65670,3,,5
update,65649,65667,65670,3,,4
update,65660,65677,65680,3,,6
update,65671,65689,65692,3,,7
update,65682,65699,65702,3,,8
update,65693,65711,65714,3,,9
update,65704,65722,65725,3,,10
inbound,65705,65723,65726,3,,11
update,65715,65733,65735,2,,12
update,65726,65744,65746,2,,13
update,65737,65755,65758,3,,14
update,65748,65766,65769,3,,15
inbound,65760,65777,65779,2,,1
update,65759,65777,65780,3,,0
update,65770,65788,65791,3,,2
update,65781,65799,65801,2,,3
update,65792,65810,65813,3,,4
update,65803,65821,65824,3,,5
update,65814,65831,65835,4,,6
inbound,65815,65833,65835,2,,7
update,65825,65843,65845,2,,8
update,65836,65853,65856,3,,9
update,65847,65864,65867,3,,10
update,65858,65876,65879,3,,11
update,65869,65887,65890,3,,12
update,65880,65898,65903,5,,13
update,65891,65909,65912,3,,14
update,65902,65920,65922,2,,15
update,65913,65931,65933,2,,0
update,65924,65942,65945,3,,1
inbound,66000,66018,66021,3,,3
update,66000,66017,66021,4,,2
update,66011,66029,66032,3,,4
update,66022,66040,66043,3,,5
inbound,66025,66042,66045,3,,6
update,66033,66051,66053,2,,7
update,66044,66062,66064,2,,8
update,66055,66073,66075,2,,9
update,66066,66084,66086,2,,10
update,66077,66094,66097,3,,11
update,66088,66106,66109,3,,12
inbound,66100,66117,66121,4,,14
update,66099,66117,66121,4,,13
update,66110,66128,66130,2,,15
update,66121,66139,66142,3,,0
update,66132,66150,66153,3,,1
update,66143,66161,66163,2,,2
update,66154,66172,66176,4,,3
inbound,66155,66173,66176,3,,4
update,66165,66183,66186,3,,5
update,66176,66194,66197,3,,6
update,66187,66205,66207,2,,7
update,66198,66216,66219,3,,8
inbound,66200,66217,66221,4,,9
update,66209,66227,66230,3,,10
inbound,66210,66228,66231,3,,11
update,66220,66238,66241,3,,12
inbound,66225,66242,66245,3,,13
update,66231,66249,66251,2,,14
update,66242,66259,66262,3,,15
update,66253,66271,66273,2,,0
inbound,66265,66282,66285,3,,2
update,66264,66282,66287,5,,1
update,66275,66293,66296,3,,3
update,66286,66304,66307,3,,4
update,66297,66315,66317,2,,5
update,66308,66326,66329,3,,6
update,66319,66337,66340,3,,7
inbound,66320,66338,66342,4,,8
update,66330,66348,66351,3,,9
update,66341,66358,66361,3,,10
update,66352,66370,66373,3,,11
update,66363,66381,66384,3,,12
update,66374,66391,66395,4,,13
inbound,66375,66393,66396,3,,14
update,66385,66402,66405,3,,15
update,66396,66414,66417,3,,0
inbound,66400,66417,66420,3,,1
update,66407,66425,66428,3,,2
update,66418,66436,66439,3,,3
inbound,66425,66443,66445,2,,4
update,66429,66446,66450,4,,5
inbound,66430,66448,66451,3,,6
update,66440,66458,66461,3,,7
update,66451,66469,66472,3,,8
update,66462,66480,66483,3,,9
update,66473,66491,66494,3,,10
update,66484,66502,66510,8,,11
inbound,66485,66502,66510,8,,12
update,66495,66512,66515,3,,13
update,66506,66524,66526,2,,14
update,66517,66535,66538,3,,15
update,66528,66546,66549,3,,0
update,66539,66557,66559,2,,1
inbound,66540,66558,66561,3,,2
update,66550,66568,66570,2,,3
update,66561,66578,66581,3,,4
update,66572,66590,66593,3,,5
update,66583,66601,66603,2,,6
update,66594,66612,66616,4,,7
inbound,66595,66613,66617,4,,8
update,66605,66623,66626,3,,9
update,66616,66634,66637,3,,10
update,66627,66644,66647,3,,11
update,66638,66656,66660,4,,12
inbound,66650,66667,66670,3,,14
update,66649,66667,66670,3,,13
update,66660,66678,66681,3,,15
update,66671,66689,66692,3,,0
update,66682,66699,66702,3,,1
update,66693,66711,66714,3,,2
update,66704,66722,66724,2,,3
inbound,66705,66723,66726,3,,4
update,66715,66733,66735,2,,5
update,66726,66743,66746,3,,6
update,66737,66755,66765,10,,7
update,66748,66766,66768,2,,8
inbound,66760,66777,66780,3,,10
update,66759,66777,66781,4,,9
update,66770,66787,66790,3,,11
update,66781,66799,66801,2,,12
update,66792,66810,66813,3,,13
update,66803,66821,66824,3,,14
inbound,66815,66832,66834,2,,0
update,66814,66832,66835,3,,15
update,66825,66843,66846,3,,1
update,66836,66853,66856,3,,2
update,66847,66865,66867,2,,3
update,66858,66876,66879,3,,4
update,66869,66887,66892,5,,5
update,66880,66898,66901,3,,6
update,66891,66909,66911,2,,7
update,66902,66920,66922,2,,8
update,66913,66931,66933,2,,9
update,66924,66942,66945,3,,10
update,67000,67018,67021,3,,11
inbound,67000,67018,67023,5,,12
update,67011,67029,67032,3,,13
update,67022,67040,67043,3,,14
inbound,67025,67043,67046,3,,15
update,67033,67050,67053,3,,0
update,67044,67062,67065,3,,1
update,67055,67073,67076,3,,2
update,67066,67083,67086,3,,3
update,67077,67095,67098,3,,4
update,67088,67106,67110,4,,5
update,67099,67117,67121,4,,6
inbound,67100,67118,67121,3,,7
update,67110,67128,67131,3,,8
update,67121,67138,67144,6,,9
update,67132,67150,67153,3,,10
update,67143,67161,67163,2,,11
update,67154,67172,67175,3,,12
inbound,67155,67172,67176,4,,13
update,67165,67183,67196,13,,14
update,67176,67193,67197,4,,15
update,67187,67205,67208,3,,0
update,67198,67216,67219,3,,1
inbound,67200,67218,67221,3,,2
update,67209,67227,67231,4,,3
inbound,67210,67228,67232,4,,4
update,67220,67238,67241,3,,5
inbound,67225,67243,67246,3,,6
update,67231,67249,67252,3,,7
update,67242,67259,67262,3,,8
update,67253,67271,67273,2,,9
update,67264,67282,67286,4,,10
inbound,67265,67282,67286,4,,11
update,67275,67293,67296,3,,12
update,67286,67304,67307,3,,13
update,67297,67315,67320,5,,14
update,67308,67326,67329,3,,15
inbound,67320,67337,67340,3,,1
update,67319,67337,67341,4,,0
update,67330,67348,67351,3,,2
update,67341,67358,67361,3,,3
update,67352,67370,67393,23,,4
update,67363,67381,67395,14,,5
inbound,67375,67392,67399,7,,7
update,67374,67392,67399,7,,6
update,67385,67403,67407,4,,8
update,67396,67414,67417,3,,9
inbound,67400,67418,67420,2,,10
update,67407,67425,67430,5,,11
update,67418,67436,67441,5,,12
inbound,67425,67443,67446,3,,13
inbound,67430,67448,67453,5,,15
update,67429,67446,67453,7,,14
update,67440,67458,67461,3,,0
update,67451,67469,67471,2,,1
update,67462,67480,67482,2,,2
update,67473,67491,67494,3,,3
update,67484,67502,67504,2,,4
inbound,67485,67503,67509,6,,5
update,67495,67513,67516,3,,6
update,67506,67524,67526,2,,7
update,67517,67534,67537,3,,8
update,67528,67546,67548,2,,9
update,67539,67557,67560,3,,10
inbound,67540,67558,67562,4,,11
update,67550,67567,67571,4,,12
update,67561,67579,67582,3,,13
update,67572,67590,67594,4,,14
update,67583,67601,67603,2,,15
update,67594,67612,67615,3,,0
inbound,67595,67613,67616,3,,1
update,67605,67623,67625,2,,2
update,67616,67633,67636,3,,3
update,67627,67645,67647,2,,4
update,67638,67656,67659,3,,5
update,67649,67667,67670,3,,6
inbound,67650,67667,67671,4,,7
update,67660,67677,67681,4,,8
update,67671,67689,67692,3,,9
update,67682,67700,67702,2,,10
update,67693,67711,67715,4,,11
update,67704,67721,67725,4,,12
inbound,67705,67722,67726,4,,13
update,67715,67733,67737,4,,14
update,67726,67743,67746,3,,15
update,67737,67755,67758,3,,0
update,67748,67765,67769,4,,1
update,67759,67777,67779,2,,2
inbound,67760,67778,67780,2,,3
update,67770,67787,67790,3,,4
update,67781,67799,67801,2,,5
update,67792,67809,67812,3,,6
update,67803,67820,67823,3,,7
update,67814,67831,67836,5,,8
inbound,67815,67833,67837,4,,9
update,67825,67843,67846,3,,10
update,67836,67853,67856,3,,11
update,67847,67865,67867,2,,12
update,67858,67876,67879,3,,13
update,67869,67887,67890,3,,14
update,67880,67898,67901,3,,15
update,67891,67909,67912,3,,0
update,67902,67919,67922,3,,1
update,67913,67931,67933,2,,2
update,67924,67942,67945,3,,3
update,68000,68018,68042,24,,4
inbound,68000,68020,68043,23,,5
update,68022,68040,68043,3,,7
update,68011,68029,68043,14,,6
inbound,68025,68044,68047,3,,8
update,68033,68051,68053,2,,9
update,68044,68062,68064,2,,10
update,68055,68072,68075,3,,11
update,68066,68084,68087,3,,12
update,68077,68094,68097,3,,13
update,68088,68106,68109,3,,14
update,68099,68117,68120,3,,15
inbound,68100,68118,68122,4,,0
update,68110,68128,68131,3,,1
update,68121,68138,68141,3,,2
update,68132,68150,68153,3,,3
update,68143,68161,68163,2,,4
update,68154,68172,68176,4,,5
inbound,68155,68174,68178,4,,6
update,68165,68183,68185,2,,7
update,68176,68194,68197,3,,8
update,68187,68205,68208,3,,9
update,68198,68216,68219,3,,10
inbound,68200,68219,68222,3,,11
update,68209,68227,68231,4,,12
inbound,68210,68229,68232,3,,13
update,68220,68238,68241,3,,14
inbound,68225,68244,68247,3,,15
update,68231,68249,68252,3,,0
update,68242,68260,68263,3,,1
update,68253,68271,68274,3,,2
update,68264,68282,68286,4,,3
inbound,68265,68284,68287,3,,4
update,68275,68293,68296,3,,5
update,68286,68303,68306,3,,6
update,68297,68315,68318,3,,7
update,68308,68326,68329,3,,8
update,68319,68337,68341,4,,9
inbound,68320,68339,68343,4,,10
update,68330,68348,68351,3,,11
update,68341,68359,68361,2,,12
update,68352,68370,68373,3,,13
update,68363,68380,68385,5,,14
update,68374,68391,68399,8,,15
inbound,68375,68393,68399,6,,0
update,68385,68403,68408,5,,1
update,68396,68413,68417,4,,2
inbound,68400,68419,68422,3,,3
update,68407,68425,68429,4,,4
update,68418,68436,68440,4,,5
inbound,68425,68443,68448,5,,6
update,68429,68447,68456,9,,7
inbound,68430,68448,68456,8,,8
update,68440,68458,68462,4,,9
update,68451,68469,68473,4,,10
update,68462,68480,68484,4,,11
update,68473,68490,68494,4,,12
update,68484,68502,68508,6,,13
inbound,68485,68504,68509,5,,14
update,68495,68513,68519,6,,15
update,68506,68524,68529,5,,0
update,68517,68535,68538,3,,1
update,68528,68546,68548,2,,2
update,68539,68556,68559,3,,3
inbound,68540,68559,68562,3,,4
update,68550,68567,68570,3,,5
update,68561,68578,68581,3,,6
update,68572,68590,68593,3,,7
update,68583,68601,68604,3,,8
update,68594,68612,68615,3,,9
inbound,68595,68613,68617,4,,10
update,68605,68623,68625,2,,11
update,68616,68634,68637,3,,12
update,68627,68644,68647,3,,13
update,68638,68656,68659,3,,14
update,68649,68667,68669,2,,15
inbound,68650,68669,68672,3,,0
update,68660,68677,68680,3,,1
update,68671,68689,68692,3,,2
update,68682,68700,68703,3,,3
update,68693,68711,68713,2,,4
update,68704,68722,68725,3,,5
inbound,68705,68724,68728,4,,6
update,68715,68733,68736,3,,7
update,68726,68744,68748,4,,8
update,68737,68754,68757,3,,9
update,68748,68766,68770,4,,10
update,68759,68776,68779,3,,11
inbound,68760,68778,68780,2,,12
update,68770,68788,68792,4,,13
update,68781,68799,68801,2,,14
update,68792,68810,68812,2,,15
update,68803,68820,68823,3,,0
update,68814,68832,68834,2,,1
inbound,68815,68834,68836,2,,2
update,68825,68843,68847,4,,3
update,68836,68855,68858,3,,4
update,68847,68866,68868,2,,5
update,68858,68877,68879,2,,6
update,68869,68887,68890,3,,7
update,68880,68899,68902,3,,8
update,68891,68910,68913,3,,9
update,68902,68920,68923,3,,10
update,68913,68932,68934,2,,11
update,68924,68943,68946,3,,12
update,69000,69019,69022,3,,13
inbound,69000,69019,69022,3,,14
update,69011,69030,69033,3,,15
update,69022,69041,69044,3,,0
inbound,69025,69044,69046,2,,1
update,69033,69052,69055,3,,2
update,69044,69063,69065,2,,3
update,69055,69074,69076,2,,4
update,69066,69085,69088,3,,5
update,69077,69096,69098,2,,6
update,69088,69107,69109,2,,7
update,69099,69117,69120,3,,8
inbound,69100,69119,69122,3,,9
update,69110,69129,69131,2,,10
update,69121,69140,69143,3,,11
update,69132,69151,69154,3,,12
update,69143,69162,69165,3,,13
update,69154,69173,69176,3,,14
inbound,69155,69174,69177,3,,15
update,69165,69184,69187,3,,0
update,69176,69194,69197,3,,1
update,69187,69206,69208,2,,2
update,69198,69216,69220,4,,3
inbound,69200,69218,69221,3,,4
update,69209,69228,69230,2,,5
inbound,69210,69229,69231,2,,6
update,69220,69239,69241,2,,7
inbound,69225,69243,69247,4,,8
update,69231,69249,69255,6,,9
update,69242,69260,69263,3,,10
update,69253,69271,69274,3,,11
update,69264,69283,69287,4,,12
inbound,69265,69283,69287,4,,13
update,69275,69294,69298,4,,14
update,69286,69305,69307,2,,15
update,69297,69316,69319,3,,0
update,69308,69327,69330,3,,1
update,69319,69338,69341,3,,2
inbound,69320,69338,69343,5,,3
update,69330,69349,69352,3,,4
update,69341,69359,69362,3,,5
update,69352,69370,69374,4,,6
update,69363,69382,69387,5,,7
update,69374,69392,69397,5,,8
inbound,69375,69394,69398,4,,9
update,69385,69404,69408,4,,10
update,69396,69415,69418,3,,11
inbound,69400,69418,69422,4,,12
update,69407,69426,69429,3,,13
update,69418,69437,69441,4,,14
inbound,69425,69444,69447,3,,15
update,69429,69447,69451,4,,0
inbound,69430,69449,69453,4,,1
update,69440,69459,69463,4,,2
update,69451,69470,69473,3,,3
update,69462,69481,69484,3,,4
update,69473,69492,69494,2,,5
update,69484,69503,69506,3,,6
inbound,69485,69503,69506,3,,7
update,69495,69514,69517,3,,8
update,69506,69525,69528,3,,9
update,69517,69536,69538,2,,10
update,69528,69547,69549,2,,11
update,69539,69558,69561,3,,12
inbound,69540,69559,69562,3,,13
update,69550,69569,69572,3,,14
update,69561,69580,69583,3,,15
update,69572,69590,69594,4,,0
update,69583,69602,69605,3,,1
update,69594,69613,69616,3,,2
inbound,69595,69614,69617,3,,3
update,69605,69624,69627,3,,4
update,69616,69635,69638,3,,5
update,69627,69645,69648,3,,6
update,69638,69657,69674,17,,7
update,69649,69667,69675,8,,8
inbound,69650,69669,69675,6,,9
update,69660,69679,69681,2,,10
update,69671,69689,69692,3,,11
update,69682,69701,69704,3,,12
update,69693,69712,69715,3,,13
update,69704,69723,69726,3,,14
inbound,69705,69723,69726,3,,15
update,69715,69734,69737,3,,0
update,69726,69745,69748,3,,1
update,69737,69756,69759,3,,2
update,69748,69767,69769,2,,3
update,69759,69778,69781,3,,4
inbound,69760,69779,69781,2,,5
update,69770,69789,69792,3,,6
update,69781,69800,69803,3,,7
update,69792,69811,69813,2,,8
update,69803,69822,69824,2,,9
inbound,69815,69833,69835,2,,11
update,69814,69833,69836,3,,10
update,69825,69843,69847,4,,12
update,69836,69855,69858,3,,13
update,69847,69866,69869,3,,14
update,69858,69877,69880,3,,15
update,69869,69888,69890,2,,0
update,69880,69898,69904,6,,1
update,69891,69910,69920,10,,2
update,69902,69921,69924,3,,3
update,69913,69932,69934,2,,4
update,69924,69943,69945,2,,5
update,70000,70019,70023,4,,6
inbound,70000,70019,70024,5,,7
update,70011,70030,70033,3,,8
update,70022,70040,70043,3,,9
inbound,70025,70043,70046,3,,10
update,70033,70052,70055,3,,11
update,70044,70063,70066,3,,12
update,70055,70074,70076,2,,13
update,70066,70085,70089,4,,14
update,70077,70096,70099,3,,15
update,70088,70107,70109,2,,0
update,70099,70118,70122,4,,1
inbound,70100,70118,70122,4,,2
update,70110,70129,70132,3,,3
update,70121,70140,70143,3,,4
update,70132,70150,70153,3,,5
update,70143,70162,70167,5,,6
update,70154,70173,70176,3,,7
inbound,70155,70174,70178,4,,8
update,70165,70183,70186,3,,9
update,70176,70195,70198,3,,10
update,70187,70206,70209,3,,11
update,70198,70216,70219,3,,12
inbound,70200,70219,70222,3,,13
update,70209,70228,70231,3,,14
inbound,70210,70229,70232,3,,15
update,70220,70239,70242,3,,0
inbound,70225,70244,70247,3,,1
update,70231,70249,70252,3,,2
update,70242,70260,70263,3,,3
update,70253,70272,70274,2,,4
update,70264,70283,70286,3,,5
inbound,70265,70284,70287,3,,6
update,70275,70294,70297,3,,7
update,70286,70304,70308,4,,8
update,70297,70315,70318,3,,9
update,70308,70327,70330,3,,10
update,70319,70338,70341,3,,11
inbound,70320,70339,70342,3,,12
update,70330,70349,70352,3,,13
update,70341,70360,70363,3,,14
update,70352,70371,70374,3,,15
update,70363,70383,70389,6,,0
update,70374,70393,70396,3,,1
inbound,70375,70394,70398,4,,2
update,70385,70404,70408,4,,3
update,70396,70415,70418,3,,4
inbound,70400,70419,70422,3,,5
update,70407,70426,70429,3,,6
update,70418,70437,70440,3,,7
inbound,70425,70444,70446,2,,8
update,70429,70448,70451,3,,9
inbound,70430,70449,70452,3,,10
update,70440,70459,70462,3,,11
update,70451,70470,70473,3,,12
update,70462,70481,70484,3,,13
update,70473,70492,70495,3,,14
update,70484,70503,70506,3,,15
inbound,70485,70504,70508,4,,0
update,70495,70514,70516,2,,1
update,70506,70525,70528,3,,2
update,70517,70536,70538,2,,3
update,70528,70547,70550,3,,4
update,70539,70557,70561,4,,5
inbound,70540,70559,70562,3,,6
update,70550,70569,70572,3,,7
update,70561,70580,70583,3,,8
update,70572,70591,70593,2,,9
update,70583,70602,70605,3,,10
update,70594,70613,70616,3,,11
inbound,70595,70614,70616,2,,12
update,70605,70624,70626,2,,13
update,70616,70634,70637,3,,14
update,70627,70646,70649,3,,15
update,70638,70656,70659,3,,0
update,70649,70668,70671,3,,1
inbound,70650,70669,70672,3,,2
update,70660,70679,70682,3,,3
update,70671,70690,70693,3,,4
update,70682,70701,70704,3,,5
update,70693,70712,70715,3,,6
update,70704,70723,70726,3,,7
inbound,70705,70724,70727,3,,8
update,70715,70734,70737,3,,9
update,70726,70745,70748,3,,10
update,70737,70756,70759,3,,11
update,70748,70766,70769,3,,12
update,70759,70777,70781,4,,13
inbound,70760,70779,70781,2,,14
update,70770,70789,70792,3,,15
update,70781,70800,70803,3,,0
update,70792,70811,70814,3,,1
update,70803,70822,70825,3,,2
update,70814,70833,70836,3,,3
inbound,70815,70834,70837,3,,4
update,70825,70844,70848,4,,5
update,70836,70855,70858,3,,6
update,70847,70866,70868,2,,7
update,70858,70877,70880,3,,8
update,70869,70887,70890,3,,9
update,70880,70899,70901,2,,10
update,70891,70910,70912,2,,11
update,70902,70921,70924,3,,12
update,70913,70932,70935,3,,13
update,70924,70942,70946,4,,14
inbound,71000,71018,71022,4,,0
update,71000,71018,71023,5,,15
update,71011,71029,71033,4,,1
update,71022,71041,71045,4,,2
inbound,71025,71044,71047,3,,3
update,71033,71052,71056,4,,4
update,71044,71063,71065,2,,5
update,71055,71073,71076,3,,6
update,71066,71085,71088,3,,7
update,71077,71096,71099,3,,8
update,71088,71107,71109,2,,9
update,71099,71117,71120,3,,10
inbound,71100,71119,71122,3,,11
update,71110,71129,71132,3,,12
update,71121,71140,71143,3,,13
update,71132,71151,71153,2,,14
update,71143,71161,71164,3,,15
update,71154,71173,71177,4,,0
inbound,71155,71173,71177,4,,1
update,71165,71183,71187,4,,2
update,71176,71195,71199,4,,3
update,71187,71206,71208,2,,4
update,71198,71217,71219,2,,5
inbound,71200,71219,71223,4,,6
update,71209,71228,71232,4,,7
inbound,71210,71228,71232,4,,8
update,71220,71239,71243,4,,9
inbound,71225,71244,71249,5,,10
update,71231,71249,71253,4,,11
update,71242,71261,71265,4,,12
update,71253,71272,71275,3,,13
update,71264,71283,71288,5,,14
inbound,71265,71284,71289,5,,15
update,71275,71294,71298,4,,0
update,71286,71305,71324,19,,1
update,71297,71316,71324,8,,2
update,71308,71327,71330,3,,3
update,71319,71338,71341,3,,4
inbound,71320,71339,71342,3,,5
update,71330,71349,71352,3,,6
update,71341,71359,71362,3,,7
update,71352,71370,71373,3,,8
update,71363,71382,71386,4,,9
update,71374,71393,71397,4,,10
inbound,71375,71394,71399,5,,11
update,71385,71404,71408,4,,12
update,71396,71415,71418,3,,13
inbound,71400,71419,71423,4,,14
update,71407,71426,71429,3,,15
update,71418,71437,71440,3,,0
inbound,71425,71443,71448,5,,1
update,71429,71448,71451,3,,2
inbound,71430,71448,71452,4,,3
update,71440,71458,71461,3,,4
update,71451,71469,71473,4,,5
update,71462,71481,71484,3,,6
update,71473,71491,71494,3,,7
update,71484,71502,71505,3,,8
inbound,71485,71504,71507,3,,9
update,71495,71513,71516,3,,10
update,71506,71525,71527,2,,11
update,71517,71536,71539,3,,12
update,71528,71547,71550,3,,13
update,71539,71558,71564,6,,14
inbound,71540,71559,71564,5,,15
update,71550,71569,71572,3,,0
update,71561,71579,71583,4,,1
update,71572,71591,71594,3,,2
update,71583,71602,71605,3,,3
update,71594,71613,71616,3,,4
inbound,71595,71614,71617,3,,5
update,71605,71624,71627,3,,6
update,71616,71635,71637,2,,7
update,71627,71645,71648,3,,8
update,71638,71657,71659,2,,9
update,71649,71668,71671,3,,10
inbound,71650,71669,71672,3,,11
update,71660,71679,71682,3,,12
update,71671,71689,71692,3,,13
update,71682,71701,71703,2,,14
update,71693,71712,71715,3,,15
update,71704,71723,71726,3,,0
inbound,71705,71724,71727,3,,1
update,71715,71734,71737,3,,2
update,71726,71745,71748,3,,3
update,71737,71756,71759,3,,4
update,71748,71767,71770,3,,5
update,71759,71778,71782,4,,6
inbound,71760,71779,71782,3,,7
update,71770,71788,71791,3,,8
update,71781,71800,71802,2,,9
update,71792,71811,71813,2,,10
update,71803,71822,71825,3,,11
update,71814,71833,71836,3,,12
inbound,71815,71834,71837,3,,13
update,71825,71844,71847,3,,14
update,71836,71855,71859,4,,15
update,71847,71865,71869,4,,0
update,71858,71877,71880,3,,1
update,71869,71888,71891,3,,2
update,71880,71899,71902,3,,3
update,71891,71910,71913,3,,4
update,71902,71921,71924,3,,5
update,71913,71932,71935,3,,6
update,71924,71943,71946,3,,7
inbound,72000,72018,72022,4,,9
update,72000,72018,72023,5,,8
update,72011,72030,72033,3,,10
update,72022,72041,72044,3,,11
inbound,72025,72044,72047,3,,12
update,72033,72052,72055,3,,13
update,72044,72063,72066,3,,14
update,72055,72074,72077,3,,15
update,72066,72084,72087,3,,0
update,72077,72096,72099,3,,1
update,72088,72106,72109,3,,2
update,72099,72118,72121,3,,3
inbound,72100,72118,72121,3,,4
update,72110,72129,72132,3,,5
update,72121,72140,72144,4,,6
update,72132,72151,72154,3,,7
update,72143,72162,72164,2,,8
update,72154,72173,72176,3,,9
inbound,72155,72174,72178,4,,10
update,72165,72184,72187,3,,11
update,72176,72195,72199,4,,12
update,72187,72205,72209,4,,13
update,72198,72217,72220,3,,14
inbound,72200,72218,72221,3,,15
update,72209,72228,72231,3,,0
inbound,72210,72229,72233,4,,1
update,72220,72239,72242,3,,2
inbound,72225,72243,72247,4,,3
update,72231,72249,72252,3,,4
update,72242,72261,72263,2,,5
update,72253,72272,72274,2,,6
inbound,72265,72283,72286,3,,8
update,72264,72283,72287,4,,7
update,72275,72294,72298,4,,9
update,72286,72305,72308,3,,10
update,72297,72316,72318,2,,11
update,72308,72327,72330,3,,12
update,72319,72337,72340,3,,13
inbound,72320,72339,72342,3,,14
update,72330,72349,72352,3,,15
update,72341,72360,72363,3,,0
update,72352,72371,72373,2,,1
update,72363,72381,72384,3,,2
update,72374,72393,72399,6,,3
inbound,72375,72393,72399,6,,4
update,72385,72403,72407,4,,5
update,72396,72415,72418,3,,6
inbound,72400,72419,72422,3,,7
update,72407,72426,72429,3,,8
update,72418,72437,72439,2,,9
inbound,72425,72444,72448,4,,10
update,72429,72448,72457,9,,11
inbound,72430,72449,72457,8,,12
update,72440,72459,72462,3,,13
update,72451,72470,72473,3,,14
update,72462,72480,72483,3,,15
update,72473,72491,72495,4,,0
update,72484,72503,72507,4,,1
inbound,72485,72504,72507,3,,2
update,72495,72514,72516,2,,3
update,72506,72525,72527,2,,4
update,72517,72536,72539,3,,5
update,72528,72547,72550,3,,6
update,72539,72558,72561,3,,7
inbound,72540,72559,72562,3,,8
update,72550,72569,72572,3,,9
update,72561,72579,72582,3,,10
update,72572,72591,72593,2,,11
update,72583,72601,72604,3,,12
update,72594,72613,72616,3,,13
inbound,72595,72613,72617,4,,14
update,72605,72624,72626,2,,15
update,72616,72635,72638,3,,0
update,72627,72646,72648,2,,1
update,72638,72657,72660,3,,2
update,72649,72668,72671,3,,3
inbound,72650,72669,72672,3,,4
update,72660,72679,72682,3,,5
update,72671,72690,72692,2,,6
update,72682,72701,72706,5,,7
update,72693,72711,72714,3,,8
update,72704,72722,72726,4,,9
inbound,72705,72724,72727,3,,10
update,72715,72734,72736,2,,11
update,72726,72744,72749,5,,12
update,72737,72756,72759,3,,13
update,72748,72766,72771,5,,14
update,72759,72778,72780,2,,15
inbound,72760,72779,72783,4,,0
update,72770,72788,72791,3,,1
update,72781,72800,72802,2,,2
update,72792,72811,72813,2,,3
update,72803,72822,72824,2,,4
inbound,72815,72833,72836,3,,6
update,72814,72833,72837,4,,5
update,72825,72843,72847,4,,7
update,72836,72855,72857,2,,8
update,72847,72865,72869,4,,9
update,72858,72877,72879,2,,10
update,72869,72888,72891,3,,11
update,72880,72898,72901,3,,12
update,72891,72910,72913,3,,13
update,72902,72921,72924,3,,14
update,72913,72932,72935,3,,15
update,72924,72943,72945,2,,0
inbound,73000,73018,73022,4,,2
update,73000,73018,73022,4,,1
update,73011,73030,73033,3,,3
update,73022,73041,73043,2,,4
inbound,73025,73044,73046,2,,5
update,73033,73052,73055,3,,6
update,73044,73063,73065,2,,7
update,73055,73074,73076,2,,8
update,73066,73084,73087,3,,9
update,73077,73096,73099,3,,10
update,73088,73107,73110,3,,11
inbound,73100,73118,73121,3,,13
update,73099,73118,73122,4,,12
update,73110,73129,73132,3,,14
update,73121,73140,73142,2,,15
update,73132,73151,73154,3,,0
update,73143,73162,73164,2,,1
update,73154,73173,73176,3,,2
inbound,73155,73174,73177,3,,3
update,73165,73184,73186,2,,4
update,73176,73195,73198,3,,5
update,73187,73206,73209,3,,6
update,73198,73217,73220,3,,7
inbound,73200,73219,73222,3,,8
update,73209,73228,73232,4,,9
inbound,73210,73229,73233,4,,10
update,73220,73239,73242,3,,11
inbound,73225,73244,73248,4,,12
update,73231,73250,73253,3,,13
update,73242,73261,73264,3,,14
update,73253,73272,73275,3,,15
update,73264,73283,73286,3,,0
inbound,73265,73284,73287,3,,1
update,73275,73294,73297,3,,2
update,73286,73305,73309,4,,3
update,73297,73316,73319,3,,4
update,73308,73326,73331,5,,5
update,73319,73337,73357,20,,6
update,73330,73349,73358,9,,8
inbound,73320,73339,73358,19,,7
update,73341,73360,73363,3,,9
update,73352,73371,73374,3,,10
update,73363,73382,73384,2,,11
update,73374,73392,73395,3,,12
inbound,73375,73394,73397,3,,13
update,73385,73404,73407,3,,14
update,73396,73415,73418,3,,15
inbound,73400,73419,73421,2,,0
update,73407,73426,73429,3,,1
update,73418,73436,73439,3,,2
inbound,73425,73444,73447,3,,3
update,73429,73448,73451,3,,4
inbound,73430,73449,73452,3,,5
update,73440,73459,73462,3,,6
update,73451,73470,73472,2,,7
update,73462,73481,73483,2,,8
update,73473,73492,73495,3,,9
update,73484,73503,73506,3,,10
inbound,73485,73504,73507,3,,11
update,73495,73513,73516,3,,12
update,73506,73524,73527,3,,13
update,73517,73536,73539,3,,14
update,73528,73546,73549,3,,15
update,73539,73558,73561,3,,0
inbound,73540,73559,73563,4,,1
update,73550,73569,73571,2,,2
update,73561,73580,73583,3,,3
update,73572,73591,73594,3,,4
update,73583,73602,73604,2,,5
update,73594,73613,73616,3,,6
inbound,73595,73614,73617,3,,7
update,73605,73624,73627,3,,8
update,73616,73635,73638,3,,9
update,73627,73646,73648,2,,10
update,73638,73657,73659,2,,11
update,73649,73668,73670,2,,12
inbound,73650,73669,73672,3,,13
update,73660,73679,73681,2,,14
update,73671,73690,73692,2,,15
update,73682,73701,73703,2,,0
update,73693,73711,73714,3,,1
inbound,73705,73723,73726,3,,3
update,73704,73723,73727,4,,2
update,73715,73734,73737,3,,4
update,73726,73744,73747,3,,5
update,73737,73756,73759,3,,6
update,73748,73767,73771,4,,7
inbound,73760,73778,73780,2,,9
update,73759,73778,73781,3,,8
update,73770,73789,73791,2,,10
update,73781,73800,73803,3,,11
update,73792,73811,73814,3,,12
update,73803,73822,73824,2,,13
update,73814,73832,73836,4,,14
inbound,73815,73834,73836,2,,15
update,73825,73844,73847,3,,0
update,73836,73855,73858,3,,1
update,73847,73866,73868,2,,2
update,73858,73877,73879,2,,3
update,73869,73888,73890,2,,4
update,73880,73899,73901,2,,5
update,73891,73910,73913,3,,6
update,73902,73921,73924,3,,7
update,73913,73932,73934,2,,8
update,73924,73943,73945,2,,9
update,74000,74019,74022,3,,10
inbound,74000,74019,74024,5,,11
update,74011,74030,74033,3,,12
update,74022,74040,74043,3,,13
inbound,74025,74043,74046,3,,14
update,74033,74052,74055,3,,15
update,74044,74062,74065,3,,0
update,74055,74074,74077,3,,1
update,74066,74085,74088,3,,2
update,74077,74096,74098,2,,3
update,74088,74107,74109,2,,4
update,74099,74118,74122,4,,5
inbound,74100,74118,74122,4,,6
update,74110,74129,74132,3,,7
update,74121,74140,74142,2,,8
update,74132,74151,74153,2,,9
update,74143,74162,74164,2,,10
update,74154,74173,74176,3,,11
inbound,74155,74173,74177,4,,12
update,74165,74184,74187,3,,13
update,74176,74194,74197,3,,14
update,74187,74206,74209,3,,15
update,74198,74217,74220,3,,0
inbound,74200,74219,74222,3,,1
update,74209,74228,74246,18,,2
update,74220,74239,74246,7,,4
inbound,74225,74244,74247,3,,5
inbound,74210,74229,74247,18,,3
update,74231,74250,74253,3,,6
update,74242,74261,74263,2,,7
update,74253,74272,74274,2,,8
update,74264,74282,74286,4,,9
inbound,74265,74284,74287,3,,10
update,74275,74294,74296,2,,11
update,74286,74305,74308,3,,12
update,74297,74315,74318,3,,13
update,74308,74327,74329,2,,14
update,74319,74338,74341,3,,15
inbound,74320,74339,74342,3,,0
update,74330,74349,74352,3,,1
update,74341,74360,74377,17,,2
update,74352,74371,74377,6,,3
update,74363,74381,74384,3,,4
update,74374,74393,74396,3,,5
inbound,74375,74393,74397,4,,6
update,74385,74404,74407,3,,7
update,74396,74416,74423,7,,8
inbound,74400,74419,74423,4,,9
update,74407,74426,74435,9,,10
update,74418,74437,74443,6,,11
inbound,74425,74444,74453,9,,12
update,74429,74448,74456,8,,13
inbound,74430,74449,74458,9,,14
update,74440,74458,74462,4,,15
update,74451,74470,74473,3,,0
update,74462,74481,74486,5,,1
update,74473,74492,74495,3,,2
update,74484,74503,74506,3,,3
inbound,74485,74504,74507,3,,4
update,74495,74514,74517,3,,5
update,74506,74525,74527,2,,6
update,74517,74536,74538,2,,7
update,74528,74547,74550,3,,8
update,74539,74558,74561,3,,9
inbound,74540,74559,74562,3,,10
update,74550,74569,74572,3,,11
update,74561,74580,74582,2,,12
update,74572,74591,74595,4,,13
update,74583,74602,74605,3,,14
update,74594,74613,74618,5,,15
inbound,74595,74614,74618,4,,0
update,74605,74624,74627,3,,1
update,74616,74634,74637,3,,2
update,74627,74646,74649,3,,3
update,74638,74657,74659,2,,4
update,74649,74667,74672,5,,5
inbound,74650,74669,74673,4,,6
update,74660,74678,74681,3,,7
update,74671,74690,74692,2,,8
update,74682,74701,74703,2,,9
update,74693,74712,74715,3,,10
update,74704,74722,74726,4,,11
inbound,74705,74724,74729,5,,12
update,74715,74734,74738,4,,13
update,74726,74745,74748,3,,14
update,74737,74755,74759,4,,15
update,74748,74767,74770,3,,0
update,74759,74778,74781,3,,1
inbound,74760,74779,74782,3,,2
update,74770,74789,74792,3,,3
update,74781,74800,74804,4,,4
update,74792,74811,74814,3,,5
update,74803,74822,74826,4,,6
inbound,74815,74834,74837,3,,8
update,74814,74833,74837,4,,7
update,74825,74844,74846,2,,9
update,74836,74855,74862,7,,10
update,74847,74866,74869,3,,11
update,74858,74876,74880,4,,12
update,74869,74887,74890,3,,13
update,74880,74899,74902,3,,14
update,74891,74910,74913,3,,15
update,74902,74921,74924,3,,0
update,74913,74932,74935,3,,1
update,74924,74943,74945,2,,2
update,75000,75019,75022,3,,3
inbound,75000,75019,75023,4,,4
update,75011,75030,75033,3,,5
update,75022,75041,75044,3,,6
inbound,75025,75044,75046,2,,7
update,75033,75052,75055,3,,8
update,75044,75063,75065,2,,9
update,75055,75074,75078,4,,10
update,75066,75085,75089,4,,11
update,75077,75096,75099,3,,12
update,75088,75107,75111,4,,13
update,75099,75119,75124,5,,14
inbound,75100,75119,75126,7,,15
update,75110,75129,75135,6,,0
update,75121,75140,75145,5,,1
update,75132,75151,75155,4,,2
update,75143,75163,75168,5,,3
update,75154,75173,75177,4,,4
inbound,75155,75175,75179,4,,5
update,75165,75184,75188,4,,6
update,75176,75194,75198,4,,7
update,75187,75206,75210,4,,8
update,75198,75217,75219,2,,9
inbound,75200,75219,75222,3,,10
update,75209,75228,75232,4,,11
inbound,75210,75229,75233,4,,12
update,75220,75239,75241,2,,13
inbound,75225,75244,75246,2,,14
update,75231,75250,75252,2,,15
update,75242,75261,75264,3,,0
update,75253,75272,75274,2,,1
update,75264,75283,75287,4,,2
inbound,75265,75284,75287,3,,3
update,75275,75294,75296,2,,4
update,75286,75305,75307,2,,5
update,75297,75316,75318,2,,6
update,75308,75327,75329,2,,7
update,75319,75338,75341,3,,8
inbound,75320,75338,75342,4,,9
update,75330,75348,75352,4,,10
update,75341,75360,75363,3,,11
update,75352,75370,75373,3,,12
update,75363,75382,75385,3,,13
update,75374,75393,75396,3,,14
inbound,75375,75394,75397,3,,15
update,75385,75404,75406,2,,0
update,75396,75415,75421,6,,1
inbound,75400,75419,75424,5,,2
update,75407,75425,75428,3,,3
update,75418,75437,75440,3,,4
inbound,75425,75443,75446,3,,5
inbound,75430,75448,75451,3,,7
update,75429,75448,75452,4,,6
update,75440,75459,75461,2,,8
update,75451,75470,75473,3,,9
update,75462,75481,75485,4,,10
update,75473,75491,75494,3,,11
update,75484,75503,75506,3,,12
inbound,75485,75504,75508,4,,13
update,75495,75514,75517,3,,14
update,75506,75524,75527,3,,15
update,75517,75536,75540,4,,0
update,75528,75547,75549,2,,1
update,75539,75558,75561,3,,2
inbound,75540,75559,75563,4,,3
update,75550,75569,75572,3,,4
update,75561,75579,75584,5,,5
update,75572,75591,75594,3,,6
update,75583,75602,75605,3,,7
update,75594,75613,75615,2,,8
inbound,75595,75614,75617,3,,9
update,75605,75624,75627,3,,10
update,75616,75634,75638,4,,11
update,75627,75646,75649,3,,12
update,75638,75657,75660,3,,13
update,75649,75668,75671,3,,14
inbound,75650,75669,75673,4,,15
update,75660,75679,75682,3,,0
update,75671,75689,75692,3,,1
update,75682,75701,75704,3,,2
update,75693,75711,75714,3,,3
update,75704,75723,75726,3,,4
inbound,75705,75724,75727,3,,5
update,75715,75734,75739,5,,6
update,75726,75745,75748,3,,7
update,75737,75755,75758,3,,8
update,75748,75767,75771,4,,9
inbound,75760,75778,75780,2,,11
update,75759,75778,75782,4,,10
update,75770,75789,75792,3,,12
update,75781,75800,75803,3,,13
update,75792,75811,75813,2,,14
update,75803,75822,75825,3,,15
update,75814,75833,75836,3,,0
inbound,75815,75834,75836,2,,1
update,75825,75844,75846,2,,2
update,75836,75854,75857,3,,3
update,75847,75866,75868,2,,4
update,75858,75877,75880,3,,5
update,75869,75887,75890,3,,6
update,75880,75899,75902,3,,7
update,75891,75909,75912,3,,8
update,75902,75921,75924,3,,9
update,75913,75932,75935,3,,10
update,75924,75943,75946,3,,11
inbound,76000,76019,76022,3,,13
update,76000,76019,76022,3,,12
update,76011,76030,76033,3,,14
update,76022,76041,76044,3,,15
inbound,76025,76044,76046,2,,0
update,76033,76052,76054,2,,1
update,76044,76063,76065,2,,2
update,76055,76074,76077,3,,3
update,76066,76085,76087,2,,4
update,76077,76095,76098,3,,5
update,76088,76107,76110,3,,6
update,76099,76118,76121,3,,7
inbound,76100,76119,76124,5,,8
update,76110,76129,76132,3,,9
update,76121,76140,76143,3,,10
update,76132,76151,76154,3,,11
update,76143,76162,76165,3,,12
update,76154,76173,76175,2,,13
inbound,76155,76174,76176,2,,14
update,76165,76184,76186,2,,15
update,76176,76195,76198,3,,0
update,76187,76206,76209,3,,1
update,76198,76217,76219,2,,2
inbound,76200,76219,76222,3,,3
update,76209,76228,76232,4,,4
inbound,76210,76229,76234,5,,5
update,76220,76238,76241,3,,6
update,76231,76250,76255,5,,8
inbound,76225,76244,76255,11,,7
update,76242,76261,76263,2,,9
update,76253,76272,76275,3,,10
update,76264,76283,76286,3,,11
inbound,76265,76283,76288,5,,12
update,76275,76294,76297,3,,13
update,76286,76305,76308,3,,14
update,76297,76316,76319,3,,15
update,76308,76327,76330,3,,0
update,76319,76337,76341,4,,1
inbound,76320,76339,76343,4,,2
update,76330,76349,76351,2,,3
update,76341,76359,76362,3,,4
update,76352,76370,76377,7,,5
update,76363,76382,76385,3,,6
inbound,76375,76393,76396,3,,8
update,76374,76393,76397,4,,7
update,76385,76404,76407,3,,9
update,76396,76414,76417,3,,10
inbound,76400,76419,76422,3,,11
update,76407,76426,76430,4,,12
update,76418,76437,76440,3,,13
inbound,76425,76444,76446,2,,14
update,76429,76447,76451,4,,15
inbound,76430,76449,76452,3,,0
update,76440,76459,76462,3,,1
update,76451,76470,76473,3,,2
update,76462,76481,76483,2,,3
update,76473,76492,76495,3,,4
update,76484,76502,76506,4,,5
inbound,76485,76503,76507,4,,6
update,76495,76514,76517,3,,7
update,76506,76524,76527,3,,8
update,76517,76536,76538,2,,9
update,76528,76547,76550,3,,10
update,76539,76557,76560,3,,11
inbound,76540,76559,76562,3,,12
update,76550,76569,76572,3,,13
update,76561,76579,76583,4,,14
update,76572,76590,76593,3,,15
update,76583,76602,76605,3,,0
update,76594,76613,76616,3,,1
inbound,76595,76614,76618,4,,2
update,76605,76624,76627,3,,3
update,76616,76635,76637,2,,4
update,76627,76646,76648,2,,5
update,76638,76657,76659,2,,6
update,76649,76667,76670,3,,7
inbound,76650,76669,76671,2,,8
update,76660,76679,76682,3,,9
update,76671,76690,76692,2,,10
update,76682,76701,76703,2,,11
update,76693,76712,76714,2,,12
update,76704,76723,76726,3,,13
inbound,76705,76723,76727,4,,14
update,76715,76733,76736,3,,15
update,76726,76745,76748,3,,0
update,76737,76755,76758,3,,1
update,76748,76767,76769,2,,2
inbound,76760,76778,76780,2,,4
update,76759,76778,76782,4,,3
update,76770,76789,76792,3,,5
update,76781,76800,76802,2,,6
update,76792,76811,76813,2,,7
update,76803,76822,76825,3,,8
inbound,76815,76833,76836,3,,10
update,76814,76833,76837,4,,9
update,76825,76844,76847,3,,11
update,76836,76855,76858,3,,12
update,76847,76866,76868,2,,13
update,76858,76876,76879,3,,14
update,76869,76888,76892,4,,15
update,76880,76899,76902,3,,0
update,76891,76910,76912,2,,1
update,76902,76921,76923,2,,2
update,76913,76931,76934,3,,3
update,76924,76942,76945,3,,4
update,77000,77018,77022,4,,5
inbound,77000,77018,77022,4,,6
update,77011,77030,77032,2,,7
update,77022,77040,77043,3,,8
inbound,77025,77044,77046,2,,9
update,77033,77052,77055,3,,10
update,77044,77062,77065,3,,11
update,77055,77074,77077,3,,12
update,77066,77085,77088,3,,13
update,77077,77096,77098,2,,14
update,77088,77107,77109,2,,15
update,77099,77117,77122,5,,0
inbound,77100,77119,77122,3,,1
update,77110,77129,77132,3,,2
update,77121,77140,77143,3,,3
update,77132,77151,77153,2,,4
update,77143,77161,77164,3,,5
update,77154,77173,77176,3,,6
inbound,77155,77173,77176,3,,7
update,77165,77184,77187,3,,8
update,77176,77195,77197,2,,9
update,77187,77206,77208,2,,10
update,77198,77217,77220,3,,11
inbound,77200,77218,77221,3,,12
update,77209,77227,77230,3,,13
inbound,77210,77229,77231,2,,14
update,77220,77239,77241,2,,15
inbound,77225,77244,77247,3,,0
update,77231,77250,77253,3,,1
update,77242,77261,77263,2,,2
update,77253,77271,77274,3,,3
update,77264,77283,77286,3,,4
inbound,77265,77283,77286,3,,5
update,77275,77294,77297,3,,6
update,77286,77304,77306,2,,7
update,77297,77316,77318,2,,8
update,77308,77327,77330,3,,9
update,77319,77338,77343,5,,10
inbound,77320,77338,77343,5,,11
update,77330,77348,77351,3,,12
update,77341,77360,77362,2,,13
update,77352,77371,77374,3,,14
update,77363,77382,77385,3,,15
update,77374,77393,77396,3,,0
inbound,77375,77394,77397,3,,1
update,77385,77404,77407,3,,2
update,77396,77415,77417,2,,3
inbound,77400,77419,77421,2,,4
update,77407,77426,77430,4,,5
update,77418,77437,77440,3,,6
inbound,77425,77443,77447,4,,7
update,77429,77448,77451,3,,8
inbound,77430,77449,77453,4,,9
update,77440,77459,77462,3,,10
update,77451,77470,77473,3,,11
update,77462,77481,77484,3,,12
update,77473,77491,77494,3,,13
update,77484,77503,77506,3,,14
inbound,77485,77504,77507,3,,15
update,77495,77514,77519,5,,0
update,77506,77525,77528,3,,1
update,77517,77536,77542,6,,2
update,77528,77547,77551,4,,3
update,77539,77558,77562,4,,4
inbound,77540,77558,77563,5,,5
update,77550,77569,77571,2,,6
update,77561,77580,77583,3,,7
update,77572,77591,77594,3,,8
update,77583,77602,77605,3,,9
update,77594,77613,77616,3,,10
inbound,77595,77614,77617,3,,11
update,77605,77624,77627,3,,12
update,77616,77635,77637,2,,13
update,77627,77646,77648,2,,14
update,77638,77656,77659,3,,15
update,77649,77668,77671,3,,0
inbound,77650,77669,77672,3,,1
update,77660,77679,77682,3,,2
update,77671,77690,77692,2,,3
update,77682,77700,77703,3,,4
update,77693,77712,77715,3,,5
inbound,77705,77723,77726,3,,7
update,77704,77723,77726,3,,6
update,77715,77734,77737,3,,8
update,77726,77745,77747,2,,9
update,77737,77756,77758,2,,10
update,77748,77767,77769,2,,11
update,77759,77778,77780,2,,12
inbound,77760,77779,77781,2,,13
update,77770,77789,77791,2,,14
update,77781,77800,77802,2,,15
update,77792,77811,77813,2,,0
update,77803,77822,77825,3,,1
inbound,77815,77833,77836,3,,3
update,77814,77833,77836,3,,2
update,77825,77844,77847,3,,4
update,77836,77855,77858,3,,5
update,77847,77866,77868,2,,6
update,77858,77877,77880,3,,7
update,77869,77888,77891,3,,8
update,77880,77899,77902,3,,9
update,77891,77910,77912,2,,10
update,77902,77921,77923,2,,11
update,77913,77931,77934,3,,12
update,77924,77943,77946,3,,13
update,78000,78019,78023,4,,14
inbound,78000,78019,78023,4,,15
update,78011,78030,78032,2,,0
update,78022,78041,78044,3,,1
inbound,78025,78044,78047,3,,2
update,78033,78051,78054,3,,3
update,78044,78062,78065,3,,4
update,78055,78074,78077,3,,5
update,78066,78084,78087,3,,6
update,78077,78096,78099,3,,7
update,78088,78107,78109,2,,8
update,78099,78117,78120,3,,9
inbound,78100,78119,78122,3,,10
update,78110,78129,78132,3,,11
update,78121,78139,78142,3,,12
update,78132,78151,78153,2,,13
update,78143,78162,78165,3,,14
update,78154,78172,78176,4,,15
inbound,78155,78174,78177,3,,0
update,78165,78183,78186,3,,1
update,78176,78194,78197,3,,2
update,78187,78206,78208,2,,3
update,78198,78217,78220,3,,4
inbound,78200,78219,78222,3,,5
inbound,78210,78228,78231,3,,7
update,78209,78228,78232,4,,6
update,78220,78239,78241,2,,8
inbound,78225,78243,78246,3,,9
update,78231,78250,78253,3,,10
update,78242,78261,78264,3,,11
update,78253,78272,78275,3,,12
update,78264,78282,78286,4,,13
inbound,78265,78284,78287,3,,14
update,78275,78294,78297,3,,15
update,78286,78304,78307,3,,0
update,78297,78316,78319,3,,1
update,78308,78327,78330,3,,2
update,78319,78338,78341,3,,3
inbound,78320,78338,78342,4,,4
update,78330,78349,78352,3,,5
update,78341,78359,78362,3,,6
update,78352,78371,78373,2,,7
update,78363,78382,78385,3,,8
update,78374,78393,78396,3,,9
inbound,78375,78394,78398,4,,10
update,78385,78404,78407,3,,11
update,78396,78414,78417,3,,12
inbound,78400,78418,78421,3,,13
update,78407,78426,78429,3,,14
update,78418,78437,78442,5,,15
inbound,78425,78444,78447,3,,0
update,78429,78447,78453,6,,1
inbound,78430,78448,78453,5,,2
update,78440,78459,78462,3,,3
update,78451,78470,78473,3,,4
update,78462,78480,78483,3,,5
update,78473,78492,78495,3,,6
inbound,78485,78504,78507,3,,8
update,78484,78503,78507,4,,7
update,78495,78514,78518,4,,9
update,78506,78525,78528,3,,10
update,78517,78536,78539,3,,11
update,78528,78547,78550,3,,12
inbound,78540,78559,78563,4,,14
update,78539,78558,78566,8,,13
update,78550,78568,78572,4,,15
update,78561,78580,78584,4,,0
update,78572,78591,78594,3,,1
update,78583,78602,78609,7,,2
update,78594,78612,78620,8,,3
inbound,78595,78613,78620,7,,4
update,78605,78624,78629,5,,5
update,78616,78634,78639,5,,6
update,78627,78646,78657,11,,7
update,78638,78657,78660,3,,8
update,78649,78668,78674,6,,9
inbound,78650,78668,78674,6,,10
update,78660,78679,78682,3,,11
update,78671,78690,78693,3,,12
update,78682,78700,78703,3,,13
update,78693,78711,78714,3,,14
update,78704,78723,78727,4,,15
inbound,78705,78724,78728,4,,0
update,78715,78734,78737,3,,1
update,78726,78744,78747,3,,2
update,78737,78756,78759,3,,3
update,78748,78767,78772,5,,4
inbound,78760,78779,78782,3,,6
update,78759,78778,78782,4,,5
update,78770,78789,78793,4,,7
update,78781,78800,78803,3,,8
update,78792,78811,78814,3,,9
update,78803,78822,78825,3,,10
inbound,78815,78833,78836,3,,12
update,78814,78833,78836,3,,11
update,78825,78844,78847,3,,13
update,78836,78855,78857,2,,14
update,78847,78866,78868,2,,15
update,78858,78877,78880,3,,0
update,78869,78887,78890,3,,1
update,78880,78899,78902,3,,2
update,78891,78910,78913,3,,3
update,78902,78920,78923,3,,4
update,78913,78932,78934,2,,5
update,78924,78943,78946,3,,6
update,79000,79019,79025,6,,7
inbound,79000,79019,79025,6,,8
update,79011,79030,79032,2,,9
update,79022,79041,79044,3,,10
inbound,79025,79044,79047,3,,11
update,79033,79052,79054,2,,12
update,79044,79063,79066,3,,13
update,79055,79073,79076,3,,14
update,79066,79085,79088,3,,15
update,79077,79096,79099,3,,0
update,79088,79106,79110,4,,1
update,79099,79118,79122,4,,2
inbound,79100,79119,79123,4,,3
update,79110,79129,79132,3,,4
update,79121,79139,79142,3,,5
update,79132,79151,79154,3,,6
update,79143,79161,79164,3,,7
inbound,79155,79173,79177,4,,9
update,79154,79173,79177,4,,8
update,79165,79184,79187,3,,10
update,79176,79195,79198,3,,11
update,79187,79206,79209,3,,12
update,79198,79217,79221,4,,13
inbound,79200,79218,79222,4,,14
update,79209,79228,79231,3,,15
inbound,79210,79229,79232,3,,0
update,79220,79239,79242,3,,1
inbound,79225,79244,79246,2,,2
update,79231,79250,79252,2,,3
update,79242,79261,79265,4,,4
update,79253,79271,79274,3,,5
update,79264,79283,79286,3,,6
inbound,79265,79284,79287,3,,7
update,79275,79294,79297,3,,8
update,79286,79305,79308,3,,9
update,79297,79315,79318,3,,10
update,79308,79326,79329,3,,11
update,79319,79338,79341,3,,12
inbound,79320,79339,79343,4,,13
update,79330,79349,79352,3,,14
update,79341,79360,79363,3,,15
update,79352,79371,79373,2,,0
update,79363,79382,79385,3,,1
update,79374,79393,79396,3,,2
inbound,79375,79394,79397,3,,3
update,79385,79404,79407,3,,4
update,79396,79414,79417,3,,5
inbound,79400,79418,79421,3,,6
update,79407,79425,79428,3,,7
update,79418,79438,79442,4,,8
inbound,79425,79444,79447,3,,9
update,79429,79448,79451,3,,10
inbound,79430,79449,79452,3,,11
update,79440,79459,79462,3,,12
update,79451,79470,79472,2,,13
update,79462,79481,79483,2,,14
update,79473,79491,79494,3,,15
update,79484,79503,79506,3,,0
inbound,79485,79504,79508,4,,1
update,79495,79514,79517,3,,2
update,79506,79525,79528,3,,3
update,79517,79536,79539,3,,4
update,79528,79547,79549,2,,5
update,79539,79558,79561,3,,6
inbound,79540,79559,79562,3,,7
update,79550,79569,79572,3,,8
update,79561,79580,79582,2,,9
update,79572,79591,79594,3,,10
update,79583,79602,79605,3,,11
update,79594,79613,79617,4,,12
inbound,79595,79613,79617,4,,13
update,79605,79624,79627,3,,14
update,79616,79635,79637,2,,15
update,79627,79645,79649,4,,0
update,79638,79656,79661,5,,1
update,79649,79667,79670,3,,2
inbound,79650,79668,79672,4,,3
update,79660,79679,79682,3,,4
update,79671,79690,79693,3,,5
update,79682,79701,79704,3,,6
update,79693,79712,79715,3,,7
update,79704,79722,79726,4,,8
inbound,79705,79724,79727,3,,9
update,79715,79734,79738,4,,10
update,79726,79745,79747,2,,11
update,79737,79756,79758,2,,12
update,79748,79767,79769,2,,13
inbound,79760,79779,79781,2,,15
update,79759,79778,79781,3,,14
update,79770,79789,79792,3,,0
update,79781,79800,79803,3,,1
update,79792,79811,79814,3,,2
update,79803,79822,79825,3,,3
update,79814,79832,79835,3,,4
inbound,79815,79834,79835,1,,5
update,79825,79844,79847,3,,6
update,79836,79854,79857,3,,7
update,79847,79866,79869,3,,8
update,79858,79876,79879,3,,9
update,79869,79888,79890,2,,10
update,79880,79899,79902,3,,11
update,79891,79909,79929,20,,12
update,79902,79921,79929,8,,13
update,79913,79932,79934,2,,14
update,79924,79943,79946,3,,15
update,80000,80019,80022,3,,0
inbound,80000,80019,80022,3,,1
update,80011,80030,80032,2,,2
inbound,80025,80043,80047,4,,4
update,80022,80041,80047,6,,3
update,80033,80052,80054,2,,5
update,80044,80063,80066,3,,6
update,80055,80074,80077,3,,7
update,80066,80085,80088,3,,8
update,80077,80096,80099,3,,9
update,80088,80107,80110,3,,10
update,80099,80118,80121,3,,11
inbound,80100,80122,80125,3,,12
update,80110,80129,80131,2,,13
update,80121,80139,80142,3,,14
update,80132,80150,80153,3,,15
update,80143,80161,80165,4,,0
update,80154,80173,80175,2,,1
inbound,80155,80178,80180,2,,2
update,80165,80184,80186,2,,3
update,80176,80195,80198,3,,4
update,80187,80205,80208,3,,5
update,80198,80217,80221,4,,6
inbound,80200,80219,80223,4,,7
update,80209,80228,80231,3,,8
inbound,80210,80233,80236,3,,9
update,80220,80239,80242,3,,10
inbound,80225,80244,80248,4,,11
update,80231,80250,80253,3,,12
update,80242,80261,80264,3,,13
update,80253,80272,80275,3,,14
update,80264,80283,80286,3,,15
inbound,80265,80287,80290,3,,0
update,80275,80294,80297,3,,1
update,80286,80305,80307,2,,2
update,80297,80315,80319,4,,3
update,80308,80327,80330,3,,4
update,80319,80338,80341,3,,5
inbound,80320,80343,80345,2,,6
update,80330,80349,80352,3,,7
update,80341,80360,80363,3,,8
update,80352,80370,80374,4,,9
update,80363,80382,80385,3,,10
update,80374,80393,80396,3,,11
inbound,80375,80398,80400,2,,12
update,80385,80404,80407,3,,13
update,80396,80415,80418,3,,14
inbound,80400,80418,80422,4,,15
update,80407,80426,80429,3,,0
update,80418,80437,80442,5,,1
inbound,80425,80443,80450,7,,2
update,80429,80448,80454,6,,3
inbound,80430,80453,80457,4,,4
update,80440,80459,80462,3,,5
update,80451,80469,80472,3,,6
update,80462,80481,80484,3,,7
update,80473,80492,80495,3,,8
update,80484,80503,80505,2,,9
inbound,80485,80508,80510,2,,10
update,80495,80514,80518,4,,11
update,80506,80525,80527,2,,12
update,80517,80535,80539,4,,13
update,80528,80547,80550,3,,14
update,80539,80558,80561,3,,15
inbound,80540,80563,80566,3,,0
update,80550,80569,80572,3,,1
update,80561,80579,80582,3,,2
update,80572,80591,80594,3,,3
update,80583,80602,80605,3,,4
update,80594,80612,80615,3,,5
inbound,80595,80618,80621,3,,6
update,80605,80623,80626,3,,7
update,80616,80635,80638,3,,8
update,80627,80646,80648,2,,9
update,80638,80657,80659,2,,10
update,80649,80668,80670,2,,11
inbound,80650,80673,80676,3,,12
update,80660,80678,80681,3,,13
update,80671,80690,80692,2,,14
update,80682,80701,80704,3,,15
update,80693,80712,80714,2,,0
update,80704,80722,80725,3,,1
inbound,80705,80728,80730,2,,2
update,80715,80733,80736,3,,3
update,80726,80745,80748,3,,4
update,80737,80756,80758,2,,5
update,80748,80767,80770,3,,6
update,80759,80778,80781,3,,7
inbound,80760,80783,80785,2,,8
update,80770,80789,80791,2,,9
update,80781,80799,80803,4,,10
update,80792,80811,80814,3,,11
update,80803,80822,80824,2,,12
update,80814,80833,80836,3,,13
inbound,80815,80838,80840,2,,14
update,80825,80844,80847,3,,15
update,80836,80855,80858,3,,0
update,80847,80866,80869,3,,1
update,80858,80877,80879,2,,2
update,80869,80888,80890,2,,3
update,80880,80899,80901,2,,4
update,80891,80909,80912,3,,5
update,80902,80921,80923,2,,6
update,80913,80932,80934,2,,7
update,80924,80942,80945,3,,8
inbound,81000,81023,81026,3,,10
update,81000,81023,81026,3,,9
update,81011,81034,81037,3,,11
update,81022,81045,81047,2,,12
inbound,81025,81047,81050,3,,13
update,81033,81056,81059,3,,14
update,81044,81067,81070,3,,15
update,81055,81078,81080,2,,0
update,81066,81088,81091,3,,1
update,81077,81100,81103,3,,2
update,81088,81111,81114,3,,3
update,81099,81122,81125,3,,4
inbound,81100,81123,81126,3,,5
update,81110,81133,81136,3,,6
update,81121,81144,81146,2,,7
update,81132,81155,81157,2,,8
update,81143,81166,81169,3,,9
inbound,81155,81177,81180,3,,11
update,81154,81177,81180,3,,10
update,81165,81188,81191,3,,12
update,81176,81199,81203,4,,13
update,81187,81210,81213,3,,14
update,81198,81221,81224,3,,15
inbound,81200,81223,81225,2,,0
inbound,81210,81232,81234,2,,2
update,81209,81232,81235,3,,1
update,81220,81243,81245,2,,3
inbound,81225,81248,81251,3,,4
update,81231,81254,81257,3,,5
update,81242,81265,81267,2,,6
update,81253,81276,81279,3,,7
inbound,81265,81287,81290,3,,9
update,81264,81287,81291,4,,8
update,81275,81298,81301,3,,10
update,81286,81309,81314,5,,11
update,81297,81319,81322,3,,12
update,81308,81330,81335,5,,13
update,81319,81341,81345,4,,14
inbound,81320,81343,81346,3,,15
update,81330,81353,81355,2,,0
update,81341,81364,81366,2,,1
update,81352,81375,81377,2,,2
update,81363,81386,81389,3,,3
update,81374,81396,81400,4,,4
inbound,81375,81398,81401,3,,5
update,81385,81408,81411,3,,6
update,81396,81419,81422,3,,7
inbound,81400,81423,81426,3,,8
update,81407,81430,81432,2,,9
update,81418,81441,81444,3,,10
inbound,81425,81448,81453,5,,11
inbound,81430,81452,81455,3,,13
update,81429,81452,81457,5,,12
update,81440,81463,81466,3,,14
update,81451,81474,81476,2,,15
update,81462,81485,81488,3,,0
update,81473,81496,81498,2,,1
update,81484,81507,81510,3,,2
inbound,81485,81508,81510,2,,3
update,81495,81518,81520,2,,4
update,81506,81528,81531,3,,5
update,81517,81540,81543,3,,6
update,81528,81551,81554,3,,7
update,81539,81562,81582,20,,8
inbound,81540,81562,81583,21,,9
update,81550,81573,81583,10,,10
update,81561,81584,81586,2,,11
update,81572,81595,81598,3,,12
update,81583,81606,81609,3,,13
update,81594,81617,81620,3,,14
inbound,81595,81618,81621,3,,15
update,81605,81627,81630,3,,0
update,81616,81639,81641,2,,1
update,81627,81649,81652,3,,2
update,81638,81661,81664,3,,3
update,81649,81672,81675,3,,4
inbound,81650,81673,81676,3,,5
update,81660,81683,81686,3,,6
update,81671,81694,81696,2,,7
update,81682,81705,81707,2,,8
update,81693,81715,81718,3,,9
update,81704,81727,81730,3,,10
inbound,81705,81727,81730,3,,11
update,81715,81738,81740,2,,12
update,81726,81749,81751,2,,13
update,81737,81760,81763,3,,14
update,81748,81771,81774,3,,15
inbound,81760,81782,81784,2,,1
update,81759,81782,81785,3,,0
update,81770,81793,81796,3,,2
update,81781,81804,81806,2,,3
update,81792,81814,81817,3,,4
update,81803,81826,81829,3,,5
update,81814,81837,81840,3,,6
inbound,81815,81838,81840,2,,7
update,81825,81848,81850,2,,8
update,81836,81858,81861,3,,9
update,81847,81870,81872,2,,10
update,81858,81881,81884,3,,11
update,81869,81892,81895,3,,12
update,81880,81903,81906,3,,13
update,81891,81914,81917,3,,14
update,81902,81925,81928,3,,15
update,81913,81936,81939,3,,0
update,81924,81947,81949,2,,1
update,82000,82022,82026,4,,2
inbound,82000,82022,82027,5,,3
update,82011,82034,82037,3,,4
update,82022,82045,82048,3,,5
inbound,82025,82048,82050,2,,6
update,82033,82055,82059,4,,7
update,82044,82066,82070,4,,8
update,82055,82078,82081,3,,9
update,82066,82089,82092,3,,10
update,82077,82099,82102,3,,11
update,82088,82111,82113,2,,12
update,82099,82122,82126,4,,13
inbound,82100,82123,82127,4,,14
update,82110,82133,82136,3,,15
update,82121,82144,82147,3,,0
update,82132,82155,82158,3,,1
update,82143,82166,82171,5,,2
update,82154,82177,82179,2,,3
inbound,82155,82178,82182,4,,4
update,82165,82188,82191,3,,5
update,82176,82199,82202,3,,6
update,82187,82210,82213,3,,7
update,82198,82221,82223,2,,8
inbound,82200,82223,82227,4,,9
inbound,82210,82232,82235,3,,11
update,82209,82232,82236,4,,10
update,82220,82243,82246,3,,12
inbound,82225,82248,82251,3,,13
update,82231,82254,82257,3,,14
update,82242,82265,82269,4,,15
update,82253,82276,82278,2,,0
update,82264,82287,82290,3,,1
inbound,82265,82288,82292,4,,2
update,82275,82298,82301,3,,3
update,82286,82309,82312,3,,4
update,82297,82320,82323,3,,5
update,82308,82331,82333,2,,6
update,82319,82341,82345,4,,7
inbound,82320,82343,82347,4,,8
update,82330,82353,82356,3,,9
update,82341,82364,82366,2,,10
update,82352,82375,82378,3,,11
update,82363,82386,82388,2,,12
update,82374,82397,82400,3,,13
inbound,82375,82398,82402,4,,14
update,82385,82407,82410,3,,15
update,82396,82419,82423,4,,0
inbound,82400,82423,82425,2,,1
update,82407,82430,82433,3,,2
update,82418,82441,82444,3,,3
inbound,82425,82447,82450,3,,4
inbound,82430,82452,82458,6,,6
update,82429,82452,82460,8,,5
update,82440,82462,82466,4,,7
update,82451,82474,82477,3,,8
update,82462,82485,82488,3,,9
update,82473,82496,82499,3,,10
update,82484,82507,82510,3,,11
inbound,82485,82508,82511,3,,12
update,82495,82518,82520,2,,13
update,82506,82529,82532,3,,14
update,82517,82540,82542,2,,15
update,82528,82551,82554,3,,0
update,82539,82562,82565,3,,1
inbound,82540,82563,82567,4,,2
update,82550,82573,82576,3,,3
update,82561,82584,82589,5,,4
update,82572,82595,82598,3,,5
update,82583,82606,82608,2,,6
update,82594,82617,82621,4,,7
inbound,82595,82618,82622,4,,8
update,82605,82628,82631,3,,9
update,82616,82639,82641,2,,10
update,82627,82649,82652,3,,11
update,82638,82661,82664,3,,12
update,82649,82672,82675,3,,13
inbound,82650,82673,82676,3,,14
update,82660,82683,82686,3,,15
update,82671,82694,82697,3,,0
update,82682,82705,82707,2,,1
update,82693,82715,82718,3,,2
update,82704,82727,82731,4,,3
inbound,82705,82728,82732,4,,4
update,82715,82738,82741,3,,5
update,82726,82749,82752,3,,6
update,82737,82760,82762,2,,7
update,82748,82770,82773,3,,8
inbound,82760,82783,82784,1,,10
update,82759,82781,82785,4,,9
update,82770,82793,82798,5,,11
update,82781,82804,82808,4,,12
update,82792,82815,82818,3,,13
update,82803,82826,82830,4,,14
update,82814,82836,82840,4,,15
inbound,82815,82838,82840,2,,0
update,82825,82847,82850,3,,1
update,82836,82859,82861,2,,2
update,82847,82869,82873,4,,3
update,82858,82881,82883,2,,4
update,82869,82892,82894,2,,5
update,82880,82903,82906,3,,6
update,82891,82914,82917,3,,7
update,82902,82925,82928,3,,8
update,82913,82936,82939,3,,9
update,82924,82947,82950,3,,10
update,83000,83023,83026,3,,11
inbound,83000,83023,83028,5,,12
update,83011,83033,83037,4,,13
update,83022,83044,83047,3,,14
inbound,83025,83047,83051,4,,15
update,83033,83056,83059,3,,0
update,83044,83067,83070,3,,1
update,83055,83078,83081,3,,2
update,83066,83089,83093,4,,3
update,83077,83100,83103,3,,4
update,83088,83111,83114,3,,5
update,83099,83121,83125,4,,6
inbound,83100,83123,83126,3,,7
update,83110,83132,83135,3,,8
update,83121,83144,83147,3,,9
update,83132,83154,83158,4,,10
update,83143,83166,83169,3,,11
update,83154,83177,83180,3,,12
inbound,83155,83178,83182,4,,13
update,83165,83187,83190,3,,14
update,83176,83198,83201,3,,15
update,83187,83210,83213,3,,0
update,83198,83221,83226,5,,1
inbound,83200,83223,83227,4,,2
update,83209,83232,83235,3,,3
inbound,83210,83233,83237,4,,4
update,83220,83243,83245,2,,5
inbound,83225,83248,83251,3,,6
update,83231,83254,83258,4,,7
update,83242,83264,83268,4,,8
update,83253,83276,83280,4,,9
update,83264,83287,83290,3,,10
inbound,83265,83288,83293,5,,11
update,83275,83298,83301,3,,12
update,83286,83309,83312,3,,13
update,83297,83320,83323,3,,14
update,83308,83331,83333,2,,15
update,83319,83342,83346,4,,0
inbound,83320,83342,83346,4,,1
update,83330,83352,83355,3,,2
update,83341,83364,83369,5,,3
update,83352,83375,83380,5,,4
update,83363,83386,83391,5,,5
update,83374,83397,83401,4,,6
inbound,83375,83399,83405,6,,7
update,83385,83408,83412,4,,8
update,83396,83419,83424,5,,9
inbound,83400,83422,83427,5,,10
update,83407,83430,83432,2,,11
update,83418,83440,83443,3,,12
inbound,83425,83448,83451,3,,13
update,83429,83452,83455,3,,14
inbound,83430,83453,83457,4,,15
update,83440,83463,83469,6,,0
update,83451,83473,83477,4,,1
update,83462,83485,83488,3,,2
update,83473,83496,83498,2,,3
update,83484,83506,83511,5,,4
inbound,83485,83508,83511,3,,5
update,83495,83518,83521,3,,6
update,83506,83529,83531,2,,7
update,83517,83540,83543,3,,8
update,83528,83551,83554,3,,9
update,83539,83562,83565,3,,10
inbound,83540,83563,83566,3,,11
update,83550,83573,83576,3,,12
update,83561,83584,83587,3,,13
update,83572,83595,83599,4,,14
update,83583,83606,83609,3,,15
update,83594,83617,83620,3,,0
inbound,83595,83618,83622,4,,1
update,83605,83628,83632,4,,2
update,83616,83639,83641,2,,3
update,83627,83650,83653,3,,4
update,83638,83661,83664,3,,5
update,83649,83672,83675,3,,6
inbound,83650,83673,83677,4,,7
update,83660,83683,83686,3,,8
update,83671,83694,83696,2,,9
update,83682,83705,83708,3,,10
update,83693,83716,83718,2,,11
update,83704,83727,83730,3,,12
inbound,83705,83727,83732,5,,13
update,83715,83738,83740,2,,14
update,83726,83749,83752,3,,15
update,83737,83760,83762,2,,0
update,83748,83771,83773,2,,1
update,83759,83782,83785,3,,2
inbound,83760,83783,83785,2,,3
update,83770,83793,83796,3,,4
update,83781,83803,83807,4,,5
update,83792,83814,83817,3,,6
update,83803,83826,83828,2,,7
update,83814,83836,83840,4,,8
inbound,83815,83838,83840,2,,9
update,83825,83848,83851,3,,10
update,83836,83859,83862,3,,11
update,83847,83870,83873,3,,12
update,83858,83881,83884,3,,13
update,83869,83892,83894,2,,14
update,83880,83903,83905,2,,15
update,83891,83914,83917,3,,0
update,83902,83925,83928,3,,1
update,83913,83936,83939,3,,2
update,83924,83947,83949,2,,3
update,84000,84023,84028,5,,4
inbound,84000,84023,84030,7,,5
update,84011,84034,84038,4,,6
update,84022,84045,84048,3,,7
inbound,84025,84048,84051,3,,8
update,84033,84055,84059,4,,9
update,84044,84066,84070,4,,10
update,84055,84078,84081,3,,11
update,84066,84089,84092,3,,12
update,84077,84100,84103,3,,13
update,84088,84111,84113,2,,14
update,84099,84122,84125,3,,15
inbound,84100,84123,84127,4,,0
update,84110,84133,84135,2,,1
update,84121,84143,84146,3,,2
update,84132,84155,84159,4,,3
update,84143,84165,84168,3,,4
update,84154,84177,84180,3,,5
inbound,84155,84178,84181,3,,6
update,84165,84188,84191,3,,7
update,84176,84199,84202,3,,8
update,84187,84210,84212,2,,9
update,84198,84220,84223,3,,10
inbound,84200,84223,84226,3,,11
update,84209,84232,84235,3,,12
inbound,84210,84233,84238,5,,13
update,84220,84243,84246,3,,14
inbound,84225,84248,84250,2,,15
update,84231,84254,84256,2,,0
update,84242,84265,84268,3,,1
update,84253,84276,84278,2,,2
update,84264,84287,84290,3,,3
inbound,84265,84287,84291,4,,4
update,84275,84298,84301,3,,5
update,84286,84309,84312,3,,6
update,84297,84320,84322,2,,7
update,84308,84331,84334,3,,8
update,84319,84342,84345,3,,9
inbound,84320,84343,84347,4,,10
update,84330,84352,84356,4,,11
update,84341,84364,84366,2,,12
update,84352,84374,84378,4,,13
update,84363,84386,84389,3,,14
update,84374,84397,84400,3,,15
inbound,84375,84398,84401,3,,0
update,84385,84408,84411,3,,1
update,84396,84419,84422,3,,2
inbound,84400,84423,84426,3,,3
update,84407,84430,84433,3,,4
update,84418,84441,84444,3,,5
inbound,84425,84448,84451,3,,6
update,84429,84452,84455,3,,7
inbound,84430,84453,84456,3,,8
update,84440,84463,84467,4,,9
update,84451,84474,84477,3,,10
update,84462,84485,84490,5,,11
update,84473,84496,84500,4,,12
update,84484,84507,84511,4,,13
inbound,84485,84508,84511,3,,14
update,84495,84518,84524,6,,15
update,84506,84529,84532,3,,0
update,84517,84540,84543,3,,1
update,84528,84551,84554,3,,2
update,84539,84562,84566,4,,3
inbound,84540,84563,84567,4,,4
update,84550,84572,84575,3,,5
update,84561,84584,84587,3,,6
update,84572,84595,84597,2,,7
update,84583,84606,84609,3,,8
update,84594,84617,84620,3,,9
inbound,84595,84618,84621,3,,10
update,84605,84628,84632,4,,11
update,84616,84639,84641,2,,12
update,84627,84650,84653,3,,13
update,84638,84661,84663,2,,14
inbound,84650,84672,84676,4,,0
update,84649,84672,84676,4,,15
update,84660,84683,84686,3,,1
update,84671,84693,84696,3,,2
update,84682,84704,84707,3,,3
update,84693,84716,84719,3,,4
update,84704,84727,84730,3,,5
inbound,84705,84728,84732,4,,6
update,84715,84738,84741,3,,7
update,84726,84749,84751,2,,8
update,84737,84760,84763,3,,9
update,84748,84771,84773,2,,10
update,84759,84782,84784,2,,11
inbound,84760,84783,84784,1,,12
update,84770,84793,84795,2,,13
update,84781,84803,84807,4,,14
update,84792,84815,84817,2,,15
update,84803,84826,84828,2,,0
update,84814,84837,84840,3,,1
inbound,84815,84838,84841,3,,2
update,84825,84848,84851,3,,3
update,84836,84859,84861,2,,4
update,84847,84869,84874,5,,5
update,84858,84881,84885,4,,6
update,84869,84892,84899,7,,7
update,84880,84902,84906,4,,8
update,84891,84914,84917,3,,9
update,84902,84925,84928,3,,10
update,84913,84936,84939,3,,11
update,84924,84947,84950,3,,12
inbound,85000,85023,85026,3,,14
update,85000,85023,85027,4,,13
update,85011,85034,85037,3,,15
update,85022,85045,85047,2,,0
inbound,85025,85048,85051,3,,1
update,85033,85056,85058,2,,2
update,85044,85066,85069,3,,3
update,85055,85078,85080,2,,4
update,85066,85089,85091,2,,5
update,85077,85100,85103,3,,6
update,85088,85111,85114,3,,7
inbound,85100,85122,85126,4,,9
update,85099,85122,85126,4,,8
update,85110,85133,85136,3,,10
update,85121,85143,85146,3,,11
update,85132,85154,85158,4,,12
update,85143,85166,85169,3,,13
update,85154,85177,85181,4,,14
inbound,85155,85178,85182,4,,15
update,85165,85188,85191,3,,0
update,85176,85199,85202,3,,1
update,85187,85210,85214,4,,2
update,85198,85221,85225,4,,3
inbound,85200,85223,85228,5,,4
update,85209,85232,85236,4,,5
inbound,85210,85233,85237,4,,6
update,85220,85243,85246,3,,7
inbound,85225,85248,85251,3,,8
update,85231,85254,85257,3,,9
update,85242,85265,85268,3,,10
update,85253,85276,85279,3,,11
update,85264,85287,85291,4,,12
inbound,85265,85288,85292,4,,13
update,85275,85298,85301,3,,14
update,85286,85308,85312,4,,15
update,85297,85320,85324,4,,0
update,85308,85331,85334,3,,1
update,85319,85342,85345,3,,2
inbound,85320,85343,85346,3,,3
update,85330,85353,85355,2,,4
update,85341,85364,85367,3,,5
update,85352,85374,85377,3,,6
update,85363,85386,85389,3,,7
update,85374,85397,85400,3,,8
inbound,85375,85398,85401,3,,9
update,85385,85408,85411,3,,10
update,85396,85419,85422,3,,11
inbound,85400,85422,85425,3,,12
update,85407,85430,85433,3,,13
update,85418,85441,85444,3,,14
inbound,85425,85448,85451,3,,15
inbound,85430,85452,85455,3,,1
update,85429,85452,85455,3,,0
update,85440,85463,85466,3,,2
update,85451,85474,85479,5,,3
update,85462,85485,85488,3,,4
update,85473,85496,85499,3,,5
inbound,85485,85507,85512,5,,7
update,85484,85507,85512,5,,6
update,85495,85517,85520,3,,8
update,85506,85529,85531,2,,9
update,85517,85540,85543,3,,10
update,85528,85551,85554,3,,11
inbound,85540,85562,85565,3,,13
update,85539,85562,85565,3,,12
update,85550,85573,85575,2,,14
update,85561,85584,85586,2,,15
update,85572,85594,85597,3,,0
update,85583,85606,85609,3,,1
update,85594,85616,85619,3,,2
inbound,85595,85618,85620,2,,3
update,85605,85628,85630,2,,4
update,85616,85638,85641,3,,5
update,85627,85649,85652,3,,6
update,85638,85661,85663,2,,7
update,85649,85672,85675,3,,8
inbound,85650,85673,85676,3,,9
update,85660,85683,85685,2,,10
update,85671,85694,85696,2,,11
update,85682,85705,85708,3,,12
update,85693,85716,85719,3,,13
update,85704,85727,85736,9,,14
inbound,85705,85728,85736,8,,15
update,85715,85738,85740,2,,0
update,85726,85749,85752,3,,1
update,85737,85760,85763,3,,2
update,85748,85771,85774,3,,3
update,85759,85782,85785,3,,4
inbound,85760,85783,85785,2,,5
update,85770,85793,85796,3,,6
update,85781,85804,85807,3,,7
update,85792,85815,85817,2,,8
update,85803,85826,85828,2,,9
inbound,85815,85837,85839,2,,11
update,85814,85837,85840,3,,10
update,85825,85848,85850,2,,12
update,85836,85859,85862,3,,13
update,85847,85870,85873,3,,14
update,85858,85881,85884,3,,15
update,85869,85892,85894,2,,0
update,85880,85903,85905,2,,1
update,85891,85913,85916,3,,2
update,85902,85925,85927,2,,3
update,85913,85935,85939,4,,4
update,85924,85947,85950,3,,5
update,86000,86023,86027,4,,6
inbound,86000,86023,86028,5,,7
update,86011,86034,86036,2,,8
update,86022,86044,86048,4,,9
inbound,86025,86047,86051,4,,10
update,86033,86056,86059,3,,11
update,86044,86066,86069,3,,12
update,86055,86078,86081,3,,13
update,86066,86089,86091,2,,14
update,86077,86099,86102,3,,15
update,86088,86111,86113,2,,0
update,86099,86122,86125,3,,1
inbound,86100,86123,86128,5,,2
update,86110,86133,86136,3,,3
update,86121,86143,86146,3,,4
update,86132,86154,86157,3,,5
inbound,86155,86178,86188,10,,8
update,86154,86177,86189,12,,7
update,86143,86165,86189,24,,6
update,86165,86188,86191,3,,9
update,86176,86199,86202,3,,10
update,86187,86210,86212,2,,11
update,86198,86221,86225,4,,12
inbound,86200,86223,86226,3,,13
update,86209,86231,86235,4,,14
inbound,86210,86233,86236,3,,15
update,86220,86243,86257,14,,0
update,86231,86254,86257,3,,2
inbound,86225,86247,86257,10,,1
update,86242,86265,86267,2,,3
update,86253,86275,86278,3,,4
update,86264,86287,86291,4,,5
inbound,86265,86288,86292,4,,6
update,86275,86297,86300,3,,7
update,86286,86309,86311,2,,8
update,86297,86320,86323,3,,9
update,86308,86331,86333,2,,10
update,86319,86342,86345,3,,11
inbound,86320,86343,86346,3,,12
update,86330,86353,86356,3,,13
update,86341,86364,86367,3,,14
update,86352,86375,86378,3,,15
update,86363,86385,86389,4,,0
update,86374,86397,86400,3,,1
inbound,86375,86398,86401,3,,2
update,86385,86408,86411,3,,3
update,86396,86419,86423,4,,4
inbound,86400,86423,86427,4,,5
update,86407,86430,86434,4,,6
update,86418,86441,86445,4,,7
inbound,86425,86448,86450,2,,8
update,86429,86451,86455,4,,9
inbound,86430,86453,86456,3,,10
update,86440,86463,86466,3,,11
update,86451,86474,86478,4,,12
update,86462,86484,86489,5,,13
update,86473,86496,86499,3,,14
update,86484,86507,86510,3,,15
inbound,86485,86508,86513,5,,0
update,86495,86518,86521,3,,1
update,86506,86529,86532,3,,2
update,86517,86539,86542,3,,3
update,86528,86551,86554,3,,4
update,86539,86561,86565,4,,5
inbound,86540,86563,86566,3,,6
update,86550,86573,86575,2,,7
update,86561,86584,86586,2,,8
update,86572,86595,86597,2,,9
update,86583,86606,86609,3,,10
update,86594,86617,86622,5,,11
inbound,86595,86618,86622,4,,12
update,86605,86627,86630,3,,13
update,86616,86638,86641,3,,14
update,86627,86650,86653,3,,15
update,86638,86661,86664,3,,0
update,86649,86672,86675,3,,1
inbound,86650,86673,86677,4,,2
update,86660,86683,86685,2,,3
update,86671,86694,86697,3,,4
update,86682,86704,86707,3,,5
update,86693,86716,86719,3,,6
update,86704,86727,86730,3,,7
inbound,86705,86728,86732,4,,8
update,86715,86738,86741,3,,9
update,86726,86748,86752,4,,10
update,86737,86759,86762,3,,11
update,86748,86771,86774,3,,12
update,86759,86782,86785,3,,13
inbound,86760,86783,86786,3,,14
update,86770,86793,86797,4,,15
update,86781,86804,86807,3,,0
update,86792,86815,86818,3,,1
update,86803,86826,86829,3,,2
update,86814,86837,86840,3,,3
inbound,86815,86838,86840,2,,4
update,86825,86848,86850,2,,5
update,86836,86859,86862,3,,6
update,86847,86869,86872,3,,7
update,86858,86880,86883,3,,8
update,86869,86891,86894,3,,9
update,86880,86903,86905,2,,10
update,86891,86914,86917,3,,11
update,86902,86925,86928,3,,12
update,86913,86936,86938,2,,13
update,86924,86947,86949,2,,14
update,87000,87023,87027,4,,15
inbound,87000,87023,87028,5,,0
update,87011,87034,87036,2,,1
update,87022,87045,87049,4,,2
inbound,87025,87048,87051,3,,3
update,87033,87056,87059,3,,4
update,87044,87067,87070,3,,5
update,87055,87077,87081,4,,6
update,87066,87089,87092,3,,7
update,87077,87100,87103,3,,8
update,87088,87111,87114,3,,9
update,87099,87121,87125,4,,10
inbound,87100,87123,87126,3,,11
update,87110,87132,87135,3,,12
update,87121,87144,87147,3,,13
update,87132,87155,87158,3,,14
update,87143,87166,87168,2,,15
update,87154,87177,87180,3,,0
inbound,87155,87178,87181,3,,1
update,87165,87188,87191,3,,2
update,87176,87198,87201,3,,3
update,87187,87210,87213,3,,4
update,87198,87221,87225,4,,5
inbound,87200,87222,87226,4,,6
update,87209,87231,87236,5,,7
inbound,87210,87233,87237,4,,8
update,87220,87242,87245,3,,9
inbound,87225,87247,87251,4,,10
update,87231,87254,87257,3,,11
update,87242,87265,87267,2,,12
update,87253,87275,87278,3,,13
update,87264,87287,87290,3,,14
inbound,87265,87288,87291,3,,15
update,87275,87298,87301,3,,0
update,87286,87309,87312,3,,1
update,87297,87320,87323,3,,2
update,87308,87331,87335,4,,3
inbound,87320,87342,87345,3,,5
update,87319,87342,87346,4,,4
update,87330,87353,87355,2,,6
update,87341,87364,87367,3,,7
update,87352,87374,87377,3,,8
update,87363,87386,87389,3,,9
update,87374,87396,87400,4,,10
inbound,87375,87398,87401,3,,11
update,87385,87408,87411,3,,12
update,87396,87418,87421,3,,13
inbound,87400,87423,87426,3,,14
update,87407,87429,87432,3,,15
update,87418,87441,87444,3,,0
inbound,87425,87447,87452,5,,1
update,87429,87452,87455,3,,2
inbound,87430,87453,87456,3,,3
update,87440,87462,87465,3,,4
update,87451,87474,87477,3,,5
update,87462,87484,87491,7,,6
update,87473,87496,87500,4,,7
update,87484,87506,87511,5,,8
inbound,87485,87507,87511,4,,9
update,87495,87518,87521,3,,10
update,87506,87529,87532,3,,11
update,87517,87539,87542,3,,12
update,87528,87551,87555,4,,13
update,87539,87562,87566,4,,14
inbound,87540,87562,87568,6,,15
update,87550,87572,87580,8,,0
update,87561,87583,87586,3,,1
update,87572,87595,87598,3,,2
update,87583,87606,87609,3,,3
update,87594,87616,87624,8,,4
inbound,87595,87618,87624,6,,5
update,87605,87628,87632,4,,6
update,87616,87639,87644,5,,7
update,87627,87650,87653,3,,8
update,87638,87661,87665,4,,9
update,87649,87672,87678,6,,10
inbound,87650,87673,87683,10,,11
update,87660,87683,87688,5,,12
update,87671,87694,87699,5,,13
update,87682,87705,87707,2,,14
update,87693,87716,87719,3,,15
update,87704,87727,87730,3,,0
inbound,87705,87728,87731,3,,1
update,87715,87738,87741,3,,2
update,87726,87749,87752,3,,3
update,87737,87760,87765,5,,4
update,87748,87771,87774,3,,5
inbound,87760,87783,87785,2,,7
update,87759,87782,87786,4,,6
update,87770,87793,87795,2,,8
update,87781,87803,87807,4,,9
update,87792,87815,87818,3,,10
update,87803,87826,87829,3,,11
inbound,87815,87837,87840,3,,13
update,87814,87837,87841,4,,12
update,87825,87847,87850,3,,14
update,87836,87859,87862,3,,15
update,87847,87870,87873,3,,0
update,87858,87881,87884,3,,1
update,87869,87892,87895,3,,2
update,87880,87903,87906,3,,3
update,87891,87913,87916,3,,4
update,87902,87925,87927,2,,5
update,87913,87935,87938,3,,6
update,87924,87947,87952,5,,7
update,88000,88023,88028,5,,8
inbound,88000,88023,88029,6,,9
update,88011,88034,88037,3,,10
update,88022,88045,88049,4,,11
inbound,88025,88048,88051,3,,12
update,88033,88056,88059,3,,13
update,88044,88067,88071,4,,14
update,88055,88078,88081,3,,15
update,88066,88089,88092,3,,0
update,88077,88100,88103,3,,1
update,88088,88111,88114,3,,2
update,88099,88122,88126,4,,3
inbound,88100,88123,88127,4,,4
update,88110,88133,88136,3,,5
update,88121,88144,88147,3,,6
update,88132,88154,88157,3,,7
update,88143,88166,88169,3,,8
update,88154,88177,88180,3,,9
inbound,88155,88178,88184,6,,10
update,88165,88187,88190,3,,11
update,88176,88199,88202,3,,12
update,88187,88209,88213,4,,13
update,88198,88221,88224,3,,14
inbound,88200,88223,88227,4,,15
update,88209,88231,88235,4,,0
inbound,88210,88233,88236,3,,1
update,88220,88242,88245,3,,2
inbound,88225,88248,88250,2,,3
update,88231,88254,88257,3,,4
update,88242,88265,88267,2,,5
update,88253,88276,88278,2,,6
update,88264,88287,88290,3,,7
inbound,88265,88288,88292,4,,8
update,88275,88297,88301,4,,9
update,88286,88309,88312,3,,10
update,88297,88320,88323,3,,11
update,88308,88331,88334,3,,12
update,88319,88341,88345,4,,13
inbound,88320,88343,88347,4,,14
update,88330,88353,88355,2,,15
update,88341,88364,88367,3,,0
update,88352,88375,88377,2,,1
update,88363,88385,88388,3,,2
update,88374,88397,88400,3,,3
inbound,88375,88398,88401,3,,4
update,88385,88408,88411,3,,5
update,88396,88419,88422,3,,6
inbound,88400,88423,88426,3,,7
update,88407,88430,88433,3,,8
update,88418,88440,88444,4,,9
inbound,88425,88448,88452,4,,10
update,88429,88452,88456,4,,11
inbound,88430,88453,88457,4,,12
update,88440,88463,88466,3,,13
update,88451,88474,88477,3,,14
update,88462,88485,88488,3,,15
update,88473,88496,88499,3,,0
update,88484,88507,88511,4,,1
inbound,88485,88508,88512,4,,2
update,88495,88517,88520,3,,3
update,88506,88529,88532,3,,4
update,88517,88540,88543,3,,5
update,88528,88551,88554,3,,6
update,88539,88562,88565,3,,7
inbound,88540,88563,88567,4,,8
update,88550,88573,88575,2,,9
update,88561,88583,88586,3,,10
update,88572,88594,88597,3,,11
update,88583,88606,88609,3,,12
update,88594,88617,88620,3,,13
inbound,88595,88617,88621,4,,14
update,88605,88627,88630,3,,15
update,88616,88639,88642,3,,0
update,88627,88650,88653,3,,1
update,88638,88661,88664,3,,2
inbound,88650,88673,88678,5,,4
update,88649,88672,88679,7,,3
update,88660,88683,88686,3,,5
update,88671,88694,88697,3,,6
update,88682,88705,88708,3,,7
update,88693,88716,88719,3,,8
inbound,88705,88727,88732,5,,10
update,88704,88727,88732,5,,9
update,88715,88738,88742,4,,11
update,88726,88749,88753,4,,12
update,88737,88760,88763,3,,13
update,88748,88771,88776,5,,14
inbound,88760,88783,88789,6,,0
update,88759,88781,88790,9,,15
update,88770,88793,88796,3,,1
update,88781,88804,88807,3,,2
update,88792,88815,88818,3,,3
update,88803,88825,88828,3,,4
update,88814,88837,88840,3,,5
inbound,88815,88838,88840,2,,6
update,88825,88848,88850,2,,7
update,88836,88859,88862,3,,8
update,88847,88870,88872,2,,9
update,88858,88881,88884,3,,10
update,88869,88892,88894,2,,11
update,88880,88903,88907,4,,12
update,88891,88914,88916,2,,13
update,88902,88925,88928,3,,14
update,88913,88936,88938,2,,15
update,88924,88947,88950,3,,0
inbound,89000,89024,89027,3,,2
update,89000,89024,89027,3,,1
update,89011,89034,89037,3,,3
update,89022,89045,89048,3,,4
inbound,89025,89049,89054,5,,5
update,89033,89056,89059,3,,6
update,89044,89067,89070,3,,7
update,89055,89078,89081,3,,8
update,89066,89089,89091,2,,9
update,89077,89100,89102,2,,10
update,89088,89110,89113,3,,11
update,89099,89121,89124,3,,12
inbound,89100,89124,89127,3,,13
update,89110,89133,89135,2,,14
update,89121,89143,89146,3,,15
update,89132,89155,89158,3,,0
update,89143,89166,89169,3,,1
update,89154,89177,89179,2,,2
inbound,89155,89179,89182,3,,3
update,89165,89188,89191,3,,4
update,89176,89199,89201,2,,5
update,89187,89209,89212,3,,6
update,89198,89221,89224,3,,7
inbound,89200,89224,89226,2,,8
update,89209,89232,89234,2,,9
inbound,89210,89234,89236,2,,10
update,89220,89243,89245,2,,11
inbound,89225,89249,89252,3,,12
update,89231,89254,89257,3,,13
update,89242,89265,89267,2,,14
update,89253,89276,89278,2,,15
update,89264,89287,89291,4,,0
inbound,89265,89288,89291,3,,1
update,89275,89297,89300,3,,2
update,89286,89309,89312,3,,3
update,89297,89320,89323,3,,4
update,89308,89331,89334,3,,5
update,89319,89342,89344,2,,6
inbound,89320,89344,89347,3,,7
update,89330,89353,89356,3,,8
update,89341,89364,89366,2,,9
update,89352,89375,89377,2,,10
update,89363,89386,89388,2,,11
update,89374,89396,89399,3,,12
inbound,89375,89399,89401,2,,13
update,89385,89408,89410,2,,14
update,89396,89418,89421,3,,15
inbound,89400,89423,89426,3,,0
update,89407,89430,89432,2,,1
update,89418,89441,89443,2,,2
inbound,89425,89449,89452,3,,3
update,89429,89451,89454,3,,4
inbound,89430,89454,89456,2,,5
update,89440,89463,89465,2,,6
update,89451,89473,89476,3,,7
update,89462,89485,89488,3,,8
update,89473,89496,89501,5,,9
update,89484,89507,89510,3,,10
inbound,89485,89509,89512,3,,11
update,89495,89517,89520,3,,12
update,89506,89528,89531,3,,13
update,89517,89540,89543,3,,14
update,89528,89551,89553,2,,15
update,89539,89562,89565,3,,0
inbound,89540,89563,89566,3,,1
update,89550,89572,89575,3,,2
update,89561,89583,89586,3,,3
update,89572,89595,89598,3,,4
update,89583,89606,89609,3,,5
update,89594,89617,89620,3,,6
inbound,89595,89619,89622,3,,7
update,89605,89628,89631,3,,8
update,89616,89639,89641,2,,9
update,89627,89650,89652,2,,10
update,89638,89660,89663,3,,11
update,89649,89672,89675,3,,12
inbound,89650,89673,89676,3,,13
update,89660,89683,89685,2,,14
update,89671,89693,89696,3,,15
update,89682,89705,89708,3,,0
update,89693,89716,89719,3,,1
update,89704,89728,89731,3,,2
inbound,89705,89729,89732,3,,3
update,89715,89739,89741,2,,4
update,89726,89750,89752,2,,5
update,89737,89760,89763,3,,6
update,89748,89772,89775,3,,7
inbound,89760,89783,89785,2,,9
update,89759,89783,89786,3,,8
update,89770,89794,89796,2,,10
update,89781,89804,89807,3,,11
update,89792,89815,89818,3,,12
update,89803,89826,89829,3,,13
inbound,89815,89838,89840,2,,15
update,89814,89838,89841,3,,14
update,89825,89849,89851,2,,0
update,89836,89859,89863,4,,1
update,89847,89871,89874,3,,2
update,89858,89882,89886,4,,3
update,89869,89892,89895,3,,4
update,89880,89903,89908,5,,5
update,89891,89915,89918,3,,6
update,89902,89926,89929,3,,7
update,89913,89937,89939,2,,8
update,89924,89948,89950,2,,9
inbound,90000,90024,90027,3,,11
update,90000,90024,90031,7,,10
update,90011,90035,90039,4,,12
update,90022,90045,90048,3,,13
inbound,90025,90049,90052,3,,14
update,90033,90056,90060,4,,15
update,90044,90068,90072,4,,0
update,90055,90079,90082,3,,1
update,90066,90090,90093,3,,2
update,90077,90100,90103,3,,3
update,90088,90112,90115,3,,4
update,90099,90123,90126,3,,5
inbound,90100,90124,90128,4,,6
update,90110,90133,90136,3,,7
update,90121,90145,90148,3,,8
update,90132,90156,90159,3,,9
update,90143,90167,90170,3,,10
update,90154,90178,90181,3,,11
inbound,90155,90179,90182,3,,12
update,90165,90188,90192,4,,13
update,90176,90200,90204,4,,14
update,90187,90211,90214,3,,15
update,90198,90222,90226,4,,0
inbound,90200,90224,90228,4,,1
update,90209,90233,90236,3,,2
inbound,90210,90234,90238,4,,3
update,90220,90243,90246,3,,4
inbound,90225,90249,90252,3,,5
update,90231,90255,90258,3,,6
update,90242,90266,90269,3,,7
update,90253,90276,90280,4,,8
update,90264,90288,90291,3,,9
inbound,90265,90288,90292,4,,10
update,90275,90299,90302,3,,11
update,90286,90310,90312,2,,12
update,90297,90321,90323,2,,13
update,90308,90332,90335,3,,14
update,90319,90342,90345,3,,15
inbound,90320,90344,90347,3,,0
update,90330,90354,90357,3,,1
update,90341,90365,90367,2,,2
update,90352,90376,90378,2,,3
update,90363,90387,90389,2,,4
update,90374,90397,90401,4,,5
inbound,90375,90399,90402,3,,6
update,90385,90409,90411,2,,7
update,90396,90420,90423,3,,8
inbound,90400,90424,90427,3,,9
update,90407,90431,90434,3,,10
update,90418,90442,90445,3,,11
inbound,90425,90449,90452,3,,12
update,90429,90453,90456,3,,13
inbound,90430,90453,90457,4,,14
update,90440,90464,90467,3,,15
update,90451,90475,90478,3,,0
update,90462,90486,90489,3,,1
update,90473,90497,90501,4,,2
inbound,90485,90509,90513,4,,4
update,90484,90508,90514,6,,3
update,90495,90519,90522,3,,5
update,90506,90530,90533,3,,6
update,90517,90541,90544,3,,7
update,90528,90552,90555,3,,8
update,90539,90563,90567,4,,9
inbound,90540,90564,90568,4,,10
update,90550,90573,90577,4,,11
update,90561,90585,90588,3,,12
update,90572,90596,90599,3,,13
update,90583,90607,90609,2,,14
update,90594,90618,90622,4,,15
inbound,90595,90619,90622,3,,0
update,90605,90629,90631,2,,1
update,90616,90640,90643,3,,2
update,90627,90651,90654,3,,3
update,90638,90661,90664,3,,4
update,90649,90672,90677,5,,5
inbound,90650,90674,90677,3,,6
update,90660,90684,90687,3,,7
update,90671,90695,90697,2,,8
update,90682,90705,90708,3,,9
update,90693,90716,90719,3,,10
update,90704,90728,90731,3,,11
inbound,90705,90729,90734,5,,12
update,90715,90739,90742,3,,13
update,90726,90750,90753,3,,14
update,90737,90760,90763,3,,15
update,90748,90772,90775,3,,0
update,90759,90782,90786,4,,1
inbound,90760,90784,90786,2,,2
update,90770,90794,90796,2,,3
update,90781,90805,90807,2,,4
update,90792,90816,90818,2,,5
update,90803,90827,90830,3,,6
inbound,90815,90839,90841,2,,8
update,90814,90838,90841,3,,7
update,90825,90849,90852,3,,9
update,90836,90860,90863,3,,10
update,90847,90871,90875,4,,11
update,90858,90882,90884,2,,12
update,90869,90893,90896,3,,13
update,90880,90904,90908,4,,14
update,90891,90915,90918,3,,15
update,90902,90926,90929,3,,0
update,90913,90937,90940,3,,1
update,90924,90947,90950,3,,2
update,91000,91024,91029,5,,3
inbound,91000,91024,91029,5,,4
update,91011,91034,91037,3,,5
update,91022,91046,91051,5,,6
inbound,91025,91048,91052,4,,7
update,91033,91057,91060,3,,8
update,91044,91068,91071,3,,9
update,91055,91079,91082,3,,10
update,91066,91090,91092,2,,11
update,91077,91101,91104,3,,12
update,91088,91112,91115,3,,13
update,91099,91123,91127,4,,14
inbound,91100,91123,91127,4,,15
update,91110,91134,91137,3,,0
update,91121,91145,91148,3,,1
update,91132,91156,91159,3,,2
update,91143,91166,91169,3,,3
inbound,91155,91178,91182,4,,5
update,91154,91178,91182,4,,4
update,91165,91189,91192,3,,6
update,91176,91200,91203,3,,7
update,91187,91211,91214,3,,8
update,91198,91222,91225,3,,9
inbound,91200,91223,91227,4,,10
update,91209,91233,91236,3,,11
inbound,91210,91234,91239,5,,12
update,91220,91243,91247,4,,13
inbound,91225,91249,91252,3,,14
update,91231,91255,91258,3,,15
update,91242,91266,91269,3,,0
update,91253,91277,91280,3,,1
update,91264,91288,91292,4,,2
inbound,91265,91289,91293,4,,3
update,91275,91298,91302,4,,4
update,91286,91310,91313,3,,5
update,91297,91321,91324,3,,6
update,91308,91332,91335,3,,7
update,91319,91343,91347,4,,8
inbound,91320,91344,91349,5,,9
update,91330,91354,91357,3,,10
update,91341,91364,91368,4,,11
update,91352,91376,91383,7,,12
update,91363,91387,91391,4,,13
update,91374,91398,91401,3,,14
inbound,91375,91399,91402,3,,15
update,91385,91408,91413,5,,0
update,91396,91419,91422,3,,1
inbound,91400,91423,91427,4,,2
update,91407,91431,91434,3,,3
update,91418,91442,91445,3,,4
inbound,91425,91449,91452,3,,5
update,91429,91453,91456,3,,6
inbound,91430,91454,91457,3,,7
update,91440,91463,91467,4,,8
update,91451,91474,91478,4,,9
update,91462,91486,91489,3,,10
update,91473,91496,91500,4,,11
update,91484,91508,91512,4,,12
inbound,91485,91508,91513,5,,13
update,91495,91519,91522,3,,14
update,91506,91529,91532,3,,15
update,91517,91541,91544,3,,0
update,91528,91552,91556,4,,1
update,91539,91562,91566,4,,2
inbound,91540,91564,91567,3,,3
update,91550,91574,91576,2,,4
update,91561,91585,91588,3,,5
update,91572,91595,91598,3,,6
update,91583,91606,91609,3,,7
update,91594,91618,91622,4,,8
inbound,91595,91619,91622,3,,9
update,91605,91628,91631,3,,10
update,91616,91640,91642,2,,11
update,91627,91651,91653,2,,12
update,91638,91662,91665,3,,13
inbound,91650,91673,91676,3,,15
update,91649,91673,91677,4,,14
update,91660,91684,91687,3,,0
update,91671,91695,91698,3,,1
update,91682,91706,91709,3,,2
update,91693,91717,91720,3,,3
update,91704,91728,91731,3,,4
inbound,91705,91729,91732,3,,5
update,91715,91739,91742,3,,6
update,91726,91749,91752,3,,7
update,91737,91761,91763,2,,8
update,91748,91771,91774,3,,9
inbound,91760,91784,91786,2,,11
update,91759,91783,91787,4,,10
update,91770,91794,91797,3,,12
update,91781,91805,91808,3,,13
update,91792,91816,91820,4,,14
update,91803,91827,91829,2,,15
update,91814,91838,91842,4,,0
inbound,91815,91839,91842,3,,1
update,91825,91849,91852,3,,2
update,91836,91860,91863,3,,3
update,91847,91871,91874,3,,4
update,91858,91882,91884,2,,5
update,91869,91892,91895,3,,6
update,91880,91903,91906,3,,7
update,91891,91914,91918,4,,8
update,91902,91926,91928,2,,9
update,91913,91936,91940,4,,10
update,91924,91948,91951,3,,11
update,92000,92024,92027,3,,12
inbound,92000,92024,92027,3,,13
update,92011,92035,92037,2,,14
update,92022,92046,92049,3,,15
inbound,92025,92048,92051,3,,0
update,92033,92057,92059,2,,1
update,92044,92068,92070,2,,2
update,92055,92079,92082,3,,3
update,92066,92089,92092,3,,4
update,92077,92101,92104,3,,5
update,92088,92112,92115,3,,6
update,92099,92123,92126,3,,7
inbound,92100,92124,92127,3,,8
update,92110,92134,92136,2,,9
update,92121,92145,92149,4,,10
update,92132,92156,92158,2,,11
update,92143,92166,92170,4,,12
update,92154,92178,92181,3,,13
inbound,92155,92179,92182,3,,14
update,92165,92188,92191,3,,15
update,92176,92200,92203,3,,0
update,92187,92211,92214,3,,1
update,92198,92221,92224,3,,2
inbound,92200,92224,92227,3,,3
update,92209,92232,92236,4,,4
inbound,92210,92234,92237,3,,5
update,92220,92244,92247,3,,6
inbound,92225,92249,92252,3,,7
update,92231,92255,92257,2,,8
update,92242,92266,92270,4,,9
update,92253,92277,92279,2,,10
update,92264,92288,92292,4,,11
inbound,92265,92289,92293,4,,12
update,92275,92299,92302,3,,13
update,92286,92309,92312,3,,14
update,92297,92321,92324,3,,15
update,92308,92332,92335,3,,0
update,92319,92343,92346,3,,1
inbound,92320,92344,92347,3,,2
update,92330,92353,92356,3,,3
update,92341,92364,92367,3,,4
update,92352,92375,92378,3,,5
update,92363,92387,92390,3,,6
update,92374,92398,92401,3,,7
inbound,92375,92399,92402,3,,8
update,92385,92408,92411,3,,9
update,92396,92420,92422,2,,10
inbound,92400,92424,92427,3,,11
update,92407,92431,92434,3,,12
update,92418,92442,92449,7,,13
inbound,92425,92449,92451,2,,14
update,92429,92452,92456,4,,15
inbound,92430,92453,92457,4,,0
update,92440,92463,92466,3,,1
update,92451,92475,92477,2,,2
update,92462,92486,92489,3,,3
update,92473,92497,92500,3,,4
update,92484,92508,92515,7,,5
inbound,92485,92509,92517,8,,6
update,92495,92519,92522,3,,7
update,92506,92530,92533,3,,8
update,92517,92541,92544,3,,9
update,92528,92552,92555,3,,10
inbound,92540,92563,92566,3,,12
update,92539,92563,92566,3,,11
update,92550,92574,92576,2,,13
update,92561,92585,92587,2,,14
update,92572,92596,92598,2,,15
update,92583,92607,92610,3,,0
update,92594,92618,92620,2,,1
inbound,92595,92619,92622,3,,2
update,92605,92629,92632,3,,3
update,92616,92640,92643,3,,4
update,92627,92651,92654,3,,5
update,92638,92662,92664,2,,6
update,92649,92672,92676,4,,7
inbound,92650,92674,92677,3,,8
update,92660,92684,92687,3,,9
update,92671,92695,92697,2,,10
update,92682,92705,92708,3,,11
update,92693,92716,92720,4,,12
update,92704,92728,92731,3,,13
inbound,92705,92729,92732,3,,14
update,92715,92738,92743,5,,15
update,92726,92750,92762,12,,0
update,92737,92761,92765,4,,1
update,92748,92771,92776,5,,2
update,92792,92816,92830,14,,7
inbound,92760,92784,92830,46,,4
update,92759,92783,92831,48,,3
update,92770,92794,92831,37,,5
update,92781,92804,92831,27,,6
update,92803,92826,92833,7,,8
inbound,92815,92838,92841,3,,10
update,92814,92838,92842,4,,9
update,92825,92848,92851,3,,11
update,92836,92860,92866,6,,12
update,92847,92870,92875,5,,13
update,92858,92881,92884,3,,14
update,92869,92893,92896,3,,15
update,92880,92903,92906,3,,0
update,92891,92915,92918,3,,1
update,92902,92926,92928,2,,2
update,92913,92937,92940,3,,3
update,92924,92948,92951,3,,4
inbound,93000,93024,93027,3,,6
update,93000,93024,93027,3,,5
update,93011,93035,93038,3,,7
update,93022,93046,93049,3,,8
inbound,93025,93049,93052,3,,9
update,93033,93057,93059,2,,10
update,93044,93067,93070,3,,11
update,93055,93078,93081,3,,12
update,93066,93089,93092,3,,13
update,93077,93101,93104,3,,14
update,93088,93112,93115,3,,15
inbound,93100,93123,93125,2,,1
update,93099,93123,93126,3,,0
update,93110,93134,93136,2,,2
update,93121,93145,93147,2,,3
update,93132,93156,93159,3,,4
update,93143,93167,93169,2,,5
update,93154,93178,93180,2,,6
inbound,93155,93178,93181,3,,7
update,93165,93189,93191,2,,8
update,93176,93200,93202,2,,9
update,93187,93210,93213,3,,10
update,93198,93222,93224,2,,11
inbound,93200,93224,93226,2,,12
update,93209,93233,93236,3,,13
inbound,93210,93234,93236,2,,14
update,93220,93243,93246,3,,15
inbound,93225,93249,93252,3,,0
update,93231,93255,93258,3,,1
update,93242,93266,93269,3,,2
update,93253,93277,93279,2,,3
update,93264,93287,93291,4,,4
inbound,93265,93289,93291,2,,5
update,93275,93298,93301,3,,6
update,93286,93310,93313,3,,7
update,93297,93321,93325,4,,8
update,93308,93332,93335,3,,9
update,93319,93343,93346,3,,10
inbound,93320,93344,93348,4,,11
update,93330,93354,93356,2,,12
update,93341,93365,93368,3,,13
update,93352,93376,93379,3,,14
update,93363,93387,93389,2,,15
inbound,93375,93398,93401,3,,1
update,93374,93398,93401,3,,0
update,93385,93408,93412,4,,2
update,93396,93420,93422,2,,3
inbound,93400,93424,93427,3,,4
update,93407,93431,93434,3,,5
update,93418,93442,93444,2,,6
inbound,93425,93449,93452,3,,7
update,93429,93453,93457,4,,8
inbound,93430,93453,93458,5,,9
update,93440,93463,93467,4,,10
update,93451,93475,93478,3,,11
update,93462,93486,93489,3,,12
update,93473,93497,93499,2,,13
update,93484,93508,93511,3,,14
inbound,93485,93508,93512,4,,15
update,93495,93519,93523,4,,0
update,93506,93530,93533,3,,1
update,93517,93540,93543,3,,2
update,93528,93552,93555,3,,3
inbound,93540,93563,93566,3,,5
update,93539,93563,93566,3,,4
update,93550,93574,93576,2,,6
update,93561,93585,93593,8,,7
update,93572,93596,93599,3,,8
update,93583,93607,93610,3,,9
inbound,93595,93618,93621,3,,11
update,93594,93618,93621,3,,10
update,93605,93629,93631,2,,12
update,93616,93639,93642,3,,13
update,93627,93651,93654,3,,14
update,93638,93662,93664,2,,15
update,93649,93673,93676,3,,0
inbound,93650,93673,93677,4,,1
update,93660,93684,93686,2,,2
update,93671,93695,93698,3,,3
update,93682,93706,93709,3,,4
update,93693,93717,93719,2,,5
inbound,93705,93728,93731,3,,7
update,93704,93728,93731,3,,6
update,93715,93739,93742,3,,8
update,93726,93750,93752,2,,9
update,93737,93761,93764,3,,10
update,93748,93772,93774,2,,11
inbound,93760,93783,93785,2,,13
update,93759,93783,93786,3,,12
update,93770,93794,93796,2,,14
update,93781,93804,93807,3,,15
update,93792,93816,93819,3,,0
update,93803,93827,93830,3,,1
inbound,93815,93838,93840,2,,3
update,93814,93838,93842,4,,2
update,93825,93848,93851,3,,4
update,93836,93860,93863,3,,5
update,93847,93871,93873,2,,6
update,93858,93882,93885,3,,7
update,93869,93893,93896,3,,8
update,93880,93904,93906,2,,9
update,93891,93915,93917,2,,10
update,93902,93926,93929,3,,11
update,93913,93937,93940,3,,12
update,93924,93948,93951,3,,13
inbound,94000,94024,94027,3,,15
update,94000,94024,94029,5,,14
update,94011,94035,94038,3,,0
update,94022,94046,94049,3,,1
inbound,94025,94049,94052,3,,2
update,94033,94057,94061,4,,3
update,94044,94068,94071,3,,4
update,94055,94079,94083,4,,5
update,94066,94089,94093,4,,6
update,94077,94101,94105,4,,7
update,94088,94112,94116,4,,8
update,94099,94123,94126,3,,9
inbound,94100,94124,94128,4,,10
update,94110,94134,94137,3,,11
update,94121,94145,94148,3,,12
update,94132,94155,94158,3,,13
update,94143,94167,94170,3,,14
update,94154,94178,94182,4,,15
inbound,94155,94179,94182,3,,0
update,94165,94189,94192,3,,1
update,94176,94200,94203,3,,2
update,94187,94210,94214,4,,3
update,94198,94222,94225,3,,4
inbound,94200,94224,94227,3,,5
update,94209,94233,94236,3,,6
inbound,94210,94234,94238,4,,7
update,94220,94244,94247,3,,8
inbound,94225,94248,94251,3,,9
update,94231,94254,94257,3,,10
update,94242,94266,94269,3,,11
update,94253,94277,94280,3,,12
update,94264,94288,94292,4,,13
inbound,94265,94289,94292,3,,14
update,94275,94299,94302,3,,15
update,94286,94309,94312,3,,0
update,94297,94321,94324,3,,1
update,94308,94332,94335,3,,2
update,94319,94343,94346,3,,3
inbound,94320,94344,94347,3,,4
update,94330,94354,94357,3,,5
update,94341,94365,94367,2,,6
update,94352,94375,94379,4,,7
update,94363,94387,94390,3,,8
update,94374,94397,94401,4,,9
inbound,94375,94399,94402,3,,10
update,94385,94409,94412,3,,11
update,94396,94420,94423,3,,12
inbound,94400,94424,94427,3,,13
update,94407,94431,94433,2,,14
update,94418,94442,94445,3,,15
inbound,94425,94449,94451,2,,0
update,94429,94452,94455,3,,1
inbound,94430,94454,94457,3,,2
update,94451,94474,94479,5,,4
update,94440,94464,94479,15,,3
update,94462,94486,94489,3,,5
update,94473,94496,94499,3,,6
update,94484,94508,94521,13,,7
inbound,94485,94509,94521,12,,8
update,94495,94518,94522,4,,9
update,94506,94530,94537,7,,10
update,94517,94541,94545,4,,11
update,94528,94552,94555,3,,12
update,94539,94563,94567,4,,13
inbound,94540,94564,94570,6,,14
update,94550,94574,94576,2,,15
update,94561,94585,94587,2,,0
update,94572,94596,94599,3,,1
update,94583,94607,94609,2,,2
inbound,94595,94618,94622,4,,4
update,94594,94618,94622,4,,3
update,94605,94629,94632,3,,5
update,94616,94640,94643,3,,6
update,94627,94650,94653,3,,7
update,94638,94662,94665,3,,8
update,94649,94673,94676,3,,9
inbound,94650,94674,94677,3,,10
update,94660,94684,94687,3,,11
update,94671,94695,94698,3,,12
update,94682,94705,94708,3,,13
update,94704,94728,94737,9,,15
update,94693,94717,94737,20,,14
inbound,94705,94728,94737,9,,0
update,94715,94739,94742,3,,1
update,94726,94750,94752,2,,2
update,94737,94761,94763,2,,3
update,94748,94771,94774,3,,4
update,94759,94783,94787,4,,5
inbound,94760,94784,94787,3,,6
update,94770,94794,94796,2,,7
update,94781,94805,94808,3,,8
update,94792,94816,94818,2,,9
update,94803,94826,94829,3,,10
update,94814,94838,94841,3,,11
inbound,94815,94839,94841,2,,12
update,94825,94849,94851,2,,13
update,94836,94860,94863,3,,14
update,94847,94870,94873,3,,15
update,94858,94882,94885,3,,0
update,94869,94893,94896,3,,1
update,94880,94904,94907,3,,2
update,94891,94915,94919,4,,3
update,94902,94926,94930,4,,4
update,94913,94937,94941,4,,5
update,94924,94948,94952,4,,6
inbound,95000,95024,95027,3,,8
update,95000,95024,95029,5,,7
update,95011,95035,95038,3,,9
update,95022,95046,95049,3,,10
inbound,95025,95049,95052,3,,11
update,95033,95057,95060,3,,12
update,95044,95068,95070,2,,13
update,95055,95079,95082,3,,14
update,95066,95090,95093,3,,15
update,95077,95101,95103,2,,0
update,95088,95112,95115,3,,1
update,95099,95123,95126,3,,2
inbound,95100,95124,95127,3,,3
update,95110,95134,95137,3,,4
update,95121,95145,95148,3,,5
update,95132,95156,95159,3,,6
update,95143,95167,95170,3,,7
update,95154,95178,95182,4,,8
inbound,95155,95179,95183,4,,9
update,95165,95189,95192,3,,10
update,95176,95200,95203,3,,11
update,95187,95211,95214,3,,12
update,95198,95222,95227,5,,13
inbound,95200,95224,95228,4,,14
update,95209,95233,95237,4,,15
inbound,95210,95234,95239,5,,0
update,95220,95244,95249,5,,1
inbound,95225,95249,95251,2,,2
update,95231,95255,95258,3,,3
update,95242,95265,95269,4,,4
update,95253,95277,95280,3,,5
update,95264,95287,95291,4,,6
inbound,95265,95289,95292,3,,7
update,95275,95299,95302,3,,8
update,95286,95310,95312,2,,9
update,95297,95321,95324,3,,10
update,95308,95332,95336,4,,11
inbound,95320,95344,95347,3,,13
update,95319,95343,95349,6,,12
update,95330,95354,95357,3,,14
update,95341,95365,95368,3,,15
update,95352,95376,95379,3,,0
update,95363,95386,95390,4,,1
update,95374,95398,95401,3,,2
inbound,95375,95400,95403,3,,3
update,95385,95409,95413,4,,4
update,95396,95419,95423,4,,5
inbound,95400,95424,95427,3,,6
update,95407,95431,95434,3,,7
update,95418,95441,95444,3,,8
inbound,95425,95448,95451,3,,9
update,95429,95453,95456,3,,10
inbound,95430,95455,95458,3,,11
update,95440,95464,95468,4,,12
update,95451,95474,95477,3,,13
update,95462,95486,95489,3,,14
update,95473,95497,95500,3,,15
update,95484,95508,95512,4,,0
inbound,95485,95509,95513,4,,1
update,95495,95519,95522,3,,2
update,95506,95530,95535,5,,3
update,95517,95540,95544,4,,4
update,95528,95552,95555,3,,5
update,95539,95562,95565,3,,6
inbound,95540,95564,95568,4,,7
update,95550,95573,95576,3,,8
update,95561,95585,95588,3,,9
update,95572,95596,95599,3,,10
update,95583,95607,95611,4,,11
update,95594,95617,95621,4,,12
inbound,95595,95619,95622,3,,13
update,95605,95629,95631,2,,14
update,95616,95640,95642,2,,15
update,95627,95650,95653,3,,0
update,95638,95662,95665,3,,1
update,95649,95673,95676,3,,2
inbound,95650,95674,95677,3,,3
update,95660,95684,95687,3,,4
update,95671,95695,95698,3,,5
update,95682,95705,95709,4,,6
update,95693,95716,95719,3,,7
update,95704,95727,95731,4,,8
inbound,95705,95729,95732,3,,9
update,95715,95739,95743,4,,10
update,95726,95750,95753,3,,11
update,95737,95760,95763,3,,12
update,95748,95771,95774,3,,13
inbound,95760,95783,95785,2,,15
update,95759,95783,95787,4,,14
update,95770,95794,95796,2,,0
update,95781,95805,95808,3,,1
update,95792,95815,95818,3,,2
update,95803,95826,95829,3,,3
inbound,95815,95838,95841,3,,5
update,95814,95838,95842,4,,4
update,95825,95849,95852,3,,6
update,95836,95860,95863,3,,7
update,95847,95871,95874,3,,8
update,95858,95881,95884,3,,9
update,95869,95893,95896,3,,10
update,95880,95904,95907,3,,11
update,95891,95914,95918,4,,12
update,95902,95926,95929,3,,13
update,95913,95937,95939,2,,14
update,95924,95948,95951,3,,15
inbound,96000,96024,96027,3,,1
update,96000,96024,96029,5,,0
update,96011,96035,96038,3,,2
update,96022,96046,96048,2,,3
inbound,96025,96048,96051,3,,4
update,96033,96057,96061,4,,5
update,96044,96068,96071,3,,6
update,96055,96079,96082,3,,7
update,96066,96090,96093,3,,8
update,96077,96101,96103,2,,9
update,96088,96111,96114,3,,10
update,96099,96123,96126,3,,11
inbound,96100,96123,96127,4,,12
update,96110,96134,96136,2,,13
update,96121,96144,96148,4,,14
update,96132,96156,96159,3,,15
update,96143,96166,96169,3,,0
update,96154,96177,96181,4,,1
inbound,96155,96179,96182,3,,2
update,96165,96189,96192,3,,3
update,96176,96200,96203,3,,4
update,96187,96211,96215,4,,5
update,96198,96221,96225,4,,6
inbound,96200,96224,96227,3,,7
update,96209,96232,96236,4,,8
inbound,96210,96234,96237,3,,9
update,96220,96244,96247,3,,10
inbound,96225,96249,96252,3,,11
update,96231,96255,96259,4,,12
update,96242,96266,96269,3,,13
update,96253,96277,96280,3,,14
update,96264,96288,96292,4,,15
inbound,96265,96289,96293,4,,0
update,96275,96298,96301,3,,1
update,96286,96309,96314,5,,2
update,96297,96321,96324,3,,3
update,96308,96332,96335,3,,4
inbound,96320,96343,96347,4,,6
update,96319,96343,96347,4,,5
update,96330,96354,96356,2,,7
update,96341,96364,96368,4,,8
update,96352,96376,96379,3,,9
update,96363,96387,96390,3,,10
update,96374,96398,96401,3,,11
inbound,96375,96399,96402,3,,12
update,96385,96408,96411,3,,13
update,96396,96420,96423,3,,14
inbound,96400,96423,96426,3,,15
update,96407,96430,96433,3,,0
update,96418,96442,96445,3,,1
inbound,96425,96449,96455,6,,2
inbound,96430,96453,96457,4,,4
update,96429,96453,96458,5,,3
update,96440,96464,96467,3,,5
update,96451,96475,96477,2,,6
update,96462,96486,96489,3,,7
update,96473,96497,96503,6,,8
update,96484,96508,96511,3,,9
inbound,96485,96509,96514,5,,10
update,96495,96519,96522,3,,11
update,96506,96530,96533,3,,12
update,96517,96540,96546,6,,13
update,96528,96552,96555,3,,14
update,96539,96563,96567,4,,15
inbound,96540,96564,96568,4,,0
update,96550,96574,96578,4,,1
update,96561,96585,96588,3,,2
update,96572,96596,96598,2,,3
update,96583,96607,96610,3,,4
update,96594,96618,96621,3,,5
inbound,96595,96619,96622,3,,6
update,96605,96629,96632,3,,7
update,96616,96640,96643,3,,8
update,96627,96651,96655,4,,9
update,96638,96661,96664,3,,10
update,96649,96673,96676,3,,11
inbound,96650,96674,96678,4,,12
update,96660,96684,96687,3,,13
update,96671,96695,96698,3,,14
update,96682,96706,96708,2,,15
update,96693,96717,96719,2,,0
update,96704,96728,96731,3,,1
inbound,96705,96729,96732,3,,2
update,96715,96738,96741,3,,3
update,96726,96749,96754,5,,4
update,96737,96760,96763,3,,5
update,96748,96772,96775,3,,6
inbound,96760,96783,96785,2,,8
update,96759,96783,96786,3,,7
update,96770,96794,96797,3,,9
update,96781,96805,96808,3,,10
update,96792,96815,96818,3,,11
update,96803,96827,96830,3,,12
inbound,96815,96839,96841,2,,14
update,96814,96838,96841,3,,13
update,96825,96849,96851,2,,15
update,96836,96860,96862,2,,0
update,96847,96871,96874,3,,1
update,96858,96881,96884,3,,2
update,96869,96893,96896,3,,3
update,96880,96904,96906,2,,4
update,96891,96915,96919,4,,5
update,96902,96925,96928,3,,6
update,96913,96937,96941,4,,7
update,96924,96948,96951,3,,8
update,97000,97024,97027,3,,9
inbound,97000,97025,97029,4,,10
update,97011,97034,97037,3,,11
update,97022,97045,97048,3,,12
inbound,97025,97050,97053,3,,13
update,97033,97057,97060,3,,14
update,97044,97067,97071,4,,15
update,97055,97079,97081,2,,0
update,97066,97089,97092,3,,1
update,97077,97101,97104,3,,2
update,97088,97112,97115,3,,3
update,97099,97123,97126,3,,4
inbound,97100,97125,97128,3,,5
update,97110,97134,97137,3,,6
update,97121,97145,97148,3,,7
update,97132,97156,97159,3,,8
update,97143,97166,97169,3,,9
update,97154,97178,97182,4,,10
inbound,97155,97179,97183,4,,11
update,97165,97189,97192,3,,12
update,97176,97200,97203,3,,13
update,97187,97211,97214,3,,14
update,97198,97222,97225,3,,15
inbound,97200,97224,97227,3,,0
update,97209,97233,97236,3,,1
inbound,97210,97234,97237,3,,2
update,97220,97243,97246,3,,3
inbound,97225,97250,97253,3,,4
update,97231,97255,97258,3,,5
update,97242,97266,97269,3,,6
update,97253,97277,97280,3,,7
update,97264,97288,97291,3,,8
inbound,97265,97290,97293,3,,9
update,97275,97299,97302,3,,10
update,97286,97310,97313,3,,11
update,97297,97321,97323,2,,12
update,97308,97331,97334,3,,13
update,97319,97342,97346,4,,14
inbound,97320,97345,97347,2,,15
update,97330,97353,97356,3,,0
update,97341,97365,97368,3,,1
update,97352,97376,97379,3,,2
update,97363,97387,97390,3,,3
update,97374,97398,97401,3,,4
inbound,97375,97399,97402,3,,5
update,97385,97409,97411,2,,6
update,97396,97420,97422,2,,7
inbound,97400,97425,97428,3,,8
update,97407,97431,97433,2,,9
update,97418,97442,97444,2,,10
inbound,97425,97450,97453,3,,11
update,97429,97452,97455,3,,12
inbound,97430,97455,97458,3,,13
update,97440,97464,97467,3,,14
update,97451,97475,97477,2,,15
update,97462,97485,97488,3,,0
update,97473,97497,97500,3,,1
update,97484,97508,97512,4,,2
inbound,97485,97509,97512,3,,3
update,97495,97519,97522,3,,4
update,97506,97530,97533,3,,5
update,97517,97541,97546,5,,6
update,97528,97552,97555,3,,7
update,97539,97563,97565,2,,8
inbound,97540,97565,97568,3,,9
update,97550,97574,97576,2,,10
update,97561,97585,97587,2,,11
update,97572,97596,97599,3,,12
update,97583,97607,97610,3,,13
update,97594,97618,97621,3,,14
inbound,97595,97620,97623,3,,15
update,97605,97629,97631,2,,0
update,97616,97640,97643,3,,1
update,97627,97651,97653,2,,2
update,97638,97662,97664,2,,3
update,97649,97673,97676,3,,4
inbound,97650,97675,97678,3,,5
update,97660,97684,97687,3,,6
update,97671,97695,97699,4,,7
update,97682,97706,97709,3,,8
update,97693,97716,97721,5,,9
update,97704,97728,97732,4,,10
inbound,97705,97730,97734,4,,11
update,97715,97740,97744,4,,12
update,97726,97751,97754,3,,13
update,97737,97762,97766,4,,14
update,97748,97773,97775,2,,15
inbound,97760,97785,97788,3,,1
update,97759,97784,97789,5,,0
update,97770,97795,97799,4,,2
update,97781,97806,97810,4,,3
update,97792,97817,97820,3,,4
update,97803,97828,97831,3,,5
inbound,97815,97839,97841,2,,7
update,97814,97839,97842,3,,6
update,97825,97850,97853,3,,8
update,97836,97861,97864,3,,9
update,97847,97872,97875,3,,10
update,97858,97883,97886,3,,11
update,97869,97894,97897,3,,12
update,97880,97905,97908,3,,13
update,97891,97916,97919,3,,14
update,97902,97927,97930,3,,15
update,97913,97938,97941,3,,0
update,97924,97949,97951,2,,1
update,98000,98024,98028,4,,2
inbound,98000,98024,98029,5,,3
update,98011,98035,98038,3,,4
update,98022,98047,98051,4,,5
inbound,98025,98050,98053,3,,6
update,98033,98057,98061,4,,7
update,98044,98069,98072,3,,8
update,98055,98080,98083,3,,9
update,98066,98091,98094,3,,10
update,98077,98102,98105,3,,11
update,98088,98113,98116,3,,12
update,98099,98124,98127,3,,13
inbound,98100,98125,98129,4,,14
update,98110,98135,98138,3,,15
update,98121,98146,98149,3,,0
update,98132,98157,98160,3,,1
update,98143,98168,98171,3,,2
inbound,98155,98180,98183,3,,4
update,98154,98179,98184,5,,3
update,98165,98189,98192,3,,5
update,98176,98201,98204,3,,6
update,98187,98211,98214,3,,7
update,98198,98223,98227,4,,8
inbound,98200,98225,98229,4,,9
update,98209,98234,98238,4,,10
inbound,98210,98234,98239,5,,11
update,98220,98245,98247,2,,12
inbound,98225,98249,98252,3,,13
update,98231,98256,98259,3,,14
update,98242,98267,98270,3,,15
update,98264,98288,98292,4,,1
update,98253,98278,98292,14,,0
inbound,98265,98290,98293,3,,2
update,98275,98300,98303,3,,3
update,98286,98311,98314,3,,4
update,98297,98321,98324,3,,5
update,98308,98333,98336,3,,6
update,98319,98344,98347,3,,7
inbound,98320,98345,98348,3,,8
update,98330,98355,98358,3,,9
update,98341,98366,98369,3,,10
update,98352,98377,98379,2,,11
update,98363,98388,98391,3,,12
update,98374,98399,98417,18,,13
update,98385,98410,98418,8,,15
inbound,98375,98400,98418,18,,14
update,98396,98421,98425,4,,0
inbound,98400,98425,98428,3,,1
update,98407,98432,98435,3,,2
update,98418,98443,98445,2,,3
inbound,98425,98450,98453,3,,4
update,98429,98454,98458,4,,5
inbound,98430,98454,98458,4,,6
update,98440,98465,98468,3,,7
update,98451,98475,98478,3,,8
update,98462,98487,98490,3,,9
update,98473,98498,98501,3,,10
update,98484,98509,98512,3,,11
inbound,98485,98510,98514,4,,12
update,98495,98519,98522,3,,13
update,98506,98531,98533,2,,14
update,98517,98542,98546,4,,15
update,98528,98553,98556,3,,0
update,98539,98564,98567,3,,1
inbound,98540,98565,98568,3,,2
update,98550,98575,98578,3,,3
update,98561,98586,98589,3,,4
update,98572,98597,98599,2,,5
update,98583,98608,98611,3,,6
update,98594,98618,98622,4,,7
inbound,98595,98621,98627,6,,8
update,98605,98630,98633,3,,9
update,98616,98641,98644,3,,10
update,98627,98652,98656,4,,11
update,98638,98663,98665,2,,12
update,98649,98674,98677,3,,13
inbound,98650,98675,98679,4,,14
update,98660,98685,98688,3,,15
update,98671,98696,98699,3,,0
update,98682,98707,98710,3,,1
update,98693,98718,98721,3,,2
inbound,98705,98729,98732,3,,4
update,98704,98729,98733,4,,3
update,98715,98740,98743,3,,5
update,98726,98751,98754,3,,6
update,98737,98762,98765,3,,7
update,98748,98773,98776,3,,8
update,98759,98783,98787,4,,9
inbound,98760,98785,98787,2,,10
update,98770,98795,98798,3,,11
update,98781,98806,98810,4,,12
update,98792,98817,98821,4,,13
update,98803,98828,98832,4,,14
inbound,98815,98840,98843,3,,0
update,98814,98839,98847,8,,15
update,98825,98850,98854,4,,1
update,98836,98861,98864,3,,2
update,98847,98872,98878,6,,3
update,98858,98883,98887,4,,4
update,98869,98894,98898,4,,5
update,98880,98905,98911,6,,6
update,98891,98916,98922,6,,7
update,98902,98927,98932,5,,8
update,98913,98938,98942,4,,9
update,98924,98949,98952,3,,10
inbound,99000,99024,99028,4,,12
update,99000,99024,99030,6,,11
update,99011,99036,99039,3,,13
update,99022,99047,99050,3,,14
inbound,99025,99050,99053,3,,15
update,99033,99058,99060,2,,0
update,99044,99068,99071,3,,1
update,99055,99080,99084,4,,2
update,99066,99090,99094,4,,3
update,99077,99102,99105,3,,4
update,99088,99113,99116,3,,5
update,99099,99124,99127,3,,6
inbound,99100,99125,99128,3,,7
update,99110,99134,99137,3,,8
update,99121,99146,99149,3,,9
update,99132,99157,99159,2,,10
update,99143,99168,99172,4,,11
update,99154,99179,99183,4,,12
inbound,99155,99179,99183,4,,13
update,99165,99190,99193,3,,14
update,99176,99200,99203,3,,15
update,99187,99212,99215,3,,0
update,99198,99223,99227,4,,1
inbound,99200,99225,99228,3,,2
update,99209,99234,99237,3,,3
inbound,99210,99235,99238,3,,4
update,99220,99245,99248,3,,5
inbound,99225,99250,99253,3,,6
update,99231,99256,99258,2,,7
update,99242,99267,99270,3,,8
update,99253,99278,99281,3,,9
update,99264,99289,99292,3,,10
inbound,99265,99290,99294,4,,11
update,99275,99300,99303,3,,12
update,99286,99311,99314,3,,13
update,99297,99322,99325,3,,14
update,99308,99333,99336,3,,15
update,99319,99344,99347,3,,0
inbound,99320,99345,99349,4,,1
update,99330,99354,99357,3,,2
update,99341,99366,99369,3,,3
update,99352,99376,99379,3,,4
update,99363,99388,99392,4,,5
update,99374,99399,99402,3,,6
inbound,99375,99400,99403,3,,7
update,99385,99409,99413,4,,8
update,99396,99421,99424,3,,9
inbound,99400,99425,99427,2,,10
update,99407,99432,99435,3,,11
update,99418,99443,99446,3,,12
inbound,99425,99450,99453,3,,13
update,99429,99453,99456,3,,14
inbound,99430,99455,99458,3,,15
update,99440,99464,99467,3,,0
update,99451,99475,99479,4,,1
update,99462,99487,99490,3,,2
update,99473,99498,99500,2,,3
update,99484,99509,99512,3,,4
inbound,99485,99509,99513,4,,5
update,99495,99519,99522,3,,6
update,99506,99531,99535,4,,7
update,99517,99542,99545,3,,8
update,99528,99553,99560,7,,9
update,99539,99564,99567,3,,10
inbound,99540,99565,99570,5,,11
update,99550,99575,99578,3,,12
update,99561,99585,99589,4,,13
update,99572,99597,99600,3,,14
update,99583,99608,99610,2,,15
update,99594,99619,99622,3,,0
inbound,99595,99620,99623,3,,1
update,99605,99630,99632,2,,2
update,99616,99641,99644,3,,3
update,99627,99651,99655,4,,4
update,99638,99663,99668,5,,5
update,99649,99674,99676,2,,6
inbound,99650,99676,99679,3,,7
update,99660,99685,99687,2,,8
update,99671,99696,99699,3,,9
update,99682,99707,99710,3,,10
update,99693,99718,99720,2,,11
inbound,99705,99730,99732,2,,13
update,99704,99729,99733,4,,12
update,99715,99740,99743,3,,14
update,99726,99751,99754,3,,15
update,99737,99762,99764,2,,0
update,99748,99773,99775,2,,1
inbound,99760,99784,99787,3,,3
update,99759,99784,99788,4,,2
update,99770,99794,99797,3,,4
update,99781,99806,99809,3,,5
update,99792,99817,99820,3,,6
update,99803,99828,99831,3,,7
inbound,99815,99840,99842,2,,9
update,99814,99839,99843,4,,8
update,99825,99849,99853,4,,10
update,99836,99861,99864,3,,11
update,99847,99872,99875,3,,12
update,99858,99883,99886,3,,13
update,99869,99894,99896,2,,14
update,99880,99905,99909,4,,15
update,99891,99916,99921,5,,0
update,99902,99927,99931,4,,1
update,99913,99938,99941,3,,2
update,99924,99949,99952,3,,3
update,100000,100025,100029,4,,4
inbound,100000,100025,100030,5,,5
update,100011,100037,100040,3,,6
update,100022,100048,100052,4,,7
inbound,100025,100051,100054,3,,8
update,100033,100059,100062,3,,9
update,100044,100070,100073,3,,10
update,100055,100081,100084,3,,11
update,100066,100092,100095,3,,12
update,100077,100103,100106,3,,13
update,100088,100113,100117,4,,14
update,100099,100125,100129,4,,15
inbound,100100,100126,100131,5,,0
update,100110,100136,100141,5,,1
update,100121,100147,100150,3,,2
update,100132,100158,100161,3,,3
update,100143,100169,100172,3,,4
update,100154,100180,100183,3,,5
inbound,100155,100180,100185,5,,6
update,100165,100191,100194,3,,7
update,100176,100202,100205,3,,8
update,100187,100213,100216,3,,9
update,100198,100224,100228,4,,10
inbound,100200,100226,100230,4,,11
update,100209,100235,100239,4,,12
inbound,100210,100236,100241,5,,13
update,100220,100246,100252,6,,14
inbound,100225,100251,100254,3,,15
update,100231,100256,100261,5,,0
update,100242,100268,100270,2,,1
update,100253,100279,100281,2,,2
update,100264,100290,100293,3,,3
inbound,100265,100291,100294,3,,4
update,100275,100301,100306,5,,5
update,100286,100311,100315,4,,6
update,100297,100323,100326,3,,7
update,100308,100334,100338,4,,8
update,100319,100345,100348,3,,9
inbound,100320,100346,100349,3,,10
update,100330,100356,100359,3,,11
update,100341,100367,100371,4,,12
update,100352,100378,100381,3,,13
update,100363,100389,100392,3,,14
update,100374,100400,100403,3,,15
inbound,100375,100401,100405,4,,0
update,100385,100410,100413,3,,1
update,100396,100421,100424,3,,2
inbound,100400,100426,100432,6,,3
update,100407,100433,100435,2,,4
update,100418,100444,100447,3,,5
inbound,100425,100450,100453,3,,6
update,100429,100454,100458,4,,7
inbound,100430,100456,100459,3,,8
update,100440,100465,100469,4,,9
update,100451,100477,100480,3,,10
update,100462,100488,100491,3,,11
update,100473,100498,100501,3,,12
update,100484,100510,100514,4,,13
inbound,100485,100511,100515,4,,14
update,100495,100521,100523,2,,15
update,100506,100532,100535,3,,0
update,100517,100542,100546,4,,1
update,100528,100554,100557,3,,2
update,100539,100565,100568,3,,3
inbound,100540,100566,100572,6,,4
update,100550,100576,100579,3,,5
update,100561,100587,100590,3,,6
update,100572,100598,100601,3,,7
update,100583,100609,100612,3,,8
update,100594,100620,100623,3,,9
inbound,100595,100621,100625,4,,10
update,100605,100631,100633,2,,11
update,100616,100642,100645,3,,12
update,100627,100653,100656,3,,13
update,100638,100664,100667,3,,14
update,100649,100675,100678,3,,15
inbound,100650,100676,100679,3,,0
update,100660,100685,100688,3,,1
update,100671,100696,100699,3,,2
update,100682,100708,100711,3,,3
update,100693,100718,100721,3,,4
inbound,100705,100730,100734,4,,6
update,100704,100730,100734,4,,5
update,100715,100741,100745,4,,7
update,100726,100752,100754,2,,8
update,100737,100762,100765,3,,9
update,100748,100773,100776,3,,10
update,100759,100785,100788,3,,11
inbound,100760,100786,100789,3,,12
update,100770,100796,100799,3,,13
update,100781,100807,100810,3,,14
update,100792,100818,100821,3,,15
update,100803,100829,100832,3,,0
update,100814,100840,100843,3,,1
inbound,100815,100841,100843,2,,2
update,100825,100851,100853,2,,3
update,100836,100862,100865,3,,4
update,100847,100873,100876,3,,5
update,100858,100884,100887,3,,6
update,100869,100894,100897,3,,7
update,100880,100905,100908,3,,8
update,100891,100917,100920,3,,9
update,100902,100928,100931,3,,10
update,100913,100939,100941,2,,11
update,100924,100950,100955,5,,12
update,101000,101026,101029,3,,13
inbound,101000,101027,101030,3,,14
update,101011,101037,101040,3,,15
update,101022,101048,101050,2,,0
inbound,101025,101052,101054,2,,1
update,101033,101059,101062,3,,2
update,101044,101070,101073,3,,3
update,101055,101081,101083,2,,4
update,101066,101092,101094,2,,5
update,101077,101103,101105,2,,6
update,101088,101113,101116,3,,7
update,101099,101125,101128,3,,8
inbound,101100,101126,101129,3,,9
update,101110,101136,101138,2,,10
update,101121,101147,101150,3,,11
update,101132,101158,101161,3,,12
update,101143,101169,101172,3,,13
update,101154,101180,101183,3,,14
inbound,101155,101182,101185,3,,15
update,101165,101191,101193,2,,0
update,101176,101202,101204,2,,1
update,101187,101213,101216,3,,2
update,101198,101224,101227,3,,3
inbound,101200,101227,101229,2,,4
update,101209,101235,101238,3,,5
inbound,101210,101237,101240,3,,6
update,101220,101246,101248,2,,7
inbound,101225,101252,101254,2,,8
update,101231,101256,101259,3,,9
update,101242,101268,101271,3,,10
update,101253,101279,101282,3,,11
update,101264,101290,101292,2,,12
inbound,101265,101292,101294,2,,13
update,101275,101301,101303,2,,14
update,101286,101312,101315,3,,15
update,101297,101323,101326,3,,0
update,101308,101334,101337,3,,1
update,101319,101345,101350,5,,2
inbound,101320,101347,101350,3,,3
update,101330,101355,101358,3,,4
update,101341,101367,101370,3,,5
update,101352,101378,101381,3,,6
update,101363,101389,101391,2,,7
update,101374,101400,101404,4,,8
inbound,101375,101402,101406,4,,9
update,101385,101411,101420,9,,10
update,101396,101422,101427,5,,11
inbound,101400,101427,101432,5,,12
update,101407,101432,101435,3,,13
update,101418,101443,101446,3,,14
inbound,101425,101451,101454,3,,15
update,101429,101454,101457,3,,0
inbound,101430,101457,101459,2,,1
update,101440,101465,101468,3,,2
update,101451,101477,101479,2,,3
update,101462,101488,101490,2,,4
update,101473,101498,101501,3,,5
update,101484,101509,101512,3,,6
inbound,101485,101512,101514,2,,7
update,101495,101521,101523,2,,8
update,101506,101531,101534,3,,9
update,101517,101543,101546,3,,10
update,101528,101554,101557,3,,11
update,101539,101565,101572,7,,12
inbound,101540,101566,101573,7,,13
update,101550,101576,101579,3,,14
update,101561,101587,101589,2,,15
update,101572,101598,101601,3,,0
update,101583,101609,101611,2,,1
update,101594,101620,101622,2,,2
inbound,101595,101622,101625,3,,3
update,101605,101631,101634,3,,4
update,101616,101642,101645,3,,5
update,101627,101653,101656,3,,6
update,101638,101664,101667,3,,7
update,101649,101675,101678,3,,8
inbound,101650,101677,101680,3,,9
update,101660,101686,101688,2,,10
update,101671,101696,101699,3,,11
update,101682,101708,101710,2,,12
update,101693,101719,101721,2,,13
update,101704,101730,101732,2,,14
inbound,101705,101732,101734,2,,15
update,101715,101741,101743,2,,0
update,101726,101752,101755,3,,1
update,101737,101763,101766,3,,2
update,101748,101774,101777,3,,3
update,101759,101785,101788,3,,4
inbound,101760,101786,101788,2,,5
update,101770,101796,101799,3,,6
update,101781,101807,101809,2,,7
update,101792,101817,101820,3,,8
update,101803,101829,101832,3,,9
update,101814,101840,101843,3,,10
inbound,101815,101842,101844,2,,11
update,101825,101851,101854,3,,12
update,101836,101862,101864,2,,13
update,101847,101874,101876,2,,14
update,101858,101885,101888,3,,15
update,101869,101896,101899,3,,0
update,101880,101907,101910,3,,1
update,101891,101918,101920,2,,2
update,101902,101929,101931,2,,3
update,101913,101939,101942,3,,4
update,101924,101951,101954,3,,5
update,102000,102027,102030,3,,6
inbound,102000,102027,102030,3,,7
update,102011,102038,102041,3,,8
update,102022,102048,102051,3,,9
inbound,102025,102051,102054,3,,10
update,102033,102059,102062,3,,11
update,102044,102071,102074,3,,12
update,102055,102082,102084,2,,13
update,102066,102093,102096,3,,14
update,102077,102104,102107,3,,15
update,102088,102115,102118,3,,0
update,102099,102126,102129,3,,1
inbound,102100,102127,102131,4,,2
update,102110,102137,102140,3,,3
update,102121,102148,102151,3,,4
update,102132,102159,102161,2,,5
update,102143,102169,102172,3,,6
inbound,102155,102181,102184,3,,8
update,102154,102181,102185,4,,7
update,102165,102192,102195,3,,9
update,102176,102202,102205,3,,10
update,102187,102214,102217,3,,11
update,102198,102224,102227,3,,12
inbound,102200,102226,102229,3,,13
update,102209,102236,102241,5,,14
inbound,102210,102237,102242,5,,15
update,102220,102247,102250,3,,0
inbound,102225,102252,102255,3,,1
update,102231,102258,102261,3,,2
update,102242,102268,102271,3,,3
update,102253,102280,102283,3,,4
update,102264,102291,102294,3,,5
inbound,102265,102292,102296,4,,6
update,102275,102302,102305,3,,7
update,102286,102313,102315,2,,8
update,102297,102324,102327,3,,9
update,102308,102335,102338,3,,10
update,102319,102346,102350,4,,11
inbound,102320,102347,102350,3,,12
update,102330,102357,102360,3,,13
update,102341,102368,102371,3,,14
update,102352,102379,102383,4,,15
update,102363,102390,102393,3,,0
update,102374,102400,102403,3,,1
inbound,102375,102402,102405,3,,2
update,102385,102412,102415,3,,3
update,102396,102423,102426,3,,4
inbound,102400,102427,102432,5,,5
update,102407,102434,102437,3,,6
update,102418,102445,102448,3,,7
inbound,102425,102451,102454,3,,8
update,102429,102456,102461,5,,9
inbound,102430,102456,102461,5,,10
update,102440,102467,102470,3,,11
update,102451,102478,102480,2,,12
update,102462,102489,102492,3,,13
update,102473,102500,102503,3,,14
update,102484,102511,102514,3,,15
inbound,102485,102512,102515,3,,0
update,102495,102522,102526,4,,1
update,102506,102533,102535,2,,2
update,102517,102544,102547,3,,3
update,102528,102555,102557,2,,4
inbound,102540,102566,102577,11,,6
update,102539,102566,102577,11,,5
update,102550,102577,102582,5,,7
update,102561,102587,102591,4,,8
update,102572,102599,102602,3,,9
update,102583,102610,102612,2,,10
update,102594,102621,102624,3,,11
inbound,102595,102622,102626,4,,12
update,102605,102632,102635,3,,13
update,102616,102643,102646,3,,14
update,102627,102653,102656,3,,15
update,102638,102664,102667,3,,0
update,102649,102675,102679,4,,1
inbound,102650,102677,102681,4,,2
update,102660,102687,102702,15,,3
update,102671,102697,102702,5,,4
update,102682,102709,102712,3,,5
update,102693,102719,102722,3,,6
update,102704,102731,102736,5,,7
inbound,102705,102732,102736,4,,8
update,102715,102742,102745,3,,9
update,102726,102752,102756,4,,10
update,102737,102764,102768,4,,11
update,102748,102774,102777,3,,12
inbound,102760,102787,102789,2,,14
update,102759,102785,102789,4,,13
update,102770,102797,102800,3,,15
update,102781,102808,102814,6,,0
update,102792,102819,102822,3,,1
update,102803,102830,102833,3,,2
update,102814,102841,102844,3,,3
inbound,102815,102842,102844,2,,4
update,102825,102852,102854,2,,5
update,102836,102863,102866,3,,6
update,102847,102874,102877,3,,7
update,102858,102884,102889,5,,8
update,102869,102896,102901,5,,9
update,102880,102907,102910,3,,10
update,102891,102917,102921,4,,11
update,102902,102928,102931,3,,12
update,102913,102940,102943,3,,13
update,102924,102951,102954,3,,14
update,103000,103027,103031,4,,15
inbound,103000,103027,103031,4,,0
update,103011,103037,103040,3,,1
update,103022,103048,103051,3,,2
inbound,103025,103052,103055,3,,3
update,103033,103060,103063,3,,4
update,103044,103071,103074,3,,5
update,103055,103082,103085,3,,6
update,103066,103093,103096,3,,7
update,103077,103104,103107,3,,8
update,103088,103115,103118,3,,9
inbound,103100,103126,103130,4,,11
update,103099,103126,103131,5,,10
update,103110,103137,103140,3,,12
update,103121,103148,103151,3,,13
update,103132,103159,103162,3,,14
update,103143,103170,103173,3,,15
update,103154,103181,103184,3,,0
inbound,103155,103182,103185,3,,1
update,103165,103192,103196,4,,2
update,103176,103203,103205,2,,3
update,103187,103214,103216,2,,4
update,103198,103225,103228,3,,5
inbound,103200,103226,103230,4,,6
update,103209,103236,103239,3,,7
inbound,103210,103236,103240,4,,8
update,103220,103246,103250,4,,9
inbound,103225,103252,103255,3,,10
update,103231,103258,103261,3,,11
update,103242,103268,103272,4,,12
update,103253,103280,103283,3,,13
update,103264,103291,103294,3,,14
inbound,103265,103292,103295,3,,15
update,103275,103302,103305,3,,0
update,103286,103313,103316,3,,1
update,103297,103323,103327,4,,2
update,103308,103335,103338,3,,3
update,103319,103346,103351,5,,4
inbound,103320,103347,103352,5,,5
update,103330,103357,103361,4,,6
update,103341,103368,103372,4,,7
update,103352,103380,103386,6,,8
update,103363,103390,103392,2,,9
update,103374,103401,103405,4,,10
inbound,103375,103401,103405,4,,11
update,103385,103412,103414,2,,12
update,103396,103422,103425,3,,13
inbound,103400,103427,103430,3,,14
update,103407,103434,103439,5,,15
update,103418,103445,103448,3,,0
inbound,103425,103452,103455,3,,1
update,103429,103456,103459,3,,2
inbound,103430,103457,103460,3,,3
update,103440,103467,103471,4,,4
update,103451,103477,103480,3,,5
update,103462,103489,103492,3,,6
update,103473,103500,103504,4,,7
inbound,103485,103512,103515,3,,9
update,103484,103511,103515,4,,8
update,103495,103522,103528,6,,10
update,103506,103533,103538,5,,11
update,103517,103544,103547,3,,12
update,103528,103555,103558,3,,13
update,103539,103566,103569,3,,14
inbound,103540,103568,103573,5,,15
update,103550,103576,103581,5,,0
update,103561,103588,103591,3,,1
update,103572,103599,103602,3,,2
update,103583,103610,103613,3,,3
update,103594,103620,103624,4,,4
inbound,103595,103622,103626,4,,5
update,103605,103632,103635,3,,6
update,103616,103643,103646,3,,7
update,103627,103654,103657,3,,8
update,103638,103665,103670,5,,9
inbound,103650,103677,103680,3,,11
update,103649,103676,103682,6,,10
update,103660,103687,103691,4,,12
update,103671,103698,103701,3,,13
update,103682,103708,103711,3,,14
update,103693,103720,103723,3,,15
inbound,103705,103731,103735,4,,1
update,103704,103731,103735,4,,0
update,103715,103742,103746,4,,2
update,103726,103752,103755,3,,3
update,103737,103763,103767,4,,4
update,103748,103774,103778,4,,5
update,103759,103786,103789,3,,6
inbound,103760,103787,103790,3,,7
update,103770,103797,103801,4,,8
update,103781,103807,103811,4,,9
update,103792,103818,103821,3,,10
update,103803,103830,103833,3,,11
inbound,103815,103842,103844,2,,13
update,103814,103841,103844,3,,12
update,103825,103851,103855,4,,14
update,103836,103863,103866,3,,15
update,103847,103873,103876,3,,0
update,103858,103885,103889,4,,1
update,103869,103896,103899,3,,2
update,103880,103907,103911,4,,3
update,103891,103918,103921,3,,4
update,103902,103929,103932,3,,5
update,103913,103940,103943,3,,6
update,103924,103951,103954,3,,7
update,104000,104027,104030,3,,8
inbound,104000,104034,104037,3,,9
update,104011,104038,104042,4,,10
update,104022,104049,104052,3,,11
inbound,104025,104059,104062,3,,12
update,104033,104059,104062,3,,13
update,104044,104071,104074,3,,14
update,104055,104082,104085,3,,15
update,104066,104093,104097,4,,0
update,104077,104104,104107,3,,1
update,104088,104114,104117,3,,2
update,104099,104125,104128,3,,3
inbound,104100,104134,104138,4,,4
update,104110,104137,104141,4,,5
update,104121,104148,104151,3,,6
update,104132,104159,104162,3,,7
update,104143,104170,104175,5,,8
update,104154,104181,104184,3,,9
inbound,104155,104189,104193,4,,10
update,104165,104192,104195,3,,11
update,104176,104203,104206,3,,12
update,104187,104214,104217,3,,13
update,104198,104225,104228,3,,14
inbound,104200,104234,104237,3,,15
update,104209,104236,104239,3,,0
inbound,104210,104243,104246,3,,1
update,104220,104247,104250,3,,2
update,104231,104258,104262,4,,3
inbound,104225,104259,104263,4,,4
update,104242,104269,104273,4,,5
update,104253,104280,104283,3,,6
update,104264,104291,104295,4,,7
inbound,104265,104299,104302,3,,8
update,104275,104302,104306,4,,9
update,104286,104313,104316,3,,10
update,104297,104324,104327,3,,11
update,104308,104335,104338,3,,12
update,104319,104346,104349,3,,13
inbound,104320,104354,104357,3,,14
update,104330,104357,104359,2,,15
update,104341,104368,104371,3,,0
update,104352,104378,104381,3,,1
update,104363,104389,104392,3,,2
update,104374,104400,104403,3,,3
inbound,104375,104409,104411,2,,4
update,104385,104412,104415,3,,5
update,104396,104422,104425,3,,6
inbound,104400,104433,104436,3,,8
update,104407,104433,104437,4,,7
update,104418,104444,104448,4,,9
update,104429,104455,104459,4,,10
inbound,104425,104459,104462,3,,11
inbound,104430,104464,104468,4,,12
update,104440,104466,104470,4,,13
update,104451,104478,104482,4,,14
update,104462,104489,104491,2,,15
update,104473,104500,104502,2,,0
update,104484,104511,104515,4,,1
inbound,104485,104519,104523,4,,2
update,104495,104521,104525,4,,3
update,104506,104533,104536,3,,4
update,104517,104544,104548,4,,5
update,104528,104555,104561,6,,6
update,104539,104566,104570,4,,7
inbound,104540,104573,104583,10,,8
update,104550,104578,104585,7,,9
update,104561,104588,104595,7,,10
update,104572,104599,104603,4,,11
update,104583,104609,104613,4,,12
update,104594,104621,104625,4,,13
inbound,104595,104629,104632,3,,14
update,104605,104632,104636,4,,15
update,104616,104649,104652,3,,0
update,104627,104661,104663,2,,1
update,104638,104672,104675,3,,2
inbound,104650,104683,104686,3,,4
update,104649,104683,104686,3,,3
update,104660,104693,104696,3,,5
update,104671,104705,104708,3,,6
update,104682,104716,104719,3,,7
update,104693,104727,104730,3,,8
update,104704,104738,104742,4,,9
inbound,104705,104738,104742,4,,10
update,104715,104749,104752,3,,11
update,104726,104760,104763,3,,12
update,104737,104771,104774,3,,13
update,104748,104781,104785,4,,14
inbound,104760,104793,104796,3,,0
update,104759,104793,104796,3,,15
update,104770,104804,104807,3,,1
update,104781,104814,104817,3,,2
update,104792,104826,104829,3,,3
update,104803,104837,104840,3,,4
update,104814,104848,104852,4,,5
inbound,104815,104849,104852,3,,6
update,104825,104859,104862,3,,7
update,104836,104870,104873,3,,8
update,104847,104880,104883,3,,9
update,104858,104891,104895,4,,10
update,104869,104903,104906,3,,11
update,104880,104913,104916,3,,12
update,104891,104925,104927,2,,13
update,104902,104935,104938,3,,14
update,104913,104946,104950,4,,15
update,104924,104958,104962,4,,0
update,105000,105034,105037,3,,1
inbound,105000,105034,105037,3,,2
update,105011,105044,105047,3,,3
update,105022,105056,105059,3,,4
inbound,105025,105059,105061,2,,5
update,105033,105067,105076,9,,6
update,105044,105078,105081,3,,7
update,105055,105088,105090,2,,8
update,105066,105099,105102,3,,9
update,105077,105110,105113,3,,10
update,105088,105121,105124,3,,11
update,105099,105133,105136,3,,12
inbound,105100,105134,105137,3,,13
update,105110,105144,105147,3,,14
update,105121,105155,105158,3,,15
update,105132,105166,105168,2,,0
update,105143,105177,105179,2,,1
update,105154,105188,105191,3,,2
inbound,105155,105189,105192,3,,3
update,105165,105198,105201,3,,4
update,105176,105210,105213,3,,5
update,105187,105220,105223,3,,6
update,105198,105232,105235,3,,7
inbound,105200,105234,105237,3,,8
update,105209,105243,105246,3,,9
inbound,105210,105243,105246,3,,10
update,105220,105254,105257,3,,11
inbound,105225,105259,105262,3,,12
update,105231,105265,105268,3,,13
update,105242,105276,105279,3,,14
update,105253,105286,105289,3,,15
update,105264,105298,105300,2,,0
inbound,105265,105298,105300,2,,1
update,105275,105309,105311,2,,2
update,105286,105319,105339,20,,3
update,105297,105331,105340,9,,4
update,105308,105342,105344,2,,5
inbound,105320,105353,105355,2,,7
update,105319,105353,105355,2,,6
update,105330,105364,105366,2,,8
update,105341,105375,105378,3,,9
update,105352,105386,105389,3,,10
update,105363,105397,105399,2,,11
inbound,105375,105408,105410,2,,13
update,105374,105408,105411,3,,12
update,105385,105419,105422,3,,14
update,105396,105430,105432,2,,15
inbound,105400,105434,105436,2,,0
update,105407,105440,105443,3,,1
update,105418,105452,105455,3,,2
inbound,105425,105459,105462,3,,3
inbound,105430,105463,105466,3,,5
update,105429,105463,105466,3,,4
update,105440,105473,105477,4,,6
update,105451,105485,105489,4,,7
update,105462,105496,105499,3,,8
update,105473,105507,105511,4,,9
update,105484,105517,105520,3,,10
inbound,105485,105519,105523,4,,11
update,105495,105529,105531,2,,12
update,105506,105540,105543,3,,13
update,105517,105551,105554,3,,14
update,105528,105562,105565,3,,15
update,105539,105573,105578,5,,0
inbound,105540,105574,105578,4,,1
update,105550,105584,105587,3,,2
update,105561,105595,105598,3,,3
update,105572,105606,105609,3,,4
update,105583,105617,105620,3,,5
update,105594,105627,105631,4,,6
inbound,105595,105629,105631,2,,7
update,105605,105639,105641,2,,8
update,105616,105649,105652,3,,9
update,105627,105661,105664,3,,10
update,105638,105672,105674,2,,11
update,105649,105683,105686,3,,12
inbound,105650,105683,105687,4,,13
update,105660,105694,105697,3,,14
update,105671,105705,105708,3,,15
update,105682,105716,105719,3,,0
update,105693,105727,105730,3,,1
update,105704,105738,105741,3,,2
inbound,105705,105738,105741,3,,3
update,105715,105749,105752,3,,4
update,105726,105760,105763,3,,5
update,105737,105771,105773,2,,6
update,105748,105782,105784,2,,7
inbound,105760,105793,105795,2,,9
update,105759,105793,105796,3,,8
update,105770,105804,105806,2,,10
update,105781,105815,105818,3,,11
update,105792,105826,105829,3,,12
update,105803,105837,105840,3,,13
inbound,105815,105848,105850,2,,15
update,105814,105848,105851,3,,14
update,105825,105859,105862,3,,0
update,105836,105869,105872,3,,1
update,105847,105881,105884,3,,2
update,105858,105892,105894,2,,3
update,105869,105902,105905,3,,4
update,105880,105914,105917,3,,5
update,105891,105925,105927,2,,6
update,105902,105936,105939,3,,7
update,105913,105947,105950,3,,8
update,105924,105958,105960,2,,9
update,106000,106034,106037,3,,10
inbound,106000,106034,106038,4,,11
update,106011,106045,106048,3,,12
update,106022,106055,106058,3,,13
inbound,106025,106058,106061,3,,14
update,106033,106067,106070,3,,15
update,106044,106078,106081,3,,0
update,106055,106088,106091,3,,1
update,106066,106100,106103,3,,2
update,106077,106111,106114,3,,3
update,106088,106122,106125,3,,4
inbound,106100,106133,106137,4,,6
update,106099,106133,106137,4,,5
update,106110,106144,106147,3,,7
update,106121,106155,106157,2,,8
update,106132,106166,106168,2,,9
update,106143,106176,106179,3,,10
update,106154,106187,106191,4,,11
inbound,106155,106189,106192,3,,12
update,106165,106199,106202,3,,13
update,106176,106209,106212,3,,14
update,106187,106221,106225,4,,15
update,106198,106232,106235,3,,0
inbound,106200,106234,106237,3,,1
update,106209,106243,106247,4,,2
inbound,106210,106244,106247,3,,3
update,106220,106254,106257,3,,4
inbound,106225,106259,106262,3,,5
update,106231,106265,106268,3,,6
update,106242,106276,106278,2,,7
update,106253,106287,106290,3,,8
update,106264,106298,106301,3,,9
inbound,106265,106299,106302,3,,10
update,106275,106308,106311,3,,11
update,106286,106320,106323,3,,12
update,106297,106331,106334,3,,13
update,106308,106342,106345,3,,14
update,106319,106353,106356,3,,15
inbound,106320,106354,106357,3,,0
update,106330,106364,106366,2,,1
update,106341,106375,106378,3,,2
update,106352,106385,106388,3,,3
update,106363,106397,106399,2,,4
update,106374,106408,106411,3,,5
inbound,106375,106408,106412,4,,6
update,106385,106419,106422,3,,7
update,106396,106430,106433,3,,8
inbound,106400,106434,106437,3,,9
update,106407,106441,106444,3,,10
update,106418,106452,106455,3,,11
inbound,106425,106459,106462,3,,12
update,106429,106463,106466,3,,13
inbound,106430,106464,106468,4,,14
update,106440,106474,106477,3,,15
update,106451,106485,106488,3,,0
update,106462,106496,106499,3,,1
update,106473,106507,106510,3,,2
update,106484,106518,106521,3,,3
inbound,106485,106518,106522,4,,4
update,106495,106529,106531,2,,5
update,106506,106540,106542,2,,6
update,106517,106551,106554,3,,7
update,106528,106562,106564,2,,8
inbound,106540,106573,106577,4,,10
update,106539,106573,106577,4,,9
update,106550,106583,106587,4,,11
update,106561,106594,106601,7,,12
update,106572,106605,106609,4,,13
update,106583,106617,106620,3,,14
update,106594,106628,106631,3,,15
inbound,106595,106629,106633,4,,0
update,106605,106639,106642,3,,1
update,106616,106650,106653,3,,2
update,106627,106661,106664,3,,3
update,106638,106672,106675,3,,4
update,106649,106683,106687,4,,5
inbound,106650,106683,106687,4,,6
update,106660,106694,106696,2,,7
update,106671,106705,106708,3,,8
update,106682,106715,106718,3,,9
update,106693,106727,106729,2,,10
update,106704,106737,106741,4,,11
inbound,106705,106738,106742,4,,12
update,106715,106749,106752,3,,13
update,106726,106759,106762,3,,14
update,106737,106771,106774,3,,15
update,106748,106781,106785,4,,0
update,106759,106793,106796,3,,1
inbound,106760,106794,106796,2,,2
update,106770,106803,106806,3,,3
update,106781,106815,106818,3,,4
update,106792,106826,106829,3,,5
update,106803,106837,106839,2,,6
inbound,106815,106848,106851,3,,8
update,106814,106848,106851,3,,7
update,106825,106859,106862,3,,9
update,106836,106870,106873,3,,10
update,106847,106881,106884,3,,11
update,106858,106892,106895,3,,12
update,106869,106903,106905,2,,13
update,106880,106914,106917,3,,14
update,106891,106925,106928,3,,15
update,106902,106936,106938,2,,0
update,106913,106946,106949,3,,1
update,106924,106958,106961,3,,2
update,107000,107034,107036,2,,3
inbound,107000,107034,107038,4,,4
update,107011,107044,107048,4,,5
update,107022,107056,107059,3,,6
inbound,107025,107059,107062,3,,7
update,107033,107067,107070,3,,8
update,107044,107078,107081,3,,9
update,107055,107089,107092,3,,10
update,107066,107100,107102,2,,11
update,107077,107111,107113,2,,12
update,107088,107122,107127,5,,13
update,107099,107133,107136,3,,14
inbound,107100,107134,107138,4,,15
update,107110,107144,107147,3,,0
update,107121,107155,107158,3,,1
update,107132,107166,107169,3,,2
update,107143,107177,107180,3,,3
inbound,107155,107188,107191,3,,5
update,107154,107188,107192,4,,4
update,107165,107198,107201,3,,6
update,107176,107210,107212,2,,7
update,107187,107221,107224,3,,8
update,107198,107232,107234,2,,9
inbound,107200,107234,107237,3,,10
update,107209,107243,107246,3,,11
inbound,107210,107244,107248,4,,12
update,107220,107254,107257,3,,13
inbound,107225,107259,107262,3,,14
update,107231,107265,107268,3,,15
update,107242,107275,107278,3,,0
update,107253,107287,107290,3,,1
update,107264,107297,107300,3,,2
inbound,107265,107298,107302,4,,3
update,107275,107309,107311,2,,4
update,107286,107319,107322,3,,5
update,107297,107331,107334,3,,6
update,107308,107342,107344,2,,7
update,107319,107353,107356,3,,8
inbound,107320,107354,107357,3,,9
update,107330,107364,107367,3,,10
update,107341,107374,107377,3,,11
update,107352,107386,107388,2,,12
update,107363,107396,107399,3,,13
update,107374,107408,107411,3,,14
inbound,107375,107409,107412,3,,15
update,107385,107419,107423,4,,0
update,107396,107430,107433,3,,1
inbound,107400,107434,107436,2,,2
update,107407,107441,107444,3,,3
update,107418,107452,107455,3,,4
inbound,107425,107458,107461,3,,5
update,107429,107462,107466,4,,6
inbound,107430,107464,107467,3,,7
update,107440,107474,107477,3,,8
update,107451,107485,107488,3,,9
update,107462,107496,107499,3,,10
update,107473,107507,107510,3,,11
update,107484,107518,107521,3,,12
inbound,107485,107519,107523,4,,13
update,107495,107529,107531,2,,14
update,107506,107540,107543,3,,15
update,107517,107551,107554,3,,0
update,107528,107562,107565,3,,1
update,107539,107572,107576,4,,2
inbound,107540,107574,107578,4,,3
update,107550,107584,107591,7,,4
update,107561,107594,107598,4,,5
update,107572,107606,107609,3,,6
update,107583,107617,107620,3,,7
update,107594,107628,107633,5,,8
inbound,107595,107629,107633,4,,9
update,107605,107639,107642,3,,10
update,107616,107650,107652,2,,11
update,107627,107661,107664,3,,12
update,107638,107672,107675,3,,13
update,107649,107683,107686,3,,14
inbound,107650,107683,107687,4,,15
update,107660,107694,107697,3,,0
update,107671,107704,107707,3,,1
update,107682,107716,107719,3,,2
update,107693,107727,107729,2,,3
update,107704,107738,107742,4,,4
inbound,107705,107739,107743,4,,5
update,107715,107748,107751,3,,6
update,107726,107760,107763,3,,7
update,107737,107771,107774,3,,8
update,107748,107782,107785,3,,9
update,107759,107793,107796,3,,10
inbound,107760,107794,107797,3,,11
update,107770,107804,107809,5,,12
update,107781,107815,107819,4,,13
update,107792,107826,107829,3,,14
update,107803,107836,107841,5,,15
update,107814,107848,107852,4,,0
inbound,107815,107849,107854,5,,1
update,107825,107859,107863,4,,2
update,107836,107870,107876,6,,3
update,107847,107881,107884,3,,4
update,107858,107892,107895,3,,5
update,107869,107903,107911,8,,6
update,107880,107914,107921,7,,7
update,107891,107925,107930,5,,8
update,107902,107935,107938,3,,9
update,107913,107947,107950,3,,10
update,107924,107958,107961,3,,11
update,108000,108034,108037,3,,12
inbound,108000,108034,108037,3,,13
update,108011,108044,108047,3,,14
update,108022,108056,108059,3,,15
inbound,108025,108058,108061,3,,0
update,108033,108066,108069,3,,1
update,108044,108078,108081,3,,2
update,108055,108088,108091,3,,3
update,108066,108099,108103,4,,4
update,108077,108111,108114,3,,5
update,108088,108122,108125,3,,6
update,108099,108133,108137,4,,7
inbound,108100,108134,108139,5,,8
update,108110,108144,108147,3,,9
update,108121,108155,108157,2,,10
update,108132,108166,108169,3,,11
update,108143,108177,108179,2,,12
inbound,108155,108188,108190,2,,14
update,108154,108188,108191,3,,13
update,108165,108199,108201,2,,15
update,108176,108209,108213,4,,0
update,108187,108221,108224,3,,1
update,108198,108232,108234,2,,2
inbound,108200,108234,108237,3,,3
update,108209,108243,108246,3,,4
inbound,108210,108244,108248,4,,5
update,108220,108253,108256,3,,6
inbound,108225,108259,108262,3,,7
update,108231,108265,108268,3,,8
update,108242,108276,108279,3,,9
update,108253,108287,108289,2,,10
update,108264,108297,108300,3,,11
inbound,108265,108299,108301,2,,12
update,108275,108309,108311,2,,13
update,108286,108320,108323,3,,14
update,108297,108330,108334,4,,15
update,108308,108342,108345,3,,0
inbound,108320,108353,108356,3,,2
update,108319,108353,108357,4,,1
update,108330,108364,108369,5,,3
update,108341,108375,108377,2,,4
update,108352,108386,108389,3,,5
update,108363,108397,108400,3,,6
update,108374,108408,108412,4,,7
inbound,108375,108409,108413,4,,8
update,108385,108419,108421,2,,9
update,108396,108430,108432,2,,10
inbound,108400,108434,108436,2,,11
update,108407,108441,108444,3,,12
update,108418,108452,108454,2,,13
inbound,108425,108459,108462,3,,14
update,108429,108462,108466,4,,15
inbound,108430,108464,108467,3,,0
update,108440,108473,108477,4,,1
update,108451,108484,108487,3,,2
update,108462,108496,108499,3,,3
update,108473,108507,108509,2,,4
update,108484,108518,108521,3,,5
inbound,108485,108519,108523,4,,6
update,108495,108529,108531,2,,7
update,108506,108540,108542,2,,8
update,108517,108551,108555,4,,9
update,108528,108562,108565,3,,10
update,108539,108572,108576,4,,11
inbound,108540,108574,108578,4,,12
update,108550,108584,108587,3,,13
update,108561,108595,108598,3,,14
update,108572,108605,108610,5,,15
update,108583,108617,108620,3,,0
update,108594,108627,108631,4,,1
inbound,108595,108629,108632,3,,2
update,108605,108639,108641,2,,3
update,108616,108650,108653,3,,4
update,108627,108661,108664,3,,5
update,108638,108672,108674,2,,6
update,108649,108683,108686,3,,7
inbound,108650,108683,108686,3,,8
update,108660,108694,108697,3,,9
update,108671,108705,108707,2,,10
update,108682,108716,108718,2,,11
update,108693,108727,108730,3,,12
update,108704,108738,108741,3,,13
inbound,108705,108739,108742,3,,14
update,108715,108748,108751,3,,15
update,108726,108760,108762,2,,0
update,108737,108770,108773,3,,1
update,108748,108782,108785,3,,2
inbound,108760,108793,108796,3,,4
update,108759,108793,108797,4,,3
update,108770,108803,108806,3,,5
update,108781,108815,108818,3,,6
update,108792,108826,108829,3,,7
update,108803,108837,108840,3,,8
inbound,108815,108848,108850,2,,10
update,108814,108847,108851,4,,9
update,108825,108858,108861,3,,11
update,108836,108870,108873,3,,12
update,108847,108881,108884,3,,13
update,108858,108892,108895,3,,14
update,108869,108903,108906,3,,15
update,108880,108914,108917,3,,0
update,108891,108924,108927,3,,1
update,108902,108936,108939,3,,2
update,108913,108947,108950,3,,3
update,108924,108958,108961,3,,4
update,109000,109033,109037,4,,5
inbound,109000,109034,109040,6,,6
update,109011,109045,109048,3,,7
update,109022,109056,109058,2,,8
inbound,109025,109058,109061,3,,9
update,109033,109066,109069,3,,10
update,109044,109078,109081,3,,11
update,109055,109089,109091,2,,12
update,109066,109100,109102,2,,13
update,109077,109110,109113,3,,14
update,109088,109121,109124,3,,15
update,109099,109132,109136,4,,0
inbound,109100,109134,109138,4,,1
update,109110,109143,109146,3,,2
update,109121,109155,109158,3,,3
update,109132,109166,109168,2,,4
update,109143,109177,109179,2,,5
update,109154,109187,109192,5,,6
inbound,109155,109188,109195,7,,7
update,109165,109199,109201,2,,8
update,109176,109209,109212,3,,9
update,109187,109221,109223,2,,10
update,109198,109232,109234,2,,11
inbound,109200,109234,109236,2,,12
update,109209,109242,109246,4,,13
inbound,109210,109244,109246,2,,14
update,109220,109254,109256,2,,15
inbound,109225,109258,109261,3,,0
update,109231,109265,109267,2,,1
update,109242,109276,109278,2,,2
update,109253,109287,109290,3,,3
inbound,109265,109298,109301,3,,5
update,109264,109298,109301,3,,4
update,109275,109309,109312,3,,6
update,109286,109320,109322,2,,7
update,109297,109331,109333,2,,8
update,109308,109342,109345,3,,9
inbound,109320,109353,109356,3,,11
update,109319,109353,109356,3,,10
update,109330,109364,109367,3,,12
update,109341,109374,109377,3,,13
update,109352,109386,109388,2,,14
update,109363,109396,109399,3,,15
update,109374,109408,109411,3,,0
inbound,109375,109408,109412,4,,1
update,109385,109419,109422,3,,2
update,109396,109430,109433,3,,3
inbound,109400,109434,109436,2,,4
update,109407,109441,109443,2,,5
update,109418,109452,109455,3,,6
inbound,109425,109459,109462,3,,7
update,109429,109463,109466,3,,8
inbound,109430,109463,109467,4,,9
update,109440,109474,109477,3,,10
update,109451,109485,109487,2,,11
update,109462,109495,109498,3,,12
update,109473,109507,109510,3,,13
update,109484,109518,109521,3,,14
inbound,109485,109518,109521,3,,15
update,109495,109529,109531,2,,0
update,109506,109540,109543,3,,1
update,109517,109551,109554,3,,2
update,109528,109562,109565,3,,3
update,109539,109573,109576,3,,4
inbound,109540,109574,109577,3,,5
update,109550,109584,109586,2,,6
update,109561,109595,109598,3,,7
update,109572,109606,109609,3,,8
update,109583,109616,109621,5,,9
update,109594,109628,109631,3,,10
inbound,109595,109629,109632,3,,11
update,109605,109638,109641,3,,12
update,109616,109650,109653,3,,13
update,109627,109661,109663,2,,14
update,109638,109672,109675,3,,15
inbound,109650,109683,109687,4,,1
update,109649,109683,109687,4,,0
update,109660,109694,109696,2,,2
update,109671,109705,109707,2,,3
update,109682,109716,109719,3,,4
update,109693,109727,109729,2,,5
inbound,109705,109738,109740,2,,7
update,109704,109738,109740,2,,6
update,109715,109749,109751,2,,8
update,109726,109759,109763,4,,9
update,109737,109771,109774,3,,10
update,109748,109782,109785,3,,11
inbound,109760,109793,109795,2,,13
update,109759,109793,109796,3,,12
update,109770,109804,109808,4,,14
update,109781,109815,109817,2,,15
update,109792,109826,109828,2,,0
update,109803,109837,109840,3,,1
inbound,109815,109848,109850,2,,3
update,109814,109848,109851,3,,2
update,109825,109859,109861,2,,4
update,109836,109869,109874,5,,5
update,109847,109881,109884,3,,6
update,109858,109892,109894,2,,7
update,109869,109902,109905,3,,8
update,109880,109914,109917,3,,9
update,109891,109925,109927,2,,10
update,109902,109936,109938,2,,11
update,109913,109947,109950,3,,12
update,109924,109958,109961,3,,13
inbound,110000,110034,110037,3,,15
update,110000,110034,110037,3,,14
update,110011,110045,110048,3,,0
update,110022,110056,110058,2,,1
inbound,110025,110058,110062,4,,2
update,110033,110067,110070,3,,3
update,110044,110077,110080,3,,4
update,110055,110089,110092,3,,5
update,110066,110100,110103,3,,6
update,110077,110110,110113,3,,7
update,110088,110122,110124,2,,8
update,110099,110133,110136,3,,9
inbound,110100,110133,110137,4,,10
update,110110,110144,110147,3,,11
update,110121,110155,110158,3,,12
update,110132,110166,110168,2,,13
update,110143,110177,110179,2,,14
update,110154,110188,110192,4,,15
inbound,110155,110189,110193,4,,0
update,110165,110199,110202,3,,1
update,110176,110210,110212,2,,2
update,110187,110221,110225,4,,3
update,110198,110232,110234,2,,4
inbound,110200,110234,110237,3,,5
inbound,110210,110244,110247,3,,7
update,110209,110242,110247,5,,6
update,110220,110254,110257,3,,8
inbound,110225,110259,110262,3,,9
update,110231,110265,110268,3,,10
update,110242,110276,110279,3,,11
update,110253,110287,110291,4,,12
update,110264,110298,110301,3,,13
inbound,110265,110298,110303,5,,14
update,110275,110309,110311,2,,15
update,110286,110320,110323,3,,0
update,110297,110331,110334,3,,1
update,110308,110342,110344,2,,2
update,110319,110353,110357,4,,3
inbound,110320,110354,110358,4,,4
update,110330,110364,110367,3,,5
update,110341,110375,110377,2,,6
update,110352,110386,110389,3,,7
update,110363,110397,110400,3,,8
update,110374,110408,110411,3,,9
inbound,110375,110409,110414,5,,10
update,110385,110419,110422,3,,11
update,110396,110430,110433,3,,12
inbound,110400,110433,110436,3,,13
update,110407,110441,110444,3,,14
update,110418,110452,110454,2,,15
inbound,110425,110458,110461,3,,0
update,110429,110462,110466,4,,1
inbound,110430,110463,110466,3,,2
update,110440,110473,110476,3,,3
update,110451,110485,110488,3,,4
update,110462,110495,110499,4,,5
update,110473,110507,110510,3,,6
update,110484,110518,110522,4,,7
inbound,110485,110518,110523,5,,8
update,110495,110529,110532,3,,9
update,110506,110540,110543,3,,10
update,110517,110551,110554,3,,11
update,110528,110561,110564,3,,12
update,110539,110573,110577,4,,13
inbound,110540,110573,110577,4,,14
update,110550,110584,110588,4,,15
update,110561,110595,110597,2,,0
update,110572,110605,110609,4,,1
update,110583,110617,110621,4,,2
update,110594,110628,110633,5,,3
inbound,110595,110629,110636,7,,4
update,110605,110639,110642,3,,5
update,110616,110650,110653,3,,6
update,110627,110661,110664,3,,7
update,110638,110672,110675,3,,8
update,110649,110683,110688,5,,9
inbound,110650,110684,110688,4,,10
update,110660,110694,110696,2,,11
update,110671,110704,110708,4,,12
update,110682,110715,110718,3,,13
update,110693,110727,110730,3,,14
update,110704,110738,110742,4,,15
inbound,110705,110739,110743,4,,0
update,110715,110749,110752,3,,1
update,110726,110760,110763,3,,2
update,110737,110771,110774,3,,3
update,110748,110782,110787,5,,4
inbound,110760,110794,110797,3,,6
update,110759,110793,110798,5,,5
update,110770,110803,110806,3,,7
update,110781,110815,110817,2,,8
update,110792,110825,110828,3,,9
update,110803,110837,110840,3,,10
update,110814,110848,110851,3,,11
inbound,110815,110849,110852,3,,12
update,110825,110859,110862,3,,13
update,110836,110870,110873,3,,14
update,110847,110880,110883,3,,15
update,110858,110892,110895,3,,0
update,110869,110903,110906,3,,1
update,110880,110914,110917,3,,2
update,110891,110925,110928,3,,3
update,110902,110936,110939,3,,4
update,110913,110947,110950,3,,5
update,110924,110958,110960,2,,6
inbound,111000,111034,111038,4,,8
update,111000,111034,111038,4,,7
update,111011,111045,111047,2,,9
update,111022,111056,111059,3,,10
inbound,111025,111060,111063,3,,11
update,111033,111067,111071,4,,12
update,111044,111077,111081,4,,13
update,111055,111089,111093,4,,14
update,111066,111100,111103,3,,15
update,111077,111111,111114,3,,0
update,111088,111122,111125,3,,1
update,111099,111133,111138,5,,2
inbound,111100,111135,111138,3,,3
update,111110,111144,111147,3,,4
update,111121,111155,111159,4,,5
update,111132,111166,111169,3,,6
update,111143,111176,111179,3,,7
update,111154,111188,111192,4,,8
inbound,111155,111189,111193,4,,9
update,111165,111198,111202,4,,10
update,111176,111209,111212,3,,11
update,111187,111221,111225,4,,12
update,111198,111232,111234,2,,13
inbound,111200,111235,111237,2,,14
update,111209,111243,111246,3,,15
inbound,111210,111244,111248,4,,0
update,111220,111254,111257,3,,1
inbound,111225,111260,111263,3,,2
update,111231,111264,111267,3,,3
update,111242,111276,111279,3,,4
update,111253,111287,111290,3,,5
update,111264,111298,111302,4,,6
inbound,111265,111299,111303,4,,7
update,111275,111309,111312,3,,8
update,111286,111320,111323,3,,9
update,111297,111331,111334,3,,10
update,111308,111342,111346,4,,11
update,111319,111353,111356,3,,12
inbound,111320,111355,111359,4,,13
update,111330,111364,111367,3,,14
update,111341,111375,111378,3,,15
update,111352,111386,111389,3,,0
update,111363,111397,111399,2,,1
update,111374,111408,111413,5,,2
inbound,111375,111410,111413,3,,3
update,111385,111419,111421,2,,4
update,111396,111429,111432,3,,5
inbound,111400,111435,111438,3,,6
update,111407,111440,111444,4,,7
update,111418,111452,111456,4,,8
inbound,111425,111460,111464,4,,9
update,111429,111463,111469,6,,10
inbound,111430,111465,111471,6,,11
update,111440,111474,111477,3,,12
update,111451,111485,111488,3,,13
update,111462,111496,111499,3,,14
update,111473,111507,111510,3,,15
update,111484,111517,111520,3,,0
inbound,111485,111520,111523,3,,1
update,111495,111529,111532,3,,2
update,111506,111540,111545,5,,3
update,111517,111551,111554,3,,4
update,111528,111561,111564,3,,5
update,111539,111573,111576,3,,6
inbound,111540,111575,111578,3,,7
update,111550,111584,111587,3,,8
update,111561,111595,111598,3,,9
update,111572,111606,111609,3,,10
update,111583,111617,111624,7,,11
update,111594,111628,111631,3,,12
inbound,111595,111630,111635,5,,13
update,111605,111639,111642,3,,14
update,111616,111650,111652,2,,15
update,111627,111661,111664,3,,0
update,111638,111672,111675,3,,1
update,111649,111683,111686,3,,2
inbound,111650,111685,111689,4,,3
update,111660,111694,111696,2,,4
update,111671,111704,111707,3,,5
update,111682,111716,111719,3,,6
update,111693,111726,111729,3,,7
update,111704,111737,111740,3,,8
inbound,111705,111740,111743,3,,9
update,111715,111749,111751,2,,10
update,111726,111760,111762,2,,11
update,111737,111771,111775,4,,12
update,111748,111781,111785,4,,13
update,111759,111793,111796,3,,14
inbound,111760,111795,111797,2,,15
update,111770,111804,111807,3,,0
update,111781,111815,111818,3,,1
update,111792,111825,111828,3,,2
update,111803,111837,111840,3,,3
update,111814,111847,111850,3,,4
inbound,111815,111850,111852,2,,5
update,111825,111858,111861,3,,6
update,111836,111870,111873,3,,7
update,111847,111881,111883,2,,8
update,111858,111892,111895,3,,9
update,111869,111903,111905,2,,10
update,111880,111914,111917,3,,11
update,111891,111925,111928,3,,12
update,111902,111936,111939,3,,13
update,111913,111947,111950,3,,14
update,111924,111958,111961,3,,15
update,112000,112035,112038,3,,0
inbound,112000,112035,112038,3,,1
update,112011,112046,112049,3,,2
update,112022,112057,112059,2,,3
inbound,112025,112060,112062,2,,4
update,112033,112068,112071,3,,5
update,112044,112078,112081,3,,6
update,112055,112090,112093,3,,7
update,112066,112101,112104,3,,8
update,112077,112112,112115,3,,9
update,112088,112123,112125,2,,10
update,112099,112134,112138,4,,11
inbound,112100,112135,112138,3,,12
update,112110,112145,112149,4,,13
update,112121,112155,112158,3,,14
update,112132,112166,112170,4,,15
update,112143,112178,112181,3,,0
update,112154,112189,112193,4,,1
inbound,112155,112189,112193,4,,2
update,112165,112200,112203,3,,3
update,112176,112210,112213,3,,4
update,112187,112222,112225,3,,5
update,112198,112232,112235,3,,6
inbound,112200,112235,112238,3,,7
inbound,112210,112244,112247,3,,9
update,112209,112244,112247,3,,8
update,112220,112255,112258,3,,10
inbound,112225,112260,112263,3,,11
update,112231,112266,112269,3,,12
update,112242,112277,112279,2,,13
update,112253,112288,112291,3,,14
update,112264,112299,112313,14,,15
inbound,112265,112299,112313,14,,0
update,112275,112310,112314,4,,1
update,112286,112321,112324,3,,2
update,112297,112331,112334,3,,3
update,112308,112343,112346,3,,4
update,112319,112354,112357,3,,5
inbound,112320,112355,112358,3,,6
update,112330,112365,112368,3,,7
update,112341,112375,112378,3,,8
update,112352,112386,112389,3,,9
update,112363,112398,112401,3,,10
update,112374,112409,112412,3,,11
inbound,112375,112410,112413,3,,12
update,112385,112419,112441,22,,13
update,112396,112430,112441,11,,14
inbound,112400,112434,112441,7,,15
update,112407,112442,112445,3,,0
update,112418,112453,112455,2,,1
inbound,112425,112460,112462,2,,2
update,112429,112464,112467,3,,3
inbound,112430,112465,112469,4,,4
update,112440,112474,112477,3,,5
update,112451,112486,112488,2,,6
update,112462,112497,112500,3,,7
update,112473,112508,112510,2,,8
update,112484,112518,112521,3,,9
inbound,112485,112520,112523,3,,10
update,112495,112530,112532,2,,11
update,112506,112541,112544,3,,12
update,112517,112551,112554,3,,13
update,112528,112563,112566,3,,14
update,112539,112573,112577,4,,15
inbound,112540,112575,112578,3,,0
update,112550,112585,112588,3,,1
update,112561,112596,112599,3,,2
update,112572,112607,112611,4,,3
update,112583,112618,112621,3,,4
update,112594,112629,112636,7,,5
inbound,112595,112629,112636,7,,6
update,112605,112639,112643,4,,7
update,112616,112651,112653,2,,8
update,112627,112662,112665,3,,9
update,112638,112672,112677,5,,10
update,112649,112684,112687,3,,11
inbound,112650,112685,112688,3,,12
update,112660,112695,112698,3,,13
update,112671,112706,112709,3,,14
update,112682,112717,112721,4,,15
update,112693,112728,112732,4,,0
update,112704,112739,112742,3,,1
inbound,112705,112740,112743,3,,2
update,112715,112750,112753,3,,3
update,112726,112760,112764,4,,4
update,112737,112772,112775,3,,5
update,112748,112783,112786,3,,6
update,112759,112794,112797,3,,7
inbound,112760,112795,112797,2,,8
update,112770,112805,112808,3,,9
update,112781,112816,112819,3,,10
update,112792,112827,112830,3,,11
update,112803,112838,112841,3,,12
inbound,112815,112850,112852,2,,14
update,112814,112849,112853,4,,13
update,112825,112859,112862,3,,15
update,112836,112871,112877,6,,0
update,112847,112881,112885,4,,1
update,112858,112893,112896,3,,2
update,112869,112903,112906,3,,3
update,112880,112914,112917,3,,4
update,112891,112926,112931,5,,5
update,112902,112937,112941,4,,6
update,112913,112948,112951,3,,7
update,112924,112959,112962,3,,8
inbound,113000,113035,113038,3,,10
update,113000,113035,113038,3,,9
update,113011,113046,113049,3,,11
update,113022,113057,113060,3,,12
inbound,113025,113060,113063,3,,13
update,113033,113068,113071,3,,14
update,113044,113079,113082,3,,15
update,113055,113090,113093,3,,0
update,113066,113101,113104,3,,1
update,113077,113112,113115,3,,2
update,113088,113123,113125,2,,3
inbound,113100,113134,113137,3,,5
update,113099,113134,113137,3,,4
update,113110,113145,113148,3,,6
update,113121,113156,113159,3,,7
update,113132,113166,113170,4,,8
update,113143,113178,113183,5,,9
update,113154,113189,113192,3,,10
inbound,113155,113190,113193,3,,11
update,113165,113200,113203,3,,12
update,113176,113211,113214,3,,13
update,113187,113222,113224,2,,14
update,113198,113232,113235,3,,15
inbound,113200,113235,113237,2,,0
inbound,113210,113244,113247,3,,2
update,113209,113244,113247,3,,1
update,113220,113255,113258,3,,3
inbound,113225,113260,113263,3,,4
update,113231,113266,113268,2,,5
update,113242,113277,113279,2,,6
update,113253,113288,113291,3,,7
inbound,113265,113299,113302,3,,9
update,113264,113299,113302,3,,8
update,113275,113310,113313,3,,10
update,113286,113320,113322,2,,11
update,113297,113332,113335,3,,12
update,113308,113343,113346,3,,13
inbound,113320,113354,113357,3,,15
update,113319,113354,113357,3,,14
update,113330,113364,113367,3,,0
update,113341,113376,113378,2,,1
update,113352,113387,113391,4,,2
update,113363,113398,113401,3,,3
update,113374,113409,113412,3,,4
inbound,113375,113410,113413,3,,5
update,113385,113420,113423,3,,6
update,113396,113431,113435,4,,7
inbound,113400,113435,113437,2,,8
update,113407,113442,113445,3,,9
update,113418,113453,113456,3,,10
inbound,113425,113460,113462,2,,11
update,113429,113464,113467,3,,12
inbound,113430,113465,113468,3,,13
update,113440,113475,113477,2,,14
update,113451,113486,113489,3,,15
update,113462,113497,113500,3,,0
update,113473,113508,113511,3,,1
inbound,113485,113519,113522,3,,3
update,113484,113519,113523,4,,2
update,113495,113530,113533,3,,4
update,113506,113541,113543,2,,5
update,113517,113551,113555,4,,6
update,113528,113563,113567,4,,7
update,113539,113574,113577,3,,8
inbound,113540,113575,113578,3,,9
update,113550,113585,113589,4,,10
update,113561,113596,113599,3,,11
update,113572,113606,113610,4,,12
update,113583,113618,113621,3,,13
update,113594,113629,113637,8,,14
inbound,113595,113630,113637,7,,15
update,113605,113640,113642,2,,0
update,113616,113650,113653,3,,1
update,113627,113662,113665,3,,2
update,113638,113672,113682,10,,3
inbound,113650,113684,113687,3,,5
update,113649,113684,113687,3,,4
update,113660,113694,113697,3,,6
update,113671,113706,113709,3,,7
update,113682,113717,113719,2,,8
update,113693,113727,113730,3,,9
inbound,113705,113739,113742,3,,11
update,113704,113739,113742,3,,10
update,113715,113750,113752,2,,12
update,113726,113760,113763,3,,13
update,113737,113772,113775,3,,14
update,113748,113783,113786,3,,15
inbound,113760,113794,113796,2,,1
update,113759,113794,113797,3,,0
update,113770,113804,113807,3,,2
update,113781,113816,113819,3,,3
update,113792,113827,113829,2,,4
update,113803,113838,113841,3,,5
inbound,113815,113849,113851,2,,7
update,113814,113849,113852,3,,6
update,113825,113860,113863,3,,8
update,113836,113871,113874,3,,9
update,113847,113882,113885,3,,10
update,113858,113893,113896,3,,11
update,113869,113904,113907,3,,12
update,113880,113915,113918,3,,13
update,113891,113926,113929,3,,14
update,113902,113937,113939,2,,15
update,113913,113948,113950,2,,0
update,113924,113959,113962,3,,1
inbound,114000,114035,114039,4,,3
update,114000,114035,114040,5,,2
update,114011,114046,114049,3,,4
update,114022,114056,114059,3,,5
inbound,114025,114060,114063,3,,6
update,114033,114067,114070,3,,7
update,114044,114079,114082,3,,8
update,114055,114090,114093,3,,9
update,114066,114101,114104,3,,10
update,114077,114112,114115,3,,11
update,114088,114123,114126,3,,12
update,114099,114134,114137,3,,13
inbound,114100,114135,114139,4,,14
update,114110,114145,114148,3,,15
update,114121,114156,114159,3,,0
update,114132,114167,114170,3,,1
update,114143,114178,114182,4,,2
update,114154,114189,114195,6,,3
inbound,114155,114190,114196,6,,4
update,114165,114200,114206,6,,5
update,114176,114211,114214,3,,6
update,114187,114222,114226,4,,7
update,114198,114232,114236,4,,8
inbound,114200,114235,114239,4,,9
update,114209,114244,114248,4,,10
inbound,114210,114245,114250,5,,11
update,114220,114255,114258,3,,12
inbound,114225,114260,114263,3,,13
update,114231,114266,114268,2,,14
update,114242,114277,114280,3,,15
update,114253,114288,114291,3,,0
update,114264,114299,114302,3,,1
inbound,114265,114299,114303,4,,2
update,114275,114310,114312,2,,3
update,114286,114321,114324,3,,4
update,114297,114331,114334,3,,5
update,114308,114343,114345,2,,6
update,114319,114354,114358,4,,7
inbound,114320,114354,114358,4,,8
update,114330,114365,114368,3,,9
update,114341,114376,114378,2,,10
update,114352,114386,114389,3,,11
update,114363,114398,114401,3,,12
update,114374,114409,114412,3,,13
inbound,114375,114410,114414,4,,14
update,114385,114420,114422,2,,15
update,114396,114431,114435,4,,0
inbound,114400,114435,114437,2,,1
update,114407,114442,114444,2,,2
update,114418,114452,114455,3,,3
inbound,114425,114459,114462,3,,4
inbound,114430,114464,114467,3,,6
update,114429,114464,114467,3,,5
update,114440,114474,114478,4,,7
update,114451,114486,114488,2,,8
update,114462,114497,114499,2,,9
update,114473,114508,114510,2,,10
update,114484,114518,114520,2,,11
inbound,114485,114520,114523,3,,12
update,114495,114530,114533,3,,13
update,114506,114541,114544,3,,14
update,114517,114551,114555,4,,15
update,114528,114563,114566,3,,0
update,114539,114574,114578,4,,1
inbound,114540,114575,114579,4,,2
update,114550,114585,114588,3,,3
update,114561,114596,114599,3,,4
update,114572,114607,114610,3,,5
update,114583,114618,114621,3,,6
update,114594,114629,114636,7,,7
inbound,114595,114630,114637,7,,8
update,114605,114640,114650,10,,9
update,114616,114651,114655,4,,10
update,114627,114662,114665,3,,11
update,114638,114673,114680,7,,12
update,114649,114683,114687,4,,13
inbound,114650,114685,114706,21,,14
update,114660,114695,114706,11,,15
update,114671,114706,114708,2,,0
update,114682,114716,114718,2,,1
update,114693,114728,114731,3,,2
update,114704,114739,114742,3,,3
inbound,114705,114740,114744,4,,4
update,114715,114750,114753,3,,5
update,114726,114761,114764,3,,6
update,114737,114771,114775,4,,7
update,114748,114783,114786,3,,8
update,114759,114793,114797,4,,9
inbound,114760,114795,114797,2,,10
update,114770,114804,114807,3,,11
update,114792,114827,114834,7,,13
update,114781,114816,114834,18,,12
update,114803,114837,114840,3,,14
inbound,114815,114849,114851,2,,0
update,114814,114849,114852,3,,15
update,114825,114860,114863,3,,1
update,114836,114870,114873,3,,2
update,114847,114882,114884,2,,3
update,114858,114893,114895,2,,4
update,114869,114904,114907,3,,5
update,114880,114915,114918,3,,6
update,114891,114926,114929,3,,7
update,114902,114937,114940,3,,8
update,114913,114948,114951,3,,9
update,114924,114959,114961,2,,10
inbound,115000,115034,115038,4,,12
update,115000,115034,115039,5,,11
update,115011,115046,115052,6,,13
update,115022,115057,115060,3,,14
inbound,115025,115060,115063,3,,15
update,115033,115068,115071,3,,0
update,115044,115078,115081,3,,1
update,115055,115090,115093,3,,2
update,115066,115100,115103,3,,3
update,115077,115111,115115,4,,4
update,115088,115122,115125,3,,5
update,115099,115134,115137,3,,6
inbound,115100,115135,115139,4,,7
update,115110,115144,115147,3,,8
update,115121,115156,115159,3,,9
update,115132,115167,115170,3,,10
update,115143,115178,115181,3,,11
update,115154,115189,115192,3,,12
inbound,115155,115189,115194,5,,13
update,115165,115200,115202,2,,14
update,115176,115211,115214,3,,15
update,115187,115222,115225,3,,0
update,115198,115233,115236,3,,1
inbound,115200,115235,115239,4,,2
inbound,115210,115244,115247,3,,4
update,115209,115244,115247,3,,3
update,115220,115254,115257,3,,5
inbound,115225,115260,115262,2,,6
update,115231,115266,115269,3,,7
update,115242,115276,115280,4,,8
update,115253,115288,115291,3,,9
inbound,115265,115299,115303,4,,11
update,115264,115299,115306,7,,10
update,115275,115309,115313,4,,12
update,115286,115321,115325,4,,13
update,115297,115332,115335,3,,14
update,115308,115342,115345,3,,15
update,115319,115353,115366,13,,0
inbound,115320,115355,115366,11,,1
update,115330,115365,115368,3,,2
update,115341,115376,115379,3,,3
update,115352,115386,115389,3,,4
update,115363,115398,115401,3,,5
update,115374,115409,115412,3,,6
inbound,115375,115410,115413,3,,7
update,115385,115420,115422,2,,8
update,115396,115431,115433,2,,9
inbound,115400,115435,115438,3,,10
update,115407,115442,115444,2,,11
update,115418,115453,115456,3,,12
inbound,115425,115460,115463,3,,13
update,115429,115463,115466,3,,14
inbound,115430,115464,115468,4,,15
update,115440,115474,115477,3,,0
update,115451,115486,115489,3,,1
update,115462,115496,115499,3,,2
update,115473,115507,115510,3,,3
update,115484,115519,115522,3,,4
inbound,115485,115520,115525,5,,5
update,115495,115530,115533,3,,6
update,115506,115541,115543,2,,7
update,115517,115552,115555,3,,8
update,115528,115562,115565,3,,9
update,115539,115574,115578,4,,10
inbound,115540,115574,115579,5,,11
update,115550,115584,115588,4,,12
update,115561,115596,115599,3,,13
update,115572,115607,115610,3,,14
update,115583,115618,115623,5,,15
update,115594,115629,115632,3,,0
inbound,115595,115630,115633,3,,1
update,115605,115639,115643,4,,2
update,115616,115651,115659,8,,3
update,115627,115662,115666,4,,4
update,115638,115673,115677,4,,5
update,115649,115683,115688,5,,6
inbound,115650,115685,115690,5,,7
update,115660,115694,115699,5,,8
update,115671,115706,115710,4,,9
update,115682,115717,115720,3,,10
update,115693,115728,115731,3,,11
update,115704,115739,115742,3,,12
inbound,115705,115740,115743,3,,13
update,115715,115750,115752,2,,14
update,115726,115761,115764,3,,15
update,115737,115771,115774,3,,0
update,115748,115783,115786,3,,1
inbound,115760,115794,115797,3,,3
update,115759,115794,115797,3,,2
update,115770,115805,115808,3,,4
update,115781,115816,115819,3,,5
update,115792,115827,115830,3,,6
update,115803,115838,115840,2,,7
inbound,115815,115849,115851,2,,9
update,115814,115849,115854,5,,8
update,115825,115860,115863,3,,10
update,115836,115870,115873,3,,11
update,115847,115882,115885,3,,12
update,115858,115893,115896,3,,13
update,115869,115904,115906,2,,14
update,115880,115915,115918,3,,15
update,115891,115926,115928,2,,0
update,115902,115936,115939,3,,1
update,115913,115948,115951,3,,2
update,115924,115959,115962,3,,3
inbound,116000,116035,116039,4,,5
update,116000,116035,116039,4,,4
update,116011,116046,116049,3,,6
update,116022,116057,116059,2,,7
inbound,116025,116059,116062,3,,8
update,116033,116067,116071,4,,9
update,116044,116079,116082,3,,10
update,116055,116090,116093,3,,11
update,116066,116101,116104,3,,12
update,116077,116112,116117,5,,13
update,116088,116123,116126,3,,14
update,116099,116133,116137,4,,15
inbound,116100,116135,116138,3,,0
update,116110,116145,116148,3,,1
update,116121,116156,116158,2,,2
update,116132,116166,116169,3,,3
update,116143,116178,116181,3,,4
update,116154,116189,116191,2,,5
inbound,116155,116190,116193,3,,6
update,116165,116200,116203,3,,7
update,116176,116211,116214,3,,8
update,116187,116221,116224,3,,9
update,116198,116233,116236,3,,10
inbound,116200,116235,116238,3,,11
update,116209,116244,116248,4,,12
inbound,116210,116245,116249,4,,13
update,116220,116254,116258,4,,14
inbound,116225,116260,116262,2,,15
update,116231,116266,116269,3,,0
update,116242,116277,116279,2,,1
update,116253,116288,116291,3,,2
update,116264,116299,116303,4,,3
inbound,116265,116300,116304,4,,4
update,116275,116310,116313,3,,5
update,116286,116321,116323,2,,6
update,116297,116332,116335,3,,7
update,116308,116343,116345,2,,8
update,116319,116354,116359,5,,9
inbound,116320,116354,116359,5,,10
update,116330,116365,116375,10,,11
update,116341,116375,116378,3,,12
update,116352,116387,116390,3,,13
update,116363,116398,116401,3,,14
inbound,116375,116409,116412,3,,0
update,116374,116409,116413,4,,15
update,116385,116420,116423,3,,1
update,116396,116431,116434,3,,2
inbound,116400,116434,116437,3,,3
update,116407,116442,116445,3,,4
update,116418,116453,116457,4,,5
inbound,116425,116460,116463,3,,6
update,116429,116463,116466,3,,7
inbound,116430,116465,116468,3,,8
update,116440,116474,116481,7,,9
update,116451,116486,116489,3,,10
update,116462,116496,116499,3,,11
update,116473,116507,116510,3,,12
update,116484,116519,116522,3,,13
inbound,116485,116520,116523,3,,14
update,116495,116530,116533,3,,15
update,116506,116541,116543,2,,0
update,116517,116552,116554,2,,1
update,116528,116563,116566,3,,2
update,116539,116574,116577,3,,3
inbound,116540,116575,116578,3,,4
update,116550,116585,116589,4,,5
update,116561,116596,116598,2,,6
update,116572,116607,116610,3,,7
update,116583,116618,116622,4,,8
inbound,116595,116629,116633,4,,10
update,116594,116629,116633,4,,9
update,116605,116640,116643,3,,11
update,116616,116651,116655,4,,12
update,116627,116662,116665,3,,13
update,116638,116673,116676,3,,14
inbound,116650,116683,116686,3,,0
update,116649,116683,116686,3,,15
update,116660,116694,116697,3,,1
update,116671,116706,116709,3,,2
update,116682,116717,116719,2,,3
update,116693,116728,116730,2,,4
update,116704,116739,116743,4,,5
inbound,116705,116740,116743,3,,6
update,116715,116749,116752,3,,7
update,116726,116761,116763,2,,8
update,116737,116771,116774,3,,9
update,116748,116783,116786,3,,10
inbound,116760,116794,116796,2,,12
update,116759,116794,116796,2,,11
update,116770,116805,116808,3,,13
update,116781,116816,116819,3,,14
update,116792,116826,116829,3,,15
update,116803,116838,116841,3,,0
inbound,116815,116850,116853,3,,2
update,116814,116849,116853,4,,1
update,116825,116860,116863,3,,3
update,116836,116871,116876,5,,4
update,116847,116882,116884,2,,5
update,116858,116893,116896,3,,6
update,116869,116904,116907,3,,7
update,116880,116915,116917,2,,8
update,116891,116926,116928,2,,9
update,116902,116937,116940,3,,10
update,116913,116948,116951,3,,11
update,116924,116959,116962,3,,12
update,117000,117035,117037,2,,13
inbound,117000,117035,117038,3,,14
update,117011,117046,117048,2,,15
update,117022,117057,117060,3,,0
inbound,117025,117060,117062,2,,1
update,117033,117067,117070,3,,2
update,117044,117078,117081,3,,3
update,117055,117090,117093,3,,4
update,117066,117101,117103,2,,5
update,117077,117112,117114,2,,6
update,117088,117122,117126,4,,7
update,117099,117133,117137,4,,8
inbound,117100,117135,117138,3,,9
update,117110,117145,117148,3,,10
update,117121,117156,117159,3,,11
update,117132,117167,117169,2,,12
update,117143,117178,117182,4,,13
update,117154,117189,117192,3,,14
inbound,117155,117190,117193,3,,15
update,117165,117199,117202,3,,0
update,117176,117211,117214,3,,1
update,117187,117222,117224,2,,2
update,117198,117233,117235,2,,3
inbound,117200,117235,117237,2,,4
update,117209,117243,117247,4,,5
inbound,117210,117245,117247,2,,6
update,117220,117255,117257,2,,7
inbound,117225,117259,117262,3,,8
update,117231,117265,117268,3,,9
update,117242,117276,117279,3,,10
update,117253,117288,117291,3,,11
update,117264,117299,117302,3,,12
inbound,117265,117299,117302,3,,13
update,117275,117309,117313,4,,14
update,117286,117321,117323,2,,15
update,117297,117332,117334,2,,0
update,117308,117342,117346,4,,1
update,117319,117353,117355,2,,2
inbound,117320,117355,117358,3,,3
update,117330,117365,117368,3,,4
update,117341,117376,117396,20,,5
update,117352,117387,117396,9,,6
update,117363,117397,117400,3,,7
update,117374,117409,117412,3,,8
inbound,117375,117409,117412,3,,9
update,117385,117420,117423,3,,10
update,117396,117431,117434,3,,11
inbound,117400,117435,117437,2,,12
update,117407,117441,117444,3,,13
update,117418,117453,117455,2,,14
inbound,117425,117460,117464,4,,15
update,117429,117464,117466,2,,0
inbound,117430,117465,117467,2,,1
update,117440,117474,117477,3,,2
update,117451,117486,117489,3,,3
update,117462,117497,117499,2,,4
update,117473,117507,117510,3,,5
update,117484,117518,117521,3,,6
inbound,117485,117519,117522,3,,7
update,117495,117530,117532,2,,8
update,117506,117540,117543,3,,9
update,117517,117552,117555,3,,10
update,117528,117563,117565,2,,11
inbound,117540,117574,117577,3,,13
update,117539,117573,117578,5,,12
update,117550,117585,117588,3,,14
update,117561,117596,117598,2,,15
update,117572,117607,117609,2,,0
update,117583,117618,117621,3,,1
update,117594,117629,117634,5,,2
inbound,117595,117630,117634,4,,3
update,117605,117640,117642,2,,4
update,117616,117651,117654,3,,5
update,117627,117662,117666,4,,6
update,117638,117672,117675,3,,7
inbound,117650,117684,117687,3,,9
update,117649,117684,117687,3,,8
update,117660,117694,117697,3,,10
update,117671,117706,117709,3,,11
update,117682,117717,117719,2,,12
update,117693,117728,117730,2,,13
inbound,117705,117739,117741,2,,15
update,117704,117738,117741,3,,14
update,117715,117750,117752,2,,0
update,117726,117761,117763,2,,1
update,117737,117772,117775,3,,2
update,117748,117782,117785,3,,3
inbound,117760,117794,117796,2,,5
update,117759,117794,117797,3,,4
update,117770,117805,117807,2,,6
update,117781,117816,117818,2,,7
update,117792,117827,117829,2,,8
update,117803,117838,117841,3,,9
inbound,117815,117849,117851,2,,11
update,117814,117849,117852,3,,10
update,117825,117860,117862,2,,12
update,117836,117870,117873,3,,13
update,117847,117882,117884,2,,14
update,117858,117893,117895,2,,15
update,117869,117904,117906,2,,0
update,117880,117915,117918,3,,1
update,117891,117926,117929,3,,2
update,117902,117937,117940,3,,3
update,117913,117948,117951,3,,4
update,117924,117959,117962,3,,5
update,118000,118035,118039,4,,6
inbound,118000,118035,118040,5,,7
update,118011,118046,118052,6,,8
update,118022,118057,118061,4,,9
inbound,118025,118060,118063,3,,10
update,118033,118068,118070,2,,11
update,118044,118079,118081,2,,12
update,118055,118090,118093,3,,13
update,118066,118101,118103,2,,14
update,118077,118112,118115,3,,15
update,118088,118123,118125,2,,0
update,118099,118134,118137,3,,1
inbound,118100,118135,118138,3,,2
update,118110,118144,118147,3,,3
update,118121,118156,118159,3,,4
update,118132,118167,118170,3,,5
update,118143,118177,118180,3,,6
update,118154,118189,118192,3,,7
inbound,118155,118191,118195,4,,8
update,118165,118199,118202,3,,9
update,118176,118211,118214,3,,10
update,118187,118222,118225,3,,11
update,118198,118233,118236,3,,12
inbound,118200,118235,118238,3,,13
update,118209,118244,118250,6,,14
inbound,118210,118244,118250,6,,15
update,118220,118255,118257,2,,0
inbound,118225,118260,118262,2,,1
update,118231,118266,118271,5,,2
update,118242,118276,118279,3,,3
update,118253,118288,118291,3,,4
update,118264,118298,118302,4,,5
inbound,118265,118299,118302,3,,6
update,118275,118310,118313,3,,7
update,118286,118321,118324,3,,8
update,118297,118331,118334,3,,9
update,118308,118342,118345,3,,10
update,118319,118354,118357,3,,11
inbound,118320,118355,118358,3,,12
update,118330,118365,118370,5,,13
update,118341,118376,118379,3,,14
update,118352,118387,118390,3,,15
update,118363,118398,118402,4,,0
update,118374,118409,118412,3,,1
inbound,118375,118410,118413,3,,2
update,118385,118420,118423,3,,3
update,118396,118431,118434,3,,4
inbound,118400,118434,118437,3,,5
update,118407,118442,118445,3,,6
update,118418,118453,118455,2,,7
inbound,118425,118460,118463,3,,8
update,118429,118463,118467,4,,9
inbound,118430,118464,118467,3,,10
update,118440,118474,118477,3,,11
update,118451,118486,118489,3,,12
update,118462,118497,118500,3,,13
update,118473,118508,118511,3,,14
update,118484,118518,118523,5,,15
inbound,118485,118520,118523,3,,0
update,118495,118529,118532,3,,1
update,118506,118541,118544,3,,2
update,118517,118551,118554,3,,3
update,118528,118563,118566,3,,4
update,118539,118574,118577,3,,5
inbound,118540,118575,118579,4,,6
update,118550,118585,118588,3,,7
update,118561,118596,118598,2,,8
update,118572,118607,118610,3,,9
update,118583,118618,118621,3,,10
update,118594,118629,118631,2,,11
inbound,118595,118630,118633,3,,12
update,118605,118640,118643,3,,13
update,118616,118651,118654,3,,14
update,118627,118662,118667,5,,15
update,118638,118673,118675,2,,0
update,118649,118683,118686,3,,1
inbound,118650,118685,118687,2,,2
update,118660,118695,118697,2,,3
update,118671,118706,118709,3,,4
update,118682,118717,118719,2,,5
update,118693,118728,118731,3,,6
inbound,118705,118739,118743,4,,8
update,118704,118739,118743,4,,7
update,118715,118750,118752,2,,9
update,118726,118761,118764,3,,10
update,118737,118771,118775,4,,11
update,118748,118782,118785,3,,12
update,118759,118793,118796,3,,13
inbound,118760,118794,118797,3,,14
update,118770,118805,118808,3,,15
update,118781,118815,118818,3,,0
update,118792,118827,118830,3,,1
update,118803,118837,118840,3,,2
inbound,118815,118849,118851,2,,4
update,118814,118849,118852,3,,3
update,118825,118860,118863,3,,5
update,118836,118871,118874,3,,6
update,118847,118881,118884,3,,7
update,118858,118892,118895,3,,8
update,118869,118904,118907,3,,9
update,118880,118914,118918,4,,10
update,118891,118926,118928,2,,11
update,118902,118937,118940,3,,12
update,118913,118948,118951,3,,13
update,118924,118959,118962,3,,14
update,119000,119035,119037,2,,15
inbound,119000,119035,119038,3,,0
update,119011,119046,119049,3,,1
update,119022,119057,119060,3,,2
inbound,119025,119060,119064,4,,3
update,119033,119068,119072,4,,4
update,119044,119079,119082,3,,5
update,119055,119090,119094,4,,6
update,119066,119101,119105,4,,7
update,119077,119112,119117,5,,8
update,119088,119123,119126,3,,9
inbound,119100,119135,119140,5,,11
update,119099,119135,119141,6,,10
update,119110,119144,119148,4,,12
update,119121,119156,119163,7,,13
update,119132,119166,119175,9,,14
update,119143,119178,119182,4,,15
update,119154,119189,119196,7,,0
inbound,119155,119190,119196,6,,1
update,119165,119200,119205,5,,2
update,119176,119211,119214,3,,3
update,119187,119221,119224,3,,4
update,119198,119233,119237,4,,5
inbound,119200,119235,119238,3,,6
update,119209,119244,119247,3,,7
inbound,119210,119245,119248,3,,8
update,119220,119254,119257,3,,9
inbound,119225,119259,119262,3,,10
update,119231,119266,119269,3,,11
update,119242,119277,119282,5,,12
update,119253,119288,119291,3,,13
update,119264,119299,119302,3,,14
inbound,119265,119300,119303,3,,15
update,119275,119310,119312,2,,0
update,119286,119321,119323,2,,1
update,119297,119332,119335,3,,2
update,119308,119343,119347,4,,3
update,119319,119354,119358,4,,4
inbound,119320,119354,119358,4,,5
update,119330,119365,119368,3,,6
update,119341,119376,119379,3,,7
update,119352,119387,119390,3,,8
update,119363,119398,119401,3,,9
update,119374,119409,119413,4,,10
inbound,119375,119410,119414,4,,11
update,119385,119420,119423,3,,12
update,119396,119431,119434,3,,13
inbound,119400,119435,119438,3,,14
update,119407,119442,119445,3,,15
update,119418,119453,119456,3,,0
inbound,119425,119459,119463,4,,1
update,119429,119464,119467,3,,2
inbound,119430,119465,119470,5,,3
update,119440,119475,119480,5,,4
update,119451,119486,119489,3,,5
update,119462,119497,119500,3,,6
update,119473,119508,119511,3,,7
update,119484,119519,119522,3,,8
inbound,119485,119520,119523,3,,9
update,119495,119530,119533,3,,10
update,119506,119541,119543,2,,11
update,119517,119552,119555,3,,12
update,119528,119563,119565,2,,13
update,119539,119574,119577,3,,14
inbound,119540,119575,119579,4,,15
update,119550,119585,119588,3,,0
update,119561,119595,119599,4,,1
update,119572,119607,119611,4,,2
update,119583,119618,119621,3,,3
update,119594,119629,119632,3,,4
inbound,119595,119630,119633,3,,5
update,119605,119640,119642,2,,6
update,119616,119651,119654,3,,7
update,119627,119662,119666,4,,8
update,119638,119673,119676,3,,9
update,119649,119684,119687,3,,10
inbound,119650,119685,119688,3,,11
update,119660,119695,119698,3,,12
update,119671,119706,119709,3,,13
update,119682,119717,119720,3,,14
update,119693,119728,119731,3,,15
update,119704,119738,119742,4,,0
inbound,119705,119740,119743,3,,1
update,119715,119749,119752,3,,2
update,119726,119761,119764,3,,3
update,119737,119771,119774,3,,4
update,119748,119783,119786,3,,5
update,119759,119794,119797,3,,6
inbound,119760,119795,119798,3,,7
update,119770,119805,119807,2,,8
update,119781,119816,119818,2,,9
update,119792,119827,119830,3,,10
update,119803,119838,119841,3,,11
inbound,119815,119850,119852,2,,13
update,119814,119849,119853,4,,12
update,119825,119859,119862,3,,14
update,119836,119870,119873,3,,15
update,119847,119882,119885,3,,0
update,119858,119893,119896,3,,1
update,119869,119904,119907,3,,2
update,119880,119915,119917,2,,3
update,119891,119926,119930,4,,4
update,119902,119937,119939,2,,5
update,119913,119948,119951,3,,6
update,119924,119959,119961,2,,7
