kind,scheduled_ms,started_ms,finished_ms,wall_ms,error,writer
inbound,0,38,67,29,,1
update,66,67,105,38,,8
update,33,39,109,70,,5
inbound,25,38,120,82,,4
update,11,38,120,82,,2
update,22,38,120,82,,3
update,0,37,122,85,,0
update,77,78,130,52,,9
update,44,66,140,74,,6
update,99,100,140,40,,11
update,55,66,140,74,,7
update,88,89,144,55,,10
update,143,144,151,7,,0
inbound,100,101,152,51,,12
update,110,110,159,49,,13
update,121,121,159,38,,14
update,154,155,164,9,,1
inbound,155,157,165,8,,2
update,132,133,168,35,,15
update,165,165,170,5,,3
update,176,177,180,3,,4
update,187,187,192,5,,5
update,198,199,203,4,,6
inbound,200,202,209,7,,7
update,209,209,213,4,,8
inbound,210,212,218,6,,9
update,220,221,224,3,,10
inbound,225,227,232,5,,11
update,231,232,235,3,,12
update,242,243,246,3,,13
update,253,254,258,4,,14
update,264,265,269,4,,15
inbound,265,268,275,7,,0
update,275,276,280,4,,1
update,286,287,290,3,,2
update,297,298,301,3,,3
update,308,309,312,3,,4
update,319,319,323,4,,5
inbound,320,322,329,7,,6
update,330,331,334,3,,7
update,341,341,345,4,,8
update,352,353,356,3,,9
update,363,364,367,3,,10
update,374,374,379,5,,11
inbound,375,376,381,5,,12
update,385,386,389,3,,13
update,396,397,400,3,,14
inbound,400,402,407,5,,15
update,407,407,411,4,,0
update,418,419,422,3,,1
inbound,425,427,430,3,,2
update,429,430,435,5,,3
inbound,430,432,437,5,,4
update,440,441,444,3,,5
update,451,451,456,5,,6
update,462,463,467,4,,7
update,473,474,478,4,,8
update,484,485,489,4,,9
inbound,485,486,493,7,,10
update,495,496,499,3,,11
update,506,507,511,4,,12
update,517,517,520,3,,13
update,528,529,532,3,,14
update,539,541,544,3,,15
inbound,540,542,546,4,,0
update,550,551,554,3,,1
update,561,562,566,4,,2
update,572,574,577,3,,3
update,583,584,588,4,,4
update,594,596,600,4,,5
inbound,595,597,601,4,,6
update,605,607,610,3,,7
update,616,617,620,3,,8
update,627,629,632,3,,9
update,638,640,643,3,,10
inbound,650,651,655,4,,12
update,649,651,656,5,,11
update,660,662,665,3,,13
update,671,673,676,3,,14
update,682,684,687,3,,15
update,693,695,699,4,,0
update,704,705,710,5,,1
inbound,705,707,711,4,,2
update,715,717,722,5,,3
update,726,727,733,6,,4
update,737,739,744,5,,5
update,748,750,755,5,,6
update,759,761,767,6,,7
inbound,760,762,767,5,,8
update,770,771,774,3,,9
update,781,783,786,3,,10
update,792,794,797,3,,11
update,803,805,808,3,,12
update,814,816,820,4,,13
inbound,815,817,823,6,,14
update,825,827,831,4,,15
update,836,837,841,4,,0
update,847,849,853,4,,1
update,858,860,864,4,,2
update,869,871,874,3,,3
update,880,881,885,4,,4
update,891,892,896,4,,5
update,902,903,907,4,,6
update,913,915,918,3,,7
update,924,926,929,3,,8
update,1000,1001,1009,8,,9
inbound,1000,1003,1009,6,,10
update,1011,1012,1016,4,,11
update,1022,1024,1028,4,,12
inbound,1025,1028,1035,7,,13
update,1033,1035,1039,4,,14
update,1044,1046,1050,4,,15
update,1055,1056,1061,5,,0
update,1066,1068,1073,5,,1
update,1077,1079,1083,4,,2
update,1088,1089,1093,4,,3
update,1099,1100,1105,5,,4
inbound,1100,1103,1109,6,,5
update,1110,1112,1115,3,,6
update,1121,1123,1125,2,,7
update,1132,1133,1137,4,,8
update,1143,1145,1148,3,,9
update,1154,1156,1161,5,,10
inbound,1155,1158,1162,4,,11
update,1165,1167,1171,4,,12
update,1176,1178,1185,7,,13
update,1187,1189,1195,6,,14
update,1198,1200,1206,6,,15
inbound,1200,1203,1209,6,,0
update,1209,1211,1219,8,,1
inbound,1210,1212,1220,8,,2
update,1220,1222,1225,3,,3
inbound,1225,1228,1235,7,,4
update,1231,1233,1239,6,,5
update,1242,1243,1249,6,,6
update,1253,1254,1259,5,,7
update,1264,1266,1271,5,,8
inbound,1265,1268,1274,6,,9
update,1275,1277,1280,3,,10
update,1286,1288,1292,4,,11
update,1297,1299,1303,4,,12
update,1308,1310,1314,4,,13
update,1319,1321,1324,3,,14
inbound,1320,1323,1327,4,,15
update,1330,1332,1337,5,,0
update,1341,1343,1347,4,,1
update,1352,1353,1359,6,,2
update,1363,1364,1368,4,,3
update,1374,1376,1380,4,,4
inbound,1375,1380,1384,4,,5
update,1385,1388,1392,4,,6
update,1396,1397,1402,5,,7
inbound,1400,1403,1412,9,,8
update,1407,1409,1413,4,,9
update,1418,1419,1423,4,,10
inbound,1425,1428,1431,3,,11
update,1429,1431,1435,4,,12
inbound,1430,1433,1438,5,,13
update,1440,1441,1445,4,,14
update,1451,1453,1457,4,,15
update,1462,1463,1468,5,,0
update,1473,1475,1478,3,,1
update,1484,1486,1489,3,,2
inbound,1485,1488,1494,6,,3
update,1495,1497,1500,3,,4
update,1506,1508,1513,5,,5
update,1517,1519,1524,5,,6
update,1528,1529,1534,5,,7
update,1539,1540,1546,6,,8
inbound,1540,1543,1549,6,,9
update,1550,1552,1556,4,,10
update,1561,1562,1568,6,,11
update,1572,1574,1578,4,,12
update,1583,1584,1588,4,,13
update,1594,1595,1599,4,,14
inbound,1595,1597,1601,4,,15
update,1605,1606,1609,3,,0
update,1616,1618,1621,3,,1
update,1627,1629,1632,3,,2
update,1638,1640,1643,3,,3
update,1649,1651,1654,3,,4
inbound,1650,1653,1666,13,,5
update,1660,1662,1666,4,,6
update,1671,1672,1676,4,,7
update,1682,1683,1686,3,,8
update,1693,1695,1698,3,,9
update,1704,1705,1709,4,,10
inbound,1705,1708,1711,3,,11
update,1715,1717,1720,3,,12
update,1726,1728,1731,3,,13
update,1737,1739,1742,3,,14
update,1748,1750,1753,3,,15
update,1759,1760,1764,4,,0
inbound,1760,1763,1766,3,,1
update,1770,1772,1775,3,,2
update,1781,1782,1785,3,,3
update,1792,1794,1799,5,,4
update,1803,1805,1807,2,,5
update,1814,1816,1820,4,,6
inbound,1815,1818,1822,4,,7
update,1825,1827,1830,3,,8
update,1836,1838,1841,3,,9
update,1847,1849,1857,8,,10
update,1858,1860,1865,5,,11
update,1869,1871,1874,3,,12
update,1880,1883,1888,5,,13
update,1891,1894,1897,3,,14
update,1902,1905,1908,3,,15
update,1913,1916,1919,3,,0
update,1924,1927,1930,3,,1
update,2000,2002,2008,6,,2
inbound,2000,2003,2009,6,,3
update,2011,2014,2020,6,,4
update,2022,2024,2028,4,,5
inbound,2025,2029,2032,3,,6
update,2033,2036,2039,3,,7
update,2044,2046,2050,4,,8
update,2055,2058,2061,3,,9
update,2066,2069,2073,4,,10
update,2077,2080,2083,3,,11
update,2088,2091,2094,3,,12
update,2099,2102,2107,5,,13
inbound,2100,2104,2110,6,,14
update,2110,2112,2115,3,,15
update,2121,2124,2128,4,,0
update,2132,2135,2139,4,,1
update,2143,2146,2150,4,,2
update,2154,2157,2161,4,,3
inbound,2155,2159,2163,4,,4
update,2165,2169,2173,4,,5
update,2176,2180,2184,4,,6
update,2187,2191,2196,5,,7
update,2198,2202,2206,4,,8
inbound,2200,2204,2208,4,,9
update,2209,2213,2217,4,,10
inbound,2210,2214,2218,4,,11
update,2220,2224,2227,3,,12
inbound,2225,2229,2232,3,,13
update,2231,2234,2240,6,,14
update,2242,2246,2249,3,,15
update,2253,2257,2260,3,,0
update,2264,2267,2272,5,,1
inbound,2265,2269,2273,4,,2
update,2275,2279,2282,3,,3
update,2286,2289,2293,4,,4
update,2297,2301,2305,4,,5
update,2308,2312,2315,3,,6
update,2319,2323,2327,4,,7
inbound,2320,2323,2328,5,,8
update,2330,2333,2337,4,,9
update,2341,2345,2350,5,,10
update,2352,2356,2359,3,,11
update,2363,2367,2371,4,,12
update,2374,2378,2381,3,,13
inbound,2375,2379,2383,4,,14
update,2385,2389,2392,3,,15
update,2396,2400,2403,3,,0
inbound,2400,2404,2407,3,,1
update,2407,2411,2414,3,,2
update,2418,2422,2425,3,,3
inbound,2425,2429,2432,3,,4
update,2429,2432,2435,3,,5
inbound,2430,2433,2437,4,,6
update,2440,2443,2447,4,,7
update,2451,2455,2464,9,,8
update,2462,2466,2471,5,,9
update,2473,2477,2482,5,,10
update,2484,2487,2492,5,,11
inbound,2485,2489,2494,5,,12
update,2495,2499,2503,4,,13
update,2506,2512,2515,3,,14
update,2517,2521,2525,4,,15
update,2528,2532,2536,4,,0
update,2539,2542,2546,4,,1
inbound,2540,2544,2548,4,,2
update,2550,2554,2557,3,,3
update,2561,2565,2569,4,,4
update,2572,2576,2581,5,,5
update,2583,2587,2593,6,,6
inbound,2595,2599,2603,4,,8
update,2594,2598,2603,5,,7
update,2605,2609,2612,3,,9
update,2616,2620,2623,3,,10
update,2627,2630,2633,3,,11
update,2638,2642,2644,2,,12
update,2649,2652,2656,4,,13
inbound,2650,2654,2657,3,,14
update,2660,2663,2666,3,,15
update,2671,2674,2677,3,,0
update,2682,2686,2689,3,,1
update,2693,2697,2700,3,,2
update,2704,2708,2711,3,,3
inbound,2705,2709,2713,4,,4
update,2715,2719,2722,3,,5
update,2726,2730,2733,3,,6
update,2737,2741,2745,4,,7
update,2748,2752,2756,4,,8
update,2759,2763,2768,5,,9
inbound,2760,2763,2770,7,,10
update,2770,2773,2777,4,,11
update,2781,2785,2789,4,,12
update,2792,2795,2799,4,,13
update,2803,2806,2810,4,,14
inbound,2815,2818,2822,4,,0
update,2814,2818,2823,5,,15
update,2825,2829,2832,3,,1
update,2836,2840,2842,2,,2
update,2847,2851,2854,3,,3
update,2858,2862,2865,3,,4
update,2869,2872,2875,3,,5
update,2880,2884,2887,3,,6
update,2891,2895,2898,3,,7
update,2902,2906,2910,4,,8
update,2913,2917,2920,3,,9
update,2924,2927,2931,4,,10
update,3000,3004,3007,3,,11
inbound,3000,3005,3009,4,,12
update,3011,3015,3019,4,,13
update,3022,3026,3029,3,,14
inbound,3025,3030,3033,3,,15
update,3033,3036,3040,4,,0
update,3044,3048,3051,3,,1
update,3055,3059,3062,3,,2
update,3066,3070,3072,2,,3
update,3077,3081,3084,3,,4
update,3088,3091,3094,3,,5
update,3099,3102,3106,4,,6
inbound,3100,3104,3108,4,,7
update,3110,3114,3117,3,,8
update,3121,3125,3128,3,,9
update,3132,3136,3140,4,,10
update,3143,3146,3149,3,,11
update,3154,3158,3161,3,,12
inbound,3155,3160,3163,3,,13
update,3165,3169,3173,4,,14
update,3176,3179,3186,7,,15
update,3187,3190,3199,9,,0
update,3198,3202,3204,2,,1
inbound,3200,3204,3207,3,,2
update,3209,3212,3216,4,,3
inbound,3210,3215,3219,4,,4
update,3220,3224,3228,4,,5
inbound,3225,3230,3234,4,,6
update,3231,3235,3238,3,,7
update,3242,3246,3249,3,,8
update,3253,3257,3260,3,,9
update,3264,3267,3271,4,,10
inbound,3265,3270,3273,3,,11
update,3275,3279,3282,3,,12
update,3286,3290,3293,3,,13
update,3297,3301,3304,3,,14
update,3308,3312,3315,3,,15
update,3319,3323,3328,5,,0
inbound,3320,3324,3329,5,,1
update,3330,3334,3338,4,,2
update,3341,3345,3348,3,,3
update,3352,3356,3360,4,,4
update,3363,3367,3370,3,,5
update,3374,3377,3381,4,,6
inbound,3375,3379,3383,4,,7
update,3385,3389,3392,3,,8
update,3396,3400,3403,3,,9
inbound,3400,3405,3407,2,,10
update,3407,3411,3414,3,,11
update,3418,3421,3424,3,,12
inbound,3425,3430,3434,4,,13
update,3429,3432,3436,4,,14
inbound,3430,3435,3438,3,,15
update,3440,3443,3446,3,,0
update,3451,3455,3459,4,,1
update,3462,3466,3469,3,,2
update,3473,3476,3479,3,,3
inbound,3485,3490,3493,3,,5
update,3484,3487,3493,6,,4
update,3495,3498,3501,3,,6
update,3506,3510,3514,4,,7
update,3517,3521,3524,3,,8
update,3528,3532,3535,3,,9
update,3539,3543,3548,5,,10
inbound,3540,3545,3552,7,,11
update,3550,3554,3564,10,,12
update,3561,3565,3573,8,,13
update,3572,3576,3581,5,,14
update,3583,3587,3602,15,,15
update,3594,3598,3610,12,,0
inbound,3595,3600,3612,12,,1
update,3605,3608,3621,13,,2
update,3616,3620,3625,5,,3
update,3627,3632,3645,13,,4
update,3638,3643,3653,10,,5
inbound,3650,3655,3679,24,,7
update,3649,3654,3680,26,,6
update,3660,3665,3682,17,,8
update,3671,3676,3696,20,,9
update,3682,3687,3703,16,,10
update,3693,3698,3715,17,,11
inbound,3705,3710,3717,7,,13
update,3704,3709,3720,11,,12
update,3715,3720,3728,8,,14
update,3726,3731,3737,6,,15
update,3737,3742,3751,9,,0
update,3748,3753,3759,6,,1
inbound,3760,3764,3771,7,,3
update,3759,3764,3771,7,,2
update,3770,3775,3778,3,,4
update,3781,3786,3789,3,,5
update,3792,3797,3801,4,,6
update,3803,3808,3811,3,,7
update,3814,3818,3822,4,,8
inbound,3815,3820,3823,3,,9
update,3825,3830,3832,2,,10
update,3836,3841,3845,4,,11
update,3847,3851,3855,4,,12
update,3858,3863,3866,3,,13
update,3869,3874,3878,4,,14
update,3880,3885,3889,4,,15
update,3891,3895,3899,4,,0
update,3902,3907,3910,3,,1
update,3913,3918,3921,3,,2
update,3924,3929,3932,3,,3
inbound,4000,4005,4009,4,,5
update,4000,4005,4009,4,,4
update,4011,4016,4018,2,,6
update,4022,4027,4029,2,,7
inbound,4025,4029,4033,4,,8
update,4033,4038,4041,3,,9
update,4044,4048,4051,3,,10
update,4055,4059,4062,3,,11
update,4066,4071,4074,3,,12
update,4077,4081,4084,3,,13
update,4088,4093,4096,3,,14
update,4099,4104,4107,3,,15
inbound,4100,4105,4108,3,,0
update,4110,4114,4117,3,,1
update,4121,4126,4129,3,,2
update,4132,4136,4139,3,,3
update,4143,4148,4151,3,,4
update,4154,4159,4162,3,,5
inbound,4155,4160,4163,3,,6
update,4165,4170,4173,3,,7
update,4176,4180,4184,4,,8
update,4187,4192,4196,4,,9
update,4198,4203,4206,3,,10
inbound,4200,4205,4208,3,,11
update,4209,4213,4217,4,,12
inbound,4210,4215,4218,3,,13
update,4220,4224,4227,3,,14
inbound,4225,4229,4233,4,,15
update,4231,4235,4239,4,,0
update,4242,4246,4249,3,,1
update,4253,4258,4261,3,,2
update,4264,4269,4273,4,,3
inbound,4265,4270,4273,3,,4
update,4275,4280,4283,3,,5
update,4286,4291,4294,3,,6
update,4297,4301,4304,3,,7
update,4308,4313,4316,3,,8
update,4319,4324,4328,4,,9
inbound,4320,4325,4329,4,,10
update,4330,4335,4338,3,,11
update,4341,4345,4349,4,,12
update,4352,4357,4360,3,,13
update,4363,4368,4371,3,,14
update,4374,4378,4382,4,,15
inbound,4375,4380,4383,3,,0
update,4385,4390,4393,3,,1
update,4396,4401,4404,3,,2
inbound,4400,4405,4408,3,,3
update,4407,4412,4416,4,,4
update,4418,4422,4426,4,,5
inbound,4425,4429,4432,3,,6
update,4429,4433,4437,4,,7
inbound,4430,4436,4439,3,,8
update,4440,4444,4447,3,,9
update,4451,4455,4458,3,,10
update,4462,4466,4470,4,,11
update,4473,4477,4481,4,,12
update,4484,4489,4496,7,,13
inbound,4485,4490,4496,6,,14
update,4495,4500,4503,3,,15
update,4506,4511,4514,3,,0
update,4517,4522,4525,3,,1
update,4528,4532,4535,3,,2
update,4539,4544,4548,4,,3
inbound,4540,4545,4548,3,,4
update,4550,4554,4557,3,,5
update,4561,4566,4569,3,,6
update,4572,4577,4581,4,,7
update,4583,4588,4591,3,,8
update,4594,4599,4603,4,,9
inbound,4595,4600,4605,5,,10
update,4605,4610,4614,4,,11
update,4616,4621,4624,3,,12
update,4627,4631,4635,4,,13
update,4638,4642,4645,3,,14
update,4649,4654,4658,4,,15
inbound,4650,4654,4658,4,,0
update,4660,4665,4668,3,,1
update,4671,4676,4678,2,,2
update,4682,4687,4690,3,,3
update,4693,4698,4701,3,,4
inbound,4705,4709,4713,4,,6
update,4704,4709,4714,5,,5
update,4715,4720,4725,5,,7
update,4726,4731,4734,3,,8
update,4737,4741,4744,3,,9
update,4748,4752,4756,4,,10
update,4759,4764,4768,4,,11
inbound,4760,4765,4769,4,,12
update,4770,4775,4778,3,,13
update,4781,4785,4789,4,,14
update,4792,4797,4800,3,,15
update,4803,4808,4812,4,,0
update,4814,4819,4823,4,,1
inbound,4815,4819,4824,5,,2
update,4825,4829,4833,4,,3
update,4836,4841,4845,4,,4
update,4847,4851,4856,5,,5
update,4858,4863,4867,4,,6
update,4869,4874,4877,3,,7
update,4880,4885,4888,3,,8
update,4891,4895,4900,5,,9
update,4902,4906,4912,6,,10
update,4913,4918,4925,7,,11
update,4924,4929,4936,7,,12
update,5000,5004,5008,4,,13
inbound,5000,5007,5010,3,,14
update,5011,5016,5019,3,,15
update,5022,5027,5029,2,,0
inbound,5025,5032,5037,5,,1
update,5033,5037,5043,6,,2
update,5044,5049,5052,3,,3
update,5055,5060,5063,3,,4
update,5066,5071,5074,3,,5
update,5077,5081,5085,4,,6
update,5088,5093,5096,3,,7
update,5099,5104,5107,3,,8
inbound,5100,5107,5111,4,,9
update,5110,5115,5118,3,,10
update,5121,5125,5128,3,,11
update,5132,5137,5141,4,,12
update,5143,5148,5151,3,,13
update,5154,5159,5162,3,,14
inbound,5155,5162,5166,4,,15
update,5165,5170,5174,4,,0
update,5176,5180,5184,4,,1
update,5187,5191,5196,5,,2
update,5198,5203,5206,3,,3
inbound,5200,5207,5210,3,,4
update,5209,5214,5217,3,,5
inbound,5210,5216,5220,4,,6
update,5220,5225,5227,2,,7
inbound,5225,5232,5236,4,,8
update,5231,5236,5239,3,,9
update,5242,5247,5250,3,,10
update,5253,5258,5261,3,,11
update,5264,5269,5272,3,,12
inbound,5265,5272,5275,3,,13
update,5275,5280,5283,3,,14
update,5286,5291,5294,3,,15
update,5297,5302,5305,3,,0
update,5308,5313,5315,2,,1
update,5319,5324,5327,3,,2
inbound,5320,5327,5334,7,,3
update,5330,5334,5337,3,,4
update,5341,5345,5348,3,,5
update,5352,5357,5360,3,,6
update,5363,5368,5371,3,,7
update,5374,5379,5382,3,,8
inbound,5375,5382,5386,4,,9
update,5385,5390,5392,2,,10
update,5396,5401,5404,3,,11
inbound,5400,5407,5410,3,,12
update,5407,5412,5415,3,,13
update,5418,5422,5425,3,,14
inbound,5425,5432,5435,3,,15
update,5429,5433,5436,3,,0
inbound,5430,5437,5441,4,,1
update,5440,5444,5448,4,,2
update,5451,5455,5459,4,,3
update,5462,5466,5469,3,,4
update,5473,5478,5482,4,,5
update,5484,5488,5491,3,,6
inbound,5485,5491,5494,3,,7
update,5495,5499,5502,3,,8
update,5506,5511,5513,2,,9
update,5517,5522,5524,2,,10
update,5528,5532,5535,3,,11
update,5539,5544,5546,2,,12
inbound,5540,5546,5549,3,,13
update,5550,5554,5557,3,,14
update,5561,5566,5569,3,,15
update,5572,5576,5579,3,,0
update,5583,5588,5592,4,,1
update,5594,5598,5601,3,,2
inbound,5595,5602,5604,2,,3
update,5605,5610,5613,3,,4
update,5616,5621,5624,3,,5
update,5627,5631,5635,4,,6
update,5638,5642,5646,4,,7
update,5649,5654,5657,3,,8
inbound,5650,5656,5659,3,,9
update,5660,5667,5669,2,,10
update,5671,5678,5681,3,,11
update,5682,5689,5691,2,,12
update,5693,5699,5702,3,,13
update,5704,5711,5714,3,,14
inbound,5705,5712,5716,4,,15
update,5715,5722,5725,3,,0
update,5726,5732,5740,8,,1
update,5737,5744,5748,4,,2
update,5748,5755,5758,3,,3
update,5759,5765,5769,4,,4
inbound,5760,5767,5770,3,,5
update,5770,5777,5780,3,,6
update,5781,5788,5791,3,,7
update,5792,5799,5801,2,,8
update,5803,5810,5813,3,,9
update,5814,5820,5824,4,,10
inbound,5815,5822,5826,4,,11
update,5825,5832,5835,3,,12
update,5836,5843,5846,3,,13
update,5847,5853,5856,3,,14
update,5858,5864,5868,4,,15
update,5869,5876,5879,3,,0
update,5880,5886,5889,3,,1
update,5891,5898,5901,3,,2
update,5902,5909,5911,2,,3
update,5913,5919,5922,3,,4
update,5924,5930,5934,4,,5
update,6000,6007,6011,4,,6
inbound,6000,6007,6011,4,,7
update,6011,6018,6021,3,,8
update,6022,6029,6032,3,,9
inbound,6025,6031,6034,3,,10
update,6033,6040,6042,2,,11
update,6044,6051,6053,2,,12
update,6055,6062,6065,3,,13
update,6066,6073,6076,3,,14
update,6077,6084,6087,3,,15
update,6088,6095,6098,3,,0
update,6099,6106,6109,3,,1
inbound,6100,6107,6110,3,,2
update,6110,6116,6119,3,,3
update,6121,6128,6131,3,,4
update,6132,6139,6142,3,,5
update,6143,6150,6153,3,,6
update,6154,6161,6164,3,,7
inbound,6155,6162,6165,3,,8
update,6165,6172,6176,4,,9
update,6176,6183,6186,3,,10
update,6187,6194,6197,3,,11
update,6198,6205,6209,4,,12
inbound,6200,6208,6214,6,,13
inbound,6210,6217,6220,3,,15
update,6209,6216,6221,5,,14
update,6220,6227,6229,2,,0
inbound,6225,6232,6234,2,,1
update,6231,6237,6241,4,,2
update,6242,6249,6253,4,,3
update,6253,6259,6264,5,,4
update,6264,6270,6274,4,,5
inbound,6265,6272,6275,3,,6
update,6275,6282,6285,3,,7
update,6286,6293,6295,2,,8
update,6297,6304,6307,3,,9
update,6308,6315,6318,3,,10
update,6319,6326,6329,3,,11
inbound,6320,6327,6330,3,,12
update,6330,6337,6340,3,,13
update,6341,6348,6350,2,,14
update,6352,6359,6361,2,,15
update,6363,6370,6373,3,,0
update,6374,6381,6384,3,,1
inbound,6375,6382,6385,3,,2
update,6385,6392,6394,2,,3
update,6396,6403,6406,3,,4
inbound,6400,6407,6410,3,,5
update,6407,6413,6416,3,,6
update,6418,6424,6428,4,,7
inbound,6425,6432,6437,5,,8
update,6429,6436,6439,3,,9
inbound,6430,6436,6440,4,,10
update,6440,6447,6450,3,,11
update,6451,6458,6461,3,,12
update,6462,6469,6472,3,,13
update,6473,6480,6483,3,,14
update,6484,6490,6494,4,,15
inbound,6485,6492,6495,3,,0
update,6495,6502,6505,3,,1
update,6506,6513,6515,2,,2
update,6517,6524,6526,2,,3
update,6528,6535,6538,3,,4
update,6539,6546,6549,3,,5
inbound,6540,6547,6550,3,,6
update,6550,6557,6560,3,,7
update,6561,6568,6571,3,,8
update,6572,6579,6583,4,,9
update,6583,6589,6592,3,,10
update,6594,6601,6604,3,,11
inbound,6595,6602,6605,3,,12
update,6605,6611,6614,3,,13
update,6616,6622,6625,3,,14
update,6627,6633,6636,3,,15
update,6638,6645,6647,2,,0
update,6649,6656,6659,3,,1
inbound,6650,6657,6660,3,,2
update,6660,6667,6670,3,,3
update,6671,6678,6681,3,,4
update,6682,6689,6692,3,,5
update,6693,6700,6703,3,,6
update,6704,6711,6714,3,,7
inbound,6705,6712,6716,4,,8
update,6715,6722,6725,3,,9
update,6726,6733,6737,4,,10
update,6737,6743,6746,3,,11
update,6748,6755,6757,2,,12
update,6759,6766,6769,3,,13
inbound,6760,6767,6769,2,,14
update,6770,6777,6780,3,,15
update,6781,6788,6792,4,,0
update,6792,6798,6803,5,,1
update,6803,6810,6815,5,,2
inbound,6815,6822,6826,4,,4
update,6814,6821,6826,5,,3
update,6825,6832,6838,6,,5
update,6836,6843,6848,5,,6
update,6847,6854,6857,3,,7
update,6858,6865,6868,3,,8
update,6869,6876,6880,4,,9
update,6880,6887,6890,3,,10
update,6891,6898,6902,4,,11
update,6902,6909,6912,3,,12
update,6913,6920,6923,3,,13
update,6924,6931,6934,3,,14
inbound,7000,7007,7011,4,,0
update,7000,7007,7012,5,,15
update,7011,7018,7022,4,,1
update,7022,7029,7034,5,,2
inbound,7025,7032,7036,4,,3
update,7033,7039,7042,3,,4
update,7044,7050,7054,4,,5
update,7055,7062,7065,3,,6
update,7066,7072,7075,3,,7
update,7077,7084,7088,4,,8
update,7088,7095,7098,3,,9
update,7099,7106,7111,5,,10
inbound,7100,7107,7111,4,,11
update,7110,7116,7119,3,,12
update,7121,7128,7131,3,,13
update,7132,7139,7142,3,,14
update,7143,7149,7152,3,,15
update,7154,7161,7164,3,,0
inbound,7155,7162,7166,4,,1
update,7165,7172,7174,2,,2
update,7176,7183,7186,3,,3
update,7187,7194,7197,3,,4
inbound,7200,7207,7210,3,,6
update,7198,7205,7210,5,,5
update,7209,7216,7220,4,,7
inbound,7210,7217,7221,4,,8
update,7220,7226,7229,3,,9
inbound,7225,7232,7235,3,,10
update,7231,7237,7241,4,,11
update,7242,7248,7252,4,,12
update,7253,7260,7262,2,,13
update,7264,7271,7274,3,,14
inbound,7265,7272,7276,4,,15
update,7275,7282,7284,2,,0
update,7286,7293,7296,3,,1
update,7297,7304,7306,2,,2
update,7308,7315,7318,3,,3
update,7319,7325,7329,4,,4
inbound,7320,7327,7329,2,,5
update,7330,7337,7340,3,,6
update,7341,7348,7351,3,,7
update,7352,7359,7362,3,,8
update,7363,7370,7373,3,,9
update,7374,7381,7385,4,,10
inbound,7375,7382,7386,4,,11
update,7385,7391,7394,3,,12
update,7396,7403,7406,3,,13
inbound,7400,7406,7409,3,,14
update,7407,7414,7417,3,,15
update,7418,7424,7427,3,,0
inbound,7425,7432,7435,3,,1
update,7429,7435,7439,4,,2
inbound,7430,7437,7440,3,,3
update,7440,7446,7449,3,,4
update,7451,7458,7461,3,,5
update,7462,7469,7472,3,,6
update,7473,7479,7483,4,,7
update,7484,7491,7494,3,,8
inbound,7485,7492,7496,4,,9
update,7495,7502,7505,3,,10
update,7506,7512,7515,3,,11
update,7517,7523,7526,3,,12
update,7528,7535,7538,3,,13
update,7539,7546,7549,3,,14
inbound,7540,7548,7551,3,,15
update,7550,7557,7559,2,,0
update,7561,7568,7571,3,,1
update,7572,7579,7583,4,,2
update,7583,7590,7593,3,,3
update,7594,7600,7605,5,,4
inbound,7595,7603,7606,3,,5
update,7605,7612,7615,3,,6
update,7616,7623,7626,3,,7
update,7627,7634,7637,3,,8
update,7638,7645,7648,3,,9
update,7649,7656,7660,4,,10
inbound,7650,7658,7661,3,,11
update,7660,7667,7670,3,,12
update,7671,7678,7680,2,,13
update,7682,7689,7692,3,,14
update,7693,7700,7703,3,,15
update,7704,7710,7713,3,,0
inbound,7705,7713,7716,3,,1
update,7715,7722,7725,3,,2
update,7726,7733,7735,2,,3
update,7737,7744,7750,6,,4
update,7748,7754,7768,14,,5
update,7759,7766,7770,4,,6
inbound,7760,7768,7770,2,,7
update,7770,7776,7779,3,,8
update,7781,7788,7791,3,,9
update,7792,7799,7802,3,,10
update,7803,7810,7813,3,,11
update,7814,7820,7825,5,,12
inbound,7815,7823,7826,3,,13
update,7825,7832,7836,4,,14
update,7836,7843,7847,4,,15
update,7847,7854,7859,5,,0
update,7858,7865,7868,3,,1
update,7869,7875,7878,3,,2
update,7880,7886,7889,3,,3
update,7891,7898,7901,3,,4
update,7902,7909,7913,4,,5
update,7913,7919,7922,3,,6
update,7924,7931,7935,4,,7
update,8000,8008,8013,5,,8
inbound,8000,8008,8014,6,,9
update,8011,8019,8022,3,,10
update,8022,8030,8034,4,,11
inbound,8025,8033,8038,5,,12
update,8033,8041,8044,3,,13
update,8044,8051,8055,4,,14
update,8055,8062,8066,4,,15
update,8066,8073,8078,5,,0
update,8077,8085,8088,3,,1
update,8088,8096,8099,3,,2
inbound,8100,8107,8111,4,,4
update,8099,8107,8112,5,,3
update,8110,8118,8121,3,,5
update,8121,8128,8132,4,,6
update,8132,8139,8143,4,,7
update,8143,8151,8155,4,,8
update,8154,8162,8166,4,,9
inbound,8155,8162,8168,6,,10
update,8165,8172,8175,3,,11
update,8176,8184,8188,4,,12
update,8187,8195,8198,3,,13
update,8198,8206,8210,4,,14
inbound,8200,8207,8211,4,,15
update,8209,8216,8220,4,,0
inbound,8210,8218,8221,3,,1
update,8220,8228,8231,3,,2
inbound,8225,8233,8237,4,,3
update,8231,8238,8241,3,,4
update,8242,8249,8253,4,,5
update,8253,8261,8264,3,,6
update,8264,8271,8274,3,,7
inbound,8265,8273,8277,4,,8
update,8275,8283,8286,3,,9
update,8286,8294,8297,3,,10
update,8297,8304,8308,4,,11
update,8308,8316,8319,3,,12
update,8319,8327,8331,4,,13
inbound,8320,8328,8332,4,,14
update,8330,8338,8341,3,,15
update,8341,8348,8352,4,,0
update,8352,8360,8363,3,,1
update,8363,8371,8374,3,,2
update,8374,8381,8385,4,,3
inbound,8375,8383,8386,3,,4
update,8385,8393,8396,3,,5
update,8396,8404,8409,5,,6
inbound,8400,8408,8412,4,,7
update,8407,8415,8417,2,,8
update,8418,8425,8428,3,,9
inbound,8425,8433,8436,3,,10
update,8429,8437,8441,4,,11
inbound,8430,8438,8442,4,,12
update,8440,8448,8451,3,,13
update,8451,8458,8461,3,,14
update,8462,8469,8473,4,,15
update,8473,8481,8485,4,,0
update,8484,8492,8495,3,,1
inbound,8485,8493,8497,4,,2
update,8495,8503,8507,4,,3
update,8506,8514,8517,3,,4
update,8517,8525,8528,3,,5
update,8528,8536,8540,4,,6
update,8539,8546,8550,4,,7
inbound,8540,8548,8551,3,,8
update,8550,8558,8561,3,,9
update,8561,8568,8571,3,,10
update,8572,8580,8583,3,,11
update,8583,8591,8595,4,,12
update,8594,8602,8605,3,,13
inbound,8595,8603,8607,4,,14
update,8605,8612,8615,3,,15
update,8616,8623,8627,4,,0
update,8627,8635,8638,3,,1
update,8638,8646,8650,4,,2
inbound,8650,8658,8662,4,,4
update,8649,8657,8664,7,,3
update,8660,8668,8671,3,,5
update,8671,8679,8683,4,,6
update,8682,8689,8692,3,,7
update,8693,8701,8705,4,,8
update,8704,8712,8715,3,,9
inbound,8705,8713,8717,4,,10
update,8715,8723,8726,3,,11
update,8726,8734,8736,2,,12
update,8737,8745,8753,8,,13
update,8748,8756,8759,3,,14
inbound,8760,8768,8771,3,,0
update,8759,8766,8772,6,,15
update,8770,8777,8780,3,,1
update,8781,8789,8793,4,,2
update,8792,8800,8803,3,,3
update,8803,8811,8814,3,,4
update,8814,8822,8826,4,,5
inbound,8815,8823,8827,4,,6
update,8825,8832,8835,3,,7
update,8836,8844,8847,3,,8
update,8847,8855,8858,3,,9
update,8858,8865,8868,3,,10
update,8869,8876,8879,3,,11
update,8880,8888,8891,3,,12
update,8891,8899,8902,3,,13
update,8902,8910,8913,3,,14
update,8913,8921,8924,3,,15
update,8924,8931,8935,4,,0
update,9000,9008,9011,3,,1
inbound,9000,9008,9013,5,,2
update,9011,9019,9022,3,,3
update,9022,9030,9034,4,,4
inbound,9025,9032,9036,4,,5
update,9033,9041,9045,4,,6
update,9044,9051,9055,4,,7
update,9055,9063,9066,3,,8
update,9066,9074,9076,2,,9
update,9077,9084,9088,4,,10
update,9088,9096,9099,3,,11
update,9099,9106,9110,4,,12
inbound,9100,9108,9113,5,,13
update,9110,9118,9121,3,,14
update,9121,9128,9132,4,,15
update,9132,9140,9143,3,,0
update,9143,9151,9154,3,,1
update,9154,9162,9165,3,,2
inbound,9155,9163,9166,3,,3
update,9165,9173,9176,3,,4
update,9176,9184,9187,3,,5
update,9187,9194,9197,3,,6
update,9198,9206,9209,3,,7
inbound,9200,9207,9211,4,,8
update,9209,9216,9220,4,,9
inbound,9210,9217,9221,4,,10
update,9220,9228,9231,3,,11
inbound,9225,9232,9236,4,,12
update,9231,9239,9243,4,,13
update,9242,9251,9254,3,,14
update,9253,9261,9264,3,,15
update,9264,9271,9275,4,,0
inbound,9265,9273,9277,4,,1
update,9275,9282,9286,4,,2
update,9286,9293,9296,3,,3
update,9297,9305,9308,3,,4
update,9308,9316,9319,3,,5
update,9319,9326,9329,3,,6
inbound,9320,9327,9332,5,,7
update,9330,9337,9340,3,,8
update,9341,9349,9352,3,,9
update,9352,9360,9363,3,,10
update,9363,9370,9374,4,,11
update,9374,9381,9385,4,,12
inbound,9375,9383,9387,4,,13
update,9385,9393,9397,4,,14
inbound,9400,9408,9415,7,,0
update,9396,9403,9415,12,,15
update,9407,9415,9419,4,,1
update,9418,9426,9429,3,,2
inbound,9425,9432,9435,3,,3
update,9429,9437,9441,4,,4
inbound,9430,9439,9442,3,,5
update,9440,9448,9451,3,,6
update,9451,9458,9462,4,,7
update,9462,9469,9473,4,,8
update,9473,9480,9485,5,,9
update,9484,9491,9495,4,,10
inbound,9485,9493,9498,5,,11
update,9495,9503,9507,4,,12
update,9506,9514,9517,3,,13
update,9517,9524,9528,4,,14
update,9528,9536,9539,3,,15
update,9539,9547,9552,5,,0
inbound,9540,9548,9552,4,,1
update,9550,9558,9561,3,,2
update,9561,9569,9573,4,,3
update,9572,9580,9584,4,,4
update,9583,9591,9594,3,,5
update,9594,9602,9606,4,,6
inbound,9595,9603,9609,6,,7
update,9605,9613,9616,3,,8
update,9616,9624,9627,3,,9
update,9627,9635,9637,2,,10
update,9638,9646,9650,4,,11
update,9649,9657,9661,4,,12
inbound,9650,9658,9661,3,,13
update,9660,9667,9670,3,,14
update,9671,9679,9681,2,,15
update,9682,9690,9693,3,,0
update,9693,9701,9704,3,,1
update,9704,9712,9716,4,,2
inbound,9705,9712,9716,4,,3
update,9715,9722,9726,4,,4
update,9726,9734,9738,4,,5
update,9737,9745,9748,3,,6
update,9748,9756,9760,4,,7
inbound,9760,9768,9771,3,,9
update,9759,9767,9774,7,,8
update,9770,9778,9782,4,,10
update,9781,9789,9793,4,,11
update,9792,9799,9803,4,,12
update,9803,9811,9815,4,,13
update,9814,9822,9825,3,,14
inbound,9815,9823,9827,4,,15
update,9825,9833,9838,5,,0
update,9836,9843,9846,3,,1
update,9847,9854,9858,4,,2
update,9858,9865,9870,5,,3
update,9869,9877,9882,5,,4
update,9880,9888,9891,3,,5
update,9891,9899,9902,3,,6
update,9902,9909,9914,5,,7
update,9913,9921,9925,4,,8
update,9924,9932,9935,3,,9
inbound,10000,10008,10012,4,,11
update,10000,10008,10013,5,,10
update,10011,10019,10022,3,,12
update,10022,10030,10035,5,,13
inbound,10025,10032,10036,4,,14
update,10033,10041,10045,4,,15
update,10044,10052,10057,5,,0
update,10055,10062,10066,4,,1
update,10066,10073,10077,4,,2
update,10077,10084,10088,4,,3
update,10088,10096,10099,3,,4
update,10099,10107,10111,4,,5
inbound,10100,10108,10113,5,,6
update,10110,10118,10121,3,,7
update,10121,10129,10133,4,,8
update,10132,10140,10143,3,,9
update,10143,10151,10155,4,,10
update,10154,10162,10166,4,,11
inbound,10155,10163,10167,4,,12
update,10165,10173,10176,3,,13
update,10176,10184,10187,3,,14
update,10187,10195,10198,3,,15
update,10198,10205,10209,4,,0
inbound,10200,10208,10211,3,,1
update,10209,10216,10220,4,,2
inbound,10210,10218,10221,3,,3
update,10220,10228,10231,3,,4
inbound,10225,10233,10235,2,,5
update,10231,10239,10242,3,,6
update,10242,10249,10253,4,,7
update,10253,10261,10265,4,,8
update,10264,10272,10276,4,,9
inbound,10265,10273,10277,4,,10
update,10275,10283,10286,3,,11
update,10286,10294,10297,3,,12
update,10297,10305,10308,3,,13
update,10308,10316,10319,3,,14
update,10319,10327,10331,4,,15
inbound,10320,10328,10332,4,,0
update,10330,10338,10341,3,,1
update,10341,10348,10352,4,,2
update,10352,10360,10364,4,,3
update,10363,10371,10374,3,,4
update,10374,10382,10386,4,,5
inbound,10375,10383,10386,3,,6
update,10385,10393,10396,3,,7
update,10396,10404,10407,3,,8
inbound,10400,10407,10410,3,,9
update,10407,10415,10418,3,,10
update,10418,10426,10429,3,,11
inbound,10425,10433,10436,3,,12
update,10429,10437,10440,3,,13
inbound,10430,10438,10441,3,,14
update,10440,10448,10451,3,,15
update,10451,10459,10462,3,,0
update,10462,10470,10473,3,,1
update,10473,10480,10483,3,,2
update,10484,10491,10495,4,,3
inbound,10485,10493,10496,3,,4
update,10495,10503,10506,3,,5
update,10506,10514,10516,2,,6
update,10517,10524,10527,3,,7
update,10528,10536,10539,3,,8
update,10539,10547,10550,3,,9
inbound,10540,10548,10551,3,,10
update,10550,10558,10560,2,,11
update,10561,10569,10571,2,,12
update,10572,10580,10583,3,,13
update,10583,10591,10594,3,,14
update,10594,10602,10607,5,,15
inbound,10595,10602,10607,5,,0
update,10605,10612,10615,3,,1
update,10616,10623,10627,4,,2
update,10627,10634,10637,3,,3
update,10638,10645,10648,3,,4
update,10649,10657,10660,3,,5
inbound,10650,10658,10661,3,,6
update,10660,10668,10671,3,,7
update,10671,10679,10682,3,,8
update,10682,10689,10692,3,,9
update,10693,10700,10703,3,,10
update,10704,10711,10716,5,,11
inbound,10705,10713,10717,4,,12
update,10715,10723,10726,3,,13
update,10726,10734,10737,3,,14
update,10737,10745,10748,3,,15
update,10748,10755,10760,5,,0
inbound,10760,10767,10770,3,,2
update,10759,10767,10773,6,,1
update,10770,10778,10783,5,,3
update,10781,10789,10792,3,,4
update,10792,10800,10804,4,,5
update,10803,10810,10813,3,,6
update,10814,10822,10827,5,,7
inbound,10815,10823,10827,4,,8
update,10825,10832,10835,3,,9
update,10836,10843,10847,4,,10
update,10847,10855,10858,3,,11
update,10858,10865,10868,3,,12
update,10869,10877,10880,3,,13
update,10880,10888,10891,3,,14
update,10891,10899,10902,3,,15
update,10902,10909,10912,3,,0
update,10913,10920,10923,3,,1
update,10924,10931,10936,5,,2
inbound,11000,11008,11011,3,,4
update,11000,11008,11012,4,,3
update,11011,11018,11021,3,,5
update,11022,11030,11033,3,,6
inbound,11025,11033,11036,3,,7
update,11033,11040,11045,5,,8
update,11044,11052,11055,3,,9
update,11055,11063,11067,4,,10
update,11066,11074,11079,5,,11
update,11077,11086,11092,6,,12
update,11088,11096,11100,4,,13
update,11099,11107,11111,4,,14
inbound,11100,11108,11113,5,,15
update,11110,11117,11120,3,,0
update,11121,11128,11132,4,,1
update,11132,11140,11142,2,,2
update,11143,11151,11155,4,,3
update,11154,11162,11166,4,,4
inbound,11155,11163,11167,4,,5
update,11165,11173,11176,3,,6
update,11176,11184,11187,3,,7
update,11187,11195,11197,2,,8
update,11198,11205,11208,3,,9
inbound,11200,11207,11211,4,,10
inbound,11210,11217,11220,3,,12
update,11209,11217,11221,4,,11
update,11220,11228,11231,3,,13
inbound,11225,11233,11235,2,,14
update,11231,11238,11241,3,,15
update,11242,11250,11255,5,,0
update,11253,11261,11266,5,,1
update,11264,11271,11275,4,,2
inbound,11265,11272,11276,4,,3
update,11275,11282,11286,4,,4
update,11286,11294,11297,3,,5
update,11297,11305,11308,3,,6
update,11308,11316,11319,3,,7
update,11319,11326,11330,4,,8
inbound,11320,11328,11334,6,,9
update,11330,11338,11341,3,,10
update,11341,11349,11352,3,,11
update,11352,11360,11364,4,,12
update,11363,11371,11374,3,,13
inbound,11375,11382,11386,4,,15
update,11374,11382,11386,4,,14
update,11385,11392,11395,3,,0
update,11396,11403,11418,15,,1
update,11407,11414,11418,4,,3
inbound,11400,11407,11418,11,,2
update,11418,11425,11428,3,,4
inbound,11425,11432,11435,3,,5
inbound,11430,11437,11441,4,,7
update,11429,11437,11441,4,,6
update,11440,11448,11451,3,,8
update,11451,11458,11462,4,,9
update,11462,11470,11473,3,,10
update,11473,11481,11484,3,,11
update,11484,11492,11495,3,,12
inbound,11485,11493,11496,3,,13
update,11495,11503,11506,3,,14
update,11506,11514,11516,2,,15
update,11517,11525,11528,3,,0
update,11528,11536,11539,3,,1
update,11539,11547,11551,4,,2
inbound,11540,11548,11551,3,,3
update,11550,11558,11561,3,,4
update,11561,11568,11571,3,,5
update,11572,11580,11583,3,,6
update,11583,11591,11594,3,,7
update,11594,11602,11606,4,,8
inbound,11595,11602,11606,4,,9
update,11605,11613,11617,4,,10
update,11616,11623,11626,3,,11
update,11627,11635,11638,3,,12
update,11638,11646,11650,4,,13
update,11649,11656,11659,3,,14
inbound,11650,11657,11662,5,,15
update,11660,11668,11671,3,,0
update,11671,11679,11683,4,,1
update,11682,11689,11693,4,,2
update,11693,11701,11705,4,,3
inbound,11705,11712,11716,4,,5
update,11704,11712,11717,5,,4
update,11715,11722,11726,4,,6
update,11726,11734,11738,4,,7
update,11737,11745,11748,3,,8
update,11748,11756,11760,4,,9
inbound,11760,11768,11776,8,,11
update,11759,11767,11777,10,,10
update,11770,11777,11784,7,,12
update,11781,11788,11796,8,,13
update,11792,11799,11811,12,,14
update,11803,11811,11816,5,,15
inbound,11815,11822,11826,4,,1
update,11814,11822,11827,5,,0
update,11825,11833,11836,3,,2
update,11836,11844,11847,3,,3
update,11847,11855,11858,3,,4
update,11858,11866,11870,4,,5
update,11869,11877,11880,3,,6
update,11880,11888,11893,5,,7
update,11891,11899,11902,3,,8
update,11902,11910,11916,6,,9
update,11913,11920,11925,5,,10
update,11924,11931,11938,7,,11
update,12000,12008,12014,6,,12
inbound,12000,12008,12015,7,,13
update,12011,12019,12023,4,,14
update,12022,12030,12033,3,,15
inbound,12025,12033,12036,3,,0
update,12033,12041,12044,3,,1
update,12044,12052,12055,3,,2
update,12055,12063,12068,5,,3
update,12066,12074,12077,3,,4
update,12077,12085,12087,2,,5
update,12088,12095,12098,3,,6
update,12099,12106,12110,4,,7
inbound,12100,12108,12112,4,,8
update,12110,12118,12121,3,,9
update,12121,12129,12132,3,,10
update,12132,12139,12143,4,,11
update,12143,12151,12154,3,,12
update,12154,12162,12166,4,,13
inbound,12155,12163,12167,4,,14
update,12165,12173,12176,3,,15
update,12176,12184,12187,3,,0
update,12187,12195,12199,4,,1
update,12198,12206,12210,4,,2
inbound,12200,12207,12211,4,,3
update,12209,12217,12221,4,,4
inbound,12210,12217,12221,4,,5
update,12220,12228,12231,3,,6
inbound,12225,12233,12237,4,,7
update,12231,12239,12242,3,,8
update,12242,12250,12256,6,,9
update,12253,12261,12264,3,,10
update,12264,12272,12275,3,,11
inbound,12265,12273,12277,4,,12
update,12275,12283,12287,4,,13
update,12286,12293,12297,4,,14
update,12297,12304,12308,4,,15
update,12308,12316,12319,3,,0
update,12319,12327,12331,4,,1
inbound,12320,12327,12332,5,,2
update,12330,12338,12343,5,,3
update,12341,12349,12353,4,,4
update,12352,12359,12362,3,,5
update,12363,12370,12374,4,,6
inbound,12375,12383,12387,4,,8
update,12374,12382,12387,5,,7
update,12385,12392,12397,5,,9
update,12396,12404,12407,3,,10
inbound,12400,12407,12412,5,,11
update,12407,12415,12419,4,,12
update,12418,12426,12430,4,,13
inbound,12425,12433,12439,6,,14
update,12429,12436,12441,5,,15
inbound,12430,12438,12442,4,,0
update,12440,12448,12451,3,,1
update,12451,12458,12462,4,,2
update,12462,12470,12473,3,,3
update,12473,12481,12484,3,,4
update,12484,12492,12496,4,,5
inbound,12485,12493,12497,4,,6
update,12495,12502,12505,3,,7
update,12506,12514,12517,3,,8
update,12517,12525,12533,8,,9
update,12528,12536,12540,4,,10
inbound,12540,12547,12551,4,,12
update,12539,12547,12555,8,,11
update,12550,12558,12561,3,,13
update,12561,12569,12572,3,,14
update,12572,12580,12583,3,,15
update,12583,12591,12595,4,,0
update,12594,12601,12607,6,,1
inbound,12595,12603,12611,8,,2
update,12605,12613,12618,5,,3
update,12616,12624,12628,4,,4
update,12627,12635,12639,4,,5
update,12638,12646,12652,6,,6
inbound,12650,12658,12662,4,,8
update,12649,12657,12663,6,,7
update,12660,12667,12671,4,,9
update,12671,12679,12683,4,,10
update,12682,12690,12693,3,,11
update,12693,12701,12705,4,,12
inbound,12705,12713,12726,13,,14
update,12715,12723,12727,4,,15
update,12704,12712,12727,15,,13
update,12726,12734,12738,4,,0
update,12737,12745,12748,3,,1
update,12748,12756,12759,3,,2
update,12759,12767,12771,4,,3
inbound,12760,12768,12772,4,,4
update,12770,12778,12783,5,,5
update,12781,12789,12793,4,,6
update,12792,12799,12804,5,,7
update,12803,12811,12814,3,,8
update,12814,12822,12825,3,,9
inbound,12815,12823,12828,5,,10
update,12825,12833,12836,3,,11
update,12836,12844,12849,5,,12
update,12847,12855,12858,3,,13
update,12858,12866,12869,3,,14
update,12869,12877,12880,3,,15
update,12880,12888,12891,3,,0
update,12891,12899,12902,3,,1
update,12902,12910,12913,3,,2
update,12913,12920,12924,4,,3
update,12924,12932,12934,2,,4
update,13000,13008,13012,4,,5
inbound,13000,13008,13014,6,,6
update,13011,13019,13023,4,,7
update,13022,13030,13034,4,,8
inbound,13025,13034,13038,4,,9
update,13033,13041,13044,3,,10
update,13044,13052,13055,3,,11
update,13055,13063,13066,3,,12
update,13066,13074,13077,3,,13
update,13077,13084,13087,3,,14
update,13088,13095,13099,4,,15
update,13099,13108,13111,3,,0
inbound,13100,13109,13112,3,,1
update,13110,13118,13121,3,,2
update,13121,13130,13134,4,,3
update,13132,13141,13144,3,,4
update,13143,13152,13156,4,,5
inbound,13155,13164,13168,4,,7
update,13154,13163,13168,5,,6
update,13165,13174,13177,3,,8
update,13176,13185,13188,3,,9
update,13187,13195,13198,3,,10
update,13198,13207,13210,3,,11
inbound,13200,13209,13212,3,,12
update,13209,13217,13221,4,,13
inbound,13210,13219,13223,4,,14
update,13220,13228,13232,4,,15
inbound,13225,13234,13238,4,,0
update,13231,13240,13243,3,,1
update,13242,13250,13253,3,,2
update,13253,13261,13264,3,,3
update,13264,13273,13277,4,,4
inbound,13265,13274,13278,4,,5
update,13275,13284,13286,2,,6
update,13286,13295,13298,3,,7
update,13297,13306,13310,4,,8
update,13308,13317,13320,3,,9
update,13319,13328,13331,3,,10
inbound,13320,13329,13333,4,,11
update,13330,13339,13342,3,,12
update,13341,13349,13352,3,,13
update,13352,13361,13364,3,,14
update,13363,13372,13375,3,,15
inbound,13375,13383,13386,3,,1
update,13374,13383,13388,5,,0
update,13385,13394,13396,2,,2
update,13396,13405,13408,3,,3
inbound,13400,13409,13412,3,,4
update,13407,13415,13419,4,,5
update,13418,13427,13430,3,,6
inbound,13425,13434,13438,4,,7
inbound,13430,13439,13442,3,,9
update,13429,13437,13443,6,,8
update,13440,13449,13452,3,,10
update,13451,13460,13463,3,,11
update,13462,13470,13474,4,,12
update,13473,13482,13485,3,,13
update,13484,13492,13496,4,,14
inbound,13485,13493,13497,4,,15
update,13495,13504,13507,3,,0
update,13506,13515,13518,3,,1
update,13517,13526,13529,3,,2
update,13528,13537,13541,4,,3
update,13539,13548,13552,4,,4
inbound,13540,13548,13552,4,,5
update,13550,13559,13562,3,,6
update,13561,13569,13572,3,,7
update,13572,13580,13583,3,,8
update,13583,13591,13594,3,,9
update,13594,13603,13606,3,,10
inbound,13595,13604,13608,4,,11
update,13605,13614,13618,4,,12
update,13616,13625,13628,3,,13
update,13627,13635,13638,3,,14
update,13638,13647,13650,3,,15
update,13649,13658,13662,4,,0
inbound,13650,13659,13664,5,,1
update,13660,13669,13672,3,,2
update,13671,13680,13683,3,,3
update,13682,13691,13693,2,,4
update,13693,13702,13705,3,,5
update,13704,13713,13717,4,,6
inbound,13705,13714,13718,4,,7
update,13715,13724,13727,3,,8
update,13726,13735,13738,3,,9
update,13737,13746,13749,3,,10
update,13748,13757,13760,3,,11
update,13759,13768,13771,3,,12
inbound,13760,13769,13772,3,,13
update,13770,13778,13781,3,,14
update,13781,13790,13794,4,,15
update,13792,13800,13805,5,,0
update,13803,13812,13815,3,,1
update,13814,13823,13826,3,,2
inbound,13815,13824,13826,2,,3
update,13825,13834,13838,4,,4
update,13836,13845,13848,3,,5
update,13847,13856,13859,3,,6
update,13858,13867,13870,3,,7
update,13869,13878,13882,4,,8
update,13880,13888,13892,4,,9
update,13891,13900,13903,3,,10
update,13902,13911,13914,3,,11
update,13913,13922,13925,3,,12
update,13924,13933,13936,3,,13
inbound,14000,14009,14012,3,,15
update,14000,14009,14013,4,,14
update,14011,14020,14023,3,,0
update,14022,14031,14034,3,,1
inbound,14025,14034,14037,3,,2
update,14033,14042,14045,3,,3
update,14044,14053,14056,3,,4
update,14055,14064,14067,3,,5
update,14066,14075,14078,3,,6
update,14077,14085,14089,4,,7
update,14088,14096,14099,3,,8
update,14099,14108,14112,4,,9
inbound,14100,14109,14113,4,,10
update,14110,14119,14122,3,,11
update,14121,14130,14133,3,,12
update,14132,14141,14144,3,,13
update,14143,14152,14155,3,,14
update,14154,14163,14166,3,,15
inbound,14155,14164,14168,4,,0
update,14165,14174,14177,3,,1
update,14176,14185,14188,3,,2
update,14187,14195,14199,4,,3
update,14198,14207,14210,3,,4
inbound,14200,14209,14213,4,,5
update,14209,14218,14222,4,,6
inbound,14210,14219,14223,4,,7
update,14220,14228,14231,3,,8
inbound,14225,14234,14238,4,,9
update,14231,14239,14243,4,,10
update,14242,14250,14254,4,,11
update,14253,14262,14264,2,,12
inbound,14265,14273,14277,4,,14
update,14264,14273,14278,5,,13
update,14275,14284,14287,3,,15
update,14286,14295,14298,3,,0
update,14297,14305,14308,3,,1
update,14308,14317,14320,3,,2
update,14319,14328,14331,3,,3
inbound,14320,14329,14332,3,,4
update,14330,14338,14342,4,,5
update,14341,14349,14353,4,,6
update,14352,14360,14363,3,,7
update,14363,14372,14376,4,,8
update,14374,14383,14387,4,,9
inbound,14375,14384,14389,5,,10
update,14385,14393,14396,3,,11
update,14396,14405,14408,3,,12
inbound,14400,14409,14412,3,,13
update,14407,14416,14419,3,,14
update,14418,14426,14430,4,,15
inbound,14425,14433,14436,3,,0
update,14429,14438,14442,4,,1
inbound,14430,14439,14442,3,,2
update,14440,14449,14452,3,,3
update,14451,14460,14464,4,,4
update,14462,14471,14473,2,,5
update,14473,14481,14485,4,,6
update,14484,14493,14496,3,,7
inbound,14485,14494,14497,3,,8
update,14495,14503,14506,3,,9
update,14506,14515,14518,3,,10
update,14517,14526,14529,3,,11
update,14528,14536,14539,3,,12
update,14539,14548,14551,3,,13
inbound,14540,14548,14552,4,,14
update,14550,14559,14562,3,,15
update,14561,14569,14573,4,,0
update,14572,14581,14583,2,,1
update,14583,14591,14595,4,,2
update,14594,14603,14607,4,,3
inbound,14595,14604,14609,5,,4
update,14605,14614,14619,5,,5
update,14616,14624,14628,4,,6
update,14627,14635,14640,5,,7
update,14638,14647,14651,4,,8
update,14649,14658,14664,6,,9
inbound,14650,14659,14664,5,,10
update,14660,14669,14673,4,,11
update,14671,14679,14685,6,,12
update,14682,14691,14695,4,,13
update,14693,14701,14706,5,,14
update,14704,14713,14718,5,,15
inbound,14705,14713,14718,5,,0
update,14715,14724,14731,7,,1
update,14726,14735,14738,3,,2
update,14737,14746,14748,2,,3
update,14748,14757,14760,3,,4
update,14759,14768,14772,4,,5
inbound,14760,14769,14772,3,,6
update,14770,14779,14782,3,,7
update,14781,14790,14795,5,,8
update,14792,14801,14805,4,,9
update,14803,14812,14818,6,,10
inbound,14815,14823,14827,4,,12
update,14814,14823,14827,4,,11
update,14825,14833,14837,4,,13
update,14836,14845,14848,3,,14
update,14847,14856,14859,3,,15
update,14858,14867,14870,3,,0
update,14869,14878,14883,5,,1
update,14880,14889,14893,4,,2
update,14891,14899,14902,3,,3
update,14902,14911,14914,3,,4
update,14913,14921,14924,3,,5
update,14924,14933,14937,4,,6
inbound,15000,15009,15014,5,,8
update,15000,15009,15016,7,,7
update,15011,15020,15024,4,,9
update,15022,15031,15041,10,,10
inbound,15025,15033,15041,8,,11
update,15033,15041,15045,4,,12
update,15044,15053,15057,4,,13
update,15055,15064,15069,5,,14
update,15066,15074,15080,6,,15
update,15077,15086,15091,5,,0
update,15088,15097,15101,4,,1
update,15099,15107,15111,4,,2
inbound,15100,15109,15114,5,,3
update,15110,15119,15122,3,,4
update,15121,15129,15133,4,,5
update,15132,15141,15144,3,,6
update,15143,15151,15155,4,,7
update,15154,15163,15166,3,,8
inbound,15155,15164,15167,3,,9
update,15165,15174,15177,3,,10
update,15176,15185,15188,3,,11
update,15187,15196,15199,3,,12
update,15198,15207,15210,3,,13
inbound,15200,15209,15212,3,,14
update,15209,15217,15221,4,,15
inbound,15210,15219,15222,3,,0
update,15220,15228,15232,4,,1
inbound,15225,15233,15239,6,,2
update,15231,15240,15243,3,,3
update,15242,15250,15254,4,,4
update,15253,15262,15266,4,,5
update,15264,15273,15278,5,,6
inbound,15265,15274,15279,5,,7
update,15275,15284,15287,3,,8
update,15286,15295,15298,3,,9
update,15297,15305,15310,5,,10
update,15308,15317,15321,4,,11
update,15319,15328,15333,5,,12
inbound,15320,15328,15333,5,,13
update,15330,15338,15343,5,,14
update,15341,15350,15354,4,,15
update,15352,15360,15365,5,,0
update,15363,15372,15376,4,,1
update,15374,15382,15386,4,,2
inbound,15375,15384,15388,4,,3
update,15385,15394,15397,3,,4
update,15396,15404,15408,4,,5
inbound,15400,15409,15412,3,,6
update,15407,15415,15418,3,,7
update,15418,15427,15430,3,,8
inbound,15425,15433,15436,3,,9
update,15429,15438,15441,3,,10
inbound,15430,15439,15442,3,,11
update,15440,15449,15453,4,,12
update,15451,15460,15464,4,,13
update,15462,15471,15475,4,,14
update,15473,15482,15486,4,,15
update,15484,15492,15503,11,,0
inbound,15485,15495,15503,8,,1
update,15495,15503,15506,3,,2
update,15506,15515,15518,3,,3
update,15517,15525,15529,4,,4
update,15528,15537,15541,4,,5
update,15539,15548,15552,4,,6
inbound,15540,15549,15553,4,,7
update,15550,15559,15563,4,,8
update,15561,15570,15573,3,,9
update,15572,15581,15584,3,,10
update,15583,15591,15594,3,,11
update,15594,15603,15607,4,,12
inbound,15595,15604,15608,4,,13
update,15605,15614,15617,3,,14
update,15616,15625,15629,4,,15
update,15627,15636,15639,3,,0
update,15638,15646,15650,4,,1
update,15649,15657,15661,4,,2
inbound,15650,15658,15663,5,,3
update,15660,15669,15672,3,,4
update,15671,15680,15683,3,,5
update,15682,15691,15694,3,,6
update,15693,15702,15705,3,,7
inbound,15705,15714,15718,4,,9
update,15704,15713,15718,5,,8
update,15715,15724,15726,2,,10
update,15726,15735,15738,3,,11
update,15737,15746,15749,3,,12
update,15748,15756,15759,3,,13
update,15759,15767,15771,4,,14
inbound,15760,15769,15772,3,,15
update,15770,15779,15782,3,,0
update,15781,15790,15793,3,,1
update,15792,15801,15807,6,,2
update,15803,15812,15817,5,,3
inbound,15815,15824,15826,2,,5
update,15814,15822,15826,4,,4
update,15825,15834,15837,3,,6
update,15836,15845,15848,3,,7
update,15847,15856,15859,3,,8
update,15858,15867,15871,4,,9
update,15869,15878,15881,3,,10
update,15880,15889,15892,3,,11
update,15891,15900,15903,3,,12
update,15902,15911,15914,3,,13
update,15913,15922,15926,4,,14
update,15924,15933,15937,4,,15
update,16000,16009,16013,4,,0
inbound,16000,16009,16014,5,,1
update,16011,16019,16022,3,,2
update,16022,16031,16034,3,,3
inbound,16025,16033,16037,4,,4
update,16033,16042,16046,4,,5
update,16044,16053,16056,3,,6
update,16055,16064,16067,3,,7
update,16066,16075,16079,4,,8
update,16077,16086,16089,3,,9
update,16088,16097,16101,4,,10
update,16099,16108,16111,3,,11
inbound,16100,16109,16114,5,,12
update,16110,16119,16122,3,,13
update,16121,16130,16133,3,,14
update,16132,16140,16144,4,,15
update,16143,16152,16157,5,,0
update,16154,16163,16167,4,,1
inbound,16155,16164,16168,4,,2
update,16165,16174,16177,3,,3
update,16176,16185,16189,4,,4
update,16187,16196,16200,4,,5
update,16198,16207,16210,3,,6
inbound,16200,16209,16213,4,,7
update,16209,16217,16221,4,,8
inbound,16210,16219,16223,4,,9
update,16220,16229,16232,3,,10
inbound,16225,16233,16237,4,,11
update,16231,16239,16242,3,,12
update,16242,16251,16254,3,,13
update,16253,16261,16266,5,,14
update,16264,16273,16278,5,,15
inbound,16265,16274,16278,4,,0
update,16275,16284,16289,5,,1
update,16286,16295,16300,5,,2
update,16297,16306,16311,5,,3
update,16308,16316,16320,4,,4
inbound,16320,16329,16333,4,,6
update,16319,16328,16337,9,,5
update,16330,16339,16343,4,,7
update,16341,16349,16356,7,,8
update,16352,16361,16365,4,,9
update,16363,16372,16376,4,,10
update,16374,16383,16386,3,,11
inbound,16375,16384,16388,4,,12
update,16385,16394,16398,4,,13
update,16396,16405,16408,3,,14
inbound,16400,16408,16413,5,,15
update,16407,16415,16420,5,,0
update,16418,16427,16430,3,,1
inbound,16425,16434,16437,3,,2
inbound,16430,16438,16442,4,,4
update,16429,16438,16442,4,,3
update,16440,16449,16453,4,,5
update,16451,16460,16463,3,,6
update,16462,16471,16474,3,,7
update,16473,16482,16486,4,,8
update,16484,16493,16497,4,,9
inbound,16485,16493,16497,4,,10
update,16495,16504,16506,2,,11
update,16506,16515,16518,3,,12
update,16517,16526,16529,3,,13
update,16528,16537,16539,2,,14
inbound,16540,16549,16552,3,,0
update,16539,16548,16552,4,,15
update,16550,16559,16562,3,,1
update,16561,16570,16573,3,,2
update,16572,16581,16584,3,,3
update,16583,16592,16595,3,,4
update,16594,16603,16607,4,,5
inbound,16595,16604,16608,4,,6
update,16605,16614,16617,3,,7
update,16616,16625,16628,3,,8
update,16627,16635,16639,4,,9
update,16638,16647,16650,3,,10
update,16649,16657,16661,4,,11
inbound,16650,16659,16662,3,,12
update,16660,16669,16673,4,,13
update,16671,16680,16683,3,,14
update,16682,16691,16694,3,,15
update,16693,16702,16705,3,,0
update,16704,16713,16716,3,,1
inbound,16705,16714,16718,4,,2
update,16715,16724,16728,4,,3
update,16726,16735,16738,3,,4
update,16737,16746,16748,2,,5
update,16748,16757,16760,3,,6
inbound,16760,16769,16771,2,,8
update,16759,16768,16772,4,,7
update,16770,16778,16781,3,,9
update,16781,16790,16792,2,,10
update,16792,16801,16804,3,,11
update,16803,16811,16815,4,,12
inbound,16815,16823,16826,3,,14
update,16814,16823,16827,4,,13
update,16825,16834,16837,3,,15
update,16836,16844,16847,3,,0
update,16847,16856,16859,3,,1
update,16858,16867,16870,3,,2
update,16869,16878,16881,3,,3
update,16880,16889,16892,3,,4
update,16891,16899,16902,3,,5
update,16902,16910,16914,4,,6
update,16913,16921,16924,3,,7
update,16924,16933,16936,3,,8
inbound,17000,17009,17012,3,,10
update,17000,17009,17013,4,,9
update,17011,17019,17022,3,,11
update,17022,17030,17033,3,,12
inbound,17025,17033,17036,3,,13
update,17033,17042,17045,3,,14
update,17044,17053,17056,3,,15
update,17055,17064,17067,3,,0
update,17066,17075,17078,3,,1
update,17077,17086,17089,3,,2
update,17088,17097,17101,4,,3
update,17099,17107,17112,5,,4
inbound,17100,17109,17114,5,,5
update,17110,17119,17122,3,,6
update,17121,17130,17133,3,,7
update,17132,17141,17144,3,,8
update,17143,17152,17154,2,,9
update,17154,17163,17165,2,,10
inbound,17155,17164,17168,4,,11
update,17165,17174,17177,3,,12
update,17176,17185,17189,4,,13
update,17187,17196,17199,3,,14
update,17198,17207,17210,3,,15
inbound,17200,17209,17212,3,,0
update,17209,17218,17222,4,,1
inbound,17210,17219,17223,4,,2
update,17220,17229,17232,3,,3
inbound,17225,17234,17238,4,,4
update,17231,17240,17243,3,,5
update,17242,17250,17254,4,,6
update,17253,17261,17264,3,,7
update,17264,17272,17276,4,,8
inbound,17265,17274,17277,3,,9
update,17275,17284,17288,4,,10
update,17286,17295,17297,2,,11
update,17297,17305,17309,4,,12
update,17308,17316,17319,3,,13
update,17319,17327,17331,4,,14
inbound,17320,17329,17332,3,,15
update,17330,17338,17341,3,,0
update,17341,17350,17353,3,,1
update,17352,17361,17364,3,,2
update,17363,17372,17375,3,,3
update,17374,17383,17386,3,,4
inbound,17375,17384,17387,3,,5
update,17385,17394,17397,3,,6
update,17396,17405,17408,3,,7
inbound,17400,17409,17412,3,,8
update,17407,17416,17419,3,,9
update,17418,17427,17430,3,,10
inbound,17425,17433,17436,3,,11
update,17429,17437,17440,3,,12
inbound,17430,17439,17441,2,,13
update,17440,17449,17451,2,,14
update,17451,17460,17463,3,,15
update,17462,17470,17473,3,,0
update,17473,17482,17485,3,,1
update,17484,17493,17496,3,,2
inbound,17485,17494,17498,4,,3
update,17495,17503,17506,3,,4
update,17506,17515,17518,3,,5
update,17517,17526,17529,3,,6
update,17528,17537,17540,3,,7
update,17539,17547,17551,4,,8
inbound,17540,17549,17552,3,,9
update,17550,17559,17562,3,,10
update,17561,17570,17573,3,,11
update,17572,17581,17585,4,,12
update,17583,17591,17594,3,,13
update,17594,17602,17606,4,,14
inbound,17595,17604,17607,3,,15
update,17605,17613,17616,3,,0
update,17616,17625,17630,5,,1
update,17627,17635,17639,4,,2
update,17638,17646,17649,3,,3
update,17649,17658,17662,4,,4
inbound,17650,17659,17664,5,,5
update,17660,17669,17672,3,,6
update,17671,17680,17684,4,,7
update,17682,17691,17694,3,,8
update,17693,17702,17705,3,,9
update,17704,17713,17717,4,,10
inbound,17705,17714,17718,4,,11
update,17715,17723,17726,3,,12
update,17726,17735,17737,2,,13
update,17737,17746,17748,2,,14
update,17748,17757,17760,3,,15
update,17759,17768,17771,3,,0
inbound,17760,17769,17772,3,,1
update,17770,17778,17781,3,,2
update,17781,17790,17793,3,,3
update,17792,17801,17804,3,,4
update,17803,17811,17816,5,,5
update,17814,17823,17829,6,,6
inbound,17815,17825,17830,5,,7
update,17825,17834,17837,3,,8
update,17836,17845,17848,3,,9
update,17847,17856,17859,3,,10
update,17858,17867,17870,3,,11
update,17869,17877,17880,3,,12
update,17880,17889,17892,3,,13
update,17891,17900,17903,3,,14
update,17902,17911,17914,3,,15
update,17913,17922,17924,2,,0
update,17924,17933,17936,3,,1
update,18000,18009,18012,3,,2
inbound,18000,18009,18013,4,,3
update,18011,18020,18023,3,,4
update,18022,18031,18034,3,,5
inbound,18025,18035,18038,3,,6
update,18033,18042,18045,3,,7
update,18044,18053,18056,3,,8
update,18055,18063,18066,3,,9
update,18066,18075,18078,3,,10
update,18077,18085,18088,3,,11
update,18088,18097,18100,3,,12
update,18099,18108,18111,3,,13
inbound,18100,18110,18113,3,,14
update,18110,18119,18122,3,,15
update,18121,18130,18133,3,,0
update,18132,18141,18144,3,,1
update,18143,18152,18155,3,,2
update,18154,18163,18167,4,,3
inbound,18155,18164,18168,4,,4
update,18165,18174,18177,3,,5
update,18176,18185,18189,4,,6
update,18187,18195,18198,3,,7
update,18198,18207,18210,3,,8
inbound,18200,18210,18213,3,,9
update,18209,18217,18221,4,,10
inbound,18210,18220,18223,3,,11
update,18220,18229,18232,3,,12
inbound,18225,18235,18238,3,,13
update,18231,18240,18243,3,,14
update,18242,18251,18254,3,,15
update,18253,18262,18265,3,,0
update,18264,18273,18277,4,,1
inbound,18265,18275,18278,3,,2
update,18275,18283,18286,3,,3
update,18286,18295,18298,3,,4
update,18297,18306,18310,4,,5
update,18308,18317,18321,4,,6
update,18319,18328,18332,4,,7
inbound,18320,18330,18333,3,,8
update,18330,18339,18342,3,,9
update,18341,18349,18352,3,,10
update,18352,18360,18363,3,,11
update,18363,18371,18374,3,,12
update,18374,18382,18386,4,,13
inbound,18375,18384,18388,4,,14
update,18385,18394,18398,4,,15
update,18396,18405,18409,4,,0
inbound,18400,18410,18413,3,,1
update,18407,18416,18418,2,,2
update,18418,18426,18429,3,,3
inbound,18425,18435,18439,4,,4
update,18429,18438,18442,4,,5
inbound,18430,18439,18443,4,,6
update,18440,18449,18452,3,,7
update,18451,18460,18463,3,,8
update,18462,18470,18473,3,,9
update,18473,18482,18486,4,,10
update,18484,18493,18496,3,,11
inbound,18485,18494,18498,4,,12
update,18495,18503,18506,3,,13
update,18506,18515,18519,4,,14
update,18517,18525,18528,3,,15
update,18528,18537,18539,2,,0
update,18539,18548,18553,5,,1
inbound,18540,18550,18554,4,,2
update,18550,18559,18563,4,,3
update,18561,18569,18572,3,,4
update,18572,18581,18584,3,,5
update,18583,18592,18595,3,,6
update,18594,18603,18606,3,,7
inbound,18595,18605,18608,3,,8
update,18605,18614,18617,3,,9
update,18616,18625,18627,2,,10
update,18627,18636,18639,3,,11
update,18638,18647,18650,3,,12
update,18649,18658,18662,4,,13
inbound,18650,18659,18663,4,,14
update,18660,18669,18672,3,,15
update,18671,18679,18683,4,,0
update,18682,18691,18694,3,,1
update,18693,18702,18705,3,,2
update,18704,18713,18716,3,,3
inbound,18705,18715,18720,5,,4
update,18715,18723,18726,3,,5
update,18726,18735,18738,3,,6
update,18737,18746,18748,2,,7
update,18748,18757,18760,3,,8
update,18759,18768,18771,3,,9
inbound,18760,18770,18773,3,,10
update,18770,18779,18782,3,,11
update,18781,18790,18793,3,,12
update,18792,18800,18803,3,,13
update,18803,18811,18814,3,,14
update,18814,18823,18828,5,,15
inbound,18815,18825,18830,5,,0
update,18825,18833,18837,4,,1
update,18836,18845,18848,3,,2
update,18847,18855,18860,5,,3
update,18858,18867,18870,3,,4
update,18869,18878,18880,2,,5
update,18880,18889,18891,2,,6
update,18891,18900,18903,3,,7
update,18902,18911,18914,3,,8
update,18913,18922,18925,3,,9
update,18924,18932,18935,3,,10
inbound,19000,19010,19014,4,,12
update,19000,19010,19014,4,,11
update,19011,19020,19024,4,,13
update,19022,19031,19036,5,,14
inbound,19025,19035,19039,4,,15
update,19033,19043,19046,3,,0
update,19044,19054,19057,3,,1
update,19055,19064,19068,4,,2
update,19066,19076,19079,3,,3
update,19077,19086,19089,3,,4
update,19088,19097,19100,3,,5
update,19099,19109,19112,3,,6
inbound,19100,19110,19113,3,,7
update,19110,19119,19123,4,,8
update,19121,19131,19134,3,,9
update,19132,19142,19145,3,,10
update,19143,19152,19155,3,,11
update,19154,19164,19167,3,,12
inbound,19155,19165,19168,3,,13
update,19165,19174,19178,4,,14
update,19176,19186,19191,5,,15
update,19187,19197,19200,3,,0
update,19198,19207,19211,4,,1
inbound,19200,19210,19213,3,,2
update,19209,19219,19222,3,,3
inbound,19210,19220,19223,3,,4
update,19220,19229,19232,3,,5
inbound,19225,19234,19237,3,,6
update,19231,19241,19244,3,,7
update,19242,19252,19255,3,,8
update,19253,19262,19266,4,,9
update,19264,19274,19278,4,,10
inbound,19265,19275,19279,4,,11
update,19275,19285,19288,3,,12
update,19286,19296,19301,5,,13
update,19297,19307,19310,3,,14
update,19308,19318,19321,3,,15
update,19319,19329,19332,3,,0
inbound,19320,19330,19333,3,,1
update,19330,19339,19342,3,,2
update,19341,19351,19354,3,,3
update,19352,19362,19365,3,,4
update,19363,19373,19376,3,,5
update,19374,19384,19387,3,,6
inbound,19375,19385,19388,3,,7
update,19385,19395,19398,3,,8
update,19396,19406,19410,4,,9
inbound,19400,19409,19413,4,,10
update,19407,19417,19420,3,,11
update,19418,19428,19432,4,,12
inbound,19425,19435,19438,3,,13
update,19429,19439,19443,4,,14
inbound,19430,19440,19443,3,,15
update,19440,19450,19453,3,,0
update,19451,19461,19464,3,,1
update,19462,19472,19475,3,,2
update,19473,19483,19486,3,,3
update,19484,19494,19497,3,,4
inbound,19485,19495,19498,3,,5
update,19495,19504,19508,4,,6
update,19506,19516,19521,5,,7
update,19517,19527,19531,4,,8
update,19528,19537,19540,3,,9
update,19539,19549,19552,3,,10
inbound,19540,19550,19553,3,,11
update,19550,19560,19563,3,,12
update,19561,19571,19574,3,,13
update,19572,19582,19585,3,,14
update,19583,19593,19596,3,,15
update,19594,19604,19608,4,,0
inbound,19595,19605,19608,3,,1
update,19605,19615,19618,3,,2
update,19616,19626,19630,4,,3
update,19627,19636,19639,3,,4
update,19638,19648,19651,3,,5
update,19649,19659,19663,4,,6
inbound,19650,19659,19663,4,,7
update,19660,19670,19673,3,,8
update,19671,19681,19684,3,,9
update,19682,19692,19695,3,,10
update,19693,19703,19706,3,,11
update,19704,19714,19718,4,,12
inbound,19705,19715,19718,3,,13
update,19715,19725,19728,3,,14
update,19726,19736,19743,7,,15
update,19737,19747,19750,3,,0
update,19748,19758,19762,4,,1
inbound,19760,19770,19772,2,,3
update,19759,19769,19772,3,,2
update,19770,19779,19782,3,,4
update,19781,19791,19794,3,,5
update,19792,19802,19805,3,,6
update,19803,19813,19816,3,,7
update,19814,19824,19828,4,,8
inbound,19815,19825,19828,3,,9
update,19825,19835,19839,4,,10
update,19836,19846,19849,3,,11
update,19847,19857,19861,4,,12
update,19858,19868,19871,3,,13
update,19869,19878,19881,3,,14
update,19880,19890,19893,3,,15
update,19891,19901,19904,3,,0
update,19902,19912,19915,3,,1
update,19913,19923,19927,4,,2
update,19924,19934,19938,4,,3
update,20000,20010,20014,4,,4
inbound,20000,20010,20014,4,,5
update,20011,20021,20024,3,,6
update,20022,20032,20035,3,,7
inbound,20025,20035,20038,3,,8
update,20033,20043,20046,3,,9
update,20044,20054,20058,4,,10
update,20055,20065,20068,3,,11
update,20066,20076,20079,3,,12
update,20077,20087,20090,3,,13
update,20088,20098,20101,3,,14
update,20099,20109,20112,3,,15
inbound,20100,20110,20113,3,,0
update,20110,20120,20123,3,,1
update,20121,20131,20134,3,,2
update,20132,20141,20145,4,,3
update,20143,20152,20155,3,,4
update,20154,20163,20167,4,,5
inbound,20155,20165,20168,3,,6
update,20165,20174,20177,3,,7
update,20176,20186,20190,4,,8
update,20187,20197,20200,3,,9
update,20198,20208,20212,4,,10
inbound,20200,20209,20213,4,,11
inbound,20210,20219,20223,4,,13
update,20209,20219,20224,5,,12
update,20220,20229,20233,4,,14
inbound,20225,20234,20237,3,,15
update,20231,20241,20244,3,,0
update,20242,20252,20255,3,,1
update,20253,20263,20266,3,,2
update,20264,20274,20278,4,,3
inbound,20265,20275,20280,5,,4
update,20275,20285,20288,3,,5
update,20286,20296,20300,4,,6
update,20297,20307,20310,3,,7
update,20308,20317,20321,4,,8
update,20319,20329,20332,3,,9
inbound,20320,20330,20335,5,,10
update,20330,20340,20342,2,,11
update,20341,20351,20354,3,,12
update,20352,20362,20366,4,,13
update,20363,20372,20375,3,,14
update,20374,20384,20387,3,,15
inbound,20375,20385,20389,4,,0
update,20385,20395,20397,2,,1
update,20396,20406,20410,4,,2
inbound,20400,20410,20412,2,,3
update,20407,20416,20420,4,,4
update,20418,20427,20430,3,,5
inbound,20425,20435,20439,4,,6
update,20429,20439,20442,3,,7
inbound,20430,20440,20444,4,,8
update,20440,20449,20453,4,,9
update,20451,20461,20464,3,,10
update,20462,20472,20475,3,,11
update,20473,20483,20486,3,,12
update,20484,20494,20498,4,,13
inbound,20485,20495,20503,8,,14
update,20495,20505,20508,3,,15
update,20506,20516,20520,4,,0
update,20517,20526,20529,3,,1
update,20528,20538,20541,3,,2
inbound,20540,20549,20553,4,,4
update,20539,20549,20553,4,,3
update,20550,20559,20562,3,,5
update,20561,20571,20574,3,,6
update,20572,20582,20587,5,,7
update,20583,20593,20596,3,,8
update,20594,20604,20607,3,,9
inbound,20595,20605,20609,4,,10
update,20605,20615,20618,3,,11
update,20616,20626,20629,3,,12
update,20627,20637,20640,3,,13
update,20638,20648,20652,4,,14
update,20649,20659,20662,3,,15
inbound,20650,20660,20663,3,,0
update,20660,20670,20673,3,,1
update,20671,20681,20685,4,,2
update,20682,20691,20694,3,,3
update,20693,20703,20706,3,,4
update,20704,20714,20718,4,,5
inbound,20705,20714,20719,5,,6
update,20715,20725,20728,3,,7
update,20726,20736,20741,5,,8
update,20737,20747,20750,3,,9
update,20748,20758,20761,3,,10
inbound,20760,20770,20772,2,,12
update,20759,20768,20773,5,,11
update,20770,20780,20783,3,,13
update,20781,20791,20794,3,,14
update,20792,20802,20805,3,,15
update,20803,20813,20818,5,,0
update,20814,20824,20834,10,,1
inbound,20815,20824,20834,10,,2
update,20825,20834,20842,8,,3
update,20836,20846,20853,7,,4
update,20847,20857,20861,4,,5
update,20858,20868,20871,3,,6
update,20869,20878,20881,3,,7
update,20880,20890,20894,4,,8
update,20891,20901,20904,3,,9
update,20902,20911,20914,3,,10
update,20913,20923,20926,3,,11
update,20924,20934,20937,3,,12
inbound,21000,21010,21014,4,,14
update,21000,21010,21014,4,,13
update,21011,21021,21024,3,,15
update,21022,21032,21035,3,,0
inbound,21025,21034,21038,4,,1
update,21033,21043,21046,3,,2
update,21044,21054,21057,3,,3
update,21055,21065,21067,2,,4
update,21066,21075,21078,3,,5
update,21077,21087,21090,3,,6
update,21088,21098,21101,3,,7
update,21099,21109,21112,3,,8
inbound,21100,21110,21114,4,,9
update,21110,21120,21124,4,,10
update,21121,21131,21135,4,,11
update,21132,21141,21146,5,,12
update,21143,21153,21158,5,,13
update,21154,21164,21169,5,,14
inbound,21155,21165,21170,5,,15
update,21165,21175,21180,5,,0
update,21176,21187,21192,5,,1
update,21187,21197,21199,2,,2
update,21198,21208,21211,3,,3
inbound,21200,21210,21213,3,,4
update,21209,21219,21222,3,,5
inbound,21210,21220,21225,5,,6
update,21220,21230,21233,3,,7
inbound,21225,21235,21238,3,,8
update,21231,21241,21244,3,,9
update,21242,21251,21254,3,,10
update,21253,21262,21266,4,,11
update,21264,21274,21278,4,,12
inbound,21265,21274,21279,5,,13
update,21275,21285,21289,4,,14
update,21286,21296,21300,4,,15
update,21297,21307,21310,3,,0
update,21308,21318,21321,3,,1
update,21319,21328,21332,4,,2
inbound,21320,21329,21336,7,,3
update,21330,21340,21345,5,,4
update,21341,21351,21354,3,,5
update,21352,21362,21365,3,,6
update,21363,21373,21375,2,,7
update,21374,21383,21387,4,,8
inbound,21375,21384,21388,4,,9
update,21385,21394,21398,4,,10
update,21396,21406,21409,3,,11
inbound,21400,21409,21413,4,,12
update,21407,21416,21419,3,,13
update,21418,21428,21431,3,,14
inbound,21425,21435,21438,3,,15
update,21429,21438,21442,4,,0
inbound,21430,21439,21444,5,,1
update,21440,21450,21453,3,,2
update,21451,21460,21464,4,,3
update,21462,21471,21474,3,,4
update,21473,21483,21486,3,,5
inbound,21485,21494,21498,4,,7
update,21484,21494,21499,5,,6
update,21495,21505,21509,4,,8
update,21506,21516,21519,3,,9
update,21517,21527,21530,3,,10
update,21528,21537,21540,3,,11
inbound,21540,21550,21554,4,,13
update,21539,21549,21554,5,,12
update,21550,21560,21564,4,,14
update,21561,21571,21574,3,,15
update,21572,21581,21585,4,,0
update,21583,21593,21596,3,,1
update,21594,21603,21620,17,,2
inbound,21595,21604,21620,16,,3
update,21605,21615,21620,5,,4
update,21616,21626,21629,3,,5
update,21627,21636,21640,4,,6
update,21638,21648,21652,4,,7
update,21649,21659,21662,3,,8
inbound,21650,21660,21663,3,,9
update,21660,21670,21673,3,,10
update,21671,21681,21684,3,,11
update,21682,21692,21695,3,,12
update,21693,21703,21705,2,,13
update,21704,21714,21717,3,,14
inbound,21705,21715,21719,4,,15
update,21715,21725,21730,5,,0
update,21726,21735,21738,3,,1
update,21737,21747,21750,3,,2
update,21748,21757,21760,3,,3
inbound,21760,21769,21772,3,,5
update,21759,21769,21773,4,,4
update,21770,21780,21783,3,,6
update,21781,21790,21793,3,,7
update,21792,21801,21804,3,,8
update,21803,21813,21816,3,,9
update,21814,21824,21827,3,,10
inbound,21815,21826,21828,2,,11
update,21825,21835,21840,5,,12
update,21836,21846,21849,3,,13
update,21847,21856,21859,3,,14
update,21858,21867,21871,4,,15
update,21869,21879,21882,3,,0
update,21880,21890,21893,3,,1
update,21891,21901,21904,3,,2
update,21902,21912,21915,3,,3
update,21913,21923,21926,3,,4
update,21924,21933,21936,3,,5
update,22000,22011,22017,6,,6
inbound,22000,22011,22017,6,,7
update,22011,22022,22026,4,,8
update,22022,22033,22036,3,,9
inbound,22025,22036,22039,3,,10
update,22033,22043,22046,3,,11
update,22044,22054,22058,4,,12
update,22055,22066,22069,3,,13
update,22066,22077,22080,3,,14
update,22077,22088,22091,3,,15
update,22088,22098,22102,4,,0
update,22099,22110,22114,4,,1
inbound,22100,22111,22115,4,,2
update,22110,22121,22124,3,,3
update,22121,22132,22136,4,,4
update,22132,22143,22146,3,,5
update,22143,22154,22158,4,,6
update,22154,22165,22168,3,,7
inbound,22155,22166,22170,4,,8
update,22165,22176,22179,3,,9
update,22176,22187,22190,3,,10
update,22187,22197,22200,3,,11
update,22198,22208,22211,3,,12
inbound,22200,22211,22214,3,,13
update,22209,22219,22222,3,,14
inbound,22210,22221,22224,3,,15
update,22220,22230,22234,4,,0
inbound,22225,22235,22238,3,,1
update,22231,22241,22245,4,,2
update,22242,22252,22256,4,,3
update,22253,22264,22267,3,,4
update,22264,22275,22278,3,,5
inbound,22265,22276,22280,4,,6
update,22275,22285,22289,4,,7
update,22286,22297,22300,3,,8
update,22297,22307,22310,3,,9
update,22308,22319,22322,3,,10
update,22319,22329,22333,4,,11
inbound,22320,22331,22335,4,,12
update,22330,22340,22343,3,,13
update,22341,22352,22355,3,,14
update,22352,22363,22366,3,,15
update,22363,22374,22377,3,,0
update,22374,22384,22388,4,,1
inbound,22375,22386,22389,3,,2
update,22385,22396,22399,3,,3
update,22396,22407,22410,3,,4
inbound,22400,22411,22414,3,,5
update,22407,22418,22420,2,,6
update,22418,22429,22431,2,,7
inbound,22425,22436,22440,4,,8
update,22429,22440,22443,3,,9
inbound,22430,22441,22445,4,,10
update,22440,22450,22453,3,,11
update,22451,22462,22465,3,,12
update,22462,22472,22476,4,,13
update,22473,22484,22487,3,,14
update,22484,22495,22498,3,,15
inbound,22485,22496,22500,4,,0
update,22495,22506,22509,3,,1
update,22506,22517,22520,3,,2
update,22517,22528,22531,3,,3
update,22528,22539,22542,3,,4
inbound,22540,22550,22554,4,,6
update,22539,22550,22554,4,,5
update,22550,22560,22563,3,,7
update,22561,22571,22576,5,,8
update,22572,22583,22587,4,,9
update,22583,22593,22597,4,,10
update,22594,22605,22609,4,,11
inbound,22595,22606,22612,6,,12
update,22605,22616,22618,2,,13
update,22616,22627,22630,3,,14
update,22627,22637,22640,3,,15
update,22638,22649,22652,3,,0
update,22649,22659,22663,4,,1
inbound,22650,22661,22665,4,,2
update,22660,22671,22674,3,,3
update,22671,22682,22685,3,,4
update,22682,22693,22696,3,,5
update,22693,22704,22707,3,,6
update,22704,22715,22719,4,,7
inbound,22705,22716,22720,4,,8
update,22715,22725,22729,4,,9
update,22726,22737,22740,3,,10
update,22737,22748,22754,6,,11
update,22748,22758,22762,4,,12
update,22759,22769,22773,4,,13
inbound,22760,22770,22773,3,,14
update,22770,22781,22785,4,,15
update,22781,22791,22796,5,,0
update,22792,22803,22807,4,,1
update,22803,22814,22818,4,,2
inbound,22815,22826,22830,4,,4
update,22814,22825,22830,5,,3
update,22825,22836,22841,5,,5
update,22836,22846,22859,13,,6
update,22847,22859,22867,8,,7
update,22858,22869,22875,6,,8
update,22869,22880,22886,6,,9
update,22880,22891,22894,3,,10
update,22891,22902,22907,5,,11
update,22902,22913,22917,4,,12
update,22913,22924,22926,2,,13
update,22924,22935,22938,3,,14
inbound,23000,23011,23014,3,,0
update,23000,23011,23015,4,,15
update,23011,23021,23024,3,,1
update,23022,23032,23035,3,,2
inbound,23025,23035,23039,4,,3
update,23033,23044,23047,3,,4
update,23044,23055,23059,4,,5
update,23055,23066,23070,4,,6
update,23066,23076,23080,4,,7
update,23077,23088,23093,5,,8
update,23088,23099,23103,4,,9
inbound,23100,23110,23114,4,,11
update,23099,23110,23115,5,,10
update,23110,23121,23124,3,,12
update,23121,23132,23135,3,,13
update,23132,23143,23146,3,,14
update,23143,23154,23158,4,,15
update,23154,23165,23168,3,,0
inbound,23155,23166,23169,3,,1
update,23165,23175,23178,3,,2
update,23176,23186,23189,3,,3
update,23187,23197,23201,4,,4
update,23198,23209,23212,3,,5
inbound,23200,23211,23214,3,,6
update,23209,23219,23223,4,,7
inbound,23210,23221,23225,4,,8
update,23220,23231,23234,3,,9
inbound,23225,23236,23239,3,,10
update,23231,23241,23245,4,,11
update,23242,23253,23256,3,,12
update,23253,23263,23267,4,,13
update,23264,23275,23279,4,,14
inbound,23265,23276,23280,4,,15
update,23275,23285,23289,4,,0
update,23286,23297,23300,3,,1
update,23297,23308,23312,4,,2
update,23308,23319,23322,3,,3
update,23319,23330,23333,3,,4
inbound,23320,23331,23334,3,,5
update,23330,23341,23344,3,,6
update,23341,23352,23356,4,,7
update,23352,23363,23366,3,,8
update,23363,23374,23377,3,,9
inbound,23375,23385,23388,3,,11
update,23374,23385,23389,4,,10
update,23385,23396,23399,3,,12
update,23396,23406,23409,3,,13
inbound,23400,23411,23413,2,,14
update,23407,23418,23421,3,,15
update,23418,23429,23433,4,,0
inbound,23425,23436,23439,3,,1
update,23429,23440,23443,3,,2
inbound,23430,23441,23444,3,,3
update,23440,23451,23454,3,,4
update,23451,23461,23465,4,,5
update,23462,23473,23475,2,,6
update,23473,23484,23487,3,,7
update,23484,23494,23498,4,,8
inbound,23485,23495,23500,5,,9
update,23495,23506,23509,3,,10
update,23506,23517,23519,2,,11
update,23517,23527,23531,4,,12
update,23528,23539,23542,3,,13
update,23539,23549,23553,4,,14
inbound,23540,23551,23555,4,,15
update,23550,23561,23564,3,,0
update,23561,23572,23575,3,,1
update,23572,23583,23586,3,,2
update,23583,23594,23598,4,,3
update,23594,23604,23608,4,,4
inbound,23595,23606,23609,3,,5
update,23605,23616,23619,3,,6
update,23616,23627,23630,3,,7
update,23627,23637,23640,3,,8
update,23638,23649,23653,4,,9
inbound,23650,23661,23667,6,,11
update,23649,23660,23667,7,,10
update,23660,23671,23674,3,,12
update,23671,23682,23686,4,,13
update,23682,23693,23696,3,,14
update,23693,23704,23706,2,,15
update,23704,23715,23718,3,,0
inbound,23705,23716,23720,4,,1
update,23715,23726,23729,3,,2
update,23726,23737,23740,3,,3
update,23737,23748,23751,3,,4
update,23748,23759,23762,3,,5
inbound,23760,23771,23773,2,,7
update,23759,23770,23774,4,,6
update,23770,23780,23783,3,,8
update,23781,23792,23795,3,,9
update,23792,23803,23806,3,,10
update,23803,23814,23817,3,,11
update,23814,23824,23828,4,,12
inbound,23815,23826,23828,2,,13
update,23825,23835,23839,4,,14
update,23836,23847,23852,5,,15
update,23847,23858,23862,4,,0
update,23858,23869,23874,5,,1
update,23869,23880,23883,3,,2
update,23880,23890,23893,3,,3
update,23891,23902,23905,3,,4
update,23902,23913,23916,3,,5
update,23913,23923,23926,3,,6
update,23924,23935,23938,3,,7
update,24000,24011,24014,3,,8
inbound,24000,24011,24014,3,,9
update,24011,24022,24024,2,,10
update,24022,24033,24036,3,,11
inbound,24025,24036,24039,3,,12
update,24033,24044,24047,3,,13
update,24044,24055,24058,3,,14
update,24055,24066,24069,3,,15
update,24066,24077,24080,3,,0
update,24077,24088,24091,3,,1
update,24088,24099,24102,3,,2
update,24099,24110,24113,3,,3
inbound,24100,24111,24114,3,,4
update,24110,24121,24124,3,,5
update,24121,24131,24134,3,,6
update,24132,24143,24145,2,,7
update,24143,24154,24157,3,,8
update,24154,24165,24168,3,,9
inbound,24155,24165,24169,4,,10
update,24165,24176,24179,3,,11
update,24176,24186,24189,3,,12
update,24187,24197,24201,4,,13
update,24198,24209,24212,3,,14
inbound,24200,24211,24214,3,,15
update,24209,24220,24223,3,,0
inbound,24210,24221,24224,3,,1
update,24220,24231,24234,3,,2
inbound,24225,24236,24239,3,,3
update,24231,24241,24244,3,,4
update,24242,24252,24255,3,,5
update,24253,24264,24268,4,,6
update,24264,24275,24278,3,,7
inbound,24265,24276,24279,3,,8
update,24275,24286,24289,3,,9
update,24286,24297,24300,3,,10
update,24297,24308,24312,4,,11
update,24308,24319,24322,3,,12
update,24319,24330,24334,4,,13
inbound,24320,24331,24335,4,,14
update,24330,24341,24344,3,,15
update,24341,24352,24354,2,,0
update,24352,24363,24366,3,,1
update,24363,24374,24378,4,,2
update,24374,24384,24388,4,,3
inbound,24375,24386,24389,3,,4
update,24385,24395,24398,3,,5
update,24396,24406,24410,4,,6
inbound,24400,24411,24414,3,,7
update,24407,24418,24421,3,,8
update,24418,24429,24432,3,,9
inbound,24425,24435,24438,3,,10
update,24429,24439,24442,3,,11
inbound,24430,24441,24443,2,,12
update,24440,24451,24454,3,,13
update,24451,24462,24465,3,,14
update,24462,24473,24476,3,,15
update,24473,24484,24490,6,,0
update,24484,24494,24498,4,,1
inbound,24485,24495,24499,4,,2
update,24495,24506,24509,3,,3
update,24506,24516,24519,3,,4
update,24517,24528,24530,2,,5
update,24528,24539,24542,3,,6
update,24539,24550,24553,3,,7
inbound,24540,24551,24554,3,,8
update,24550,24561,24563,2,,9
update,24561,24572,24575,3,,10
update,24572,24583,24586,3,,11
update,24583,24594,24597,3,,12
update,24594,24605,24608,3,,13
inbound,24595,24606,24609,3,,14
update,24605,24616,24618,2,,15
update,24616,24626,24629,3,,0
update,24627,24638,24641,3,,1
update,24638,24649,24653,4,,2
update,24649,24660,24664,4,,3
inbound,24650,24661,24665,4,,4
update,24660,24671,24674,3,,5
update,24671,24682,24685,3,,6
update,24682,24693,24696,3,,7
update,24693,24703,24707,4,,8
update,24704,24715,24718,3,,9
inbound,24705,24716,24719,3,,10
update,24715,24726,24729,3,,11
update,24726,24737,24740,3,,12
update,24737,24747,24750,3,,13
update,24748,24759,24762,3,,14
inbound,24760,24771,24774,3,,0
update,24759,24770,24774,4,,15
update,24770,24781,24784,3,,1
update,24781,24791,24794,3,,2
update,24792,24802,24805,3,,3
update,24803,24814,24817,3,,4
inbound,24815,24826,24828,2,,6
update,24814,24825,24829,4,,5
update,24825,24836,24839,3,,7
update,24836,24847,24850,3,,8
update,24847,24858,24861,3,,9
update,24858,24868,24872,4,,10
update,24869,24880,24885,5,,11
update,24880,24891,24894,3,,12
update,24891,24902,24905,3,,13
update,24902,24913,24916,3,,14
update,24913,24924,24927,3,,15
update,24924,24935,24938,3,,0
update,25000,25011,25014,3,,1
inbound,25000,25011,25015,4,,2
update,25011,25021,25025,4,,3
update,25022,25033,25036,3,,4
inbound,25025,25035,25039,4,,5
update,25033,25044,25047,3,,6
update,25044,25055,25058,3,,7
update,25055,25066,25069,3,,8
update,25066,25077,25080,3,,9
update,25077,25087,25092,5,,10
update,25088,25099,25103,4,,11
inbound,25100,25110,25115,5,,13
update,25099,25110,25117,7,,12
update,25110,25121,25125,4,,14
update,25121,25131,25134,3,,15
update,25132,25143,25146,3,,0
update,25143,25153,25158,5,,1
inbound,25155,25166,25172,6,,3
update,25154,25165,25172,7,,2
update,25165,25176,25182,6,,4
update,25176,25187,25191,4,,5
update,25187,25198,25204,6,,6
update,25198,25209,25215,6,,7
inbound,25200,25211,25220,9,,8
update,25209,25220,25228,8,,9
inbound,25210,25220,25229,9,,10
update,25220,25230,25239,9,,11
inbound,25225,25235,25240,5,,12
update,25231,25242,25246,4,,13
update,25242,25253,25257,4,,14
update,25253,25264,25267,3,,15
update,25264,25275,25279,4,,0
inbound,25265,25275,25280,5,,1
update,25275,25286,25290,4,,2
update,25286,25297,25300,3,,3
update,25297,25308,25311,3,,4
update,25308,25319,25322,3,,5
inbound,25320,25330,25334,4,,7
update,25319,25330,25334,4,,6
update,25330,25340,25343,3,,8
update,25341,25351,25354,3,,9
update,25352,25363,25366,3,,10
update,25363,25373,25376,3,,11
update,25374,25385,25389,4,,12
inbound,25375,25386,25390,4,,13
update,25385,25396,25399,3,,14
update,25396,25407,25410,3,,15
inbound,25400,25410,25413,3,,0
update,25407,25418,25421,3,,1
update,25418,25428,25432,4,,2
inbound,25425,25436,25439,3,,3
update,25429,25440,25444,4,,4
inbound,25430,25441,25445,4,,5
update,25440,25450,25454,4,,6
update,25451,25462,25465,3,,7
update,25462,25473,25476,3,,8
update,25473,25484,25487,3,,9
update,25484,25495,25498,3,,10
inbound,25485,25496,25500,4,,11
update,25495,25505,25509,4,,12
update,25506,25517,25520,3,,13
update,25517,25527,25530,3,,14
update,25528,25538,25542,4,,15
inbound,25540,25550,25554,4,,1
update,25539,25550,25554,4,,0
update,25550,25561,25563,2,,2
update,25561,25572,25575,3,,3
update,25572,25582,25586,4,,4
update,25583,25594,25597,3,,5
update,25594,25605,25608,3,,6
inbound,25595,25606,25609,3,,7
update,25605,25615,25618,3,,8
update,25616,25627,25630,3,,9
update,25627,25637,25640,3,,10
update,25638,25649,25652,3,,11
update,25649,25660,25664,4,,12
inbound,25650,25661,25665,4,,13
update,25660,25670,25674,4,,14
update,25671,25682,25685,3,,15
update,25682,25693,25696,3,,0
update,25693,25704,25707,3,,1
update,25704,25714,25718,4,,2
inbound,25705,25716,25720,4,,3
update,25715,25726,25728,2,,4
update,25726,25737,25740,3,,5
update,25737,25748,25751,3,,6
update,25748,25758,25761,3,,7
update,25759,25769,25773,4,,8
inbound,25760,25771,25773,2,,9
update,25770,25781,25786,5,,10
update,25781,25792,25795,3,,11
update,25792,25803,25806,3,,12
update,25803,25814,25817,3,,13
update,25814,25825,25829,4,,14
inbound,25815,25826,25829,3,,15
update,25825,25835,25838,3,,0
update,25836,25847,25850,3,,1
update,25847,25857,25863,6,,2
update,25858,25868,25872,4,,3
update,25869,25880,25883,3,,4
update,25880,25891,25894,3,,5
update,25891,25902,25905,3,,6
update,25902,25913,25916,3,,7
update,25913,25924,25927,3,,8
update,25924,25935,25938,3,,9
inbound,26000,26011,26014,3,,11
update,26000,26011,26015,4,,10
update,26011,26022,26025,3,,12
update,26022,26033,26036,3,,13
inbound,26025,26036,26039,3,,14
update,26033,26044,26047,3,,15
update,26044,26055,26058,3,,0
update,26055,26065,26068,3,,1
update,26066,26077,26080,3,,2
update,26077,26088,26091,3,,3
update,26088,26099,26102,3,,4
update,26099,26109,26113,4,,5
inbound,26100,26111,26115,4,,6
update,26110,26121,26124,3,,7
update,26121,26131,26134,3,,8
update,26132,26142,26146,4,,9
update,26143,26154,26157,3,,10
update,26154,26165,26168,3,,11
inbound,26155,26166,26170,4,,12
update,26165,26176,26179,3,,13
update,26176,26187,26189,2,,14
update,26187,26198,26201,3,,15
update,26198,26209,26213,4,,0
inbound,26200,26210,26214,4,,1
update,26209,26220,26224,4,,2
inbound,26210,26220,26224,4,,3
update,26220,26231,26235,4,,4
inbound,26225,26236,26239,3,,5
update,26231,26241,26244,3,,6
update,26242,26253,26260,7,,7
update,26253,26264,26267,3,,8
update,26264,26275,26278,3,,9
inbound,26265,26276,26280,4,,10
update,26275,26286,26288,2,,11
update,26286,26296,26300,4,,12
update,26297,26307,26311,4,,13
update,26308,26319,26322,3,,14
update,26319,26330,26334,4,,15
inbound,26320,26331,26336,5,,0
update,26330,26341,26345,4,,1
update,26341,26352,26355,3,,2
update,26352,26363,26368,5,,3
update,26363,26373,26376,3,,4
update,26374,26385,26388,3,,5
inbound,26375,26385,26390,5,,6
update,26385,26395,26398,3,,7
update,26396,26407,26411,4,,8
inbound,26400,26411,26415,4,,9
update,26407,26418,26422,4,,10
update,26418,26429,26432,3,,11
inbound,26425,26436,26440,4,,12
update,26429,26439,26443,4,,13
inbound,26430,26441,26447,6,,14
update,26440,26451,26456,5,,15
update,26451,26462,26466,4,,0
update,26462,26473,26478,5,,1
update,26473,26484,26487,3,,2
update,26484,26495,26500,5,,3
inbound,26485,26496,26501,5,,4
update,26495,26506,26510,4,,5
update,26506,26517,26520,3,,6
update,26517,26528,26534,6,,7
update,26528,26539,26545,6,,8
update,26539,26550,26555,5,,9
inbound,26540,26552,26557,5,,10
update,26550,26561,26564,3,,11
update,26561,26572,26575,3,,12
update,26572,26582,26586,4,,13
update,26583,26594,26597,3,,14
update,26594,26605,26609,4,,15
inbound,26595,26606,26610,4,,0
update,26605,26616,26618,2,,1
update,26616,26627,26630,3,,2
update,26627,26638,26640,2,,3
update,26638,26649,26652,3,,4
update,26649,26660,26665,5,,5
inbound,26650,26661,26665,4,,6
update,26660,26671,26676,5,,7
update,26671,26682,26685,3,,8
update,26682,26693,26696,3,,9
update,26693,26704,26707,3,,10
update,26704,26714,26718,4,,11
inbound,26705,26716,26719,3,,12
update,26715,26726,26729,3,,13
update,26726,26736,26739,3,,14
update,26737,26748,26751,3,,15
update,26748,26759,26762,3,,0
inbound,26760,26771,26773,2,,2
update,26759,26770,26774,4,,1
update,26770,26781,26784,3,,3
update,26781,26792,26795,3,,4
update,26792,26803,26806,3,,5
update,26803,26814,26817,3,,6
update,26814,26825,26829,4,,7
inbound,26815,26826,26829,3,,8
update,26825,26836,26839,3,,9
update,26836,26846,26849,3,,10
update,26847,26858,26861,3,,11
update,26858,26869,26873,4,,12
update,26869,26880,26883,3,,13
update,26880,26891,26894,3,,14
update,26891,26902,26905,3,,15
update,26902,26913,26916,3,,0
update,26913,26924,26927,3,,1
update,26924,26935,26939,4,,2
inbound,27000,27011,27014,3,,4
update,27000,27011,27014,3,,3
update,27011,27021,27024,3,,5
update,27022,27033,27037,4,,6
inbound,27025,27036,27039,3,,7
update,27033,27043,27046,3,,8
update,27044,27054,27057,3,,9
update,27055,27066,27069,3,,10
update,27066,27076,27079,3,,11
update,27077,27088,27091,3,,12
update,27088,27099,27101,2,,13
update,27099,27110,27114,4,,14
inbound,27100,27111,27115,4,,15
update,27110,27121,27123,2,,0
update,27121,27132,27135,3,,1
update,27132,27142,27146,4,,2
update,27143,27154,27156,2,,3
update,27154,27165,27168,3,,4
inbound,27155,27166,27170,4,,5
update,27165,27176,27179,3,,6
update,27176,27187,27190,3,,7
update,27187,27197,27200,3,,8
update,27198,27209,27212,3,,9
inbound,27200,27211,27214,3,,10
update,27209,27220,27224,4,,11
inbound,27210,27220,27224,4,,12
update,27220,27230,27234,4,,13
inbound,27225,27235,27238,3,,14
update,27231,27241,27245,4,,15
update,27242,27253,27257,4,,0
update,27253,27264,27267,3,,1
inbound,27265,27275,27278,3,,3
update,27264,27275,27279,4,,2
update,27275,27286,27289,3,,4
update,27286,27296,27299,3,,5
update,27297,27308,27311,3,,6
update,27308,27319,27322,3,,7
update,27319,27329,27333,4,,8
inbound,27320,27330,27335,5,,9
update,27330,27341,27344,3,,10
update,27341,27352,27355,3,,11
update,27352,27362,27366,4,,12
update,27363,27374,27377,3,,13
update,27374,27385,27389,4,,14
inbound,27375,27386,27391,5,,15
update,27385,27395,27398,3,,0
update,27396,27407,27410,3,,1
inbound,27400,27411,27414,3,,2
update,27407,27418,27421,3,,3
update,27418,27428,27431,3,,4
inbound,27425,27436,27439,3,,5
update,27429,27440,27443,3,,6
inbound,27430,27442,27447,5,,7
update,27440,27450,27454,4,,8
update,27451,27462,27465,3,,9
update,27462,27473,27475,2,,10
update,27473,27483,27486,3,,11
update,27484,27495,27499,4,,12
inbound,27485,27497,27500,3,,13
update,27495,27506,27509,3,,14
update,27506,27517,27520,3,,15
update,27517,27527,27530,3,,0
update,27528,27539,27542,3,,1
update,27539,27550,27554,4,,2
inbound,27540,27551,27555,4,,3
update,27550,27561,27564,3,,4
update,27561,27572,27575,3,,5
update,27572,27583,27587,4,,6
update,27583,27594,27598,4,,7
update,27594,27605,27608,3,,8
inbound,27595,27607,27610,3,,9
update,27605,27615,27618,3,,10
update,27616,27626,27629,3,,11
update,27627,27638,27642,4,,12
update,27638,27649,27652,3,,13
update,27649,27659,27662,3,,14
inbound,27650,27662,27665,3,,15
update,27660,27670,27673,3,,0
update,27671,27682,27684,2,,1
update,27682,27693,27697,4,,2
update,27693,27703,27707,4,,3
update,27704,27714,27718,4,,4
inbound,27705,27717,27720,3,,5
update,27715,27725,27728,3,,6
update,27726,27737,27740,3,,7
update,27737,27748,27751,3,,8
update,27748,27759,27762,3,,9
update,27759,27770,27773,3,,10
inbound,27760,27772,27774,2,,11
update,27770,27781,27784,3,,12
update,27781,27791,27794,3,,13
update,27792,27803,27806,3,,14
update,27803,27814,27817,3,,15
update,27814,27825,27829,4,,0
inbound,27815,27827,27829,2,,1
update,27825,27836,27840,4,,2
update,27836,27847,27850,3,,3
update,27847,27858,27862,4,,4
update,27858,27868,27873,5,,5
update,27869,27879,27884,5,,6
update,27880,27890,27895,5,,7
update,27891,27902,27905,3,,8
update,27902,27913,27915,2,,9
update,27913,27923,27926,3,,10
update,27924,27935,27938,3,,11
update,28000,28011,28014,3,,12
inbound,28000,28012,28015,3,,13
update,28011,28023,28026,3,,14
update,28022,28034,28037,3,,15
inbound,28025,28037,28039,2,,0
update,28033,28045,28047,2,,1
update,28044,28056,28059,3,,2
update,28055,28067,28070,3,,3
update,28066,28078,28080,2,,4
update,28077,28089,28092,3,,5
update,28088,28100,28103,3,,6
update,28099,28111,28114,3,,7
inbound,28100,28112,28115,3,,8
update,28110,28121,28124,3,,9
update,28121,28132,28136,4,,10
update,28132,28144,28147,3,,11
update,28143,28155,28158,3,,12
update,28154,28166,28169,3,,13
inbound,28155,28167,28170,3,,14
update,28165,28177,28180,3,,15
update,28176,28188,28191,3,,0
update,28187,28199,28202,3,,1
update,28198,28210,28213,3,,2
inbound,28200,28212,28215,3,,3
update,28209,28221,28224,3,,4
inbound,28210,28222,28225,3,,5
update,28220,28232,28235,3,,6
inbound,28225,28237,28239,2,,7
update,28231,28243,28245,2,,8
update,28242,28253,28257,4,,9
update,28253,28265,28267,2,,10
update,28264,28276,28279,3,,11
inbound,28265,28277,28280,3,,12
update,28275,28287,28290,3,,13
update,28286,28298,28301,3,,14
update,28297,28309,28312,3,,15
update,28308,28320,28323,3,,0
inbound,28320,28331,28334,3,,2
update,28319,28331,28335,4,,1
update,28330,28342,28345,3,,3
update,28341,28353,28356,3,,4
update,28352,28364,28367,3,,5
update,28363,28375,28378,3,,6
update,28374,28385,28389,4,,7
inbound,28375,28387,28389,2,,8
update,28385,28397,28400,3,,9
update,28396,28408,28411,3,,10
inbound,28400,28412,28414,2,,11
update,28407,28419,28422,3,,12
update,28418,28430,28433,3,,13
inbound,28425,28437,28440,3,,14
update,28429,28441,28444,3,,15
inbound,28430,28442,28445,3,,0
update,28440,28451,28454,3,,1
update,28451,28462,28467,5,,2
update,28462,28474,28477,3,,3
update,28473,28485,28488,3,,4
update,28484,28496,28499,3,,5
inbound,28485,28497,28500,3,,6
update,28495,28507,28510,3,,7
update,28506,28518,28520,2,,8
update,28517,28529,28532,3,,9
update,28528,28540,28543,3,,10
update,28539,28551,28554,3,,11
inbound,28540,28552,28555,3,,12
update,28550,28562,28565,3,,13
update,28561,28572,28575,3,,14
update,28572,28583,28586,3,,15
update,28583,28595,28597,2,,0
update,28594,28606,28609,3,,1
inbound,28595,28607,28610,3,,2
update,28605,28617,28619,2,,3
update,28616,28628,28631,3,,4
update,28627,28639,28641,2,,5
update,28638,28649,28652,3,,6
update,28649,28660,28664,4,,7
inbound,28650,28662,28665,3,,8
update,28660,28672,28676,4,,9
update,28671,28683,28686,3,,10
update,28682,28694,28696,2,,11
update,28693,28705,28707,2,,12
update,28704,28716,28719,3,,13
inbound,28705,28717,28720,3,,14
update,28715,28727,28730,3,,15
update,28726,28737,28740,3,,0
update,28737,28749,28752,3,,1
update,28748,28759,28762,3,,2
inbound,28760,28772,28774,2,,4
update,28759,28770,28774,4,,3
update,28770,28781,28784,3,,5
update,28781,28793,28796,3,,6
update,28792,28803,28806,3,,7
update,28803,28815,28818,3,,8
inbound,28815,28827,28829,2,,10
update,28814,28826,28829,3,,9
update,28825,28837,28840,3,,11
update,28836,28848,28851,3,,12
update,28847,28859,28862,3,,13
update,28858,28870,28873,3,,14
update,28869,28881,28884,3,,15
update,28880,28892,28894,2,,0
update,28891,28903,28905,2,,1
update,28902,28914,28916,2,,2
update,28913,28925,28928,3,,3
update,28924,28936,28939,3,,4
inbound,29000,29012,29016,4,,6
update,29000,29012,29016,4,,5
update,29011,29023,29026,3,,7
update,29022,29033,29036,3,,8
inbound,29025,29036,29040,4,,9
update,29033,29046,29051,5,,10
update,29044,29056,29059,3,,11
update,29055,29067,29070,3,,12
update,29066,29078,29083,5,,13
update,29077,29089,29093,4,,14
update,29088,29099,29102,3,,15
update,29099,29110,29114,4,,0
inbound,29100,29112,29116,4,,1
update,29110,29122,29126,4,,2
update,29121,29132,29135,3,,3
update,29132,29144,29149,5,,4
update,29154,29166,29186,20,,6
update,29143,29155,29186,31,,5
update,29165,29177,29186,9,,8
inbound,29155,29167,29186,19,,7
update,29176,29188,29191,3,,9
update,29187,29199,29247,48,,10
update,29231,29243,29247,4,,1
update,29209,29221,29247,26,,13
update,29220,29232,29247,15,,15
inbound,29200,29212,29248,36,,12
inbound,29210,29222,29248,26,,14
update,29198,29209,29248,39,,11
inbound,29225,29237,29251,14,,0
update,29242,29254,29258,4,,2
update,29253,29265,29293,28,,3
inbound,29265,29276,29293,17,,5
update,29264,29276,29293,17,,4
update,29275,29287,29293,6,,6
update,29286,29298,29302,4,,7
update,29297,29309,29341,32,,8
update,29308,29320,29341,21,,9
update,29319,29331,29341,10,,10
inbound,29320,29332,29341,9,,11
update,29330,29342,29346,4,,12
update,29341,29353,29385,32,,13
update,29352,29363,29386,23,,14
update,29363,29374,29386,12,,15
inbound,29375,29386,29390,4,,1
update,29374,29385,29392,7,,0
update,29385,29397,29400,3,,2
update,29396,29408,29411,3,,3
inbound,29400,29411,29414,3,,4
update,29407,29419,29422,3,,5
update,29418,29429,29432,3,,6
inbound,29425,29437,29440,3,,7
update,29429,29440,29445,5,,8
inbound,29430,29442,29449,7,,9
update,29440,29452,29454,2,,10
update,29451,29463,29466,3,,11
update,29462,29474,29477,3,,12
update,29473,29485,29487,2,,13
update,29484,29495,29501,6,,14
inbound,29485,29499,29506,7,,15
update,29495,29506,29511,5,,0
update,29506,29518,29521,3,,1
update,29517,29528,29531,3,,2
update,29528,29540,29543,3,,3
update,29539,29551,29554,3,,4
inbound,29540,29552,29555,3,,5
update,29550,29561,29564,3,,6
update,29561,29573,29576,3,,7
update,29572,29583,29587,4,,8
update,29583,29595,29598,3,,9
update,29594,29606,29609,3,,10
inbound,29595,29607,29611,4,,11
update,29605,29617,29621,4,,12
update,29616,29628,29631,3,,13
update,29627,29638,29641,3,,14
update,29638,29650,29653,3,,15
update,29649,29661,29665,4,,0
inbound,29650,29661,29665,4,,1
update,29660,29671,29676,5,,2
update,29671,29683,29688,5,,3
update,29682,29694,29697,3,,4
update,29693,29705,29707,2,,5
update,29704,29716,29720,4,,6
inbound,29705,29717,29721,4,,7
update,29715,29726,29729,3,,8
update,29726,29737,29741,4,,9
update,29737,29749,29752,3,,10
update,29748,29759,29764,5,,11
update,29759,29771,29775,4,,12
inbound,29760,29772,29775,3,,13
update,29770,29782,29786,4,,14
update,29781,29792,29796,4,,15
update,29792,29803,29807,4,,0
update,29803,29815,29818,3,,1
update,29814,29825,29828,3,,2
inbound,29815,29826,29829,3,,3
update,29825,29837,29840,3,,4
update,29836,29848,29853,5,,5
update,29847,29859,29862,3,,6
update,29858,29870,29873,3,,7
update,29869,29881,29885,4,,8
update,29880,29891,29895,4,,9
update,29891,29903,29905,2,,10
update,29902,29914,29917,3,,11
update,29913,29924,29928,4,,12
update,29924,29936,29940,4,,13
inbound,30000,30012,30015,3,,15
update,30000,30012,30016,4,,14
update,30011,30023,30026,3,,0
update,30022,30033,30036,3,,1
inbound,30025,30036,30039,3,,2
update,30033,30045,30048,3,,3
update,30044,30056,30058,2,,4
update,30055,30067,30070,3,,5
update,30066,30078,30081,3,,6
update,30077,30088,30092,4,,7
update,30088,30100,30103,3,,8
update,30099,30111,30115,4,,9
inbound,30100,30112,30116,4,,10
update,30110,30122,30125,3,,11
update,30121,30132,30136,4,,12
update,30132,30144,30147,3,,13
update,30143,30155,30158,3,,14
update,30154,30166,30169,3,,15
inbound,30155,30167,30171,4,,0
update,30165,30176,30180,4,,1
update,30176,30188,30191,3,,2
update,30187,30199,30202,3,,3
update,30198,30210,30214,4,,4
inbound,30200,30212,30215,3,,5
update,30209,30221,30224,3,,6
inbound,30210,30222,30226,4,,7
update,30220,30231,30235,4,,8
inbound,30225,30237,30241,4,,9
update,30231,30243,30246,3,,10
update,30242,30254,30258,4,,11
update,30253,30265,30268,3,,12
update,30264,30276,30280,4,,13
inbound,30265,30277,30281,4,,14
update,30275,30287,30291,4,,15
update,30286,30298,30301,3,,0
update,30297,30309,30311,2,,1
update,30308,30319,30323,4,,2
update,30319,30331,30336,5,,3
inbound,30320,30332,30336,4,,4
update,30330,30342,30346,4,,5
update,30341,30353,30356,3,,6
update,30352,30363,30367,4,,7
update,30363,30375,30378,3,,8
update,30374,30386,30390,4,,9
inbound,30375,30387,30390,3,,10
update,30385,30396,30399,3,,11
update,30396,30408,30411,3,,12
inbound,30400,30412,30415,3,,13
update,30407,30418,30421,3,,14
update,30418,30430,30434,4,,15
inbound,30425,30436,30439,3,,0
update,30429,30441,30444,3,,1
inbound,30430,30442,30446,4,,2
update,30440,30452,30455,3,,3
update,30451,30463,30466,3,,4
update,30462,30473,30476,3,,5
update,30473,30485,30489,4,,6
update,30484,30496,30500,4,,7
inbound,30485,30498,30502,4,,8
update,30495,30507,30510,3,,9
update,30506,30518,30521,3,,10
update,30517,30529,30532,3,,11
update,30528,30540,30543,3,,12
update,30539,30551,30555,4,,13
inbound,30540,30551,30555,4,,14
update,30550,30562,30565,3,,15
update,30561,30573,30576,3,,0
update,30572,30584,30587,3,,1
update,30583,30595,30599,4,,2
update,30594,30606,30612,6,,3
inbound,30595,30607,30612,5,,4
update,30605,30617,30620,3,,5
update,30616,30628,30632,4,,6
update,30627,30638,30642,4,,7
update,30638,30650,30656,6,,8
update,30649,30661,30665,4,,9
inbound,30650,30662,30665,3,,10
update,30660,30671,30675,4,,11
update,30671,30683,30686,3,,12
update,30682,30694,30697,3,,13
update,30693,30705,30708,3,,14
update,30704,30716,30720,4,,15
inbound,30705,30716,30720,4,,0
update,30715,30727,30730,3,,1
update,30726,30738,30742,4,,2
update,30737,30749,30752,3,,3
update,30748,30759,30765,6,,4
update,30759,30771,30775,4,,5
inbound,30760,30772,30776,4,,6
update,30770,30781,30785,4,,7
update,30781,30793,30796,3,,8
update,30792,30804,30807,3,,9
update,30803,30815,30819,4,,10
update,30814,30826,30829,3,,11
inbound,30815,30827,30830,3,,12
update,30825,30837,30840,3,,13
update,30836,30848,30851,3,,14
update,30847,30859,30863,4,,15
update,30858,30869,30876,7,,0
update,30869,30880,30885,5,,1
update,30880,30892,30906,14,,2
update,30891,30906,30916,10,,3
update,30902,30915,30920,5,,4
update,30913,30925,30933,8,,5
update,30924,30936,30939,3,,6
inbound,31000,31012,31015,3,,8
update,31000,31012,31016,4,,7
update,31011,31023,31026,3,,9
update,31022,31034,31037,3,,10
inbound,31025,31037,31041,4,,11
update,31033,31045,31048,3,,12
update,31044,31056,31059,3,,13
update,31055,31066,31070,4,,14
update,31066,31077,31081,4,,15
update,31077,31089,31094,5,,0
update,31088,31100,31103,3,,1
update,31099,31111,31115,4,,2
inbound,31100,31112,31115,3,,3
update,31110,31122,31125,3,,4
update,31121,31133,31136,3,,5
update,31132,31144,31148,4,,6
update,31143,31155,31158,3,,7
update,31154,31166,31170,4,,8
inbound,31155,31167,31171,4,,9
update,31165,31177,31180,3,,10
update,31176,31188,31192,4,,11
update,31187,31199,31207,8,,12
update,31198,31209,31214,5,,13
inbound,31200,31211,31216,5,,14
update,31209,31221,31226,5,,15
inbound,31210,31222,31228,6,,0
update,31220,31232,31237,5,,1
inbound,31225,31237,31243,6,,2
update,31231,31242,31248,6,,3
update,31242,31255,31259,4,,4
update,31253,31265,31268,3,,5
inbound,31265,31276,31280,4,,7
update,31264,31276,31280,4,,6
update,31275,31287,31290,3,,8
update,31286,31298,31301,3,,9
update,31297,31309,31313,4,,10
update,31308,31319,31322,3,,11
inbound,31320,31331,31334,3,,13
update,31319,31331,31335,4,,12
update,31330,31342,31346,4,,14
update,31341,31353,31357,4,,15
update,31352,31364,31368,4,,0
update,31363,31375,31380,5,,1
update,31374,31386,31389,3,,2
inbound,31375,31386,31390,4,,3
update,31385,31397,31400,3,,4
update,31396,31407,31410,3,,5
inbound,31400,31412,31415,3,,6
update,31407,31419,31423,4,,7
update,31418,31429,31433,4,,8
inbound,31425,31437,31440,3,,9
update,31429,31441,31444,3,,10
inbound,31430,31442,31445,3,,11
update,31440,31451,31454,3,,12
update,31451,31462,31466,4,,13
update,31462,31474,31477,3,,14
update,31473,31484,31487,3,,15
inbound,31485,31496,31500,4,,1
update,31484,31496,31500,4,,0
update,31495,31507,31510,3,,2
update,31506,31518,31521,3,,3
update,31517,31529,31535,6,,4
update,31528,31540,31544,4,,5
update,31539,31551,31555,4,,6
inbound,31540,31552,31555,3,,7
update,31550,31562,31566,4,,8
update,31561,31573,31576,3,,9
update,31572,31584,31587,3,,10
update,31583,31595,31598,3,,11
update,31594,31606,31610,4,,12
inbound,31595,31607,31611,4,,13
update,31605,31617,31621,4,,14
update,31616,31628,31631,3,,15
update,31627,31639,31644,5,,0
update,31638,31649,31652,3,,1
update,31649,31661,31666,5,,2
inbound,31650,31662,31667,5,,3
update,31660,31672,31675,3,,4
update,31671,31683,31687,4,,5
update,31682,31694,31698,4,,6
update,31693,31704,31707,3,,7
inbound,31705,31716,31720,4,,9
update,31704,31716,31720,4,,8
update,31715,31727,31731,4,,10
update,31726,31738,31741,3,,11
update,31737,31749,31752,3,,12
update,31748,31760,31763,3,,13
inbound,31760,31772,31775,3,,15
update,31759,31771,31775,4,,14
update,31770,31782,31785,3,,0
update,31781,31793,31796,3,,1
update,31792,31804,31807,3,,2
update,31803,31815,31817,2,,3
update,31814,31825,31829,4,,4
inbound,31815,31826,31830,4,,5
update,31825,31837,31841,4,,6
update,31836,31848,31851,3,,7
update,31847,31859,31862,3,,8
update,31858,31869,31872,3,,9
update,31869,31880,31883,3,,10
update,31880,31892,31899,7,,11
update,31891,31903,31908,5,,12
update,31902,31914,31917,3,,13
update,31913,31925,31928,3,,14
update,31924,31936,31939,3,,15
update,32000,32012,32016,4,,0
inbound,32000,32012,32016,4,,1
update,32011,32023,32026,3,,2
update,32022,32034,32038,4,,3
inbound,32025,32037,32043,6,,4
update,32033,32045,32049,4,,5
update,32044,32056,32060,4,,6
update,32055,32066,32071,5,,7
update,32066,32078,32084,6,,8
update,32077,32089,32092,3,,9
update,32088,32099,32103,4,,10
update,32099,32111,32115,4,,11
inbound,32100,32112,32116,4,,12
update,32110,32121,32125,4,,13
update,32121,32133,32136,3,,14
update,32132,32144,32147,3,,15
update,32143,32155,32158,3,,0
update,32154,32166,32170,4,,1
inbound,32155,32167,32171,4,,2
update,32165,32177,32180,3,,3
update,32176,32188,32191,3,,4
update,32187,32199,32202,3,,5
update,32198,32210,32213,3,,6
inbound,32200,32212,32215,3,,7
update,32209,32221,32225,4,,8
inbound,32210,32222,32225,3,,9
update,32220,32232,32235,3,,10
inbound,32225,32237,32240,3,,11
update,32231,32243,32246,3,,12
update,32242,32254,32257,3,,13
update,32253,32265,32268,3,,14
update,32264,32276,32278,2,,15
inbound,32265,32277,32280,3,,0
update,32275,32287,32290,3,,1
update,32286,32298,32302,4,,2
update,32297,32309,32312,3,,3
update,32308,32320,32322,2,,4
update,32319,32331,32335,4,,5
inbound,32320,32332,32336,4,,6
update,32330,32342,32345,3,,7
update,32341,32353,32356,3,,8
update,32352,32364,32367,3,,9
update,32363,32374,32378,4,,10
update,32374,32386,32390,4,,11
inbound,32375,32387,32391,4,,12
update,32385,32396,32399,3,,13
update,32396,32407,32411,4,,14
inbound,32400,32412,32416,4,,15
update,32407,32419,32423,4,,0
update,32418,32430,32433,3,,1
inbound,32425,32437,32440,3,,2
inbound,32430,32441,32445,4,,4
update,32429,32441,32445,4,,3
update,32440,32452,32455,3,,5
update,32451,32463,32467,4,,6
update,32462,32473,32476,3,,7
update,32473,32485,32488,3,,8
update,32484,32496,32499,3,,9
inbound,32485,32497,32502,5,,10
update,32495,32506,32509,3,,11
update,32506,32518,32521,3,,12
update,32517,32528,32532,4,,13
update,32528,32540,32543,3,,14
update,32539,32551,32555,4,,15
inbound,32540,32552,32556,4,,0
update,32550,32562,32565,3,,1
update,32561,32573,32576,3,,2
update,32572,32584,32587,3,,3
update,32583,32595,32598,3,,4
update,32594,32606,32610,4,,5
inbound,32595,32607,32611,4,,6
update,32605,32617,32621,4,,7
update,32616,32629,32634,5,,8
update,32627,32639,32643,4,,9
update,32638,32650,32655,5,,10
inbound,32650,32661,32665,4,,12
update,32649,32661,32665,4,,11
update,32660,32671,32675,4,,13
update,32671,32682,32685,3,,14
update,32682,32694,32698,4,,15
update,32693,32705,32708,3,,0
update,32704,32716,32720,4,,1
inbound,32705,32716,32720,4,,2
update,32715,32727,32730,3,,3
update,32726,32738,32742,4,,4
update,32737,32749,32752,3,,5
update,32748,32760,32764,4,,6
inbound,32760,32772,32774,2,,8
update,32759,32770,32774,4,,7
update,32770,32782,32784,2,,9
update,32781,32793,32797,4,,10
update,32792,32804,32807,3,,11
update,32803,32815,32818,3,,12
update,32814,32826,32830,4,,13
inbound,32815,32828,32831,3,,14
update,32825,32837,32840,3,,15
update,32836,32848,32852,4,,0
update,32847,32859,32862,3,,1
update,32858,32870,32873,3,,2
update,32869,32881,32884,3,,3
update,32880,32892,32896,4,,4
update,32891,32903,32912,9,,5
update,32902,32914,32921,7,,6
update,32913,32924,32935,11,,7
update,32924,32935,32943,8,,8
inbound,33000,33012,33016,4,,10
update,33000,33012,33017,5,,9
update,33011,33023,33026,3,,11
update,33022,33033,33037,4,,12
inbound,33025,33036,33041,5,,13
update,33033,33045,33049,4,,14
update,33044,33056,33059,3,,15
update,33055,33067,33069,2,,0
update,33066,33077,33081,4,,1
update,33077,33089,33092,3,,2
update,33088,33099,33103,4,,3
update,33099,33110,33114,4,,4
inbound,33100,33113,33118,5,,5
update,33110,33122,33126,4,,6
update,33121,33133,33137,4,,7
update,33132,33144,33147,3,,8
update,33143,33155,33161,6,,9
update,33154,33166,33169,3,,10
inbound,33155,33167,33170,3,,11
update,33165,33177,33180,3,,12
update,33176,33187,33192,5,,13
update,33187,33199,33202,3,,14
update,33198,33210,33214,4,,15
inbound,33200,33212,33215,3,,0
update,33209,33221,33224,3,,1
inbound,33210,33222,33225,3,,2
update,33220,33231,33235,4,,3
inbound,33225,33236,33240,4,,4
update,33231,33243,33246,3,,5
update,33242,33254,33257,3,,6
update,33253,33265,33268,3,,7
update,33264,33275,33279,4,,8
inbound,33265,33277,33281,4,,9
update,33275,33287,33290,3,,10
update,33286,33298,33301,3,,11
update,33297,33309,33312,3,,12
update,33308,33319,33323,4,,13
update,33319,33331,33334,3,,14
inbound,33320,33332,33337,5,,15
update,33330,33342,33344,2,,0
update,33341,33353,33356,3,,1
update,33352,33363,33366,3,,2
update,33363,33375,33378,3,,3
update,33374,33386,33390,4,,4
inbound,33375,33386,33392,6,,5
update,33385,33397,33400,3,,6
update,33396,33407,33411,4,,7
inbound,33400,33412,33415,3,,8
update,33407,33419,33422,3,,9
update,33418,33429,33433,4,,10
inbound,33425,33436,33440,4,,11
update,33429,33441,33444,3,,12
inbound,33430,33442,33446,4,,13
update,33440,33452,33455,3,,14
update,33451,33463,33466,3,,15
update,33462,33474,33477,3,,0
update,33473,33484,33488,4,,1
update,33484,33496,33499,3,,2
inbound,33485,33497,33501,4,,3
update,33495,33507,33510,3,,4
update,33506,33518,33521,3,,5
update,33517,33529,33533,4,,6
update,33528,33540,33544,4,,7
update,33539,33551,33555,4,,8
inbound,33540,33552,33556,4,,9
update,33550,33562,33565,3,,10
update,33561,33572,33576,4,,11
update,33572,33584,33587,3,,12
update,33583,33595,33598,3,,13
update,33594,33606,33609,3,,14
inbound,33595,33607,33611,4,,15
update,33605,33616,33619,3,,0
update,33616,33627,33631,4,,1
update,33627,33638,33642,4,,2
update,33638,33649,33653,4,,3
update,33649,33661,33664,3,,4
inbound,33650,33662,33666,4,,5
update,33660,33672,33675,3,,6
update,33671,33682,33686,4,,7
update,33682,33694,33697,3,,8
update,33693,33705,33708,3,,9
update,33704,33715,33719,4,,10
inbound,33705,33716,33719,3,,11
update,33715,33726,33730,4,,12
update,33726,33738,33742,4,,13
update,33737,33749,33751,2,,14
update,33748,33760,33763,3,,15
inbound,33760,33772,33775,3,,1
update,33759,33771,33775,4,,0
update,33770,33781,33785,4,,2
update,33781,33793,33797,4,,3
update,33792,33804,33807,3,,4
update,33803,33814,33818,4,,5
update,33814,33826,33829,3,,6
inbound,33815,33827,33830,3,,7
update,33825,33836,33840,4,,8
update,33836,33848,33851,3,,9
update,33847,33859,33863,4,,10
update,33858,33870,33872,2,,11
update,33869,33881,33884,3,,12
update,33880,33891,33894,3,,13
update,33891,33902,33905,3,,14
update,33902,33914,33919,5,,15
update,33913,33925,33928,3,,0
update,33924,33936,33939,3,,1
update,34000,34011,34015,4,,2
inbound,34000,34012,34015,3,,3
update,34011,34023,34026,3,,4
update,34022,34034,34037,3,,5
inbound,34025,34036,34039,3,,6
update,34033,34045,34047,2,,7
update,34044,34056,34059,3,,8
update,34055,34067,34070,3,,9
update,34066,34078,34081,3,,10
update,34077,34089,34092,3,,11
update,34088,34100,34103,3,,12
update,34099,34111,34114,3,,13
inbound,34100,34112,34115,3,,14
update,34110,34121,34124,3,,15
update,34121,34132,34136,4,,0
update,34132,34144,34147,3,,1
update,34143,34154,34158,4,,2
update,34154,34166,34169,3,,3
inbound,34155,34167,34170,3,,4
update,34165,34176,34180,4,,5
update,34176,34188,34191,3,,6
update,34187,34199,34202,3,,7
update,34198,34209,34213,4,,8
inbound,34200,34212,34215,3,,9
update,34209,34221,34224,3,,10
inbound,34210,34222,34225,3,,11
update,34220,34231,34234,3,,12
inbound,34225,34237,34240,3,,13
update,34231,34243,34246,3,,14
update,34242,34253,34257,4,,15
update,34253,34265,34268,3,,0
update,34264,34276,34280,4,,1
inbound,34265,34276,34280,4,,2
update,34275,34287,34290,3,,3
update,34286,34298,34301,3,,4
update,34297,34308,34312,4,,5
update,34308,34320,34323,3,,6
update,34319,34331,34334,3,,7
inbound,34320,34331,34335,4,,8
update,34330,34341,34345,4,,9
update,34341,34353,34356,3,,10
update,34352,34364,34367,3,,11
update,34363,34375,34378,3,,12
update,34374,34386,34389,3,,13
inbound,34375,34387,34390,3,,14
update,34385,34396,34399,3,,15
update,34396,34408,34411,3,,0
inbound,34400,34412,34415,3,,1
update,34407,34418,34421,3,,2
update,34418,34430,34433,3,,3
inbound,34425,34437,34440,3,,4
update,34429,34440,34444,4,,5
inbound,34430,34442,34445,3,,6
update,34440,34452,34455,3,,7
update,34451,34462,34466,4,,8
update,34462,34474,34478,4,,9
update,34473,34485,34488,3,,10
update,34484,34496,34499,3,,11
inbound,34485,34497,34501,4,,12
update,34495,34507,34512,5,,13
update,34506,34518,34521,3,,14
update,34517,34529,34533,4,,15
update,34528,34540,34543,3,,0
update,34539,34551,34554,3,,1
inbound,34540,34552,34555,3,,2
update,34550,34561,34565,4,,3
update,34561,34573,34576,3,,4
update,34572,34584,34587,3,,5
update,34583,34595,34598,3,,6
update,34594,34605,34609,4,,7
inbound,34595,34607,34610,3,,8
update,34605,34616,34620,4,,9
update,34616,34627,34631,4,,10
update,34627,34639,34642,3,,11
update,34638,34650,34653,3,,12
update,34649,34660,34664,4,,13
inbound,34650,34662,34665,3,,14
update,34660,34672,34675,3,,15
update,34671,34682,34686,4,,0
update,34682,34694,34697,3,,1
update,34693,34705,34708,3,,2
update,34704,34716,34719,3,,3
inbound,34705,34717,34720,3,,4
update,34715,34727,34731,4,,5
update,34726,34738,34741,3,,6
update,34737,34748,34752,4,,7
update,34748,34760,34763,3,,8
update,34759,34771,34775,4,,9
inbound,34760,34772,34775,3,,10
update,34770,34781,34785,4,,11
update,34781,34793,34796,3,,12
update,34792,34804,34807,3,,13
update,34803,34815,34818,3,,14
inbound,34815,34826,34829,3,,0
update,34814,34826,34830,4,,15
update,34825,34837,34841,4,,1
update,34836,34847,34851,4,,2
update,34847,34859,34862,3,,3
update,34858,34870,34873,3,,4
update,34869,34881,34885,4,,5
update,34880,34892,34895,3,,6
update,34891,34902,34906,4,,7
update,34902,34915,34921,6,,8
update,34913,34925,34928,3,,9
update,34924,34936,34939,3,,10
inbound,35000,35012,35016,4,,12
update,35000,35012,35016,4,,11
update,35011,35022,35025,3,,13
update,35022,35034,35037,3,,14
inbound,35025,35037,35040,3,,15
update,35033,35045,35048,3,,0
update,35044,35056,35059,3,,1
update,35055,35067,35070,3,,2
update,35066,35078,35081,3,,3
update,35077,35089,35093,4,,4
update,35088,35100,35103,3,,5
update,35099,35111,35114,3,,6
inbound,35100,35113,35117,4,,7
update,35110,35122,35125,3,,8
update,35121,35133,35136,3,,9
update,35132,35144,35147,3,,10
update,35143,35155,35157,2,,11
update,35154,35166,35172,6,,12
inbound,35155,35167,35173,6,,13
update,35165,35177,35180,3,,14
update,35176,35188,35191,3,,15
update,35187,35198,35201,3,,0
update,35198,35210,35213,3,,1
inbound,35200,35213,35216,3,,2
update,35209,35221,35224,3,,3
inbound,35210,35223,35226,3,,4
update,35220,35232,35235,3,,5
inbound,35225,35238,35242,4,,6
update,35231,35244,35250,6,,7
update,35242,35255,35260,5,,8
update,35253,35266,35270,4,,9
inbound,35265,35277,35283,6,,11
update,35264,35277,35283,6,,10
update,35275,35288,35293,5,,12
update,35286,35299,35304,5,,13
update,35297,35310,35314,4,,14
update,35308,35321,35326,5,,15
update,35319,35331,35339,8,,0
inbound,35320,35334,35340,6,,1
update,35330,35343,35346,3,,2
update,35341,35354,35361,7,,3
update,35352,35364,35369,5,,4
update,35363,35375,35380,5,,5
inbound,35375,35387,35391,4,,7
update,35374,35387,35395,8,,6
update,35385,35398,35400,2,,8
update,35396,35409,35413,4,,9
inbound,35400,35412,35416,4,,10
update,35407,35420,35423,3,,11
update,35418,35431,35434,3,,12
inbound,35425,35438,35441,3,,13
update,35429,35441,35445,4,,14
inbound,35430,35443,35449,6,,15
update,35440,35453,35456,3,,0
update,35451,35464,35467,3,,1
update,35462,35475,35479,4,,2
update,35473,35485,35488,3,,3
update,35484,35496,35500,4,,4
inbound,35485,35498,35504,6,,5
update,35495,35508,35511,3,,6
update,35506,35518,35522,4,,7
update,35517,35530,35533,3,,8
update,35528,35541,35544,3,,9
update,35539,35552,35555,3,,10
inbound,35540,35553,35556,3,,11
update,35550,35562,35566,4,,12
update,35561,35574,35577,3,,13
update,35572,35584,35587,3,,14
update,35583,35596,35600,4,,15
update,35594,35607,35611,4,,0
inbound,35595,35608,35611,3,,1
update,35605,35618,35621,3,,2
update,35616,35629,35632,3,,3
update,35627,35640,35643,3,,4
update,35638,35651,35654,3,,5
update,35649,35662,35666,4,,6
inbound,35650,35662,35666,4,,7
update,35660,35672,35676,4,,8
update,35671,35684,35687,3,,9
update,35682,35695,35698,3,,10
update,35693,35706,35709,3,,11
update,35704,35716,35721,5,,12
inbound,35705,35718,35725,7,,13
update,35715,35728,35731,3,,14
update,35726,35739,35742,3,,15
update,35737,35750,35755,5,,0
update,35748,35760,35764,4,,1
update,35759,35771,35776,5,,2
inbound,35760,35772,35777,5,,3
update,35770,35783,35786,3,,4
update,35781,35794,35797,3,,5
update,35792,35805,35809,4,,6
update,35803,35815,35818,3,,7
update,35814,35826,35830,4,,8
inbound,35815,35827,35831,4,,9
update,35825,35838,35841,3,,10
update,35836,35848,35851,3,,11
update,35847,35860,35862,2,,12
update,35858,35870,35874,4,,13
update,35869,35882,35885,3,,14
update,35880,35893,35897,4,,15
update,35891,35904,35907,3,,0
update,35902,35915,35919,4,,1
update,35913,35925,35930,5,,2
update,35924,35937,35940,3,,3
update,36000,36012,36018,6,,4
inbound,36000,36013,36018,5,,5
update,36011,36024,36027,3,,6
update,36022,36035,36039,4,,7
inbound,36025,36038,36042,4,,8
update,36033,36046,36049,3,,9
update,36044,36056,36060,4,,10
update,36055,36068,36071,3,,11
update,36066,36078,36082,4,,12
update,36077,36090,36093,3,,13
update,36088,36100,36103,3,,14
update,36099,36112,36115,3,,15
inbound,36100,36113,36118,5,,0
update,36110,36123,36126,3,,1
update,36121,36134,36137,3,,2
update,36132,36145,36148,3,,3
update,36143,36156,36159,3,,4
update,36154,36167,36171,4,,5
inbound,36155,36168,36172,4,,6
update,36165,36178,36181,3,,7
update,36176,36189,36192,3,,8
update,36187,36200,36203,3,,9
update,36198,36211,36215,4,,10
inbound,36200,36213,36217,4,,11
inbound,36210,36223,36226,3,,13
update,36209,36222,36227,5,,12
update,36220,36233,36236,3,,14
inbound,36225,36238,36241,3,,15
update,36231,36244,36248,4,,0
update,36242,36254,36258,4,,1
update,36253,36265,36268,3,,2
update,36264,36277,36280,3,,3
inbound,36265,36278,36281,3,,4
update,36275,36288,36291,3,,5
update,36286,36298,36301,3,,6
update,36297,36310,36313,3,,7
update,36308,36321,36324,3,,8
inbound,36320,36332,36336,4,,10
update,36319,36332,36336,4,,9
update,36330,36342,36345,3,,11
update,36341,36354,36357,3,,12
update,36352,36365,36367,2,,13
update,36363,36376,36379,3,,14
update,36374,36386,36390,4,,15
inbound,36375,36388,36392,4,,0
update,36385,36398,36401,3,,1
update,36396,36409,36411,2,,2
inbound,36400,36413,36416,3,,3
update,36407,36420,36423,3,,4
update,36418,36431,36434,3,,5
inbound,36425,36438,36441,3,,6
update,36429,36442,36446,4,,7
inbound,36430,36443,36446,3,,8
update,36440,36453,36456,3,,9
update,36451,36464,36468,4,,10
update,36462,36475,36477,2,,11
update,36473,36486,36489,3,,12
update,36484,36497,36501,4,,13
inbound,36485,36498,36501,3,,14
update,36495,36508,36511,3,,15
update,36506,36519,36521,2,,0
update,36517,36530,36533,3,,1
update,36528,36541,36545,4,,2
update,36539,36553,36560,7,,3
inbound,36540,36553,36560,7,,4
update,36550,36563,36566,3,,5
update,36561,36574,36578,4,,6
update,36572,36585,36590,5,,7
update,36583,36596,36600,4,,8
update,36594,36607,36610,3,,9
inbound,36595,36608,36612,4,,10
update,36605,36619,36622,3,,11
update,36616,36629,36633,4,,12
update,36627,36640,36642,2,,13
update,36638,36651,36654,3,,14
update,36649,36661,36669,8,,15
inbound,36650,36662,36670,8,,0
update,36660,36673,36680,7,,1
update,36671,36684,36687,3,,2
update,36682,36695,36698,3,,3
update,36693,36705,36709,4,,4
update,36704,36717,36722,5,,5
inbound,36705,36718,36722,4,,6
update,36715,36728,36731,3,,7
update,36726,36738,36742,4,,8
update,36737,36749,36753,4,,9
update,36748,36761,36764,3,,10
inbound,36760,36773,36776,3,,12
update,36759,36772,36776,4,,11
update,36770,36783,36786,3,,13
update,36781,36793,36797,4,,14
update,36792,36805,36808,3,,15
update,36803,36815,36818,3,,0
inbound,36815,36828,36830,2,,2
update,36814,36827,36830,3,,1
update,36825,36838,36841,3,,3
update,36836,36848,36851,3,,4
update,36847,36859,36863,4,,5
update,36858,36871,36874,3,,6
update,36869,36882,36885,3,,7
update,36880,36892,36895,3,,8
update,36891,36903,36906,3,,9
update,36902,36915,36918,3,,10
update,36913,36926,36932,6,,11
update,36924,36937,36941,4,,12
inbound,37000,37013,37016,3,,14
update,37000,37013,37018,5,,13
update,37011,37024,37027,3,,15
update,37022,37034,37037,3,,0
inbound,37025,37038,37041,3,,1
update,37033,37046,37049,3,,2
update,37044,37056,37061,5,,3
update,37055,37068,37071,3,,4
update,37066,37079,37082,3,,5
update,37077,37090,37093,3,,6
update,37088,37101,37104,3,,7
update,37099,37112,37116,4,,8
inbound,37100,37113,37117,4,,9
update,37110,37123,37126,3,,10
update,37121,37134,37137,3,,11
update,37132,37145,37148,3,,12
update,37143,37156,37159,3,,13
update,37154,37167,37170,3,,14
inbound,37155,37168,37172,4,,15
update,37165,37178,37181,3,,0
update,37176,37189,37192,3,,1
update,37187,37199,37203,4,,2
update,37198,37210,37213,3,,3
inbound,37200,37212,37216,4,,4
update,37209,37221,37225,4,,5
inbound,37210,37222,37226,4,,6
update,37220,37233,37236,3,,7
inbound,37225,37238,37241,3,,8
update,37231,37243,37246,3,,9
update,37242,37255,37258,3,,10
update,37253,37266,37268,2,,11
update,37264,37277,37280,3,,12
inbound,37265,37277,37281,4,,13
update,37275,37287,37290,3,,14
update,37286,37299,37302,3,,15
update,37297,37310,37313,3,,0
update,37308,37321,37324,3,,1
update,37319,37331,37335,4,,2
inbound,37320,37332,37336,4,,3
update,37330,37343,37346,3,,4
update,37341,37353,37357,4,,5
update,37352,37365,37368,3,,6
update,37363,37376,37380,4,,7
update,37374,37387,37391,4,,8
inbound,37375,37388,37392,4,,9
update,37385,37398,37401,3,,10
update,37396,37409,37412,3,,11
inbound,37400,37412,37415,3,,12
update,37407,37420,37423,3,,13
update,37418,37431,37434,3,,14
inbound,37425,37438,37442,4,,15
update,37429,37442,37446,4,,0
inbound,37430,37442,37447,5,,1
update,37440,37453,37455,2,,2
update,37451,37464,37467,3,,3
update,37462,37475,37478,3,,4
update,37473,37485,37489,4,,5
update,37484,37497,37501,4,,6
inbound,37485,37497,37502,5,,7
update,37495,37508,37511,3,,8
update,37506,37519,37522,3,,9
update,37517,37530,37534,4,,10
update,37528,37540,37543,3,,11
inbound,37540,37552,37556,4,,13
update,37539,37552,37556,4,,12
update,37550,37563,37566,3,,14
update,37561,37574,37576,2,,15
update,37572,37585,37588,3,,0
update,37583,37595,37599,4,,1
update,37594,37607,37610,3,,2
inbound,37595,37608,37611,3,,3
update,37605,37618,37621,3,,4
update,37616,37629,37633,4,,5
update,37627,37639,37642,3,,6
update,37638,37651,37654,3,,7
update,37649,37662,37666,4,,8
inbound,37650,37663,37666,3,,9
update,37660,37673,37677,4,,10
update,37671,37684,37687,3,,11
update,37682,37695,37698,3,,12
update,37693,37705,37709,4,,13
update,37704,37717,37720,3,,14
inbound,37705,37718,37722,4,,15
update,37715,37727,37731,4,,0
update,37726,37739,37742,3,,1
update,37737,37750,37753,3,,2
update,37748,37761,37764,3,,3
update,37759,37772,37775,3,,4
inbound,37760,37773,37776,3,,5
update,37770,37782,37786,4,,6
update,37781,37794,37797,3,,7
update,37792,37805,37808,3,,8
update,37803,37815,37819,4,,9
update,37814,37827,37830,3,,10
inbound,37815,37828,37831,3,,11
update,37825,37837,37841,4,,12
update,37836,37849,37852,3,,13
update,37847,37860,37862,2,,14
update,37858,37871,37873,2,,15
update,37869,37882,37885,3,,0
update,37880,37893,37896,3,,1
update,37891,37904,37907,3,,2
update,37902,37915,37918,3,,3
update,37913,37926,37930,4,,4
update,37924,37936,37941,5,,5
update,38000,38012,38015,3,,6
inbound,38000,38012,38015,3,,7
update,38011,38024,38027,3,,8
update,38022,38035,38038,3,,9
inbound,38025,38038,38040,2,,10
update,38033,38046,38049,3,,11
update,38044,38057,38060,3,,12
update,38055,38067,38070,3,,13
update,38066,38079,38082,3,,14
update,38077,38090,38092,2,,15
update,38088,38101,38105,4,,0
update,38099,38112,38116,4,,1
inbound,38100,38113,38116,3,,2
update,38110,38122,38125,3,,3
update,38121,38134,38138,4,,4
update,38132,38145,38148,3,,5
update,38143,38155,38159,4,,6
update,38154,38167,38171,4,,7
inbound,38155,38168,38172,4,,8
update,38165,38178,38181,3,,9
update,38176,38189,38192,3,,10
update,38187,38200,38204,4,,11
update,38198,38211,38214,3,,12
inbound,38200,38213,38217,4,,13
update,38209,38221,38225,4,,14
inbound,38210,38223,38229,6,,15
update,38220,38233,38236,3,,0
inbound,38225,38238,38241,3,,1
update,38231,38244,38248,4,,2
update,38242,38255,38258,3,,3
update,38253,38266,38269,3,,4
update,38264,38276,38281,5,,5
inbound,38265,38278,38282,4,,6
update,38275,38287,38291,4,,7
update,38286,38299,38302,3,,8
update,38297,38310,38313,3,,9
update,38308,38321,38325,4,,10
update,38319,38331,38336,5,,11
inbound,38320,38333,38338,5,,12
update,38330,38343,38347,4,,13
update,38341,38354,38357,3,,14
update,38352,38365,38370,5,,15
update,38363,38375,38378,3,,0
update,38374,38387,38391,4,,1
inbound,38375,38388,38394,6,,2
update,38385,38398,38402,4,,3
update,38396,38409,38413,4,,4
inbound,38400,38412,38416,4,,5
update,38407,38420,38423,3,,6
update,38418,38431,38434,3,,7
inbound,38425,38437,38441,4,,8
update,38429,38442,38446,4,,9
inbound,38430,38443,38447,4,,10
update,38440,38452,38455,3,,11
update,38451,38464,38467,3,,12
update,38462,38475,38478,3,,13
update,38473,38486,38489,3,,14
update,38484,38497,38500,3,,15
inbound,38485,38498,38502,4,,0
update,38495,38508,38511,3,,1
update,38506,38518,38522,4,,2
update,38517,38530,38532,2,,3
update,38528,38541,38544,3,,4
update,38539,38552,38555,3,,5
inbound,38540,38553,38557,4,,6
update,38550,38563,38566,3,,7
update,38561,38574,38577,3,,8
update,38572,38584,38587,3,,9
update,38583,38595,38598,3,,10
update,38594,38607,38610,3,,11
inbound,38595,38608,38611,3,,12
update,38605,38618,38620,2,,13
update,38616,38628,38631,3,,14
update,38627,38639,38642,3,,15
update,38638,38651,38655,4,,0
update,38649,38662,38665,3,,1
inbound,38650,38663,38667,4,,2
update,38660,38673,38676,3,,3
update,38671,38684,38687,3,,4
update,38682,38695,38698,3,,5
update,38693,38706,38710,4,,6
update,38704,38717,38720,3,,7
inbound,38705,38718,38722,4,,8
update,38715,38728,38731,3,,9
update,38726,38739,38742,3,,10
update,38737,38750,38753,3,,11
update,38748,38760,38763,3,,12
inbound,38760,38773,38775,2,,14
update,38759,38772,38775,3,,13
update,38770,38782,38785,3,,15
update,38781,38794,38798,4,,0
update,38792,38805,38808,3,,1
update,38803,38815,38818,3,,2
inbound,38815,38828,38831,3,,4
update,38814,38827,38831,4,,3
update,38825,38837,38841,4,,5
update,38836,38849,38852,3,,6
update,38847,38860,38863,3,,7
update,38858,38871,38875,4,,8
update,38869,38881,38885,4,,9
update,38880,38892,38896,4,,10
update,38891,38904,38909,5,,11
update,38902,38914,38918,4,,12
update,38913,38926,38929,3,,13
update,38924,38937,38940,3,,14
update,39000,39013,39016,3,,15
inbound,39000,39013,39018,5,,0
update,39011,39023,39027,4,,1
update,39022,39035,39038,3,,2
inbound,39025,39038,39041,3,,3
update,39033,39046,39049,3,,4
update,39044,39057,39060,3,,5
update,39055,39067,39070,3,,6
update,39066,39079,39082,3,,7
update,39077,39090,39094,4,,8
update,39088,39101,39104,3,,9
inbound,39100,39113,39116,3,,11
update,39099,39112,39117,5,,10
update,39110,39123,39128,5,,12
update,39121,39134,39137,3,,13
update,39132,39144,39147,3,,14
update,39143,39156,39159,3,,15
update,39154,39167,39170,3,,0
inbound,39155,39168,39171,3,,1
update,39165,39178,39181,3,,2
update,39176,39189,39192,3,,3
update,39187,39200,39203,3,,4
update,39198,39210,39214,4,,5
inbound,39200,39213,39215,2,,6
update,39209,39222,39225,3,,7
inbound,39210,39223,39226,3,,8
update,39220,39233,39236,3,,9
inbound,39225,39238,39241,3,,10
update,39231,39243,39246,3,,11
update,39242,39255,39258,3,,12
update,39253,39266,39268,2,,13
update,39264,39277,39280,3,,14
inbound,39265,39278,39281,3,,15
update,39275,39287,39290,3,,0
update,39286,39299,39302,3,,1
update,39297,39310,39312,2,,2
update,39308,39321,39324,3,,3
update,39319,39332,39335,3,,4
inbound,39320,39333,39337,4,,5
update,39330,39343,39346,3,,6
update,39341,39354,39357,3,,7
update,39352,39365,39368,3,,8
update,39363,39376,39379,3,,9
update,39374,39387,39390,3,,10
inbound,39375,39388,39392,4,,11
update,39385,39398,39401,3,,12
update,39396,39409,39412,3,,13
inbound,39400,39413,39416,3,,14
update,39407,39420,39423,3,,15
update,39418,39431,39434,3,,0
inbound,39425,39438,39441,3,,1
update,39429,39442,39445,3,,2
inbound,39430,39443,39446,3,,3
update,39440,39452,39458,6,,4
update,39451,39464,39467,3,,5
update,39462,39475,39478,3,,6
update,39473,39486,39489,3,,7
update,39484,39497,39500,3,,8
inbound,39485,39497,39501,4,,9
update,39495,39508,39511,3,,10
update,39506,39519,39522,3,,11
update,39517,39530,39533,3,,12
update,39528,39541,39544,3,,13
inbound,39540,39552,39555,3,,15
update,39539,39552,39556,4,,14
update,39550,39563,39566,3,,0
update,39561,39574,39577,3,,1
update,39572,39584,39587,3,,2
update,39583,39596,39598,2,,3
update,39594,39607,39610,3,,4
inbound,39595,39608,39611,3,,5
update,39605,39618,39621,3,,6
update,39616,39628,39631,3,,7
update,39627,39640,39643,3,,8
update,39638,39651,39654,3,,9
update,39649,39662,39665,3,,10
inbound,39650,39662,39666,4,,11
update,39660,39673,39676,3,,12
update,39671,39684,39687,3,,13
update,39682,39694,39697,3,,14
update,39693,39706,39709,3,,15
update,39704,39716,39720,4,,0
inbound,39705,39718,39721,3,,1
update,39715,39728,39731,3,,2
update,39726,39739,39742,3,,3
update,39737,39750,39753,3,,4
update,39748,39761,39764,3,,5
update,39759,39772,39775,3,,6
inbound,39760,39773,39775,2,,7
update,39770,39782,39787,5,,8
update,39781,39794,39796,2,,9
update,39792,39805,39807,2,,10
update,39803,39816,39818,2,,11
update,39814,39827,39830,3,,12
inbound,39815,39828,39830,2,,13
update,39825,39838,39841,3,,14
update,39836,39848,39851,3,,15
update,39847,39859,39862,3,,0
update,39858,39871,39874,3,,1
update,39869,39882,39885,3,,2
update,39880,39893,39897,4,,3
update,39891,39904,39907,3,,4
update,39902,39915,39917,2,,5
update,39913,39925,39928,3,,6
update,39924,39937,39939,2,,7
inbound,40000,40013,40018,5,,9
update,40000,40013,40018,5,,8
update,40011,40024,40027,3,,10
update,40022,40035,40038,3,,11
inbound,40025,40038,40041,3,,12
update,40033,40046,40049,3,,13
update,40044,40056,40059,3,,14
update,40055,40067,40070,3,,15
update,40066,40079,40082,3,,0
update,40077,40089,40092,3,,1
update,40088,40101,40104,3,,2
inbound,40100,40112,40116,4,,4
update,40099,40112,40116,4,,3
update,40110,40123,40126,3,,5
update,40121,40133,40136,3,,6
update,40132,40144,40148,4,,7
update,40143,40156,40159,3,,8
update,40154,40167,40170,3,,9
inbound,40155,40168,40172,4,,10
update,40165,40178,40181,3,,11
update,40176,40189,40192,3,,12
update,40187,40200,40203,3,,13
update,40198,40210,40214,4,,14
inbound,40200,40212,40216,4,,15
inbound,40210,40222,40225,3,,1
update,40209,40222,40226,4,,0
update,40220,40233,40236,3,,2
inbound,40225,40238,40241,3,,3
update,40231,40243,40246,3,,4
update,40242,40255,40258,3,,5
update,40253,40265,40268,3,,6
update,40264,40277,40280,3,,7
inbound,40265,40278,40282,4,,8
update,40275,40287,40290,3,,9
update,40286,40299,40302,3,,10
update,40297,40310,40313,3,,11
update,40308,40321,40324,3,,12
inbound,40320,40332,40336,4,,14
update,40319,40332,40336,4,,13
update,40330,40342,40345,3,,15
update,40341,40354,40357,3,,0
update,40352,40365,40368,3,,1
update,40363,40376,40379,3,,2
update,40374,40387,40391,4,,3
inbound,40375,40387,40391,4,,4
update,40385,40397,40400,3,,5
update,40396,40409,40412,3,,6
inbound,40400,40413,40416,3,,7
update,40407,40420,40422,2,,8
update,40418,40430,40433,3,,9
inbound,40425,40438,40441,3,,10
update,40429,40442,40446,4,,11
inbound,40430,40443,40446,3,,12
update,40440,40453,40456,3,,13
update,40451,40464,40467,3,,14
update,40462,40475,40478,3,,15
update,40473,40486,40490,4,,0
update,40484,40497,40500,3,,1
inbound,40485,40498,40501,3,,2
update,40495,40508,40510,2,,3
update,40506,40519,40522,3,,4
update,40517,40530,40533,3,,5
update,40528,40540,40544,4,,6
update,40539,40551,40555,4,,7
inbound,40540,40552,40556,4,,8
update,40550,40563,40566,3,,9
update,40561,40573,40576,3,,10
update,40572,40585,40588,3,,11
update,40583,40596,40599,3,,12
update,40594,40606,40610,4,,13
inbound,40595,40608,40612,4,,14
update,40605,40618,40621,3,,15
update,40616,40629,40632,3,,0
update,40627,40640,40643,3,,1
update,40638,40651,40654,3,,2
update,40649,40662,40665,3,,3
inbound,40650,40662,40666,4,,4
update,40660,40673,40676,3,,5
update,40671,40684,40686,2,,6
update,40682,40695,40697,2,,7
update,40693,40706,40709,3,,8
update,40704,40717,40720,3,,9
inbound,40705,40718,40722,4,,10
update,40715,40728,40731,3,,11
update,40726,40739,40742,3,,12
update,40737,40750,40752,2,,13
update,40748,40761,40765,4,,14
inbound,40760,40772,40775,3,,0
update,40759,40772,40776,4,,15
update,40770,40783,40786,3,,1
update,40781,40793,40796,3,,2
update,40792,40804,40808,4,,3
update,40803,40816,40818,2,,4
update,40814,40827,40830,3,,5
inbound,40815,40828,40830,2,,6
update,40825,40837,40840,3,,7
update,40836,40848,40851,3,,8
update,40847,40860,40863,3,,9
update,40858,40870,40874,4,,10
update,40869,40882,40885,3,,11
update,40880,40892,40895,3,,12
update,40891,40904,40907,3,,13
update,40902,40915,40917,2,,14
update,40913,40926,40929,3,,15
update,40924,40937,40941,4,,0
update,41000,41013,41019,6,,1
inbound,41000,41013,41020,7,,2
update,41011,41024,41026,2,,3
update,41022,41035,41038,3,,4
inbound,41025,41038,41041,3,,5
update,41033,41046,41049,3,,6
update,41044,41057,41059,2,,7
update,41055,41067,41070,3,,8
update,41066,41079,41081,2,,9
update,41077,41089,41093,4,,10
update,41088,41101,41104,3,,11
update,41099,41111,41119,8,,12
inbound,41100,41113,41119,6,,13
update,41110,41123,41126,3,,14
update,41121,41134,41137,3,,15
update,41132,41145,41148,3,,0
update,41143,41156,41159,3,,1
inbound,41155,41167,41172,5,,3
update,41154,41167,41172,5,,2
update,41165,41178,41181,3,,4
update,41176,41189,41192,3,,5
update,41187,41200,41202,2,,6
update,41198,41211,41216,5,,7
inbound,41200,41213,41218,5,,8
inbound,41210,41223,41229,6,,10
update,41209,41222,41229,7,,9
update,41220,41233,41236,3,,11
inbound,41225,41238,41241,3,,12
update,41231,41244,41247,3,,13
update,41242,41254,41257,3,,14
update,41253,41266,41269,3,,15
inbound,41265,41277,41281,4,,1
update,41264,41277,41284,7,,0
update,41275,41287,41291,4,,2
update,41286,41299,41303,4,,3
update,41297,41310,41314,4,,4
update,41308,41321,41325,4,,5
update,41319,41331,41338,7,,6
inbound,41320,41332,41338,6,,7
update,41330,41342,41346,4,,8
update,41341,41354,41358,4,,9
update,41352,41365,41368,3,,10
update,41363,41376,41379,3,,11
update,41374,41387,41390,3,,12
inbound,41375,41388,41391,3,,13
update,41385,41397,41401,4,,14
update,41396,41409,41412,3,,15
inbound,41400,41413,41418,5,,0
update,41407,41420,41423,3,,1
update,41418,41430,41435,5,,2
inbound,41425,41438,41441,3,,3
inbound,41430,41443,41446,3,,5
update,41429,41442,41446,4,,4
update,41440,41453,41455,2,,6
update,41451,41463,41466,3,,7
update,41462,41474,41477,3,,8
update,41473,41486,41489,3,,9
update,41484,41497,41501,4,,10
inbound,41485,41497,41501,4,,11
update,41495,41508,41510,2,,12
update,41506,41518,41521,3,,13
update,41517,41530,41533,3,,14
update,41528,41540,41543,3,,15
update,41539,41552,41555,3,,0
inbound,41540,41553,41557,4,,1
update,41550,41563,41566,3,,2
update,41561,41574,41576,2,,3
update,41572,41585,41588,3,,4
update,41583,41596,41599,3,,5
update,41594,41606,41610,4,,6
inbound,41595,41608,41611,3,,7
update,41605,41618,41621,3,,8
update,41616,41629,41632,3,,9
update,41627,41640,41642,2,,10
update,41638,41650,41653,3,,11
update,41649,41661,41665,4,,12
inbound,41650,41663,41666,3,,13
update,41660,41673,41676,3,,14
update,41671,41684,41687,3,,15
update,41682,41695,41698,3,,0
update,41693,41705,41708,3,,1
inbound,41705,41718,41721,3,,3
update,41704,41717,41721,4,,2
update,41715,41728,41731,3,,4
update,41726,41739,41743,4,,5
update,41737,41749,41752,3,,6
update,41748,41761,41764,3,,7
inbound,41760,41772,41775,3,,9
update,41759,41771,41775,4,,8
update,41770,41783,41786,3,,10
update,41781,41794,41797,3,,11
update,41792,41805,41808,3,,12
update,41803,41816,41819,3,,13
inbound,41815,41828,41830,2,,15
update,41814,41827,41831,4,,14
update,41825,41838,41841,3,,0
update,41836,41849,41852,3,,1
update,41847,41860,41863,3,,2
update,41858,41871,41873,2,,3
update,41869,41882,41885,3,,4
update,41880,41892,41895,3,,5
update,41891,41904,41914,10,,6
update,41902,41914,41918,4,,7
update,41913,41926,41928,2,,8
update,41924,41937,41940,3,,9
inbound,42000,42013,42016,3,,11
update,42000,42013,42017,4,,10
update,42011,42024,42028,4,,12
update,42022,42035,42038,3,,13
inbound,42025,42038,42043,5,,14
update,42033,42046,42049,3,,15
update,42044,42056,42062,6,,0
update,42055,42067,42072,5,,1
update,42066,42078,42082,4,,2
update,42077,42089,42097,8,,3
update,42088,42100,42108,8,,4
inbound,42100,42113,42117,4,,6
update,42099,42112,42119,7,,5
update,42110,42123,42126,3,,7
update,42121,42133,42138,5,,8
update,42132,42145,42152,7,,9
update,42143,42156,42161,5,,10
update,42154,42167,42172,5,,11
inbound,42155,42168,42175,7,,12
update,42165,42178,42181,3,,13
update,42176,42189,42192,3,,14
update,42187,42200,42203,3,,15
update,42198,42211,42214,3,,0
inbound,42200,42213,42217,4,,1
update,42209,42221,42225,4,,2
inbound,42210,42222,42226,4,,3
update,42220,42233,42235,2,,4
inbound,42225,42237,42240,3,,5
update,42231,42243,42246,3,,6
update,42242,42255,42258,3,,7
update,42253,42266,42269,3,,8
update,42264,42277,42280,3,,9
inbound,42265,42277,42281,4,,10
update,42275,42288,42291,3,,11
update,42286,42299,42302,3,,12
update,42297,42310,42313,3,,13
update,42308,42321,42323,2,,14
update,42319,42332,42335,3,,15
inbound,42320,42333,42336,3,,0
update,42330,42343,42346,3,,1
update,42341,42354,42356,2,,2
update,42352,42364,42367,3,,3
update,42363,42376,42379,3,,4
inbound,42375,42388,42390,2,,6
update,42374,42386,42390,4,,5
update,42385,42397,42400,3,,7
update,42396,42408,42411,3,,8
inbound,42400,42412,42416,4,,9
update,42407,42420,42423,3,,10
update,42418,42431,42434,3,,11
inbound,42425,42438,42441,3,,12
update,42429,42442,42445,3,,13
inbound,42430,42443,42447,4,,14
update,42440,42452,42455,3,,15
update,42451,42463,42467,4,,0
update,42462,42475,42478,3,,1
update,42473,42485,42488,3,,2
update,42484,42497,42501,4,,3
inbound,42485,42498,42501,3,,4
update,42495,42508,42511,3,,5
update,42506,42519,42522,3,,6
update,42517,42529,42533,4,,7
update,42528,42541,42545,4,,8
update,42539,42552,42555,3,,9
inbound,42540,42553,42557,4,,10
update,42550,42563,42565,2,,11
update,42561,42573,42576,3,,12
update,42572,42585,42588,3,,13
update,42583,42596,42598,2,,14
update,42594,42607,42610,3,,15
inbound,42595,42608,42611,3,,0
update,42605,42618,42621,3,,1
update,42616,42628,42631,3,,2
update,42627,42640,42643,3,,3
update,42638,42650,42653,3,,4
inbound,42650,42663,42668,5,,6
update,42649,42661,42668,7,,5
update,42660,42673,42678,5,,7
update,42671,42683,42686,3,,8
update,42682,42694,42698,4,,9
update,42693,42706,42709,3,,10
update,42704,42717,42720,3,,11
inbound,42705,42718,42721,3,,12
update,42715,42728,42731,3,,13
update,42726,42739,42742,3,,14
update,42737,42750,42754,4,,15
update,42748,42761,42764,3,,0
update,42759,42771,42775,4,,1
inbound,42760,42772,42776,4,,2
update,42770,42783,42786,3,,3
update,42781,42794,42797,3,,4
update,42792,42804,42807,3,,5
update,42803,42815,42818,3,,6
inbound,42815,42828,42831,3,,8
update,42814,42827,42831,4,,7
update,42825,42838,42841,3,,9
update,42836,42849,42852,3,,10
update,42847,42860,42863,3,,11
update,42858,42871,42874,3,,12
update,42869,42881,42885,4,,13
update,42880,42893,42896,3,,14
update,42891,42904,42907,3,,15
update,42902,42915,42918,3,,0
update,42913,42926,42929,3,,1
update,42924,42937,42940,3,,2
inbound,43000,43013,43018,5,,4
update,43000,43013,43020,7,,3
update,43011,43024,43027,3,,5
update,43022,43035,43040,5,,6
inbound,43025,43038,43044,6,,7
update,43033,43046,43050,4,,8
update,43044,43057,43061,4,,9
update,43055,43068,43071,3,,10
update,43066,43079,43083,4,,11
update,43077,43089,43093,4,,12
update,43088,43101,43105,4,,13
update,43099,43112,43116,4,,14
inbound,43100,43113,43117,4,,15
update,43110,43122,43126,4,,0
update,43121,43133,43137,4,,1
update,43132,43145,43148,3,,2
update,43143,43155,43160,5,,3
update,43154,43167,43171,4,,4
inbound,43155,43168,43173,5,,5
update,43165,43178,43182,4,,6
update,43176,43188,43194,6,,7
update,43187,43200,43203,3,,8
update,43198,43211,43215,4,,9
inbound,43200,43213,43216,3,,10
update,43209,43222,43225,3,,11
inbound,43210,43223,43226,3,,12
update,43220,43233,43236,3,,13
inbound,43225,43238,43241,3,,14
update,43231,43244,43246,2,,15
update,43242,43255,43257,2,,0
update,43253,43266,43268,2,,1
update,43264,43277,43280,3,,2
inbound,43265,43278,43281,3,,3
update,43275,43288,43291,3,,4
update,43286,43299,43303,4,,5
update,43297,43310,43313,3,,6
update,43308,43320,43323,3,,7
update,43319,43331,43335,4,,8
inbound,43320,43333,43336,3,,9
update,43330,43343,43346,3,,10
update,43341,43354,43357,3,,11
update,43352,43365,43368,3,,12
update,43363,43376,43379,3,,13
update,43374,43387,43390,3,,14
inbound,43375,43388,43392,4,,15
update,43385,43398,43400,2,,0
update,43396,43409,43412,3,,1
inbound,43400,43413,43416,3,,2
update,43407,43420,43423,3,,3
update,43418,43431,43434,3,,4
inbound,43425,43438,43441,3,,5
update,43429,43442,43445,3,,6
inbound,43430,43443,43446,3,,7
update,43440,43452,43455,3,,8
update,43451,43463,43466,3,,9
update,43462,43474,43477,3,,10
update,43473,43486,43489,3,,11
update,43484,43497,43500,3,,12
inbound,43485,43497,43500,3,,13
update,43495,43507,43510,3,,14
update,43506,43519,43521,2,,15
update,43517,43529,43532,3,,0
update,43528,43540,43543,3,,1
update,43539,43551,43555,4,,2
inbound,43540,43553,43556,3,,3
update,43550,43563,43566,3,,4
update,43561,43573,43576,3,,5
update,43572,43585,43588,3,,6
update,43583,43596,43599,3,,7
update,43594,43607,43610,3,,8
inbound,43595,43608,43611,3,,9
update,43605,43618,43621,3,,10
update,43616,43629,43632,3,,11
update,43627,43640,43643,3,,12
update,43638,43650,43653,3,,13
update,43649,43661,43665,4,,14
inbound,43650,43663,43666,3,,15
update,43660,43673,43675,2,,0
update,43671,43684,43686,2,,1
update,43682,43694,43698,4,,2
update,43693,43706,43709,3,,3
update,43704,43717,43720,3,,4
inbound,43705,43718,43721,3,,5
update,43715,43728,43731,3,,6
update,43726,43739,43742,3,,7
update,43737,43749,43752,3,,8
update,43748,43761,43763,2,,9
update,43759,43772,43775,3,,10
inbound,43760,43773,43775,2,,11
update,43770,43783,43786,3,,12
update,43781,43794,43797,3,,13
update,43792,43804,43808,4,,14
update,43803,43816,43819,3,,15
inbound,43815,43827,43830,3,,1
update,43814,43827,43831,4,,0
update,43825,43838,43841,3,,2
update,43836,43849,43852,3,,3
update,43847,43860,43863,3,,4
update,43858,43870,43873,3,,5
update,43869,43882,43885,3,,6
update,43880,43893,43896,3,,7
update,43891,43904,43907,3,,8
update,43902,43915,43918,3,,9
update,43913,43926,43929,3,,10
update,43924,43937,43940,3,,11
update,44000,44014,44018,4,,12
inbound,44000,44014,44020,6,,13
update,44011,44025,44028,3,,14
update,44022,44036,44039,3,,15
inbound,44025,44038,44041,3,,0
update,44033,44046,44050,4,,1
update,44044,44057,44061,4,,2
update,44055,44069,44072,3,,3
update,44066,44079,44082,3,,4
update,44077,44091,44094,3,,5
update,44088,44102,44105,3,,6
update,44099,44113,44117,4,,7
inbound,44100,44114,44118,4,,8
update,44110,44124,44127,3,,9
update,44121,44135,44138,3,,10
update,44132,44146,44150,4,,11
update,44143,44157,44160,3,,12
inbound,44155,44168,44172,4,,14
update,44154,44168,44173,5,,13
update,44165,44178,44182,4,,15
update,44176,44190,44193,3,,0
update,44187,44200,44203,3,,1
update,44198,44212,44215,3,,2
inbound,44200,44214,44217,3,,3
update,44209,44223,44226,3,,4
inbound,44210,44223,44227,4,,5
update,44220,44234,44236,2,,6
inbound,44225,44238,44242,4,,7
update,44231,44245,44248,3,,8
update,44242,44256,44259,3,,9
update,44253,44267,44271,4,,10
update,44264,44277,44281,4,,11
inbound,44265,44279,44283,4,,12
update,44275,44289,44292,3,,13
update,44286,44300,44304,4,,14
update,44297,44310,44314,4,,15
update,44308,44321,44324,3,,0
update,44319,44332,44338,6,,1
inbound,44320,44334,44339,5,,2
update,44330,44343,44346,3,,3
update,44341,44355,44358,3,,4
update,44352,44365,44368,3,,5
update,44363,44376,44379,3,,6
update,44374,44388,44391,3,,7
inbound,44375,44389,44392,3,,8
update,44385,44398,44401,3,,9
update,44396,44410,44413,3,,10
inbound,44400,44413,44416,3,,11
update,44407,44421,44423,2,,12
update,44418,44432,44435,3,,13
inbound,44425,44439,44442,3,,14
update,44429,44442,44446,4,,15
inbound,44430,44444,44448,4,,0
update,44440,44453,44456,3,,1
update,44451,44465,44468,3,,2
update,44462,44475,44479,4,,3
update,44473,44486,44490,4,,4
inbound,44485,44499,44503,4,,6
update,44484,44498,44503,5,,5
update,44495,44508,44511,3,,7
update,44506,44519,44522,3,,8
update,44517,44531,44535,4,,9
update,44528,44542,44545,3,,10
update,44539,44553,44557,4,,11
inbound,44540,44553,44558,5,,12
update,44550,44564,44567,3,,13
update,44561,44574,44578,4,,14
update,44572,44586,44589,3,,15
update,44583,44596,44599,3,,0
update,44594,44608,44611,3,,1
inbound,44595,44609,44613,4,,2
update,44605,44619,44622,3,,3
update,44616,44630,44633,3,,4
update,44627,44641,44644,3,,5
update,44638,44652,44656,4,,6
update,44649,44662,44666,4,,7
inbound,44650,44664,44668,4,,8
update,44660,44673,44676,3,,9
update,44671,44684,44687,3,,10
update,44682,44696,44699,3,,11
update,44693,44707,44710,3,,12
update,44704,44718,44721,3,,13
inbound,44705,44719,44723,4,,14
update,44715,44729,44732,3,,15
update,44726,44740,44743,3,,0
update,44737,44750,44754,4,,1
update,44748,44762,44768,6,,2
inbound,44760,44773,44776,3,,4
update,44759,44773,44777,4,,3
update,44770,44784,44787,3,,5
update,44781,44795,44798,3,,6
update,44792,44806,44809,3,,7
update,44803,44817,44820,3,,8
inbound,44815,44829,44831,2,,10
update,44814,44828,44831,3,,9
update,44825,44839,44843,4,,11
update,44836,44850,44853,3,,12
update,44847,44861,44865,4,,13
update,44858,44872,44875,3,,14
update,44869,44882,44885,3,,15
update,44880,44894,44897,3,,0
update,44891,44904,44908,4,,1
update,44902,44916,44919,3,,2
update,44913,44927,44930,3,,3
update,44924,44937,44940,3,,4
update,45000,45014,45017,3,,5
inbound,45000,45014,45018,4,,6
update,45011,45025,45029,4,,7
update,45022,45035,45039,4,,8
inbound,45025,45039,45042,3,,9
update,45033,45046,45050,4,,10
update,45044,45058,45061,3,,11
update,45055,45069,45073,4,,12
update,45066,45080,45082,2,,13
update,45077,45091,45093,2,,14
update,45088,45101,45104,3,,15
update,45099,45112,45116,4,,0
inbound,45100,45114,45117,3,,1
update,45110,45123,45126,3,,2
update,45121,45135,45138,3,,3
update,45132,45145,45148,3,,4
update,45143,45156,45159,3,,5
update,45154,45168,45172,4,,6
inbound,45155,45168,45172,4,,7
update,45165,45178,45182,4,,8
update,45176,45190,45193,3,,9
update,45187,45201,45204,3,,10
update,45198,45211,45215,4,,11
inbound,45200,45214,45217,3,,12
update,45209,45223,45231,8,,13
inbound,45210,45225,45231,6,,14
update,45220,45236,45241,5,,15
inbound,45225,45238,45242,4,,0
update,45231,45245,45247,2,,1
update,45242,45256,45259,3,,2
update,45253,45267,45270,3,,3
update,45264,45278,45281,3,,4
inbound,45265,45279,45284,5,,5
update,45275,45289,45292,3,,6
update,45286,45299,45302,3,,7
update,45297,45311,45314,3,,8
update,45308,45321,45325,4,,9
update,45319,45332,45336,4,,10
inbound,45320,45334,45337,3,,11
update,45330,45344,45346,2,,12
update,45341,45355,45358,3,,13
update,45352,45366,45369,3,,14
update,45363,45377,45381,4,,15
update,45374,45388,45394,6,,0
inbound,45375,45389,45394,5,,1
update,45385,45399,45402,3,,2
update,45396,45410,45413,3,,3
inbound,45400,45413,45419,6,,4
update,45407,45421,45426,5,,5
update,45418,45432,45436,4,,6
inbound,45425,45439,45442,3,,7
update,45429,45442,45446,4,,8
inbound,45430,45444,45449,5,,9
update,45440,45454,45459,5,,10
update,45451,45465,45470,5,,11
update,45462,45476,45480,4,,12
update,45473,45487,45493,6,,13
inbound,45485,45499,45504,5,,15
update,45484,45498,45506,8,,14
update,45495,45509,45513,4,,0
update,45506,45519,45524,5,,1
update,45517,45531,45534,3,,2
update,45528,45542,45545,3,,3
update,45539,45553,45557,4,,4
inbound,45540,45554,45559,5,,5
update,45550,45564,45567,3,,6
update,45561,45575,45578,3,,7
update,45572,45585,45588,3,,8
update,45583,45596,45599,3,,9
update,45594,45607,45611,4,,10
inbound,45595,45609,45612,3,,11
update,45605,45618,45622,4,,12
update,45616,45630,45632,2,,13
update,45627,45641,45644,3,,14
update,45638,45651,45654,3,,15
update,45649,45663,45666,3,,0
inbound,45650,45664,45668,4,,1
update,45660,45673,45676,3,,2
update,45671,45685,45688,3,,3
update,45682,45696,45699,3,,4
update,45693,45707,45710,3,,5
update,45704,45718,45722,4,,6
inbound,45705,45718,45722,4,,7
update,45715,45729,45732,3,,8
update,45726,45740,45744,4,,9
update,45737,45750,45753,3,,10
update,45748,45762,45765,3,,11
update,45759,45772,45776,4,,12
inbound,45760,45774,45777,3,,13
update,45770,45784,45787,3,,14
update,45781,45795,45798,3,,15
update,45792,45806,45809,3,,0
update,45803,45816,45820,4,,1
update,45814,45828,45831,3,,2
inbound,45815,45829,45832,3,,3
update,45825,45839,45844,5,,4
update,45836,45849,45853,4,,5
update,45847,45861,45864,3,,6
update,45858,45872,45875,3,,7
update,45869,45882,45885,3,,8
update,45880,45894,45898,4,,9
update,45891,45905,45908,3,,10
update,45902,45916,45919,3,,11
update,45913,45927,45930,3,,12
update,45924,45937,45943,6,,13
inbound,46000,46014,46019,5,,15
update,46000,46014,46019,5,,14
update,46011,46025,46028,3,,0
update,46022,46036,46039,3,,1
inbound,46025,46039,46042,3,,2
update,46033,46047,46050,3,,3
update,46044,46058,46061,3,,4
update,46055,46069,46072,3,,5
update,46066,46080,46083,3,,6
update,46077,46091,46094,3,,7
update,46088,46101,46104,3,,8
update,46099,46113,46116,3,,9
inbound,46100,46114,46117,3,,10
update,46110,46124,46127,3,,11
update,46121,46135,46139,4,,12
update,46132,46146,46149,3,,13
update,46143,46157,46160,3,,14
update,46154,46167,46171,4,,15
inbound,46155,46169,46173,4,,0
update,46165,46179,46182,3,,1
update,46176,46190,46193,3,,2
update,46187,46200,46203,3,,3
update,46198,46212,46215,3,,4
inbound,46200,46214,46218,4,,5
update,46209,46223,46226,3,,6
inbound,46210,46224,46228,4,,7
update,46220,46233,46236,3,,8
inbound,46225,46239,46242,3,,9
update,46231,46245,46248,3,,10
update,46242,46256,46259,3,,11
update,46253,46266,46270,4,,12
update,46264,46278,46282,4,,13
inbound,46265,46279,46283,4,,14
update,46275,46289,46292,3,,15
update,46286,46300,46303,3,,0
update,46297,46311,46314,3,,1
update,46308,46322,46325,3,,2
inbound,46320,46333,46337,4,,4
update,46319,46333,46337,4,,3
update,46330,46343,46346,3,,5
update,46341,46355,46358,3,,6
update,46352,46366,46369,3,,7
update,46363,46377,46380,3,,8
update,46374,46388,46392,4,,9
inbound,46375,46388,46393,5,,10
update,46385,46398,46401,3,,11
update,46396,46410,46413,3,,12
inbound,46400,46413,46417,4,,13
update,46407,46420,46424,4,,14
update,46418,46432,46435,3,,15
inbound,46425,46438,46442,4,,0
update,46429,46442,46446,4,,1
inbound,46430,46443,46447,4,,2
update,46440,46454,46457,3,,3
update,46451,46465,46468,3,,4
update,46462,46475,46478,3,,5
update,46473,46487,46490,3,,6
update,46484,46497,46501,4,,7
inbound,46485,46498,46503,5,,8
update,46495,46508,46511,3,,9
update,46506,46519,46523,4,,10
update,46517,46530,46534,4,,11
update,46528,46542,46545,3,,12
update,46539,46552,46556,4,,13
inbound,46540,46554,46558,4,,14
update,46550,46564,46567,3,,15
update,46561,46575,46578,3,,0
update,46572,46585,46588,3,,1
update,46583,46597,46600,3,,2
update,46594,46607,46611,4,,3
inbound,46595,46609,46612,3,,4
update,46605,46619,46622,3,,5
update,46616,46630,46632,2,,6
update,46627,46641,46643,2,,7
update,46638,46652,46655,3,,8
update,46649,46663,46666,3,,9
inbound,46650,46664,46667,3,,10
update,46660,46674,46677,3,,11
update,46671,46685,46689,4,,12
update,46682,46695,46698,3,,13
update,46693,46707,46713,6,,14
inbound,46705,46718,46722,4,,0
update,46704,46718,46724,6,,15
update,46715,46728,46731,3,,1
update,46726,46740,46744,4,,2
update,46737,46751,46755,4,,3
update,46748,46762,46767,5,,4
update,46759,46773,46780,7,,5
inbound,46760,46774,46780,6,,6
update,46770,46784,46789,5,,7
update,46781,46795,46802,7,,8
update,46792,46806,46812,6,,9
update,46803,46816,46822,6,,10
inbound,46815,46829,46833,4,,12
update,46814,46828,46834,6,,11
update,46825,46839,46842,3,,13
update,46836,46850,46852,2,,14
update,46847,46861,46865,4,,15
update,46858,46872,46875,3,,0
update,46869,46883,46885,2,,1
update,46880,46894,46896,2,,2
update,46891,46905,46908,3,,3
update,46902,46915,46918,3,,4
update,46913,46926,46930,4,,5
update,46924,46938,46941,3,,6
inbound,47000,47013,47016,3,,8
update,47000,47013,47017,4,,7
update,47011,47025,47028,3,,9
update,47022,47035,47038,3,,10
inbound,47025,47038,47041,3,,11
update,47033,47047,47050,3,,12
update,47044,47057,47060,3,,13
update,47055,47069,47072,3,,14
update,47066,47080,47083,3,,15
update,47077,47091,47094,3,,0
update,47088,47102,47105,3,,1
inbound,47100,47113,47117,4,,3
update,47099,47113,47117,4,,2
update,47110,47124,47127,3,,4
update,47121,47135,47138,3,,5
update,47132,47146,47149,3,,6
update,47143,47157,47160,3,,7
update,47154,47168,47171,3,,8
inbound,47155,47169,47172,3,,9
update,47165,47178,47181,3,,10
update,47176,47190,47193,3,,11
update,47187,47200,47203,3,,12
update,47198,47212,47215,3,,13
inbound,47200,47213,47217,4,,14
update,47209,47223,47226,3,,15
inbound,47210,47224,47227,3,,0
update,47220,47233,47236,3,,1
inbound,47225,47239,47242,3,,2
update,47231,47245,47248,3,,3
update,47242,47256,47259,3,,4
update,47253,47267,47270,3,,5
update,47264,47278,47281,3,,6
inbound,47265,47279,47282,3,,7
update,47275,47288,47291,3,,8
update,47286,47300,47303,3,,9
update,47297,47311,47314,3,,10
update,47308,47322,47325,3,,11
update,47319,47333,47337,4,,12
inbound,47320,47333,47337,4,,13
update,47330,47344,47347,3,,14
update,47341,47355,47358,3,,15
update,47352,47365,47368,3,,0
update,47363,47377,47380,3,,1
update,47374,47388,47392,4,,2
inbound,47375,47389,47392,3,,3
update,47385,47399,47402,3,,4
update,47396,47409,47412,3,,5
inbound,47400,47413,47416,3,,6
update,47407,47420,47423,3,,7
update,47418,47432,47435,3,,8
inbound,47425,47439,47442,3,,9
update,47429,47443,47446,3,,10
inbound,47430,47444,47447,3,,11
update,47440,47454,47457,3,,12
update,47451,47465,47468,3,,13
update,47462,47476,47479,3,,14
update,47473,47487,47490,3,,15
update,47484,47498,47501,3,,0
inbound,47485,47499,47502,3,,1
update,47495,47509,47513,4,,2
update,47506,47520,47523,3,,3
update,47517,47531,47536,5,,4
update,47528,47542,47545,3,,5
update,47539,47553,47556,3,,6
inbound,47540,47554,47557,3,,7
update,47550,47564,47567,3,,8
update,47561,47575,47578,3,,9
update,47572,47585,47588,3,,10
update,47583,47597,47600,3,,11
update,47594,47608,47611,3,,12
inbound,47595,47609,47612,3,,13
update,47605,47618,47621,3,,14
update,47616,47630,47633,3,,15
update,47627,47640,47643,3,,0
update,47638,47651,47654,3,,1
update,47649,47662,47666,4,,2
inbound,47650,47664,47667,3,,3
update,47660,47673,47676,3,,4
update,47671,47684,47687,3,,5
update,47682,47695,47698,3,,6
update,47693,47707,47710,3,,7
update,47704,47718,47721,3,,8
inbound,47705,47719,47722,3,,9
update,47715,47728,47731,3,,10
update,47726,47739,47743,4,,11
update,47737,47751,47753,2,,12
update,47748,47762,47765,3,,13
inbound,47760,47773,47776,3,,15
update,47759,47773,47777,4,,14
update,47770,47784,47786,2,,0
update,47781,47795,47797,2,,1
update,47792,47805,47808,3,,2
update,47803,47816,47819,3,,3
inbound,47815,47828,47830,2,,5
update,47814,47828,47831,3,,4
update,47825,47838,47841,3,,6
update,47836,47849,47852,3,,7
update,47847,47860,47863,3,,8
update,47858,47872,47874,2,,9
update,47869,47882,47885,3,,10
update,47880,47894,47897,3,,11
update,47891,47905,47908,3,,12
update,47902,47916,47919,3,,13
update,47913,47927,47930,3,,14
update,47924,47938,47941,3,,15
update,48000,48014,48018,4,,0
inbound,48000,48014,48018,4,,1
update,48011,48024,48027,3,,2
update,48022,48035,48038,3,,3
inbound,48025,48038,48042,4,,4
update,48033,48046,48051,5,,5
update,48044,48058,48061,3,,6
update,48055,48069,48072,3,,7
update,48066,48079,48082,3,,8
update,48077,48091,48095,4,,9
update,48088,48102,48105,3,,10
update,48099,48113,48117,4,,11
inbound,48100,48114,48117,3,,12
update,48110,48123,48127,4,,13
update,48121,48135,48139,4,,14
update,48132,48146,48149,3,,15
update,48143,48157,48161,4,,0
update,48154,48167,48172,5,,1
inbound,48155,48169,48174,5,,2
update,48165,48178,48181,3,,3
update,48176,48190,48193,3,,4
update,48187,48201,48205,4,,5
update,48198,48211,48214,3,,6
inbound,48200,48214,48218,4,,7
update,48209,48223,48227,4,,8
inbound,48210,48224,48228,4,,9
update,48220,48233,48236,3,,10
inbound,48225,48239,48242,3,,11
update,48231,48245,48248,3,,12
update,48242,48255,48258,3,,13
update,48253,48267,48272,5,,14
update,48264,48277,48281,4,,15
inbound,48265,48279,48283,4,,0
update,48275,48289,48292,3,,1
update,48286,48300,48303,3,,2
update,48297,48310,48313,3,,3
update,48308,48321,48324,3,,4
inbound,48320,48333,48337,4,,6
update,48319,48333,48338,5,,5
update,48330,48344,48347,3,,7
update,48341,48354,48357,3,,8
update,48352,48366,48369,3,,9
update,48363,48377,48380,3,,10
update,48374,48388,48391,3,,11
inbound,48375,48389,48392,3,,12
update,48385,48399,48403,4,,13
update,48396,48410,48413,3,,14
inbound,48400,48414,48418,4,,15
update,48407,48421,48424,3,,0
update,48418,48432,48435,3,,1
inbound,48425,48439,48442,3,,2
update,48429,48442,48446,4,,3
inbound,48430,48444,48447,3,,4
update,48440,48454,48458,4,,5
update,48451,48465,48468,3,,6
update,48462,48476,48479,3,,7
update,48473,48487,48493,6,,8
update,48484,48497,48501,4,,9
inbound,48485,48499,48502,3,,10
update,48495,48509,48511,2,,11
update,48506,48520,48523,3,,12
update,48517,48531,48534,3,,13
update,48528,48541,48544,3,,14
update,48539,48553,48556,3,,15
inbound,48540,48554,48558,4,,0
update,48550,48564,48567,3,,1
update,48561,48574,48577,3,,2
update,48572,48585,48589,4,,3
update,48583,48597,48600,3,,4
update,48594,48608,48612,4,,5
inbound,48595,48609,48613,4,,6
update,48605,48618,48622,4,,7
update,48616,48630,48632,2,,8
update,48627,48641,48644,3,,9
update,48638,48651,48654,3,,10
update,48649,48662,48667,5,,11
inbound,48650,48664,48667,3,,12
update,48660,48674,48677,3,,13
update,48671,48685,48688,3,,14
update,48682,48696,48699,3,,15
update,48693,48707,48709,2,,0
update,48704,48718,48722,4,,1
inbound,48705,48719,48723,4,,2
update,48715,48729,48732,3,,3
update,48726,48739,48743,4,,4
update,48737,48750,48753,3,,5
update,48748,48762,48765,3,,6
inbound,48760,48773,48776,3,,8
update,48759,48773,48778,5,,7
update,48770,48784,48787,3,,9
update,48781,48795,48798,3,,10
update,48792,48806,48809,3,,11
update,48803,48816,48819,3,,12
update,48814,48828,48831,3,,13
inbound,48815,48829,48832,3,,14
update,48825,48838,48841,3,,15
update,48836,48849,48852,3,,0
update,48847,48861,48864,3,,1
update,48858,48872,48875,3,,2
update,48869,48883,48886,3,,3
update,48880,48894,48897,3,,4
update,48891,48905,48907,2,,5
update,48902,48916,48919,3,,6
update,48913,48927,48930,3,,7
update,48924,48937,48940,3,,8
inbound,49000,49014,49017,3,,10
update,49000,49014,49018,4,,9
update,49011,49024,49028,4,,11
update,49022,49036,49039,3,,12
inbound,49025,49039,49043,4,,13
update,49033,49046,49049,3,,14
update,49044,49057,49060,3,,15
update,49055,49069,49072,3,,0
update,49066,49080,49084,4,,1
update,49077,49090,49093,3,,2
update,49088,49101,49104,3,,3
update,49099,49112,49115,3,,4
inbound,49100,49113,49117,4,,5
update,49110,49124,49127,3,,6
update,49121,49135,49140,5,,7
update,49132,49145,49149,4,,8
update,49143,49157,49162,5,,9
inbound,49155,49169,49175,6,,11
update,49154,49167,49175,8,,10
update,49165,49179,49182,3,,12
update,49176,49190,49193,3,,13
update,49187,49201,49204,3,,14
update,49198,49211,49215,4,,15
inbound,49200,49214,49217,3,,0
update,49209,49223,49226,3,,1
inbound,49210,49224,49227,3,,2
update,49220,49234,49237,3,,3
inbound,49225,49239,49242,3,,4
update,49231,49245,49248,3,,5
update,49242,49256,49258,2,,6
update,49253,49267,49270,3,,7
update,49264,49277,49281,4,,8
inbound,49265,49279,49282,3,,9
update,49275,49289,49292,3,,10
update,49286,49300,49303,3,,11
update,49297,49311,49314,3,,12
update,49308,49322,49325,3,,13
update,49319,49333,49336,3,,14
inbound,49320,49333,49337,4,,15
update,49330,49344,49347,3,,0
update,49341,49355,49358,3,,1
update,49352,49366,49368,2,,2
update,49363,49376,49379,3,,3
inbound,49375,49388,49392,4,,5
update,49374,49388,49392,4,,4
update,49385,49399,49403,4,,6
update,49396,49410,49412,2,,7
inbound,49400,49413,49416,3,,8
update,49407,49421,49423,2,,9
update,49418,49432,49435,3,,10
inbound,49425,49438,49441,3,,11
update,49429,49443,49447,4,,12
inbound,49430,49443,49447,4,,13
update,49440,49453,49456,3,,14
update,49451,49465,49468,3,,15
update,49462,49476,49479,3,,0
update,49473,49486,49489,3,,1
update,49484,49498,49502,4,,2
inbound,49485,49499,49502,3,,3
update,49495,49508,49511,3,,4
update,49506,49520,49523,3,,5
update,49517,49530,49534,4,,6
update,49528,49542,49545,3,,7
update,49539,49553,49556,3,,8
inbound,49540,49554,49558,4,,9
update,49550,49564,49567,3,,10
update,49561,49575,49578,3,,11
update,49572,49586,49589,3,,12
update,49583,49597,49600,3,,13
update,49594,49608,49612,4,,14
inbound,49595,49609,49613,4,,15
update,49605,49619,49623,4,,0
update,49616,49630,49633,3,,1
update,49627,49640,49644,4,,2
update,49638,49652,49656,4,,3
inbound,49650,49663,49667,4,,5
update,49649,49662,49667,5,,4
update,49660,49674,49677,3,,6
update,49671,49685,49688,3,,7
update,49682,49695,49698,3,,8
update,49693,49707,49710,3,,9
update,49704,49717,49721,4,,10
inbound,49705,49719,49723,4,,11
update,49715,49728,49732,4,,12
update,49726,49740,49743,3,,13
update,49737,49751,49755,4,,14
update,49748,49761,49764,3,,15
update,49759,49772,49776,4,,0
inbound,49760,49774,49778,4,,1
update,49770,49784,49787,3,,2
update,49781,49795,49798,3,,3
update,49792,49805,49809,4,,4
update,49803,49817,49820,3,,5
update,49814,49827,49830,3,,6
inbound,49815,49829,49831,2,,7
update,49825,49839,49843,4,,8
update,49836,49850,49853,3,,9
update,49847,49861,49864,3,,10
update,49858,49871,49874,3,,11
update,49869,49883,49885,2,,12
update,49880,49893,49897,4,,13
update,49891,49905,49908,3,,14
update,49902,49916,49919,3,,15
update,49913,49927,49930,3,,0
update,49924,49937,49940,3,,1
update,50000,50014,50018,4,,2
inbound,50000,50014,50019,5,,3
update,50011,50024,50028,4,,4
update,50022,50036,50039,3,,5
inbound,50025,50040,50043,3,,6
update,50033,50047,50050,3,,7
update,50044,50058,50061,3,,8
update,50055,50068,50071,3,,9
update,50066,50079,50083,4,,10
update,50077,50091,50094,3,,11
update,50088,50102,50104,2,,12
update,50099,50113,50116,3,,13
inbound,50100,50115,50118,3,,14
update,50110,50124,50128,4,,15
update,50121,50135,50138,3,,0
update,50132,50146,50149,3,,1
update,50143,50157,50160,3,,2
update,50154,50167,50170,3,,3
inbound,50155,50169,50173,4,,4
update,50165,50178,50182,4,,5
update,50176,50190,50194,4,,6
update,50187,50201,50204,3,,7
update,50198,50211,50215,4,,8
inbound,50200,50215,50218,3,,9
update,50209,50223,50226,3,,10
inbound,50210,50225,50228,3,,11
update,50220,50234,50237,3,,12
inbound,50225,50240,50244,4,,13
update,50231,50245,50248,3,,14
update,50242,50255,50263,8,,15
update,50253,50266,50269,3,,0
update,50264,50278,50281,3,,1
inbound,50265,50280,50284,4,,2
update,50275,50289,50292,3,,3
update,50286,50300,50303,3,,4
update,50297,50311,50314,3,,5
update,50308,50322,50325,3,,6
update,50319,50333,50336,3,,7
inbound,50320,50334,50337,3,,8
update,50330,50344,50346,2,,9
update,50341,50354,50358,4,,10
update,50352,50366,50370,4,,11
update,50363,50377,50380,3,,12
update,50374,50388,50392,4,,13
inbound,50375,50389,50393,4,,14
update,50385,50399,50402,3,,15
update,50396,50409,50413,4,,0
inbound,50400,50415,50418,3,,1
update,50407,50420,50423,3,,2
update,50418,50432,50434,2,,3
inbound,50425,50440,50443,3,,4
update,50429,50443,50446,3,,5
inbound,50430,50445,50449,4,,6
update,50440,50454,50458,4,,7
update,50451,50464,50467,3,,8
update,50462,50476,50480,4,,9
update,50473,50487,50489,2,,10
update,50484,50498,50501,3,,11
inbound,50485,50499,50502,3,,12
update,50495,50508,50511,3,,13
update,50506,50520,50523,3,,14
update,50517,50531,50533,2,,15
update,50528,50542,50545,3,,0
update,50539,50552,50556,4,,1
inbound,50540,50554,50557,3,,2
update,50550,50564,50566,2,,3
update,50561,50575,50578,3,,4
update,50572,50585,50590,5,,5
update,50583,50596,50599,3,,6
update,50594,50608,50614,6,,7
inbound,50595,50610,50614,4,,8
update,50605,50619,50622,3,,9
update,50616,50630,50632,2,,10
update,50627,50640,50644,4,,11
update,50638,50652,50655,3,,12
update,50649,50663,50666,3,,13
inbound,50650,50665,50668,3,,14
update,50660,50674,50677,3,,15
update,50671,50685,50689,4,,0
update,50682,50696,50699,3,,1
update,50693,50706,50709,3,,2
update,50704,50718,50720,2,,3
inbound,50705,50720,50723,3,,4
update,50715,50729,50732,3,,5
update,50726,50740,50743,3,,6
update,50737,50751,50754,3,,7
update,50748,50762,50765,3,,8
update,50759,50773,50776,3,,9
inbound,50760,50775,50778,3,,10
update,50770,50784,50787,3,,11
update,50781,50795,50798,3,,12
update,50792,50806,50809,3,,13
update,50803,50816,50820,4,,14
update,50814,50828,50832,4,,15
inbound,50815,50830,50832,2,,0
update,50825,50839,50841,2,,1
update,50836,50850,50853,3,,2
update,50847,50861,50863,2,,3
update,50858,50872,50875,3,,4
update,50869,50882,50885,3,,5
update,50880,50894,50897,3,,6
update,50891,50904,50907,3,,7
update,50902,50915,50919,4,,8
update,50913,50927,50931,4,,9
update,50924,50938,50941,3,,10
update,51000,51015,51019,4,,11
inbound,51000,51015,51021,6,,12
update,51011,51026,51028,2,,13
update,51022,51037,51040,3,,14
inbound,51025,51040,51042,2,,15
update,51033,51047,51050,3,,0
update,51044,51059,51062,3,,1
update,51055,51069,51072,3,,2
update,51066,51080,51084,4,,3
update,51077,51092,51095,3,,4
update,51088,51102,51105,3,,5
update,51099,51113,51117,4,,6
inbound,51100,51115,51118,3,,7
update,51110,51125,51128,3,,8
update,51121,51136,51139,3,,9
update,51132,51147,51150,3,,10
update,51143,51158,51161,3,,11
update,51154,51169,51173,4,,12
inbound,51155,51169,51173,4,,13
update,51165,51180,51183,3,,14
update,51176,51191,51196,5,,15
update,51187,51202,51205,3,,0
update,51198,51212,51216,4,,1
inbound,51200,51215,51219,4,,2
update,51209,51224,51227,3,,3
inbound,51210,51225,51228,3,,4
update,51220,51234,51237,3,,5
inbound,51225,51239,51242,3,,6
update,51231,51245,51249,4,,7
update,51242,51257,51259,2,,8
update,51253,51268,51271,3,,9
update,51264,51279,51283,4,,10
inbound,51265,51280,51283,3,,11
update,51275,51290,51293,3,,12
update,51286,51301,51304,3,,13
update,51297,51312,51315,3,,14
update,51308,51322,51325,3,,15
update,51319,51334,51337,3,,0
inbound,51320,51335,51338,3,,1
update,51330,51344,51348,4,,2
update,51341,51355,51360,5,,3
update,51352,51367,51371,4,,4
update,51363,51378,51382,4,,5
update,51374,51388,51392,4,,6
inbound,51375,51390,51394,4,,7
update,51385,51400,51403,3,,8
update,51396,51411,51413,2,,9
inbound,51400,51415,51417,2,,10
update,51407,51422,51424,2,,11
update,51418,51433,51437,4,,12
inbound,51425,51440,51444,4,,13
update,51429,51444,51448,4,,14
inbound,51430,51445,51450,5,,15
update,51440,51455,51459,4,,0
update,51451,51466,51469,3,,1
update,51462,51477,51480,3,,2
update,51473,51488,51491,3,,3
update,51484,51499,51502,3,,4
inbound,51485,51500,51503,3,,5
update,51495,51509,51512,3,,6
update,51506,51520,51523,3,,7
update,51517,51532,51535,3,,8
update,51528,51543,51546,3,,9
update,51539,51554,51557,3,,10
inbound,51540,51555,51558,3,,11
update,51550,51565,51568,3,,12
update,51561,51576,51579,3,,13
update,51572,51587,51590,3,,14
update,51583,51598,51601,3,,15
update,51594,51609,51612,3,,0
inbound,51595,51610,51614,4,,1
update,51605,51620,51623,3,,2
update,51616,51631,51634,3,,3
update,51627,51642,51645,3,,4
update,51638,51653,51656,3,,5
update,51649,51664,51667,3,,6
inbound,51650,51664,51667,3,,7
update,51660,51675,51677,2,,8
update,51671,51685,51688,3,,9
update,51682,51696,51699,3,,10
update,51693,51707,51711,4,,11
update,51704,51719,51722,3,,12
inbound,51705,51720,51723,3,,13
update,51715,51730,51733,3,,14
update,51726,51741,51743,2,,15
update,51737,51752,51754,2,,0
update,51748,51763,51765,2,,1
update,51759,51774,51777,3,,2
inbound,51760,51775,51777,2,,3
update,51770,51785,51789,4,,4
update,51781,51796,51798,2,,5
update,51792,51807,51809,2,,6
update,51803,51818,51821,3,,7
inbound,51815,51830,51832,2,,9
update,51814,51829,51832,3,,8
update,51825,51839,51842,3,,10
update,51836,51851,51854,3,,11
update,51847,51862,51865,3,,12
update,51858,51873,51876,3,,13
update,51869,51884,51887,3,,14
update,51880,51895,51898,3,,15
update,51891,51906,51909,3,,0
update,51902,51916,51920,4,,1
update,51913,51928,51931,3,,2
update,51924,51939,51942,3,,3
inbound,52000,52015,52020,5,,5
update,52000,52015,52020,5,,4
update,52011,52025,52028,3,,6
update,52022,52037,52040,3,,7
inbound,52025,52039,52044,5,,8
update,52033,52048,52052,4,,9
update,52044,52058,52062,4,,10
update,52055,52069,52072,3,,11
update,52066,52081,52084,3,,12
update,52077,52092,52095,3,,13
update,52088,52103,52106,3,,14
update,52099,52114,52118,4,,15
inbound,52100,52115,52120,5,,0
update,52110,52125,52128,3,,1
update,52121,52135,52138,3,,2
update,52132,52147,52150,3,,3
update,52143,52157,52160,3,,4
update,52154,52169,52173,4,,5
inbound,52155,52171,52176,5,,6
update,52165,52179,52185,6,,7
update,52176,52191,52194,3,,8
update,52187,52202,52208,6,,9
update,52198,52213,52216,3,,10
inbound,52200,52215,52220,5,,11
update,52209,52224,52229,5,,12
inbound,52210,52225,52229,4,,13
update,52220,52235,52238,3,,14
inbound,52225,52240,52243,3,,15
update,52231,52246,52249,3,,0
update,52242,52257,52260,3,,1
update,52253,52267,52270,3,,2
update,52264,52279,52282,3,,3
inbound,52265,52280,52284,4,,4
update,52275,52290,52292,2,,5
update,52286,52301,52304,3,,6
update,52297,52312,52315,3,,7
update,52308,52323,52326,3,,8
inbound,52320,52334,52338,4,,10
update,52319,52334,52338,4,,9
update,52330,52345,52348,3,,11
update,52341,52355,52359,4,,12
update,52352,52367,52370,3,,13
update,52363,52377,52381,4,,14
update,52374,52389,52392,3,,15
inbound,52375,52390,52393,3,,0
update,52385,52399,52402,3,,1
update,52396,52411,52414,3,,2
inbound,52400,52414,52417,3,,3
update,52407,52422,52425,3,,4
update,52418,52433,52435,2,,5
inbound,52425,52440,52443,3,,6
update,52429,52443,52447,4,,7
inbound,52430,52444,52448,4,,8
update,52440,52455,52458,3,,9
update,52451,52465,52468,3,,10
update,52462,52477,52480,3,,11
update,52473,52488,52491,3,,12
update,52484,52499,52502,3,,13
inbound,52485,52500,52503,3,,14
update,52495,52510,52513,3,,15
update,52506,52520,52523,3,,0
update,52517,52532,52535,3,,1
update,52528,52543,52546,3,,2
inbound,52540,52554,52557,3,,4
update,52539,52554,52559,5,,3
update,52550,52565,52568,3,,5
update,52561,52576,52578,2,,6
update,52572,52586,52589,3,,7
update,52583,52598,52602,4,,8
update,52594,52609,52612,3,,9
inbound,52595,52610,52614,4,,10
update,52605,52620,52622,2,,11
update,52616,52631,52633,2,,12
update,52627,52642,52645,3,,13
update,52638,52653,52656,3,,14
update,52649,52664,52667,3,,15
inbound,52650,52665,52668,3,,0
update,52660,52675,52678,3,,1
update,52671,52686,52689,3,,2
update,52682,52696,52699,3,,3
update,52693,52708,52713,5,,4
update,52704,52718,52723,5,,5
inbound,52705,52719,52725,6,,6
update,52715,52730,52733,3,,7
update,52726,52741,52744,3,,8
update,52737,52752,52755,3,,9
update,52748,52762,52765,3,,10
update,52759,52774,52778,4,,11
inbound,52760,52775,52778,3,,12
update,52770,52785,52789,4,,13
update,52781,52796,52800,4,,14
update,52792,52807,52810,3,,15
update,52803,52818,52821,3,,0
update,52814,52828,52831,3,,1
inbound,52815,52831,52833,2,,2
update,52825,52839,52842,3,,3
update,52836,52851,52853,2,,4
update,52847,52862,52865,3,,5
update,52858,52873,52876,3,,6
update,52869,52884,52887,3,,7
update,52880,52895,52897,2,,8
update,52891,52906,52909,3,,9
update,52902,52917,52920,3,,10
update,52913,52927,52931,4,,11
update,52924,52939,52942,3,,12
update,53000,53014,53018,4,,13
inbound,53000,53014,53020,6,,14
update,53011,53025,53030,5,,15
update,53022,53037,53041,4,,0
inbound,53025,53040,53044,4,,1
update,53033,53048,53052,4,,2
update,53044,53059,53064,5,,3
update,53055,53070,53074,4,,4
update,53066,53081,53084,3,,5
update,53077,53092,53096,4,,6
update,53088,53103,53106,3,,7
update,53099,53114,53117,3,,8
inbound,53100,53115,53119,4,,9
update,53110,53125,53127,2,,10
update,53121,53136,53139,3,,11
update,53132,53147,53150,3,,12
update,53143,53158,53160,2,,13
update,53154,53169,53172,3,,14
inbound,53155,53170,53174,4,,15
update,53165,53180,53184,4,,0
update,53176,53191,53195,4,,1
update,53187,53202,53206,4,,2
update,53198,53213,53220,7,,3
inbound,53200,53215,53223,8,,4
update,53209,53224,53232,8,,5
inbound,53210,53224,53232,8,,6
update,53220,53235,53240,5,,7
inbound,53225,53239,53245,6,,8
update,53231,53246,53250,4,,9
update,53242,53257,53262,5,,10
update,53253,53268,53274,6,,11
inbound,53265,53280,53283,3,,13
update,53264,53279,53286,7,,12
update,53275,53290,53297,7,,14
update,53286,53301,53308,7,,15
update,53297,53311,53323,12,,0
update,53308,53322,53326,4,,1
update,53319,53334,53337,3,,2
inbound,53320,53335,53339,4,,3
update,53330,53344,53348,4,,4
update,53341,53356,53359,3,,5
update,53352,53367,53369,2,,6
update,53363,53378,53381,3,,7
update,53374,53389,53392,3,,8
inbound,53375,53389,53394,5,,9
update,53385,53400,53402,2,,10
update,53396,53411,53413,2,,11
inbound,53400,53415,53417,2,,12
update,53407,53422,53424,2,,13
update,53418,53432,53436,4,,14
inbound,53425,53440,53444,4,,15
update,53429,53444,53447,3,,0
inbound,53430,53445,53449,4,,1
update,53440,53455,53458,3,,2
update,53451,53465,53468,3,,3
update,53462,53477,53480,3,,4
update,53473,53487,53490,3,,5
inbound,53485,53499,53503,4,,7
update,53484,53499,53503,4,,6
update,53495,53510,53513,3,,8
update,53506,53520,53523,3,,9
update,53517,53532,53535,3,,10
update,53528,53543,53547,4,,11
update,53539,53554,53558,4,,12
inbound,53540,53555,53558,3,,13
update,53550,53565,53567,2,,14
update,53561,53576,53579,3,,15
update,53572,53587,53590,3,,0
update,53583,53598,53601,3,,1
update,53594,53608,53612,4,,2
inbound,53595,53609,53614,5,,3
update,53605,53620,53622,2,,4
update,53616,53630,53633,3,,5
update,53627,53642,53645,3,,6
update,53638,53653,53656,3,,7
update,53649,53664,53667,3,,8
inbound,53650,53665,53669,4,,9
update,53660,53675,53678,3,,10
update,53671,53686,53688,2,,11
update,53682,53696,53699,3,,12
update,53693,53708,53711,3,,13
update,53704,53719,53723,4,,14
inbound,53705,53720,53724,4,,15
update,53715,53729,53732,3,,0
update,53726,53740,53744,4,,1
update,53737,53752,53755,3,,2
update,53748,53763,53766,3,,3
inbound,53760,53775,53777,2,,5
update,53759,53774,53777,3,,4
update,53770,53784,53787,3,,6
update,53781,53796,53799,3,,7
update,53792,53806,53810,4,,8
update,53803,53818,53821,3,,9
inbound,53815,53830,53832,2,,11
update,53814,53828,53832,4,,10
update,53825,53840,53843,3,,12
update,53836,53851,53854,3,,13
update,53847,53862,53865,3,,14
update,53858,53873,53876,3,,15
update,53869,53884,53888,4,,0
update,53880,53894,53898,4,,1
update,53891,53905,53909,4,,2
update,53902,53917,53920,3,,3
update,53913,53928,53931,3,,4
update,53924,53939,53942,3,,5
update,54000,54015,54020,5,,6
inbound,54000,54015,54020,5,,7
update,54011,54026,54030,4,,8
update,54022,54037,54040,3,,9
inbound,54025,54040,54044,4,,10
update,54033,54048,54052,4,,11
update,54044,54059,54062,3,,12
update,54055,54070,54073,3,,13
update,54066,54080,54084,4,,14
update,54077,54092,54095,3,,15
update,54088,54102,54105,3,,0
update,54099,54114,54117,3,,1
inbound,54100,54115,54118,3,,2
update,54110,54125,54128,3,,3
update,54121,54136,54139,3,,4
update,54132,54147,54149,2,,5
update,54143,54157,54160,3,,6
update,54154,54169,54172,3,,7
inbound,54155,54170,54174,4,,8
update,54165,54180,54183,3,,9
update,54176,54190,54193,3,,10
update,54187,54201,54204,3,,11
update,54198,54212,54216,4,,12
inbound,54200,54215,54218,3,,13
update,54209,54224,54227,3,,14
inbound,54210,54225,54228,3,,15
update,54220,54235,54237,2,,0
inbound,54225,54239,54243,4,,1
update,54231,54246,54249,3,,2
update,54242,54257,54260,3,,3
update,54253,54268,54271,3,,4
update,54264,54279,54283,4,,5
inbound,54265,54280,54283,3,,6
update,54275,54290,54293,3,,7
update,54286,54301,54303,2,,8
update,54297,54312,54315,3,,9
update,54308,54323,54326,3,,10
update,54319,54333,54336,3,,11
inbound,54320,54334,54339,5,,12
update,54330,54345,54348,3,,13
update,54341,54356,54359,3,,14
update,54352,54367,54371,4,,15
update,54363,54377,54380,3,,0
update,54374,54388,54392,4,,1
inbound,54375,54389,54393,4,,2
update,54385,54400,54402,2,,3
update,54396,54411,54414,3,,4
inbound,54400,54415,54418,3,,5
update,54407,54422,54425,3,,6
update,54418,54433,54436,3,,7
inbound,54425,54440,54443,3,,8
update,54429,54443,54446,3,,9
inbound,54430,54445,54447,2,,10
update,54440,54455,54457,2,,11
update,54451,54465,54468,3,,12
update,54462,54477,54480,3,,13
update,54473,54488,54491,3,,14
update,54484,54498,54502,4,,15
inbound,54485,54500,54503,3,,0
update,54495,54510,54512,2,,1
update,54506,54520,54523,3,,2
update,54517,54532,54536,4,,3
update,54528,54543,54546,3,,4
inbound,54540,54555,54559,4,,6
update,54539,54554,54559,5,,5
update,54550,54565,54568,3,,7
update,54561,54576,54579,3,,8
update,54572,54587,54590,3,,9
update,54583,54597,54601,4,,10
update,54594,54609,54612,3,,11
inbound,54595,54610,54614,4,,12
update,54605,54620,54623,3,,13
update,54616,54631,54634,3,,14
update,54627,54642,54645,3,,15
update,54638,54653,54655,2,,0
update,54649,54664,54667,3,,1
inbound,54650,54665,54668,3,,2
update,54660,54674,54677,3,,3
update,54671,54686,54688,2,,4
update,54682,54697,54700,3,,5
update,54693,54707,54710,3,,6
update,54704,54719,54722,3,,7
inbound,54705,54720,54723,3,,8
update,54715,54730,54733,3,,9
update,54726,54740,54743,3,,10
update,54737,54752,54757,5,,11
update,54748,54763,54765,2,,12
update,54759,54774,54777,3,,13
inbound,54760,54775,54777,2,,14
update,54770,54785,54788,3,,15
update,54781,54796,54800,4,,0
update,54792,54807,54810,3,,1
update,54803,54818,54820,2,,2
update,54814,54828,54832,4,,3
inbound,54815,54829,54833,4,,4
update,54825,54840,54842,2,,5
update,54836,54850,54853,3,,6
update,54847,54862,54866,4,,7
update,54858,54873,54876,3,,8
update,54869,54883,54887,4,,9
update,54880,54895,54898,3,,10
update,54891,54906,54909,3,,11
update,54902,54916,54919,3,,12
update,54913,54927,54930,3,,13
update,54924,54939,54942,3,,14
inbound,55000,55014,55019,5,,0
update,55000,55014,55019,5,,15
update,55011,55026,55029,3,,1
update,55022,55037,55040,3,,2
inbound,55025,55040,55042,2,,3
update,55033,55048,55051,3,,4
update,55044,55059,55062,3,,5
update,55055,55070,55073,3,,6
update,55066,55081,55087,6,,7
update,55077,55092,55095,3,,8
update,55088,55102,55105,3,,9
update,55099,55114,55117,3,,10
inbound,55100,55115,55118,3,,11
update,55110,55125,55128,3,,12
update,55121,55136,55139,3,,13
update,55132,55147,55151,4,,14
update,55143,55158,55161,3,,15
update,55154,55169,55172,3,,0
inbound,55155,55170,55173,3,,1
update,55165,55179,55182,3,,2
update,55176,55191,55193,2,,3
update,55187,55202,55205,3,,4
update,55198,55212,55215,3,,5
inbound,55200,55214,55217,3,,6
update,55209,55223,55227,4,,7
inbound,55210,55225,55228,3,,8
update,55220,55235,55237,2,,9
inbound,55225,55240,55243,3,,10
update,55231,55246,55250,4,,11
update,55242,55257,55260,3,,12
update,55253,55268,55270,2,,13
update,55264,55278,55282,4,,14
inbound,55265,55280,55283,3,,15
update,55275,55290,55293,3,,0
update,55286,55300,55304,4,,1
update,55297,55312,55315,3,,2
update,55308,55323,55326,3,,3
update,55319,55334,55337,3,,4
inbound,55320,55335,55338,3,,5
update,55330,55345,55348,3,,6
update,55341,55356,55359,3,,7
update,55352,55367,55370,3,,8
update,55363,55378,55380,2,,9
update,55374,55389,55392,3,,10
inbound,55375,55390,55393,3,,11
update,55385,55399,55402,3,,12
update,55396,55411,55414,3,,13
inbound,55400,55415,55418,3,,14
update,55407,55422,55425,3,,15
update,55418,55433,55436,3,,0
inbound,55425,55440,55443,3,,1
update,55429,55444,55447,3,,2
inbound,55430,55445,55448,3,,3
update,55440,55455,55458,3,,4
update,55451,55466,55469,3,,5
update,55462,55477,55480,3,,6
update,55473,55488,55490,2,,7
update,55484,55499,55502,3,,8
inbound,55485,55500,55503,3,,9
update,55495,55510,55515,5,,10
update,55506,55521,55526,5,,11
update,55517,55532,55536,4,,12
update,55528,55543,55546,3,,13
update,55539,55554,55557,3,,14
inbound,55540,55555,55558,3,,15
update,55550,55565,55568,3,,0
update,55561,55575,55579,4,,1
update,55572,55587,55590,3,,2
update,55583,55598,55602,4,,3
inbound,55595,55609,55613,4,,5
update,55594,55609,55613,4,,4
update,55605,55620,55624,4,,6
update,55616,55630,55637,7,,7
update,55627,55642,55644,2,,8
update,55638,55653,55656,3,,9
update,55649,55664,55667,3,,10
inbound,55650,55665,55668,3,,11
update,55660,55675,55678,3,,12
update,55671,55686,55689,3,,13
update,55682,55697,55700,3,,14
update,55693,55708,55711,3,,15
update,55704,55719,55722,3,,0
inbound,55705,55720,55723,3,,1
update,55715,55730,55733,3,,2
update,55726,55741,55743,2,,3
update,55737,55752,55754,2,,4
update,55748,55763,55765,2,,5
inbound,55760,55775,55776,1,,7
update,55759,55773,55777,4,,6
update,55770,55785,55788,3,,8
update,55781,55796,55799,3,,9
update,55792,55807,55810,3,,10
update,55803,55817,55820,3,,11
update,55814,55828,55832,4,,12
inbound,55815,55830,55832,2,,13
update,55825,55840,55843,3,,14
update,55836,55851,55855,4,,15
update,55847,55862,55865,3,,0
update,55858,55872,55876,4,,1
update,55869,55884,55887,3,,2
update,55880,55895,55898,3,,3
update,55891,55906,55909,3,,4
update,55902,55917,55920,3,,5
update,55913,55928,55931,3,,6
update,55924,55939,55942,3,,7
inbound,56000,56015,56019,4,,9
update,56000,56015,56019,4,,8
update,56011,56026,56031,5,,10
update,56022,56037,56040,3,,11
inbound,56025,56040,56044,4,,12
update,56033,56047,56050,3,,13
update,56044,56059,56062,3,,14
update,56055,56069,56072,3,,15
update,56066,56081,56083,2,,0
update,56077,56092,56095,3,,1
update,56088,56103,56106,3,,2
update,56099,56114,56117,3,,3
inbound,56100,56116,56119,3,,4
update,56110,56125,56128,3,,5
update,56121,56136,56140,4,,6
update,56132,56147,56150,3,,7
update,56143,56158,56161,3,,8
update,56154,56168,56172,4,,9
inbound,56155,56170,56174,4,,10
update,56165,56179,56184,5,,11
update,56176,56190,56194,4,,12
update,56187,56201,56205,4,,13
update,56198,56213,56219,6,,14
inbound,56200,56215,56220,5,,15
update,56209,56224,56227,3,,0
inbound,56210,56226,56230,4,,1
update,56220,56235,56238,3,,2
inbound,56225,56240,56244,4,,3
update,56231,56246,56249,3,,4
update,56242,56257,56259,2,,5
update,56253,56267,56270,3,,6
update,56264,56279,56283,4,,7
inbound,56265,56281,56284,3,,8
update,56275,56290,56295,5,,9
update,56286,56300,56303,3,,10
update,56297,56311,56315,4,,11
update,56308,56322,56325,3,,12
update,56319,56334,56337,3,,13
inbound,56320,56336,56340,4,,14
update,56330,56345,56349,4,,15
update,56341,56355,56359,4,,0
update,56352,56367,56370,3,,1
update,56363,56377,56380,3,,2
update,56374,56389,56393,4,,3
inbound,56375,56391,56395,4,,4
update,56385,56400,56404,4,,5
update,56396,56411,56414,3,,6
inbound,56400,56416,56419,3,,7
update,56407,56422,56425,3,,8
update,56418,56432,56436,4,,9
inbound,56425,56441,56445,4,,10
update,56429,56443,56448,5,,11
inbound,56430,56446,56450,4,,12
update,56440,56455,56458,3,,13
update,56451,56466,56469,3,,14
update,56462,56477,56480,3,,15
update,56473,56488,56491,3,,0
inbound,56485,56500,56503,3,,2
update,56484,56499,56505,6,,1
update,56495,56510,56513,3,,3
update,56506,56521,56524,3,,4
update,56517,56532,56535,3,,5
update,56528,56543,56546,3,,6
update,56539,56554,56557,3,,7
inbound,56540,56556,56559,3,,8
update,56550,56565,56568,3,,9
update,56561,56576,56579,3,,10
update,56572,56586,56589,3,,11
update,56583,56598,56602,4,,12
update,56594,56608,56611,3,,13
inbound,56595,56611,56614,3,,14
update,56605,56620,56623,3,,15
update,56616,56631,56634,3,,0
update,56627,56642,56645,3,,1
update,56638,56653,56656,3,,2
update,56649,56664,56668,4,,3
inbound,56650,56666,56669,3,,4
update,56660,56675,56678,3,,5
update,56671,56686,56689,3,,6
update,56682,56696,56700,4,,7
update,56693,56707,56710,3,,8
update,56704,56719,56722,3,,9
inbound,56705,56721,56724,3,,10
update,56715,56729,56733,4,,11
update,56726,56741,56743,2,,12
update,56737,56752,56755,3,,13
update,56748,56763,56766,3,,14
update,56759,56775,56778,3,,15
inbound,56760,56776,56779,3,,0
update,56770,56785,56788,3,,1
update,56781,56796,56799,3,,2
update,56792,56807,56811,4,,3
update,56803,56818,56821,3,,4
update,56814,56829,56834,5,,5
inbound,56815,56831,56835,4,,6
update,56825,56841,56844,3,,7
update,56836,56852,56855,3,,8
update,56847,56863,56868,5,,9
update,56858,56873,56878,5,,10
update,56869,56885,56889,4,,11
update,56880,56896,56899,3,,12
update,56891,56906,56912,6,,13
update,56902,56918,56922,4,,14
update,56913,56929,56936,7,,15
update,56924,56940,56952,12,,0
inbound,57000,57015,57019,4,,2
update,57000,57015,57020,5,,1
update,57011,57026,57030,4,,3
inbound,57025,57040,57045,5,,5
update,57022,57038,57045,7,,4
update,57033,57049,57054,5,,6
update,57044,57060,57063,3,,7
update,57055,57070,57074,4,,8
update,57066,57082,57085,3,,9
update,57077,57093,57096,3,,10
update,57088,57104,57107,3,,11
update,57099,57115,57118,3,,12
inbound,57100,57115,57119,4,,13
update,57110,57125,57128,3,,14
update,57121,57137,57141,4,,15
update,57132,57148,57151,3,,0
update,57143,57159,57162,3,,1
update,57154,57170,57173,3,,2
inbound,57155,57171,57174,3,,3
update,57165,57180,57183,3,,4
update,57176,57192,57195,3,,5
update,57187,57203,57206,3,,6
update,57198,57214,57218,4,,7
inbound,57200,57215,57220,5,,8
update,57209,57225,57228,3,,9
inbound,57210,57226,57230,4,,10
update,57220,57236,57238,2,,11
inbound,57225,57240,57243,3,,12
update,57231,57247,57250,3,,13
update,57242,57258,57262,4,,14
update,57253,57269,57272,3,,15
update,57264,57280,57283,3,,0
inbound,57265,57281,57285,4,,1
update,57275,57291,57294,3,,2
update,57286,57302,57304,2,,3
update,57297,57312,57315,3,,4
update,57308,57323,57326,3,,5
update,57319,57334,57338,4,,6
inbound,57320,57335,57339,4,,7
update,57330,57345,57348,3,,8
update,57341,57357,57360,3,,9
update,57352,57367,57370,3,,10
update,57363,57379,57382,3,,11
update,57374,57390,57393,3,,12
inbound,57375,57391,57394,3,,13
update,57385,57401,57404,3,,14
update,57396,57412,57414,2,,15
inbound,57400,57416,57418,2,,0
update,57407,57423,57426,3,,1
update,57418,57434,57437,3,,2
inbound,57425,57441,57444,3,,3
update,57429,57444,57448,4,,4
inbound,57430,57446,57450,4,,5
update,57440,57456,57459,3,,6
update,57451,57467,57471,4,,7
update,57462,57477,57480,3,,8
update,57473,57489,57492,3,,9
update,57484,57499,57504,5,,10
inbound,57485,57500,57504,4,,11
update,57495,57510,57513,3,,12
update,57506,57522,57525,3,,13
update,57517,57533,57536,3,,14
update,57528,57544,57547,3,,15
update,57539,57555,57558,3,,0
inbound,57540,57556,57560,4,,1
update,57550,57566,57569,3,,2
update,57561,57576,57580,4,,3
update,57572,57588,57591,3,,4
update,57583,57599,57602,3,,5
update,57594,57610,57614,4,,6
inbound,57595,57611,57615,4,,7
update,57605,57621,57624,3,,8
update,57616,57631,57635,4,,9
update,57627,57643,57647,4,,10
update,57638,57653,57657,4,,11
update,57649,57664,57669,5,,12
inbound,57650,57666,57669,3,,13
update,57660,57676,57678,2,,14
update,57671,57687,57690,3,,15
update,57682,57698,57701,3,,0
update,57693,57708,57711,3,,1
update,57704,57720,57724,4,,2
inbound,57705,57720,57724,4,,3
update,57715,57730,57733,3,,4
update,57726,57742,57745,3,,5
update,57737,57753,57755,2,,6
update,57748,57764,57767,3,,7
inbound,57760,57776,57778,2,,9
update,57759,57775,57778,3,,8
update,57770,57786,57789,3,,10
update,57781,57797,57799,2,,11
update,57792,57808,57811,3,,12
update,57803,57819,57823,4,,13
inbound,57815,57830,57835,5,,15
update,57814,57830,57835,5,,14
update,57825,57841,57844,3,,0
update,57836,57852,57855,3,,1
update,57847,57863,57866,3,,2
update,57858,57874,57877,3,,3
update,57869,57885,57888,3,,4
update,57880,57896,57899,3,,5
update,57891,57906,57909,3,,6
update,57902,57918,57922,4,,7
update,57913,57929,57932,3,,8
update,57924,57940,57945,5,,9
inbound,58000,58016,58021,5,,11
update,58000,58016,58021,5,,10
update,58011,58026,58030,4,,12
update,58022,58038,58042,4,,13
inbound,58025,58040,58045,5,,14
update,58033,58048,58052,4,,15
update,58044,58060,58064,4,,0
update,58055,58070,58074,4,,1
update,58066,58082,58085,3,,2
update,58077,58092,58096,4,,3
update,58088,58104,58107,3,,4
update,58099,58114,58118,4,,5
inbound,58100,58116,58119,3,,6
update,58110,58126,58129,3,,7
update,58121,58137,58140,3,,8
update,58132,58148,58151,3,,9
update,58143,58158,58161,3,,10
update,58154,58170,58173,3,,11
inbound,58155,58171,58174,3,,12
update,58165,58181,58183,2,,13
update,58176,58192,58195,3,,14
update,58187,58202,58205,3,,15
update,58198,58214,58217,3,,0
inbound,58200,58216,58219,3,,1
inbound,58210,58225,58229,4,,3
update,58209,58225,58229,4,,2
update,58220,58236,58239,3,,4
inbound,58225,58241,58244,3,,5
update,58231,58247,58251,4,,6
update,58242,58258,58261,3,,7
update,58253,58269,58271,2,,8
update,58264,58279,58283,4,,9
inbound,58265,58281,58284,3,,10
update,58275,58291,58295,4,,11
update,58286,58301,58305,4,,12
update,58297,58313,58316,3,,13
update,58308,58324,58327,3,,14
update,58319,58335,58338,3,,15
inbound,58320,58336,58340,4,,0
update,58330,58346,58349,3,,1
update,58341,58357,58360,3,,2
update,58352,58368,58371,3,,3
update,58363,58379,58383,4,,4
update,58374,58390,58394,4,,5
inbound,58375,58391,58395,4,,6
update,58385,58401,58404,3,,7
update,58396,58412,58415,3,,8
inbound,58400,58416,58419,3,,9
update,58407,58423,58427,4,,10
update,58418,58433,58437,4,,11
inbound,58425,58440,58444,4,,12
update,58429,58444,58447,3,,13
inbound,58430,58446,58449,3,,14
update,58440,58456,58459,3,,15
update,58451,58466,58469,3,,0
update,58462,58478,58481,3,,1
update,58473,58489,58494,5,,2
update,58484,58500,58503,3,,3
inbound,58485,58501,58505,4,,4
update,58495,58511,58514,3,,5
update,58506,58522,58524,2,,6
update,58517,58533,58536,3,,7
update,58528,58544,58547,3,,8
update,58539,58554,58559,5,,9
inbound,58540,58556,58559,3,,10
update,58550,58565,58568,3,,11
update,58561,58576,58579,3,,12
update,58572,58588,58590,2,,13
update,58583,58598,58601,3,,14
update,58594,58610,58613,3,,15
inbound,58595,58611,58614,3,,0
update,58605,58620,58624,4,,1
update,58616,58632,58635,3,,2
update,58627,58643,58646,3,,3
update,58638,58654,58657,3,,4
update,58649,58665,58669,4,,5
inbound,58650,58666,58670,4,,6
update,58660,58675,58678,3,,7
update,58671,58687,58690,3,,8
update,58682,58697,58700,3,,9
update,58693,58709,58713,4,,10
update,58704,58719,58723,4,,11
inbound,58705,58721,58725,4,,12
update,58715,58731,58734,3,,13
update,58726,58742,58745,3,,14
update,58737,58752,58755,3,,15
update,58748,58764,58767,3,,0
inbound,58760,58776,58778,2,,2
update,58759,58775,58778,3,,1
update,58770,58785,58788,3,,3
update,58781,58797,58800,3,,4
update,58792,58808,58811,3,,5
update,58803,58818,58821,3,,6
update,58814,58829,58833,4,,7
inbound,58815,58831,58833,2,,8
update,58825,58841,58844,3,,9
update,58836,58852,58854,2,,10
update,58847,58862,58865,3,,11
update,58858,58874,58877,3,,12
update,58869,58885,58887,2,,13
update,58880,58896,58898,2,,14
update,58891,58907,58910,3,,15
update,58902,58918,58921,3,,0
update,58913,58929,58934,5,,1
update,58924,58940,58943,3,,2
inbound,59000,59016,59019,3,,4
update,59000,59016,59019,3,,3
update,59011,59026,59029,3,,5
update,59022,59037,59040,3,,6
inbound,59025,59040,59047,7,,7
update,59033,59048,59053,5,,8
update,59044,59060,59063,3,,9
update,59055,59070,59073,3,,10
update,59066,59082,59084,2,,11
update,59077,59093,59096,3,,12
update,59088,59103,59106,3,,13
update,59099,59114,59118,4,,14
inbound,59100,59116,59118,2,,15
update,59110,59126,59128,2,,0
update,59121,59137,59140,3,,1
update,59132,59148,59151,3,,2
update,59143,59158,59161,3,,3
update,59154,59169,59173,4,,4
inbound,59155,59171,59174,3,,5
update,59165,59181,59184,3,,6
update,59176,59192,59197,5,,7
update,59187,59203,59206,3,,8
inbound,59200,59215,59219,4,,10
update,59198,59214,59220,6,,9
update,59209,59224,59228,4,,11
inbound,59210,59226,59229,3,,12
update,59220,59236,59239,3,,13
inbound,59225,59241,59244,3,,14
update,59231,59247,59250,3,,15
update,59242,59258,59261,3,,0
update,59253,59269,59272,3,,1
update,59264,59280,59283,3,,2
inbound,59265,59281,59284,3,,3
update,59275,59290,59293,3,,4
update,59286,59302,59305,3,,5
update,59297,59313,59316,3,,6
update,59308,59324,59327,3,,7
update,59319,59335,59338,3,,8
inbound,59320,59336,59339,3,,9
update,59330,59345,59348,3,,10
update,59341,59356,59359,3,,11
update,59352,59368,59371,3,,12
update,59363,59378,59381,3,,13
update,59374,59390,59393,3,,14
inbound,59375,59391,59394,3,,15
update,59385,59401,59404,3,,0
update,59396,59412,59415,3,,1
inbound,59400,59416,59419,3,,2
update,59407,59423,59425,2,,3
update,59418,59434,59436,2,,4
inbound,59425,59441,59443,2,,5
update,59429,59444,59448,4,,6
inbound,59430,59446,59449,3,,7
update,59440,59456,59459,3,,8
update,59451,59467,59469,2,,9
update,59462,59478,59480,2,,10
update,59473,59489,59491,2,,11
update,59484,59500,59503,3,,12
inbound,59485,59501,59504,3,,13
update,59495,59511,59514,3,,14
update,59506,59522,59525,3,,15
update,59517,59533,59536,3,,0
update,59528,59544,59548,4,,1
update,59539,59555,59558,3,,2
inbound,59540,59556,59559,3,,3
update,59550,59565,59568,3,,4
update,59561,59576,59579,3,,5
update,59572,59587,59590,3,,6
update,59583,59599,59602,3,,7
update,59594,59610,59614,4,,8
inbound,59595,59611,59614,3,,9
update,59605,59621,59624,3,,10
update,59616,59632,59635,3,,11
update,59627,59643,59647,4,,12
update,59638,59654,59657,3,,13
update,59649,59665,59668,3,,14
inbound,59650,59666,59669,3,,15
update,59660,59676,59679,3,,0
update,59671,59687,59690,3,,1
update,59682,59697,59700,3,,2
update,59693,59708,59711,3,,3
update,59704,59720,59723,3,,4
inbound,59705,59721,59724,3,,5
update,59715,59730,59733,3,,6
update,59726,59741,59744,3,,7
update,59737,59753,59756,3,,8
update,59748,59764,59767,3,,9
inbound,59760,59776,59778,2,,11
update,59759,59774,59778,4,,10
update,59770,59786,59789,3,,12
update,59781,59796,59800,4,,13
update,59792,59808,59811,3,,14
update,59803,59819,59822,3,,15
inbound,59815,59831,59833,2,,1
update,59814,59830,59833,3,,0
update,59825,59840,59843,3,,2
update,59836,59852,59854,2,,3
update,59847,59862,59865,3,,4
update,59858,59873,59876,3,,5
update,59869,59885,59888,3,,6
update,59880,59896,59900,4,,7
update,59891,59907,59910,3,,8
update,59902,59918,59921,3,,9
update,59913,59929,59932,3,,10
update,59924,59940,59944,4,,11
inbound,60000,60016,60022,6,,13
update,60000,60016,60022,6,,12
update,60011,60027,60030,3,,14
update,60022,60038,60041,3,,15
inbound,60025,60041,60044,3,,0
update,60033,60049,60055,6,,1
update,60044,60060,60065,5,,2
update,60055,60071,60074,3,,3
update,60066,60081,60084,3,,4
update,60077,60093,60096,3,,5
update,60088,60103,60106,3,,6
update,60099,60115,60118,3,,7
inbound,60100,60116,60120,4,,8
update,60110,60126,60129,3,,9
update,60121,60136,60139,3,,10
update,60132,60148,60150,2,,11
update,60143,60159,60161,2,,12
update,60154,60170,60173,3,,13
inbound,60155,60171,60174,3,,14
update,60165,60180,60183,3,,15
update,60176,60192,60195,3,,0
update,60187,60203,60206,3,,1
update,60198,60213,60216,3,,2
inbound,60200,60216,60219,3,,3
inbound,60210,60225,60229,4,,5
update,60209,60225,60230,5,,4
update,60220,60236,60239,3,,6
inbound,60225,60240,60244,4,,7
update,60231,60247,60250,3,,8
update,60242,60257,60261,4,,9
update,60253,60269,60272,3,,10
inbound,60265,60280,60284,4,,12
update,60264,60280,60285,5,,11
update,60275,60291,60294,3,,13
update,60286,60302,60305,3,,14
update,60297,60313,60316,3,,15
update,60308,60324,60327,3,,0
update,60319,60335,60339,4,,1
inbound,60320,60336,60340,4,,2
update,60330,60345,60348,3,,3
update,60341,60356,60359,3,,4
update,60352,60368,60371,3,,5
update,60363,60379,60384,5,,6
update,60374,60390,60393,3,,7
inbound,60375,60391,60394,3,,8
update,60385,60401,60404,3,,9
update,60396,60411,60415,4,,10
inbound,60400,60416,60419,3,,11
update,60407,60422,60427,5,,12
update,60418,60434,60437,3,,13
inbound,60425,60441,60444,3,,14
update,60429,60445,60449,4,,15
inbound,60430,60446,60449,3,,0
update,60440,60455,60458,3,,1
update,60451,60467,60470,3,,2
update,60462,60478,60481,3,,3
update,60473,60488,60491,3,,4
update,60484,60500,60503,3,,5
inbound,60485,60500,60505,5,,6
update,60495,60510,60513,3,,7
update,60506,60522,60525,3,,8
update,60517,60533,60536,3,,9
update,60528,60544,60547,3,,10
update,60539,60555,60559,4,,11
inbound,60540,60556,60559,3,,12
update,60550,60566,60569,3,,13
update,60561,60577,60579,2,,14
update,60572,60588,60590,2,,15
update,60583,60599,60602,3,,0
update,60594,60610,60613,3,,1
inbound,60595,60611,60614,3,,2
update,60605,60621,60624,3,,3
update,60616,60631,60634,3,,4
update,60627,60643,60646,3,,5
update,60638,60654,60656,2,,6
update,60649,60664,60668,4,,7
inbound,60650,60666,60670,4,,8
update,60660,60676,60679,3,,9
update,60671,60687,60690,3,,10
update,60682,60698,60701,3,,11
update,60693,60709,60712,3,,12
update,60704,60720,60724,4,,13
inbound,60705,60720,60724,4,,14
update,60715,60730,60733,3,,15
update,60726,60741,60744,3,,0
update,60737,60753,60756,3,,1
update,60748,60764,60767,3,,2
update,60759,60775,60778,3,,3
inbound,60760,60776,60778,2,,4
update,60770,60785,60788,3,,5
update,60781,60797,60800,3,,6
update,60792,60808,60811,3,,7
update,60803,60819,60821,2,,8
inbound,60815,60831,60834,3,,10
update,60814,60830,60834,4,,9
update,60825,60840,60844,4,,11
update,60836,60851,60854,3,,12
update,60847,60862,60866,4,,13
update,60858,60874,60877,3,,14
update,60869,60885,60888,3,,15
update,60880,60896,60898,2,,0
update,60891,60907,60909,2,,1
update,60902,60917,60920,3,,2
update,60913,60929,60932,3,,3
update,60924,60940,60943,3,,4
update,61000,61015,61019,4,,5
inbound,61000,61016,61021,5,,6
update,61011,61027,61032,5,,7
update,61022,61038,61044,6,,8
inbound,61025,61041,61048,7,,9
update,61033,61048,61052,4,,10
update,61044,61060,61067,7,,11
update,61055,61071,61078,7,,12
update,61066,61082,61086,4,,13
update,61077,61093,61096,3,,14
update,61088,61104,61108,4,,15
update,61099,61114,61117,3,,0
inbound,61100,61115,61119,4,,1
update,61110,61126,61129,3,,2
update,61121,61137,61141,4,,3
update,61132,61148,61151,3,,4
update,61143,61158,61161,3,,5
update,61154,61169,61173,4,,6
inbound,61155,61171,61174,3,,7
update,61165,61181,61184,3,,8
update,61176,61191,61195,4,,9
update,61187,61202,61205,3,,10
update,61198,61213,61216,3,,11
inbound,61200,61216,61219,3,,12
update,61209,61225,61228,3,,13
inbound,61210,61226,61229,3,,14
update,61220,61235,61238,3,,15
inbound,61225,61241,61243,2,,0
update,61231,61247,61251,4,,1
update,61242,61257,61261,4,,2
update,61253,61269,61272,3,,3
update,61264,61280,61284,4,,4
inbound,61265,61281,61285,4,,5
update,61275,61291,61293,2,,6
update,61286,61302,61305,3,,7
update,61297,61313,61316,3,,8
update,61308,61324,61327,3,,9
update,61319,61335,61338,3,,10
inbound,61320,61336,61339,3,,11
update,61330,61346,61352,6,,12
update,61341,61356,61363,7,,13
update,61352,61368,61371,3,,14
update,61363,61378,61382,4,,15
update,61374,61390,61393,3,,0
inbound,61375,61391,61394,3,,1
update,61385,61401,61404,3,,2
update,61396,61411,61419,8,,3
inbound,61400,61416,61422,6,,4
update,61407,61422,61426,4,,5
update,61418,61434,61438,4,,6
inbound,61425,61440,61444,4,,7
update,61429,61445,61449,4,,8
inbound,61430,61445,61452,7,,9
update,61440,61456,61460,4,,10
update,61451,61467,61470,3,,11
update,61462,61478,61483,5,,12
update,61473,61489,61494,5,,13
update,61484,61500,61503,3,,14
inbound,61485,61501,61504,3,,15
update,61495,61511,61514,3,,0
update,61506,61522,61528,6,,1
update,61517,61532,61535,3,,2
update,61528,61543,61546,3,,3
update,61539,61555,61557,2,,4
inbound,61540,61557,61560,3,,5
update,61550,61565,61568,3,,6
update,61561,61577,61580,3,,7
update,61572,61587,61590,3,,8
update,61583,61598,61601,3,,9
update,61594,61610,61614,4,,10
inbound,61595,61612,61615,3,,11
update,61605,61620,61623,3,,12
update,61616,61631,61634,3,,13
update,61627,61643,61646,3,,14
update,61638,61654,61657,3,,15
update,61649,61664,61668,4,,0
inbound,61650,61665,61669,4,,1
update,61660,61676,61679,3,,2
update,61671,61687,61690,3,,3
update,61682,61698,61702,4,,4
update,61693,61709,61712,3,,5
update,61704,61720,61723,3,,6
inbound,61705,61721,61724,3,,7
update,61715,61731,61734,3,,8
update,61726,61742,61745,3,,9
update,61737,61752,61755,3,,10
update,61748,61764,61767,3,,11
inbound,61760,61776,61778,2,,13
update,61759,61774,61778,4,,12
update,61770,61786,61788,2,,14
update,61781,61797,61800,3,,15
update,61792,61807,61810,3,,0
update,61803,61819,61822,3,,1
inbound,61815,61831,61834,3,,3
update,61814,61830,61835,5,,2
update,61825,61840,61844,4,,4
update,61836,61852,61855,3,,5
update,61847,61863,61866,3,,6
update,61858,61874,61877,3,,7
update,61869,61885,61887,2,,8
update,61880,61896,61900,4,,9
update,61891,61906,61910,4,,10
update,61902,61917,61920,3,,11
update,61913,61928,61931,3,,12
update,61924,61940,61943,3,,13
inbound,62000,62015,62019,4,,15
update,62000,62015,62019,4,,14
update,62011,62027,62030,3,,0
update,62022,62037,62040,3,,1
inbound,62025,62042,62044,2,,2
update,62033,62048,62052,4,,3
update,62044,62059,62066,7,,4
update,62055,62071,62074,3,,5
update,62066,62082,62086,4,,6
update,62077,62093,62096,3,,7
update,62088,62104,62107,3,,8
update,62099,62115,62119,4,,9
inbound,62100,62116,62120,4,,10
update,62110,62126,62129,3,,11
update,62121,62137,62140,3,,12
update,62132,62148,62152,4,,13
update,62143,62158,62161,3,,14
update,62154,62170,62173,3,,15
inbound,62155,62171,62175,4,,0
update,62165,62181,62184,3,,1
update,62176,62192,62195,3,,2
update,62187,62202,62205,3,,3
update,62198,62214,62217,3,,4
inbound,62200,62217,62220,3,,5
update,62209,62224,62228,4,,6
inbound,62210,62228,62232,4,,7
update,62220,62236,62241,5,,8
inbound,62225,62242,62246,4,,9
update,62231,62246,62250,4,,10
update,62242,62258,62261,3,,11
update,62253,62269,62273,4,,12
update,62264,62280,62286,6,,13
inbound,62265,62282,62288,6,,14
update,62275,62291,62294,3,,15
update,62286,62302,62305,3,,0
update,62297,62313,62315,2,,1
update,62308,62324,62326,2,,2
update,62319,62335,62337,2,,3
inbound,62320,62337,62340,3,,4
update,62330,62346,62349,3,,5
update,62341,62357,62360,3,,6
update,62352,62368,62371,3,,7
update,62363,62379,62382,3,,8
update,62374,62390,62393,3,,9
inbound,62375,62392,62395,3,,10
update,62385,62400,62403,3,,11
update,62396,62412,62415,3,,12
inbound,62400,62416,62420,4,,13
update,62407,62422,62425,3,,14
update,62418,62434,62437,3,,15
inbound,62425,62442,62445,3,,0
update,62429,62445,62448,3,,1
inbound,62430,62447,62451,4,,2
update,62440,62456,62458,2,,3
update,62451,62466,62470,4,,4
update,62462,62478,62481,3,,5
update,62473,62489,62492,3,,6
update,62484,62499,62503,4,,7
inbound,62485,62502,62505,3,,8
update,62495,62511,62514,3,,9
update,62506,62521,62524,3,,10
update,62517,62532,62536,4,,11
update,62528,62544,62547,3,,12
update,62539,62555,62559,4,,13
inbound,62540,62557,62560,3,,14
update,62550,62566,62568,2,,15
update,62561,62577,62580,3,,0
update,62572,62588,62590,2,,1
update,62583,62598,62602,4,,2
update,62594,62609,62613,4,,3
inbound,62595,62612,62615,3,,4
update,62605,62621,62623,2,,5
update,62616,62631,62634,3,,6
update,62627,62642,62645,3,,7
update,62638,62653,62657,4,,8
update,62649,62665,62668,3,,9
inbound,62650,62667,62670,3,,10
update,62660,62676,62679,3,,11
update,62671,62687,62690,3,,12
update,62682,62698,62701,3,,13
update,62693,62709,62712,3,,14
inbound,62705,62721,62725,4,,0
update,62704,62720,62725,5,,15
update,62715,62731,62734,3,,1
update,62726,62742,62745,3,,2
update,62737,62753,62756,3,,3
update,62748,62763,62768,5,,4
update,62759,62775,62782,7,,5
inbound,62760,62777,62782,5,,6
update,62770,62785,62789,4,,7
update,62781,62796,62799,3,,8
update,62792,62808,62811,3,,9
update,62803,62819,62822,3,,10
inbound,62815,62831,62834,3,,12
update,62814,62830,62834,4,,11
update,62825,62841,62844,3,,13
update,62836,62852,62854,2,,14
update,62847,62863,62866,3,,15
update,62858,62874,62876,2,,0
update,62869,62885,62888,3,,1
update,62880,62896,62898,2,,2
update,62891,62907,62911,4,,3
update,62902,62918,62921,3,,4
update,62913,62929,62933,4,,5
update,62924,62940,62943,3,,6
update,63000,63017,63021,4,,7
inbound,63000,63017,63021,4,,8
update,63011,63028,63031,3,,9
update,63022,63039,63042,3,,10
inbound,63025,63041,63045,4,,11
update,63033,63050,63053,3,,12
update,63044,63061,63064,3,,13
update,63055,63072,63077,5,,14
update,63066,63083,63085,2,,15
update,63077,63094,63097,3,,0
update,63088,63105,63108,3,,1
update,63099,63116,63119,3,,2
inbound,63100,63117,63120,3,,3
update,63110,63127,63130,3,,4
update,63121,63137,63141,4,,5
update,63132,63149,63152,3,,6
update,63143,63160,63162,2,,7
update,63154,63171,63174,3,,8
inbound,63155,63172,63175,3,,9
update,63165,63182,63185,3,,10
update,63176,63193,63196,3,,11
update,63187,63204,63206,2,,12
update,63198,63215,63218,3,,13
inbound,63200,63217,63220,3,,14
update,63209,63226,63229,3,,15
inbound,63210,63227,63230,3,,0
update,63220,63237,63240,3,,1
inbound,63225,63241,63244,3,,2
update,63231,63248,63250,2,,3
update,63242,63259,63261,2,,4
update,63253,63269,63273,4,,5
update,63264,63281,63284,3,,6
inbound,63265,63282,63286,4,,7
update,63275,63292,63296,4,,8
update,63286,63303,63306,3,,9
update,63297,63314,63316,2,,10
update,63308,63325,63328,3,,11
update,63319,63336,63340,4,,12
inbound,63320,63337,63341,4,,13
update,63330,63347,63350,3,,14
update,63341,63358,63361,3,,15
update,63352,63369,63372,3,,0
update,63363,63380,63383,3,,1
update,63374,63390,63394,4,,2
inbound,63375,63392,63395,3,,3
update,63385,63402,63404,2,,4
update,63396,63413,63416,3,,5
inbound,63400,63416,63419,3,,6
update,63407,63424,63427,3,,7
update,63418,63435,63438,3,,8
inbound,63425,63442,63444,2,,9
update,63429,63445,63448,3,,10
inbound,63430,63446,63449,3,,11
update,63440,63457,63460,3,,12
update,63451,63468,63471,3,,13
update,63462,63479,63482,3,,14
update,63473,63490,63493,3,,15
update,63484,63500,63503,3,,0
inbound,63485,63501,63504,3,,1
update,63495,63511,63514,3,,2
update,63506,63523,63526,3,,3
update,63517,63533,63536,3,,4
update,63528,63544,63547,3,,5
update,63539,63556,63559,3,,6
inbound,63540,63557,63560,3,,7
update,63550,63567,63570,3,,8
update,63561,63578,63581,3,,9
update,63572,63589,63592,3,,10
update,63583,63600,63603,3,,11
update,63594,63611,63614,3,,12
inbound,63595,63612,63615,3,,13
update,63605,63621,63624,3,,14
update,63616,63633,63636,3,,15
update,63627,63644,63647,3,,0
update,63638,63655,63658,3,,1
update,63649,63666,63669,3,,2
inbound,63650,63667,63670,3,,3
update,63660,63676,63679,3,,4
update,63671,63688,63691,3,,5
update,63682,63699,63702,3,,6
update,63693,63710,63713,3,,7
update,63704,63721,63724,3,,8
inbound,63705,63722,63725,3,,9
update,63715,63732,63735,3,,10
update,63726,63743,63745,2,,11
update,63737,63754,63756,2,,12
update,63748,63764,63767,3,,13
update,63759,63775,63778,3,,14
inbound,63760,63777,63779,2,,15
update,63770,63787,63791,4,,0
update,63781,63798,63800,2,,1
update,63792,63809,63811,2,,2
update,63803,63819,63822,3,,3
inbound,63815,63831,63833,2,,5
update,63814,63830,63833,3,,4
update,63825,63842,63845,3,,6
update,63836,63853,63855,2,,7
update,63847,63864,63867,3,,8
update,63858,63875,63878,3,,9
update,63869,63886,63889,3,,10
update,63880,63897,63900,3,,11
update,63891,63908,63910,2,,12
update,63902,63919,63922,3,,13
update,63913,63930,63933,3,,14
update,63924,63941,63944,3,,15
inbound,64000,64017,64020,3,,1
update,64000,64017,64021,4,,0
update,64011,64028,64030,2,,2
update,64022,64039,64042,3,,3
inbound,64025,64042,64045,3,,4
update,64033,64049,64054,5,,5
update,64044,64060,64063,3,,6
update,64055,64071,64079,8,,7
update,64066,64083,64087,4,,8
update,64077,64093,64096,3,,9
update,64088,64105,64108,3,,10
update,64099,64116,64120,4,,11
inbound,64100,64117,64121,4,,12
update,64110,64127,64130,3,,13
update,64121,64137,64140,3,,14
update,64132,64149,64151,2,,15
update,64143,64160,64163,3,,0
update,64154,64171,64174,3,,1
inbound,64155,64171,64175,4,,2
update,64165,64181,64185,4,,3
update,64176,64193,64198,5,,4
update,64187,64204,64207,3,,5
update,64198,64214,64218,4,,6
inbound,64200,64217,64220,3,,7
update,64209,64225,64230,5,,8
inbound,64210,64226,64230,4,,9
update,64220,64237,64240,3,,10
inbound,64225,64242,64245,3,,11
update,64231,64248,64251,3,,12
update,64242,64258,64261,3,,13
update,64253,64270,64272,2,,14
update,64264,64280,64284,4,,15
inbound,64265,64282,64285,3,,0
update,64275,64291,64294,3,,1
update,64286,64303,64306,3,,2
update,64297,64313,64316,3,,3
update,64308,64325,64327,2,,4
update,64319,64336,64340,4,,5
inbound,64320,64337,64340,3,,6
update,64330,64347,64350,3,,7
update,64341,64358,64361,3,,8
update,64352,64368,64371,3,,9
update,64363,64379,64383,4,,10
update,64374,64390,64394,4,,11
inbound,64375,64392,64396,4,,12
update,64385,64401,64405,4,,13
update,64396,64413,64416,3,,14
inbound,64400,64416,64419,3,,15
update,64407,64424,64427,3,,0
update,64418,64434,64437,3,,1
inbound,64425,64441,64445,4,,2
update,64429,64446,64450,4,,3
inbound,64430,64447,64451,4,,4
update,64440,64456,64459,3,,5
update,64451,64468,64471,3,,6
update,64462,64479,64482,3,,7
update,64473,64489,64492,3,,8
update,64484,64501,64505,4,,9
inbound,64485,64501,64506,5,,10
update,64495,64512,64515,3,,11
update,64506,64523,64526,3,,12
update,64517,64534,64537,3,,13
update,64528,64545,64547,2,,14
update,64539,64556,64560,4,,15
inbound,64540,64557,64561,4,,0
update,64550,64566,64569,3,,1
update,64561,64578,64581,3,,2
update,64572,64589,64591,2,,3
update,64583,64600,64603,3,,4
update,64594,64611,64614,3,,5
inbound,64595,64612,64615,3,,6
update,64605,64622,64624,2,,7
update,64616,64633,64636,3,,8
update,64627,64644,64647,3,,9
update,64638,64654,64657,3,,10
update,64649,64665,64669,4,,11
inbound,64650,64667,64670,3,,12
update,64660,64677,64679,2,,13
update,64671,64687,64690,3,,14
update,64682,64698,64701,3,,15
update,64693,64709,64712,3,,0
update,64704,64721,64724,3,,1
inbound,64705,64722,64726,4,,2
update,64715,64731,64735,4,,3
update,64726,64742,64745,3,,4
update,64737,64753,64757,4,,5
update,64748,64765,64768,3,,6
inbound,64760,64777,64779,2,,8
update,64759,64775,64780,5,,7
update,64770,64786,64789,3,,9
update,64781,64798,64801,3,,10
update,64792,64809,64812,3,,11
update,64803,64819,64822,3,,12
update,64814,64831,64834,3,,13
inbound,64815,64832,64834,2,,14
update,64825,64842,64848,6,,15
update,64836,64853,64856,3,,0
update,64847,64864,64867,3,,1
update,64858,64875,64878,3,,2
update,64869,64886,64889,3,,3
update,64880,64897,64900,3,,4
update,64891,64908,64911,3,,5
update,64902,64919,64922,3,,6
update,64913,64930,64932,2,,7
update,64924,64941,64944,3,,8
update,65000,65017,65020,3,,9
inbound,65000,65017,65021,4,,10
update,65011,65027,65030,3,,11
update,65022,65039,65042,3,,12
inbound,65025,65042,65046,4,,13
update,65033,65049,65053,4,,14
update,65044,65061,65064,3,,15
update,65055,65072,65076,4,,0
update,65066,65082,65086,4,,1
update,65077,65094,65097,3,,2
update,65088,65105,65110,5,,3
update,65099,65116,65120,4,,4
inbound,65100,65117,65121,4,,5
update,65110,65126,65129,3,,6
update,65121,65138,65141,3,,7
update,65132,65148,65151,3,,8
update,65143,65160,65163,3,,9
update,65154,65170,65174,4,,10
inbound,65155,65172,65175,3,,11
update,65165,65181,65184,3,,12
update,65176,65193,65196,3,,13
update,65187,65203,65207,4,,14
update,65198,65214,65217,3,,15
inbound,65200,65217,65221,4,,0
update,65209,65225,65229,4,,1
inbound,65210,65226,65230,4,,2
update,65220,65237,65240,3,,3
inbound,65225,65242,65245,3,,4
update,65231,65248,65252,4,,5
update,65242,65259,65261,2,,6
update,65253,65270,65273,3,,7
update,65264,65281,65285,4,,8
inbound,65265,65282,65286,4,,9
update,65275,65291,65295,4,,10
update,65286,65303,65305,2,,11
update,65297,65314,65317,3,,12
update,65308,65325,65328,3,,13
update,65319,65336,65340,4,,14
inbound,65320,65337,65340,3,,15
update,65330,65347,65351,4,,0
update,65341,65358,65361,3,,1
update,65352,65368,65371,3,,2
update,65363,65379,65382,3,,3
update,65374,65390,65394,4,,4
inbound,65375,65392,65396,4,,5
update,65385,65402,65405,3,,6
update,65396,65412,65415,3,,7
inbound,65400,65417,65420,3,,8
update,65407,65424,65427,3,,9
update,65418,65435,65437,2,,10
inbound,65425,65442,65445,3,,11
update,65429,65445,65449,4,,12
inbound,65430,65447,65452,5,,13
update,65440,65457,65460,3,,14
update,65451,65467,65471,4,,15
update,65462,65479,65482,3,,0
update,65473,65489,65493,4,,1
update,65484,65501,65504,3,,2
inbound,65485,65502,65505,3,,3
update,65495,65512,65515,3,,4
update,65506,65523,65526,3,,5
update,65517,65534,65537,3,,6
update,65528,65545,65548,3,,7
update,65539,65555,65559,4,,8
inbound,65540,65557,65560,3,,9
update,65550,65567,65570,3,,10
update,65561,65578,65581,3,,11
update,65572,65589,65592,3,,12
update,65583,65599,65603,4,,13
update,65594,65611,65614,3,,14
inbound,65595,65612,65616,4,,15
update,65605,65622,65626,4,,0
update,65616,65633,65637,4,,1
update,65627,65644,65649,5,,2
update,65638,65654,65658,4,,3
inbound,65650,65666,65671,5,,5
update,65649,65666,65672,6,,4
update,65660,65677,65680,3,,6
update,65671,65687,65692,5,,7
update,65682,65699,65702,3,,8
update,65693,65710,65716,6,,9
update,65704,65720,65725,5,,10
inbound,65705,65721,65725,4,,11
update,65715,65732,65736,4,,12
update,65726,65743,65750,7,,13
update,65737,65754,65758,4,,14
update,65748,65766,65769,3,,15
update,65759,65776,65779,3,,0
inbound,65760,65777,65780,3,,1
update,65770,65787,65789,2,,2
update,65781,65797,65801,4,,3
update,65792,65808,65811,3,,4
update,65803,65819,65822,3,,5
update,65814,65830,65833,3,,6
inbound,65815,65831,65834,3,,7
update,65825,65842,65845,3,,8
update,65836,65853,65856,3,,9
update,65847,65863,65866,3,,10
update,65858,65875,65877,2,,11
update,65869,65885,65888,3,,12
update,65880,65896,65899,3,,13
update,65891,65907,65910,3,,14
update,65902,65919,65923,4,,15
update,65913,65930,65933,3,,0
update,65924,65940,65943,3,,1
inbound,66000,66017,66021,4,,3
update,66000,66017,66021,4,,2
update,66011,66027,66030,3,,4
update,66022,66039,66042,3,,5
inbound,66025,66042,66045,3,,6
update,66033,66050,66053,3,,7
update,66044,66060,66063,3,,8
update,66055,66072,66075,3,,9
update,66066,66083,66089,6,,10
update,66077,66093,66096,3,,11
update,66088,66105,66108,3,,12
update,66099,66116,66121,5,,13
inbound,66100,66118,66121,3,,14
update,66110,66126,66130,4,,15
update,66121,66138,66141,3,,0
update,66132,66149,66152,3,,1
update,66143,66160,66163,3,,2
update,66154,66171,66174,3,,3
inbound,66155,66173,66176,3,,4
update,66165,66182,66185,3,,5
update,66176,66192,66195,3,,6
update,66187,66203,66206,3,,7
update,66198,66215,66218,3,,8
inbound,66200,66218,66221,3,,9
update,66209,66226,66229,3,,10
inbound,66210,66228,66231,3,,11
update,66220,66237,66240,3,,12
inbound,66225,66242,66245,3,,13
update,66231,66247,66250,3,,14
update,66242,66259,66262,3,,15
update,66253,66270,66273,3,,0
update,66264,66281,66283,2,,1
inbound,66265,66283,66286,3,,2
update,66275,66292,66296,4,,3
update,66286,66303,66306,3,,4
update,66297,66314,66316,2,,5
update,66308,66325,66327,2,,6
update,66319,66336,66339,3,,7
inbound,66320,66337,66340,3,,8
update,66330,66346,66349,3,,9
update,66341,66357,66361,4,,10
update,66352,66369,66372,3,,11
update,66363,66379,66383,4,,12
update,66374,66391,66394,3,,13
inbound,66375,66393,66396,3,,14
update,66385,66402,66405,3,,15
update,66396,66413,66415,2,,0
inbound,66400,66417,66420,3,,1
update,66407,66424,66426,2,,2
update,66418,66435,66438,3,,3
inbound,66425,66442,66447,5,,4
update,66429,66446,66449,3,,5
inbound,66430,66448,66452,4,,6
update,66440,66456,66459,3,,7
update,66451,66468,66470,2,,8
update,66462,66479,66482,3,,9
update,66473,66490,66493,3,,10
update,66484,66501,66504,3,,11
inbound,66485,66502,66505,3,,12
update,66495,66511,66514,3,,13
update,66506,66523,66526,3,,14
update,66517,66534,66537,3,,15
update,66528,66544,66547,3,,0
update,66539,66555,66558,3,,1
inbound,66540,66557,66560,3,,2
update,66550,66567,66570,3,,3
update,66561,66577,66581,4,,4
update,66572,66589,66592,3,,5
update,66583,66599,66603,4,,6
update,66594,66611,66614,3,,7
inbound,66595,66612,66616,4,,8
update,66605,66622,66624,2,,9
update,66616,66633,66635,2,,10
update,66627,66644,66646,2,,11
update,66638,66654,66657,3,,12
update,66649,66666,66669,3,,13
inbound,66650,66667,66671,4,,14
update,66660,66677,66680,3,,15
update,66671,66688,66691,3,,0
update,66682,66698,66704,6,,1
update,66693,66710,66713,3,,2
update,66704,66721,66724,3,,3
inbound,66705,66722,66725,3,,4
update,66715,66731,66734,3,,5
update,66726,66743,66746,3,,6
update,66737,66754,66756,2,,7
update,66748,66765,66768,3,,8
update,66759,66776,66779,3,,9
inbound,66760,66778,66780,2,,10
update,66770,66786,66789,3,,11
update,66781,66799,66802,3,,12
update,66792,66809,66812,3,,13
update,66803,66821,66824,3,,14
update,66814,66831,66835,4,,15
inbound,66815,66833,66835,2,,0
update,66825,66843,66846,3,,1
update,66836,66854,66857,3,,2
update,66847,66865,66869,4,,3
update,66858,66876,66879,3,,4
update,66869,66886,66889,3,,5
update,66880,66898,66901,3,,6
update,66891,66909,66912,3,,7
update,66902,66920,66923,3,,8
update,66913,66931,66934,3,,9
update,66924,66942,66945,3,,10
update,67000,67017,67021,4,,11
inbound,67000,67018,67021,3,,12
update,67011,67029,67032,3,,13
update,67022,67039,67044,5,,14
inbound,67025,67043,67046,3,,15
update,67033,67051,67054,3,,0
update,67044,67062,67068,6,,1
update,67055,67073,67077,4,,2
update,67066,67084,67088,4,,3
update,67077,67095,67100,5,,4
update,67088,67106,67109,3,,5
update,67099,67116,67120,4,,6
inbound,67100,67118,67121,3,,7
update,67110,67128,67131,3,,8
update,67121,67139,67142,3,,9
update,67132,67150,67152,2,,10
update,67143,67161,67163,2,,11
update,67154,67172,67175,3,,12
inbound,67155,67173,67176,3,,13
update,67165,67183,67186,3,,14
update,67176,67194,67197,3,,15
update,67187,67204,67207,3,,0
update,67198,67216,67219,3,,1
inbound,67200,67218,67221,3,,2
update,67209,67227,67230,3,,3
inbound,67210,67228,67231,3,,4
update,67220,67238,67241,3,,5
inbound,67225,67243,67246,3,,6
update,67231,67249,67252,3,,7
update,67242,67260,67263,3,,8
update,67253,67271,67274,3,,9
update,67264,67282,67285,3,,10
inbound,67265,67283,67286,3,,11
update,67275,67292,67295,3,,12
update,67286,67304,67307,3,,13
update,67297,67315,67319,4,,14
update,67308,67326,67329,3,,15
inbound,67320,67337,67340,3,,1
update,67319,67337,67341,4,,0
update,67330,67348,67351,3,,2
update,67341,67359,67362,3,,3
update,67352,67370,67373,3,,4
update,67363,67381,67384,3,,5
inbound,67375,67392,67395,3,,7
update,67374,67392,67396,4,,6
update,67385,67403,67406,3,,8
update,67396,67414,67417,3,,9
inbound,67400,67418,67420,2,,10
update,67407,67425,67427,2,,11
update,67418,67436,67439,3,,12
inbound,67425,67443,67446,3,,13
update,67429,67447,67451,4,,14
inbound,67430,67447,67451,4,,15
update,67440,67458,67461,3,,0
update,67451,67469,67472,3,,1
update,67462,67479,67483,4,,2
update,67473,67491,67494,3,,3
update,67484,67502,67506,4,,4
inbound,67485,67503,67506,3,,5
update,67495,67513,67515,2,,6
update,67506,67524,67526,2,,7
update,67517,67534,67539,5,,8
update,67528,67545,67549,4,,9
inbound,67540,67557,67560,3,,11
update,67539,67557,67561,4,,10
update,67550,67568,67571,3,,12
update,67561,67579,67581,2,,13
update,67572,67590,67593,3,,14
update,67583,67600,67603,3,,15
inbound,67595,67612,67616,4,,1
update,67594,67612,67616,4,,0
update,67605,67623,67626,3,,2
update,67616,67634,67637,3,,3
update,67627,67645,67648,3,,4
update,67638,67656,67659,3,,5
update,67649,67667,67670,3,,6
inbound,67650,67668,67671,3,,7
update,67660,67678,67681,3,,8
update,67671,67689,67692,3,,9
update,67682,67699,67702,3,,10
update,67693,67710,67713,3,,11
update,67704,67722,67725,3,,12
inbound,67705,67723,67726,3,,13
update,67715,67733,67736,3,,14
update,67726,67744,67747,3,,15
update,67737,67755,67758,3,,0
update,67748,67766,67769,3,,1
inbound,67760,67778,67780,2,,3
update,67759,67777,67781,4,,2
update,67770,67788,67791,3,,4
update,67781,67799,67802,3,,5
update,67792,67810,67813,3,,6
update,67803,67821,67824,3,,7
inbound,67815,67832,67835,3,,9
update,67814,67832,67835,3,,8
update,67825,67843,67845,2,,10
update,67836,67854,67856,2,,11
update,67847,67865,67869,4,,12
update,67858,67876,67880,4,,13
update,67869,67887,67889,2,,14
update,67880,67898,67901,3,,15
update,67891,67908,67913,5,,0
update,67902,67920,67924,4,,1
update,67913,67931,67935,4,,2
update,67924,67942,67945,3,,3
update,68000,68018,68022,4,,4
inbound,68000,68018,68025,7,,5
update,68011,68028,68032,4,,6
update,68022,68040,68044,4,,7
inbound,68025,68043,68048,5,,8
update,68033,68051,68055,4,,9
update,68044,68061,68065,4,,10
update,68055,68073,68076,3,,11
update,68066,68084,68088,4,,12
update,68077,68095,68104,9,,13
update,68088,68106,68112,6,,14
inbound,68100,68117,68123,6,,0
update,68099,68117,68124,7,,15
update,68110,68128,68131,3,,1
update,68121,68139,68142,3,,2
update,68132,68150,68153,3,,3
update,68143,68161,68165,4,,4
update,68154,68172,68176,4,,5
inbound,68155,68173,68177,4,,6
update,68165,68182,68186,4,,7
update,68176,68194,68197,3,,8
update,68187,68204,68208,4,,9
update,68198,68215,68218,3,,10
inbound,68200,68218,68223,5,,11
update,68209,68227,68231,4,,12
inbound,68210,68227,68232,5,,13
update,68220,68238,68240,2,,14
inbound,68225,68243,68246,3,,15
update,68231,68248,68252,4,,0
update,68242,68260,68264,4,,1
update,68253,68271,68273,2,,2
update,68264,68281,68285,4,,3
inbound,68265,68283,68287,4,,4
update,68275,68292,68295,3,,5
update,68286,68304,68307,3,,6
update,68297,68314,68318,4,,7
update,68308,68325,68329,4,,8
update,68319,68337,68341,4,,9
inbound,68320,68337,68341,4,,10
update,68330,68348,68351,3,,11
update,68341,68359,68362,3,,12
update,68352,68370,68373,3,,13
update,68363,68380,68383,3,,14
update,68374,68391,68396,5,,15
inbound,68375,68393,68396,3,,0
update,68385,68403,68406,3,,1
update,68396,68413,68419,6,,2
inbound,68400,68418,68421,3,,3
update,68407,68424,68427,3,,4
update,68418,68436,68439,3,,5
inbound,68425,68443,68446,3,,6
update,68429,68446,68450,4,,7
inbound,68430,68447,68451,4,,8
update,68440,68457,68460,3,,9
update,68451,68469,68472,3,,10
update,68462,68479,68482,3,,11
update,68473,68491,68494,3,,12
update,68484,68502,68505,3,,13
inbound,68485,68502,68506,4,,14
update,68495,68512,68515,3,,15
update,68506,68524,68527,3,,0
update,68517,68535,68538,3,,1
update,68528,68546,68549,3,,2
update,68539,68556,68560,4,,3
inbound,68540,68557,68561,4,,4
update,68550,68568,68571,3,,5
update,68561,68579,68582,3,,6
update,68572,68590,68593,3,,7
update,68583,68601,68605,4,,8
update,68594,68611,68615,4,,9
inbound,68595,68613,68617,4,,10
update,68605,68623,68625,2,,11
update,68616,68633,68637,4,,12
update,68627,68645,68648,3,,13
update,68638,68655,68658,3,,14
update,68649,68667,68670,3,,15
inbound,68650,68667,68671,4,,0
update,68660,68678,68681,3,,1
update,68671,68688,68691,3,,2
update,68682,68700,68703,3,,3
update,68693,68710,68713,3,,4
update,68704,68722,68726,4,,5
inbound,68705,68722,68727,5,,6
update,68715,68733,68736,3,,7
update,68726,68743,68748,5,,8
update,68737,68754,68757,3,,9
update,68748,68766,68769,3,,10
update,68759,68777,68780,3,,11
inbound,68760,68778,68783,5,,12
update,68770,68788,68791,3,,13
update,68781,68799,68802,3,,14
update,68792,68810,68813,3,,15
update,68803,68821,68824,3,,0
update,68814,68832,68836,4,,1
inbound,68815,68833,68836,3,,2
update,68825,68842,68845,3,,3
update,68836,68854,68858,4,,4
update,68847,68865,68868,3,,5
update,68858,68876,68881,5,,6
update,68869,68887,68890,3,,7
update,68880,68898,68901,3,,8
update,68891,68908,68912,4,,9
update,68902,68919,68922,3,,10
update,68913,68931,68934,3,,11
update,68924,68942,68946,4,,12
inbound,69000,69018,69021,3,,14
update,69000,69018,69021,3,,13
update,69011,69029,69032,3,,15
update,69022,69040,69043,3,,0
inbound,69025,69043,69047,4,,1
update,69033,69051,69054,3,,2
update,69044,69062,69065,3,,3
update,69055,69073,69077,4,,4
update,69066,69084,69087,3,,5
update,69077,69095,69097,2,,6
update,69088,69105,69110,5,,7
inbound,69100,69118,69123,5,,9
update,69099,69116,69125,9,,8
update,69110,69127,69131,4,,10
update,69121,69138,69142,4,,11
update,69132,69150,69154,4,,12
update,69143,69161,69164,3,,13
update,69154,69171,69175,4,,14
inbound,69155,69172,69176,4,,15
update,69165,69183,69187,4,,0
update,69176,69193,69196,3,,1
update,69187,69204,69208,4,,2
update,69198,69216,69219,3,,3
inbound,69200,69218,69222,4,,4
inbound,69210,69227,69231,4,,6
update,69209,69227,69231,4,,5
update,69220,69238,69242,4,,7
inbound,69225,69242,69248,6,,8
update,69231,69249,69253,4,,9
update,69242,69260,69264,4,,10
update,69253,69270,69276,6,,11
update,69264,69282,69286,4,,12
inbound,69265,69282,69287,5,,13
update,69275,69293,69298,5,,14
update,69286,69304,69307,3,,15
update,69297,69315,69318,3,,0
update,69308,69325,69328,3,,1
update,69319,69336,69340,4,,2
inbound,69320,69338,69341,3,,3
update,69330,69348,69351,3,,4
update,69341,69358,69362,4,,5
update,69352,69369,69373,4,,6
update,69363,69380,69384,4,,7
update,69374,69391,69395,4,,8
inbound,69375,69393,69396,3,,9
update,69385,69402,69406,4,,10
update,69396,69413,69416,3,,11
inbound,69400,69417,69421,4,,12
update,69407,69425,69428,3,,13
update,69418,69436,69439,3,,14
inbound,69425,69443,69446,3,,15
update,69429,69446,69452,6,,0
inbound,69430,69448,69452,4,,1
update,69440,69458,69462,4,,2
update,69451,69469,69472,3,,3
update,69462,69480,69483,3,,4
update,69473,69491,69494,3,,5
update,69484,69501,69505,4,,6
inbound,69485,69503,69508,5,,7
update,69495,69513,69517,4,,8
update,69506,69524,69527,3,,9
update,69517,69534,69537,3,,10
update,69528,69546,69549,3,,11
update,69539,69556,69560,4,,12
inbound,69540,69557,69561,4,,13
update,69550,69568,69570,2,,14
update,69561,69579,69582,3,,15
update,69572,69590,69593,3,,0
update,69583,69601,69604,3,,1
update,69594,69612,69615,3,,2
inbound,69595,69612,69616,4,,3
update,69605,69623,69626,3,,4
update,69616,69634,69637,3,,5
update,69627,69644,69647,3,,6
update,69638,69656,69658,2,,7
update,69649,69666,69671,5,,8
inbound,69650,69668,69672,4,,9
update,69660,69677,69680,3,,10
update,69671,69689,69692,3,,11
update,69682,69700,69703,3,,12
update,69693,69710,69714,4,,13
update,69704,69722,69726,4,,14
inbound,69705,69723,69727,4,,15
update,69715,69733,69736,3,,0
update,69726,69743,69747,4,,1
update,69737,69755,69758,3,,2
update,69748,69766,69769,3,,3
update,69759,69776,69780,4,,4
inbound,69760,69778,69781,3,,5
update,69770,69788,69791,3,,6
update,69781,69799,69802,3,,7
update,69792,69810,69814,4,,8
update,69803,69821,69824,3,,9
update,69814,69831,69835,4,,10
inbound,69815,69833,69835,2,,11
update,69825,69843,69846,3,,12
update,69836,69854,69857,3,,13
update,69847,69864,69867,3,,14
update,69858,69875,69878,3,,15
update,69869,69886,69889,3,,0
update,69880,69898,69901,3,,1
update,69891,69909,69911,2,,2
update,69902,69919,69922,3,,3
update,69913,69931,69934,3,,4
update,69924,69942,69945,3,,5
update,70000,70018,70021,3,,6
inbound,70000,70018,70022,4,,7
update,70011,70029,70032,3,,8
update,70022,70039,70042,3,,9
inbound,70025,70043,70046,3,,10
update,70033,70050,70053,3,,11
update,70044,70062,70065,3,,12
update,70055,70073,70076,3,,13
update,70066,70083,70087,4,,14
update,70077,70095,70098,3,,15
update,70088,70106,70110,4,,0
update,70099,70117,70120,3,,1
inbound,70100,70118,70123,5,,2
update,70110,70128,70131,3,,3
update,70121,70139,70142,3,,4
update,70132,70150,70152,2,,5
update,70143,70161,70164,3,,6
update,70154,70171,70174,3,,7
inbound,70155,70173,70177,4,,8
update,70165,70183,70185,2,,9
update,70176,70193,70197,4,,10
update,70187,70205,70207,2,,11
update,70198,70216,70220,4,,12
inbound,70200,70218,70222,4,,13
inbound,70210,70228,70230,2,,15
update,70209,70226,70231,5,,14
update,70220,70237,70241,4,,0
inbound,70225,70243,70247,4,,1
update,70231,70249,70253,4,,2
update,70242,70260,70262,2,,3
update,70253,70271,70274,3,,4
update,70264,70281,70285,4,,5
inbound,70265,70283,70286,3,,6
update,70275,70293,70296,3,,7
update,70286,70303,70307,4,,8
update,70297,70314,70317,3,,9
update,70308,70325,70329,4,,10
inbound,70320,70337,70341,4,,12
update,70319,70337,70341,4,,11
update,70330,70348,70351,3,,13
update,70341,70359,70362,3,,14
update,70352,70369,70372,3,,15
update,70363,70380,70383,3,,0
update,70374,70392,70395,3,,1
inbound,70375,70393,70396,3,,2
update,70385,70402,70405,3,,3
update,70396,70414,70417,3,,4
inbound,70400,70418,70421,3,,5
update,70407,70425,70428,3,,6
update,70418,70435,70438,3,,7
inbound,70425,70443,70446,3,,8
update,70429,70446,70450,4,,9
inbound,70430,70448,70451,3,,10
update,70440,70457,70461,4,,11
update,70451,70469,70472,3,,12
update,70462,70480,70483,3,,13
update,70473,70491,70494,3,,14
update,70484,70502,70506,4,,15
inbound,70485,70503,70507,4,,0
update,70495,70513,70516,3,,1
update,70506,70523,70526,3,,2
update,70517,70535,70537,2,,3
update,70528,70546,70549,3,,4
update,70539,70556,70561,5,,5
inbound,70540,70557,70563,6,,6
update,70550,70568,70571,3,,7
update,70561,70578,70581,3,,8
update,70572,70589,70592,3,,9
update,70583,70600,70603,3,,10
update,70594,70612,70615,3,,11
inbound,70595,70613,70616,3,,12
update,70605,70623,70625,2,,13
update,70616,70634,70637,3,,14
update,70627,70644,70647,3,,15
update,70638,70656,70659,3,,0
update,70649,70667,70670,3,,1
inbound,70650,70668,70672,4,,2
update,70660,70678,70681,3,,3
update,70671,70689,70692,3,,4
update,70682,70700,70703,3,,5
update,70693,70710,70713,3,,6
update,70704,70722,70725,3,,7
inbound,70705,70723,70726,3,,8
update,70715,70733,70736,3,,9
update,70726,70744,70747,3,,10
update,70737,70754,70757,3,,11
update,70748,70766,70769,3,,12
update,70759,70777,70780,3,,13
inbound,70760,70778,70781,3,,14
update,70770,70788,70791,3,,15
update,70781,70799,70802,3,,0
update,70792,70810,70813,3,,1
update,70803,70821,70824,3,,2
update,70814,70832,70836,4,,3
inbound,70815,70832,70836,4,,4
update,70825,70843,70846,3,,5
update,70836,70853,70857,4,,6
update,70847,70865,70868,3,,7
update,70858,70876,70879,3,,8
update,70869,70887,70890,3,,9
update,70880,70898,70902,4,,10
update,70891,70909,70912,3,,11
update,70902,70920,70923,3,,12
update,70913,70931,70934,3,,13
update,70924,70942,70945,3,,14
inbound,71000,71018,71021,3,,0
update,71000,71018,71021,3,,15
update,71011,71029,71032,3,,1
update,71022,71040,71043,3,,2
inbound,71025,71043,71046,3,,3
update,71033,71051,71053,2,,4
update,71044,71062,71064,2,,5
update,71055,71073,71075,2,,6
update,71066,71084,71087,3,,7
update,71077,71095,71098,3,,8
update,71088,71106,71109,3,,9
update,71099,71117,71124,7,,10
inbound,71100,71117,71126,9,,11
update,71110,71128,71131,3,,12
update,71121,71139,71142,3,,13
update,71132,71150,71153,3,,14
update,71143,71160,71163,3,,15
update,71154,71172,71175,3,,0
inbound,71155,71173,71176,3,,1
update,71165,71182,71185,3,,2
update,71176,71194,71197,3,,3
update,71187,71205,71208,3,,4
update,71198,71216,71219,3,,5
inbound,71200,71218,71220,2,,6
update,71209,71226,71229,3,,7
inbound,71210,71228,71230,2,,8
update,71220,71237,71240,3,,9
inbound,71225,71243,71245,2,,10
update,71231,71249,71252,3,,11
update,71242,71260,71262,2,,12
update,71253,71271,71273,2,,13
update,71264,71281,71284,3,,14
inbound,71265,71283,71286,3,,15
update,71275,71293,71295,2,,0
update,71286,71304,71306,2,,1
update,71297,71315,71317,2,,2
update,71308,71326,71328,2,,3
update,71319,71337,71340,3,,4
inbound,71320,71338,71341,3,,5
update,71330,71348,71350,2,,6
update,71341,71359,71361,2,,7
update,71352,71369,71372,3,,8
update,71363,71381,71384,3,,9
update,71374,71392,71395,3,,10
inbound,71375,71393,71396,3,,11
update,71385,71403,71406,3,,12
update,71396,71414,71417,3,,13
inbound,71400,71418,71420,2,,14
update,71407,71425,71427,2,,15
update,71418,71435,71438,3,,0
inbound,71425,71442,71445,3,,1
update,71429,71447,71450,3,,2
inbound,71430,71448,71451,3,,3
update,71440,71458,71461,3,,4
update,71451,71468,71471,3,,5
update,71462,71479,71483,4,,6
update,71473,71491,71494,3,,7
update,71484,71502,71505,3,,8
inbound,71485,71503,71506,3,,9
update,71495,71513,71517,4,,10
update,71506,71523,71526,3,,11
update,71517,71535,71538,3,,12
update,71528,71546,71549,3,,13
inbound,71540,71558,71561,3,,15
update,71539,71557,71561,4,,14
update,71550,71568,71571,3,,0
update,71561,71578,71581,3,,1
update,71572,71590,71593,3,,2
update,71583,71601,71603,2,,3
update,71594,71611,71614,3,,4
inbound,71595,71613,71615,2,,5
update,71605,71623,71625,2,,6
update,71616,71634,71637,3,,7
update,71627,71645,71649,4,,8
update,71638,71656,71658,2,,9
update,71649,71667,71670,3,,10
inbound,71650,71668,71671,3,,11
update,71660,71678,71681,3,,12
update,71671,71689,71691,2,,13
update,71682,71700,71702,2,,14
update,71693,71710,71713,3,,15
update,71704,71722,71724,2,,0
inbound,71705,71723,71726,3,,1
update,71715,71733,71736,3,,2
update,71726,71744,71746,2,,3
update,71737,71755,71757,2,,4
update,71748,71766,71768,2,,5
update,71759,71776,71779,3,,6
inbound,71760,71778,71780,2,,7
update,71770,71788,71791,3,,8
update,71781,71799,71802,3,,9
update,71792,71810,71813,3,,10
update,71803,71821,71823,2,,11
inbound,71815,71832,71835,3,,13
update,71814,71832,71836,4,,12
update,71825,71843,71845,2,,14
update,71836,71854,71856,2,,15
update,71847,71865,71867,2,,0
update,71858,71876,71878,2,,1
update,71869,71886,71889,3,,2
update,71880,71897,71901,4,,3
update,71891,71909,71911,2,,4
update,71902,71919,71922,3,,5
update,71913,71931,71933,2,,6
update,71924,71942,71945,3,,7
update,72000,72018,72022,4,,8
inbound,72000,72018,72022,4,,9
update,72011,72029,72032,3,,10
update,72022,72039,72043,4,,11
inbound,72025,72044,72046,2,,12
update,72033,72051,72056,5,,13
update,72044,72062,72065,3,,14
update,72055,72074,72076,2,,15
update,72066,72085,72087,2,,0
update,72077,72096,72099,3,,1
update,72088,72107,72110,3,,2
inbound,72100,72119,72123,4,,4
update,72099,72119,72126,7,,3
update,72110,72128,72135,7,,5
update,72121,72140,72144,4,,6
update,72132,72150,72154,4,,7
update,72143,72162,72166,4,,8
update,72154,72173,72176,3,,9
inbound,72155,72174,72179,5,,10
update,72165,72184,72187,3,,11
update,72176,72195,72198,3,,12
update,72187,72206,72209,3,,13
update,72198,72217,72220,3,,14
inbound,72200,72219,72222,3,,15
update,72209,72227,72231,4,,0
inbound,72210,72229,72231,2,,1
update,72220,72239,72242,3,,2
inbound,72225,72243,72246,3,,3
update,72231,72250,72252,2,,4
update,72242,72261,72263,2,,5
update,72253,72272,72278,6,,6
update,72264,72282,72286,4,,7
inbound,72265,72283,72287,4,,8
update,72275,72294,72298,4,,9
update,72286,72304,72309,5,,10
update,72297,72316,72320,4,,11
update,72308,72327,72330,3,,12
update,72319,72337,72341,4,,13
inbound,72320,72339,72343,4,,14
update,72330,72349,72352,3,,15
update,72341,72360,72363,3,,0
update,72352,72370,72374,4,,1
update,72363,72382,72386,4,,2
update,72374,72393,72396,3,,3
inbound,72375,72394,72397,3,,4
update,72385,72403,72406,3,,5
update,72396,72415,72418,3,,6
inbound,72400,72419,72422,3,,7
update,72407,72426,72430,4,,8
update,72418,72437,72440,3,,9
inbound,72425,72444,72447,3,,10
update,72429,72448,72451,3,,11
inbound,72430,72448,72452,4,,12
update,72440,72459,72462,3,,13
update,72451,72470,72473,3,,14
update,72462,72480,72483,3,,15
update,72473,72492,72499,7,,0
update,72484,72503,72506,3,,1
inbound,72485,72504,72508,4,,2
update,72495,72513,72516,3,,3
update,72506,72525,72528,3,,4
update,72517,72536,72539,3,,5
update,72528,72547,72550,3,,6
update,72539,72557,72561,4,,7
inbound,72540,72559,72563,4,,8
update,72550,72568,72571,3,,9
update,72561,72580,72583,3,,10
update,72572,72591,72595,4,,11
update,72583,72602,72607,5,,12
update,72594,72612,72615,3,,13
inbound,72595,72613,72617,4,,14
update,72605,72623,72627,4,,15
update,72616,72635,72638,3,,0
update,72627,72646,72649,3,,1
update,72638,72657,72660,3,,2
inbound,72650,72668,72671,3,,4
update,72649,72668,72672,4,,3
update,72660,72678,72682,4,,5
update,72671,72689,72692,3,,6
update,72682,72700,72703,3,,7
update,72693,72711,72715,4,,8
update,72704,72723,72727,4,,9
inbound,72705,72724,72728,4,,10
update,72715,72734,72737,3,,11
update,72726,72745,72747,2,,12
update,72737,72756,72760,4,,13
update,72748,72766,72769,3,,14
update,72759,72777,72781,4,,15
inbound,72760,72779,72781,2,,0
update,72770,72789,72792,3,,1
update,72781,72800,72804,4,,2
update,72792,72811,72814,3,,3
update,72803,72822,72827,5,,4
update,72814,72833,72838,5,,5
inbound,72815,72834,72838,4,,6
update,72825,72844,72847,3,,7
update,72836,72855,72858,3,,8
update,72847,72866,72869,3,,9
update,72858,72877,72880,3,,10
update,72869,72888,72890,2,,11
update,72880,72898,72902,4,,12
update,72891,72910,72915,5,,13
update,72902,72921,72923,2,,14
update,72913,72932,72935,3,,15
update,72924,72943,72946,3,,0
update,73000,73019,73022,3,,1
inbound,73000,73019,73022,3,,2
update,73011,73030,73032,2,,3
update,73022,73041,73045,4,,4
inbound,73025,73043,73047,4,,5
update,73033,73052,73054,2,,6
update,73044,73062,73065,3,,7
update,73055,73074,73077,3,,8
update,73066,73085,73088,3,,9
update,73077,73096,73099,3,,10
update,73088,73107,73109,2,,11
update,73099,73117,73121,4,,12
inbound,73100,73118,73122,4,,13
update,73110,73129,73134,5,,14
update,73121,73140,73144,4,,15
update,73132,73151,73155,4,,0
update,73143,73161,73165,4,,1
update,73154,73173,73176,3,,2
inbound,73155,73174,73180,6,,3
update,73165,73184,73189,5,,4
update,73176,73195,73199,4,,5
update,73187,73206,73209,3,,6
update,73198,73216,73219,3,,7
inbound,73200,73219,73223,4,,8
update,73209,73228,73231,3,,9
inbound,73210,73229,73233,4,,10
update,73220,73239,73242,3,,11
inbound,73225,73244,73246,2,,12
update,73231,73250,73253,3,,13
update,73242,73260,73264,4,,14
update,73253,73271,73274,3,,15
update,73264,73283,73287,4,,0
inbound,73265,73284,73287,3,,1
update,73275,73294,73296,2,,2
update,73286,73305,73309,4,,3
update,73297,73315,73319,4,,4
update,73308,73326,73329,3,,5
update,73319,73338,73343,5,,6
inbound,73320,73339,73343,4,,7
update,73330,73349,73351,2,,8
update,73341,73359,73363,4,,9
update,73352,73370,73374,4,,10
update,73363,73382,73384,2,,11
update,73374,73393,73396,3,,12
inbound,73375,73394,73398,4,,13
update,73385,73404,73406,2,,14
update,73396,73415,73418,3,,15
inbound,73400,73419,73422,3,,0
update,73407,73426,73429,3,,1
update,73418,73436,73440,4,,2
inbound,73425,73444,73451,7,,3
inbound,73430,73448,73452,4,,5
update,73429,73448,73454,6,,4
update,73440,73459,73462,3,,6
update,73451,73470,73473,3,,7
update,73462,73481,73484,3,,8
update,73473,73491,73495,4,,9
inbound,73485,73504,73509,5,,11
update,73484,73502,73509,7,,10
update,73495,73514,73517,3,,12
update,73506,73525,73528,3,,13
update,73517,73536,73539,3,,14
update,73528,73546,73551,5,,15
update,73539,73557,73562,5,,0
inbound,73540,73558,73565,7,,1
update,73550,73569,73572,3,,2
update,73561,73579,73582,3,,3
update,73572,73590,73593,3,,4
update,73583,73602,73605,3,,5
update,73594,73613,73616,3,,6
inbound,73595,73614,73618,4,,7
update,73605,73624,73627,3,,8
update,73616,73635,73637,2,,9
update,73627,73645,73648,3,,10
update,73638,73657,73660,3,,11
update,73649,73667,73671,4,,12
inbound,73650,73669,73672,3,,13
update,73660,73679,73682,3,,14
update,73671,73690,73693,3,,15
update,73682,73701,73704,3,,0
update,73693,73712,73715,3,,1
update,73704,73723,73726,3,,2
inbound,73705,73724,73727,3,,3
update,73715,73734,73737,3,,4
update,73726,73745,73748,3,,5
update,73737,73755,73758,3,,6
update,73748,73767,73770,3,,7
inbound,73760,73779,73781,2,,9
update,73759,73778,73781,3,,8
update,73770,73789,73791,2,,10
update,73781,73799,73803,4,,11
update,73792,73811,73814,3,,12
update,73803,73822,73825,3,,13
update,73814,73832,73835,3,,14
inbound,73815,73834,73837,3,,15
update,73825,73844,73846,2,,0
update,73836,73855,73858,3,,1
update,73847,73866,73868,2,,2
update,73858,73877,73880,3,,3
update,73869,73888,73891,3,,4
update,73880,73899,73902,3,,5
update,73891,73910,73914,4,,6
update,73902,73921,73924,3,,7
update,73913,73932,73934,2,,8
update,73924,73943,73945,2,,9
update,74000,74019,74022,3,,10
inbound,74000,74019,74023,4,,11
update,74011,74030,74033,3,,12
update,74022,74041,74043,2,,13
inbound,74025,74043,74047,4,,14
update,74033,74052,74055,3,,15
update,74044,74062,74066,4,,0
update,74055,74074,74077,3,,1
update,74066,74085,74088,3,,2
update,74077,74096,74099,3,,3
update,74088,74106,74109,3,,4
update,74099,74118,74121,3,,5
inbound,74100,74119,74121,2,,6
update,74110,74129,74131,2,,7
update,74121,74139,74144,5,,8
update,74132,74151,74154,3,,9
update,74143,74162,74165,3,,10
update,74154,74173,74176,3,,11
inbound,74155,74174,74177,3,,12
update,74165,74184,74187,3,,13
update,74176,74195,74198,3,,14
update,74187,74206,74209,3,,15
update,74198,74216,74221,5,,0
inbound,74200,74218,74222,4,,1
update,74209,74228,74231,3,,2
inbound,74210,74229,74232,3,,3
update,74220,74238,74242,4,,4
inbound,74225,74244,74247,3,,5
update,74231,74250,74254,4,,6
update,74242,74261,74263,2,,7
update,74253,74272,74275,3,,8
update,74264,74282,74285,3,,9
inbound,74265,74283,74286,3,,10
update,74275,74293,74296,3,,11
update,74286,74304,74307,3,,12
update,74297,74315,74318,3,,13
update,74308,74327,74330,3,,14
update,74319,74338,74341,3,,15
inbound,74320,74339,74343,4,,0
update,74330,74349,74352,3,,1
update,74341,74360,74362,2,,2
update,74352,74371,74373,2,,3
update,74363,74382,74385,3,,4
update,74374,74393,74396,3,,5
inbound,74375,74394,74397,3,,6
update,74385,74403,74406,3,,7
update,74396,74415,74418,3,,8
inbound,74400,74419,74422,3,,9
update,74407,74426,74429,3,,10
update,74418,74437,74440,3,,11
inbound,74425,74444,74447,3,,12
update,74429,74448,74451,3,,13
inbound,74430,74449,74452,3,,14
update,74440,74459,74461,2,,15
update,74451,74469,74472,3,,0
update,74462,74480,74483,3,,1
update,74473,74492,74495,3,,2
update,74484,74503,74507,4,,3
inbound,74485,74504,74508,4,,4
update,74495,74514,74517,3,,5
update,74506,74524,74527,3,,6
update,74517,74536,74539,3,,7
update,74528,74547,74550,3,,8
update,74539,74558,74561,3,,9
inbound,74540,74559,74562,3,,10
update,74550,74568,74572,4,,11
update,74561,74580,74583,3,,12
update,74572,74591,74594,3,,13
update,74583,74602,74605,3,,14
update,74594,74613,74616,3,,15
inbound,74595,74614,74619,5,,0
update,74605,74624,74626,2,,1
update,74616,74635,74638,3,,2
update,74627,74646,74648,2,,3
update,74638,74656,74659,3,,4
update,74649,74667,74670,3,,5
inbound,74650,74668,74671,3,,6
update,74660,74679,74682,3,,7
update,74671,74689,74692,3,,8
update,74682,74701,74703,2,,9
update,74693,74712,74714,2,,10
update,74704,74722,74725,3,,11
inbound,74705,74723,74727,4,,12
update,74715,74734,74736,2,,13
update,74726,74744,74747,3,,14
update,74737,74756,74758,2,,15
update,74748,74767,74770,3,,0
update,74759,74777,74781,4,,1
inbound,74760,74779,74781,2,,2
update,74770,74788,74792,4,,3
update,74781,74800,74803,3,,4
update,74792,74811,74814,3,,5
update,74803,74822,74825,3,,6
update,74814,74832,74836,4,,7
inbound,74815,74834,74836,2,,8
update,74825,74844,74846,2,,9
update,74836,74855,74858,3,,10
update,74847,74865,74868,3,,11
update,74858,74876,74879,3,,12
update,74869,74887,74890,3,,13
update,74880,74899,74901,2,,14
update,74891,74910,74913,3,,15
update,74902,74921,74924,3,,0
update,74913,74932,74935,3,,1
update,74924,74943,74946,3,,2
update,75000,75018,75021,3,,3
inbound,75000,75018,75022,4,,4
update,75011,75030,75032,2,,5
update,75022,75041,75044,3,,6
inbound,75025,75044,75046,2,,7
update,75033,75051,75054,3,,8
update,75044,75063,75065,2,,9
update,75055,75074,75077,3,,10
update,75066,75085,75088,3,,11
update,75077,75096,75099,3,,12
update,75088,75107,75110,3,,13
update,75099,75118,75121,3,,14
inbound,75100,75119,75122,3,,15
update,75110,75129,75132,3,,0
update,75121,75140,75145,5,,1
update,75132,75150,75153,3,,2
update,75143,75162,75164,2,,3
update,75154,75173,75176,3,,4
inbound,75155,75174,75177,3,,5
update,75165,75184,75187,3,,6
update,75176,75195,75198,3,,7
update,75187,75206,75209,3,,8
update,75198,75217,75220,3,,9
inbound,75200,75218,75222,4,,10
update,75209,75228,75233,5,,11
inbound,75210,75228,75233,5,,12
update,75220,75239,75242,3,,13
inbound,75225,75243,75246,3,,14
update,75231,75250,75253,3,,15
update,75242,75261,75264,3,,0
update,75253,75272,75275,3,,1
update,75264,75283,75286,3,,2
inbound,75265,75284,75288,4,,3
update,75275,75294,75297,3,,4
update,75286,75305,75308,3,,5
update,75297,75315,75318,3,,6
update,75308,75327,75330,3,,7
update,75319,75338,75343,5,,8
inbound,75320,75339,75344,5,,9
update,75330,75349,75352,3,,10
update,75341,75360,75363,3,,11
update,75352,75371,75373,2,,12
update,75363,75382,75385,3,,13
update,75374,75393,75397,4,,14
inbound,75375,75394,75398,4,,15
update,75385,75404,75406,2,,0
update,75396,75415,75418,3,,1
inbound,75400,75419,75421,2,,2
update,75407,75426,75428,2,,3
update,75418,75436,75439,3,,4
inbound,75425,75443,75446,3,,5
update,75429,75447,75451,4,,6
inbound,75430,75449,75452,3,,7
update,75440,75459,75462,3,,8
update,75451,75469,75472,3,,9
update,75462,75481,75484,3,,10
update,75473,75492,75495,3,,11
update,75484,75503,75507,4,,12
inbound,75485,75503,75507,4,,13
update,75495,75514,75516,2,,14
update,75506,75525,75527,2,,15
update,75517,75536,75538,2,,0
update,75528,75546,75549,3,,1
update,75539,75557,75561,4,,2
inbound,75540,75559,75562,3,,3
update,75550,75569,75572,3,,4
update,75561,75580,75583,3,,5
update,75572,75591,75594,3,,6
update,75583,75602,75605,3,,7
inbound,75595,75613,75616,3,,9
update,75594,75613,75616,3,,8
update,75605,75624,75626,2,,10
update,75616,75634,75637,3,,11
update,75627,75646,75649,3,,12
update,75638,75657,75660,3,,13
update,75649,75668,75672,4,,14
inbound,75650,75668,75672,4,,15
update,75660,75678,75681,3,,0
update,75671,75689,75693,4,,1
update,75682,75701,75704,3,,2
update,75693,75712,75715,3,,3
update,75704,75723,75726,3,,4
inbound,75705,75724,75727,3,,5
update,75715,75734,75737,3,,6
update,75726,75745,75748,3,,7
update,75737,75756,75759,3,,8
update,75748,75767,75771,4,,9
inbound,75760,75779,75781,2,,11
update,75759,75778,75782,4,,10
update,75770,75789,75792,3,,12
update,75781,75800,75804,4,,13
update,75792,75811,75815,4,,14
update,75803,75821,75825,4,,15
update,75814,75832,75836,4,,0
inbound,75815,75834,75838,4,,1
update,75825,75844,75847,3,,2
update,75836,75855,75858,3,,3
update,75847,75866,75870,4,,4
update,75858,75877,75881,4,,5
update,75869,75888,75893,5,,6
update,75880,75899,75901,2,,7
update,75891,75909,75912,3,,8
update,75902,75921,75924,3,,9
update,75913,75931,75934,3,,10
update,75924,75943,75946,3,,11
update,76000,76019,76023,4,,12
inbound,76000,76019,76023,4,,13
update,76011,76030,76032,2,,14
update,76022,76040,76043,3,,15
inbound,76025,76044,76047,3,,0
update,76033,76052,76055,3,,1
update,76044,76063,76066,3,,2
update,76055,76074,76077,3,,3
update,76066,76085,76089,4,,4
update,76077,76095,76099,4,,5
update,76088,76107,76109,2,,6
update,76099,76117,76121,4,,7
inbound,76100,76119,76122,3,,8
update,76110,76129,76132,3,,9
update,76121,76140,76142,2,,10
update,76132,76150,76155,5,,11
update,76143,76162,76164,2,,12
update,76154,76173,76176,3,,13
inbound,76155,76174,76178,4,,14
update,76165,76184,76187,3,,15
update,76176,76195,76198,3,,0
update,76187,76206,76209,3,,1
update,76198,76216,76221,5,,2
inbound,76200,76218,76222,4,,3
update,76209,76228,76231,3,,4
inbound,76210,76229,76233,4,,5
update,76220,76239,76242,3,,6
inbound,76225,76243,76247,4,,7
update,76231,76250,76253,3,,8
update,76242,76261,76264,3,,9
update,76253,76272,76276,4,,10
update,76264,76283,76286,3,,11
inbound,76265,76284,76288,4,,12
update,76275,76294,76297,3,,13
update,76286,76305,76308,3,,14
update,76297,76316,76319,3,,15
update,76308,76327,76330,3,,0
update,76319,76338,76341,3,,1
inbound,76320,76339,76343,4,,2
update,76330,76349,76351,2,,3
update,76341,76360,76363,3,,4
update,76352,76371,76374,3,,5
update,76363,76382,76384,2,,6
update,76374,76393,76396,3,,7
inbound,76375,76394,76398,4,,8
update,76385,76403,76406,3,,9
update,76396,76414,76417,3,,10
inbound,76400,76419,76422,3,,11
update,76407,76425,76428,3,,12
update,76418,76437,76440,3,,13
inbound,76425,76444,76447,3,,14
update,76429,76448,76452,4,,15
inbound,76430,76448,76452,4,,0
update,76440,76459,76462,3,,1
update,76451,76470,76473,3,,2
update,76462,76481,76484,3,,3
update,76473,76492,76495,3,,4
update,76484,76502,76506,4,,5
inbound,76485,76503,76507,4,,6
update,76495,76513,76516,3,,7
update,76506,76525,76528,3,,8
update,76517,76536,76538,2,,9
update,76528,76547,76550,3,,10
update,76539,76557,76561,4,,11
inbound,76540,76559,76562,3,,12
update,76550,76569,76572,3,,13
update,76561,76579,76582,3,,14
update,76572,76591,76594,3,,15
update,76583,76602,76605,3,,0
update,76594,76613,76618,5,,1
inbound,76595,76614,76618,4,,2
update,76605,76624,76627,3,,3
update,76616,76634,76637,3,,4
update,76627,76646,76649,3,,5
update,76638,76657,76659,2,,6
update,76649,76668,76671,3,,7
inbound,76650,76669,76672,3,,8
update,76660,76679,76681,2,,9
update,76671,76689,76692,3,,10
update,76682,76700,76704,4,,11
update,76693,76712,76715,3,,12
update,76704,76723,76727,4,,13
inbound,76705,76724,76728,4,,14
update,76715,76733,76737,4,,15
update,76726,76745,76748,3,,0
update,76737,76756,76760,4,,1
update,76748,76767,76770,3,,2
update,76759,76778,76782,4,,3
inbound,76760,76779,76782,3,,4
update,76770,76789,76792,3,,5
update,76781,76800,76803,3,,6
update,76792,76811,76814,3,,7
update,76803,76822,76824,2,,8
update,76814,76832,76836,4,,9
inbound,76815,76833,76836,3,,10
update,76825,76843,76847,4,,11
update,76836,76854,76857,3,,12
update,76847,76865,76868,3,,13
update,76858,76876,76880,4,,14
update,76869,76887,76891,4,,15
update,76880,76899,76902,3,,0
update,76891,76910,76913,3,,1
update,76902,76921,76925,4,,2
update,76913,76932,76936,4,,3
update,76924,76943,76946,3,,4
inbound,77000,77019,77024,5,,6
update,77000,77019,77024,5,,5
update,77011,77030,77033,3,,7
update,77022,77041,77045,4,,8
inbound,77025,77044,77047,3,,9
update,77033,77051,77054,3,,10
update,77044,77062,77065,3,,11
update,77055,77073,77076,3,,12
update,77066,77085,77091,6,,13
update,77077,77096,77099,3,,14
update,77088,77107,77110,3,,15
update,77099,77118,77124,6,,0
inbound,77100,77118,77126,8,,1
update,77110,77129,77132,3,,2
update,77121,77140,77143,3,,3
update,77132,77152,77158,6,,4
update,77143,77161,77166,5,,5
update,77154,77173,77180,7,,6
inbound,77155,77174,77182,8,,7
update,77165,77183,77187,4,,8
update,77176,77195,77200,5,,9
update,77187,77206,77215,9,,10
update,77198,77218,77227,9,,11
inbound,77200,77222,77231,9,,12
update,77209,77227,77235,8,,13
inbound,77210,77228,77236,8,,14
update,77220,77239,77242,3,,15
inbound,77225,77244,77247,3,,0
update,77231,77250,77255,5,,1
update,77242,77261,77264,3,,2
update,77253,77272,77274,2,,3
update,77264,77282,77286,4,,4
inbound,77265,77283,77287,4,,5
update,77275,77294,77297,3,,6
update,77286,77305,77308,3,,7
update,77297,77316,77319,3,,8
update,77308,77327,77330,3,,9
update,77319,77338,77341,3,,10
inbound,77320,77339,77343,4,,11
update,77330,77349,77351,2,,12
update,77341,77360,77363,3,,13
update,77352,77371,77374,3,,14
update,77363,77382,77384,2,,15
update,77374,77393,77396,3,,0
inbound,77375,77394,77398,4,,1
update,77385,77403,77406,3,,2
update,77396,77415,77417,2,,3
inbound,77400,77419,77422,3,,4
update,77407,77426,77429,3,,5
update,77418,77436,77442,6,,6
inbound,77425,77443,77446,3,,7
update,77429,77448,77452,4,,8
inbound,77430,77449,77452,3,,9
update,77440,77459,77462,3,,10
update,77451,77469,77472,3,,11
update,77462,77481,77484,3,,12
update,77473,77492,77494,2,,13
update,77484,77502,77506,4,,14
inbound,77485,77504,77507,3,,15
update,77495,77514,77517,3,,0
update,77506,77524,77528,4,,1
update,77517,77536,77539,3,,2
update,77528,77547,77549,2,,3
update,77539,77558,77560,2,,4
inbound,77540,77559,77562,3,,5
update,77550,77568,77571,3,,6
update,77561,77579,77582,3,,7
update,77572,77591,77594,3,,8
update,77583,77602,77605,3,,9
update,77594,77612,77616,4,,10
inbound,77595,77613,77617,4,,11
update,77605,77624,77627,3,,12
update,77616,77635,77638,3,,13
update,77627,77645,77648,3,,14
update,77638,77657,77660,3,,15
update,77649,77668,77671,3,,0
inbound,77650,77669,77672,3,,1
update,77660,77679,77682,3,,2
update,77671,77689,77692,3,,3
update,77682,77701,77704,3,,4
update,77693,77712,77715,3,,5
update,77704,77723,77726,3,,6
inbound,77705,77724,77727,3,,7
update,77715,77734,77736,2,,8
update,77726,77745,77748,3,,9
update,77737,77756,77758,2,,10
update,77748,77767,77770,3,,11
update,77759,77778,77781,3,,12
inbound,77760,77779,77781,2,,13
update,77770,77789,77792,3,,14
update,77781,77800,77803,3,,15
update,77792,77811,77814,3,,0
update,77803,77822,77825,3,,1
update,77814,77833,77837,4,,2
inbound,77815,77834,77837,3,,3
update,77825,77843,77846,3,,4
update,77836,77855,77858,3,,5
update,77847,77866,77868,2,,6
update,77858,77877,77880,3,,7
update,77869,77888,77891,3,,8
update,77880,77898,77902,4,,9
update,77891,77910,77913,3,,10
update,77902,77921,77925,4,,11
update,77913,77932,77935,3,,12
update,77924,77943,77946,3,,13
update,78000,78018,78023,5,,14
inbound,78000,78018,78023,5,,15
update,78011,78030,78033,3,,0
update,78022,78041,78044,3,,1
inbound,78025,78044,78047,3,,2
update,78033,78052,78054,2,,3
update,78044,78063,78065,2,,4
update,78055,78074,78077,3,,5
update,78066,78084,78087,3,,6
update,78077,78096,78099,3,,7
update,78088,78107,78110,3,,8
update,78099,78118,78122,4,,9
inbound,78100,78118,78122,4,,10
update,78110,78129,78131,2,,11
update,78121,78140,78142,2,,12
update,78132,78151,78154,3,,13
update,78143,78162,78166,4,,14
update,78154,78173,78176,3,,15
inbound,78155,78174,78178,4,,0
update,78165,78183,78186,3,,1
update,78176,78195,78197,2,,2
update,78187,78205,78208,3,,3
update,78198,78216,78219,3,,4
inbound,78200,78219,78221,2,,5
update,78209,78227,78231,4,,6
inbound,78210,78229,78232,3,,7
update,78220,78239,78242,3,,8
inbound,78225,78243,78246,3,,9
update,78231,78250,78253,3,,10
update,78242,78261,78264,3,,11
update,78253,78272,78276,4,,12
update,78264,78283,78286,3,,13
inbound,78265,78284,78287,3,,14
update,78275,78294,78297,3,,15
update,78286,78305,78307,2,,0
update,78297,78315,78318,3,,1
update,78308,78327,78329,2,,2
update,78319,78338,78341,3,,3
inbound,78320,78339,78342,3,,4
update,78330,78348,78351,3,,5
update,78341,78359,78362,3,,6
update,78352,78371,78374,3,,7
update,78363,78382,78385,3,,8
update,78374,78393,78396,3,,9
inbound,78375,78394,78397,3,,10
update,78385,78404,78407,3,,11
update,78396,78415,78418,3,,12
inbound,78400,78419,78421,2,,13
update,78407,78426,78429,3,,14
update,78418,78437,78440,3,,15
inbound,78425,78444,78447,3,,0
update,78429,78447,78450,3,,1
inbound,78430,78448,78452,4,,2
update,78440,78459,78462,3,,3
update,78451,78469,78472,3,,4
update,78462,78480,78483,3,,5
update,78473,78492,78495,3,,6
update,78484,78503,78507,4,,7
inbound,78485,78504,78508,4,,8
update,78495,78514,78517,3,,9
update,78506,78525,78528,3,,10
update,78517,78536,78538,2,,11
update,78528,78546,78549,3,,12
update,78539,78558,78560,2,,13
inbound,78540,78559,78562,3,,14
update,78550,78569,78571,2,,15
update,78561,78579,78582,3,,0
update,78572,78590,78593,3,,1
update,78583,78601,78604,3,,2
update,78594,78613,78616,3,,3
inbound,78595,78614,78617,3,,4
update,78605,78623,78626,3,,5
update,78616,78634,78637,3,,6
update,78627,78646,78649,3,,7
update,78638,78657,78660,3,,8
update,78649,78668,78671,3,,9
inbound,78650,78668,78672,4,,10
update,78660,78679,78681,2,,11
update,78671,78690,78693,3,,12
update,78682,78700,78703,3,,13
update,78693,78711,78714,3,,14
update,78704,78722,78726,4,,15
inbound,78705,78723,78727,4,,0
update,78715,78733,78736,3,,1
update,78726,78745,78747,2,,2
update,78737,78755,78759,4,,3
update,78748,78767,78770,3,,4
update,78759,78777,78780,3,,5
inbound,78760,78779,78780,1,,6
update,78770,78789,78791,2,,7
update,78781,78799,78802,3,,8
update,78792,78810,78813,3,,9
update,78803,78821,78824,3,,10
update,78814,78832,78836,4,,11
inbound,78815,78834,78837,3,,12
update,78825,78844,78847,3,,13
update,78836,78854,78857,3,,14
update,78847,78866,78869,3,,15
update,78858,78877,78880,3,,0
update,78869,78887,78890,3,,1
update,78880,78899,78902,3,,2
update,78891,78909,78912,3,,3
update,78902,78921,78924,3,,4
update,78913,78931,78934,3,,5
update,78924,78943,78945,2,,6
update,79000,79019,79022,3,,7
inbound,79000,79019,79022,3,,8
update,79011,79030,79032,2,,9
update,79022,79041,79043,2,,10
inbound,79025,79043,79046,3,,11
update,79033,79052,79055,3,,12
update,79044,79063,79066,3,,13
update,79055,79074,79079,5,,14
update,79066,79085,79088,3,,15
update,79077,79096,79100,4,,0
update,79088,79107,79111,4,,1
update,79099,79118,79121,3,,2
inbound,79100,79119,79122,3,,3
update,79110,79128,79131,3,,4
update,79121,79140,79143,3,,5
update,79132,79151,79154,3,,6
update,79143,79162,79165,3,,7
update,79154,79172,79176,4,,8
inbound,79155,79173,79178,5,,9
update,79165,79184,79186,2,,10
update,79176,79195,79198,3,,11
update,79187,79206,79208,2,,12
update,79198,79217,79220,3,,13
inbound,79200,79219,79222,3,,14
update,79209,79228,79231,3,,15
inbound,79210,79229,79232,3,,0
update,79220,79238,79241,3,,1
inbound,79225,79244,79247,3,,2
update,79231,79250,79252,2,,3
update,79242,79261,79263,2,,4
update,79253,79272,79274,2,,5
update,79264,79283,79286,3,,6
inbound,79265,79284,79287,3,,7
update,79275,79294,79298,4,,8
update,79286,79305,79308,3,,9
update,79297,79315,79318,3,,10
update,79308,79327,79332,5,,11
update,79319,79338,79341,3,,12
inbound,79320,79339,79342,3,,13
update,79330,79349,79352,3,,14
update,79341,79360,79362,2,,15
update,79352,79371,79373,2,,0
update,79363,79382,79384,2,,1
update,79374,79392,79396,4,,2
inbound,79375,79394,79397,3,,3
update,79385,79404,79407,3,,4
update,79396,79415,79418,3,,5
inbound,79400,79419,79421,2,,6
update,79407,79426,79428,2,,7
update,79418,79436,79439,3,,8
inbound,79425,79444,79447,3,,9
update,79429,79448,79451,3,,10
inbound,79430,79449,79452,3,,11
update,79440,79459,79462,3,,12
update,79451,79470,79473,3,,13
update,79462,79481,79484,3,,14
update,79473,79492,79494,2,,15
update,79484,79502,79506,4,,0
inbound,79485,79504,79507,3,,1
update,79495,79514,79516,2,,2
update,79506,79524,79527,3,,3
update,79517,79536,79539,3,,4
update,79528,79547,79550,3,,5
update,79539,79558,79561,3,,6
inbound,79540,79559,79562,3,,7
update,79550,79569,79572,3,,8
update,79561,79580,79582,2,,9
update,79572,79591,79593,2,,10
update,79583,79602,79605,3,,11
update,79594,79613,79616,3,,12
inbound,79595,79613,79616,3,,13
update,79605,79624,79626,2,,14
update,79616,79635,79637,2,,15
update,79627,79645,79648,3,,0
update,79638,79657,79659,2,,1
update,79649,79667,79671,4,,2
inbound,79650,79669,79672,3,,3
update,79660,79679,79682,3,,4
update,79671,79690,79692,2,,5
update,79682,79701,79703,2,,6
update,79693,79711,79714,3,,7
update,79704,79723,79725,2,,8
inbound,79705,79724,79727,3,,9
update,79715,79734,79736,2,,10
update,79726,79745,79747,2,,11
update,79737,79755,79758,3,,12
update,79748,79766,79769,3,,13
inbound,79760,79778,79781,3,,15
update,79759,79777,79781,4,,14
update,79770,79789,79792,3,,0
update,79781,79800,79803,3,,1
update,79792,79811,79814,3,,2
update,79803,79822,79825,3,,3
update,79814,79832,79835,3,,4
inbound,79815,79833,79836,3,,5
update,79825,79844,79847,3,,6
update,79836,79855,79858,3,,7
update,79847,79866,79869,3,,8
update,79858,79877,79880,3,,9
update,79869,79888,79891,3,,10
update,79880,79899,79902,3,,11
update,79891,79910,79913,3,,12
update,79902,79921,79924,3,,13
update,79913,79931,79934,3,,14
update,79924,79943,79946,3,,15
update,80000,80019,80022,3,,0
inbound,80000,80023,80026,3,,1
update,80011,80030,80033,3,,2
update,80022,80041,80043,2,,3
inbound,80025,80048,80051,3,,4
update,80033,80051,80055,4,,5
update,80044,80063,80066,3,,6
update,80055,80074,80077,3,,7
update,80066,80085,80087,2,,8
update,80077,80096,80099,3,,9
update,80088,80107,80110,3,,10
update,80099,80117,80120,3,,11
inbound,80100,80123,80126,3,,12
update,80110,80128,80131,3,,13
update,80121,80139,80142,3,,14
update,80132,80151,80153,2,,15
update,80143,80161,80166,5,,0
update,80154,80173,80177,4,,1
inbound,80155,80180,80183,3,,2
update,80165,80183,80186,3,,3
update,80176,80194,80197,3,,4
update,80187,80206,80209,3,,5
update,80198,80216,80219,3,,6
inbound,80200,80223,80226,3,,7
update,80209,80228,80231,3,,8
inbound,80210,80233,80236,3,,9
update,80220,80239,80242,3,,10
inbound,80225,80249,80252,3,,11
update,80231,80250,80253,3,,12
update,80242,80260,80263,3,,13
update,80253,80272,80275,3,,14
update,80264,80282,80286,4,,15
inbound,80265,80289,80292,3,,0
update,80275,80293,80296,3,,1
update,80286,80305,80307,2,,2
update,80297,80315,80318,3,,3
update,80308,80327,80330,3,,4
update,80319,80338,80341,3,,5
inbound,80320,80344,80347,3,,6
update,80330,80348,80352,4,,7
update,80341,80359,80363,4,,8
update,80352,80370,80373,3,,9
update,80363,80382,80385,3,,10
update,80374,80393,80396,3,,11
inbound,80375,80399,80402,3,,12
update,80385,80403,80406,3,,13
update,80396,80415,80418,3,,14
inbound,80400,80424,80427,3,,15
update,80407,80426,80429,3,,0
update,80418,80437,80440,3,,1
update,80429,80448,80451,3,,2
inbound,80425,80449,80452,3,,3
inbound,80430,80454,80456,2,,4
update,80440,80459,80462,3,,5
update,80451,80469,80472,3,,6
update,80462,80481,80484,3,,7
update,80473,80492,80495,3,,8
update,80484,80503,80507,4,,9
inbound,80485,80509,80513,4,,10
update,80495,80514,80517,3,,11
update,80506,80525,80528,3,,12
update,80517,80535,80538,3,,13
update,80528,80547,80550,3,,14
update,80539,80558,80561,3,,15
inbound,80540,80563,80566,3,,0
update,80550,80569,80572,3,,1
update,80561,80580,80582,2,,2
update,80572,80590,80593,3,,3
update,80583,80601,80604,3,,4
update,80594,80613,80616,3,,5
inbound,80595,80619,80622,3,,6
update,80605,80623,80626,3,,7
update,80616,80635,80638,3,,8
update,80627,80646,80649,3,,9
update,80638,80657,80660,3,,10
update,80649,80667,80670,3,,11
inbound,80650,80674,80676,2,,12
update,80660,80679,80682,3,,13
update,80671,80690,80693,3,,14
update,80682,80700,80703,3,,15
update,80693,80711,80714,3,,0
update,80704,80723,80725,2,,1
inbound,80705,80729,80732,3,,2
update,80715,80733,80736,3,,3
update,80726,80745,80748,3,,4
update,80737,80756,80759,3,,5
update,80748,80767,80770,3,,6
update,80759,80778,80781,3,,7
inbound,80760,80783,80785,2,,8
update,80770,80788,80791,3,,9
update,80781,80800,80802,2,,10
update,80792,80811,80814,3,,11
update,80803,80821,80824,3,,12
update,80814,80833,80837,4,,13
inbound,80815,80839,80841,2,,14
update,80825,80844,80846,2,,15
update,80836,80855,80857,2,,0
update,80847,80866,80868,2,,1
update,80858,80877,80880,3,,2
update,80869,80887,80890,3,,3
update,80880,80899,80902,3,,4
update,80891,80909,80912,3,,5
update,80902,80921,80923,2,,6
update,80913,80932,80935,3,,7
update,80924,80943,80947,4,,8
inbound,81000,81024,81026,2,,10
update,81000,81024,81028,4,,9
update,81011,81035,81038,3,,11
update,81022,81046,81048,2,,12
inbound,81025,81048,81051,3,,13
update,81033,81056,81059,3,,14
update,81044,81068,81071,3,,15
update,81055,81079,81081,2,,0
update,81066,81090,81093,3,,1
update,81077,81101,81105,4,,2
update,81088,81111,81114,3,,3
update,81099,81123,81126,3,,4
inbound,81100,81123,81127,4,,5
update,81110,81134,81137,3,,6
update,81121,81145,81148,3,,7
update,81132,81156,81160,4,,8
update,81143,81167,81170,3,,9
update,81154,81177,81184,7,,10
inbound,81155,81179,81185,6,,11
update,81165,81189,81192,3,,12
update,81176,81199,81203,4,,13
update,81187,81211,81213,2,,14
update,81198,81222,81225,3,,15
inbound,81200,81224,81228,4,,0
update,81209,81233,81237,4,,1
inbound,81210,81234,81238,4,,2
update,81220,81243,81246,3,,3
inbound,81225,81248,81251,3,,4
update,81231,81254,81257,3,,5
update,81242,81265,81268,3,,6
update,81253,81277,81280,3,,7
inbound,81265,81288,81291,3,,9
update,81264,81288,81292,4,,8
update,81275,81299,81301,2,,10
update,81286,81310,81312,2,,11
update,81297,81321,81324,3,,12
update,81308,81331,81334,3,,13
update,81319,81343,81346,3,,14
inbound,81320,81344,81347,3,,15
update,81330,81354,81357,3,,0
update,81341,81364,81368,4,,1
update,81352,81376,81379,3,,2
update,81363,81387,81389,2,,3
inbound,81375,81398,81402,4,,5
update,81374,81398,81402,4,,4
update,81385,81408,81411,3,,6
update,81396,81420,81423,3,,7
inbound,81400,81424,81427,3,,8
update,81407,81431,81433,2,,9
update,81418,81441,81445,4,,10
inbound,81425,81449,81452,3,,11
update,81429,81453,81456,3,,12
inbound,81430,81454,81457,3,,13
update,81440,81464,81467,3,,14
update,81451,81474,81478,4,,15
update,81462,81486,81488,2,,0
update,81473,81496,81502,6,,1
update,81484,81508,81511,3,,2
inbound,81485,81509,81512,3,,3
update,81495,81519,81521,2,,4
update,81506,81529,81532,3,,5
update,81517,81541,81544,3,,6
update,81528,81552,81557,5,,7
update,81539,81563,81566,3,,8
inbound,81540,81564,81568,4,,9
update,81550,81574,81578,4,,10
update,81561,81585,81591,6,,11
update,81572,81595,81602,7,,12
update,81583,81607,81611,4,,13
update,81594,81618,81627,9,,14
inbound,81595,81619,81628,9,,15
update,81605,81628,81631,3,,0
update,81616,81640,81643,3,,1
update,81627,81651,81655,4,,2
update,81638,81662,81665,3,,3
update,81649,81672,81675,3,,4
inbound,81650,81674,81678,4,,5
update,81660,81684,81686,2,,6
update,81671,81695,81698,3,,7
update,81682,81706,81709,3,,8
update,81693,81716,81720,4,,9
update,81704,81727,81730,3,,10
inbound,81705,81728,81733,5,,11
update,81715,81739,81742,3,,12
update,81726,81750,81753,3,,13
update,81737,81760,81763,3,,14
update,81748,81772,81775,3,,15
inbound,81760,81784,81786,2,,1
update,81759,81782,81786,4,,0
update,81770,81793,81796,3,,2
update,81781,81805,81807,2,,3
update,81792,81816,81818,2,,4
update,81803,81827,81830,3,,5
update,81814,81838,81841,3,,6
inbound,81815,81839,81842,3,,7
update,81825,81849,81851,2,,8
update,81836,81860,81863,3,,9
update,81847,81870,81874,4,,10
update,81858,81882,81885,3,,11
update,81869,81893,81896,3,,12
update,81880,81903,81906,3,,13
update,81891,81915,81918,3,,14
update,81902,81926,81929,3,,15
update,81913,81936,81939,3,,0
update,81924,81948,81951,3,,1
inbound,82000,82023,82027,4,,3
update,82000,82023,82027,4,,2
update,82011,82034,82038,4,,4
update,82022,82046,82050,4,,5
inbound,82025,82048,82052,4,,6
update,82033,82057,82059,2,,7
update,82044,82068,82070,2,,8
update,82055,82079,82082,3,,9
update,82066,82089,82092,3,,10
update,82077,82100,82103,3,,11
update,82088,82112,82115,3,,12
update,82099,82123,82126,3,,13
inbound,82100,82124,82129,5,,14
update,82110,82134,82137,3,,15
update,82121,82145,82147,2,,0
update,82132,82156,82159,3,,1
update,82143,82167,82170,3,,2
update,82154,82178,82182,4,,3
inbound,82155,82178,82183,5,,4
update,82165,82188,82192,4,,5
update,82176,82200,82203,3,,6
update,82187,82211,82213,2,,7
update,82198,82221,82224,3,,8
inbound,82200,82224,82227,3,,9
update,82209,82232,82235,3,,10
inbound,82210,82233,82237,4,,11
update,82220,82243,82246,3,,12
inbound,82225,82249,82251,2,,13
update,82231,82255,82258,3,,14
update,82242,82266,82269,3,,15
update,82253,82277,82280,3,,0
update,82264,82288,82291,3,,1
inbound,82265,82289,82292,3,,2
update,82275,82299,82302,3,,3
update,82286,82310,82312,2,,4
update,82297,82321,82324,3,,5
update,82308,82331,82334,3,,6
update,82319,82343,82348,5,,7
inbound,82320,82344,82349,5,,8
update,82330,82354,82357,3,,9
update,82341,82364,82367,3,,10
update,82352,82375,82379,4,,11
update,82363,82386,82390,4,,12
update,82374,82397,82401,4,,13
inbound,82375,82399,82402,3,,14
update,82385,82409,82412,3,,15
update,82396,82420,82423,3,,0
inbound,82400,82424,82426,2,,1
update,82407,82431,82434,3,,2
update,82418,82442,82445,3,,3
inbound,82425,82448,82451,3,,4
update,82429,82452,82456,4,,5
inbound,82430,82454,82457,3,,6
update,82440,82464,82466,2,,7
update,82451,82474,82477,3,,8
update,82462,82486,82489,3,,9
update,82473,82496,82500,4,,10
update,82484,82507,82510,3,,11
inbound,82485,82509,82512,3,,12
update,82495,82519,82521,2,,13
update,82506,82530,82533,3,,14
update,82517,82541,82544,3,,15
update,82528,82552,82555,3,,0
update,82539,82563,82566,3,,1
inbound,82540,82563,82567,4,,2
update,82550,82574,82577,3,,3
update,82561,82585,82588,3,,4
update,82572,82596,82600,4,,5
update,82583,82607,82610,3,,6
update,82594,82618,82621,3,,7
inbound,82595,82618,82622,4,,8
update,82605,82629,82631,2,,9
update,82616,82640,82643,3,,10
update,82627,82651,82653,2,,11
update,82638,82662,82665,3,,12
update,82649,82673,82676,3,,13
inbound,82650,82674,82677,3,,14
update,82660,82684,82688,4,,15
update,82671,82694,82698,4,,0
update,82682,82705,82710,5,,1
update,82693,82715,82718,3,,2
update,82704,82726,82730,4,,3
inbound,82705,82728,82731,3,,4
update,82715,82738,82741,3,,5
update,82726,82749,82752,3,,6
update,82737,82760,82762,2,,7
update,82748,82770,82773,3,,8
update,82759,82782,82786,4,,9
inbound,82760,82783,82786,3,,10
update,82770,82792,82795,3,,11
update,82781,82804,82807,3,,12
update,82792,82814,82817,3,,13
update,82803,82826,82828,2,,14
inbound,82815,82838,82842,4,,0
update,82814,82837,82843,6,,15
update,82825,82847,82851,4,,1
update,82836,82859,82862,3,,2
update,82847,82870,82874,4,,3
update,82858,82881,82883,2,,4
update,82869,82892,82894,2,,5
update,82880,82903,82905,2,,6
update,82891,82914,82916,2,,7
update,82902,82924,82928,4,,8
update,82913,82936,82939,3,,9
update,82924,82947,82950,3,,10
inbound,83000,83023,83026,3,,12
update,83000,83023,83026,3,,11
update,83011,83034,83039,5,,13
update,83022,83045,83047,2,,14
inbound,83025,83048,83051,3,,15
update,83033,83056,83059,3,,0
update,83044,83067,83070,3,,1
update,83055,83078,83080,2,,2
update,83066,83089,83091,2,,3
update,83077,83100,83102,2,,4
update,83088,83110,83113,3,,5
update,83099,83122,83125,3,,6
inbound,83100,83123,83125,2,,7
update,83110,83133,83136,3,,8
update,83121,83144,83146,2,,9
update,83132,83154,83157,3,,10
update,83143,83166,83169,3,,11
update,83154,83177,83181,4,,12
inbound,83155,83179,83183,4,,13
update,83165,83188,83190,2,,14
update,83176,83199,83203,4,,15
update,83187,83210,83212,2,,0
update,83198,83221,83226,5,,1
inbound,83200,83223,83227,4,,2
update,83209,83232,83236,4,,3
inbound,83210,83233,83237,4,,4
update,83220,83243,83245,2,,5
inbound,83225,83248,83251,3,,6
update,83231,83254,83257,3,,7
update,83242,83265,83268,3,,8
update,83253,83276,83278,2,,9
update,83264,83287,83290,3,,10
inbound,83265,83288,83291,3,,11
update,83275,83298,83301,3,,12
update,83286,83309,83312,3,,13
update,83297,83320,83323,3,,14
update,83308,83331,83333,2,,15
update,83319,83342,83345,3,,0
inbound,83320,83343,83346,3,,1
update,83330,83353,83356,3,,2
update,83341,83363,83368,5,,3
update,83352,83375,83379,4,,4
update,83363,83386,83389,3,,5
update,83374,83396,83400,4,,6
inbound,83375,83398,83401,3,,7
update,83385,83408,83411,3,,8
update,83396,83419,83422,3,,9
inbound,83400,83423,83425,2,,10
update,83407,83429,83432,3,,11
update,83418,83440,83443,3,,12
inbound,83425,83448,83451,3,,13
inbound,83430,83452,83455,3,,15
update,83429,83452,83456,4,,14
update,83440,83463,83466,3,,0
update,83451,83474,83477,3,,1
update,83462,83485,83488,3,,2
update,83473,83496,83499,3,,3
update,83484,83507,83510,3,,4
inbound,83485,83508,83511,3,,5
update,83495,83517,83520,3,,6
update,83506,83529,83532,3,,7
update,83517,83540,83542,2,,8
update,83528,83551,83553,2,,9
update,83539,83562,83564,2,,10
inbound,83540,83563,83566,3,,11
update,83550,83573,83576,3,,12
update,83561,83584,83587,3,,13
update,83572,83594,83597,3,,14
update,83583,83606,83608,2,,15
update,83594,83616,83619,3,,0
inbound,83595,83618,83621,3,,1
update,83605,83628,83631,3,,2
update,83616,83639,83642,3,,3
update,83627,83650,83653,3,,4
update,83638,83661,83664,3,,5
update,83649,83672,83675,3,,6
inbound,83650,83674,83678,4,,7
update,83660,83683,83685,2,,8
update,83671,83694,83696,2,,9
update,83682,83704,83707,3,,10
update,83693,83716,83719,3,,11
update,83704,83727,83730,3,,12
inbound,83705,83728,83731,3,,13
update,83715,83738,83741,3,,14
update,83726,83748,83751,3,,15
update,83737,83759,83762,3,,0
update,83748,83770,83773,3,,1
inbound,83760,83782,83784,2,,3
update,83759,83782,83785,3,,2
update,83770,83792,83795,3,,4
update,83781,83804,83807,3,,5
update,83792,83815,83818,3,,6
update,83803,83826,83829,3,,7
inbound,83815,83838,83840,2,,9
update,83814,83837,83840,3,,8
update,83825,83848,83850,2,,10
update,83836,83859,83861,2,,11
update,83847,83870,83873,3,,12
update,83858,83881,83884,3,,13
update,83869,83892,83894,2,,14
update,83880,83902,83905,3,,15
update,83891,83914,83917,3,,0
update,83902,83925,83928,3,,1
update,83913,83936,83939,3,,2
update,83924,83947,83950,3,,3
inbound,84000,84022,84025,3,,5
update,84000,84022,84026,4,,4
update,84011,84034,84037,3,,6
update,84022,84044,84047,3,,7
inbound,84025,84047,84050,3,,8
update,84033,84056,84058,2,,9
update,84044,84067,84070,3,,10
update,84055,84077,84081,4,,11
update,84066,84089,84092,3,,12
update,84077,84099,84102,3,,13
update,84088,84111,84114,3,,14
update,84099,84121,84124,3,,15
inbound,84100,84122,84126,4,,0
update,84110,84133,84136,3,,1
update,84121,84143,84146,3,,2
update,84132,84155,84158,3,,3
update,84143,84166,84169,3,,4
update,84154,84177,84181,4,,5
inbound,84155,84178,84181,3,,6
update,84165,84188,84192,4,,7
update,84176,84198,84203,5,,8
update,84187,84209,84212,3,,9
update,84198,84220,84225,5,,10
inbound,84200,84222,84226,4,,11
inbound,84210,84232,84235,3,,13
update,84209,84232,84236,4,,12
update,84220,84242,84245,3,,14
inbound,84225,84247,84250,3,,15
update,84231,84254,84257,3,,0
update,84242,84265,84268,3,,1
update,84253,84276,84279,3,,2
update,84264,84287,84290,3,,3
inbound,84265,84288,84292,4,,4
update,84275,84298,84301,3,,5
update,84286,84309,84312,3,,6
update,84297,84320,84323,3,,7
update,84308,84330,84333,3,,8
update,84319,84342,84344,2,,9
inbound,84320,84344,84347,3,,10
update,84330,84353,84356,3,,11
update,84341,84364,84367,3,,12
update,84352,84375,84378,3,,13
update,84363,84386,84390,4,,14
update,84374,84397,84400,3,,15
inbound,84375,84398,84401,3,,0
update,84385,84407,84410,3,,1
update,84396,84418,84421,3,,2
inbound,84400,84423,84426,3,,3
update,84407,84429,84432,3,,4
update,84418,84441,84444,3,,5
inbound,84425,84448,84450,2,,6
update,84429,84452,84455,3,,7
inbound,84430,84453,84456,3,,8
update,84440,84462,84466,4,,9
update,84451,84474,84476,2,,10
update,84462,84485,84488,3,,11
update,84473,84496,84498,2,,12
update,84484,84506,84510,4,,13
inbound,84485,84508,84511,3,,14
update,84495,84518,84521,3,,15
update,84506,84529,84531,2,,0
update,84517,84540,84543,3,,1
update,84528,84550,84553,3,,2
update,84539,84561,84564,3,,3
inbound,84540,84562,84566,4,,4
update,84550,84573,84576,3,,5
update,84561,84584,84586,2,,6
update,84572,84595,84598,3,,7
update,84583,84606,84609,3,,8
update,84594,84617,84620,3,,9
inbound,84595,84618,84622,4,,10
update,84605,84627,84630,3,,11
update,84616,84639,84642,3,,12
update,84627,84650,84653,3,,13
update,84638,84661,84664,3,,14
update,84649,84672,84676,4,,15
inbound,84650,84672,84677,5,,0
update,84660,84682,84685,3,,1
update,84671,84694,84697,3,,2
update,84682,84705,84708,3,,3
update,84693,84716,84718,2,,4
update,84704,84727,84730,3,,5
inbound,84705,84728,84732,4,,6
update,84715,84738,84741,3,,7
update,84726,84749,84752,3,,8
update,84737,84759,84762,3,,9
update,84748,84770,84773,3,,10
inbound,84760,84783,84785,2,,12
update,84759,84782,84785,3,,11
update,84770,84793,84795,2,,13
update,84781,84803,84806,3,,14
update,84792,84815,84818,3,,15
update,84803,84825,84828,3,,0
update,84814,84837,84840,3,,1
inbound,84815,84838,84840,2,,2
update,84825,84848,84850,2,,3
update,84836,84859,84862,3,,4
update,84847,84870,84873,3,,5
update,84858,84881,84883,2,,6
update,84869,84892,84895,3,,7
update,84880,84903,84908,5,,8
update,84891,84914,84917,3,,9
update,84902,84924,84927,3,,10
update,84913,84936,84939,3,,11
update,84924,84947,84949,2,,12
update,85000,85022,85025,3,,13
inbound,85000,85022,85025,3,,14
update,85011,85034,85037,3,,15
update,85022,85045,85048,3,,0
inbound,85025,85047,85050,3,,1
update,85033,85056,85059,3,,2
update,85044,85067,85069,2,,3
update,85055,85077,85080,3,,4
update,85066,85088,85091,3,,5
update,85077,85100,85103,3,,6
update,85088,85111,85114,3,,7
update,85099,85121,85124,3,,8
inbound,85100,85122,85128,6,,9
update,85110,85133,85136,3,,10
update,85121,85143,85146,3,,11
update,85132,85155,85157,2,,12
update,85143,85165,85168,3,,13
update,85154,85178,85181,3,,14
inbound,85155,85178,85182,4,,15
update,85165,85187,85193,6,,0
update,85176,85200,85204,4,,1
update,85187,85210,85213,3,,2
update,85198,85221,85224,3,,3
inbound,85200,85222,85226,4,,4
update,85209,85232,85235,3,,5
inbound,85210,85233,85241,8,,6
update,85220,85243,85246,3,,7
inbound,85225,85248,85251,3,,8
update,85231,85254,85258,4,,9
update,85242,85264,85268,4,,10
update,85253,85275,85278,3,,11
update,85264,85287,85291,4,,12
inbound,85265,85288,85291,3,,13
update,85275,85298,85301,3,,14
update,85286,85309,85312,3,,15
update,85297,85321,85324,3,,0
update,85308,85331,85334,3,,1
update,85319,85342,85347,5,,2
inbound,85320,85343,85348,5,,3
update,85330,85353,85356,3,,4
update,85341,85364,85367,3,,5
update,85352,85375,85378,3,,6
update,85363,85385,85389,4,,7
inbound,85375,85398,85402,4,,9
update,85374,85397,85402,5,,8
update,85385,85407,85410,3,,10
update,85396,85419,85422,3,,11
inbound,85400,85423,85427,4,,12
update,85407,85430,85435,5,,13
update,85418,85440,85443,3,,14
inbound,85425,85447,85451,4,,15
update,85429,85452,85456,4,,0
inbound,85430,85452,85456,4,,1
update,85440,85463,85466,3,,2
update,85451,85474,85477,3,,3
update,85462,85485,85489,4,,4
update,85473,85496,85499,3,,5
update,85484,85507,85510,3,,6
inbound,85485,85508,85511,3,,7
update,85495,85518,85520,2,,8
update,85506,85529,85532,3,,9
update,85517,85540,85543,3,,10
update,85528,85550,85553,3,,11
update,85539,85562,85565,3,,12
inbound,85540,85563,85566,3,,13
update,85550,85573,85576,3,,14
update,85561,85584,85587,3,,15
update,85572,85595,85598,3,,0
update,85583,85606,85608,2,,1
update,85594,85616,85620,4,,2
inbound,85595,85617,85621,4,,3
update,85605,85628,85631,3,,4
update,85616,85638,85641,3,,5
update,85627,85650,85653,3,,6
update,85638,85661,85664,3,,7
update,85649,85672,85675,3,,8
inbound,85650,85673,85676,3,,9
update,85660,85683,85685,2,,10
update,85671,85693,85697,4,,11
update,85682,85704,85707,3,,12
update,85693,85716,85720,4,,13
update,85704,85727,85730,3,,14
inbound,85705,85728,85731,3,,15
update,85715,85739,85741,2,,0
update,85726,85749,85752,3,,1
update,85737,85760,85762,2,,2
update,85748,85771,85774,3,,3
inbound,85760,85783,85785,2,,5
update,85759,85782,85785,3,,4
update,85770,85793,85795,2,,6
update,85781,85804,85807,3,,7
update,85792,85815,85818,3,,8
update,85803,85826,85829,3,,9
inbound,85815,85838,85840,2,,11
update,85814,85836,85841,5,,10
update,85825,85847,85851,4,,12
update,85836,85858,85862,4,,13
update,85847,85870,85873,3,,14
update,85858,85880,85884,4,,15
update,85869,85891,85896,5,,0
update,85880,85903,85906,3,,1
update,85891,85915,85920,5,,2
update,85902,85924,85927,3,,3
update,85913,85935,85940,5,,4
update,85924,85946,85949,3,,5
inbound,86000,86023,86026,3,,7
update,86000,86023,86027,4,,6
update,86011,86033,86037,4,,8
update,86022,86045,86048,3,,9
inbound,86025,86048,86050,2,,10
update,86033,86056,86059,3,,11
update,86044,86067,86070,3,,12
update,86055,86078,86081,3,,13
update,86066,86089,86092,3,,14
update,86077,86100,86103,3,,15
update,86088,86111,86114,3,,0
update,86099,86121,86124,3,,1
inbound,86100,86123,86126,3,,2
update,86110,86133,86136,3,,3
update,86121,86144,86147,3,,4
update,86132,86155,86158,3,,5
update,86143,86166,86169,3,,6
update,86154,86176,86179,3,,7
inbound,86155,86178,86181,3,,8
update,86165,86189,86191,2,,9
update,86176,86199,86204,5,,10
update,86187,86210,86213,3,,11
update,86198,86221,86225,4,,12
inbound,86200,86223,86226,3,,13
update,86209,86232,86235,3,,14
inbound,86210,86233,86236,3,,15
update,86220,86244,86246,2,,0
inbound,86225,86248,86251,3,,1
update,86231,86254,86257,3,,2
update,86242,86264,86267,3,,3
update,86253,86276,86279,3,,4
update,86264,86286,86289,3,,5
inbound,86265,86288,86292,4,,6
update,86275,86297,86300,3,,7
update,86286,86309,86311,2,,8
update,86297,86320,86322,2,,9
update,86308,86331,86334,3,,10
update,86319,86342,86345,3,,11
inbound,86320,86343,86346,3,,12
update,86330,86352,86356,4,,13
update,86341,86364,86367,3,,14
update,86352,86376,86379,3,,15
update,86363,86386,86389,3,,0
update,86374,86397,86401,4,,1
inbound,86375,86398,86401,3,,2
update,86385,86409,86412,3,,3
update,86396,86419,86421,2,,4
inbound,86400,86423,86425,2,,5
update,86407,86429,86433,4,,6
update,86418,86441,86444,3,,7
inbound,86425,86448,86451,3,,8
update,86429,86452,86455,3,,9
inbound,86430,86454,86457,3,,10
update,86440,86463,86465,2,,11
update,86451,86474,86476,2,,12
update,86462,86485,86488,3,,13
update,86473,86496,86499,3,,14
update,86484,86507,86509,2,,15
inbound,86485,86508,86511,3,,0
update,86495,86518,86521,3,,1
update,86506,86530,86532,2,,2
update,86517,86540,86544,4,,3
update,86528,86551,86554,3,,4
update,86539,86561,86565,4,,5
inbound,86540,86562,86567,5,,6
update,86550,86572,86575,3,,7
update,86561,86584,86587,3,,8
update,86572,86596,86599,3,,9
update,86583,86606,86609,3,,10
update,86594,86617,86619,2,,11
inbound,86595,86618,86621,3,,12
update,86605,86629,86632,3,,13
update,86616,86639,86642,3,,14
update,86627,86650,86653,3,,15
update,86638,86660,86663,3,,0
update,86649,86672,86677,5,,1
inbound,86650,86673,86678,5,,2
update,86660,86683,86685,2,,3
update,86671,86694,86697,3,,4
update,86682,86705,86707,2,,5
update,86693,86716,86719,3,,6
update,86704,86727,86730,3,,7
inbound,86705,86728,86731,3,,8
update,86715,86738,86740,2,,9
update,86726,86749,86752,3,,10
update,86737,86759,86762,3,,11
update,86748,86770,86774,4,,12
update,86759,86782,86785,3,,13
inbound,86760,86783,86785,2,,14
update,86770,86793,86796,3,,15
update,86781,86804,86807,3,,0
update,86792,86815,86818,3,,1
update,86803,86825,86828,3,,2
update,86814,86837,86841,4,,3
inbound,86815,86839,86841,2,,4
update,86825,86848,86851,3,,5
update,86836,86859,86861,2,,6
update,86847,86870,86873,3,,7
update,86858,86881,86884,3,,8
update,86869,86893,86896,3,,9
update,86880,86904,86908,4,,10
update,86891,86914,86917,3,,11
update,86902,86925,86928,3,,12
update,86913,86936,86939,3,,13
update,86924,86947,86950,3,,14
update,87000,87023,87027,4,,15
inbound,87000,87023,87027,4,,0
update,87011,87035,87038,3,,1
update,87022,87046,87048,2,,2
inbound,87025,87048,87051,3,,3
update,87033,87056,87059,3,,4
update,87044,87068,87071,3,,5
update,87055,87078,87081,3,,6
update,87066,87089,87092,3,,7
update,87077,87101,87105,4,,8
update,87088,87111,87113,2,,9
update,87099,87121,87125,4,,10
inbound,87100,87123,87126,3,,11
update,87110,87133,87136,3,,12
update,87121,87144,87147,3,,13
update,87132,87154,87157,3,,14
update,87143,87165,87168,3,,15
update,87154,87177,87180,3,,0
inbound,87155,87177,87180,3,,1
update,87165,87189,87191,2,,2
update,87176,87198,87201,3,,3
update,87187,87209,87212,3,,4
update,87198,87220,87223,3,,5
inbound,87200,87223,87225,2,,6
update,87209,87232,87236,4,,7
inbound,87210,87234,87237,3,,8
update,87220,87244,87248,4,,9
inbound,87225,87247,87251,4,,10
update,87231,87254,87257,3,,11
update,87242,87266,87269,3,,12
update,87253,87276,87280,4,,13
update,87264,87287,87291,4,,14
inbound,87265,87288,87291,3,,15
update,87275,87298,87300,2,,0
update,87286,87309,87313,4,,1
update,87297,87320,87323,3,,2
update,87308,87331,87335,4,,3
update,87319,87342,87346,4,,4
inbound,87320,87343,87349,6,,5
update,87330,87353,87358,5,,6
update,87341,87364,87368,4,,7
update,87352,87376,87378,2,,8
update,87363,87387,87389,2,,9
update,87374,87397,87400,3,,10
inbound,87375,87398,87401,3,,11
update,87385,87408,87411,3,,12
update,87396,87419,87422,3,,13
inbound,87400,87423,87425,2,,14
update,87407,87430,87432,2,,15
update,87418,87440,87443,3,,0
inbound,87425,87449,87451,2,,1
update,87429,87451,87454,3,,2
inbound,87430,87452,87455,3,,3
update,87440,87463,87466,3,,4
update,87451,87474,87477,3,,5
update,87462,87486,87489,3,,6
update,87473,87497,87500,3,,7
inbound,87485,87508,87511,3,,9
update,87484,87508,87511,3,,8
update,87495,87518,87521,3,,10
update,87506,87529,87532,3,,11
update,87517,87540,87543,3,,12
update,87528,87552,87555,3,,13
update,87539,87562,87565,3,,14
inbound,87540,87563,87566,3,,15
update,87550,87573,87576,3,,0
update,87561,87584,87586,2,,1
update,87572,87595,87597,2,,2
update,87583,87607,87609,2,,3
update,87594,87617,87619,2,,4
inbound,87595,87618,87621,3,,5
update,87605,87628,87630,2,,6
update,87616,87639,87642,3,,7
update,87627,87651,87654,3,,8
update,87638,87661,87664,3,,9
update,87649,87672,87674,2,,10
inbound,87650,87674,87677,3,,11
update,87660,87684,87686,2,,12
update,87671,87694,87696,2,,13
update,87682,87706,87709,3,,14
update,87693,87716,87718,2,,15
update,87704,87728,87730,2,,0
inbound,87705,87728,87731,3,,1
update,87715,87738,87740,2,,2
update,87726,87750,87753,3,,3
update,87737,87760,87762,2,,4
update,87748,87771,87773,2,,5
inbound,87760,87783,87784,1,,7
update,87759,87783,87786,3,,6
update,87770,87793,87796,3,,8
update,87781,87805,87808,3,,9
update,87792,87815,87817,2,,10
update,87803,87827,87829,2,,11
inbound,87815,87839,87840,1,,13
update,87814,87837,87841,4,,12
update,87825,87849,87852,3,,14
update,87836,87860,87862,2,,15
update,87847,87871,87873,2,,0
update,87858,87881,87883,2,,1
update,87869,87893,87895,2,,2
update,87880,87904,87907,3,,3
update,87891,87914,87917,3,,4
update,87902,87925,87928,3,,5
update,87913,87935,87938,3,,6
update,87924,87947,87949,2,,7
update,88000,88023,88026,3,,8
inbound,88000,88023,88027,4,,9
update,88011,88034,88037,3,,10
update,88022,88045,88048,3,,11
inbound,88025,88048,88052,4,,12
update,88033,88056,88059,3,,13
update,88044,88068,88071,3,,14
update,88055,88079,88082,3,,15
update,88066,88089,88091,2,,0
update,88077,88100,88103,3,,1
update,88088,88112,88115,3,,2
update,88099,88122,88127,5,,3
inbound,88100,88123,88128,5,,4
update,88110,88133,88136,3,,5
update,88121,88144,88147,3,,6
update,88132,88155,88158,3,,7
update,88143,88167,88170,3,,8
update,88154,88178,88182,4,,9
inbound,88155,88178,88182,4,,10
update,88165,88189,88191,2,,11
update,88176,88199,88201,2,,12
update,88187,88210,88214,4,,13
update,88198,88221,88225,4,,14
inbound,88200,88223,88227,4,,15
inbound,88210,88232,88236,4,,1
update,88209,88232,88236,4,,0
update,88220,88243,88247,4,,2
inbound,88225,88248,88251,3,,3
update,88231,88255,88258,3,,4
update,88242,88266,88269,3,,5
update,88253,88276,88279,3,,6
inbound,88265,88287,88290,3,,8
update,88264,88287,88292,5,,7
update,88275,88298,88301,3,,9
update,88286,88310,88312,2,,10
update,88297,88321,88324,3,,11
update,88308,88331,88335,4,,12
update,88319,88342,88345,3,,13
inbound,88320,88343,88347,4,,14
update,88330,88353,88356,3,,15
update,88341,88364,88367,3,,0
update,88352,88374,88377,3,,1
update,88363,88386,88389,3,,2
update,88374,88397,88400,3,,3
inbound,88375,88398,88403,5,,4
update,88385,88408,88411,3,,5
update,88396,88419,88422,3,,6
inbound,88400,88422,88427,5,,7
update,88407,88431,88434,3,,8
update,88418,88442,88445,3,,9
inbound,88425,88448,88451,3,,10
update,88429,88451,88455,4,,11
inbound,88430,88452,88456,4,,12
update,88440,88463,88466,3,,13
update,88451,88473,88476,3,,14
update,88462,88485,88488,3,,15
update,88473,88497,88501,4,,0
update,88484,88506,88510,4,,1
inbound,88485,88509,88512,3,,2
update,88495,88519,88522,3,,3
update,88506,88529,88531,2,,4
update,88517,88541,88544,3,,5
update,88528,88551,88555,4,,6
update,88539,88562,88566,4,,7
inbound,88540,88563,88566,3,,8
update,88550,88574,88577,3,,9
update,88561,88583,88586,3,,10
update,88572,88596,88599,3,,11
update,88583,88607,88611,4,,12
update,88594,88618,88621,3,,13
inbound,88595,88618,88622,4,,14
update,88605,88629,88632,3,,15
update,88616,88639,88643,4,,0
update,88627,88650,88653,3,,1
update,88638,88662,88665,3,,2
update,88649,88673,88677,4,,3
inbound,88650,88673,88678,5,,4
update,88660,88683,88686,3,,5
update,88671,88693,88696,3,,6
update,88682,88706,88709,3,,7
update,88693,88717,88720,3,,8
update,88704,88726,88730,4,,9
inbound,88705,88727,88732,5,,10
update,88715,88738,88742,4,,11
update,88726,88749,88752,3,,12
update,88737,88759,88762,3,,13
update,88748,88771,88774,3,,14
inbound,88760,88783,88786,3,,0
update,88759,88783,88786,3,,15
update,88770,88793,88796,3,,1
update,88781,88804,88806,2,,2
update,88792,88816,88819,3,,3
update,88803,88827,88830,3,,4
update,88814,88837,88839,2,,5
inbound,88815,88839,88841,2,,6
update,88825,88849,88851,2,,7
update,88836,88860,88863,3,,8
update,88847,88870,88873,3,,9
update,88858,88881,88884,3,,10
update,88869,88891,88894,3,,11
update,88880,88904,88906,2,,12
update,88891,88915,88918,3,,13
update,88902,88925,88928,3,,14
update,88913,88936,88939,3,,15
update,88924,88948,88951,3,,0
inbound,89000,89022,89027,5,,2
update,89000,89022,89028,6,,1
update,89011,89034,89037,3,,3
update,89022,89045,89049,4,,4
inbound,89025,89047,89050,3,,5
update,89033,89057,89061,4,,6
update,89044,89067,89070,3,,7
update,89055,89077,89080,3,,8
update,89066,89089,89093,4,,9
update,89077,89100,89103,3,,10
update,89088,89111,89113,2,,11
update,89099,89122,89126,4,,12
inbound,89100,89123,89127,4,,13
update,89110,89134,89137,3,,14
update,89121,89145,89148,3,,15
update,89132,89156,89158,2,,0
update,89143,89166,89169,3,,1
update,89154,89177,89179,2,,2
inbound,89155,89179,89182,3,,3
update,89165,89189,89192,3,,4
update,89176,89199,89202,3,,5
update,89187,89211,89214,3,,6
inbound,89200,89223,89227,4,,8
update,89198,89220,89227,7,,7
update,89209,89233,89237,4,,9
inbound,89210,89233,89239,6,,10
update,89220,89243,89246,3,,11
inbound,89225,89248,89252,4,,12
update,89231,89254,89257,3,,13
update,89242,89266,89269,3,,14
update,89253,89275,89278,3,,15
inbound,89265,89289,89292,3,,1
update,89264,89288,89293,5,,0
update,89275,89299,89302,3,,2
update,89286,89310,89313,3,,3
update,89297,89321,89324,3,,4
update,89308,89332,89334,2,,5
update,89319,89342,89346,4,,6
inbound,89320,89344,89348,4,,7
update,89330,89352,89356,4,,8
update,89341,89364,89368,4,,9
update,89352,89376,89381,5,,10
update,89363,89386,89392,6,,11
update,89374,89397,89401,4,,12
inbound,89375,89398,89402,4,,13
update,89385,89408,89410,2,,14
update,89396,89419,89424,5,,15
inbound,89400,89424,89427,3,,0
update,89407,89430,89433,3,,1
update,89418,89441,89445,4,,2
inbound,89425,89449,89452,3,,3
update,89429,89451,89455,4,,4
inbound,89430,89453,89457,4,,5
update,89440,89463,89466,3,,6
update,89451,89475,89478,3,,7
update,89462,89485,89488,3,,8
update,89473,89496,89501,5,,9
update,89484,89508,89511,3,,10
inbound,89485,89509,89512,3,,11
update,89495,89519,89521,2,,12
update,89506,89529,89534,5,,13
update,89517,89541,89544,3,,14
update,89528,89551,89554,3,,15
update,89539,89562,89565,3,,0
inbound,89540,89564,89567,3,,1
update,89550,89573,89576,3,,2
update,89561,89584,89587,3,,3
update,89572,89596,89599,3,,4
update,89583,89606,89609,3,,5
update,89594,89617,89621,4,,6
inbound,89595,89619,89622,3,,7
update,89605,89628,89631,3,,8
update,89616,89640,89644,4,,9
update,89627,89651,89653,2,,10
update,89638,89662,89665,3,,11
inbound,89650,89672,89675,3,,13
update,89649,89672,89676,4,,12
update,89660,89683,89686,3,,14
update,89671,89695,89699,4,,15
update,89682,89706,89709,3,,0
update,89693,89716,89719,3,,1
update,89704,89727,89730,3,,2
inbound,89705,89729,89732,3,,3
update,89715,89738,89742,4,,4
update,89726,89749,89755,6,,5
update,89737,89761,89764,3,,6
update,89748,89770,89774,4,,7
update,89759,89782,89786,4,,8
inbound,89760,89784,89786,2,,9
update,89770,89794,89797,3,,10
update,89781,89804,89807,3,,11
update,89792,89816,89818,2,,12
update,89803,89826,89829,3,,13
update,89814,89837,89840,3,,14
inbound,89815,89840,89842,2,,15
update,89825,89848,89851,3,,0
update,89836,89859,89862,3,,1
update,89847,89870,89873,3,,2
update,89858,89881,89884,3,,3
update,89869,89892,89896,4,,4
update,89880,89904,89907,3,,5
update,89891,89915,89917,2,,6
update,89902,89924,89927,3,,7
update,89913,89937,89940,3,,8
update,89924,89948,89951,3,,9
update,90000,90024,90028,4,,10
inbound,90000,90024,90030,6,,11
update,90011,90036,90039,3,,12
update,90022,90047,90049,2,,13
inbound,90025,90049,90052,3,,14
update,90033,90058,90062,4,,15
update,90044,90069,90071,2,,0
update,90055,90079,90082,3,,1
update,90066,90090,90093,3,,2
update,90077,90101,90105,4,,3
update,90088,90113,90116,3,,4
update,90099,90124,90127,3,,5
inbound,90100,90125,90128,3,,6
update,90110,90133,90136,3,,7
update,90121,90145,90148,3,,8
update,90132,90157,90160,3,,9
update,90143,90168,90170,2,,10
inbound,90155,90179,90181,2,,12
update,90154,90179,90183,4,,11
update,90165,90190,90193,3,,13
update,90176,90200,90202,2,,14
update,90187,90212,90215,3,,15
update,90198,90222,90227,5,,0
inbound,90200,90224,90228,4,,1
update,90209,90233,90237,4,,2
inbound,90210,90235,90238,3,,3
update,90220,90244,90248,4,,4
inbound,90225,90249,90252,3,,5
update,90231,90256,90259,3,,6
update,90242,90267,90270,3,,7
update,90253,90277,90280,3,,8
update,90264,90287,90290,3,,9
inbound,90265,90289,90293,4,,10
update,90275,90299,90303,4,,11
update,90286,90310,90313,3,,12
update,90297,90322,90326,4,,13
update,90308,90333,90336,3,,14
update,90319,90344,90347,3,,15
inbound,90320,90344,90347,3,,0
update,90330,90355,90358,3,,1
update,90341,90365,90368,3,,2
update,90352,90376,90379,3,,3
update,90363,90388,90391,3,,4
update,90374,90398,90402,4,,5
inbound,90375,90399,90403,4,,6
update,90385,90409,90412,3,,7
update,90396,90419,90422,3,,8
inbound,90400,90424,90427,3,,9
update,90407,90430,90434,4,,10
update,90418,90443,90446,3,,11
inbound,90425,90450,90452,2,,12
update,90429,90453,90457,4,,13
inbound,90430,90454,90457,3,,14
update,90440,90464,90467,3,,15
update,90451,90475,90478,3,,0
update,90462,90487,90490,3,,1
update,90473,90498,90501,3,,2
inbound,90485,90509,90512,3,,4
update,90484,90509,90513,4,,3
update,90495,90520,90524,4,,5
update,90506,90530,90533,3,,6
update,90517,90542,90545,3,,7
update,90528,90552,90555,3,,8
update,90539,90564,90567,3,,9
inbound,90540,90565,90568,3,,10
update,90550,90573,90577,4,,11
update,90561,90585,90590,5,,12
update,90572,90597,90601,4,,13
update,90583,90608,90611,3,,14
update,90594,90619,90622,3,,15
inbound,90595,90619,90623,4,,0
update,90605,90629,90632,3,,1
update,90616,90640,90643,3,,2
update,90627,90652,90655,3,,3
update,90638,90663,90666,3,,4
update,90649,90673,90677,4,,5
inbound,90650,90673,90677,4,,6
update,90660,90684,90688,4,,7
update,90671,90696,90700,4,,8
update,90682,90707,90710,3,,9
update,90693,90718,90721,3,,10
update,90704,90728,90731,3,,11
inbound,90705,90729,90734,5,,12
update,90715,90740,90743,3,,13
update,90726,90751,90754,3,,14
update,90737,90761,90764,3,,15
update,90748,90773,90776,3,,0
inbound,90760,90784,90786,2,,2
update,90759,90783,90787,4,,1
update,90770,90794,90797,3,,3
update,90781,90806,90808,2,,4
update,90792,90817,90820,3,,5
update,90803,90827,90830,3,,6
update,90814,90839,90842,3,,7
inbound,90815,90840,90842,2,,8
update,90825,90850,90852,2,,9
update,90836,90860,90863,3,,10
update,90847,90870,90874,4,,11
update,90858,90883,90886,3,,12
update,90869,90894,90897,3,,13
update,90880,90905,90909,4,,14
update,90891,90916,90918,2,,15
update,90902,90927,90930,3,,0
update,90913,90938,90940,2,,1
update,90924,90949,90952,3,,2
inbound,91000,91024,91028,4,,4
update,91000,91024,91028,4,,3
update,91011,91035,91038,3,,5
update,91022,91046,91049,3,,6
inbound,91025,91049,91051,2,,7
update,91033,91058,91060,2,,8
update,91044,91069,91071,2,,9
update,91055,91079,91082,3,,10
update,91066,91091,91096,5,,11
update,91077,91102,91144,42,,12
update,91110,91135,91145,10,,0
inbound,91100,91124,91145,21,,15
update,91099,91123,91145,22,,14
update,91088,91112,91145,33,,13
update,91121,91146,91150,4,,1
update,91132,91157,91192,35,,2
update,91154,91179,91192,13,,4
inbound,91155,91179,91192,13,,5
update,91143,91168,91193,25,,3
update,91165,91189,91193,4,,6
update,91176,91200,91204,4,,7
update,91187,91212,91214,2,,8
update,91198,91223,91228,5,,9
inbound,91200,91225,91229,4,,10
update,91209,91233,91236,3,,11
inbound,91210,91235,91238,3,,12
update,91220,91245,91247,2,,13
inbound,91225,91249,91252,3,,14
update,91231,91256,91259,3,,15
update,91242,91267,91270,3,,0
update,91253,91277,91280,3,,1
update,91264,91289,91292,3,,2
inbound,91265,91289,91292,3,,3
update,91275,91300,91302,2,,4
update,91286,91311,91314,3,,5
update,91297,91322,91325,3,,6
update,91308,91333,91336,3,,7
update,91319,91344,91348,4,,8
inbound,91320,91345,91348,3,,9
update,91330,91354,91358,4,,10
update,91341,91366,91368,2,,11
update,91352,91377,91379,2,,12
update,91363,91388,91390,2,,13
update,91374,91399,91402,3,,14
inbound,91375,91399,91403,4,,15
update,91385,91410,91413,3,,0
update,91396,91420,91423,3,,1
inbound,91400,91425,91427,2,,2
update,91407,91430,91433,3,,3
update,91418,91443,91445,2,,4
inbound,91425,91449,91452,3,,5
update,91429,91453,91456,3,,6
inbound,91430,91453,91457,4,,7
update,91440,91465,91467,2,,8
update,91451,91475,91478,3,,9
update,91462,91487,91490,3,,10
update,91473,91498,91500,2,,11
update,91484,91509,91511,2,,12
inbound,91485,91510,91512,2,,13
update,91495,91520,91522,2,,14
update,91506,91530,91533,3,,15
update,91517,91541,91544,3,,0
update,91528,91553,91555,2,,1
update,91539,91563,91566,3,,2
inbound,91540,91565,91567,2,,3
update,91550,91574,91577,3,,4
update,91561,91586,91589,3,,5
update,91572,91597,91599,2,,6
update,91583,91608,91610,2,,7
inbound,91595,91618,91621,3,,9
update,91594,91618,91622,4,,8
update,91605,91630,91635,5,,10
update,91616,91641,91644,3,,11
update,91627,91652,91655,3,,12
update,91638,91663,91666,3,,13
update,91649,91673,91677,4,,14
inbound,91650,91674,91678,4,,15
update,91660,91685,91688,3,,0
update,91671,91696,91698,2,,1
update,91682,91707,91709,2,,2
update,91693,91718,91720,2,,3
update,91704,91728,91731,3,,4
inbound,91705,91729,91732,3,,5
update,91715,91739,91742,3,,6
update,91726,91751,91754,3,,7
update,91737,91762,91765,3,,8
update,91748,91773,91775,2,,9
inbound,91760,91784,91786,2,,11
update,91759,91784,91787,3,,10
update,91770,91794,91797,3,,12
update,91781,91804,91807,3,,13
update,91792,91816,91819,3,,14
update,91803,91828,91831,3,,15
inbound,91815,91839,91841,2,,1
update,91814,91839,91842,3,,0
update,91825,91849,91851,2,,2
update,91836,91861,91863,2,,3
update,91847,91871,91874,3,,4
update,91858,91883,91886,3,,5
update,91869,91893,91896,3,,6
update,91880,91903,91906,3,,7
update,91891,91915,91918,3,,8
update,91902,91926,91929,3,,9
update,91913,91937,91940,3,,10
update,91924,91949,91952,3,,11
inbound,92000,92025,92028,3,,13
update,92000,92025,92028,3,,12
update,92011,92036,92039,3,,14
update,92022,92045,92049,4,,15
inbound,92025,92050,92053,3,,0
update,92033,92058,92061,3,,1
update,92044,92069,92073,4,,2
update,92055,92080,92083,3,,3
update,92066,92090,92093,3,,4
update,92077,92102,92105,3,,5
update,92088,92112,92115,3,,6
update,92099,92124,92126,2,,7
inbound,92100,92125,92128,3,,8
update,92110,92135,92138,3,,9
update,92121,92146,92149,3,,10
update,92132,92157,92160,3,,11
update,92143,92168,92171,3,,12
inbound,92155,92178,92182,4,,14
update,92154,92178,92184,6,,13
update,92165,92190,92193,3,,15
update,92176,92200,92203,3,,0
update,92187,92212,92215,3,,1
update,92198,92223,92227,4,,2
inbound,92200,92225,92229,4,,3
update,92209,92233,92238,5,,4
inbound,92210,92235,92240,5,,5
update,92220,92245,92249,4,,6
inbound,92225,92249,92253,4,,7
update,92231,92254,92258,4,,8
update,92242,92267,92271,4,,9
update,92253,92278,92281,3,,10
update,92264,92289,92292,3,,11
inbound,92265,92290,92295,5,,12
update,92275,92299,92302,3,,13
update,92286,92311,92314,3,,14
update,92297,92322,92325,3,,15
update,92308,92332,92335,3,,0
update,92319,92344,92347,3,,1
inbound,92320,92345,92349,4,,2
update,92330,92355,92358,3,,3
update,92341,92365,92368,3,,4
update,92352,92377,92379,2,,5
update,92363,92388,92390,2,,6
inbound,92375,92399,92406,7,,8
update,92374,92399,92407,8,,7
update,92385,92408,92413,5,,9
update,92396,92421,92424,3,,10
inbound,92400,92424,92428,4,,11
update,92407,92431,92434,3,,12
update,92418,92442,92445,3,,13
inbound,92425,92449,92452,3,,14
update,92429,92452,92456,4,,15
inbound,92430,92453,92457,4,,0
update,92440,92463,92466,3,,1
update,92451,92475,92478,3,,2
update,92462,92487,92489,2,,3
update,92473,92496,92500,4,,4
update,92484,92509,92514,5,,5
inbound,92485,92510,92517,7,,6
update,92495,92520,92523,3,,7
update,92506,92530,92533,3,,8
update,92517,92542,92544,2,,9
update,92528,92553,92556,3,,10
inbound,92540,92564,92568,4,,12
update,92539,92564,92568,4,,11
update,92550,92575,92578,3,,13
update,92561,92585,92588,3,,14
update,92572,92597,92599,2,,15
update,92583,92608,92611,3,,0
update,92594,92619,92624,5,,1
inbound,92595,92620,92624,4,,2
update,92605,92630,92633,3,,3
update,92616,92640,92644,4,,4
update,92627,92652,92654,2,,5
update,92638,92663,92666,3,,6
update,92649,92674,92677,3,,7
inbound,92650,92675,92678,3,,8
update,92660,92685,92687,2,,9
update,92671,92696,92699,3,,10
update,92682,92706,92710,4,,11
update,92693,92717,92720,3,,12
update,92704,92728,92732,4,,13
inbound,92705,92730,92734,4,,14
update,92715,92739,92742,3,,15
update,92726,92750,92754,4,,0
update,92737,92762,92764,2,,1
update,92748,92773,92776,3,,2
update,92759,92783,92787,4,,3
inbound,92760,92785,92787,2,,4
update,92770,92795,92798,3,,5
update,92781,92805,92808,3,,6
update,92792,92815,92818,3,,7
update,92803,92828,92831,3,,8
update,92814,92837,92840,3,,9
inbound,92815,92839,92842,3,,10
update,92825,92849,92852,3,,11
update,92836,92861,92863,2,,12
update,92847,92872,92874,2,,13
update,92858,92883,92888,5,,14
update,92869,92894,92897,3,,15
update,92880,92905,92908,3,,0
update,92891,92915,92921,6,,1
update,92902,92927,92930,3,,2
update,92913,92938,92941,3,,3
update,92924,92948,92951,3,,4
inbound,93000,93025,93028,3,,6
update,93000,93025,93031,6,,5
update,93011,93036,93039,3,,7
update,93022,93047,93050,3,,8
inbound,93025,93049,93052,3,,9
update,93033,93058,93060,2,,10
update,93044,93069,93071,2,,11
update,93055,93080,93082,2,,12
update,93066,93091,93093,2,,13
update,93077,93101,93104,3,,14
update,93088,93113,93115,2,,15
update,93099,93124,93127,3,,0
inbound,93100,93125,93128,3,,1
update,93110,93134,93137,3,,2
update,93121,93146,93149,3,,3
update,93132,93157,93160,3,,4
update,93143,93168,93171,3,,5
update,93154,93179,93182,3,,6
inbound,93155,93180,93183,3,,7
update,93165,93190,93194,4,,8
update,93176,93200,93203,3,,9
update,93187,93211,93214,3,,10
update,93198,93223,93227,4,,11
inbound,93200,93225,93229,4,,12
update,93209,93234,93247,13,,13
inbound,93210,93235,93248,13,,14
update,93220,93244,93254,10,,15
inbound,93225,93250,93258,8,,0
update,93231,93256,93264,8,,1
update,93242,93266,93270,4,,2
update,93253,93278,93281,3,,3
inbound,93265,93290,93295,5,,5
update,93264,93288,93297,9,,4
update,93275,93299,93304,5,,6
update,93286,93311,93313,2,,7
update,93297,93321,93324,3,,8
update,93308,93332,93334,2,,9
update,93319,93344,93347,3,,10
inbound,93320,93344,93347,3,,11
update,93330,93355,93358,3,,12
update,93341,93366,93369,3,,13
update,93352,93377,93380,3,,14
update,93363,93388,93391,3,,15
update,93374,93399,93403,4,,0
inbound,93375,93400,93404,4,,1
update,93385,93410,93413,3,,2
update,93396,93420,93425,5,,3
inbound,93400,93425,93428,3,,4
update,93407,93432,93436,4,,5
update,93418,93442,93445,3,,6
inbound,93425,93450,93454,4,,7
update,93429,93454,93458,4,,8
inbound,93430,93455,93460,5,,9
update,93440,93463,93468,5,,10
update,93451,93475,93478,3,,11
update,93462,93487,93490,3,,12
update,93473,93498,93502,4,,13
update,93484,93509,93512,3,,14
inbound,93485,93510,93513,3,,15
update,93495,93520,93523,3,,0
update,93506,93530,93533,3,,1
update,93517,93541,93544,3,,2
update,93528,93552,93555,3,,3
update,93539,93563,93567,4,,4
inbound,93540,93565,93568,3,,5
update,93550,93573,93576,3,,6
update,93561,93586,93589,3,,7
update,93572,93596,93600,4,,8
update,93583,93607,93611,4,,9
update,93594,93618,93622,4,,10
inbound,93595,93620,93624,4,,11
update,93605,93630,93633,3,,12
update,93616,93639,93642,3,,13
update,93627,93651,93654,3,,14
update,93638,93662,93664,2,,15
update,93649,93674,93677,3,,0
inbound,93650,93674,93678,4,,1
update,93660,93684,93688,4,,2
update,93671,93696,93699,3,,3
update,93682,93707,93711,4,,4
update,93693,93718,93723,5,,5
update,93704,93729,93734,5,,6
inbound,93705,93730,93734,4,,7
update,93715,93739,93744,5,,8
update,93726,93749,93752,3,,9
update,93737,93761,93766,5,,10
update,93748,93773,93777,4,,11
inbound,93760,93784,93788,4,,13
update,93759,93784,93790,6,,12
update,93770,93795,93799,4,,14
update,93781,93806,93810,4,,15
update,93792,93816,93819,3,,0
update,93803,93828,93831,3,,1
inbound,93815,93840,93842,2,,3
update,93814,93838,93842,4,,2
update,93825,93850,93853,3,,4
update,93836,93861,93863,2,,5
update,93847,93871,93874,3,,6
update,93858,93883,93886,3,,7
update,93869,93893,93897,4,,8
update,93880,93904,93908,4,,9
update,93891,93916,93919,3,,10
update,93902,93927,93930,3,,11
update,93913,93938,93941,3,,12
update,93924,93949,93953,4,,13
update,94000,94024,94028,4,,14
inbound,94000,94024,94029,5,,15
update,94011,94036,94039,3,,0
update,94022,94047,94051,4,,1
inbound,94025,94050,94053,3,,2
update,94033,94058,94061,3,,3
update,94044,94069,94072,3,,4
update,94055,94080,94084,4,,5
update,94066,94091,94095,4,,6
update,94077,94101,94105,4,,7
update,94088,94112,94115,3,,8
update,94099,94123,94126,3,,9
inbound,94100,94125,94128,3,,10
update,94110,94135,94138,3,,11
update,94121,94146,94149,3,,12
update,94132,94156,94160,4,,13
update,94143,94168,94170,2,,14
update,94154,94179,94182,3,,15
inbound,94155,94179,94182,3,,0
update,94165,94190,94193,3,,1
update,94176,94201,94204,3,,2
update,94187,94212,94215,3,,3
update,94198,94222,94225,3,,4
inbound,94200,94225,94227,2,,5
update,94209,94234,94237,3,,6
inbound,94210,94234,94238,4,,7
update,94220,94245,94249,4,,8
inbound,94225,94250,94254,4,,9
update,94231,94256,94260,4,,10
update,94242,94266,94269,3,,11
update,94253,94277,94280,3,,12
update,94264,94289,94292,3,,13
inbound,94265,94289,94293,4,,14
update,94275,94299,94302,3,,15
update,94286,94311,94315,4,,0
update,94297,94321,94324,3,,1
update,94308,94332,94335,3,,2
update,94319,94343,94347,4,,3
inbound,94320,94345,94348,3,,4
update,94330,94355,94358,3,,5
update,94341,94366,94368,2,,6
update,94352,94376,94379,3,,7
update,94363,94387,94391,4,,8
update,94374,94398,94402,4,,9
inbound,94375,94399,94403,4,,10
update,94385,94409,94412,3,,11
update,94396,94421,94423,2,,12
inbound,94400,94425,94428,3,,13
update,94407,94431,94434,3,,14
update,94418,94442,94445,3,,15
inbound,94425,94449,94452,3,,0
update,94429,94453,94456,3,,1
inbound,94430,94454,94457,3,,2
update,94440,94465,94467,2,,3
update,94451,94474,94477,3,,4
update,94462,94486,94490,4,,5
update,94473,94496,94499,3,,6
update,94484,94509,94512,3,,7
inbound,94485,94510,94515,5,,8
update,94495,94519,94522,3,,9
update,94506,94531,94534,3,,10
update,94517,94541,94544,3,,11
update,94528,94553,94555,2,,12
update,94539,94564,94567,3,,13
inbound,94540,94565,94569,4,,14
update,94550,94575,94578,3,,15
update,94561,94586,94589,3,,0
update,94572,94596,94599,3,,1
update,94583,94608,94611,3,,2
update,94594,94619,94623,4,,3
inbound,94595,94620,94623,3,,4
update,94605,94630,94632,2,,5
update,94616,94641,94644,3,,6
update,94627,94652,94655,3,,7
update,94638,94663,94666,3,,8
update,94649,94673,94677,4,,9
inbound,94650,94674,94678,4,,10
update,94660,94684,94687,3,,11
update,94671,94695,94698,3,,12
update,94682,94707,94710,3,,13
update,94693,94718,94721,3,,14
update,94704,94727,94730,3,,15
inbound,94705,94730,94733,3,,0
update,94715,94739,94742,3,,1
update,94726,94751,94754,3,,2
update,94737,94762,94765,3,,3
update,94748,94772,94775,3,,4
inbound,94760,94784,94786,2,,6
update,94759,94784,94787,3,,5
update,94770,94795,94798,3,,7
update,94781,94806,94809,3,,8
update,94792,94816,94819,3,,9
update,94803,94827,94830,3,,10
inbound,94815,94839,94843,4,,12
update,94814,94839,94843,4,,11
update,94825,94850,94853,3,,13
update,94836,94861,94864,3,,14
update,94847,94872,94875,3,,15
update,94858,94882,94885,3,,0
update,94869,94894,94897,3,,1
update,94880,94905,94908,3,,2
update,94891,94916,94919,3,,3
update,94902,94927,94929,2,,4
update,94913,94937,94940,3,,5
update,94924,94949,94952,3,,6
update,95000,95025,95029,4,,7
inbound,95000,95025,95029,4,,8
update,95011,95035,95038,3,,9
update,95022,95047,95050,3,,10
inbound,95025,95050,95053,3,,11
update,95033,95057,95060,3,,12
update,95044,95069,95071,2,,13
update,95055,95080,95083,3,,14
update,95066,95091,95094,3,,15
update,95077,95102,95105,3,,0
update,95088,95113,95116,3,,1
update,95099,95124,95127,3,,2
inbound,95100,95124,95127,3,,3
update,95110,95134,95137,3,,4
update,95121,95146,95149,3,,5
update,95132,95157,95160,3,,6
update,95143,95167,95170,3,,7
update,95154,95178,95181,3,,8
inbound,95155,95178,95182,4,,9
update,95165,95190,95192,2,,10
update,95176,95200,95203,3,,11
update,95187,95212,95215,3,,12
update,95198,95223,95225,2,,13
inbound,95200,95225,95228,3,,14
update,95209,95234,95237,3,,15
inbound,95210,95235,95238,3,,0
update,95220,95245,95248,3,,1
inbound,95225,95249,95254,5,,2
update,95231,95256,95259,3,,3
update,95242,95267,95269,2,,4
update,95253,95277,95280,3,,5
update,95264,95289,95292,3,,6
inbound,95265,95289,95292,3,,7
update,95275,95299,95302,3,,8
update,95286,95311,95314,3,,9
update,95297,95322,95324,2,,10
update,95308,95333,95336,3,,11
inbound,95320,95343,95346,3,,13
update,95319,95343,95346,3,,12
update,95330,95355,95357,2,,14
update,95341,95366,95368,2,,15
update,95352,95377,95379,2,,0
update,95363,95388,95391,3,,1
inbound,95375,95399,95402,3,,3
update,95374,95399,95402,3,,2
update,95385,95410,95413,3,,4
update,95396,95421,95423,2,,5
inbound,95400,95424,95427,3,,6
update,95407,95432,95435,3,,7
update,95418,95443,95445,2,,8
inbound,95425,95450,95452,2,,9
update,95429,95453,95457,4,,10
inbound,95430,95453,95457,4,,11
update,95440,95464,95467,3,,12
update,95451,95476,95479,3,,13
update,95462,95487,95489,2,,14
update,95473,95497,95500,3,,15
inbound,95485,95509,95512,3,,1
update,95484,95509,95512,3,,0
update,95495,95519,95522,3,,2
update,95506,95531,95534,3,,3
update,95517,95542,95545,3,,4
update,95528,95553,95556,3,,5
update,95539,95564,95567,3,,6
inbound,95540,95564,95567,3,,7
update,95550,95574,95577,3,,8
update,95561,95585,95588,3,,9
update,95572,95597,95600,3,,10
update,95583,95608,95611,3,,11
update,95594,95618,95622,4,,12
inbound,95595,95619,95622,3,,13
update,95605,95630,95632,2,,14
update,95616,95640,95643,3,,15
update,95627,95652,95655,3,,0
update,95638,95662,95666,4,,1
update,95649,95674,95677,3,,2
inbound,95650,95675,95678,3,,3
update,95660,95685,95688,3,,4
update,95671,95695,95698,3,,5
update,95682,95706,95709,3,,6
update,95693,95718,95720,2,,7
update,95704,95728,95732,4,,8
inbound,95705,95729,95732,3,,9
update,95715,95740,95743,3,,10
update,95726,95750,95753,3,,11
update,95737,95761,95764,3,,12
update,95748,95773,95776,3,,13
inbound,95760,95784,95786,2,,15
update,95759,95784,95787,3,,14
update,95770,95794,95797,3,,0
update,95781,95805,95808,3,,1
update,95792,95816,95819,3,,2
update,95803,95827,95830,3,,3
inbound,95815,95839,95841,2,,5
update,95814,95839,95843,4,,4
update,95825,95850,95853,3,,6
update,95836,95861,95863,2,,7
update,95847,95872,95874,2,,8
update,95858,95882,95885,3,,9
update,95869,95893,95896,3,,10
update,95880,95905,95908,3,,11
update,95891,95916,95919,3,,12
update,95902,95926,95929,3,,13
update,95913,95938,95941,3,,14
update,95924,95948,95950,2,,15
inbound,96000,96023,96027,4,,1
update,96000,96023,96029,6,,0
update,96011,96035,96039,4,,2
update,96022,96046,96050,4,,3
inbound,96025,96050,96053,3,,4
update,96033,96058,96062,4,,5
update,96044,96068,96072,4,,6
update,96055,96080,96084,4,,7
update,96066,96091,96095,4,,8
update,96077,96102,96107,5,,9
update,96088,96112,96119,7,,10
update,96099,96124,96130,6,,11
inbound,96100,96125,96131,6,,12
update,96110,96135,96138,3,,13
update,96121,96146,96150,4,,14
update,96132,96157,96160,3,,15
update,96143,96168,96170,2,,0
update,96154,96179,96182,3,,1
inbound,96155,96179,96182,3,,2
update,96165,96189,96192,3,,3
update,96176,96201,96204,3,,4
update,96187,96212,96216,4,,5
update,96198,96223,96225,2,,6
inbound,96200,96225,96228,3,,7
update,96209,96234,96237,3,,8
inbound,96210,96235,96238,3,,9
update,96220,96245,96248,3,,10
inbound,96225,96250,96254,4,,11
update,96231,96256,96260,4,,12
update,96242,96267,96270,3,,13
update,96253,96278,96281,3,,14
update,96264,96289,96293,4,,15
inbound,96265,96290,96293,3,,0
update,96275,96300,96302,2,,1
update,96286,96311,96314,3,,2
update,96297,96321,96324,3,,3
update,96308,96333,96336,3,,4
update,96319,96344,96346,2,,5
inbound,96320,96344,96347,3,,6
update,96330,96354,96357,3,,7
update,96341,96366,96369,3,,8
update,96352,96377,96380,3,,9
update,96363,96387,96390,3,,10
update,96374,96398,96402,4,,11
inbound,96375,96399,96403,4,,12
update,96385,96410,96413,3,,13
update,96396,96421,96423,2,,14
inbound,96400,96425,96428,3,,15
update,96407,96431,96434,3,,0
update,96418,96441,96444,3,,1
inbound,96425,96450,96452,2,,2
update,96429,96453,96457,4,,3
inbound,96430,96455,96459,4,,4
update,96440,96464,96468,4,,5
update,96451,96475,96478,3,,6
update,96462,96487,96490,3,,7
update,96473,96498,96501,3,,8
update,96484,96509,96512,3,,9
inbound,96485,96510,96513,3,,10
update,96495,96519,96522,3,,11
update,96506,96531,96534,3,,12
update,96517,96542,96545,3,,13
update,96528,96553,96556,3,,14
update,96539,96564,96568,4,,15
inbound,96540,96565,96570,5,,0
update,96550,96574,96578,4,,1
update,96561,96585,96588,3,,2
update,96572,96596,96600,4,,3
update,96583,96608,96611,3,,4
update,96594,96619,96623,4,,5
inbound,96595,96619,96623,4,,6
update,96605,96630,96633,3,,7
update,96616,96641,96644,3,,8
update,96627,96651,96654,3,,9
update,96638,96663,96666,3,,10
update,96649,96673,96676,3,,11
inbound,96650,96674,96677,3,,12
update,96660,96684,96688,4,,13
update,96671,96696,96699,3,,14
update,96682,96706,96709,3,,15
update,96693,96717,96722,5,,0
update,96704,96729,96732,3,,1
inbound,96705,96730,96733,3,,2
update,96715,96740,96743,3,,3
update,96726,96751,96753,2,,4
update,96737,96761,96764,3,,5
update,96748,96773,96775,2,,6
update,96759,96783,96787,4,,7
inbound,96760,96785,96787,2,,8
update,96770,96794,96797,3,,9
update,96781,96806,96809,3,,10
update,96792,96816,96819,3,,11
update,96803,96828,96832,4,,12
inbound,96815,96839,96841,2,,14
update,96814,96838,96841,3,,13
update,96825,96850,96853,3,,15
update,96836,96860,96863,3,,0
update,96847,96872,96875,3,,1
update,96858,96883,96886,3,,2
update,96869,96893,96896,3,,3
update,96880,96905,96908,3,,4
update,96891,96915,96918,3,,5
update,96902,96926,96929,3,,6
update,96913,96937,96943,6,,7
update,96924,96948,96951,3,,8
inbound,97000,97025,97029,4,,10
update,97000,97025,97031,6,,9
update,97011,97035,97038,3,,11
update,97022,97047,97053,6,,12
inbound,97025,97050,97054,4,,13
update,97033,97058,97061,3,,14
update,97044,97069,97072,3,,15
update,97055,97079,97082,3,,0
update,97066,97091,97095,4,,1
update,97077,97101,97104,3,,2
update,97088,97113,97116,3,,3
update,97099,97124,97128,4,,4
inbound,97100,97124,97128,4,,5
update,97110,97135,97138,3,,6
update,97121,97146,97148,2,,7
update,97132,97156,97161,5,,8
update,97143,97168,97170,2,,9
update,97154,97179,97182,3,,10
inbound,97155,97180,97184,4,,11
update,97165,97190,97192,2,,12
update,97176,97201,97204,3,,13
update,97187,97212,97214,2,,14
update,97198,97222,97225,3,,15
inbound,97200,97225,97229,4,,0
update,97209,97233,97236,3,,1
inbound,97210,97234,97238,4,,2
update,97220,97244,97248,4,,3
inbound,97225,97250,97253,3,,4
update,97231,97256,97259,3,,5
update,97242,97266,97271,5,,6
update,97253,97277,97281,4,,7
update,97264,97289,97292,3,,8
inbound,97265,97290,97293,3,,9
update,97275,97300,97303,3,,10
update,97286,97311,97314,3,,11
update,97297,97322,97325,3,,12
update,97308,97333,97336,3,,13
update,97319,97344,97347,3,,14
inbound,97320,97344,97348,4,,15
update,97330,97354,97358,4,,0
update,97341,97366,97369,3,,1
update,97352,97376,97382,6,,2
update,97363,97388,97392,4,,3
update,97374,97399,97405,6,,4
inbound,97375,97399,97406,7,,5
update,97385,97409,97413,4,,6
update,97396,97421,97425,4,,7
inbound,97400,97424,97428,4,,8
update,97407,97432,97435,3,,9
update,97418,97442,97448,6,,10
inbound,97425,97450,97457,7,,11
update,97429,97454,97457,3,,12
inbound,97430,97455,97461,6,,13
update,97440,97465,97470,5,,14
update,97451,97476,97482,6,,15
update,97462,97487,97492,5,,0
update,97473,97497,97503,6,,1
inbound,97485,97509,97514,5,,3
update,97484,97509,97515,6,,2
update,97495,97520,97523,3,,4
update,97506,97530,97534,4,,5
update,97517,97541,97544,3,,6
update,97528,97552,97555,3,,7
update,97539,97564,97568,4,,8
inbound,97540,97565,97569,4,,9
update,97550,97575,97578,3,,10
update,97561,97586,97589,3,,11
update,97572,97597,97601,4,,12
update,97583,97606,97609,3,,13
update,97594,97619,97623,4,,14
inbound,97595,97620,97623,3,,15
update,97605,97629,97633,4,,0
update,97616,97641,97644,3,,1
update,97627,97652,97655,3,,2
update,97638,97663,97665,2,,3
update,97649,97673,97677,4,,4
inbound,97650,97674,97678,4,,5
update,97660,97684,97687,3,,6
update,97671,97696,97698,2,,7
update,97682,97707,97711,4,,8
update,97693,97718,97720,2,,9
update,97704,97729,97732,3,,10
inbound,97705,97730,97734,4,,11
update,97715,97739,97743,4,,12
update,97726,97750,97753,3,,13
update,97737,97762,97765,3,,14
update,97748,97773,97776,3,,15
update,97759,97784,97788,4,,0
inbound,97760,97785,97788,3,,1
update,97770,97795,97798,3,,2
update,97781,97806,97808,2,,3
update,97792,97817,97820,3,,4
update,97803,97828,97831,3,,5
inbound,97815,97839,97843,4,,7
update,97814,97839,97843,4,,6
update,97825,97850,97853,3,,8
update,97836,97860,97863,3,,9
update,97847,97871,97874,3,,10
update,97858,97883,97885,2,,11
update,97869,97893,97897,4,,12
update,97880,97905,97908,3,,13
update,97891,97916,97919,3,,14
update,97902,97927,97929,2,,15
update,97913,97937,97940,3,,0
update,97924,97949,97952,3,,1
inbound,98000,98025,98033,8,,3
update,98000,98025,98034,9,,2
update,98011,98036,98039,3,,4
update,98022,98047,98050,3,,5
inbound,98025,98050,98053,3,,6
update,98033,98058,98061,3,,7
update,98044,98069,98072,3,,8
update,98055,98080,98083,3,,9
update,98066,98090,98094,4,,10
update,98077,98102,98106,4,,11
update,98088,98112,98115,3,,12
update,98099,98123,98127,4,,13
inbound,98100,98125,98130,5,,14
update,98110,98135,98139,4,,15
update,98121,98145,98148,3,,0
update,98132,98156,98159,3,,1
update,98143,98168,98171,3,,2
update,98154,98178,98182,4,,3
inbound,98155,98180,98185,5,,4
update,98165,98190,98194,4,,5
update,98176,98201,98204,3,,6
update,98187,98212,98215,3,,7
update,98198,98223,98226,3,,8
inbound,98200,98225,98229,4,,9
update,98209,98233,98237,4,,10
inbound,98210,98235,98238,3,,11
update,98220,98245,98249,4,,12
inbound,98225,98249,98252,3,,13
update,98231,98255,98258,3,,14
update,98242,98268,98272,4,,15
update,98253,98278,98281,3,,0
update,98264,98289,98293,4,,1
inbound,98265,98290,98293,3,,2
update,98275,98300,98303,3,,3
update,98286,98311,98315,4,,4
update,98297,98321,98325,4,,5
update,98308,98332,98335,3,,6
update,98319,98344,98349,5,,7
inbound,98320,98345,98349,4,,8
update,98330,98355,98358,3,,9
update,98341,98366,98369,3,,10
update,98352,98377,98380,3,,11
update,98363,98387,98390,3,,12
update,98374,98398,98401,3,,13
inbound,98375,98400,98404,4,,14
update,98385,98410,98413,3,,15
update,98396,98421,98424,3,,0
inbound,98400,98425,98428,3,,1
update,98407,98432,98434,2,,2
update,98418,98443,98445,2,,3
inbound,98425,98450,98453,3,,4
update,98429,98453,98457,4,,5
inbound,98430,98455,98459,4,,6
update,98440,98465,98467,2,,7
update,98451,98476,98479,3,,8
update,98462,98486,98489,3,,9
update,98473,98497,98500,3,,10
update,98484,98508,98512,4,,11
inbound,98485,98511,98514,3,,12
update,98495,98520,98523,3,,13
update,98506,98531,98534,3,,14
update,98517,98542,98545,3,,15
update,98528,98553,98556,3,,0
update,98539,98564,98568,4,,1
inbound,98540,98566,98571,5,,2
update,98550,98575,98578,3,,3
update,98561,98586,98590,4,,4
update,98572,98597,98600,3,,5
update,98583,98607,98610,3,,6
update,98594,98618,98623,5,,7
inbound,98595,98620,98625,5,,8
update,98605,98629,98634,5,,9
update,98616,98641,98644,3,,10
update,98627,98652,98655,3,,11
update,98638,98663,98666,3,,12
update,98649,98674,98679,5,,13
inbound,98650,98675,98680,5,,14
update,98660,98685,98688,3,,15
update,98671,98696,98698,2,,0
update,98682,98706,98709,3,,1
update,98693,98717,98720,3,,2
update,98704,98729,98734,5,,3
inbound,98705,98731,98736,5,,4
update,98715,98740,98743,3,,5
update,98726,98751,98755,4,,6
update,98737,98762,98765,3,,7
update,98748,98773,98777,4,,8
inbound,98760,98786,98789,3,,10
update,98759,98784,98789,5,,9
update,98770,98795,98799,4,,11
update,98781,98806,98809,3,,12
update,98792,98816,98820,4,,13
update,98803,98828,98831,3,,14
inbound,98815,98840,98843,3,,0
update,98814,98839,98845,6,,15
update,98825,98850,98854,4,,1
update,98836,98860,98864,4,,2
update,98847,98871,98875,4,,3
update,98858,98882,98885,3,,4
update,98869,98894,98897,3,,5
update,98880,98905,98908,3,,6
update,98891,98916,98918,2,,7
update,98902,98927,98930,3,,8
update,98913,98938,98941,3,,9
update,98924,98949,98951,2,,10
inbound,99000,99026,99030,4,,12
update,99000,99026,99031,5,,11
update,99011,99037,99040,3,,13
update,99022,99046,99050,4,,14
inbound,99025,99051,99054,3,,15
update,99033,99059,99062,3,,0
update,99044,99070,99073,3,,1
update,99055,99081,99084,3,,2
update,99066,99091,99094,3,,3
update,99077,99103,99105,2,,4
update,99088,99114,99116,2,,5
update,99099,99124,99128,4,,6
inbound,99100,99125,99128,3,,7
update,99110,99135,99138,3,,8
update,99121,99147,99150,3,,9
update,99132,99158,99162,4,,10
update,99143,99169,99172,3,,11
update,99154,99179,99182,3,,12
inbound,99155,99180,99184,4,,13
update,99165,99191,99194,3,,14
update,99176,99202,99205,3,,15
update,99187,99213,99216,3,,0
update,99198,99224,99227,3,,1
inbound,99200,99226,99230,4,,2
update,99209,99235,99238,3,,3
inbound,99210,99236,99240,4,,4
update,99220,99246,99249,3,,5
inbound,99225,99251,99254,3,,6
update,99231,99257,99261,4,,7
update,99242,99268,99275,7,,8
update,99253,99279,99283,4,,9
update,99264,99290,99293,3,,10
inbound,99265,99290,99294,4,,11
update,99275,99301,99304,3,,12
update,99286,99312,99315,3,,13
update,99297,99322,99325,3,,14
update,99308,99334,99337,3,,15
update,99319,99345,99349,4,,0
inbound,99320,99345,99349,4,,1
update,99330,99356,99359,3,,2
update,99341,99366,99369,3,,3
update,99352,99378,99381,3,,4
update,99363,99388,99392,4,,5
update,99374,99399,99404,5,,6
inbound,99375,99400,99404,4,,7
update,99385,99411,99414,3,,8
update,99396,99422,99427,5,,9
inbound,99400,99425,99430,5,,10
update,99407,99433,99437,4,,11
update,99418,99443,99446,3,,12
inbound,99425,99451,99454,3,,13
update,99429,99455,99458,3,,14
inbound,99430,99456,99459,3,,15
update,99440,99465,99469,4,,0
update,99451,99477,99480,3,,1
update,99462,99487,99490,3,,2
update,99473,99499,99502,3,,3
inbound,99485,99510,99513,3,,5
update,99484,99510,99514,4,,4
update,99495,99521,99524,3,,6
update,99506,99531,99534,3,,7
update,99517,99543,99546,3,,8
update,99528,99554,99557,3,,9
update,99539,99564,99567,3,,10
inbound,99540,99564,99568,4,,11
update,99550,99576,99579,3,,12
update,99561,99587,99590,3,,13
update,99572,99597,99601,4,,14
update,99583,99609,99612,3,,15
update,99594,99620,99623,3,,0
inbound,99595,99620,99624,4,,1
update,99605,99631,99634,3,,2
update,99616,99642,99645,3,,3
update,99627,99653,99656,3,,4
update,99638,99664,99667,3,,5
inbound,99650,99674,99677,3,,7
update,99649,99674,99678,4,,6
update,99660,99686,99689,3,,8
update,99671,99697,99700,3,,9
update,99682,99708,99711,3,,10
update,99693,99719,99722,3,,11
update,99704,99730,99734,4,,12
inbound,99705,99731,99734,3,,13
update,99715,99741,99744,3,,14
update,99726,99752,99755,3,,15
update,99737,99763,99765,2,,0
update,99748,99774,99777,3,,1
inbound,99760,99786,99788,2,,3
update,99759,99785,99788,3,,2
update,99770,99795,99798,3,,4
update,99781,99806,99809,3,,5
update,99792,99818,99821,3,,6
update,99803,99829,99832,3,,7
inbound,99815,99840,99842,2,,9
update,99814,99840,99843,3,,8
update,99825,99851,99853,2,,10
update,99836,99861,99864,3,,11
update,99847,99872,99875,3,,12
update,99858,99882,99885,3,,13
update,99869,99894,99898,4,,14
update,99880,99906,99909,3,,15
update,99891,99917,99920,3,,0
update,99902,99928,99931,3,,1
update,99913,99939,99942,3,,2
update,99924,99949,99953,4,,3
update,100000,100027,100031,4,,4
inbound,100000,100027,100034,7,,5
update,100011,100037,100040,3,,6
update,100022,100049,100052,3,,7
inbound,100025,100052,100056,4,,8
update,100033,100060,100063,3,,9
update,100044,100071,100074,3,,10
update,100055,100081,100085,4,,11
update,100066,100092,100097,5,,12
update,100077,100104,100108,4,,13
update,100088,100115,100118,3,,14
update,100099,100126,100129,3,,15
inbound,100100,100127,100131,4,,0
update,100110,100137,100140,3,,1
update,100121,100148,100152,4,,2
update,100132,100158,100161,3,,3
update,100143,100169,100172,3,,4
update,100154,100180,100184,4,,5
inbound,100155,100180,100185,5,,6
update,100165,100192,100195,3,,7
update,100176,100203,100206,3,,8
update,100187,100214,100216,2,,9
update,100198,100224,100229,5,,10
inbound,100200,100227,100230,3,,11
update,100209,100236,100240,4,,12
inbound,100210,100236,100241,5,,13
update,100220,100247,100250,3,,14
inbound,100225,100251,100254,3,,15
update,100231,100257,100260,3,,0
update,100242,100269,100272,3,,1
update,100253,100280,100284,4,,2
update,100264,100291,100295,4,,3
inbound,100265,100292,100297,5,,4
update,100275,100301,100304,3,,5
update,100286,100313,100316,3,,6
update,100297,100324,100327,3,,7
update,100308,100335,100338,3,,8
update,100319,100345,100349,4,,9
inbound,100320,100346,100349,3,,10
update,100330,100357,100361,4,,11
update,100341,100368,100371,3,,12
update,100352,100379,100381,2,,13
update,100363,100390,100393,3,,14
update,100374,100401,100404,3,,15
inbound,100375,100402,100406,4,,0
update,100385,100411,100414,3,,1
update,100396,100423,100427,4,,2
inbound,100400,100427,100430,3,,3
update,100407,100433,100436,3,,4
update,100418,100445,100448,3,,5
inbound,100425,100452,100455,3,,6
update,100429,100456,100460,4,,7
inbound,100430,100456,100460,4,,8
update,100440,100467,100471,4,,9
update,100451,100478,100481,3,,10
update,100462,100488,100491,3,,11
update,100473,100500,100503,3,,12
update,100484,100511,100514,3,,13
inbound,100485,100512,100516,4,,14
update,100495,100520,100523,3,,15
update,100506,100533,100536,3,,0
update,100517,100543,100547,4,,1
update,100528,100555,100558,3,,2
update,100539,100565,100569,4,,3
inbound,100540,100567,100570,3,,4
update,100550,100577,100580,3,,5
update,100561,100588,100590,2,,6
update,100572,100598,100602,4,,7
update,100583,100610,100614,4,,8
update,100594,100621,100624,3,,9
inbound,100595,100621,100626,5,,10
update,100605,100632,100635,3,,11
update,100616,100643,100646,3,,12
update,100627,100653,100657,4,,13
update,100638,100665,100668,3,,14
update,100649,100676,100679,3,,15
inbound,100650,100677,100681,4,,0
update,100660,100687,100690,3,,1
update,100671,100697,100701,4,,2
update,100682,100709,100712,3,,3
update,100693,100719,100723,4,,4
update,100704,100730,100734,4,,5
inbound,100705,100731,100735,4,,6
update,100715,100741,100744,3,,7
update,100726,100753,100756,3,,8
update,100737,100764,100767,3,,9
update,100748,100775,100778,3,,10
inbound,100760,100786,100789,3,,12
update,100759,100786,100790,4,,11
update,100770,100797,100800,3,,13
update,100781,100808,100811,3,,14
update,100792,100819,100822,3,,15
update,100803,100829,100832,3,,0
update,100814,100841,100845,4,,1
inbound,100815,100842,100845,3,,2
update,100825,100852,100855,3,,3
update,100836,100862,100865,3,,4
update,100847,100873,100877,4,,5
update,100858,100885,100887,2,,6
update,100869,100895,100898,3,,7
update,100880,100907,100910,3,,8
update,100891,100918,100921,3,,9
update,100902,100929,100932,3,,10
update,100913,100939,100942,3,,11
update,100924,100951,100954,3,,12
update,101000,101027,101030,3,,13
inbound,101000,101027,101031,4,,14
update,101011,101038,101041,3,,15
update,101022,101049,101052,3,,0
inbound,101025,101052,101055,3,,1
update,101033,101058,101062,4,,2
update,101044,101070,101074,4,,3
update,101055,101082,101084,2,,4
update,101066,101093,101097,4,,5
update,101077,101104,101107,3,,6
update,101088,101115,101117,2,,7
update,101099,101126,101129,3,,8
inbound,101100,101127,101131,4,,9
update,101110,101136,101139,3,,10
update,101121,101147,101150,3,,11
update,101132,101158,101162,4,,12
update,101143,101170,101173,3,,13
update,101154,101181,101184,3,,14
inbound,101155,101181,101184,3,,15
update,101165,101192,101195,3,,0
update,101176,101202,101205,3,,1
update,101187,101213,101218,5,,2
update,101198,101224,101228,4,,3
inbound,101200,101227,101232,5,,4
update,101209,101235,101240,5,,5
inbound,101210,101237,101241,4,,6
update,101220,101247,101253,6,,7
inbound,101225,101252,101257,5,,8
update,101231,101258,101261,3,,9
update,101242,101268,101272,4,,10
update,101253,101280,101287,7,,11
inbound,101265,101292,101298,6,,13
update,101264,101290,101298,8,,12
update,101275,101301,101305,4,,14
update,101286,101313,101315,2,,15
update,101297,101324,101327,3,,0
update,101308,101335,101339,4,,1
update,101319,101345,101349,4,,2
inbound,101320,101347,101351,4,,3
update,101330,101357,101359,2,,4
update,101341,101368,101371,3,,5
update,101352,101378,101381,3,,6
update,101363,101390,101393,3,,7
update,101374,101401,101405,4,,8
inbound,101375,101402,101406,4,,9
update,101385,101411,101415,4,,10
update,101396,101423,101426,3,,11
inbound,101400,101426,101430,4,,12
update,101407,101433,101436,3,,13
update,101418,101444,101448,4,,14
inbound,101425,101451,101454,3,,15
update,101429,101456,101460,4,,0
inbound,101430,101457,101461,4,,1
update,101440,101467,101470,3,,2
update,101451,101477,101480,3,,3
update,101462,101489,101492,3,,4
update,101473,101500,101503,3,,5
update,101484,101511,101514,3,,6
inbound,101485,101512,101516,4,,7
update,101495,101521,101524,3,,8
update,101506,101533,101536,3,,9
update,101517,101544,101547,3,,10
update,101528,101555,101558,3,,11
inbound,101540,101567,101570,3,,13
update,101539,101566,101570,4,,12
update,101550,101577,101579,2,,14
update,101561,101588,101590,2,,15
update,101572,101598,101607,9,,0
update,101583,101609,101614,5,,1
update,101594,101621,101624,3,,2
inbound,101595,101622,101625,3,,3
update,101605,101631,101634,3,,4
update,101616,101643,101646,3,,5
update,101627,101654,101657,3,,6
update,101638,101665,101668,3,,7
update,101649,101675,101680,5,,8
inbound,101650,101677,101681,4,,9
update,101660,101685,101690,5,,10
update,101671,101697,101703,6,,11
update,101682,101708,101714,6,,12
update,101693,101720,101728,8,,13
update,101704,101731,101736,5,,14
inbound,101705,101732,101738,6,,15
update,101715,101742,101746,4,,0
update,101726,101752,101755,3,,1
update,101737,101764,101766,2,,2
update,101748,101775,101779,4,,3
update,101759,101785,101789,4,,4
inbound,101760,101787,101789,2,,5
update,101770,101796,101799,3,,6
update,101781,101808,101811,3,,7
update,101792,101819,101822,3,,8
update,101803,101830,101833,3,,9
inbound,101815,101841,101843,2,,11
update,101814,101841,101845,4,,10
update,101825,101850,101853,3,,12
update,101836,101863,101865,2,,13
update,101847,101873,101876,3,,14
update,101858,101884,101888,4,,15
update,101869,101896,101899,3,,0
update,101880,101906,101910,4,,1
update,101891,101918,101921,3,,2
update,101902,101929,101932,3,,3
update,101913,101940,101943,3,,4
update,101924,101950,101953,3,,5
update,102000,102026,102030,4,,6
inbound,102000,102030,102034,4,,7
update,102011,102038,102043,5,,8
update,102022,102049,102052,3,,9
inbound,102025,102055,102058,3,,10
update,102033,102060,102062,2,,11
update,102044,102070,102074,4,,12
update,102055,102082,102085,3,,13
update,102066,102092,102095,3,,14
update,102077,102104,102108,4,,15
update,102088,102115,102119,4,,0
update,102099,102126,102128,2,,1
inbound,102100,102130,102132,2,,2
update,102110,102137,102140,3,,3
update,102121,102146,102150,4,,4
update,102132,102159,102162,3,,5
update,102143,102170,102173,3,,6
update,102154,102180,102184,4,,7
inbound,102155,102183,102188,5,,8
update,102165,102192,102196,4,,9
update,102176,102203,102206,3,,10
update,102187,102213,102218,5,,11
update,102198,102225,102229,4,,12
inbound,102200,102229,102234,5,,13
update,102209,102235,102239,4,,14
inbound,102210,102240,102245,5,,15
update,102220,102247,102252,5,,0
inbound,102225,102255,102258,3,,1
update,102231,102258,102261,3,,2
update,102242,102268,102272,4,,3
update,102253,102279,102282,3,,4
update,102264,102291,102295,4,,5
inbound,102265,102295,102299,4,,6
update,102275,102305,102308,3,,7
update,102286,102316,102319,3,,8
update,102297,102326,102330,4,,9
update,102308,102337,102341,4,,10
update,102319,102349,102353,4,,11
inbound,102320,102350,102353,3,,12
update,102330,102360,102363,3,,13
update,102341,102370,102373,3,,14
update,102352,102382,102386,4,,15
update,102363,102393,102395,2,,0
update,102374,102403,102407,4,,1
inbound,102375,102405,102409,4,,2
update,102385,102414,102418,4,,3
update,102396,102426,102429,3,,4
inbound,102400,102430,102434,4,,5
update,102407,102437,102439,2,,6
update,102418,102447,102451,4,,7
inbound,102425,102455,102459,4,,8
update,102429,102459,102463,4,,9
inbound,102430,102460,102464,4,,10
update,102440,102470,102474,4,,11
update,102451,102481,102484,3,,12
update,102462,102492,102496,4,,13
update,102473,102502,102506,4,,14
update,102484,102514,102517,3,,15
inbound,102485,102515,102518,3,,0
update,102495,102525,102528,3,,1
update,102506,102536,102539,3,,2
update,102517,102547,102550,3,,3
update,102528,102558,102561,3,,4
update,102539,102569,102572,3,,5
inbound,102540,102570,102573,3,,6
update,102550,102580,102583,3,,7
update,102561,102591,102594,3,,8
update,102572,102602,102604,2,,9
update,102583,102613,102616,3,,10
update,102594,102624,102629,5,,11
inbound,102595,102625,102629,4,,12
update,102605,102635,102637,2,,13
update,102616,102646,102649,3,,14
update,102627,102657,102660,3,,15
update,102638,102668,102671,3,,0
update,102649,102679,102682,3,,1
inbound,102650,102680,102683,3,,2
update,102660,102690,102693,3,,3
update,102671,102700,102702,2,,4
update,102682,102712,102715,3,,5
update,102693,102723,102725,2,,6
update,102704,102733,102736,3,,7
inbound,102705,102734,102737,3,,8
update,102715,102745,102748,3,,9
update,102726,102756,102759,3,,10
update,102737,102767,102770,3,,11
update,102748,102777,102780,3,,12
update,102759,102789,102792,3,,13
inbound,102760,102790,102792,2,,14
update,102770,102800,102802,2,,15
update,102781,102810,102813,3,,0
update,102792,102822,102826,4,,1
update,102803,102833,102836,3,,2
update,102814,102844,102847,3,,3
inbound,102815,102845,102848,3,,4
update,102825,102855,102858,3,,5
update,102836,102866,102868,2,,6
update,102847,102876,102879,3,,7
update,102858,102888,102891,3,,8
update,102869,102899,102902,3,,9
update,102880,102909,102912,3,,10
update,102891,102921,102928,7,,11
update,102902,102932,102938,6,,12
update,102913,102942,102947,5,,13
update,102924,102954,102958,4,,14
inbound,103000,103030,103033,3,,0
update,103000,103030,103034,4,,15
update,103011,103041,103044,3,,1
update,103022,103052,103055,3,,2
inbound,103025,103055,103057,2,,3
update,103033,103062,103065,3,,4
update,103044,103074,103077,3,,5
update,103055,103084,103087,3,,6
update,103066,103096,103099,3,,7
update,103077,103107,103110,3,,8
update,103088,103118,103121,3,,9
update,103099,103129,103132,3,,10
inbound,103100,103129,103133,4,,11
update,103110,103140,103142,2,,12
update,103121,103150,103153,3,,13
update,103132,103162,103165,3,,14
update,103143,103173,103176,3,,15
update,103154,103184,103187,3,,0
inbound,103155,103184,103187,3,,1
update,103165,103194,103197,3,,2
update,103176,103206,103209,3,,3
update,103187,103217,103220,3,,4
update,103198,103228,103231,3,,5
inbound,103200,103229,103233,4,,6
update,103209,103239,103242,3,,7
inbound,103210,103240,103243,3,,8
update,103220,103249,103252,3,,9
inbound,103225,103255,103257,2,,10
update,103231,103260,103263,3,,11
update,103242,103272,103275,3,,12
update,103253,103283,103286,3,,13
update,103264,103294,103299,5,,14
inbound,103265,103296,103299,3,,15
update,103275,103305,103308,3,,0
update,103286,103315,103319,4,,1
update,103297,103327,103330,3,,2
update,103308,103337,103340,3,,3
update,103319,103349,103353,4,,4
inbound,103320,103349,103353,4,,5
update,103330,103359,103362,3,,6
update,103341,103371,103374,3,,7
update,103352,103382,103385,3,,8
update,103363,103392,103395,3,,9
update,103374,103403,103406,3,,10
inbound,103375,103403,103407,4,,11
update,103385,103415,103417,2,,12
update,103396,103425,103428,3,,13
inbound,103400,103430,103433,3,,14
update,103407,103436,103439,3,,15
update,103418,103447,103450,3,,0
inbound,103425,103455,103457,2,,1
update,103429,103459,103463,4,,2
inbound,103430,103460,103464,4,,3
update,103440,103470,103473,3,,4
update,103451,103480,103483,3,,5
update,103462,103492,103494,2,,6
update,103473,103502,103505,3,,7
update,103484,103513,103516,3,,8
inbound,103485,103515,103517,2,,9
update,103495,103525,103527,2,,10
update,103506,103536,103538,2,,11
update,103517,103546,103549,3,,12
update,103528,103557,103560,3,,13
inbound,103540,103569,103573,4,,15
update,103539,103569,103573,4,,14
update,103550,103580,103583,3,,0
update,103561,103591,103594,3,,1
update,103572,103602,103605,3,,2
update,103583,103613,103615,2,,3
inbound,103595,103624,103626,2,,5
update,103594,103624,103627,3,,4
update,103605,103635,103638,3,,6
update,103616,103646,103649,3,,7
update,103627,103657,103660,3,,8
update,103638,103668,103670,2,,9
inbound,103650,103679,103682,3,,11
update,103649,103679,103682,3,,10
update,103660,103689,103692,3,,12
update,103671,103701,103704,3,,13
update,103682,103712,103715,3,,14
update,103693,103723,103725,2,,15
update,103704,103734,103737,3,,0
inbound,103705,103735,103738,3,,1
update,103715,103745,103748,3,,2
update,103726,103756,103759,3,,3
update,103737,103767,103770,3,,4
update,103748,103778,103781,3,,5
update,103759,103789,103792,3,,6
inbound,103760,103790,103792,2,,7
update,103770,103800,103803,3,,8
update,103781,103810,103814,4,,9
update,103792,103822,103825,3,,10
update,103803,103833,103835,2,,11
inbound,103815,103845,103848,3,,13
update,103814,103844,103850,6,,12
update,103825,103855,103858,3,,14
update,103836,103866,103868,2,,15
update,103847,103876,103879,3,,0
update,103858,103888,103891,3,,1
update,103869,103899,103901,2,,2
update,103880,103910,103913,3,,3
update,103891,103921,103924,3,,4
update,103902,103931,103934,3,,5
update,103913,103943,103945,2,,6
update,103924,103954,103957,3,,7
update,104000,104030,104033,3,,8
inbound,104000,104035,104039,4,,9
update,104011,104041,104044,3,,10
update,104022,104052,104055,3,,11
inbound,104025,104061,104065,4,,12
update,104033,104063,104067,4,,13
update,104044,104074,104077,3,,14
update,104055,104085,104087,2,,15
update,104066,104095,104099,4,,0
update,104077,104107,104110,3,,1
update,104088,104118,104120,2,,2
update,104099,104129,104132,3,,3
inbound,104100,104135,104138,3,,4
update,104110,104140,104143,3,,5
update,104121,104151,104154,3,,6
update,104132,104162,104165,3,,7
update,104143,104173,104177,4,,8
update,104154,104183,104186,3,,9
inbound,104155,104190,104193,3,,10
update,104165,104194,104197,3,,11
update,104176,104206,104209,3,,12
update,104187,104217,104219,2,,13
update,104198,104228,104231,3,,14
inbound,104200,104236,104241,5,,15
update,104209,104238,104242,4,,0
inbound,104210,104245,104248,3,,1
update,104220,104250,104252,2,,2
inbound,104225,104261,104263,2,,4
update,104231,104261,104265,4,,3
update,104242,104271,104274,3,,5
update,104253,104283,104286,3,,6
update,104264,104294,104297,3,,7
inbound,104265,104301,104309,8,,8
update,104275,104305,104309,4,,9
update,104286,104316,104320,4,,10
update,104297,104327,104330,3,,11
update,104308,104338,104342,4,,12
update,104319,104348,104351,3,,13
inbound,104320,104356,104358,2,,14
update,104330,104360,104362,2,,15
update,104341,104371,104373,2,,0
update,104352,104382,104385,3,,1
update,104363,104393,104396,3,,2
update,104374,104404,104407,3,,3
inbound,104375,104411,104415,4,,4
update,104385,104414,104418,4,,5
update,104396,104426,104429,3,,6
inbound,104400,104435,104439,4,,7
update,104407,104437,104440,3,,8
update,104418,104448,104451,3,,9
inbound,104425,104459,104462,3,,11
update,104429,104459,104463,4,,10
inbound,104430,104465,104469,4,,12
update,104440,104469,104472,3,,13
update,104451,104481,104484,3,,14
update,104462,104491,104494,3,,15
update,104473,104503,104506,3,,0
update,104484,104514,104517,3,,1
inbound,104485,104521,104524,3,,2
update,104495,104524,104527,3,,3
update,104506,104536,104539,3,,4
update,104517,104547,104550,3,,5
update,104528,104558,104561,3,,6
update,104539,104569,104572,3,,7
inbound,104540,104576,104579,3,,8
update,104550,104579,104582,3,,9
update,104561,104590,104593,3,,10
update,104572,104602,104605,3,,11
update,104583,104613,104616,3,,12
update,104594,104624,104627,3,,13
inbound,104595,104631,104634,3,,14
update,104605,104635,104639,4,,15
update,104616,104651,104655,4,,0
update,104627,104663,104666,3,,1
update,104638,104674,104677,3,,2
update,104649,104685,104688,3,,3
inbound,104650,104686,104689,3,,4
update,104660,104694,104697,3,,5
update,104671,104707,104710,3,,6
update,104682,104717,104720,3,,7
update,104693,104729,104733,4,,8
update,104704,104740,104744,4,,9
inbound,104705,104741,104745,4,,10
update,104715,104751,104754,3,,11
update,104726,104762,104764,2,,12
update,104737,104773,104776,3,,13
update,104748,104784,104787,3,,14
update,104759,104794,104797,3,,15
inbound,104760,104795,104799,4,,0
update,104770,104806,104809,3,,1
update,104781,104817,104819,2,,2
update,104792,104828,104831,3,,3
update,104803,104839,104842,3,,4
update,104814,104849,104853,4,,5
inbound,104815,104851,104853,2,,6
update,104825,104860,104863,3,,7
update,104836,104872,104875,3,,8
update,104847,104882,104886,4,,9
update,104858,104894,104897,3,,10
update,104869,104905,104908,3,,11
update,104880,104916,104918,2,,12
update,104891,104927,104930,3,,13
update,104902,104938,104941,3,,14
update,104913,104948,104952,4,,15
update,104924,104959,104963,4,,0
update,105000,105036,105041,5,,1
inbound,105000,105038,105042,4,,2
update,105011,105047,105050,3,,3
update,105022,105057,105060,3,,4
inbound,105025,105061,105064,3,,5
update,105033,105068,105071,3,,6
update,105044,105079,105082,3,,7
update,105055,105091,105094,3,,8
update,105066,105102,105106,4,,9
update,105077,105113,105116,3,,10
update,105088,105124,105127,3,,11
update,105099,105135,105138,3,,12
inbound,105100,105137,105141,4,,13
update,105110,105146,105149,3,,14
update,105121,105157,105160,3,,15
update,105132,105168,105170,2,,0
update,105143,105179,105182,3,,1
update,105154,105190,105193,3,,2
inbound,105155,105192,105195,3,,3
update,105165,105201,105204,3,,4
update,105176,105212,105215,3,,5
update,105187,105223,105226,3,,6
update,105198,105234,105238,4,,7
inbound,105200,105237,105241,4,,8
inbound,105210,105246,105250,4,,10
update,105209,105245,105250,5,,9
update,105220,105256,105259,3,,11
inbound,105225,105262,105265,3,,12
update,105231,105267,105271,4,,13
update,105242,105278,105281,3,,14
update,105253,105289,105292,3,,15
update,105264,105300,105304,4,,0
inbound,105265,105302,105306,4,,1
update,105275,105311,105315,4,,2
update,105286,105322,105326,4,,3
update,105297,105333,105335,2,,4
update,105308,105344,105346,2,,5
update,105319,105355,105358,3,,6
inbound,105320,105357,105361,4,,7
update,105330,105366,105369,3,,8
update,105341,105377,105380,3,,9
update,105352,105387,105391,4,,10
update,105363,105398,105402,4,,11
update,105374,105410,105413,3,,12
inbound,105375,105412,105415,3,,13
update,105385,105421,105424,3,,14
update,105396,105431,105436,5,,15
inbound,105400,105437,105440,3,,0
update,105407,105443,105446,3,,1
update,105418,105454,105456,2,,2
inbound,105425,105462,105465,3,,3
update,105429,105465,105468,3,,4
inbound,105430,105466,105470,4,,5
update,105440,105476,105479,3,,6
update,105451,105486,105489,3,,7
update,105462,105497,105500,3,,8
update,105473,105509,105512,3,,9
update,105484,105520,105523,3,,10
inbound,105485,105522,105526,4,,11
update,105495,105531,105534,3,,12
update,105506,105542,105547,5,,13
update,105517,105553,105556,3,,14
update,105528,105563,105566,3,,15
update,105539,105575,105578,3,,0
inbound,105540,105577,105580,3,,1
update,105550,105585,105588,3,,2
update,105561,105596,105600,4,,3
update,105572,105609,105612,3,,4
update,105583,105619,105623,4,,5
update,105594,105630,105634,4,,6
inbound,105595,105632,105636,4,,7
update,105605,105642,105645,3,,8
update,105616,105652,105656,4,,9
update,105627,105664,105667,3,,10
update,105638,105675,105678,3,,11
update,105649,105685,105689,4,,12
inbound,105650,105687,105690,3,,13
update,105660,105697,105700,3,,14
update,105671,105707,105711,4,,15
update,105682,105719,105721,2,,0
update,105693,105730,105734,4,,1
update,105704,105741,105745,4,,2
inbound,105705,105742,105747,5,,3
update,105715,105752,105754,2,,4
update,105726,105763,105767,4,,5
update,105737,105774,105776,2,,6
update,105748,105785,105788,3,,7
update,105759,105796,105799,3,,8
inbound,105760,105797,105799,2,,9
update,105770,105807,105809,2,,10
update,105781,105818,105821,3,,11
update,105792,105829,105832,3,,12
update,105803,105840,105842,2,,13
update,105814,105849,105852,3,,14
inbound,105815,105852,105854,2,,15
update,105825,105862,105865,3,,0
update,105836,105873,105876,3,,1
update,105847,105884,105887,3,,2
update,105858,105895,105898,3,,3
update,105869,105904,105907,3,,4
update,105880,105917,105920,3,,5
update,105891,105928,105931,3,,6
update,105902,105939,105941,2,,7
update,105913,105950,105952,2,,8
update,105924,105961,105964,3,,9
inbound,106000,106037,106041,4,,11
update,106000,106037,106041,4,,10
update,106011,106048,106051,3,,12
update,106022,106058,106061,3,,13
inbound,106025,106062,106065,3,,14
update,106033,106069,106072,3,,15
update,106044,106079,106083,4,,0
update,106055,106091,106095,4,,1
update,106066,106103,106106,3,,2
update,106077,106114,106118,4,,3
update,106088,106125,106128,3,,4
update,106099,106136,106141,5,,5
inbound,106100,106137,106142,5,,6
update,106110,106146,106150,4,,7
update,106121,106158,106161,3,,8
update,106132,106170,106173,3,,9
update,106143,106179,106182,3,,10
inbound,106155,106192,106196,4,,12
update,106154,106191,106197,6,,11
update,106165,106202,106205,3,,13
update,106176,106212,106217,5,,14
update,106187,106224,106227,3,,15
update,106198,106235,106238,3,,0
inbound,106200,106237,106245,8,,1
update,106209,106245,106251,6,,2
inbound,106210,106246,106256,10,,3
update,106220,106257,106260,3,,4
inbound,106225,106261,106265,4,,5
update,106231,106268,106271,3,,6
update,106242,106278,106282,4,,7
update,106253,106290,106292,2,,8
inbound,106265,106301,106305,4,,10
update,106264,106301,106305,4,,9
update,106275,106311,106316,5,,11
update,106286,106322,106326,4,,12
update,106297,106334,106337,3,,13
update,106308,106345,106348,3,,14
update,106319,106356,106359,3,,15
inbound,106320,106356,106360,4,,0
update,106330,106366,106369,3,,1
update,106341,106377,106380,3,,2
update,106352,106388,106391,3,,3
update,106363,106400,106402,2,,4
update,106374,106410,106414,4,,5
inbound,106375,106412,106415,3,,6
update,106385,106422,106424,2,,7
update,106396,106432,106436,4,,8
inbound,106400,106437,106440,3,,9
update,106407,106444,106447,3,,10
update,106418,106455,106458,3,,11
inbound,106425,106461,106464,3,,12
update,106429,106466,106470,4,,13
inbound,106430,106466,106470,4,,14
update,106440,106477,106480,3,,15
update,106451,106488,106490,2,,0
update,106462,106499,106501,2,,1
update,106473,106510,106513,3,,2
update,106484,106520,106523,3,,3
inbound,106485,106521,106525,4,,4
update,106495,106532,106535,3,,5
update,106506,106543,106546,3,,6
update,106517,106554,106557,3,,7
update,106528,106565,106568,3,,8
inbound,106540,106576,106580,4,,10
update,106539,106576,106580,4,,9
update,106550,106587,106590,3,,11
update,106561,106597,106600,3,,12
update,106572,106609,106612,3,,13
update,106583,106620,106623,3,,14
update,106594,106630,106634,4,,15
inbound,106595,106631,106635,4,,0
update,106605,106641,106645,4,,1
update,106616,106653,106655,2,,2
update,106627,106663,106666,3,,3
update,106638,106675,106678,3,,4
update,106649,106686,106689,3,,5
inbound,106650,106687,106690,3,,6
update,106660,106697,106700,3,,7
update,106671,106708,106710,2,,8
update,106682,106718,106721,3,,9
update,106693,106729,106733,4,,10
update,106704,106740,106744,4,,11
inbound,106705,106742,106745,3,,12
update,106715,106752,106755,3,,13
update,106726,106762,106765,3,,14
update,106737,106774,106777,3,,15
update,106748,106785,106788,3,,0
inbound,106760,106796,106798,2,,2
update,106759,106796,106800,4,,1
update,106770,106807,106810,3,,3
update,106781,106817,106820,3,,4
update,106792,106829,106832,3,,5
update,106803,106839,106842,3,,6
inbound,106815,106851,106853,2,,8
update,106814,106851,106854,3,,7
update,106825,106862,106865,3,,9
update,106836,106872,106875,3,,10
update,106847,106884,106887,3,,11
update,106858,106895,106898,3,,12
update,106869,106906,106909,3,,13
update,106880,106917,106920,3,,14
update,106891,106928,106931,3,,15
update,106902,106939,106941,2,,0
update,106913,106949,106952,3,,1
update,106924,106961,106964,3,,2
update,107000,107036,107039,3,,3
inbound,107000,107036,107040,4,,4
update,107011,107048,107051,3,,5
update,107022,107059,107063,4,,6
inbound,107025,107062,107065,3,,7
update,107033,107069,107072,3,,8
update,107044,107080,107084,4,,9
update,107055,107092,107095,3,,10
update,107066,107103,107106,3,,11
update,107077,107113,107116,3,,12
update,107088,107124,107128,4,,13
update,107099,107136,107139,3,,14
inbound,107100,107136,107139,3,,15
update,107110,107147,107149,2,,0
update,107121,107158,107161,3,,1
update,107132,107169,107172,3,,2
update,107143,107180,107183,3,,3
inbound,107155,107191,107195,4,,5
update,107154,107191,107196,5,,4
update,107165,107202,107205,3,,6
update,107176,107213,107216,3,,7
update,107187,107224,107227,3,,8
update,107198,107235,107239,4,,9
inbound,107200,107237,107240,3,,10
inbound,107210,107245,107248,3,,12
update,107209,107245,107248,3,,11
update,107220,107256,107259,3,,13
inbound,107225,107261,107264,3,,14
update,107231,107268,107271,3,,15
update,107242,107279,107282,3,,0
update,107253,107290,107293,3,,1
update,107264,107301,107306,5,,2
inbound,107265,107302,107306,4,,3
update,107275,107312,107316,4,,4
update,107286,107323,107326,3,,5
update,107297,107333,107336,3,,6
update,107308,107345,107348,3,,7
inbound,107320,107356,107359,3,,9
update,107319,107356,107359,3,,8
update,107330,107367,107369,2,,10
update,107341,107378,107380,2,,11
update,107352,107389,107391,2,,12
update,107363,107399,107402,3,,13
inbound,107375,107411,107416,5,,15
update,107374,107411,107417,6,,14
update,107385,107422,107424,2,,0
update,107396,107433,107436,3,,1
inbound,107400,107436,107439,3,,2
update,107407,107444,107446,2,,3
update,107418,107455,107457,2,,4
inbound,107425,107461,107463,2,,5
update,107429,107465,107468,3,,6
inbound,107430,107466,107469,3,,7
update,107440,107476,107479,3,,8
update,107451,107487,107490,3,,9
update,107462,107499,107503,4,,10
update,107473,107510,107513,3,,11
update,107484,107521,107524,3,,12
inbound,107485,107522,107528,6,,13
update,107495,107532,107535,3,,14
update,107506,107543,107546,3,,15
update,107517,107554,107557,3,,0
update,107528,107565,107568,3,,1
update,107539,107576,107579,3,,2
inbound,107540,107577,107581,4,,3
update,107550,107586,107589,3,,4
update,107561,107598,107602,4,,5
update,107572,107609,107613,4,,6
update,107583,107620,107624,4,,7
inbound,107595,107631,107634,3,,9
update,107594,107631,107635,4,,8
update,107605,107642,107645,3,,10
update,107616,107653,107656,3,,11
update,107627,107664,107667,3,,12
update,107638,107675,107678,3,,13
update,107649,107686,107689,3,,14
inbound,107650,107687,107690,3,,15
update,107660,107696,107699,3,,0
update,107671,107708,107711,3,,1
update,107682,107719,107722,3,,2
update,107693,107730,107733,3,,3
inbound,107705,107741,107744,3,,5
update,107704,107741,107745,4,,4
update,107715,107752,107754,2,,6
update,107726,107763,107765,2,,7
update,107737,107773,107776,3,,8
update,107748,107783,107786,3,,9
inbound,107760,107796,107799,3,,11
update,107759,107796,107800,4,,10
update,107770,107807,107810,3,,12
update,107781,107818,107820,2,,13
update,107792,107829,107831,2,,14
update,107803,107840,107842,2,,15
inbound,107815,107851,107853,2,,1
update,107814,107851,107854,3,,0
update,107825,107862,107865,3,,2
update,107836,107873,107876,3,,3
update,107847,107883,107886,3,,4
update,107858,107895,107898,3,,5
update,107869,107906,107909,3,,6
update,107880,107917,107920,3,,7
update,107891,107928,107931,3,,8
update,107902,107938,107941,3,,9
update,107913,107949,107952,3,,10
update,107924,107961,107964,3,,11
inbound,108000,108037,108040,3,,13
update,108000,108037,108041,4,,12
update,108011,108048,108051,3,,14
update,108022,108058,108061,3,,15
inbound,108025,108061,108065,4,,0
update,108033,108070,108073,3,,1
update,108044,108081,108086,5,,2
update,108055,108092,108095,3,,3
update,108066,108103,108106,3,,4
update,108077,108114,108117,3,,5
update,108088,108125,108127,2,,6
update,108099,108135,108139,4,,7
inbound,108100,108136,108141,5,,8
update,108110,108146,108149,3,,9
update,108121,108158,108161,3,,10
update,108132,108169,108172,3,,11
update,108143,108179,108183,4,,12
update,108154,108191,108194,3,,13
inbound,108155,108192,108196,4,,14
update,108165,108202,108204,2,,15
update,108176,108213,108216,3,,0
update,108187,108223,108227,4,,1
update,108198,108234,108239,5,,2
inbound,108200,108237,108240,3,,3
update,108209,108245,108248,3,,4
inbound,108210,108246,108250,4,,5
update,108220,108257,108260,3,,6
inbound,108225,108261,108264,3,,7
update,108231,108267,108271,4,,8
update,108242,108279,108282,3,,9
update,108253,108290,108293,3,,10
inbound,108265,108300,108303,3,,12
update,108264,108300,108305,5,,11
update,108275,108312,108315,3,,13
update,108286,108323,108327,4,,14
update,108297,108333,108336,3,,15
update,108308,108345,108348,3,,0
update,108319,108356,108360,4,,1
inbound,108320,108357,108360,3,,2
update,108330,108367,108370,3,,3
update,108341,108378,108381,3,,4
update,108352,108389,108391,2,,5
update,108363,108399,108402,3,,6
update,108374,108411,108414,3,,7
inbound,108375,108411,108415,4,,8
update,108385,108421,108424,3,,9
update,108396,108433,108436,3,,10
inbound,108400,108437,108440,3,,11
update,108407,108444,108447,3,,12
update,108418,108455,108458,3,,13
inbound,108425,108461,108465,4,,14
update,108429,108466,108470,4,,15
inbound,108430,108467,108471,4,,0
update,108440,108477,108480,3,,1
update,108451,108488,108490,2,,2
update,108462,108499,108501,2,,3
update,108473,108510,108513,3,,4
update,108484,108521,108524,3,,5
inbound,108485,108522,108525,3,,6
update,108495,108532,108535,3,,7
update,108506,108543,108546,3,,8
update,108517,108554,108557,3,,9
update,108528,108564,108567,3,,10
update,108539,108576,108579,3,,11
inbound,108540,108577,108581,4,,12
update,108550,108587,108590,3,,13
update,108561,108598,108601,3,,14
update,108572,108609,108612,3,,15
update,108583,108620,108623,3,,0
update,108594,108631,108634,3,,1
inbound,108595,108631,108635,4,,2
update,108605,108642,108645,3,,3
update,108616,108653,108656,3,,4
update,108627,108662,108665,3,,5
update,108638,108674,108677,3,,6
update,108649,108685,108689,4,,7
inbound,108650,108687,108690,3,,8
update,108660,108696,108700,4,,9
update,108671,108708,108710,2,,10
update,108682,108719,108722,3,,11
update,108693,108729,108733,4,,12
update,108704,108740,108744,4,,13
inbound,108705,108741,108745,4,,14
update,108715,108752,108755,3,,15
update,108726,108763,108765,2,,0
update,108737,108773,108777,4,,1
update,108748,108784,108787,3,,2
update,108759,108795,108799,4,,3
inbound,108760,108797,108799,2,,4
update,108770,108807,108810,3,,5
update,108781,108816,108819,3,,6
update,108792,108829,108832,3,,7
update,108803,108840,108843,3,,8
inbound,108815,108851,108854,3,,10
update,108814,108851,108854,3,,9
update,108825,108862,108865,3,,11
update,108836,108873,108877,4,,12
update,108847,108883,108887,4,,13
update,108858,108895,108898,3,,14
update,108869,108906,108909,3,,15
update,108880,108917,108920,3,,0
update,108891,108928,108931,3,,1
update,108902,108938,108941,3,,2
update,108913,108950,108953,3,,3
update,108924,108961,108964,3,,4
inbound,109000,109036,109039,3,,6
update,109000,109036,109040,4,,5
update,109011,109048,109051,3,,7
update,109022,109059,109064,5,,8
inbound,109025,109062,109065,3,,9
update,109033,109070,109073,3,,10
update,109044,109081,109085,4,,11
update,109055,109091,109096,5,,12
update,109066,109103,109106,3,,13
update,109077,109114,109116,2,,14
update,109088,109124,109128,4,,15
update,109099,109136,109139,3,,0
inbound,109100,109137,109141,4,,1
update,109110,109147,109150,3,,2
update,109121,109158,109161,3,,3
update,109132,109168,109171,3,,4
update,109143,109180,109183,3,,5
update,109154,109191,109194,3,,6
inbound,109155,109192,109196,4,,7
update,109165,109202,109205,3,,8
update,109176,109212,109216,4,,9
update,109187,109223,109227,4,,10
update,109198,109234,109238,4,,11
inbound,109200,109236,109240,4,,12
update,109209,109246,109250,4,,13
inbound,109210,109247,109250,3,,14
update,109220,109257,109260,3,,15
inbound,109225,109262,109265,3,,0
update,109231,109267,109270,3,,1
update,109242,109279,109282,3,,2
update,109253,109290,109293,3,,3
update,109264,109301,109305,4,,4
inbound,109265,109302,109306,4,,5
update,109275,109311,109314,3,,6
update,109286,109323,109327,4,,7
update,109297,109333,109338,5,,8
update,109308,109345,109348,3,,9
inbound,109320,109356,109359,3,,11
update,109319,109356,109359,3,,10
update,109330,109366,109369,3,,12
update,109341,109377,109380,3,,13
update,109352,109389,109391,2,,14
update,109363,109400,109403,3,,15
inbound,109375,109411,109415,4,,1
update,109374,109411,109416,5,,0
update,109385,109422,109425,3,,2
update,109396,109432,109435,3,,3
inbound,109400,109436,109440,4,,4
update,109407,109444,109447,3,,5
update,109418,109455,109460,5,,6
inbound,109425,109462,109469,7,,7
inbound,109430,109466,109470,4,,9
update,109429,109466,109470,4,,8
update,109440,109477,109483,6,,10
update,109451,109487,109492,5,,11
update,109462,109498,109502,4,,12
update,109473,109510,109512,2,,13
update,109484,109521,109524,3,,14
inbound,109485,109522,109526,4,,15
update,109495,109532,109534,2,,0
update,109506,109542,109545,3,,1
update,109517,109554,109557,3,,2
update,109528,109565,109568,3,,3
inbound,109540,109577,109581,4,,5
update,109539,109576,109581,5,,4
update,109550,109587,109590,3,,6
update,109561,109598,109601,3,,7
update,109572,109608,109611,3,,8
update,109583,109620,109622,2,,9
update,109594,109630,109633,3,,10
inbound,109595,109631,109635,4,,11
update,109605,109642,109645,3,,12
update,109616,109653,109656,3,,13
update,109627,109664,109666,2,,14
update,109638,109675,109678,3,,15
update,109649,109685,109690,5,,0
inbound,109650,109687,109691,4,,1
update,109660,109697,109700,3,,2
update,109671,109708,109710,2,,3
update,109682,109718,109721,3,,4
update,109693,109730,109733,3,,5
update,109704,109741,109745,4,,6
inbound,109705,109742,109745,3,,7
update,109715,109752,109755,3,,8
update,109726,109763,109766,3,,9
update,109737,109773,109776,3,,10
update,109748,109785,109788,3,,11
inbound,109760,109797,109799,2,,13
update,109759,109795,109799,4,,12
update,109770,109807,109810,3,,14
update,109781,109817,109820,3,,15
update,109792,109829,109832,3,,0
update,109803,109840,109843,3,,1
update,109814,109851,109853,2,,2
inbound,109815,109852,109855,3,,3
update,109825,109862,109865,3,,4
update,109836,109873,109876,3,,5
update,109847,109884,109887,3,,6
update,109858,109895,109898,3,,7
update,109869,109906,109910,4,,8
update,109880,109917,109920,3,,9
update,109891,109928,109931,3,,10
update,109902,109939,109942,3,,11
update,109913,109950,109953,3,,12
update,109924,109960,109964,4,,13
inbound,110000,110037,110041,4,,15
update,110000,110037,110043,6,,14
update,110011,110048,110051,3,,0
update,110022,110059,110063,4,,1
inbound,110025,110062,110064,2,,2
update,110033,110070,110073,3,,3
update,110044,110081,110084,3,,4
update,110055,110092,110095,3,,5
update,110066,110103,110107,4,,6
update,110077,110113,110116,3,,7
update,110088,110125,110129,4,,8
update,110099,110135,110138,3,,9
inbound,110100,110136,110140,4,,10
update,110110,110147,110150,3,,11
update,110121,110158,110161,3,,12
update,110132,110169,110173,4,,13
update,110143,110180,110183,3,,14
update,110154,110191,110195,4,,15
inbound,110155,110191,110195,4,,0
update,110165,110202,110204,2,,1
update,110176,110213,110216,3,,2
update,110187,110222,110225,3,,3
update,110198,110235,110238,3,,4
inbound,110200,110237,110240,3,,5
update,110209,110246,110250,4,,6
inbound,110210,110246,110250,4,,7
update,110220,110257,110260,3,,8
inbound,110225,110262,110265,3,,9
update,110231,110267,110271,4,,10
update,110242,110279,110282,3,,11
update,110253,110289,110292,3,,12
update,110264,110300,110303,3,,13
inbound,110265,110301,110305,4,,14
update,110275,110311,110314,3,,15
update,110286,110323,110326,3,,0
update,110297,110334,110338,4,,1
update,110308,110344,110348,4,,2
update,110319,110355,110359,4,,3
inbound,110320,110356,110361,5,,4
update,110330,110367,110370,3,,5
update,110341,110377,110380,3,,6
update,110352,110389,110392,3,,7
update,110363,110400,110403,3,,8
update,110374,110410,110414,4,,9
inbound,110375,110412,110416,4,,10
update,110385,110421,110425,4,,11
update,110396,110433,110436,3,,12
inbound,110400,110437,110440,3,,13
update,110407,110444,110447,3,,14
update,110418,110455,110459,4,,15
inbound,110425,110461,110464,3,,0
update,110429,110466,110469,3,,1
inbound,110430,110467,110470,3,,2
update,110440,110477,110480,3,,3
update,110451,110488,110490,2,,4
update,110462,110499,110503,4,,5
update,110473,110510,110512,2,,6
update,110484,110520,110522,2,,7
inbound,110485,110522,110525,3,,8
update,110495,110531,110534,3,,9
update,110506,110543,110545,2,,10
update,110517,110553,110557,4,,11
update,110528,110565,110568,3,,12
update,110539,110576,110579,3,,13
inbound,110540,110577,110581,4,,14
update,110550,110587,110590,3,,15
update,110561,110598,110601,3,,0
update,110572,110608,110611,3,,1
update,110583,110619,110622,3,,2
update,110594,110631,110635,4,,3
inbound,110595,110632,110636,4,,4
update,110605,110642,110645,3,,5
update,110616,110652,110656,4,,6
update,110627,110663,110666,3,,7
update,110638,110675,110678,3,,8
update,110649,110686,110689,3,,9
inbound,110650,110686,110690,4,,10
update,110660,110696,110699,3,,11
update,110671,110707,110710,3,,12
update,110682,110719,110721,2,,13
update,110693,110730,110733,3,,14
update,110704,110741,110744,3,,15
inbound,110705,110742,110745,3,,0
update,110715,110752,110755,3,,1
update,110726,110763,110766,3,,2
update,110737,110774,110777,3,,3
update,110748,110785,110788,3,,4
update,110759,110795,110798,3,,5
inbound,110760,110796,110798,2,,6
update,110770,110806,110809,3,,7
update,110781,110818,110821,3,,8
update,110792,110828,110831,3,,9
update,110803,110840,110843,3,,10
update,110814,110851,110855,4,,11
inbound,110815,110852,110855,3,,12
update,110825,110861,110864,3,,13
update,110836,110872,110875,3,,14
update,110847,110883,110887,4,,15
update,110858,110894,110897,3,,0
update,110869,110906,110909,3,,1
update,110880,110917,110920,3,,2
update,110891,110928,110931,3,,3
update,110902,110939,110942,3,,4
update,110913,110950,110953,3,,5
update,110924,110961,110964,3,,6
update,111000,111037,111040,3,,7
inbound,111000,111037,111041,4,,8
update,111011,111048,111050,2,,9
update,111022,111059,111061,2,,10
inbound,111025,111061,111064,3,,11
update,111033,111070,111073,3,,12
update,111044,111080,111083,3,,13
update,111055,111091,111094,3,,14
update,111066,111102,111105,3,,15
update,111077,111113,111116,3,,0
update,111088,111125,111128,3,,1
update,111099,111136,111140,4,,2
inbound,111100,111137,111140,3,,3
update,111110,111146,111150,4,,4
update,111121,111158,111161,3,,5
update,111132,111169,111172,3,,6
update,111143,111179,111182,3,,7
update,111154,111190,111193,3,,8
inbound,111155,111190,111194,4,,9
update,111165,111202,111205,3,,10
update,111176,111213,111216,3,,11
update,111187,111224,111227,3,,12
update,111198,111234,111238,4,,13
inbound,111200,111236,111240,4,,14
update,111209,111246,111249,3,,15
inbound,111210,111246,111249,3,,0
update,111220,111256,111260,4,,1
inbound,111225,111262,111266,4,,2
update,111231,111267,111271,4,,3
update,111242,111279,111282,3,,4
update,111253,111289,111292,3,,5
update,111264,111301,111304,3,,6
inbound,111265,111302,111305,3,,7
update,111275,111311,111314,3,,8
update,111286,111323,111326,3,,9
update,111297,111334,111339,5,,10
update,111308,111345,111348,3,,11
update,111319,111356,111359,3,,12
inbound,111320,111357,111360,3,,13
update,111330,111367,111370,3,,14
update,111341,111378,111380,2,,15
update,111352,111389,111392,3,,0
update,111363,111400,111403,3,,1
update,111374,111410,111414,4,,2
inbound,111375,111412,111414,2,,3
update,111385,111422,111425,3,,4
update,111396,111433,111436,3,,5
inbound,111400,111437,111439,2,,6
update,111407,111443,111446,3,,7
update,111418,111454,111457,3,,8
inbound,111425,111462,111465,3,,9
update,111429,111466,111469,3,,10
inbound,111430,111466,111470,4,,11
update,111440,111477,111480,3,,12
update,111451,111488,111491,3,,13
update,111462,111498,111501,3,,14
update,111473,111509,111512,3,,15
update,111484,111521,111525,4,,0
inbound,111485,111522,111525,3,,1
update,111495,111532,111534,2,,2
update,111506,111543,111545,2,,3
update,111517,111554,111557,3,,4
update,111528,111565,111568,3,,5
update,111539,111576,111579,3,,6
inbound,111540,111576,111579,3,,7
update,111550,111587,111590,3,,8
update,111561,111597,111600,3,,9
update,111572,111608,111611,3,,10
update,111583,111620,111623,3,,11
inbound,111595,111631,111635,4,,13
update,111594,111631,111635,4,,12
update,111605,111642,111645,3,,14
update,111616,111653,111656,3,,15
update,111627,111664,111667,3,,0
update,111638,111675,111678,3,,1
inbound,111650,111686,111690,4,,3
update,111649,111686,111690,4,,2
update,111660,111697,111700,3,,4
update,111671,111708,111711,3,,5
update,111682,111719,111722,3,,6
update,111693,111730,111733,3,,7
inbound,111705,111742,111746,4,,9
update,111704,111741,111748,7,,8
update,111715,111752,111758,6,,10
update,111726,111763,111770,7,,11
update,111737,111774,111780,6,,12
update,111748,111785,111789,4,,13
inbound,111760,111797,111799,2,,15
update,111759,111796,111801,5,,14
update,111770,111807,111810,3,,0
update,111781,111817,111821,4,,1
update,111792,111829,111832,3,,2
update,111803,111840,111843,3,,3
inbound,111815,111851,111853,2,,5
update,111814,111851,111854,3,,4
update,111825,111861,111864,3,,6
update,111836,111873,111876,3,,7
update,111847,111884,111887,3,,8
update,111858,111895,111898,3,,9
update,111869,111906,111909,3,,10
update,111880,111917,111920,3,,11
update,111891,111927,111930,3,,12
update,111902,111938,111941,3,,13
update,111913,111949,111953,4,,14
update,111924,111961,111964,3,,15
inbound,112000,112036,112040,4,,1
update,112000,112036,112040,4,,0
update,112011,112048,112051,3,,2
update,112022,112059,112062,3,,3
inbound,112025,112062,112065,3,,4
update,112033,112069,112072,3,,5
update,112044,112081,112084,3,,6
update,112055,112092,112095,3,,7
update,112066,112102,112105,3,,8
update,112077,112114,112117,3,,9
update,112088,112125,112128,3,,10
update,112099,112136,112139,3,,11
inbound,112100,112137,112142,5,,12
update,112110,112147,112150,3,,13
update,112121,112158,112160,2,,14
update,112132,112169,112172,3,,15
update,112143,112180,112182,2,,0
update,112154,112190,112193,3,,1
inbound,112155,112192,112195,3,,2
update,112165,112202,112205,3,,3
update,112176,112213,112216,3,,4
update,112187,112223,112226,3,,5
update,112198,112235,112238,3,,6
inbound,112200,112237,112240,3,,7
update,112209,112246,112249,3,,8
inbound,112210,112247,112250,3,,9
update,112220,112257,112260,3,,10
inbound,112225,112262,112265,3,,11
update,112231,112267,112271,4,,12
update,112242,112279,112283,4,,13
update,112253,112288,112291,3,,14
update,112264,112300,112304,4,,15
inbound,112265,112302,112306,4,,0
update,112275,112312,112315,3,,1
update,112286,112323,112326,3,,2
update,112297,112334,112337,3,,3
update,112308,112345,112351,6,,4
inbound,112320,112356,112361,5,,6
update,112319,112356,112361,5,,5
update,112330,112367,112369,2,,7
update,112341,112378,112380,2,,8
update,112352,112389,112392,3,,9
update,112363,112400,112403,3,,10
update,112374,112411,112414,3,,11
inbound,112375,112412,112416,4,,12
update,112385,112422,112425,3,,13
update,112396,112432,112435,3,,14
inbound,112400,112437,112440,3,,15
update,112407,112444,112447,3,,0
update,112418,112455,112458,3,,1
inbound,112425,112461,112464,3,,2
update,112429,112466,112469,3,,3
inbound,112430,112467,112471,4,,4
update,112440,112477,112480,3,,5
update,112451,112488,112491,3,,6
update,112462,112499,112502,3,,7
update,112473,112510,112514,4,,8
update,112484,112520,112524,4,,9
inbound,112485,112522,112526,4,,10
update,112495,112532,112536,4,,11
update,112506,112543,112546,3,,12
update,112517,112554,112557,3,,13
update,112528,112564,112567,3,,14
inbound,112540,112577,112580,3,,0
update,112539,112576,112584,8,,15
update,112550,112587,112590,3,,1
update,112561,112598,112601,3,,2
update,112572,112609,112613,4,,3
update,112583,112620,112623,3,,4
update,112594,112631,112634,3,,5
inbound,112595,112632,112636,4,,6
update,112605,112641,112645,4,,7
update,112616,112653,112656,3,,8
update,112627,112663,112666,3,,9
update,112638,112675,112678,3,,10
update,112649,112686,112690,4,,11
inbound,112650,112687,112690,3,,12
update,112660,112697,112700,3,,13
update,112671,112708,112711,3,,14
update,112682,112719,112722,3,,15
update,112693,112729,112733,4,,0
update,112704,112741,112745,4,,1
inbound,112705,112742,112746,4,,2
update,112715,112752,112755,3,,3
update,112726,112763,112765,2,,4
update,112737,112773,112776,3,,5
update,112748,112785,112788,3,,6
inbound,112760,112797,112799,2,,8
update,112759,112795,112799,4,,7
update,112770,112806,112810,4,,9
update,112781,112817,112821,4,,10
update,112792,112829,112831,2,,11
update,112803,112840,112843,3,,12
update,112814,112850,112854,4,,13
inbound,112815,112852,112854,2,,14
update,112825,112862,112865,3,,15
update,112836,112873,112875,2,,0
update,112847,112883,112886,3,,1
update,112858,112893,112897,4,,2
update,112869,112905,112908,3,,3
update,112880,112917,112920,3,,4
update,112891,112928,112931,3,,5
update,112902,112939,112941,2,,6
update,112913,112949,112952,3,,7
update,112924,112961,112964,3,,8
update,113000,113036,113041,5,,9
inbound,113000,113036,113042,6,,10
update,113011,113047,113051,4,,11
update,113022,113058,113061,3,,12
inbound,113025,113061,113064,3,,13
update,113033,113070,113072,2,,14
update,113044,113081,113083,2,,15
update,113055,113091,113095,4,,0
update,113066,113103,113106,3,,1
update,113077,113113,113116,3,,2
update,113088,113124,113128,4,,3
update,113099,113136,113139,3,,4
inbound,113100,113137,113140,3,,5
update,113110,113147,113150,3,,6
update,113121,113157,113160,3,,7
update,113132,113168,113172,4,,8
update,113143,113179,113183,4,,9
update,113154,113191,113194,3,,10
inbound,113155,113191,113195,4,,11
update,113165,113202,113204,2,,12
update,113176,113213,113216,3,,13
update,113187,113224,113227,3,,14
update,113198,113235,113238,3,,15
inbound,113200,113237,113240,3,,0
update,113209,113246,113249,3,,1
inbound,113210,113246,113250,4,,2
update,113220,113256,113259,3,,3
inbound,113225,113262,113265,3,,4
update,113231,113268,113271,3,,5
update,113242,113279,113282,3,,6
update,113253,113289,113292,3,,7
inbound,113265,113301,113305,4,,9
update,113264,113301,113306,5,,8
update,113275,113312,113315,3,,10
update,113286,113322,113325,3,,11
update,113297,113334,113337,3,,12
update,113308,113345,113351,6,,13
inbound,113320,113357,113361,4,,15
update,113319,113356,113362,6,,14
update,113330,113367,113371,4,,0
update,113341,113377,113380,3,,1
update,113352,113389,113393,4,,2
update,113363,113399,113403,4,,3
update,113374,113411,113414,3,,4
inbound,113375,113412,113416,4,,5
update,113385,113422,113425,3,,6
update,113396,113433,113436,3,,7
inbound,113400,113437,113440,3,,8
update,113407,113443,113447,4,,9
update,113418,113455,113458,3,,10
inbound,113425,113462,113467,5,,11
inbound,113430,113465,113470,5,,13
update,113429,113465,113470,5,,12
update,113440,113477,113480,3,,14
update,113451,113487,113492,5,,15
update,113462,113499,113502,3,,0
update,113473,113510,113515,5,,1
inbound,113485,113521,113525,4,,3
update,113484,113521,113528,7,,2
update,113495,113532,113535,3,,4
update,113506,113543,113545,2,,5
update,113517,113554,113556,2,,6
update,113528,113564,113568,4,,7
update,113539,113576,113579,3,,8
inbound,113540,113577,113581,4,,9
update,113550,113587,113590,3,,10
update,113561,113598,113601,3,,11
update,113572,113609,113612,3,,12
update,113583,113620,113623,3,,13
update,113594,113631,113634,3,,14
inbound,113595,113632,113636,4,,15
update,113605,113642,113648,6,,0
update,113616,113653,113656,3,,1
update,113627,113664,113667,3,,2
update,113638,113675,113678,3,,3
update,113649,113686,113689,3,,4
inbound,113650,113687,113691,4,,5
update,113660,113695,113698,3,,6
update,113671,113708,113711,3,,7
update,113682,113719,113722,3,,8
update,113693,113730,113733,3,,9
update,113704,113741,113744,3,,10
inbound,113705,113741,113745,4,,11
update,113715,113751,113754,3,,12
update,113726,113763,113766,3,,13
update,113737,113774,113777,3,,14
update,113748,113784,113787,3,,15
update,113759,113796,113799,3,,0
inbound,113760,113797,113799,2,,1
update,113770,113805,113809,4,,2
update,113781,113817,113821,4,,3
update,113792,113829,113832,3,,4
update,113803,113840,113843,3,,5
inbound,113815,113851,113853,2,,7
update,113814,113850,113853,3,,6
update,113825,113862,113865,3,,8
update,113836,113873,113876,3,,9
update,113847,113883,113886,3,,10
update,113858,113895,113898,3,,11
update,113869,113906,113909,3,,12
update,113880,113917,113920,3,,13
update,113891,113927,113931,4,,14
update,113902,113939,113945,6,,15
update,113913,113950,113953,3,,0
update,113924,113960,113963,3,,1
inbound,114000,114036,114043,7,,3
update,114000,114036,114043,7,,2
update,114011,114048,114052,4,,4
update,114022,114059,114063,4,,5
inbound,114025,114061,114067,6,,6
update,114033,114070,114072,2,,7
update,114044,114081,114083,2,,8
update,114055,114091,114094,3,,9
update,114066,114102,114105,3,,10
update,114077,114113,114116,3,,11
update,114088,114124,114130,6,,12
update,114099,114136,114140,4,,13
inbound,114100,114138,114142,4,,14
update,114110,114147,114150,3,,15
update,114121,114158,114162,4,,0
update,114132,114169,114173,4,,1
update,114143,114179,114184,5,,2
update,114154,114191,114194,3,,3
inbound,114155,114192,114195,3,,4
update,114165,114201,114204,3,,5
update,114176,114213,114216,3,,6
update,114187,114223,114226,3,,7
inbound,114200,114237,114240,3,,9
update,114198,114234,114240,6,,8
update,114209,114246,114249,3,,10
inbound,114210,114247,114250,3,,11
update,114220,114257,114261,4,,12
inbound,114225,114261,114264,3,,13
update,114231,114267,114271,4,,14
update,114242,114279,114283,4,,15
update,114253,114290,114293,3,,0
update,114264,114301,114304,3,,1
inbound,114265,114302,114306,4,,2
update,114275,114312,114315,3,,3
update,114286,114323,114326,3,,4
update,114297,114334,114337,3,,5
update,114308,114344,114347,3,,6
update,114319,114355,114359,4,,7
inbound,114320,114358,114362,4,,8
update,114330,114367,114370,3,,9
update,114341,114378,114380,2,,10
update,114352,114389,114392,3,,11
update,114363,114400,114403,3,,12
update,114374,114411,114414,3,,13
inbound,114375,114412,114415,3,,14
update,114385,114422,114425,3,,15
update,114396,114432,114436,4,,0
inbound,114400,114436,114439,3,,1
update,114407,114444,114447,3,,2
update,114418,114455,114458,3,,3
inbound,114425,114461,114465,4,,4
update,114429,114465,114470,5,,5
inbound,114430,114467,114471,4,,6
update,114440,114476,114479,3,,7
update,114451,114486,114489,3,,8
update,114462,114498,114501,3,,9
update,114473,114510,114513,3,,10
update,114484,114520,114523,3,,11
inbound,114485,114522,114525,3,,12
update,114495,114532,114535,3,,13
update,114506,114542,114545,3,,14
update,114517,114553,114556,3,,15
update,114528,114565,114569,4,,0
update,114539,114576,114580,4,,1
inbound,114540,114577,114580,3,,2
update,114550,114587,114590,3,,3
update,114561,114598,114600,2,,4
update,114572,114608,114611,3,,5
update,114583,114619,114623,4,,6
update,114594,114631,114635,4,,7
inbound,114595,114631,114635,4,,8
update,114605,114642,114645,3,,9
update,114616,114653,114656,3,,10
update,114627,114664,114667,3,,11
update,114638,114675,114678,3,,12
inbound,114650,114686,114689,3,,14
update,114649,114686,114689,3,,13
update,114660,114697,114700,3,,15
update,114671,114708,114711,3,,0
update,114682,114719,114722,3,,1
update,114693,114730,114733,3,,2
inbound,114705,114742,114746,4,,4
update,114704,114741,114747,6,,3
update,114715,114751,114755,4,,5
update,114726,114763,114765,2,,6
update,114737,114774,114777,3,,7
update,114748,114785,114788,3,,8
inbound,114760,114796,114798,2,,10
update,114759,114796,114800,4,,9
update,114770,114806,114809,3,,11
update,114781,114817,114820,3,,12
update,114792,114828,114831,3,,13
update,114803,114840,114843,3,,14
inbound,114815,114851,114853,2,,0
update,114814,114850,114854,4,,15
update,114825,114862,114865,3,,1
update,114836,114873,114875,2,,2
update,114847,114883,114886,3,,3
update,114858,114895,114898,3,,4
update,114869,114905,114908,3,,5
update,114880,114916,114919,3,,6
update,114891,114928,114931,3,,7
update,114902,114938,114941,3,,8
update,114913,114950,114953,3,,9
update,114924,114961,114965,4,,10
inbound,115000,115037,115040,3,,12
update,115000,115037,115041,4,,11
update,115011,115048,115051,3,,13
update,115022,115059,115062,3,,14
inbound,115025,115062,115065,3,,15
update,115033,115070,115073,3,,0
update,115044,115081,115084,3,,1
update,115055,115091,115094,3,,2
update,115066,115103,115105,2,,3
update,115077,115113,115116,3,,4
update,115088,115125,115128,3,,5
update,115099,115136,115139,3,,6
inbound,115100,115136,115139,3,,7
update,115110,115147,115150,3,,8
update,115121,115158,115161,3,,9
update,115132,115169,115172,3,,10
update,115143,115180,115183,3,,11
update,115154,115190,115194,4,,12
inbound,115155,115190,115194,4,,13
update,115165,115201,115204,3,,14
update,115176,115213,115216,3,,15
update,115187,115224,115227,3,,0
update,115198,115235,115238,3,,1
inbound,115200,115237,115240,3,,2
update,115209,115246,115249,3,,3
inbound,115210,115246,115249,3,,4
update,115220,115257,115259,2,,5
inbound,115225,115260,115263,3,,6
update,115231,115267,115270,3,,7
update,115242,115278,115281,3,,8
update,115253,115289,115292,3,,9
update,115264,115300,115303,3,,10
inbound,115265,115300,115304,4,,11
update,115275,115312,115315,3,,12
update,115286,115323,115326,3,,13
update,115297,115333,115336,3,,14
update,115308,115345,115347,2,,15
update,115319,115356,115360,4,,0
inbound,115320,115357,115362,5,,1
update,115330,115367,115370,3,,2
update,115341,115377,115380,3,,3
update,115352,115388,115391,3,,4
update,115363,115399,115402,3,,5
update,115374,115411,115414,3,,6
inbound,115375,115411,115414,3,,7
update,115385,115421,115424,3,,8
update,115396,115433,115436,3,,9
inbound,115400,115437,115440,3,,10
update,115407,115444,115446,2,,11
update,115418,115455,115457,2,,12
inbound,115425,115462,115464,2,,13
update,115429,115465,115468,3,,14
inbound,115430,115467,115470,3,,15
update,115440,115477,115479,2,,0
update,115451,115487,115490,3,,1
update,115462,115498,115501,3,,2
update,115473,115510,115512,2,,3
update,115484,115521,115524,3,,4
inbound,115485,115522,115525,3,,5
update,115495,115532,115535,3,,6
update,115506,115543,115546,3,,7
update,115517,115553,115557,4,,8
update,115528,115565,115568,3,,9
update,115539,115576,115579,3,,10
inbound,115540,115577,115580,3,,11
update,115550,115586,115589,3,,12
update,115561,115598,115601,3,,13
update,115572,115609,115612,3,,14
update,115583,115620,115623,3,,15
inbound,115595,115631,115633,2,,1
update,115594,115631,115634,3,,0
update,115605,115642,115645,3,,2
update,115616,115653,115656,3,,3
update,115627,115664,115667,3,,4
update,115638,115674,115677,3,,5
inbound,115650,115685,115688,3,,7
update,115649,115685,115689,4,,6
update,115660,115697,115699,2,,8
update,115671,115708,115710,2,,9
update,115682,115717,115720,3,,10
update,115693,115730,115733,3,,11
inbound,115705,115741,115744,3,,13
update,115704,115741,115744,3,,12
update,115715,115751,115753,2,,14
update,115726,115762,115765,3,,15
update,115737,115773,115776,3,,0
update,115748,115785,115789,4,,1
inbound,115760,115796,115798,2,,3
update,115759,115796,115799,3,,2
update,115770,115807,115810,3,,4
update,115781,115818,115821,3,,5
update,115792,115829,115832,3,,6
update,115803,115840,115843,3,,7
inbound,115815,115851,115853,2,,9
update,115814,115851,115854,3,,8
update,115825,115862,115864,2,,10
update,115836,115873,115876,3,,11
update,115847,115884,115887,3,,12
update,115858,115894,115897,3,,13
update,115869,115906,115909,3,,14
update,115880,115917,115919,2,,15
update,115891,115927,115930,3,,0
update,115902,115939,115941,2,,1
update,115913,115950,115952,2,,2
update,115924,115960,115963,3,,3
update,116000,116037,116041,4,,4
inbound,116000,116037,116042,5,,5
update,116011,116048,116050,2,,6
update,116022,116059,116062,3,,7
inbound,116025,116061,116065,4,,8
update,116033,116070,116073,3,,9
update,116044,116080,116083,3,,10
update,116055,116092,116095,3,,11
update,116066,116102,116105,3,,12
update,116077,116114,116116,2,,13
update,116088,116125,116127,2,,14
update,116099,116135,116138,3,,15
inbound,116100,116135,116139,4,,0
update,116110,116146,116149,3,,1
update,116121,116158,116161,3,,2
update,116132,116169,116174,5,,3
update,116143,116180,116183,3,,4
update,116154,116191,116195,4,,5
inbound,116155,116192,116196,4,,6
update,116165,116201,116205,4,,7
update,116176,116212,116216,4,,8
update,116187,116224,116227,3,,9
update,116198,116235,116238,3,,10
inbound,116200,116237,116240,3,,11
update,116209,116246,116249,3,,12
inbound,116210,116247,116251,4,,13
update,116220,116256,116259,3,,14
inbound,116225,116262,116265,3,,15
update,116231,116268,116272,4,,0
update,116242,116279,116283,4,,1
update,116253,116289,116293,4,,2
update,116264,116300,116305,5,,3
inbound,116265,116301,116306,5,,4
update,116275,116312,116316,4,,5
update,116286,116322,116327,5,,6
update,116297,116334,116338,4,,7
update,116308,116345,116351,6,,8
update,116319,116356,116362,6,,9
inbound,116320,116357,116362,5,,10
update,116330,116367,116371,4,,11
update,116341,116378,116381,3,,12
update,116352,116389,116396,7,,13
update,116363,116400,116404,4,,14
inbound,116375,116411,116416,5,,0
update,116374,116411,116422,11,,15
update,116385,116422,116429,7,,1
update,116396,116434,116439,5,,2
inbound,116400,116436,116440,4,,3
update,116407,116444,116447,3,,4
update,116418,116455,116458,3,,5
inbound,116425,116461,116464,3,,6
update,116429,116465,116469,4,,7
inbound,116430,116467,116471,4,,8
update,116440,116477,116479,2,,9
update,116451,116488,116491,3,,10
update,116462,116498,116502,4,,11
update,116473,116509,116512,3,,12
update,116484,116521,116524,3,,13
inbound,116485,116521,116525,4,,14
update,116495,116532,116535,3,,15
update,116506,116543,116545,2,,0
update,116517,116554,116557,3,,1
update,116528,116565,116568,3,,2
update,116539,116576,116579,3,,3
inbound,116540,116577,116581,4,,4
update,116550,116587,116590,3,,5
update,116561,116597,116601,4,,6
update,116572,116609,116611,2,,7
update,116583,116620,116623,3,,8
update,116594,116631,116635,4,,9
inbound,116595,116632,116635,3,,10
update,116605,116641,116644,3,,11
update,116616,116652,116656,4,,12
update,116627,116663,116666,3,,13
update,116638,116675,116678,3,,14
update,116649,116685,116689,4,,15
inbound,116650,116686,116689,3,,0
update,116660,116697,116700,3,,1
update,116671,116707,116710,3,,2
update,116682,116719,116722,3,,3
update,116693,116729,116733,4,,4
update,116704,116740,116743,3,,5
inbound,116705,116740,116745,5,,6
update,116715,116752,116756,4,,7
update,116726,116763,116767,4,,8
update,116737,116774,116777,3,,9
update,116748,116785,116788,3,,10
inbound,116760,116796,116799,3,,12
update,116759,116795,116800,5,,11
update,116770,116806,116809,3,,13
update,116781,116818,116821,3,,14
update,116792,116829,116832,3,,15
update,116803,116840,116842,2,,0
inbound,116815,116852,116854,2,,2
update,116814,116851,116855,4,,1
update,116825,116861,116864,3,,3
update,116836,116873,116876,3,,4
update,116847,116882,116885,3,,5
update,116858,116895,116898,3,,6
update,116869,116906,116909,3,,7
update,116880,116916,116919,3,,8
update,116891,116928,116931,3,,9
update,116902,116939,116943,4,,10
update,116913,116950,116953,3,,11
update,116924,116961,116964,3,,12
inbound,117000,117037,117040,3,,14
update,117000,117037,117041,4,,13
update,117011,117048,117051,3,,15
update,117022,117058,117061,3,,0
inbound,117025,117061,117064,3,,1
update,117033,117069,117072,3,,2
update,117044,117081,117084,3,,3
update,117055,117092,117096,4,,4
update,117066,117103,117106,3,,5
update,117077,117114,117116,2,,6
update,117088,117125,117128,3,,7
update,117099,117136,117139,3,,8
inbound,117100,117137,117142,5,,9
update,117110,117146,117149,3,,10
update,117121,117158,117161,3,,11
update,117132,117169,117173,4,,12
update,117143,117180,117182,2,,13
update,117154,117191,117195,4,,14
inbound,117155,117192,117196,4,,15
update,117165,117202,117204,2,,0
update,117176,117212,117215,3,,1
update,117187,117224,117227,3,,2
update,117198,117235,117238,3,,3
inbound,117200,117237,117240,3,,4
update,117209,117246,117249,3,,5
inbound,117210,117246,117250,4,,6
update,117220,117257,117260,3,,7
inbound,117225,117262,117264,2,,8
update,117231,117267,117271,4,,9
update,117242,117279,117282,3,,10
update,117253,117290,117293,3,,11
update,117264,117300,117304,4,,12
inbound,117265,117302,117307,5,,13
update,117275,117312,117315,3,,14
update,117286,117323,117326,3,,15
update,117297,117334,117336,2,,0
update,117308,117345,117348,3,,1
update,117319,117356,117359,3,,2
inbound,117320,117357,117360,3,,3
update,117330,117367,117370,3,,4
update,117341,117378,117383,5,,5
update,117352,117388,117392,4,,6
update,117363,117399,117402,3,,7
update,117374,117410,117414,4,,8
inbound,117375,117410,117414,4,,9
update,117385,117422,117425,3,,10
update,117396,117433,117436,3,,11
inbound,117400,117437,117440,3,,12
update,117407,117443,117448,5,,13
update,117418,117454,117458,4,,14
inbound,117425,117462,117465,3,,15
update,117429,117465,117469,4,,0
inbound,117430,117467,117470,3,,1
update,117440,117477,117480,3,,2
update,117451,117486,117489,3,,3
update,117462,117499,117502,3,,4
update,117473,117509,117512,3,,5
update,117484,117521,117525,4,,6
inbound,117485,117521,117525,4,,7
update,117495,117532,117535,3,,8
update,117506,117542,117546,4,,9
update,117517,117554,117558,4,,10
update,117528,117564,117567,3,,11
update,117539,117576,117579,3,,12
inbound,117540,117577,117580,3,,13
update,117550,117587,117590,3,,14
update,117561,117598,117602,4,,15
update,117572,117609,117611,2,,0
update,117583,117620,117625,5,,1
inbound,117595,117631,117634,3,,3
update,117594,117630,117637,7,,2
update,117605,117642,117644,2,,4
update,117616,117653,117656,3,,5
update,117627,117664,117668,4,,6
update,117638,117675,117678,3,,7
update,117649,117686,117689,3,,8
inbound,117650,117686,117690,4,,9
update,117660,117696,117702,6,,10
update,117671,117707,117712,5,,11
update,117682,117718,117723,5,,12
update,117693,117730,117733,3,,13
inbound,117705,117742,117748,6,,15
update,117704,117741,117748,7,,14
update,117715,117751,117757,6,,0
update,117726,117763,117766,3,,1
update,117737,117773,117777,4,,2
update,117748,117783,117786,3,,3
inbound,117760,117795,117797,2,,5
update,117759,117795,117798,3,,4
update,117770,117806,117809,3,,6
update,117781,117818,117821,3,,7
update,117792,117829,117832,3,,8
update,117803,117840,117843,3,,9
inbound,117815,117851,117853,2,,11
update,117814,117851,117855,4,,10
update,117825,117860,117863,3,,12
update,117836,117872,117876,4,,13
update,117847,117884,117887,3,,14
update,117858,117895,117897,2,,15
update,117869,117906,117909,3,,0
update,117880,117917,117920,3,,1
update,117891,117928,117930,2,,2
update,117902,117938,117941,3,,3
update,117913,117949,117952,3,,4
update,117924,117960,117963,3,,5
inbound,118000,118037,118042,5,,7
update,118000,118037,118042,5,,6
update,118011,118047,118050,3,,8
update,118022,118058,118061,3,,9
inbound,118025,118061,118064,3,,10
update,118033,118070,118073,3,,11
update,118044,118081,118084,3,,12
update,118055,118091,118094,3,,13
update,118066,118102,118106,4,,14
update,118077,118114,118117,3,,15
update,118088,118125,118128,3,,0
update,118099,118136,118140,4,,1
inbound,118100,118137,118141,4,,2
update,118110,118146,118150,4,,3
update,118121,118158,118161,3,,4
update,118132,118169,118172,3,,5
update,118143,118180,118185,5,,6
update,118154,118191,118195,4,,7
inbound,118155,118192,118196,4,,8
update,118165,118200,118203,3,,9
update,118176,118213,118216,3,,10
update,118187,118224,118227,3,,11
update,118198,118235,118238,3,,12
inbound,118200,118237,118241,4,,13
inbound,118210,118246,118250,4,,15
update,118209,118246,118250,4,,14
update,118220,118257,118260,3,,0
inbound,118225,118262,118266,4,,1
update,118231,118267,118271,4,,2
update,118242,118279,118282,3,,3
update,118253,118290,118293,3,,4
update,118264,118300,118303,3,,5
inbound,118265,118300,118304,4,,6
update,118275,118311,118315,4,,7
update,118286,118322,118325,3,,8
update,118297,118334,118337,3,,9
update,118308,118345,118349,4,,10
update,118319,118356,118359,3,,11
inbound,118320,118357,118360,3,,12
update,118330,118367,118370,3,,13
update,118341,118378,118383,5,,14
update,118352,118389,118392,3,,15
update,118363,118400,118403,3,,0
update,118374,118411,118415,4,,1
inbound,118375,118412,118416,4,,2
update,118385,118421,118425,4,,3
update,118396,118433,118436,3,,4
inbound,118400,118437,118441,4,,5
update,118407,118442,118445,3,,6
update,118418,118455,118458,3,,7
inbound,118425,118462,118465,3,,8
update,118429,118466,118469,3,,9
inbound,118430,118467,118471,4,,10
update,118440,118477,118480,3,,11
update,118451,118487,118491,4,,12
update,118462,118498,118502,4,,13
update,118473,118510,118513,3,,14
update,118484,118520,118524,4,,15
inbound,118485,118522,118527,5,,0
update,118495,118532,118535,3,,1
update,118506,118543,118547,4,,2
update,118517,118554,118557,3,,3
update,118528,118564,118567,3,,4
update,118539,118576,118579,3,,5
inbound,118540,118577,118580,3,,6
update,118550,118586,118589,3,,7
update,118561,118597,118600,3,,8
update,118572,118609,118612,3,,9
update,118583,118619,118623,4,,10
update,118594,118630,118634,4,,11
inbound,118595,118631,118635,4,,12
update,118605,118642,118645,3,,13
update,118616,118653,118657,4,,14
update,118627,118664,118668,4,,15
update,118638,118675,118678,3,,0
inbound,118650,118686,118690,4,,2
update,118649,118686,118691,5,,1
update,118660,118697,118700,3,,3
update,118671,118708,118711,3,,4
update,118682,118719,118723,4,,5
update,118693,118730,118733,3,,6
update,118704,118740,118744,4,,7
inbound,118705,118742,118745,3,,8
update,118715,118752,118755,3,,9
update,118726,118762,118765,3,,10
update,118737,118774,118776,2,,11
update,118748,118785,118788,3,,12
update,118759,118796,118799,3,,13
inbound,118760,118797,118800,3,,14
update,118770,118807,118810,3,,15
update,118781,118818,118820,2,,0
update,118792,118829,118832,3,,1
update,118803,118839,118842,3,,2
inbound,118815,118850,118852,2,,4
update,118814,118850,118854,4,,3
update,118825,118862,118865,3,,5
update,118836,118873,118877,4,,6
update,118847,118884,118887,3,,7
update,118858,118895,118898,3,,8
update,118869,118905,118908,3,,9
update,118880,118917,118921,4,,10
update,118891,118928,118931,3,,11
update,118902,118939,118942,3,,12
update,118913,118950,118953,3,,13
update,118924,118961,118964,3,,14
update,119000,119036,119040,4,,15
inbound,119000,119036,119040,4,,0
update,119011,119048,119051,3,,1
update,119022,119058,119062,4,,2
inbound,119025,119062,119064,2,,3
update,119033,119070,119073,3,,4
update,119044,119081,119084,3,,5
update,119055,119092,119095,3,,6
update,119066,119103,119108,5,,7
update,119077,119114,119118,4,,8
update,119088,119124,119128,4,,9
update,119099,119136,119140,4,,10
inbound,119100,119137,119141,4,,11
update,119110,119147,119150,3,,12
update,119121,119158,119162,4,,13
update,119132,119169,119172,3,,14
update,119143,119180,119184,4,,15
update,119154,119190,119196,6,,0
inbound,119155,119193,119197,4,,1
update,119165,119202,119205,3,,2
update,119176,119213,119216,3,,3
update,119187,119223,119226,3,,4
update,119198,119234,119237,3,,5
inbound,119200,119236,119240,4,,6
update,119209,119246,119249,3,,7
inbound,119210,119247,119250,3,,8
update,119220,119257,119260,3,,9
inbound,119225,119262,119265,3,,10
update,119231,119268,119271,3,,11
update,119242,119278,119281,3,,12
update,119253,119290,119292,2,,13
update,119264,119301,119304,3,,14
inbound,119265,119301,119304,3,,15
update,119275,119312,119315,3,,0
update,119286,119322,119325,3,,1
update,119297,119334,119337,3,,2
update,119308,119345,119347,2,,3
update,119319,119356,119359,3,,4
inbound,119320,119356,119359,3,,5
update,119330,119367,119370,3,,6
update,119341,119378,119382,4,,7
update,119352,119389,119392,3,,8
update,119363,119400,119402,2,,9
update,119374,119411,119413,2,,10
inbound,119375,119411,119414,3,,11
update,119385,119422,119425,3,,12
update,119396,119433,119436,3,,13
inbound,119400,119437,119439,2,,14
update,119407,119443,119446,3,,15
update,119418,119454,119457,3,,0
inbound,119425,119462,119465,3,,1
update,119429,119466,119469,3,,2
inbound,119430,119467,119470,3,,3
update,119440,119476,119479,3,,4
update,119451,119488,119491,3,,5
update,119462,119499,119503,4,,6
update,119473,119509,119512,3,,7
update,119484,119520,119525,5,,8
inbound,119485,119522,119527,5,,9
update,119495,119532,119535,3,,10
update,119506,119542,119545,3,,11
update,119517,119553,119556,3,,12
update,119528,119565,119568,3,,13
update,119539,119575,119578,3,,14
inbound,119540,119576,119579,3,,15
update,119550,119586,119589,3,,0
update,119561,119598,119600,2,,1
update,119572,119609,119612,3,,2
update,119583,119619,119622,3,,3
update,119594,119631,119633,2,,4
inbound,119595,119632,119635,3,,5
update,119605,119642,119644,2,,6
update,119616,119653,119655,2,,7
update,119627,119663,119666,3,,8
update,119638,119674,119677,3,,9
update,119649,119686,119690,4,,10
inbound,119650,119686,119690,4,,11
update,119660,119697,119700,3,,12
update,119671,119708,119711,3,,13
update,119682,119719,119721,2,,14
update,119693,119730,119733,3,,15
update,119704,119740,119743,3,,0
inbound,119705,119742,119745,3,,1
update,119715,119752,119755,3,,2
update,119726,119763,119766,3,,3
update,119737,119774,119777,3,,4
update,119748,119785,119788,3,,5
inbound,119760,119796,119799,3,,7
update,119759,119796,119800,4,,6
update,119770,119807,119810,3,,8
update,119781,119818,119821,3,,9
update,119792,119829,119832,3,,10
update,119803,119840,119843,3,,11
inbound,119815,119851,119853,2,,13
update,119814,119851,119854,3,,12
update,119825,119862,119865,3,,14
update,119836,119873,119875,2,,15
update,119847,119883,119886,3,,0
update,119858,119894,119897,3,,1
update,119869,119905,119908,3,,2
update,119880,119917,119920,3,,3
update,119891,119928,119930,2,,4
update,119902,119937,119940,3,,5
update,119913,119950,119953,3,,6
update,119924,119960,119963,3,,7
