kind,scheduled_ms,started_ms,finished_ms,wall_ms,error,writer
update,22,35,96,61,,3
update,11,35,97,62,,2
inbound,25,35,109,74,,4
update,33,36,112,76,,5
update,0,34,124,90,,0
update,77,79,131,52,,9
update,44,58,134,76,,6
update,66,66,135,69,,8
update,55,58,135,77,,7
update,99,100,138,38,,11
inbound,0,35,141,106,,1
update,143,144,153,9,,0
update,88,89,154,65,,10
update,121,121,166,45,,14
update,154,154,167,13,,1
inbound,100,102,173,71,,12
update,132,133,174,41,,15
update,110,111,175,64,,13
update,165,166,177,11,,3
inbound,155,156,178,22,,2
update,176,176,181,5,,4
update,187,188,193,5,,5
update,198,199,206,7,,6
inbound,200,202,213,11,,7
update,209,210,214,4,,8
inbound,210,211,220,9,,9
update,220,220,224,4,,10
inbound,225,227,239,12,,11
update,231,232,243,11,,12
update,242,244,247,3,,13
update,253,253,258,5,,14
update,264,265,269,4,,15
inbound,265,267,273,6,,0
update,275,276,280,4,,1
update,286,287,290,3,,2
update,297,297,301,4,,3
update,308,308,311,3,,4
update,319,320,325,5,,5
inbound,320,322,328,6,,6
update,330,331,334,3,,7
update,341,341,345,4,,8
update,352,353,356,3,,9
update,363,364,367,3,,10
update,374,375,379,4,,11
inbound,375,376,380,4,,12
update,385,386,389,3,,13
update,396,397,401,4,,14
inbound,400,402,409,7,,15
update,407,408,413,5,,0
update,418,419,424,5,,1
inbound,425,427,435,8,,2
update,429,429,437,8,,3
inbound,430,432,438,6,,4
update,440,441,444,3,,5
update,451,453,460,7,,6
update,462,462,467,5,,7
update,473,474,478,4,,8
update,484,485,492,7,,9
inbound,485,487,496,9,,10
update,495,496,503,7,,11
update,506,507,512,5,,12
update,517,517,526,9,,13
update,528,529,535,6,,14
update,539,540,549,9,,15
inbound,540,542,550,8,,0
update,550,551,554,3,,1
update,561,562,569,7,,2
update,572,572,576,4,,3
update,583,584,587,3,,4
update,594,595,598,3,,5
inbound,595,597,601,4,,6
update,605,606,610,4,,7
update,616,617,620,3,,8
update,627,627,630,3,,9
update,638,639,642,3,,10
update,649,650,653,3,,11
inbound,650,652,655,3,,12
update,660,660,663,3,,13
update,671,671,674,3,,14
update,682,683,686,3,,15
update,693,694,697,3,,0
update,704,705,708,3,,1
inbound,705,707,710,3,,2
update,715,716,720,4,,3
update,726,727,730,3,,4
update,737,737,741,4,,5
update,748,749,753,4,,6
update,759,760,764,4,,7
inbound,760,761,766,5,,8
update,770,770,774,4,,9
update,781,782,785,3,,10
update,792,794,797,3,,11
update,803,805,809,4,,12
update,814,816,820,4,,13
inbound,815,817,821,4,,14
update,825,827,830,3,,15
update,836,838,842,4,,0
update,847,849,852,3,,1
update,858,860,863,3,,2
update,869,871,874,3,,3
update,880,882,885,3,,4
update,891,892,896,4,,5
update,902,904,908,4,,6
update,913,915,919,4,,7
update,924,926,929,3,,8
update,1000,1002,1007,5,,9
inbound,1000,1002,1007,5,,10
update,1011,1013,1016,3,,11
update,1022,1024,1027,3,,12
inbound,1025,1027,1034,7,,13
update,1033,1035,1039,4,,14
update,1044,1045,1050,5,,15
update,1055,1057,1063,6,,0
update,1066,1068,1072,4,,1
update,1077,1078,1082,4,,2
update,1088,1089,1093,4,,3
update,1099,1101,1105,4,,4
inbound,1100,1102,1109,7,,5
update,1110,1111,1115,4,,6
update,1121,1123,1128,5,,7
update,1132,1134,1139,5,,8
update,1143,1145,1149,4,,9
update,1154,1155,1160,5,,10
inbound,1155,1156,1162,6,,11
update,1165,1167,1171,4,,12
update,1176,1178,1183,5,,13
update,1187,1189,1192,3,,14
inbound,1200,1202,1206,4,,0
update,1198,1199,1206,7,,15
update,1209,1211,1216,5,,1
inbound,1210,1212,1218,6,,2
update,1220,1222,1225,3,,3
inbound,1225,1227,1231,4,,4
update,1231,1232,1236,4,,5
update,1242,1244,1247,3,,6
update,1253,1254,1257,3,,7
update,1264,1265,1270,5,,8
inbound,1265,1267,1271,4,,9
update,1275,1277,1281,4,,10
update,1286,1288,1291,3,,11
update,1297,1299,1303,4,,12
update,1308,1310,1314,4,,13
update,1319,1321,1327,6,,14
inbound,1320,1322,1327,5,,15
update,1330,1332,1336,4,,0
update,1341,1343,1347,4,,1
update,1352,1354,1357,3,,2
update,1363,1365,1368,3,,3
inbound,1375,1376,1380,4,,5
update,1374,1376,1383,7,,4
update,1385,1387,1392,5,,6
update,1396,1398,1402,4,,7
inbound,1400,1402,1408,6,,8
update,1407,1408,1412,4,,9
update,1418,1419,1422,3,,10
inbound,1425,1427,1431,4,,11
update,1429,1431,1435,4,,12
inbound,1430,1432,1437,5,,13
update,1440,1441,1445,4,,14
update,1451,1453,1457,4,,15
update,1462,1463,1468,5,,0
update,1473,1475,1479,4,,1
update,1484,1486,1491,5,,2
inbound,1485,1486,1494,8,,3
update,1495,1497,1500,3,,4
update,1506,1507,1511,4,,5
update,1517,1518,1522,4,,6
update,1528,1530,1533,3,,7
update,1539,1541,1544,3,,8
inbound,1540,1543,1549,6,,9
update,1550,1551,1555,4,,10
update,1561,1562,1566,4,,11
update,1572,1573,1579,6,,12
update,1583,1585,1588,3,,13
update,1594,1596,1600,4,,14
inbound,1595,1597,1603,6,,15
update,1605,1607,1611,4,,0
update,1616,1617,1621,4,,1
update,1627,1629,1633,4,,2
update,1638,1639,1644,5,,3
update,1649,1651,1656,5,,4
inbound,1650,1651,1658,7,,5
update,1660,1662,1666,4,,6
update,1671,1672,1675,3,,7
update,1682,1684,1687,3,,8
update,1693,1694,1698,4,,9
update,1704,1706,1711,5,,10
inbound,1705,1708,1713,5,,11
update,1715,1717,1720,3,,12
update,1726,1728,1732,4,,13
update,1737,1739,1742,3,,14
update,1748,1749,1753,4,,15
update,1759,1761,1765,4,,0
inbound,1760,1762,1766,4,,1
update,1770,1772,1776,4,,2
update,1781,1783,1786,3,,3
update,1792,1794,1798,4,,4
update,1803,1805,1809,4,,5
update,1814,1815,1821,6,,6
inbound,1815,1817,1822,5,,7
update,1825,1827,1830,3,,8
update,1836,1837,1841,4,,9
update,1847,1849,1852,3,,10
update,1858,1860,1865,5,,11
update,1869,1870,1874,4,,12
update,1880,1882,1886,4,,13
update,1891,1893,1897,4,,14
update,1902,1904,1908,4,,15
update,1913,1915,1919,4,,0
update,1924,1925,1928,3,,1
update,2000,2002,2007,5,,2
inbound,2000,2003,2008,5,,3
update,2011,2014,2017,3,,4
update,2022,2025,2028,3,,5
inbound,2025,2029,2032,3,,6
update,2033,2035,2038,3,,7
update,2044,2046,2049,3,,8
update,2055,2057,2060,3,,9
update,2066,2069,2071,2,,10
update,2077,2080,2083,3,,11
update,2088,2091,2094,3,,12
update,2099,2101,2105,4,,13
inbound,2100,2103,2110,7,,14
update,2110,2113,2116,3,,15
update,2121,2123,2126,3,,0
update,2132,2135,2138,3,,1
update,2143,2146,2149,3,,2
update,2154,2157,2160,3,,3
inbound,2155,2159,2162,3,,4
update,2165,2168,2171,3,,5
update,2176,2179,2181,2,,6
update,2187,2190,2193,3,,7
update,2198,2200,2204,4,,8
inbound,2200,2204,2206,2,,9
update,2209,2211,2214,3,,10
inbound,2210,2214,2217,3,,11
update,2220,2223,2226,3,,12
inbound,2225,2229,2233,4,,13
update,2231,2234,2237,3,,14
update,2242,2245,2248,3,,15
update,2253,2256,2259,3,,0
update,2264,2267,2270,3,,1
inbound,2265,2268,2272,4,,2
update,2275,2277,2281,4,,3
update,2286,2289,2292,3,,4
update,2297,2300,2303,3,,5
update,2308,2311,2314,3,,6
update,2319,2321,2324,3,,7
inbound,2320,2323,2327,4,,8
update,2330,2333,2336,3,,9
update,2341,2343,2346,3,,10
update,2352,2355,2358,3,,11
update,2363,2365,2369,4,,12
update,2374,2377,2380,3,,13
inbound,2375,2378,2381,3,,14
update,2385,2387,2390,3,,15
update,2396,2398,2401,3,,0
inbound,2400,2403,2406,3,,1
update,2407,2410,2412,2,,2
update,2418,2421,2424,3,,3
inbound,2425,2429,2431,2,,4
update,2429,2431,2435,4,,5
inbound,2430,2434,2437,3,,6
update,2440,2443,2446,3,,7
update,2451,2454,2456,2,,8
update,2462,2465,2468,3,,9
update,2473,2476,2479,3,,10
update,2484,2487,2491,4,,11
inbound,2485,2489,2492,3,,12
update,2495,2497,2500,3,,13
update,2506,2509,2511,2,,14
update,2517,2520,2523,3,,15
update,2528,2531,2533,2,,0
update,2539,2542,2546,4,,1
inbound,2540,2543,2548,5,,2
update,2550,2553,2556,3,,3
update,2561,2564,2567,3,,4
update,2572,2574,2577,3,,5
update,2583,2585,2588,3,,6
update,2594,2596,2601,5,,7
inbound,2595,2598,2602,4,,8
update,2605,2608,2611,3,,9
update,2616,2618,2621,3,,10
update,2627,2630,2633,3,,11
update,2638,2641,2644,3,,12
update,2649,2652,2656,4,,13
inbound,2650,2654,2658,4,,14
update,2660,2664,2667,3,,15
update,2671,2674,2677,3,,0
update,2682,2685,2688,3,,1
update,2693,2697,2699,2,,2
update,2704,2708,2711,3,,3
inbound,2705,2709,2712,3,,4
update,2715,2719,2722,3,,5
update,2726,2730,2733,3,,6
update,2737,2740,2743,3,,7
update,2748,2752,2755,3,,8
inbound,2760,2763,2766,3,,10
update,2759,2763,2767,4,,9
update,2770,2774,2777,3,,11
update,2781,2785,2787,2,,12
update,2792,2795,2798,3,,13
update,2803,2807,2810,3,,14
inbound,2815,2819,2822,3,,0
update,2814,2818,2822,4,,15
update,2825,2829,2831,2,,1
update,2836,2840,2842,2,,2
update,2847,2851,2853,2,,3
update,2858,2862,2865,3,,4
update,2869,2872,2875,3,,5
update,2880,2884,2887,3,,6
update,2891,2895,2898,3,,7
update,2902,2906,2910,4,,8
update,2913,2916,2920,4,,9
update,2924,2927,2934,7,,10
update,3011,3014,3018,4,,13
inbound,3000,3004,3018,14,,12
update,3000,3004,3019,15,,11
update,3022,3026,3079,53,,14
inbound,3025,3029,3080,51,,15
update,3066,3070,3080,10,,3
update,3044,3047,3080,33,,1
update,3033,3037,3080,43,,0
update,3055,3058,3080,22,,2
update,3077,3081,3084,3,,4
update,3088,3091,3094,3,,5
update,3099,3103,3106,3,,6
inbound,3100,3104,3107,3,,7
update,3110,3114,3117,3,,8
update,3121,3125,3128,3,,9
update,3132,3136,3138,2,,10
update,3143,3147,3150,3,,11
update,3154,3157,3164,7,,12
inbound,3155,3159,3167,8,,13
update,3165,3168,3174,6,,14
update,3176,3179,3182,3,,15
update,3187,3191,3194,3,,0
update,3198,3201,3205,4,,1
inbound,3200,3204,3207,3,,2
update,3209,3213,3218,5,,3
inbound,3210,3214,3219,5,,4
update,3220,3223,3227,4,,5
inbound,3225,3229,3232,3,,6
update,3231,3234,3237,3,,7
update,3242,3246,3249,3,,8
update,3253,3257,3260,3,,9
inbound,3265,3268,3272,4,,11
update,3264,3268,3272,4,,10
update,3275,3278,3281,3,,12
update,3286,3290,3293,3,,13
update,3297,3300,3304,4,,14
update,3308,3311,3315,4,,15
update,3319,3322,3325,3,,0
inbound,3320,3324,3327,3,,1
update,3330,3334,3337,3,,2
update,3341,3345,3348,3,,3
update,3352,3356,3360,4,,4
update,3363,3366,3371,5,,5
update,3374,3378,3385,7,,6
inbound,3375,3379,3386,7,,7
update,3385,3389,3394,5,,8
update,3396,3399,3403,4,,9
inbound,3400,3404,3407,3,,10
update,3407,3410,3413,3,,11
update,3418,3421,3425,4,,12
inbound,3425,3429,3432,3,,13
update,3429,3432,3436,4,,14
inbound,3430,3434,3438,4,,15
update,3440,3443,3446,3,,0
update,3451,3454,3457,3,,1
update,3462,3466,3469,3,,2
update,3473,3477,3479,2,,3
update,3484,3488,3491,3,,4
inbound,3485,3489,3493,4,,5
update,3495,3499,3501,2,,6
update,3506,3510,3513,3,,7
update,3517,3521,3524,3,,8
update,3528,3532,3535,3,,9
update,3539,3543,3546,3,,10
inbound,3540,3544,3548,4,,11
update,3550,3554,3557,3,,12
update,3561,3565,3567,2,,13
update,3572,3575,3579,4,,14
update,3583,3587,3589,2,,15
update,3594,3597,3601,4,,0
inbound,3595,3598,3602,4,,1
update,3605,3609,3612,3,,2
update,3616,3620,3622,2,,3
update,3627,3631,3634,3,,4
update,3638,3642,3646,4,,5
update,3649,3653,3657,4,,6
inbound,3650,3654,3658,4,,7
update,3660,3663,3666,3,,8
update,3671,3674,3677,3,,9
update,3682,3686,3689,3,,10
update,3693,3697,3700,3,,11
update,3704,3708,3711,3,,12
inbound,3705,3709,3713,4,,13
update,3715,3719,3722,3,,14
update,3726,3730,3733,3,,15
update,3737,3741,3744,3,,0
update,3748,3751,3754,3,,1
update,3759,3763,3767,4,,2
inbound,3760,3763,3768,5,,3
update,3770,3774,3777,3,,4
update,3781,3785,3787,2,,5
update,3792,3796,3799,3,,6
update,3803,3807,3810,3,,7
update,3814,3818,3821,3,,8
inbound,3815,3819,3823,4,,9
update,3825,3829,3832,3,,10
update,3836,3840,3843,3,,11
update,3847,3851,3854,3,,12
update,3858,3862,3865,3,,13
update,3869,3872,3875,3,,14
update,3880,3884,3887,3,,15
update,3891,3895,3898,3,,0
update,3902,3906,3909,3,,1
update,3913,3917,3921,4,,2
update,3924,3927,3930,3,,3
update,4000,4004,4007,3,,4
inbound,4000,4004,4008,4,,5
update,4011,4014,4017,3,,6
update,4022,4026,4028,2,,7
inbound,4025,4029,4032,3,,8
update,4033,4037,4040,3,,9
update,4044,4048,4051,3,,10
update,4055,4059,4061,2,,11
update,4066,4070,4073,3,,12
update,4077,4081,4083,2,,13
update,4088,4092,4096,4,,14
update,4099,4103,4106,3,,15
inbound,4100,4106,4109,3,,0
update,4110,4113,4116,3,,1
update,4121,4124,4127,3,,2
update,4132,4136,4139,3,,3
update,4143,4147,4150,3,,4
update,4154,4157,4160,3,,5
inbound,4155,4160,4163,3,,6
update,4165,4169,4171,2,,7
update,4176,4179,4183,4,,8
update,4187,4191,4194,3,,9
update,4198,4201,4204,3,,10
inbound,4200,4205,4208,3,,11
update,4209,4213,4216,3,,12
inbound,4210,4215,4218,3,,13
update,4220,4223,4226,3,,14
inbound,4225,4231,4234,3,,15
update,4231,4235,4238,3,,0
update,4242,4246,4249,3,,1
update,4253,4257,4260,3,,2
update,4264,4268,4271,3,,3
inbound,4265,4270,4273,3,,4
update,4275,4279,4282,3,,5
update,4286,4290,4292,2,,6
update,4297,4301,4304,3,,7
update,4308,4312,4315,3,,8
update,4319,4323,4326,3,,9
inbound,4320,4326,4329,3,,10
update,4330,4334,4337,3,,11
update,4341,4345,4348,3,,12
update,4352,4356,4358,2,,13
update,4363,4367,4369,2,,14
update,4374,4378,4381,3,,15
inbound,4375,4381,4384,3,,0
update,4385,4389,4392,3,,1
update,4396,4399,4402,3,,2
inbound,4400,4406,4409,3,,3
update,4407,4411,4414,3,,4
update,4418,4421,4424,3,,5
inbound,4425,4431,4433,2,,6
update,4429,4433,4436,3,,7
inbound,4430,4435,4438,3,,8
update,4440,4444,4447,3,,9
update,4451,4455,4457,2,,10
update,4462,4465,4468,3,,11
update,4473,4476,4479,3,,12
update,4484,4488,4491,3,,13
inbound,4485,4491,4494,3,,14
update,4495,4499,4502,3,,15
update,4506,4510,4513,3,,0
update,4517,4521,4524,3,,1
update,4528,4532,4535,3,,2
update,4539,4542,4545,3,,3
inbound,4540,4545,4548,3,,4
update,4550,4554,4556,2,,5
update,4561,4564,4567,3,,6
update,4572,4576,4579,3,,7
update,4583,4587,4590,3,,8
update,4594,4598,4601,3,,9
inbound,4595,4601,4605,4,,10
update,4605,4608,4611,3,,11
update,4616,4620,4623,3,,12
update,4627,4630,4634,4,,13
update,4638,4641,4644,3,,14
update,4649,4652,4655,3,,15
inbound,4650,4656,4659,3,,0
update,4660,4664,4667,3,,1
update,4671,4674,4677,3,,2
update,4682,4686,4689,3,,3
update,4693,4697,4700,3,,4
update,4704,4708,4711,3,,5
inbound,4705,4711,4713,2,,6
update,4715,4719,4721,2,,7
update,4726,4729,4732,3,,8
update,4737,4740,4743,3,,9
update,4748,4752,4755,3,,10
update,4759,4763,4766,3,,11
inbound,4760,4765,4768,3,,12
update,4770,4773,4776,3,,13
update,4781,4785,4787,2,,14
update,4792,4796,4799,3,,15
update,4803,4807,4810,3,,0
update,4814,4818,4821,3,,1
inbound,4815,4821,4823,2,,2
update,4825,4829,4831,2,,3
update,4836,4840,4842,2,,4
update,4847,4850,4853,3,,5
update,4858,4862,4865,3,,6
update,4869,4873,4875,2,,7
update,4880,4884,4893,9,,8
update,4891,4894,4899,5,,9
update,4902,4906,4913,7,,10
update,4913,4916,4927,11,,11
update,4924,4927,4932,5,,12
update,5000,5005,5015,10,,13
inbound,5000,5006,5015,9,,14
update,5011,5016,5023,7,,15
update,5022,5028,5034,6,,0
inbound,5025,5031,5036,5,,1
update,5033,5039,5043,4,,2
update,5044,5050,5054,4,,3
update,5055,5061,5068,7,,4
update,5066,5072,5075,3,,5
update,5077,5083,5086,3,,6
update,5088,5093,5096,3,,7
update,5099,5105,5108,3,,8
inbound,5100,5105,5108,3,,9
update,5110,5116,5118,2,,10
update,5121,5127,5129,2,,11
update,5132,5137,5140,3,,12
update,5143,5148,5151,3,,13
update,5154,5159,5162,3,,14
inbound,5155,5160,5163,3,,15
update,5165,5170,5172,2,,0
update,5176,5182,5184,2,,1
update,5187,5193,5195,2,,2
update,5198,5203,5206,3,,3
inbound,5200,5206,5208,2,,4
inbound,5210,5215,5217,2,,6
update,5209,5215,5218,3,,5
update,5220,5226,5229,3,,7
inbound,5225,5231,5234,3,,8
update,5231,5237,5240,3,,9
update,5242,5248,5251,3,,10
update,5253,5258,5261,3,,11
update,5264,5269,5272,3,,12
inbound,5265,5271,5274,3,,13
update,5275,5281,5284,3,,14
update,5286,5292,5295,3,,15
update,5297,5302,5305,3,,0
update,5308,5313,5316,3,,1
update,5319,5325,5328,3,,2
inbound,5320,5326,5329,3,,3
update,5330,5336,5338,2,,4
update,5341,5347,5350,3,,5
update,5352,5358,5361,3,,6
update,5363,5369,5372,3,,7
update,5374,5380,5383,3,,8
inbound,5375,5381,5384,3,,9
update,5385,5391,5393,2,,10
update,5396,5402,5404,2,,11
inbound,5400,5406,5409,3,,12
update,5407,5413,5415,2,,13
update,5418,5425,5429,4,,14
inbound,5425,5431,5435,4,,15
update,5429,5435,5438,3,,0
inbound,5430,5436,5441,5,,1
update,5440,5446,5449,3,,2
update,5451,5457,5461,4,,3
update,5462,5468,5471,3,,4
update,5473,5478,5481,3,,5
update,5484,5489,5493,4,,6
inbound,5485,5490,5494,4,,7
update,5495,5501,5504,3,,8
update,5506,5512,5515,3,,9
update,5517,5522,5525,3,,10
update,5528,5533,5536,3,,11
update,5539,5544,5548,4,,12
inbound,5540,5546,5549,3,,13
update,5550,5555,5558,3,,14
update,5561,5567,5570,3,,15
update,5572,5578,5581,3,,0
update,5583,5589,5592,3,,1
update,5594,5599,5603,4,,2
inbound,5595,5600,5605,5,,3
update,5605,5611,5614,3,,4
update,5616,5622,5625,3,,5
update,5627,5633,5636,3,,6
update,5638,5644,5647,3,,7
update,5649,5655,5658,3,,8
inbound,5650,5655,5658,3,,9
update,5660,5665,5669,4,,10
update,5671,5677,5680,3,,11
update,5682,5687,5691,4,,12
update,5693,5699,5703,4,,13
update,5704,5710,5713,3,,14
inbound,5705,5711,5715,4,,15
update,5715,5720,5724,4,,0
update,5726,5732,5735,3,,1
update,5737,5742,5745,3,,2
update,5748,5754,5757,3,,3
update,5759,5764,5768,4,,4
inbound,5760,5765,5769,4,,5
update,5770,5775,5779,4,,6
update,5781,5787,5790,3,,7
update,5792,5798,5801,3,,8
update,5803,5809,5812,3,,9
update,5814,5820,5823,3,,10
inbound,5815,5821,5824,3,,11
update,5825,5830,5833,3,,12
update,5836,5842,5845,3,,13
update,5847,5852,5855,3,,14
update,5858,5863,5866,3,,15
update,5869,5875,5877,2,,0
update,5880,5886,5889,3,,1
update,5891,5897,5900,3,,2
update,5902,5908,5911,3,,3
update,5913,5918,5922,4,,4
update,5924,5929,5932,3,,5
inbound,6000,6005,6009,4,,7
update,6000,6005,6009,4,,6
update,6011,6017,6020,3,,8
update,6022,6027,6030,3,,9
inbound,6025,6030,6034,4,,10
update,6033,6039,6042,3,,11
update,6044,6049,6053,4,,12
update,6055,6061,6064,3,,13
update,6066,6072,6075,3,,14
update,6077,6082,6085,3,,15
update,6088,6093,6096,3,,0
update,6099,6105,6108,3,,1
inbound,6100,6106,6110,4,,2
update,6110,6116,6119,3,,3
update,6121,6126,6129,3,,4
update,6132,6137,6141,4,,5
update,6143,6149,6151,2,,6
update,6154,6159,6163,4,,7
inbound,6155,6161,6165,4,,8
update,6165,6170,6173,3,,9
update,6176,6181,6184,3,,10
update,6187,6193,6196,3,,11
update,6198,6203,6207,4,,12
inbound,6200,6205,6209,4,,13
update,6209,6215,6218,3,,14
inbound,6210,6216,6220,4,,15
update,6220,6226,6228,2,,0
inbound,6225,6231,6234,3,,1
update,6231,6236,6240,4,,2
update,6242,6247,6250,3,,3
update,6253,6259,6262,3,,4
update,6264,6270,6273,3,,5
inbound,6265,6270,6275,5,,6
update,6275,6281,6284,3,,7
update,6286,6292,6295,3,,8
update,6297,6303,6305,2,,9
update,6308,6313,6316,3,,10
update,6319,6324,6327,3,,11
inbound,6320,6326,6329,3,,12
update,6330,6336,6339,3,,13
update,6341,6346,6349,3,,14
update,6352,6358,6361,3,,15
update,6363,6369,6371,2,,0
update,6374,6379,6383,4,,1
inbound,6375,6381,6384,3,,2
update,6385,6391,6394,3,,3
update,6396,6402,6404,2,,4
inbound,6400,6405,6416,11,,5
update,6407,6413,6417,4,,6
update,6418,6424,6426,2,,7
inbound,6425,6431,6434,3,,8
update,6429,6434,6437,3,,9
inbound,6430,6435,6440,5,,10
update,6440,6445,6449,4,,11
update,6451,6456,6465,9,,12
update,6462,6468,6472,4,,13
update,6473,6479,6483,4,,14
inbound,6485,6491,6495,4,,0
update,6484,6490,6496,6,,15
update,6495,6501,6504,3,,1
update,6506,6511,6514,3,,2
update,6517,6523,6526,3,,3
update,6528,6533,6536,3,,4
update,6539,6545,6549,4,,5
inbound,6540,6545,6549,4,,6
update,6550,6556,6559,3,,7
update,6561,6566,6569,3,,8
update,6572,6578,6581,3,,9
update,6583,6589,6591,2,,10
update,6594,6599,6603,4,,11
inbound,6595,6600,6604,4,,12
update,6605,6611,6614,3,,13
update,6616,6622,6625,3,,14
update,6627,6632,6635,3,,15
update,6638,6644,6647,3,,0
update,6649,6655,6658,3,,1
inbound,6650,6655,6659,4,,2
update,6660,6665,6668,3,,3
update,6671,6677,6679,2,,4
update,6682,6688,6690,2,,5
update,6693,6699,6702,3,,6
update,6704,6710,6714,4,,7
inbound,6705,6710,6714,4,,8
update,6715,6721,6723,2,,9
update,6726,6732,6735,3,,10
update,6737,6742,6745,3,,11
update,6748,6753,6756,3,,12
update,6759,6764,6770,6,,13
inbound,6760,6766,6770,4,,14
update,6770,6776,6779,3,,15
update,6781,6787,6790,3,,0
update,6792,6798,6801,3,,1
update,6803,6808,6811,3,,2
inbound,6815,6820,6823,3,,4
update,6814,6820,6823,3,,3
update,6825,6831,6834,3,,5
update,6836,6842,6845,3,,6
update,6847,6853,6856,3,,7
update,6858,6863,6866,3,,8
update,6869,6875,6878,3,,9
update,6880,6885,6888,3,,10
update,6891,6897,6900,3,,11
update,6902,6908,6910,2,,12
update,6913,6918,6922,4,,13
update,6924,6929,6933,4,,14
update,7000,7006,7009,3,,15
inbound,7000,7006,7011,5,,0
update,7011,7017,7020,3,,1
update,7022,7028,7031,3,,2
inbound,7025,7031,7034,3,,3
update,7033,7038,7041,3,,4
update,7044,7050,7053,3,,5
update,7055,7061,7070,9,,6
update,7066,7072,7078,6,,7
update,7077,7083,7088,5,,8
update,7088,7093,7100,7,,9
update,7099,7105,7111,6,,10
inbound,7100,7105,7112,7,,11
update,7110,7117,7121,4,,12
update,7121,7127,7132,5,,13
update,7132,7138,7142,4,,14
update,7143,7149,7152,3,,15
inbound,7155,7161,7166,5,,1
update,7154,7160,7167,7,,0
update,7165,7171,7175,4,,2
update,7176,7182,7186,4,,3
update,7187,7192,7196,4,,4
update,7198,7204,7208,4,,5
inbound,7200,7205,7210,5,,6
inbound,7210,7215,7220,5,,8
update,7209,7215,7222,7,,7
update,7220,7225,7229,4,,9
inbound,7225,7231,7234,3,,10
update,7231,7238,7243,5,,11
update,7242,7247,7252,5,,12
update,7253,7258,7263,5,,13
update,7264,7270,7274,4,,14
inbound,7265,7271,7274,3,,15
update,7275,7281,7284,3,,0
update,7286,7291,7294,3,,1
update,7297,7302,7305,3,,2
update,7308,7313,7316,3,,3
update,7319,7325,7328,3,,4
inbound,7320,7326,7329,3,,5
update,7330,7335,7338,3,,6
update,7341,7346,7349,3,,7
update,7352,7358,7361,3,,8
update,7363,7368,7371,3,,9
update,7374,7380,7383,3,,10
inbound,7375,7380,7383,3,,11
update,7385,7391,7394,3,,12
update,7396,7401,7404,3,,13
inbound,7400,7406,7409,3,,14
update,7407,7413,7415,2,,15
update,7418,7423,7426,3,,0
inbound,7425,7430,7433,3,,1
update,7429,7435,7438,3,,2
inbound,7430,7436,7440,4,,3
update,7440,7446,7449,3,,4
update,7451,7456,7460,4,,5
update,7462,7467,7471,4,,6
update,7473,7478,7481,3,,7
update,7484,7490,7493,3,,8
inbound,7485,7491,7495,4,,9
update,7495,7500,7503,3,,10
update,7506,7512,7514,2,,11
update,7517,7523,7525,2,,12
update,7528,7534,7537,3,,13
inbound,7540,7545,7548,3,,15
update,7539,7545,7548,3,,14
update,7550,7555,7558,3,,0
update,7561,7567,7570,3,,1
update,7572,7577,7580,3,,2
update,7583,7589,7592,3,,3
update,7594,7599,7602,3,,4
inbound,7595,7600,7604,4,,5
update,7605,7610,7613,3,,6
update,7616,7621,7624,3,,7
update,7627,7632,7635,3,,8
update,7638,7644,7647,3,,9
update,7649,7655,7658,3,,10
inbound,7650,7656,7660,4,,11
update,7660,7666,7669,3,,12
update,7671,7677,7680,3,,13
update,7682,7688,7690,2,,14
update,7693,7699,7701,2,,15
update,7704,7710,7713,3,,0
inbound,7705,7711,7714,3,,1
update,7715,7720,7724,4,,2
update,7726,7731,7734,3,,3
update,7737,7743,7746,3,,4
update,7748,7754,7757,3,,5
inbound,7760,7765,7768,3,,7
update,7759,7765,7769,4,,6
update,7770,7775,7778,3,,8
update,7781,7787,7789,2,,9
update,7792,7798,7801,3,,10
update,7803,7809,7812,3,,11
update,7814,7820,7823,3,,12
inbound,7815,7821,7824,3,,13
update,7825,7830,7833,3,,14
update,7836,7841,7844,3,,15
update,7847,7853,7855,2,,0
update,7858,7864,7867,3,,1
update,7869,7875,7878,3,,2
update,7880,7885,7888,3,,3
update,7891,7896,7899,3,,4
update,7902,7907,7910,3,,5
update,7913,7919,7922,3,,6
update,7924,7930,7933,3,,7
update,8000,8006,8010,4,,8
inbound,8000,8006,8010,4,,9
update,8011,8017,8020,3,,10
update,8022,8027,8030,3,,11
inbound,8025,8031,8034,3,,12
update,8033,8039,8042,3,,13
update,8044,8050,8053,3,,14
update,8055,8061,8064,3,,15
update,8066,8071,8075,4,,0
update,8077,8083,8086,3,,1
update,8088,8093,8096,3,,2
update,8099,8104,8107,3,,3
inbound,8100,8107,8110,3,,4
update,8110,8116,8119,3,,5
update,8121,8127,8130,3,,6
update,8132,8138,8141,3,,7
update,8143,8148,8151,3,,8
update,8154,8159,8162,3,,9
inbound,8155,8162,8165,3,,10
update,8165,8170,8173,3,,11
update,8176,8182,8185,3,,12
update,8187,8193,8196,3,,13
update,8198,8204,8207,3,,14
inbound,8200,8207,8210,3,,15
update,8209,8215,8218,3,,0
inbound,8210,8217,8220,3,,1
update,8220,8226,8229,3,,2
inbound,8225,8232,8235,3,,3
update,8231,8236,8239,3,,4
update,8242,8248,8251,3,,5
update,8253,8259,8261,2,,6
update,8264,8269,8272,3,,7
inbound,8265,8272,8274,2,,8
update,8275,8281,8284,3,,9
update,8286,8292,8294,2,,10
update,8297,8303,8306,3,,11
update,8308,8314,8316,2,,12
update,8319,8325,8327,2,,13
inbound,8320,8327,8330,3,,14
update,8330,8336,8339,3,,15
update,8341,8347,8350,3,,0
update,8352,8358,8361,3,,1
update,8363,8368,8372,4,,2
update,8374,8379,8383,4,,3
inbound,8375,8382,8385,3,,4
update,8385,8390,8393,3,,5
update,8396,8402,8405,3,,6
inbound,8400,8407,8410,3,,7
update,8407,8413,8415,2,,8
update,8418,8423,8426,3,,9
inbound,8425,8432,8434,2,,10
update,8429,8434,8437,3,,11
inbound,8430,8437,8440,3,,12
update,8440,8445,8448,3,,13
update,8451,8456,8459,3,,14
update,8462,8468,8471,3,,15
update,8473,8479,8481,2,,0
update,8484,8489,8493,4,,1
inbound,8485,8492,8495,3,,2
update,8495,8500,8503,3,,3
update,8506,8512,8515,3,,4
update,8517,8523,8526,3,,5
update,8528,8533,8536,3,,6
update,8539,8544,8547,3,,7
inbound,8540,8546,8550,4,,8
update,8550,8556,8558,2,,9
update,8561,8566,8569,3,,10
update,8572,8577,8580,3,,11
update,8583,8588,8591,3,,12
update,8594,8600,8602,2,,13
inbound,8595,8602,8605,3,,14
update,8605,8610,8614,4,,15
update,8616,8621,8624,3,,0
update,8627,8633,8635,2,,1
update,8638,8644,8647,3,,2
update,8649,8654,8658,4,,3
inbound,8650,8657,8660,3,,4
update,8660,8666,8669,3,,5
update,8671,8677,8679,2,,6
update,8682,8687,8690,3,,7
update,8693,8698,8701,3,,8
update,8704,8709,8712,3,,9
inbound,8705,8712,8715,3,,10
update,8715,8721,8724,3,,11
update,8726,8731,8734,3,,12
update,8737,8742,8745,3,,13
update,8748,8754,8757,3,,14
update,8759,8764,8767,3,,15
inbound,8760,8767,8769,2,,0
update,8770,8776,8778,2,,1
update,8781,8786,8789,3,,2
update,8792,8798,8800,2,,3
update,8803,8809,8811,2,,4
update,8814,8820,8824,4,,5
inbound,8815,8822,8825,3,,6
update,8825,8831,8834,3,,7
update,8836,8842,8844,2,,8
update,8847,8852,8855,3,,9
update,8858,8863,8866,3,,10
update,8869,8875,8878,3,,11
update,8880,8886,8889,3,,12
update,8891,8897,8900,3,,13
update,8902,8907,8910,3,,14
update,8913,8919,8922,3,,15
update,8924,8929,8932,3,,0
inbound,9000,9006,9009,3,,2
update,9000,9006,9010,4,,1
update,9011,9018,9021,3,,3
update,9022,9028,9031,3,,4
inbound,9025,9031,9034,3,,5
update,9033,9040,9043,3,,6
update,9044,9051,9054,3,,7
update,9055,9062,9064,2,,8
update,9066,9073,9076,3,,9
update,9077,9084,9088,4,,10
update,9088,9095,9098,3,,11
inbound,9100,9106,9109,3,,13
update,9099,9106,9109,3,,12
update,9110,9117,9119,2,,14
update,9121,9128,9130,2,,15
update,9132,9138,9141,3,,0
update,9143,9150,9153,3,,1
update,9154,9161,9164,3,,2
inbound,9155,9161,9164,3,,3
update,9165,9172,9175,3,,4
update,9176,9183,9186,3,,5
update,9187,9194,9197,3,,6
update,9198,9205,9208,3,,7
inbound,9200,9207,9210,3,,8
update,9209,9216,9219,3,,9
inbound,9210,9217,9220,3,,10
update,9220,9226,9229,3,,11
inbound,9225,9231,9234,3,,12
update,9231,9238,9240,2,,13
update,9242,9249,9251,2,,14
update,9253,9260,9262,2,,15
inbound,9265,9271,9273,2,,1
update,9264,9270,9274,4,,0
update,9275,9282,9285,3,,2
update,9286,9293,9296,3,,3
update,9297,9303,9306,3,,4
update,9308,9314,9317,3,,5
update,9319,9326,9329,3,,6
inbound,9320,9327,9330,3,,7
update,9330,9336,9339,3,,8
update,9341,9347,9350,3,,9
update,9352,9358,9361,3,,10
update,9363,9369,9372,3,,11
update,9374,9381,9384,3,,12
inbound,9375,9382,9385,3,,13
update,9385,9391,9394,3,,14
update,9396,9403,9406,3,,15
inbound,9400,9407,9409,2,,0
update,9407,9414,9416,2,,1
update,9418,9425,9429,4,,2
inbound,9425,9432,9435,3,,3
inbound,9430,9436,9439,3,,5
update,9429,9436,9439,3,,4
update,9440,9446,9449,3,,6
update,9451,9457,9460,3,,7
update,9462,9469,9471,2,,8
update,9473,9480,9483,3,,9
update,9484,9491,9494,3,,10
inbound,9485,9491,9494,3,,11
update,9495,9502,9505,3,,12
update,9506,9512,9515,3,,13
update,9517,9524,9527,3,,14
update,9528,9534,9538,4,,15
update,9539,9546,9550,4,,0
inbound,9540,9547,9551,4,,1
update,9550,9557,9560,3,,2
update,9561,9568,9572,4,,3
update,9572,9579,9583,4,,4
update,9583,9590,9593,3,,5
update,9594,9601,9605,4,,6
inbound,9595,9601,9606,5,,7
update,9605,9612,9616,4,,8
update,9616,9623,9628,5,,9
update,9627,9633,9636,3,,10
update,9638,9644,9647,3,,11
update,9649,9655,9659,4,,12
inbound,9650,9656,9660,4,,13
update,9660,9667,9670,3,,14
update,9671,9678,9681,3,,15
update,9682,9689,9692,3,,0
update,9693,9700,9703,3,,1
inbound,9705,9711,9714,3,,3
update,9704,9711,9714,3,,2
update,9715,9721,9724,3,,4
update,9726,9733,9735,2,,5
update,9737,9743,9746,3,,6
update,9748,9754,9757,3,,7
inbound,9760,9766,9768,2,,9
update,9759,9766,9769,3,,8
update,9770,9776,9779,3,,10
update,9781,9788,9791,3,,11
update,9792,9799,9802,3,,12
update,9803,9810,9813,3,,13
update,9814,9820,9824,4,,14
inbound,9815,9821,9825,4,,15
update,9825,9832,9835,3,,0
update,9836,9843,9846,3,,1
update,9847,9853,9856,3,,2
update,9858,9864,9868,4,,3
update,9869,9876,9879,3,,4
update,9880,9887,9890,3,,5
update,9891,9898,9901,3,,6
update,9902,9908,9911,3,,7
update,9913,9919,9922,3,,8
update,9924,9931,9933,2,,9
inbound,10000,10006,10010,4,,11
update,10000,10006,10011,5,,10
update,10011,10017,10020,3,,12
update,10022,10029,10031,2,,13
inbound,10025,10032,10034,2,,14
update,10033,10040,10043,3,,15
update,10044,10051,10054,3,,0
update,10055,10062,10065,3,,1
update,10066,10073,10076,3,,2
update,10077,10083,10089,6,,3
update,10088,10094,10099,5,,4
update,10099,10105,10109,4,,5
inbound,10100,10106,10110,4,,6
update,10110,10116,10119,3,,7
update,10121,10128,10131,3,,8
update,10132,10138,10141,3,,9
update,10143,10149,10152,3,,10
update,10154,10161,10164,3,,11
inbound,10155,10162,10165,3,,12
update,10165,10172,10175,3,,13
update,10176,10182,10185,3,,14
update,10187,10193,10196,3,,15
update,10198,10205,10208,3,,0
inbound,10200,10206,10210,4,,1
update,10209,10215,10220,5,,2
inbound,10210,10217,10223,6,,3
update,10220,10227,10229,2,,4
inbound,10225,10232,10235,3,,5
update,10231,10238,10242,4,,6
update,10242,10249,10252,3,,7
update,10253,10260,10265,5,,8
update,10264,10270,10276,6,,9
inbound,10265,10272,10277,5,,10
update,10275,10281,10285,4,,11
update,10286,10292,10295,3,,12
update,10297,10303,10307,4,,13
update,10308,10314,10317,3,,14
update,10319,10325,10329,4,,15
inbound,10320,10327,10330,3,,0
update,10330,10337,10339,2,,1
update,10341,10348,10350,2,,2
update,10352,10359,10362,3,,3
update,10363,10370,10373,3,,4
update,10374,10381,10384,3,,5
inbound,10375,10382,10385,3,,6
update,10385,10392,10395,3,,7
update,10396,10403,10406,3,,8
inbound,10400,10407,10410,3,,9
update,10407,10414,10417,3,,10
update,10418,10424,10427,3,,11
inbound,10425,10432,10434,2,,12
update,10429,10435,10439,4,,13
inbound,10430,10437,10440,3,,14
update,10440,10447,10450,3,,15
update,10451,10458,10461,3,,0
update,10462,10469,10472,3,,1
update,10473,10480,10483,3,,2
inbound,10485,10491,10494,3,,4
update,10484,10491,10494,3,,3
update,10495,10502,10505,3,,5
update,10506,10512,10516,4,,6
update,10517,10523,10526,3,,7
update,10528,10535,10538,3,,8
update,10539,10546,10549,3,,9
inbound,10540,10547,10552,5,,10
update,10550,10556,10560,4,,11
update,10561,10568,10572,4,,12
update,10572,10579,10583,4,,13
update,10583,10590,10595,5,,14
update,10594,10601,10606,5,,15
inbound,10595,10602,10607,5,,0
update,10605,10612,10617,5,,1
update,10616,10623,10629,6,,2
update,10627,10634,10640,6,,3
update,10638,10645,10649,4,,4
update,10649,10656,10660,4,,5
inbound,10650,10657,10663,6,,6
update,10660,10667,10673,6,,7
update,10671,10678,10682,4,,8
update,10682,10689,10693,4,,9
update,10693,10700,10703,3,,10
update,10704,10710,10714,4,,11
inbound,10705,10711,10715,4,,12
update,10715,10722,10725,3,,13
update,10726,10733,10736,3,,14
update,10737,10744,10747,3,,15
update,10748,10754,10757,3,,0
update,10759,10766,10769,3,,1
inbound,10760,10766,10770,4,,2
update,10770,10776,10780,4,,3
update,10781,10788,10791,3,,4
update,10792,10798,10801,3,,5
update,10803,10810,10813,3,,6
update,10814,10821,10824,3,,7
inbound,10815,10822,10825,3,,8
update,10825,10832,10835,3,,9
update,10836,10843,10846,3,,10
update,10847,10854,10856,2,,11
update,10858,10864,10867,3,,12
update,10869,10875,10878,3,,13
update,10880,10887,10890,3,,14
update,10891,10898,10901,3,,15
update,10902,10909,10912,3,,0
update,10913,10919,10922,3,,1
update,10924,10931,10934,3,,2
inbound,11000,11006,11010,4,,4
update,11000,11006,11011,5,,3
update,11011,11018,11021,3,,5
update,11022,11029,11032,3,,6
inbound,11025,11032,11034,2,,7
update,11033,11039,11042,3,,8
update,11044,11050,11053,3,,9
update,11055,11061,11064,3,,10
update,11066,11073,11076,3,,11
update,11077,11084,11088,4,,12
update,11088,11094,11098,4,,13
inbound,11100,11106,11111,5,,15
update,11099,11106,11112,6,,14
update,11110,11117,11120,3,,0
update,11121,11128,11132,4,,1
update,11132,11139,11142,3,,2
update,11143,11150,11154,4,,3
update,11154,11160,11164,4,,4
inbound,11155,11161,11165,4,,5
update,11165,11172,11175,3,,6
update,11176,11183,11186,3,,7
update,11187,11194,11197,3,,8
update,11198,11205,11208,3,,9
inbound,11200,11206,11209,3,,10
update,11209,11216,11219,3,,11
inbound,11210,11217,11220,3,,12
update,11220,11227,11230,3,,13
inbound,11225,11232,11235,3,,14
update,11231,11238,11241,3,,15
update,11242,11249,11252,3,,0
update,11253,11260,11263,3,,1
inbound,11265,11272,11275,3,,3
update,11264,11271,11275,4,,2
update,11275,11282,11285,3,,4
update,11286,11293,11296,3,,5
update,11297,11304,11307,3,,6
update,11308,11315,11318,3,,7
update,11319,11325,11328,3,,8
inbound,11320,11326,11330,4,,9
update,11330,11336,11339,3,,10
update,11341,11348,11350,2,,11
update,11352,11359,11361,2,,12
update,11363,11370,11373,3,,13
inbound,11375,11381,11384,3,,15
update,11374,11381,11384,3,,14
update,11385,11392,11395,3,,0
update,11396,11403,11406,3,,1
inbound,11400,11407,11410,3,,2
update,11407,11414,11417,3,,3
update,11418,11425,11428,3,,4
inbound,11425,11431,11434,3,,5
update,11429,11436,11439,3,,6
inbound,11430,11437,11441,4,,7
update,11440,11446,11449,3,,8
update,11451,11458,11461,3,,9
update,11462,11469,11474,5,,10
update,11473,11479,11486,7,,11
inbound,11485,11491,11495,4,,13
update,11484,11490,11502,12,,12
update,11495,11502,11509,7,,14
update,11506,11513,11521,8,,15
update,11517,11524,11532,8,,0
update,11528,11534,11539,5,,1
inbound,11540,11547,11551,4,,3
update,11539,11546,11552,6,,2
update,11550,11556,11561,5,,4
update,11561,11568,11571,3,,5
update,11572,11579,11581,2,,6
update,11583,11590,11593,3,,7
update,11594,11600,11604,4,,8
inbound,11595,11602,11605,3,,9
update,11605,11612,11615,3,,10
update,11616,11623,11627,4,,11
update,11627,11634,11637,3,,12
update,11638,11644,11647,3,,13
update,11649,11656,11659,3,,14
inbound,11650,11657,11661,4,,15
update,11660,11666,11669,3,,0
update,11671,11677,11680,3,,1
update,11682,11689,11692,3,,2
update,11693,11700,11703,3,,3
update,11704,11711,11716,5,,4
inbound,11705,11712,11716,4,,5
update,11715,11722,11724,2,,6
update,11726,11733,11736,3,,7
update,11737,11744,11747,3,,8
update,11748,11754,11757,3,,9
inbound,11760,11767,11769,2,,11
update,11759,11766,11769,3,,10
update,11770,11777,11780,3,,12
update,11781,11788,11791,3,,13
update,11792,11798,11801,3,,14
update,11803,11810,11813,3,,15
inbound,11815,11822,11824,2,,1
update,11814,11821,11824,3,,0
update,11825,11832,11835,3,,2
update,11836,11843,11845,2,,3
update,11847,11854,11857,3,,4
update,11858,11864,11868,4,,5
update,11869,11876,11879,3,,6
update,11880,11887,11890,3,,7
update,11891,11898,11901,3,,8
update,11902,11909,11912,3,,9
update,11913,11920,11923,3,,10
update,11924,11930,11934,4,,11
inbound,12000,12007,12010,3,,13
update,12000,12007,12010,3,,12
update,12011,12018,12021,3,,14
update,12022,12029,12033,4,,15
inbound,12025,12031,12036,5,,0
update,12033,12040,12044,4,,1
update,12044,12051,12055,4,,2
update,12055,12062,12066,4,,3
update,12066,12072,12076,4,,4
update,12077,12084,12089,5,,5
update,12088,12095,12099,4,,6
update,12099,12105,12109,4,,7
inbound,12100,12107,12111,4,,8
update,12110,12117,12121,4,,9
update,12121,12128,12131,3,,10
update,12132,12138,12142,4,,11
update,12143,12150,12154,4,,12
update,12154,12160,12163,3,,13
inbound,12155,12161,12165,4,,14
update,12165,12172,12175,3,,15
update,12176,12183,12186,3,,0
update,12187,12194,12200,6,,1
update,12198,12204,12209,5,,2
inbound,12200,12206,12210,4,,3
update,12209,12216,12219,3,,4
inbound,12210,12217,12222,5,,5
update,12220,12227,12230,3,,6
inbound,12225,12231,12235,4,,7
update,12231,12238,12242,4,,8
update,12242,12249,12253,4,,9
update,12253,12260,12263,3,,10
update,12264,12271,12276,5,,11
inbound,12265,12272,12277,5,,12
update,12275,12282,12286,4,,13
update,12286,12292,12299,7,,14
update,12297,12303,12308,5,,15
update,12308,12315,12319,4,,0
update,12319,12325,12329,4,,1
inbound,12320,12327,12331,4,,2
update,12330,12337,12340,3,,3
update,12341,12348,12352,4,,4
update,12352,12359,12362,3,,5
update,12363,12370,12373,3,,6
update,12374,12381,12385,4,,7
inbound,12375,12382,12388,6,,8
update,12385,12392,12396,4,,9
update,12396,12403,12407,4,,10
inbound,12400,12407,12410,3,,11
update,12407,12414,12417,3,,12
update,12418,12425,12428,3,,13
inbound,12425,12432,12435,3,,14
update,12429,12436,12440,4,,15
inbound,12430,12437,12441,4,,0
update,12440,12446,12450,4,,1
update,12451,12458,12461,3,,2
update,12462,12469,12472,3,,3
update,12473,12480,12483,3,,4
update,12484,12491,12494,3,,5
inbound,12485,12492,12497,5,,6
update,12495,12502,12505,3,,7
update,12506,12512,12516,4,,8
update,12517,12523,12526,3,,9
update,12528,12534,12538,4,,10
update,12539,12545,12549,4,,11
inbound,12540,12547,12550,3,,12
update,12550,12556,12559,3,,13
update,12561,12568,12571,3,,14
update,12572,12579,12582,3,,15
update,12583,12590,12593,3,,0
update,12594,12601,12604,3,,1
inbound,12595,12602,12605,3,,2
update,12605,12611,12620,9,,3
update,12616,12623,12626,3,,4
update,12627,12634,12637,3,,5
update,12638,12644,12647,3,,6
update,12649,12656,12659,3,,7
inbound,12650,12656,12661,5,,8
update,12660,12667,12670,3,,9
update,12671,12678,12681,3,,10
update,12682,12689,12691,2,,11
update,12693,12700,12703,3,,12
update,12704,12711,12714,3,,13
inbound,12705,12711,12714,3,,14
update,12715,12722,12725,3,,15
update,12726,12733,12737,4,,0
update,12737,12744,12747,3,,1
update,12748,12754,12758,4,,2
inbound,12760,12767,12770,3,,4
update,12759,12766,12770,4,,3
update,12770,12777,12780,3,,5
update,12781,12788,12792,4,,6
update,12792,12799,12801,2,,7
update,12803,12809,12813,4,,8
update,12814,12821,12824,3,,9
inbound,12815,12822,12825,3,,10
update,12825,12832,12835,3,,11
update,12836,12843,12845,2,,12
update,12847,12853,12856,3,,13
update,12858,12865,12868,3,,14
update,12869,12875,12878,3,,15
update,12880,12887,12890,3,,0
update,12891,12898,12901,3,,1
update,12902,12908,12912,4,,2
update,12913,12920,12923,3,,3
update,12924,12931,12934,3,,4
update,13000,13006,13010,4,,5
inbound,13000,13007,13011,4,,6
update,13011,13017,13020,3,,7
update,13022,13028,13033,5,,8
inbound,13025,13033,13036,3,,9
update,13033,13039,13042,3,,10
update,13044,13051,13054,3,,11
update,13055,13062,13065,3,,12
update,13066,13073,13076,3,,13
update,13077,13083,13086,3,,14
update,13088,13096,13099,3,,15
update,13099,13106,13110,4,,0
inbound,13100,13108,13112,4,,1
update,13110,13117,13120,3,,2
update,13121,13129,13132,3,,3
update,13132,13139,13142,3,,4
update,13143,13150,13154,4,,5
update,13154,13161,13165,4,,6
inbound,13155,13163,13166,3,,7
update,13165,13172,13175,3,,8
update,13176,13183,13187,4,,9
update,13187,13195,13198,3,,10
update,13198,13206,13209,3,,11
inbound,13200,13208,13211,3,,12
update,13209,13217,13220,3,,13
inbound,13210,13217,13220,3,,14
update,13220,13228,13231,3,,15
inbound,13225,13232,13235,3,,0
update,13231,13238,13241,3,,1
update,13242,13249,13252,3,,2
update,13253,13261,13264,3,,3
inbound,13265,13272,13276,4,,5
update,13264,13272,13276,4,,4
update,13275,13283,13286,3,,6
update,13286,13294,13297,3,,7
update,13297,13305,13308,3,,8
update,13308,13315,13318,3,,9
update,13319,13326,13330,4,,10
inbound,13320,13327,13331,4,,11
update,13330,13337,13340,3,,12
update,13341,13348,13351,3,,13
update,13352,13360,13363,3,,14
update,13363,13371,13374,3,,15
update,13374,13382,13385,3,,0
inbound,13375,13382,13385,3,,1
update,13385,13392,13395,3,,2
update,13396,13404,13408,4,,3
inbound,13400,13408,13412,4,,4
update,13407,13414,13419,5,,5
update,13418,13426,13429,3,,6
inbound,13425,13432,13436,4,,7
update,13429,13436,13442,6,,8
inbound,13430,13438,13443,5,,9
update,13440,13447,13451,4,,10
update,13451,13458,13461,3,,11
update,13462,13470,13472,2,,12
update,13473,13481,13484,3,,13
update,13484,13491,13495,4,,14
inbound,13485,13493,13497,4,,15
update,13495,13503,13505,2,,0
update,13506,13514,13517,3,,1
update,13517,13525,13528,3,,2
update,13528,13535,13539,4,,3
update,13539,13547,13550,3,,4
inbound,13540,13548,13552,4,,5
update,13550,13557,13560,3,,6
update,13561,13568,13571,3,,7
update,13572,13580,13583,3,,8
update,13583,13590,13593,3,,9
update,13594,13601,13605,4,,10
inbound,13595,13603,13606,3,,11
update,13605,13612,13615,3,,12
update,13616,13623,13626,3,,13
update,13627,13635,13638,3,,14
update,13638,13646,13649,3,,15
update,13649,13656,13660,4,,0
inbound,13650,13658,13661,3,,1
update,13660,13668,13671,3,,2
update,13671,13678,13682,4,,3
update,13682,13690,13693,3,,4
update,13693,13701,13704,3,,5
update,13704,13712,13715,3,,6
inbound,13705,13713,13716,3,,7
update,13715,13723,13725,2,,8
update,13726,13734,13737,3,,9
update,13737,13744,13747,3,,10
update,13748,13755,13758,3,,11
inbound,13760,13767,13769,2,,13
update,13759,13767,13770,3,,12
update,13770,13778,13781,3,,14
update,13781,13788,13791,3,,15
update,13792,13800,13803,3,,0
update,13803,13811,13814,3,,1
update,13814,13821,13825,4,,2
inbound,13815,13823,13825,2,,3
update,13825,13833,13836,3,,4
update,13836,13843,13846,3,,5
update,13847,13855,13857,2,,6
update,13858,13866,13869,3,,7
update,13869,13877,13879,2,,8
update,13880,13888,13890,2,,9
update,13891,13899,13901,2,,10
update,13902,13910,13913,3,,11
update,13913,13921,13924,3,,12
update,13924,13932,13935,3,,13
update,14000,14007,14011,4,,14
inbound,14000,14007,14013,6,,15
update,14011,14019,14022,3,,0
update,14022,14030,14035,5,,1
inbound,14025,14033,14038,5,,2
update,14033,14041,14045,4,,3
update,14044,14052,14056,4,,4
update,14055,14062,14066,4,,5
update,14066,14074,14077,3,,6
update,14077,14085,14089,4,,7
update,14088,14095,14111,16,,8
update,14099,14106,14116,10,,9
inbound,14100,14107,14117,10,,10
update,14110,14118,14123,5,,11
update,14121,14129,14134,5,,12
update,14132,14140,14144,4,,13
update,14143,14151,14155,4,,14
update,14154,14162,14166,4,,15
inbound,14155,14163,14169,6,,0
update,14165,14172,14176,4,,1
update,14176,14184,14187,3,,2
update,14187,14195,14198,3,,3
update,14198,14206,14209,3,,4
inbound,14200,14208,14213,5,,5
update,14209,14217,14222,5,,6
inbound,14210,14218,14222,4,,7
update,14220,14228,14232,4,,8
inbound,14225,14233,14236,3,,9
update,14231,14239,14242,3,,10
update,14242,14250,14254,4,,11
update,14253,14260,14264,4,,12
inbound,14265,14272,14277,5,,14
update,14264,14272,14277,5,,13
update,14275,14283,14286,3,,15
update,14286,14294,14298,4,,0
update,14297,14304,14309,5,,1
update,14308,14315,14319,4,,2
update,14319,14326,14333,7,,3
inbound,14320,14328,14334,6,,4
update,14330,14338,14342,4,,5
update,14341,14349,14353,4,,6
update,14352,14360,14364,4,,7
update,14363,14371,14374,3,,8
update,14374,14382,14386,4,,9
inbound,14375,14383,14388,5,,10
update,14385,14392,14396,4,,11
update,14396,14404,14408,4,,12
inbound,14400,14407,14413,6,,13
update,14407,14414,14418,4,,14
update,14418,14426,14429,3,,15
inbound,14425,14432,14436,4,,0
update,14429,14437,14443,6,,1
inbound,14430,14438,14444,6,,2
update,14440,14447,14450,3,,3
update,14451,14458,14462,4,,4
update,14462,14469,14473,4,,5
update,14473,14481,14485,4,,6
update,14484,14492,14495,3,,7
inbound,14485,14493,14498,5,,8
update,14495,14503,14506,3,,9
update,14506,14514,14517,3,,10
update,14517,14524,14528,4,,11
update,14528,14535,14540,5,,12
update,14539,14547,14551,4,,13
inbound,14540,14547,14551,4,,14
update,14550,14558,14562,4,,15
update,14561,14569,14573,4,,0
update,14572,14579,14582,3,,1
update,14583,14590,14594,4,,2
update,14594,14602,14605,3,,3
inbound,14595,14603,14606,3,,4
update,14605,14613,14616,3,,5
update,14616,14624,14626,2,,6
update,14627,14634,14638,4,,7
update,14638,14646,14649,3,,8
update,14649,14657,14660,3,,9
inbound,14650,14658,14662,4,,10
update,14660,14668,14671,3,,11
update,14671,14678,14682,4,,12
update,14682,14689,14692,3,,13
update,14693,14701,14703,2,,14
update,14704,14711,14715,4,,15
inbound,14705,14712,14716,4,,0
update,14715,14723,14726,3,,1
update,14726,14733,14737,4,,2
update,14737,14745,14748,3,,3
update,14748,14756,14759,3,,4
update,14759,14766,14770,4,,5
inbound,14760,14767,14771,4,,6
update,14770,14777,14781,4,,7
update,14781,14788,14792,4,,8
update,14792,14800,14803,3,,9
update,14803,14811,14814,3,,10
update,14814,14821,14825,4,,11
inbound,14815,14823,14825,2,,12
update,14825,14833,14836,3,,13
update,14836,14843,14846,3,,14
update,14847,14855,14857,2,,15
update,14858,14866,14869,3,,0
update,14869,14877,14880,3,,1
update,14880,14888,14891,3,,2
update,14891,14899,14902,3,,3
update,14902,14910,14912,2,,4
update,14913,14920,14924,4,,5
update,14924,14931,14934,3,,6
update,15000,15008,15012,4,,7
inbound,15000,15008,15012,4,,8
update,15011,15019,15022,3,,9
update,15022,15029,15034,5,,10
inbound,15025,15032,15037,5,,11
update,15033,15040,15044,4,,12
update,15044,15052,15055,3,,13
update,15055,15063,15066,3,,14
update,15066,15074,15077,3,,15
update,15077,15084,15087,3,,0
update,15088,15096,15099,3,,1
update,15099,15107,15115,8,,2
inbound,15100,15108,15115,7,,3
update,15110,15117,15121,4,,4
update,15121,15129,15132,3,,5
update,15132,15139,15143,4,,6
update,15143,15150,15154,4,,7
update,15154,15162,15165,3,,8
inbound,15155,15164,15167,3,,9
update,15165,15172,15175,3,,10
update,15176,15183,15186,3,,11
update,15187,15195,15197,2,,12
inbound,15200,15208,15213,5,,14
update,15198,15206,15213,7,,13
inbound,15210,15218,15223,5,,0
update,15209,15216,15223,7,,15
update,15220,15228,15232,4,,1
inbound,15225,15233,15238,5,,2
update,15231,15239,15243,4,,3
update,15242,15250,15253,3,,4
update,15253,15260,15267,7,,5
update,15264,15271,15278,7,,6
inbound,15265,15273,15278,5,,7
update,15275,15282,15285,3,,8
update,15286,15293,15296,3,,9
update,15297,15305,15308,3,,10
update,15308,15316,15319,3,,11
update,15319,15327,15331,4,,12
inbound,15320,15329,15333,4,,13
update,15330,15338,15341,3,,14
update,15341,15348,15351,3,,15
update,15352,15360,15363,3,,0
update,15363,15371,15374,3,,1
update,15374,15382,15385,3,,2
inbound,15375,15384,15386,2,,3
update,15385,15393,15396,3,,4
update,15396,15403,15406,3,,5
inbound,15400,15408,15412,4,,6
update,15407,15415,15418,3,,7
update,15418,15426,15428,2,,8
inbound,15425,15433,15436,3,,9
update,15429,15436,15439,3,,10
inbound,15430,15438,15441,3,,11
update,15440,15447,15450,3,,12
update,15451,15462,15467,5,,13
update,15462,15475,15481,6,,14
update,15473,15481,15486,5,,15
update,15484,15492,15496,4,,0
inbound,15485,15494,15498,4,,1
update,15495,15503,15507,4,,2
update,15506,15514,15518,4,,3
update,15517,15525,15527,2,,4
update,15528,15536,15539,3,,5
update,15539,15546,15550,4,,6
inbound,15540,15549,15552,3,,7
update,15550,15558,15561,3,,8
update,15561,15568,15572,4,,9
update,15572,15580,15583,3,,10
update,15583,15591,15593,2,,11
update,15594,15602,15607,5,,12
inbound,15595,15604,15610,6,,13
update,15605,15612,15615,3,,14
update,15616,15623,15626,3,,15
update,15627,15635,15638,3,,0
update,15638,15646,15649,3,,1
update,15649,15657,15660,3,,2
inbound,15650,15659,15662,3,,3
update,15660,15668,15678,10,,4
update,15671,15678,15682,4,,5
update,15682,15690,15694,4,,6
update,15693,15700,15703,3,,7
update,15704,15711,15715,4,,8
inbound,15705,15714,15717,3,,9
update,15715,15723,15727,4,,10
update,15726,15733,15739,6,,11
update,15737,15744,15748,4,,12
update,15748,15755,15759,4,,13
update,15759,15767,15771,4,,14
inbound,15760,15769,15772,3,,15
update,15770,15778,15782,4,,0
update,15781,15788,15793,5,,1
update,15792,15800,15803,3,,2
update,15803,15811,15815,4,,3
update,15814,15821,15825,4,,4
inbound,15815,15824,15828,4,,5
update,15825,15833,15836,3,,6
update,15836,15843,15849,6,,7
update,15847,15855,15859,4,,8
update,15858,15865,15868,3,,9
update,15869,15877,15881,4,,10
update,15880,15888,15893,5,,11
update,15891,15899,15903,4,,12
update,15902,15910,15913,3,,13
update,15913,15921,15924,3,,14
update,15924,15932,15935,3,,15
inbound,16000,16009,16013,4,,1
update,16000,16009,16013,4,,0
update,16011,16020,16023,3,,2
update,16022,16031,16034,3,,3
inbound,16025,16034,16038,4,,4
update,16033,16042,16047,5,,5
update,16044,16053,16056,3,,6
update,16055,16064,16066,2,,7
update,16066,16075,16078,3,,8
update,16077,16085,16088,3,,9
update,16088,16096,16099,3,,10
update,16099,16107,16111,4,,11
inbound,16100,16109,16114,5,,12
update,16110,16119,16123,4,,13
update,16121,16130,16133,3,,14
update,16132,16140,16143,3,,15
update,16143,16152,16156,4,,0
update,16154,16163,16166,3,,1
inbound,16155,16164,16167,3,,2
update,16165,16174,16177,3,,3
update,16176,16185,16188,3,,4
update,16187,16196,16199,3,,5
update,16198,16206,16209,3,,6
inbound,16200,16208,16211,3,,7
update,16209,16218,16221,3,,8
inbound,16210,16219,16223,4,,9
update,16220,16228,16232,4,,10
inbound,16225,16234,16237,3,,11
update,16231,16240,16244,4,,12
update,16242,16251,16253,2,,13
update,16253,16262,16264,2,,14
update,16264,16273,16276,3,,15
inbound,16265,16274,16277,3,,0
update,16275,16284,16287,3,,1
update,16286,16295,16298,3,,2
update,16297,16305,16308,3,,3
update,16308,16317,16320,3,,4
update,16319,16327,16331,4,,5
inbound,16320,16328,16332,4,,6
update,16330,16339,16342,3,,7
update,16341,16350,16353,3,,8
update,16352,16360,16363,3,,9
update,16363,16371,16375,4,,10
update,16374,16382,16386,4,,11
inbound,16375,16384,16388,4,,12
update,16385,16393,16396,3,,13
update,16396,16405,16408,3,,14
inbound,16400,16408,16411,3,,15
update,16407,16415,16418,3,,0
update,16418,16426,16429,3,,1
inbound,16425,16434,16437,3,,2
inbound,16430,16439,16442,3,,4
update,16429,16437,16442,5,,3
update,16440,16449,16452,3,,5
update,16451,16460,16463,3,,6
update,16462,16471,16474,3,,7
update,16473,16481,16484,3,,8
update,16484,16492,16496,4,,9
inbound,16485,16494,16497,3,,10
update,16495,16504,16508,4,,11
update,16506,16515,16519,4,,12
update,16517,16525,16530,5,,13
update,16528,16536,16540,4,,14
update,16539,16547,16552,5,,15
inbound,16540,16548,16554,6,,0
update,16550,16559,16563,4,,1
update,16561,16570,16572,2,,2
update,16572,16581,16584,3,,3
update,16583,16592,16595,3,,4
update,16594,16603,16606,3,,5
inbound,16595,16604,16608,4,,6
update,16605,16614,16616,2,,7
update,16616,16625,16627,2,,8
update,16627,16635,16638,3,,9
update,16638,16646,16649,3,,10
update,16649,16658,16661,3,,11
inbound,16650,16659,16662,3,,12
update,16660,16669,16672,3,,13
update,16671,16679,16682,3,,14
update,16682,16691,16694,3,,15
update,16693,16702,16705,3,,0
update,16704,16713,16716,3,,1
inbound,16705,16714,16717,3,,2
update,16715,16723,16727,4,,3
update,16726,16735,16738,3,,4
update,16737,16745,16748,3,,5
update,16748,16756,16760,4,,6
inbound,16760,16768,16770,2,,8
update,16759,16768,16771,3,,7
update,16770,16778,16781,3,,9
update,16781,16789,16792,3,,10
update,16792,16801,16804,3,,11
update,16803,16811,16814,3,,12
inbound,16815,16823,16825,2,,14
update,16814,16823,16825,2,,13
update,16825,16834,16837,3,,15
update,16836,16844,16847,3,,0
update,16847,16856,16859,3,,1
update,16858,16867,16869,2,,2
update,16869,16878,16880,2,,3
update,16880,16889,16891,2,,4
update,16891,16899,16902,3,,5
update,16902,16910,16913,3,,6
update,16913,16922,16925,3,,7
update,16924,16932,16935,3,,8
update,17000,17009,17012,3,,9
inbound,17000,17009,17013,4,,10
update,17011,17020,17023,3,,11
update,17022,17031,17034,3,,12
inbound,17025,17033,17037,4,,13
update,17033,17042,17045,3,,14
update,17044,17052,17055,3,,15
update,17055,17063,17066,3,,0
update,17066,17074,17077,3,,1
update,17077,17086,17089,3,,2
update,17088,17097,17100,3,,3
inbound,17100,17108,17111,3,,5
update,17099,17108,17111,3,,4
update,17110,17118,17122,4,,6
update,17121,17130,17133,3,,7
update,17132,17141,17144,3,,8
update,17143,17151,17154,3,,9
update,17154,17163,17166,3,,10
inbound,17155,17164,17167,3,,11
update,17165,17174,17177,3,,12
update,17176,17184,17187,3,,13
update,17187,17196,17198,2,,14
update,17198,17207,17209,2,,15
inbound,17200,17209,17211,2,,0
update,17209,17218,17221,3,,1
inbound,17210,17219,17222,3,,2
update,17220,17229,17233,4,,3
inbound,17225,17234,17238,4,,4
update,17231,17240,17243,3,,5
update,17242,17251,17255,4,,6
update,17253,17262,17266,4,,7
update,17264,17272,17277,5,,8
inbound,17265,17274,17278,4,,9
update,17275,17284,17289,5,,10
update,17286,17295,17300,5,,11
update,17297,17306,17311,5,,12
update,17308,17317,17320,3,,13
update,17319,17328,17332,4,,14
inbound,17320,17329,17333,4,,15
update,17330,17338,17344,6,,0
update,17341,17350,17352,2,,1
update,17352,17360,17363,3,,2
update,17363,17371,17374,3,,3
update,17374,17383,17385,2,,4
inbound,17375,17383,17386,3,,5
update,17385,17394,17397,3,,6
update,17396,17405,17408,3,,7
inbound,17400,17409,17412,3,,8
update,17407,17416,17419,3,,9
update,17418,17427,17430,3,,10
inbound,17425,17434,17436,2,,11
update,17429,17437,17440,3,,12
inbound,17430,17439,17442,3,,13
update,17440,17449,17452,3,,14
update,17451,17460,17463,3,,15
update,17462,17470,17473,3,,0
update,17473,17482,17485,3,,1
update,17484,17493,17496,3,,2
inbound,17485,17493,17497,4,,3
update,17495,17504,17507,3,,4
update,17506,17515,17518,3,,5
update,17517,17526,17529,3,,6
update,17528,17537,17540,3,,7
update,17539,17547,17550,3,,8
inbound,17540,17548,17551,3,,9
update,17550,17559,17562,3,,10
update,17561,17570,17573,3,,11
update,17572,17581,17584,3,,12
update,17583,17591,17594,3,,13
update,17594,17602,17605,3,,14
inbound,17595,17604,17607,3,,15
update,17605,17614,17617,3,,0
update,17616,17625,17628,3,,1
update,17627,17636,17639,3,,2
update,17638,17647,17650,3,,3
update,17649,17658,17661,3,,4
inbound,17650,17659,17662,3,,5
update,17660,17669,17672,3,,6
update,17671,17680,17683,3,,7
update,17682,17691,17694,3,,8
update,17693,17702,17705,3,,9
inbound,17705,17713,17716,3,,11
update,17704,17713,17717,4,,10
update,17715,17724,17727,3,,12
update,17726,17735,17738,3,,13
update,17737,17746,17749,3,,14
update,17748,17756,17759,3,,15
update,17759,17767,17771,4,,0
inbound,17760,17769,17771,2,,1
update,17770,17779,17782,3,,2
update,17781,17790,17793,3,,3
update,17792,17801,17804,3,,4
update,17803,17812,17815,3,,5
inbound,17815,17823,17825,2,,7
update,17814,17823,17826,3,,6
update,17825,17834,17837,3,,8
update,17836,17845,17848,3,,9
update,17847,17856,17859,3,,10
update,17858,17867,17870,3,,11
update,17869,17878,17880,2,,12
update,17880,17889,17891,2,,13
update,17891,17899,17902,3,,14
update,17902,17911,17914,3,,15
update,17913,17922,17925,3,,0
update,17924,17933,17936,3,,1
update,18000,18009,18012,3,,2
inbound,18000,18009,18014,5,,3
update,18011,18020,18023,3,,4
update,18022,18030,18033,3,,5
inbound,18025,18033,18036,3,,6
update,18033,18042,18046,4,,7
update,18044,18052,18055,3,,8
update,18055,18064,18067,3,,9
update,18066,18074,18077,3,,10
update,18077,18086,18089,3,,11
update,18088,18096,18100,4,,12
update,18099,18108,18111,3,,13
inbound,18100,18109,18112,3,,14
update,18110,18119,18122,3,,15
update,18121,18129,18133,4,,0
update,18132,18140,18143,3,,1
update,18143,18152,18154,2,,2
update,18154,18163,18166,3,,3
inbound,18155,18164,18174,10,,4
update,18165,18174,18177,3,,5
update,18176,18185,18188,3,,6
update,18187,18196,18199,3,,7
update,18198,18207,18209,2,,8
inbound,18200,18209,18212,3,,9
update,18209,18217,18220,3,,10
inbound,18210,18219,18222,3,,11
update,18220,18229,18232,3,,12
inbound,18225,18234,18237,3,,13
update,18231,18239,18242,3,,14
update,18242,18251,18253,2,,15
update,18253,18261,18264,3,,0
update,18264,18272,18275,3,,1
inbound,18265,18273,18277,4,,2
update,18275,18283,18286,3,,3
update,18286,18295,18298,3,,4
update,18297,18305,18308,3,,5
update,18308,18316,18319,3,,6
update,18319,18328,18331,3,,7
inbound,18320,18329,18333,4,,8
update,18330,18339,18342,3,,9
update,18341,18350,18352,2,,10
update,18352,18361,18364,3,,11
update,18363,18372,18375,3,,12
update,18374,18383,18386,3,,13
inbound,18375,18384,18387,3,,14
update,18385,18393,18396,3,,15
update,18396,18405,18407,2,,0
inbound,18400,18409,18412,3,,1
update,18407,18416,18419,3,,2
update,18418,18426,18429,3,,3
inbound,18425,18434,18436,2,,4
update,18429,18438,18442,4,,5
inbound,18430,18439,18443,4,,6
update,18440,18449,18452,3,,7
update,18451,18460,18462,2,,8
update,18462,18470,18473,3,,9
update,18473,18481,18485,4,,10
update,18484,18492,18496,4,,11
inbound,18485,18493,18497,4,,12
update,18495,18503,18506,3,,13
update,18506,18514,18517,3,,14
update,18517,18526,18529,3,,15
update,18528,18537,18540,3,,0
update,18539,18547,18550,3,,1
inbound,18540,18549,18552,3,,2
update,18550,18559,18561,2,,3
update,18561,18570,18573,3,,4
update,18572,18581,18584,3,,5
update,18583,18591,18594,3,,6
update,18594,18603,18606,3,,7
inbound,18595,18604,18607,3,,8
update,18605,18614,18618,4,,9
update,18616,18624,18628,4,,10
update,18627,18636,18639,3,,11
update,18638,18647,18651,4,,12
update,18649,18657,18662,5,,13
inbound,18650,18658,18665,7,,14
update,18660,18669,18673,4,,15
update,18671,18680,18685,5,,0
update,18682,18690,18694,4,,1
update,18693,18702,18705,3,,2
update,18704,18713,18718,5,,3
inbound,18705,18714,18721,7,,4
update,18715,18724,18728,4,,5
update,18726,18734,18738,4,,6
update,18737,18746,18750,4,,7
update,18748,18756,18760,4,,8
inbound,18760,18768,18770,2,,10
update,18759,18768,18773,5,,9
update,18770,18779,18782,3,,11
update,18781,18790,18793,3,,12
update,18792,18801,18803,2,,13
update,18803,18812,18815,3,,14
inbound,18815,18824,18826,2,,0
update,18814,18823,18826,3,,15
update,18825,18834,18837,3,,1
update,18836,18845,18848,3,,2
update,18847,18855,18859,4,,3
update,18858,18867,18870,3,,4
update,18869,18878,18882,4,,5
update,18880,18888,18893,5,,6
update,18891,18900,18904,4,,7
update,18902,18910,18914,4,,8
update,18913,18922,18925,3,,9
update,18924,18932,18936,4,,10
inbound,19000,19009,19013,4,,12
update,19000,19009,19014,5,,11
update,19011,19020,19024,4,,13
update,19022,19030,19033,3,,14
inbound,19025,19033,19037,4,,15
update,19033,19042,19047,5,,0
update,19044,19053,19061,8,,1
update,19055,19063,19069,6,,2
update,19066,19074,19078,4,,3
update,19077,19086,19089,3,,4
update,19088,19097,19101,4,,5
update,19099,19108,19112,4,,6
inbound,19100,19110,19115,5,,7
update,19110,19119,19124,5,,8
update,19121,19130,19139,9,,9
update,19132,19141,19149,8,,10
update,19143,19152,19158,6,,11
update,19154,19163,19168,5,,12
inbound,19155,19165,19170,5,,13
update,19165,19173,19179,6,,14
update,19176,19184,19189,5,,15
update,19187,19196,19201,5,,0
inbound,19200,19208,19211,3,,2
update,19198,19207,19213,6,,1
update,19209,19218,19222,4,,3
inbound,19210,19220,19224,4,,4
update,19220,19229,19233,4,,5
inbound,19225,19234,19238,4,,6
update,19231,19240,19244,4,,7
update,19242,19251,19255,4,,8
update,19253,19262,19265,3,,9
update,19264,19273,19277,4,,10
inbound,19265,19275,19279,4,,11
update,19275,19284,19287,3,,12
update,19286,19294,19298,4,,13
update,19297,19305,19310,5,,14
update,19308,19316,19320,4,,15
update,19319,19328,19332,4,,0
inbound,19320,19330,19335,5,,1
update,19330,19339,19342,3,,2
update,19341,19350,19353,3,,3
update,19352,19361,19364,3,,4
update,19363,19372,19377,5,,5
update,19374,19383,19387,4,,6
inbound,19375,19385,19389,4,,7
update,19385,19394,19397,3,,8
update,19396,19405,19408,3,,9
inbound,19400,19409,19412,3,,10
update,19407,19416,19419,3,,11
update,19418,19426,19429,3,,12
inbound,19425,19434,19437,3,,13
update,19429,19438,19442,4,,14
inbound,19430,19440,19444,4,,15
update,19440,19449,19452,3,,0
update,19451,19460,19464,4,,1
update,19462,19471,19474,3,,2
update,19473,19481,19485,4,,3
update,19484,19492,19496,4,,4
inbound,19485,19494,19499,5,,5
update,19495,19503,19507,4,,6
update,19506,19515,19519,4,,7
update,19517,19526,19529,3,,8
update,19528,19537,19541,4,,9
update,19539,19548,19552,4,,10
inbound,19540,19550,19556,6,,11
update,19550,19559,19564,5,,12
update,19561,19570,19573,3,,13
update,19572,19581,19584,3,,14
update,19583,19592,19596,4,,15
update,19594,19603,19607,4,,0
inbound,19595,19605,19610,5,,1
update,19605,19614,19618,4,,2
update,19616,19625,19629,4,,3
update,19627,19636,19640,4,,4
update,19638,19646,19650,4,,5
update,19649,19657,19664,7,,6
update,19660,19669,19674,5,,8
inbound,19650,19660,19677,17,,7
update,19671,19680,19685,5,,9
update,19682,19691,19695,4,,10
update,19693,19701,19708,7,,11
inbound,19705,19714,19722,8,,13
update,19704,19713,19722,9,,12
update,19715,19724,19730,6,,14
update,19726,19734,19742,8,,15
update,19737,19745,19749,4,,0
update,19748,19757,19763,6,,1
inbound,19760,19769,19776,7,,3
update,19759,19769,19781,12,,2
update,19770,19780,19784,4,,4
update,19781,19791,19805,14,,5
update,19792,19801,19808,7,,6
update,19803,19812,19816,4,,7
update,19814,19823,19826,3,,8
inbound,19815,19825,19828,3,,9
update,19825,19833,19837,4,,10
update,19836,19844,19848,4,,11
update,19847,19855,19860,5,,12
update,19858,19867,19871,4,,13
update,19869,19877,19880,3,,14
update,19880,19888,19891,3,,15
update,19891,19899,19902,3,,0
update,19902,19910,19914,4,,1
update,19913,19922,19925,3,,2
update,19924,19933,19937,4,,3
inbound,20000,20009,20015,6,,5
update,20000,20009,20016,7,,4
update,20011,20021,20025,4,,6
update,20022,20032,20035,3,,7
inbound,20025,20035,20039,4,,8
update,20033,20043,20047,4,,9
update,20044,20054,20058,4,,10
update,20055,20065,20069,4,,11
update,20066,20076,20079,3,,12
update,20077,20086,20092,6,,13
update,20088,20098,20107,9,,14
update,20099,20109,20121,12,,15
inbound,20100,20109,20121,12,,0
update,20110,20119,20128,9,,1
update,20121,20131,20139,8,,2
update,20132,20142,20158,16,,3
update,20143,20153,20167,14,,4
update,20154,20164,20177,13,,5
inbound,20155,20164,20178,14,,6
update,20165,20175,20182,7,,7
update,20176,20185,20189,4,,8
update,20187,20197,20200,3,,9
update,20198,20208,20214,6,,10
inbound,20200,20210,20214,4,,11
update,20209,20218,20222,4,,12
inbound,20210,20220,20223,3,,13
update,20220,20230,20233,3,,14
inbound,20225,20235,20237,2,,15
update,20231,20241,20244,3,,0
update,20242,20251,20254,3,,1
update,20253,20263,20266,3,,2
update,20264,20274,20277,3,,3
inbound,20265,20275,20278,3,,4
update,20275,20285,20288,3,,5
update,20286,20295,20299,4,,6
update,20297,20306,20310,4,,7
update,20308,20318,20322,4,,8
update,20319,20329,20335,6,,9
inbound,20320,20330,20335,5,,10
update,20330,20340,20343,3,,11
update,20341,20351,20354,3,,12
update,20352,20362,20365,3,,13
update,20363,20372,20376,4,,14
update,20374,20384,20387,3,,15
inbound,20375,20385,20389,4,,0
update,20385,20395,20398,3,,1
update,20396,20406,20409,3,,2
inbound,20400,20409,20412,3,,3
update,20407,20416,20419,3,,4
update,20418,20427,20430,3,,5
inbound,20425,20435,20438,3,,6
update,20429,20438,20441,3,,7
inbound,20430,20440,20443,3,,8
update,20440,20450,20453,3,,9
update,20451,20461,20464,3,,10
update,20462,20471,20474,3,,11
update,20473,20483,20485,2,,12
update,20484,20494,20497,3,,13
inbound,20485,20495,20500,5,,14
update,20495,20505,20508,3,,15
update,20506,20516,20519,3,,0
update,20517,20527,20530,3,,1
update,20528,20537,20540,3,,2
update,20539,20548,20551,3,,3
inbound,20540,20550,20557,7,,4
update,20550,20560,20563,3,,5
update,20561,20571,20574,3,,6
update,20572,20582,20585,3,,7
update,20583,20593,20596,3,,8
update,20594,20604,20607,3,,9
inbound,20595,20605,20609,4,,10
update,20605,20614,20617,3,,11
update,20616,20626,20629,3,,12
update,20627,20637,20640,3,,13
update,20638,20647,20650,3,,14
update,20649,20659,20663,4,,15
inbound,20650,20659,20663,4,,0
update,20660,20670,20673,3,,1
update,20671,20681,20684,3,,2
update,20682,20692,20696,4,,3
update,20693,20703,20706,3,,4
update,20704,20714,20721,7,,5
inbound,20705,20714,20723,9,,6
update,20715,20725,20729,4,,7
update,20726,20735,20738,3,,8
update,20737,20747,20750,3,,9
update,20748,20758,20761,3,,10
inbound,20760,20769,20773,4,,12
update,20759,20769,20775,6,,11
update,20770,20780,20783,3,,13
update,20781,20791,20799,8,,14
update,20792,20801,20805,4,,15
update,20803,20813,20817,4,,0
update,20814,20824,20828,4,,1
inbound,20815,20825,20828,3,,2
update,20825,20835,20838,3,,3
update,20836,20845,20848,3,,4
update,20847,20856,20859,3,,5
update,20858,20868,20871,3,,6
update,20869,20879,20881,2,,7
update,20880,20889,20892,3,,8
update,20891,20900,20903,3,,9
update,20902,20912,20915,3,,10
update,20913,20923,20928,5,,11
update,20924,20933,20936,3,,12
update,21000,21010,21013,3,,13
inbound,21000,21010,21013,3,,14
update,21011,21021,21023,2,,15
update,21022,21032,21036,4,,0
inbound,21025,21034,21037,3,,1
update,21033,21043,21046,3,,2
update,21044,21054,21057,3,,3
update,21055,21065,21068,3,,4
update,21066,21076,21078,2,,5
update,21077,21087,21090,3,,6
update,21088,21097,21100,3,,7
update,21099,21109,21112,3,,8
inbound,21100,21110,21113,3,,9
update,21110,21120,21123,3,,10
update,21121,21131,21134,3,,11
update,21132,21142,21145,3,,12
update,21143,21153,21157,4,,13
inbound,21155,21165,21168,3,,15
update,21154,21163,21168,5,,14
update,21165,21175,21177,2,,0
update,21176,21186,21188,2,,1
update,21187,21197,21200,3,,2
update,21198,21208,21211,3,,3
inbound,21200,21210,21215,5,,4
update,21209,21218,21221,3,,5
inbound,21210,21220,21223,3,,6
update,21220,21229,21232,3,,7
inbound,21225,21235,21237,2,,8
update,21231,21241,21244,3,,9
update,21242,21252,21255,3,,10
update,21253,21263,21266,3,,11
update,21264,21273,21277,4,,12
inbound,21265,21275,21278,3,,13
update,21275,21285,21288,3,,14
update,21286,21296,21298,2,,15
update,21297,21306,21310,4,,0
update,21308,21317,21320,3,,1
update,21319,21328,21331,3,,2
inbound,21320,21329,21332,3,,3
update,21330,21339,21342,3,,4
update,21341,21350,21353,3,,5
update,21352,21362,21365,3,,6
update,21363,21373,21376,3,,7
update,21374,21384,21387,3,,8
inbound,21375,21385,21388,3,,9
update,21385,21395,21397,2,,10
update,21396,21406,21408,2,,11
inbound,21400,21410,21412,2,,12
update,21407,21417,21419,2,,13
update,21418,21428,21431,3,,14
inbound,21425,21435,21438,3,,15
update,21429,21439,21443,4,,0
inbound,21430,21439,21443,4,,1
update,21440,21449,21452,3,,2
update,21451,21460,21463,3,,3
update,21462,21471,21474,3,,4
update,21473,21483,21486,3,,5
update,21484,21494,21497,3,,6
inbound,21485,21495,21498,3,,7
update,21495,21505,21508,3,,8
update,21506,21516,21519,3,,9
update,21517,21526,21529,3,,10
update,21528,21537,21540,3,,11
update,21539,21548,21552,4,,12
inbound,21540,21550,21553,3,,13
update,21550,21560,21563,3,,14
update,21561,21571,21573,2,,15
update,21572,21581,21584,3,,0
update,21583,21593,21596,3,,1
update,21594,21603,21606,3,,2
inbound,21595,21605,21608,3,,3
update,21605,21614,21617,3,,4
update,21616,21626,21629,3,,5
update,21627,21637,21639,2,,6
update,21638,21648,21650,2,,7
update,21649,21658,21661,3,,8
inbound,21650,21660,21662,2,,9
update,21660,21669,21672,3,,10
update,21671,21681,21684,3,,11
update,21682,21692,21695,3,,12
update,21693,21702,21705,3,,13
update,21704,21714,21717,3,,14
inbound,21705,21714,21717,3,,15
update,21715,21725,21728,3,,0
update,21726,21736,21739,3,,1
update,21737,21747,21750,3,,2
update,21748,21757,21759,2,,3
update,21759,21768,21772,4,,4
inbound,21760,21770,21773,3,,5
update,21770,21780,21782,2,,6
update,21781,21790,21794,4,,7
update,21792,21802,21805,3,,8
update,21803,21813,21816,3,,9
update,21814,21824,21827,3,,10
inbound,21815,21825,21828,3,,11
update,21825,21834,21837,3,,12
update,21836,21845,21848,3,,13
update,21847,21856,21859,3,,14
update,21858,21868,21871,3,,15
update,21869,21879,21882,3,,0
update,21880,21890,21893,3,,1
update,21891,21901,21904,3,,2
update,21902,21911,21914,3,,3
update,21913,21922,21925,3,,4
update,21924,21934,21937,3,,5
update,22000,22010,22013,3,,6
inbound,22000,22010,22013,3,,7
update,22011,22021,22024,3,,8
update,22022,22032,22035,3,,9
inbound,22025,22035,22037,2,,10
update,22033,22042,22045,3,,11
update,22044,22053,22056,3,,12
update,22055,22064,22068,4,,13
update,22066,22075,22078,3,,14
update,22077,22086,22089,3,,15
update,22088,22098,22100,2,,0
update,22099,22109,22112,3,,1
inbound,22100,22110,22113,3,,2
update,22110,22120,22123,3,,3
update,22121,22131,22134,3,,4
update,22132,22141,22144,3,,5
update,22143,22152,22155,3,,6
update,22154,22163,22168,5,,7
inbound,22155,22165,22169,4,,8
update,22165,22175,22178,3,,9
update,22176,22185,22188,3,,10
update,22187,22197,22200,3,,11
update,22198,22208,22211,3,,12
inbound,22200,22210,22213,3,,13
update,22209,22219,22222,3,,14
inbound,22210,22220,22223,3,,15
update,22220,22230,22233,3,,0
inbound,22225,22235,22237,2,,1
update,22231,22240,22243,3,,2
update,22242,22252,22255,3,,3
update,22253,22263,22266,3,,4
update,22264,22274,22277,3,,5
inbound,22265,22275,22278,3,,6
update,22275,22284,22287,3,,7
update,22286,22295,22298,3,,8
update,22297,22306,22309,3,,9
update,22308,22317,22320,3,,10
update,22319,22328,22331,3,,11
inbound,22320,22330,22332,2,,12
update,22330,22340,22342,2,,13
update,22341,22351,22354,3,,14
update,22352,22362,22365,3,,15
update,22363,22373,22376,3,,0
inbound,22375,22384,22387,3,,2
update,22374,22384,22387,3,,1
update,22385,22395,22397,2,,3
update,22396,22405,22409,4,,4
inbound,22400,22410,22413,3,,5
update,22407,22417,22420,3,,6
update,22418,22428,22430,2,,7
inbound,22425,22435,22437,2,,8
update,22429,22438,22441,3,,9
inbound,22430,22440,22443,3,,10
update,22440,22450,22453,3,,11
update,22451,22461,22464,3,,12
update,22462,22472,22475,3,,13
update,22473,22483,22486,3,,14
update,22484,22494,22497,3,,15
inbound,22485,22495,22498,3,,0
update,22495,22505,22508,3,,1
update,22506,22516,22518,2,,2
update,22517,22526,22529,3,,3
update,22528,22537,22540,3,,4
update,22539,22549,22552,3,,5
inbound,22540,22550,22553,3,,6
update,22550,22559,22562,3,,7
update,22561,22571,22574,3,,8
update,22572,22581,22584,3,,9
update,22583,22593,22596,3,,10
update,22594,22604,22607,3,,11
inbound,22595,22604,22607,3,,12
update,22605,22615,22618,3,,13
update,22616,22626,22629,3,,14
update,22627,22637,22640,3,,15
update,22638,22648,22651,3,,0
update,22649,22659,22662,3,,1
inbound,22650,22660,22663,3,,2
update,22660,22670,22673,3,,3
update,22671,22681,22684,3,,4
update,22682,22692,22695,3,,5
update,22693,22703,22706,3,,6
update,22704,22714,22717,3,,7
inbound,22705,22715,22718,3,,8
update,22715,22724,22727,3,,9
update,22726,22736,22739,3,,10
update,22737,22746,22749,3,,11
update,22748,22758,22760,2,,12
update,22759,22769,22771,2,,13
inbound,22760,22770,22772,2,,14
update,22770,22780,22783,3,,15
update,22781,22791,22794,3,,0
update,22792,22801,22804,3,,1
update,22803,22812,22815,3,,2
update,22814,22823,22827,4,,3
inbound,22815,22824,22827,3,,4
update,22825,22835,22838,3,,5
update,22836,22846,22849,3,,6
update,22847,22857,22860,3,,7
update,22858,22868,22871,3,,8
update,22869,22879,22882,3,,9
update,22880,22890,22893,3,,10
update,22891,22900,22903,3,,11
update,22902,22911,22914,3,,12
update,22913,22922,22925,3,,13
update,22924,22933,22937,4,,14
update,23000,23010,23013,3,,15
inbound,23000,23010,23014,4,,0
update,23011,23021,23024,3,,1
update,23022,23032,23034,2,,2
inbound,23025,23034,23038,4,,3
update,23033,23043,23046,3,,4
update,23044,23054,23057,3,,5
update,23055,23065,23067,2,,6
update,23066,23076,23079,3,,7
update,23077,23086,23089,3,,8
update,23088,23098,23101,3,,9
update,23099,23109,23112,3,,10
inbound,23100,23110,23113,3,,11
update,23110,23120,23126,6,,12
update,23121,23131,23134,3,,13
update,23132,23142,23145,3,,14
update,23143,23153,23156,3,,15
update,23154,23164,23167,3,,0
inbound,23155,23165,23169,4,,1
update,23165,23175,23180,5,,2
update,23176,23185,23189,4,,3
update,23187,23197,23200,3,,4
update,23198,23208,23213,5,,5
inbound,23200,23209,23213,4,,6
update,23209,23219,23222,3,,7
inbound,23210,23220,23222,2,,8
update,23220,23230,23233,3,,9
inbound,23225,23234,23237,3,,10
update,23231,23240,23243,3,,11
update,23242,23252,23254,2,,12
update,23253,23263,23266,3,,13
inbound,23265,23274,23278,4,,15
update,23264,23274,23278,4,,14
update,23275,23285,23288,3,,0
update,23286,23296,23299,3,,1
update,23297,23307,23309,2,,2
update,23308,23318,23321,3,,3
update,23319,23329,23332,3,,4
inbound,23320,23330,23333,3,,5
update,23330,23340,23342,2,,6
update,23341,23351,23354,3,,7
update,23352,23362,23366,4,,8
update,23363,23373,23376,3,,9
update,23374,23383,23387,4,,10
inbound,23375,23385,23388,3,,11
update,23385,23395,23398,3,,12
update,23396,23405,23408,3,,13
inbound,23400,23409,23412,3,,14
update,23407,23416,23419,3,,15
update,23418,23428,23431,3,,0
inbound,23425,23435,23438,3,,1
update,23429,23438,23442,4,,2
inbound,23430,23439,23443,4,,3
update,23440,23449,23452,3,,4
update,23451,23460,23465,5,,5
update,23462,23472,23475,3,,6
update,23473,23483,23486,3,,7
update,23484,23494,23497,3,,8
inbound,23485,23495,23500,5,,9
update,23495,23505,23508,3,,10
update,23506,23516,23519,3,,11
update,23517,23527,23529,2,,12
update,23528,23538,23541,3,,13
update,23539,23548,23551,3,,14
inbound,23540,23549,23553,4,,15
update,23550,23559,23562,3,,0
update,23561,23571,23574,3,,1
update,23572,23582,23585,3,,2
update,23583,23593,23596,3,,3
update,23594,23604,23608,4,,4
inbound,23595,23605,23608,3,,5
update,23605,23614,23618,4,,6
update,23616,23625,23629,4,,7
update,23627,23637,23640,3,,8
update,23638,23648,23651,3,,9
inbound,23650,23660,23665,5,,11
update,23649,23658,23665,7,,10
update,23660,23670,23672,2,,12
update,23671,23680,23683,3,,13
update,23682,23691,23694,3,,14
update,23693,23703,23706,3,,15
inbound,23705,23715,23718,3,,1
update,23704,23713,23718,5,,0
update,23715,23724,23727,3,,2
update,23726,23736,23738,2,,3
update,23737,23747,23750,3,,4
update,23748,23757,23760,3,,5
update,23759,23768,23772,4,,6
inbound,23760,23770,23772,2,,7
update,23770,23779,23782,3,,8
update,23781,23790,23793,3,,9
update,23792,23801,23804,3,,10
update,23803,23813,23815,2,,11
update,23814,23824,23827,3,,12
inbound,23815,23825,23828,3,,13
update,23825,23835,23838,3,,14
update,23836,23846,23849,3,,15
update,23847,23857,23860,3,,0
update,23858,23868,23871,3,,1
update,23869,23879,23881,2,,2
update,23880,23890,23892,2,,3
update,23891,23900,23904,4,,4
update,23902,23912,23915,3,,5
update,23913,23923,23926,3,,6
update,23924,23934,23937,3,,7
update,24000,24010,24014,4,,8
inbound,24000,24010,24014,4,,9
update,24011,24021,24023,2,,10
update,24022,24031,24034,3,,11
inbound,24025,24034,24037,3,,12
update,24033,24043,24046,3,,13
update,24044,24054,24057,3,,14
update,24055,24065,24068,3,,15
update,24066,24076,24079,3,,0
update,24077,24087,24090,3,,1
update,24088,24098,24101,3,,2
update,24099,24109,24112,3,,3
inbound,24100,24110,24114,4,,4
update,24110,24120,24123,3,,5
update,24121,24131,24134,3,,6
update,24132,24141,24144,3,,7
update,24143,24153,24156,3,,8
update,24154,24163,24167,4,,9
inbound,24155,24164,24168,4,,10
update,24165,24174,24178,4,,11
update,24176,24186,24189,3,,12
update,24187,24197,24200,3,,13
update,24198,24208,24211,3,,14
inbound,24200,24210,24214,4,,15
inbound,24210,24219,24222,3,,1
update,24209,24219,24223,4,,0
update,24220,24230,24233,3,,2
inbound,24225,24235,24238,3,,3
update,24231,24240,24243,3,,4
update,24242,24252,24255,3,,5
update,24253,24263,24266,3,,6
update,24264,24274,24277,3,,7
inbound,24265,24275,24279,4,,8
update,24275,24285,24288,3,,9
update,24286,24296,24299,3,,10
update,24297,24307,24309,2,,11
update,24308,24318,24321,3,,12
update,24319,24328,24332,4,,13
inbound,24320,24330,24333,3,,14
update,24330,24340,24342,2,,15
update,24341,24350,24353,3,,0
update,24352,24361,24364,3,,1
update,24363,24373,24376,3,,2
update,24374,24384,24387,3,,3
inbound,24375,24385,24388,3,,4
update,24385,24394,24398,4,,5
update,24396,24406,24409,3,,6
inbound,24400,24409,24412,3,,7
update,24407,24417,24420,3,,8
update,24418,24428,24430,2,,9
inbound,24425,24435,24437,2,,10
update,24429,24439,24442,3,,11
inbound,24430,24440,24444,4,,12
update,24440,24449,24452,3,,13
update,24451,24460,24464,4,,14
update,24462,24471,24474,3,,15
update,24473,24483,24485,2,,0
update,24484,24494,24497,3,,1
inbound,24485,24494,24499,5,,2
update,24495,24505,24508,3,,3
update,24506,24515,24519,4,,4
update,24517,24527,24530,3,,5
update,24528,24537,24540,3,,6
update,24539,24548,24552,4,,7
inbound,24540,24550,24553,3,,8
update,24550,24560,24563,3,,9
update,24561,24570,24574,4,,10
update,24572,24582,24585,3,,11
update,24583,24592,24596,4,,12
update,24594,24604,24607,3,,13
inbound,24595,24605,24608,3,,14
update,24605,24615,24618,3,,15
update,24616,24626,24629,3,,0
update,24627,24636,24640,4,,1
update,24638,24648,24650,2,,2
update,24649,24659,24663,4,,3
inbound,24650,24660,24664,4,,4
update,24660,24670,24674,4,,5
update,24671,24680,24684,4,,6
update,24682,24692,24696,4,,7
update,24693,24702,24705,3,,8
update,24704,24714,24717,3,,9
inbound,24705,24714,24718,4,,10
update,24715,24724,24727,3,,11
update,24726,24736,24739,3,,12
update,24737,24747,24750,3,,13
update,24748,24758,24761,3,,14
update,24759,24769,24772,3,,15
inbound,24760,24770,24773,3,,0
update,24770,24779,24782,3,,1
update,24781,24790,24793,3,,2
update,24792,24802,24805,3,,3
update,24803,24813,24815,2,,4
inbound,24815,24825,24828,3,,6
update,24814,24824,24828,4,,5
update,24825,24835,24838,3,,7
update,24836,24845,24849,4,,8
update,24847,24857,24860,3,,9
update,24858,24868,24871,3,,10
update,24869,24878,24881,3,,11
update,24880,24890,24893,3,,12
update,24891,24901,24903,2,,13
update,24902,24912,24915,3,,14
update,24913,24923,24926,3,,15
update,24924,24933,24936,3,,0
update,25000,25009,25013,4,,1
inbound,25000,25009,25013,4,,2
update,25011,25021,25023,2,,3
update,25022,25031,25034,3,,4
inbound,25025,25035,25038,3,,5
update,25033,25043,25045,2,,6
update,25044,25054,25056,2,,7
update,25055,25065,25068,3,,8
update,25066,25076,25078,2,,9
update,25077,25087,25089,2,,10
update,25088,25098,25100,2,,11
update,25099,25109,25112,3,,12
inbound,25100,25110,25113,3,,13
update,25110,25120,25123,3,,14
update,25121,25131,25133,2,,15
update,25132,25142,25144,2,,0
update,25143,25153,25156,3,,1
update,25154,25164,25169,5,,2
inbound,25155,25165,25170,5,,3
update,25165,25175,25178,3,,4
update,25176,25186,25190,4,,5
update,25187,25196,25199,3,,6
update,25198,25208,25212,4,,7
inbound,25200,25210,25214,4,,8
update,25209,25219,25222,3,,9
inbound,25210,25220,25223,3,,10
update,25220,25229,25232,3,,11
inbound,25225,25234,25237,3,,12
update,25231,25240,25243,3,,13
update,25242,25252,25256,4,,14
update,25253,25263,25265,2,,15
update,25264,25274,25277,3,,0
inbound,25265,25275,25278,3,,1
update,25275,25285,25288,3,,2
update,25286,25296,25300,4,,3
update,25297,25307,25309,2,,4
update,25308,25317,25320,3,,5
update,25319,25328,25333,5,,6
inbound,25320,25329,25333,4,,7
update,25330,25340,25343,3,,8
update,25341,25351,25354,3,,9
update,25352,25362,25365,3,,10
update,25363,25372,25375,3,,11
update,25374,25384,25387,3,,12
inbound,25375,25385,25388,3,,13
update,25385,25395,25397,2,,14
update,25396,25406,25408,2,,15
inbound,25400,25410,25412,2,,0
update,25407,25417,25420,3,,1
update,25418,25428,25432,4,,2
inbound,25425,25435,25437,2,,3
update,25429,25439,25441,2,,4
inbound,25430,25440,25442,2,,5
update,25440,25449,25452,3,,6
update,25451,25461,25464,3,,7
update,25462,25471,25474,3,,8
update,25473,25483,25486,3,,9
update,25484,25494,25498,4,,10
inbound,25485,25495,25499,4,,11
update,25495,25505,25508,3,,12
update,25506,25516,25520,4,,13
update,25517,25526,25530,4,,14
update,25528,25538,25541,3,,15
update,25539,25549,25552,3,,0
inbound,25540,25550,25555,5,,1
update,25550,25560,25563,3,,2
update,25561,25571,25574,3,,3
update,25572,25582,25585,3,,4
update,25583,25593,25597,4,,5
update,25594,25604,25607,3,,6
inbound,25595,25605,25608,3,,7
update,25605,25614,25617,3,,8
update,25616,25626,25631,5,,9
update,25627,25637,25640,3,,10
update,25638,25647,25652,5,,11
update,25649,25658,25666,8,,12
inbound,25650,25659,25670,11,,13
update,25660,25670,25673,3,,14
update,25671,25681,25684,3,,15
update,25682,25691,25697,6,,0
update,25693,25702,25707,5,,1
update,25704,25713,25716,3,,2
inbound,25705,25715,25719,4,,3
update,25715,25725,25728,3,,4
update,25726,25736,25739,3,,5
update,25737,25747,25750,3,,6
update,25748,25758,25761,3,,7
update,25759,25768,25771,3,,8
inbound,25760,25770,25772,2,,9
update,25770,25779,25782,3,,10
update,25781,25791,25797,6,,11
update,25792,25802,25805,3,,12
update,25803,25813,25816,3,,13
update,25814,25824,25827,3,,14
inbound,25815,25826,25828,2,,15
update,25825,25835,25839,4,,0
update,25836,25845,25849,4,,1
update,25847,25857,25865,8,,2
update,25858,25868,25872,4,,3
update,25869,25879,25882,3,,4
update,25880,25890,25893,3,,5
update,25891,25900,25905,5,,6
update,25902,25912,25915,3,,7
update,25913,25923,25925,2,,8
update,25924,25934,25937,3,,9
update,26000,26010,26014,4,,10
inbound,26000,26010,26014,4,,11
update,26011,26020,26023,3,,12
update,26022,26031,26034,3,,13
inbound,26025,26034,26037,3,,14
update,26033,26042,26045,3,,15
update,26044,26053,26056,3,,0
update,26055,26065,26068,3,,1
update,26066,26076,26079,3,,2
update,26077,26087,26090,3,,3
update,26088,26098,26100,2,,4
update,26099,26109,26112,3,,5
inbound,26100,26110,26112,2,,6
update,26110,26119,26122,3,,7
update,26121,26131,26134,3,,8
update,26132,26142,26145,3,,9
update,26143,26153,26156,3,,10
update,26154,26164,26167,3,,11
inbound,26155,26164,26167,3,,12
update,26165,26175,26178,3,,13
update,26176,26186,26190,4,,14
update,26187,26197,26200,3,,15
update,26198,26208,26211,3,,0
inbound,26200,26209,26212,3,,1
update,26209,26218,26221,3,,2
inbound,26210,26220,26222,2,,3
update,26220,26230,26232,2,,4
inbound,26225,26234,26237,3,,5
update,26231,26241,26244,3,,6
update,26242,26252,26255,3,,7
update,26253,26263,26265,2,,8
update,26264,26273,26277,4,,9
inbound,26265,26275,26277,2,,10
update,26275,26285,26287,2,,11
update,26286,26295,26298,3,,12
update,26297,26307,26310,3,,13
update,26308,26318,26321,3,,14
inbound,26320,26329,26332,3,,0
update,26319,26329,26332,3,,15
update,26330,26340,26343,3,,1
update,26341,26351,26354,3,,2
update,26352,26362,26365,3,,3
update,26363,26373,26376,3,,4
update,26374,26384,26387,3,,5
inbound,26375,26384,26387,3,,6
update,26385,26395,26397,2,,7
update,26396,26406,26409,3,,8
inbound,26400,26410,26412,2,,9
update,26407,26416,26419,3,,10
update,26418,26428,26431,3,,11
inbound,26425,26435,26438,3,,12
update,26429,26439,26442,3,,13
inbound,26430,26439,26442,3,,14
update,26440,26449,26452,3,,15
update,26451,26461,26464,3,,0
update,26462,26472,26475,3,,1
update,26473,26483,26486,3,,2
update,26484,26494,26497,3,,3
inbound,26485,26495,26498,3,,4
update,26495,26505,26507,2,,5
update,26506,26516,26519,3,,6
update,26517,26527,26530,3,,7
update,26528,26538,26540,2,,8
update,26539,26549,26552,3,,9
inbound,26540,26550,26553,3,,10
update,26550,26560,26563,3,,11
update,26561,26571,26575,4,,12
update,26572,26582,26585,3,,13
update,26583,26593,26597,4,,14
update,26594,26604,26607,3,,15
inbound,26595,26605,26608,3,,0
update,26605,26615,26618,3,,1
update,26616,26626,26629,3,,2
update,26627,26637,26640,3,,3
update,26638,26647,26650,3,,4
update,26649,26659,26662,3,,5
inbound,26650,26660,26663,3,,6
update,26660,26669,26672,3,,7
update,26671,26680,26683,3,,8
update,26682,26692,26694,2,,9
update,26693,26703,26705,2,,10
update,26704,26714,26717,3,,11
inbound,26705,26715,26718,3,,12
update,26715,26725,26728,3,,13
update,26726,26736,26739,3,,14
update,26737,26747,26750,3,,15
update,26748,26758,26760,2,,0
update,26759,26769,26772,3,,1
inbound,26760,26770,26772,2,,2
update,26770,26780,26783,3,,3
update,26781,26791,26794,3,,4
update,26792,26802,26805,3,,5
update,26803,26813,26816,3,,6
inbound,26815,26824,26826,2,,8
update,26814,26824,26828,4,,7
update,26825,26835,26837,2,,9
update,26836,26846,26849,3,,10
update,26847,26857,26860,3,,11
update,26858,26868,26871,3,,12
update,26869,26879,26882,3,,13
update,26880,26889,26892,3,,14
update,26891,26900,26903,3,,15
update,26902,26912,26915,3,,0
update,26913,26923,26926,3,,1
update,26924,26934,26937,3,,2
update,27000,27010,27013,3,,3
inbound,27000,27011,27015,4,,4
update,27011,27020,27024,4,,5
update,27022,27032,27035,3,,6
inbound,27025,27035,27038,3,,7
update,27033,27043,27046,3,,8
update,27044,27054,27057,3,,9
update,27055,27065,27068,3,,10
update,27066,27076,27079,3,,11
update,27077,27087,27089,2,,12
update,27088,27098,27101,3,,13
update,27099,27109,27112,3,,14
inbound,27100,27111,27115,4,,15
update,27110,27120,27123,3,,0
update,27121,27131,27134,3,,1
update,27132,27142,27144,2,,2
update,27143,27153,27156,3,,3
update,27154,27163,27170,7,,4
inbound,27155,27166,27171,5,,5
update,27165,27175,27179,4,,6
update,27176,27186,27191,5,,7
update,27187,27199,27204,5,,8
update,27198,27208,27214,6,,9
inbound,27200,27210,27216,6,,10
update,27209,27219,27222,3,,11
inbound,27210,27221,27224,3,,12
update,27220,27229,27232,3,,13
inbound,27225,27236,27239,3,,14
update,27231,27241,27244,3,,15
update,27242,27252,27254,2,,0
update,27253,27262,27265,3,,1
update,27264,27273,27276,3,,2
inbound,27265,27275,27279,4,,3
update,27275,27284,27288,4,,4
update,27286,27296,27299,3,,5
update,27297,27307,27310,3,,6
update,27308,27318,27323,5,,7
update,27319,27328,27333,5,,8
inbound,27320,27331,27335,4,,9
update,27330,27339,27342,3,,10
update,27341,27351,27358,7,,11
update,27352,27362,27369,7,,12
update,27363,27373,27377,4,,13
inbound,27375,27385,27388,3,,15
update,27374,27385,27390,5,,14
update,27385,27395,27400,5,,0
update,27396,27405,27410,5,,1
inbound,27400,27410,27414,4,,2
update,27407,27417,27420,3,,3
update,27418,27428,27432,4,,4
inbound,27425,27435,27438,3,,5
inbound,27430,27440,27444,4,,7
update,27429,27438,27444,6,,6
update,27440,27450,27456,6,,8
update,27451,27461,27464,3,,9
update,27462,27472,27475,3,,10
update,27473,27483,27486,3,,11
update,27484,27494,27498,4,,12
inbound,27485,27495,27499,4,,13
update,27495,27505,27508,3,,14
update,27506,27516,27519,3,,15
update,27517,27526,27529,3,,0
update,27528,27538,27541,3,,1
update,27539,27549,27552,3,,2
inbound,27540,27551,27554,3,,3
update,27550,27561,27564,3,,4
update,27561,27572,27575,3,,5
update,27572,27582,27585,3,,6
update,27583,27594,27597,3,,7
update,27594,27605,27609,4,,8
inbound,27595,27606,27609,3,,9
update,27605,27616,27619,3,,10
update,27616,27627,27630,3,,11
update,27627,27638,27641,3,,12
update,27638,27649,27651,2,,13
update,27649,27660,27663,3,,14
inbound,27650,27661,27665,4,,15
update,27660,27671,27674,3,,0
update,27671,27682,27685,3,,1
update,27682,27692,27695,3,,2
update,27693,27704,27706,2,,3
update,27704,27714,27718,4,,4
inbound,27705,27716,27720,4,,5
update,27715,27725,27728,3,,6
update,27726,27737,27740,3,,7
update,27737,27748,27751,3,,8
update,27748,27759,27761,2,,9
inbound,27760,27771,27773,2,,11
update,27759,27769,27773,4,,10
update,27770,27781,27783,2,,12
update,27781,27792,27794,2,,13
update,27792,27803,27806,3,,14
update,27803,27814,27817,3,,15
inbound,27815,27825,27827,2,,1
update,27814,27825,27828,3,,0
update,27825,27836,27839,3,,2
update,27836,27847,27850,3,,3
update,27847,27858,27860,2,,4
update,27858,27869,27872,3,,5
update,27869,27880,27882,2,,6
update,27880,27890,27893,3,,7
update,27891,27902,27905,3,,8
update,27902,27913,27915,2,,9
update,27913,27924,27927,3,,10
update,27924,27934,27938,4,,11
inbound,28000,28011,28014,3,,13
update,28000,28011,28014,3,,12
update,28011,28022,28025,3,,14
update,28022,28033,28036,3,,15
inbound,28025,28036,28038,2,,0
update,28033,28043,28046,3,,1
update,28044,28054,28057,3,,2
update,28055,28066,28069,3,,3
update,28066,28076,28079,3,,4
update,28077,28087,28090,3,,5
update,28088,28099,28102,3,,6
update,28099,28110,28115,5,,7
inbound,28100,28112,28116,4,,8
update,28110,28120,28123,3,,9
update,28121,28132,28135,3,,10
update,28132,28143,28146,3,,11
update,28143,28153,28159,6,,12
update,28154,28164,28167,3,,13
inbound,28155,28166,28169,3,,14
update,28165,28175,28179,4,,15
update,28176,28187,28190,3,,0
update,28187,28198,28204,6,,1
update,28198,28208,28213,5,,2
inbound,28200,28211,28215,4,,3
update,28209,28219,28223,4,,4
inbound,28210,28221,28223,2,,5
update,28220,28231,28234,3,,6
inbound,28225,28236,28239,3,,7
update,28231,28241,28244,3,,8
update,28242,28253,28256,3,,9
update,28253,28264,28267,3,,10
update,28264,28274,28279,5,,11
inbound,28265,28276,28279,3,,12
update,28275,28286,28288,2,,13
update,28286,28297,28299,2,,14
update,28297,28308,28311,3,,15
update,28308,28319,28322,3,,0
update,28319,28329,28333,4,,1
inbound,28320,28330,28334,4,,2
update,28330,28340,28343,3,,3
update,28341,28352,28355,3,,4
update,28352,28363,28366,3,,5
update,28363,28373,28376,3,,6
update,28374,28385,28388,3,,7
inbound,28375,28386,28389,3,,8
update,28385,28396,28399,3,,9
update,28396,28407,28410,3,,10
inbound,28400,28411,28414,3,,11
update,28407,28418,28421,3,,12
update,28418,28428,28431,3,,13
inbound,28425,28435,28438,3,,14
inbound,28430,28440,28443,3,,0
update,28429,28440,28444,4,,15
update,28440,28451,28455,4,,1
update,28451,28462,28465,3,,2
update,28462,28472,28475,3,,3
update,28473,28484,28487,3,,4
update,28484,28495,28498,3,,5
inbound,28485,28496,28499,3,,6
update,28495,28505,28508,3,,7
update,28506,28517,28520,3,,8
update,28517,28527,28530,3,,9
update,28528,28538,28541,3,,10
update,28539,28550,28553,3,,11
inbound,28540,28551,28554,3,,12
update,28550,28561,28564,3,,13
update,28561,28572,28574,2,,14
update,28572,28582,28586,4,,15
update,28583,28594,28596,2,,0
update,28594,28604,28608,4,,1
inbound,28595,28605,28609,4,,2
update,28605,28616,28619,3,,3
update,28616,28627,28629,2,,4
update,28627,28638,28641,3,,5
update,28638,28649,28652,3,,6
update,28649,28660,28663,3,,7
inbound,28650,28661,28665,4,,8
update,28660,28670,28673,3,,9
update,28671,28681,28684,3,,10
update,28682,28693,28696,3,,11
update,28693,28704,28707,3,,12
update,28704,28714,28717,3,,13
inbound,28705,28716,28719,3,,14
update,28715,28726,28729,3,,15
update,28726,28736,28739,3,,0
update,28737,28748,28751,3,,1
update,28748,28759,28761,2,,2
update,28759,28769,28773,4,,3
inbound,28760,28770,28773,3,,4
update,28770,28780,28783,3,,5
update,28781,28792,28795,3,,6
update,28792,28803,28806,3,,7
update,28803,28814,28817,3,,8
update,28814,28825,28828,3,,9
inbound,28815,28825,28828,3,,10
update,28825,28836,28839,3,,11
update,28836,28847,28850,3,,12
update,28847,28858,28861,3,,13
update,28858,28868,28871,3,,14
update,28869,28879,28882,3,,15
update,28880,28891,28894,3,,0
update,28891,28902,28905,3,,1
update,28902,28913,28916,3,,2
update,28913,28923,28926,3,,3
update,28924,28934,28937,3,,4
update,29000,29011,29014,3,,5
inbound,29000,29011,29015,4,,6
update,29011,29022,29026,4,,7
update,29022,29035,29038,3,,8
inbound,29025,29036,29040,4,,9
update,29033,29043,29046,3,,10
update,29044,29055,29058,3,,11
update,29055,29066,29068,2,,12
update,29066,29077,29079,2,,13
update,29077,29088,29090,2,,14
update,29088,29098,29101,3,,15
update,29099,29110,29114,4,,0
inbound,29100,29111,29115,4,,1
update,29110,29120,29124,4,,2
update,29121,29131,29134,3,,3
update,29132,29143,29146,3,,4
update,29143,29154,29156,2,,5
update,29154,29164,29168,4,,6
inbound,29155,29167,29170,3,,7
update,29165,29175,29178,3,,8
update,29176,29187,29189,2,,9
update,29187,29198,29201,3,,10
update,29198,29208,29215,7,,11
inbound,29200,29211,29215,4,,12
update,29209,29219,29223,4,,13
inbound,29210,29221,29224,3,,14
update,29220,29231,29233,2,,15
inbound,29225,29235,29238,3,,0
update,29231,29242,29245,3,,1
update,29242,29253,29255,2,,2
update,29253,29263,29267,4,,3
update,29264,29274,29278,4,,4
inbound,29265,29276,29279,3,,5
update,29275,29286,29288,2,,6
update,29286,29297,29300,3,,7
update,29297,29308,29310,2,,8
update,29308,29319,29322,3,,9
update,29319,29329,29332,3,,10
inbound,29320,29331,29334,3,,11
update,29330,29341,29344,3,,12
update,29341,29352,29355,3,,13
update,29352,29363,29366,3,,14
update,29363,29374,29376,2,,15
inbound,29375,29385,29388,3,,1
update,29374,29385,29389,4,,0
update,29385,29396,29399,3,,2
update,29396,29407,29410,3,,3
inbound,29400,29411,29413,2,,4
update,29407,29418,29421,3,,5
update,29418,29429,29432,3,,6
inbound,29425,29436,29439,3,,7
update,29429,29440,29443,3,,8
inbound,29430,29441,29444,3,,9
update,29440,29450,29453,3,,10
update,29451,29462,29465,3,,11
update,29462,29473,29475,2,,12
update,29473,29484,29487,3,,13
update,29484,29495,29498,3,,14
inbound,29485,29496,29499,3,,15
update,29495,29506,29508,2,,0
update,29506,29516,29519,3,,1
update,29517,29528,29530,2,,2
update,29528,29539,29542,3,,3
update,29539,29550,29553,3,,4
inbound,29540,29551,29554,3,,5
update,29550,29561,29564,3,,6
update,29561,29572,29574,2,,7
update,29572,29582,29585,3,,8
update,29583,29593,29596,3,,9
update,29594,29604,29607,3,,10
inbound,29595,29605,29608,3,,11
update,29605,29616,29619,3,,12
update,29616,29627,29630,3,,13
update,29627,29638,29640,2,,14
update,29638,29648,29651,3,,15
update,29649,29659,29664,5,,0
inbound,29650,29660,29665,5,,1
update,29660,29671,29673,2,,2
update,29671,29681,29684,3,,3
update,29682,29693,29696,3,,4
update,29693,29704,29707,3,,5
update,29704,29715,29718,3,,6
inbound,29705,29716,29720,4,,7
update,29715,29726,29729,3,,8
update,29726,29736,29739,3,,9
update,29737,29748,29750,2,,10
update,29748,29759,29762,3,,11
update,29759,29770,29773,3,,12
inbound,29760,29771,29773,2,,13
update,29770,29781,29784,3,,14
update,29781,29792,29795,3,,15
update,29792,29803,29807,4,,0
update,29803,29813,29818,5,,1
update,29814,29825,29828,3,,2
inbound,29815,29827,29831,4,,3
update,29825,29836,29840,4,,4
update,29836,29847,29851,4,,5
update,29847,29857,29862,5,,6
update,29858,29869,29873,4,,7
update,29869,29880,29882,2,,8
update,29880,29891,29894,3,,9
update,29891,29902,29906,4,,10
update,29902,29913,29920,7,,11
update,29913,29924,29926,2,,12
update,29924,29936,29939,3,,13
inbound,30000,30011,30014,3,,15
update,30000,30010,30015,5,,14
update,30011,30021,30024,3,,0
update,30022,30033,30036,3,,1
inbound,30025,30035,30038,3,,2
update,30033,30044,30047,3,,3
update,30044,30055,30058,3,,4
update,30055,30066,30068,2,,5
update,30066,30076,30079,3,,6
update,30077,30088,30090,2,,7
update,30088,30098,30101,3,,8
update,30099,30110,30113,3,,9
inbound,30100,30111,30114,3,,10
update,30110,30120,30123,3,,11
update,30121,30131,30134,3,,12
update,30132,30142,30145,3,,13
update,30143,30153,30156,3,,14
update,30154,30165,30168,3,,15
inbound,30155,30166,30169,3,,0
update,30165,30176,30179,3,,1
update,30176,30187,30189,2,,2
update,30187,30198,30200,2,,3
update,30198,30209,30213,4,,4
inbound,30200,30211,30215,4,,5
update,30209,30219,30223,4,,6
inbound,30210,30221,30224,3,,7
update,30220,30230,30233,3,,8
inbound,30225,30236,30238,2,,9
update,30231,30242,30244,2,,10
update,30242,30253,30256,3,,11
update,30253,30264,30266,2,,12
update,30264,30275,30278,3,,13
inbound,30265,30276,30278,2,,14
update,30275,30285,30288,3,,15
update,30286,30297,30300,3,,0
update,30297,30308,30311,3,,1
update,30308,30319,30322,3,,2
update,30319,30329,30332,3,,3
inbound,30320,30330,30333,3,,4
update,30330,30340,30344,4,,5
update,30341,30352,30356,4,,6
update,30352,30363,30366,3,,7
update,30363,30374,30377,3,,8
update,30374,30385,30388,3,,9
inbound,30375,30385,30388,3,,10
update,30385,30396,30398,2,,11
update,30396,30407,30410,3,,12
inbound,30400,30411,30413,2,,13
update,30407,30417,30420,3,,14
update,30418,30429,30432,3,,15
inbound,30425,30436,30439,3,,0
inbound,30430,30440,30443,3,,2
update,30429,30440,30443,3,,1
update,30440,30451,30454,3,,3
update,30451,30462,30465,3,,4
update,30462,30473,30476,3,,5
update,30473,30484,30486,2,,6
update,30484,30495,30498,3,,7
inbound,30485,30495,30498,3,,8
update,30495,30505,30508,3,,9
update,30506,30517,30519,2,,10
update,30517,30527,30530,3,,11
update,30528,30539,30542,3,,12
update,30539,30550,30553,3,,13
inbound,30540,30551,30554,3,,14
update,30550,30561,30563,2,,15
update,30561,30571,30574,3,,0
update,30572,30582,30585,3,,1
update,30583,30593,30596,3,,2
update,30594,30604,30608,4,,3
inbound,30595,30606,30609,3,,4
update,30605,30616,30619,3,,5
update,30616,30627,30630,3,,6
update,30627,30638,30641,3,,7
update,30638,30649,30652,3,,8
update,30649,30660,30663,3,,9
inbound,30650,30660,30663,3,,10
update,30660,30670,30673,3,,11
update,30671,30681,30684,3,,12
update,30682,30692,30695,3,,13
update,30693,30703,30706,3,,14
update,30704,30715,30718,3,,15
inbound,30705,30716,30719,3,,0
update,30715,30726,30729,3,,1
update,30726,30737,30740,3,,2
update,30737,30748,30750,2,,3
update,30748,30759,30762,3,,4
update,30759,30769,30773,4,,5
inbound,30760,30771,30773,2,,6
update,30770,30781,30784,3,,7
update,30781,30792,30795,3,,8
update,30792,30803,30807,4,,9
update,30803,30814,30817,3,,10
update,30814,30825,30829,4,,11
inbound,30815,30826,30830,4,,12
update,30825,30835,30839,4,,13
update,30836,30847,30852,5,,14
update,30847,30857,30861,4,,15
update,30858,30869,30872,3,,0
update,30869,30879,30882,3,,1
update,30880,30891,30894,3,,2
update,30891,30901,30905,4,,3
update,30902,30912,30917,5,,4
update,30913,30924,30929,5,,5
update,30924,30935,30940,5,,6
update,31000,31011,31014,3,,7
inbound,31000,31011,31016,5,,8
update,31011,31022,31025,3,,9
update,31022,31033,31036,3,,10
inbound,31025,31036,31038,2,,11
update,31033,31044,31047,3,,12
update,31044,31055,31058,3,,13
update,31055,31066,31069,3,,14
update,31066,31077,31080,3,,15
update,31077,31088,31091,3,,0
update,31088,31099,31102,3,,1
update,31099,31109,31112,3,,2
inbound,31100,31111,31114,3,,3
update,31110,31121,31125,4,,4
update,31121,31132,31135,3,,5
update,31132,31142,31146,4,,6
update,31143,31154,31157,3,,7
update,31154,31165,31168,3,,8
inbound,31155,31166,31169,3,,9
update,31165,31175,31178,3,,10
update,31176,31187,31190,3,,11
update,31187,31198,31201,3,,12
update,31198,31209,31215,6,,13
inbound,31200,31211,31216,5,,14
inbound,31210,31221,31226,5,,0
update,31209,31220,31226,6,,15
update,31220,31230,31239,9,,1
inbound,31225,31235,31239,4,,2
update,31231,31241,31244,3,,3
update,31242,31252,31255,3,,4
update,31253,31264,31267,3,,5
update,31264,31275,31279,4,,6
inbound,31265,31276,31279,3,,7
update,31275,31286,31289,3,,8
update,31286,31297,31300,3,,9
update,31297,31308,31311,3,,10
update,31308,31319,31322,3,,11
update,31319,31330,31332,2,,12
inbound,31320,31331,31334,3,,13
update,31330,31340,31343,3,,14
update,31341,31352,31355,3,,15
update,31352,31363,31365,2,,0
update,31363,31373,31376,3,,1
update,31374,31384,31387,3,,2
inbound,31375,31386,31389,3,,3
update,31385,31396,31399,3,,4
update,31396,31406,31409,3,,5
inbound,31400,31410,31416,6,,6
update,31407,31417,31420,3,,7
update,31418,31429,31431,2,,8
inbound,31425,31436,31439,3,,9
update,31429,31440,31443,3,,10
inbound,31430,31441,31444,3,,11
update,31440,31451,31454,3,,12
update,31451,31462,31465,3,,13
update,31462,31473,31476,3,,14
update,31473,31484,31487,3,,15
update,31484,31495,31498,3,,0
inbound,31485,31496,31499,3,,1
update,31495,31505,31508,3,,2
update,31506,31516,31519,3,,3
update,31517,31528,31530,2,,4
update,31528,31539,31541,2,,5
update,31539,31549,31553,4,,6
inbound,31540,31550,31554,4,,7
update,31550,31561,31564,3,,8
update,31561,31572,31574,2,,9
update,31572,31582,31585,3,,10
update,31583,31594,31596,2,,11
inbound,31595,31606,31610,4,,13
update,31594,31605,31611,6,,12
update,31605,31615,31618,3,,14
update,31616,31626,31629,3,,15
update,31627,31637,31640,3,,0
update,31638,31649,31651,2,,1
update,31649,31660,31663,3,,2
inbound,31650,31661,31664,3,,3
update,31660,31671,31674,3,,4
update,31671,31681,31685,4,,5
update,31682,31693,31696,3,,6
update,31693,31704,31707,3,,7
update,31704,31715,31718,3,,8
inbound,31705,31716,31720,4,,9
update,31715,31725,31729,4,,10
update,31726,31736,31739,3,,11
update,31737,31748,31750,2,,12
update,31748,31759,31762,3,,13
update,31759,31770,31773,3,,14
inbound,31760,31771,31773,2,,15
update,31770,31781,31783,2,,0
update,31781,31792,31795,3,,1
update,31792,31803,31807,4,,2
update,31803,31814,31817,3,,3
update,31814,31825,31828,3,,4
inbound,31815,31826,31828,2,,5
update,31825,31835,31838,3,,6
update,31836,31847,31850,3,,7
update,31847,31858,31861,3,,8
update,31858,31869,31871,2,,9
update,31869,31879,31882,3,,10
update,31880,31890,31893,3,,11
update,31891,31901,31905,4,,12
update,31902,31912,31915,3,,13
update,31913,31924,31927,3,,14
update,31924,31934,31938,4,,15
update,32000,32010,32014,4,,0
inbound,32000,32010,32015,5,,1
update,32011,32022,32025,3,,2
update,32022,32033,32036,3,,3
inbound,32025,32036,32039,3,,4
update,32033,32043,32046,3,,5
update,32044,32055,32058,3,,6
update,32055,32066,32069,3,,7
update,32066,32077,32080,3,,8
update,32077,32088,32091,3,,9
update,32088,32099,32102,3,,10
update,32099,32110,32113,3,,11
inbound,32100,32111,32115,4,,12
update,32110,32120,32125,5,,13
update,32121,32132,32135,3,,14
update,32132,32143,32146,3,,15
update,32143,32154,32157,3,,0
update,32154,32165,32168,3,,1
inbound,32155,32165,32168,3,,2
update,32165,32175,32178,3,,3
update,32176,32186,32189,3,,4
update,32187,32198,32201,3,,5
update,32198,32209,32214,5,,6
inbound,32200,32211,32214,3,,7
update,32209,32221,32226,5,,8
inbound,32210,32221,32228,7,,9
update,32220,32230,32235,5,,10
inbound,32225,32236,32239,3,,11
update,32231,32241,32244,3,,12
update,32242,32253,32255,2,,13
update,32253,32263,32266,3,,14
update,32264,32275,32279,4,,15
inbound,32265,32276,32280,4,,0
update,32275,32286,32288,2,,1
update,32286,32297,32299,2,,2
update,32297,32307,32310,3,,3
update,32308,32319,32322,3,,4
update,32319,32330,32334,4,,5
inbound,32320,32331,32334,3,,6
update,32330,32341,32343,2,,7
update,32341,32352,32355,3,,8
update,32352,32363,32366,3,,9
update,32363,32373,32376,3,,10
update,32374,32385,32388,3,,11
inbound,32375,32385,32388,3,,12
update,32385,32395,32398,3,,13
update,32396,32406,32410,4,,14
inbound,32400,32410,32413,3,,15
update,32407,32418,32421,3,,0
update,32418,32429,32431,2,,1
inbound,32425,32436,32438,2,,2
update,32429,32439,32442,3,,3
inbound,32430,32440,32444,4,,4
update,32440,32450,32453,3,,5
update,32451,32462,32465,3,,6
update,32462,32473,32476,3,,7
update,32473,32484,32487,3,,8
update,32484,32494,32498,4,,9
inbound,32485,32496,32499,3,,10
update,32495,32506,32509,3,,11
update,32506,32517,32520,3,,12
update,32517,32528,32530,2,,13
update,32528,32539,32541,2,,14
update,32539,32550,32553,3,,15
inbound,32540,32551,32554,3,,0
update,32550,32561,32564,3,,1
update,32561,32572,32575,3,,2
update,32572,32583,32586,3,,3
update,32583,32594,32597,3,,4
update,32594,32605,32608,3,,5
inbound,32595,32606,32609,3,,6
update,32605,32616,32619,3,,7
update,32616,32627,32630,3,,8
update,32627,32638,32640,2,,9
update,32638,32649,32651,2,,10
update,32649,32660,32663,3,,11
inbound,32650,32661,32664,3,,12
update,32660,32670,32673,3,,13
update,32671,32682,32685,3,,14
update,32682,32693,32696,3,,15
update,32693,32704,32707,3,,0
update,32704,32715,32718,3,,1
inbound,32705,32716,32720,4,,2
update,32715,32726,32729,3,,3
update,32726,32737,32740,3,,4
update,32737,32748,32751,3,,5
update,32748,32758,32762,4,,6
update,32759,32770,32773,3,,7
inbound,32760,32771,32773,2,,8
update,32770,32781,32784,3,,9
update,32781,32791,32795,4,,10
update,32792,32803,32806,3,,11
update,32803,32814,32817,3,,12
update,32814,32825,32828,3,,13
inbound,32815,32826,32829,3,,14
update,32825,32836,32838,2,,15
update,32836,32846,32849,3,,0
update,32847,32857,32860,3,,1
update,32858,32868,32871,3,,2
update,32869,32879,32882,3,,3
update,32880,32891,32893,2,,4
update,32891,32901,32905,4,,5
update,32902,32912,32915,3,,6
update,32913,32924,32926,2,,7
update,32924,32935,32938,3,,8
update,33000,33010,33014,4,,9
inbound,33000,33010,33014,4,,10
update,33011,33022,33025,3,,11
update,33022,33033,33035,2,,12
inbound,33025,33035,33038,3,,13
update,33033,33043,33046,3,,14
update,33044,33054,33057,3,,15
update,33055,33065,33069,4,,0
update,33066,33077,33080,3,,1
update,33077,33088,33090,2,,2
update,33088,33098,33101,3,,3
update,33099,33110,33113,3,,4
inbound,33100,33110,33113,3,,5
update,33110,33120,33123,3,,6
update,33121,33132,33135,3,,7
update,33132,33143,33146,3,,8
update,33143,33154,33157,3,,9
inbound,33155,33165,33168,3,,11
update,33154,33165,33176,11,,10
update,33165,33175,33178,3,,12
update,33176,33187,33190,3,,13
update,33187,33198,33201,3,,14
update,33198,33209,33211,2,,15
inbound,33200,33211,33214,3,,0
inbound,33210,33220,33224,4,,2
update,33209,33220,33228,8,,1
update,33220,33230,33234,4,,3
inbound,33225,33236,33239,3,,4
update,33231,33242,33246,4,,5
update,33242,33253,33255,2,,6
update,33253,33263,33266,3,,7
update,33264,33274,33278,4,,8
inbound,33265,33275,33279,4,,9
update,33275,33286,33288,2,,10
update,33286,33297,33299,2,,11
update,33297,33307,33310,3,,12
update,33308,33319,33322,3,,13
update,33319,33330,33333,3,,14
inbound,33320,33331,33334,3,,15
update,33330,33341,33343,2,,0
update,33341,33352,33355,3,,1
update,33352,33362,33365,3,,2
update,33363,33374,33377,3,,3
update,33374,33384,33387,3,,4
inbound,33375,33386,33388,2,,5
update,33385,33396,33398,2,,6
update,33396,33407,33410,3,,7
inbound,33400,33410,33413,3,,8
update,33407,33418,33421,3,,9
update,33418,33429,33431,2,,10
inbound,33425,33435,33438,3,,11
update,33429,33440,33443,3,,12
inbound,33430,33441,33445,4,,13
update,33440,33451,33453,2,,14
update,33451,33462,33464,2,,15
update,33462,33473,33476,3,,0
update,33473,33484,33487,3,,1
update,33484,33495,33498,3,,2
inbound,33485,33496,33499,3,,3
update,33495,33505,33510,5,,4
update,33506,33517,33520,3,,5
update,33517,33528,33531,3,,6
update,33528,33539,33543,4,,7
update,33539,33550,33554,4,,8
inbound,33540,33552,33557,5,,9
update,33550,33560,33563,3,,10
update,33561,33572,33575,3,,11
update,33572,33583,33586,3,,12
update,33583,33594,33597,3,,13
update,33594,33605,33608,3,,14
inbound,33595,33606,33609,3,,15
update,33605,33616,33619,3,,0
update,33616,33626,33629,3,,1
update,33627,33637,33640,3,,2
update,33638,33649,33655,6,,3
update,33649,33660,33669,9,,4
inbound,33650,33661,33669,8,,5
update,33660,33671,33674,3,,6
update,33671,33681,33719,38,,7
update,33682,33693,33719,26,,8
update,33693,33704,33719,15,,9
update,33704,33714,33719,5,,10
inbound,33705,33715,33722,7,,11
update,33715,33725,33764,39,,12
update,33748,33758,33765,7,,15
update,33737,33747,33765,18,,14
update,33726,33737,33765,28,,13
update,33759,33770,33827,57,,0
update,33781,33791,33827,36,,3
update,33803,33814,33827,13,,5
update,33770,33780,33827,47,,2
inbound,33760,33771,33828,57,,1
update,33792,33803,33828,25,,4
update,33814,33824,33828,4,,6
inbound,33815,33825,33829,4,,7
update,33825,33835,33874,39,,8
update,33858,33869,33874,5,,11
update,33847,33858,33874,16,,10
update,33836,33847,33875,28,,9
update,33869,33880,33883,3,,12
update,33880,33891,33893,2,,13
update,33891,33901,33904,3,,14
update,33902,33913,33916,3,,15
update,33913,33924,33927,3,,0
update,33924,33935,33938,3,,1
update,34000,34010,34014,4,,2
inbound,34000,34012,34015,3,,3
update,34011,34022,34024,2,,4
update,34022,34033,34037,4,,5
inbound,34025,34036,34040,4,,6
update,34033,34044,34047,3,,7
update,34044,34054,34057,3,,8
update,34055,34066,34069,3,,9
update,34066,34077,34080,3,,10
update,34077,34088,34090,2,,11
update,34088,34099,34102,3,,12
update,34099,34110,34114,4,,13
inbound,34100,34111,34115,4,,14
update,34110,34121,34124,3,,15
update,34121,34132,34135,3,,0
update,34132,34143,34146,3,,1
update,34143,34154,34157,3,,2
update,34154,34165,34168,3,,3
inbound,34155,34167,34170,3,,4
update,34165,34176,34179,3,,5
update,34176,34187,34189,2,,6
update,34187,34198,34200,2,,7
update,34198,34208,34211,3,,8
inbound,34200,34212,34215,3,,9
update,34209,34219,34222,3,,10
inbound,34210,34221,34224,3,,11
update,34220,34231,34235,4,,12
inbound,34225,34236,34239,3,,13
update,34231,34242,34245,3,,14
update,34242,34253,34256,3,,15
update,34253,34264,34267,3,,0
update,34264,34275,34278,3,,1
inbound,34265,34277,34280,3,,2
update,34275,34286,34289,3,,3
update,34286,34296,34300,4,,4
update,34297,34307,34310,3,,5
update,34308,34319,34322,3,,6
update,34319,34329,34332,3,,7
inbound,34320,34331,34334,3,,8
update,34330,34341,34343,2,,9
update,34341,34351,34354,3,,10
update,34352,34363,34366,3,,11
update,34363,34373,34376,3,,12
update,34374,34385,34388,3,,13
inbound,34375,34386,34389,3,,14
update,34385,34395,34398,3,,15
update,34396,34406,34410,4,,0
inbound,34400,34412,34415,3,,1
update,34407,34418,34420,2,,2
update,34418,34428,34431,3,,3
inbound,34425,34437,34439,2,,4
update,34429,34440,34442,2,,5
inbound,34430,34442,34445,3,,6
update,34440,34451,34453,2,,7
update,34451,34461,34465,4,,8
update,34462,34473,34476,3,,9
update,34473,34484,34487,3,,10
update,34484,34495,34498,3,,11
inbound,34485,34497,34500,3,,12
update,34495,34506,34508,2,,13
update,34506,34516,34519,3,,14
update,34517,34528,34531,3,,15
update,34528,34538,34541,3,,0
update,34539,34549,34553,4,,1
inbound,34540,34552,34555,3,,2
update,34550,34561,34564,3,,3
update,34561,34571,34574,3,,4
update,34572,34582,34585,3,,5
update,34583,34593,34596,3,,6
update,34594,34605,34608,3,,7
inbound,34595,34606,34610,4,,8
update,34605,34616,34619,3,,9
update,34616,34627,34630,3,,10
update,34627,34638,34640,2,,11
update,34638,34648,34651,3,,12
update,34649,34660,34664,4,,13
inbound,34650,34661,34666,5,,14
update,34660,34670,34674,4,,15
update,34671,34682,34684,2,,0
update,34682,34693,34696,3,,1
update,34693,34703,34706,3,,2
update,34704,34716,34718,2,,3
inbound,34705,34717,34720,3,,4
update,34715,34726,34729,3,,5
update,34726,34737,34740,3,,6
update,34737,34749,34751,2,,7
update,34748,34760,34762,2,,8
update,34759,34771,34775,4,,9
inbound,34760,34772,34775,3,,10
update,34770,34781,34784,3,,11
update,34781,34792,34795,3,,12
update,34792,34804,34806,2,,13
update,34803,34815,34818,3,,14
inbound,34815,34826,34828,2,,0
update,34814,34826,34829,3,,15
update,34825,34837,34839,2,,1
update,34836,34848,34851,3,,2
update,34847,34858,34861,3,,3
update,34858,34870,34873,3,,4
update,34869,34881,34884,3,,5
update,34880,34892,34895,3,,6
update,34891,34902,34905,3,,7
update,34902,34914,34917,3,,8
update,34913,34924,34927,3,,9
update,34924,34935,34938,3,,10
update,35000,35012,35015,3,,11
inbound,35000,35012,35016,4,,12
update,35011,35023,35025,2,,13
update,35022,35034,35036,2,,14
inbound,35025,35036,35039,3,,15
update,35033,35045,35048,3,,0
update,35044,35056,35059,3,,1
update,35055,35067,35070,3,,2
update,35066,35078,35081,3,,3
update,35077,35089,35092,3,,4
update,35088,35100,35103,3,,5
update,35099,35110,35113,3,,6
inbound,35100,35111,35114,3,,7
update,35110,35122,35125,3,,8
update,35121,35133,35136,3,,9
update,35132,35144,35147,3,,10
update,35143,35155,35158,3,,11
update,35154,35166,35169,3,,12
inbound,35155,35167,35170,3,,13
update,35165,35177,35180,3,,14
update,35176,35188,35190,2,,15
update,35187,35199,35201,2,,0
update,35198,35210,35213,3,,1
inbound,35200,35212,35214,2,,2
update,35209,35221,35224,3,,3
inbound,35210,35222,35225,3,,4
update,35220,35232,35235,3,,5
inbound,35225,35237,35241,4,,6
update,35231,35243,35246,3,,7
update,35242,35254,35256,2,,8
update,35253,35265,35268,3,,9
update,35264,35276,35279,3,,10
inbound,35265,35277,35280,3,,11
update,35275,35287,35289,2,,12
update,35286,35297,35301,4,,13
update,35297,35308,35311,3,,14
update,35308,35320,35323,3,,15
update,35319,35330,35334,4,,0
inbound,35320,35332,35334,2,,1
update,35330,35341,35344,3,,2
update,35341,35352,35355,3,,3
update,35352,35363,35366,3,,4
update,35363,35375,35378,3,,5
update,35374,35386,35389,3,,6
inbound,35375,35386,35389,3,,7
update,35385,35397,35400,3,,8
update,35396,35408,35411,3,,9
inbound,35400,35412,35414,2,,10
update,35407,35418,35421,3,,11
update,35418,35430,35433,3,,12
inbound,35425,35437,35439,2,,13
update,35429,35441,35443,2,,14
inbound,35430,35442,35444,2,,15
update,35440,35451,35454,3,,0
update,35451,35463,35465,2,,1
update,35462,35473,35476,3,,2
update,35473,35485,35488,3,,3
update,35484,35496,35499,3,,4
inbound,35485,35496,35499,3,,5
update,35495,35507,35510,3,,6
update,35506,35518,35521,3,,7
update,35517,35529,35532,3,,8
update,35528,35540,35542,2,,9
update,35539,35551,35553,2,,10
inbound,35540,35552,35555,3,,11
update,35550,35562,35565,3,,12
update,35561,35573,35577,4,,13
update,35572,35584,35587,3,,14
update,35583,35595,35599,4,,15
update,35594,35606,35609,3,,0
inbound,35595,35607,35610,3,,1
update,35605,35616,35619,3,,2
update,35616,35628,35631,3,,3
update,35627,35639,35642,3,,4
update,35638,35650,35653,3,,5
update,35649,35661,35664,3,,6
inbound,35650,35662,35665,3,,7
update,35660,35672,35675,3,,8
update,35671,35682,35686,4,,9
update,35682,35694,35697,3,,10
update,35693,35705,35708,3,,11
update,35704,35716,35719,3,,12
inbound,35705,35717,35720,3,,13
update,35715,35727,35730,3,,14
update,35726,35738,35741,3,,15
update,35737,35749,35751,2,,0
update,35748,35760,35762,2,,1
update,35759,35770,35774,4,,2
inbound,35760,35772,35774,2,,3
update,35770,35782,35785,3,,4
update,35781,35793,35795,2,,5
update,35792,35804,35806,2,,6
update,35803,35814,35817,3,,7
update,35814,35825,35828,3,,8
inbound,35815,35826,35829,3,,9
update,35825,35837,35839,2,,10
update,35836,35848,35850,2,,11
update,35847,35858,35861,3,,12
update,35858,35869,35872,3,,13
update,35869,35881,35885,4,,14
update,35880,35892,35895,3,,15
update,35891,35903,35907,4,,0
update,35902,35913,35919,6,,1
update,35913,35925,35929,4,,2
update,35924,35936,35940,4,,3
update,36000,36012,36015,3,,4
inbound,36000,36012,36016,4,,5
update,36011,36022,36025,3,,6
update,36022,36034,36036,2,,7
inbound,36025,36036,36039,3,,8
update,36033,36045,36048,3,,9
update,36044,36056,36058,2,,10
update,36055,36067,36070,3,,11
update,36066,36078,36081,3,,12
update,36077,36089,36092,3,,13
update,36088,36100,36102,2,,14
update,36099,36111,36115,4,,15
inbound,36100,36112,36115,3,,0
update,36110,36122,36125,3,,1
update,36121,36133,36136,3,,2
update,36132,36144,36147,3,,3
update,36143,36155,36158,3,,4
update,36154,36166,36170,4,,5
inbound,36155,36167,36170,3,,6
update,36165,36176,36179,3,,7
update,36176,36188,36190,2,,8
update,36187,36198,36201,3,,9
update,36198,36209,36212,3,,10
inbound,36200,36212,36214,2,,11
update,36209,36220,36223,3,,12
inbound,36210,36222,36225,3,,13
update,36220,36232,36235,3,,14
inbound,36225,36236,36239,3,,15
update,36231,36242,36245,3,,0
update,36242,36253,36257,4,,1
update,36253,36265,36268,3,,2
update,36264,36275,36279,4,,3
inbound,36265,36277,36280,3,,4
update,36275,36287,36290,3,,5
update,36286,36298,36301,3,,6
update,36297,36308,36311,3,,7
update,36308,36320,36323,3,,8
update,36319,36331,36334,3,,9
inbound,36320,36332,36335,3,,10
update,36330,36342,36345,3,,11
update,36341,36352,36356,4,,12
update,36352,36363,36366,3,,13
update,36363,36375,36378,3,,14
update,36374,36386,36389,3,,15
inbound,36375,36387,36390,3,,0
update,36385,36396,36399,3,,1
update,36396,36408,36411,3,,2
inbound,36400,36412,36416,4,,3
update,36407,36419,36421,2,,4
update,36418,36430,36433,3,,5
inbound,36425,36437,36440,3,,6
update,36429,36440,36443,3,,7
inbound,36430,36441,36444,3,,8
update,36440,36452,36454,2,,9
update,36451,36463,36466,3,,10
update,36462,36474,36477,3,,11
update,36473,36485,36488,3,,12
update,36484,36496,36499,3,,13
inbound,36485,36497,36500,3,,14
update,36495,36507,36510,3,,15
update,36506,36517,36520,3,,0
update,36517,36528,36531,3,,1
update,36528,36540,36544,4,,2
update,36539,36551,36554,3,,3
inbound,36540,36552,36555,3,,4
update,36550,36562,36565,3,,5
update,36561,36573,36576,3,,6
update,36572,36583,36586,3,,7
update,36583,36594,36597,3,,8
update,36594,36605,36608,3,,9
inbound,36595,36607,36610,3,,10
update,36605,36617,36621,4,,11
update,36616,36628,36631,3,,12
update,36627,36640,36644,4,,13
update,36638,36649,36654,5,,14
update,36649,36661,36666,5,,15
inbound,36650,36661,36666,5,,0
update,36660,36671,36674,3,,1
update,36671,36682,36685,3,,2
update,36682,36693,36696,3,,3
update,36693,36705,36707,2,,4
update,36704,36716,36719,3,,5
inbound,36705,36717,36720,3,,6
update,36715,36726,36729,3,,7
update,36726,36738,36740,2,,8
update,36737,36749,36752,3,,9
update,36748,36760,36763,3,,10
update,36759,36771,36774,3,,11
inbound,36760,36772,36775,3,,12
update,36770,36782,36785,3,,13
update,36781,36793,36796,3,,14
update,36792,36803,36806,3,,15
update,36803,36815,36818,3,,0
update,36814,36826,36829,3,,1
inbound,36815,36827,36829,2,,2
update,36825,36837,36839,2,,3
update,36836,36848,36851,3,,4
update,36847,36859,36862,3,,5
update,36858,36870,36873,3,,6
update,36869,36881,36884,3,,7
update,36880,36892,36895,3,,8
update,36891,36902,36905,3,,9
update,36902,36913,36916,3,,10
update,36913,36925,36928,3,,11
update,36924,36936,36940,4,,12
update,37000,37012,37016,4,,13
inbound,37000,37012,37016,4,,14
update,37011,37023,37026,3,,15
update,37022,37034,37037,3,,0
inbound,37025,37037,37040,3,,1
update,37033,37045,37047,2,,2
update,37044,37056,37059,3,,3
update,37055,37066,37069,3,,4
update,37066,37078,37081,3,,5
update,37077,37088,37092,4,,6
update,37088,37100,37103,3,,7
update,37099,37110,37114,4,,8
inbound,37100,37112,37114,2,,9
update,37110,37122,37124,2,,10
update,37121,37133,37135,2,,11
update,37132,37143,37146,3,,12
update,37143,37155,37159,4,,13
update,37154,37166,37170,4,,14
inbound,37155,37166,37170,4,,15
update,37165,37177,37180,3,,0
update,37176,37188,37191,3,,1
update,37187,37198,37201,3,,2
update,37198,37210,37214,4,,3
inbound,37200,37211,37215,4,,4
update,37209,37221,37227,6,,5
inbound,37210,37222,37227,5,,6
update,37220,37231,37236,5,,7
inbound,37225,37236,37240,4,,8
update,37231,37242,37247,5,,9
update,37242,37253,37267,14,,10
update,37253,37265,37269,4,,11
update,37264,37276,37280,4,,12
inbound,37265,37276,37281,5,,13
update,37275,37287,37290,3,,14
update,37286,37298,37300,2,,15
update,37297,37308,37311,3,,0
update,37308,37319,37322,3,,1
inbound,37320,37331,37334,3,,3
update,37319,37331,37336,5,,2
update,37330,37341,37344,3,,4
update,37341,37352,37355,3,,5
update,37352,37364,37367,3,,6
update,37363,37374,37379,5,,7
update,37374,37386,37392,6,,8
inbound,37375,37387,37392,5,,9
update,37385,37397,37399,2,,10
update,37396,37407,37411,4,,11
inbound,37400,37412,37415,3,,12
update,37407,37418,37421,3,,13
update,37418,37430,37433,3,,14
inbound,37425,37436,37440,4,,15
update,37429,37441,37445,4,,0
inbound,37430,37441,37445,4,,1
update,37440,37452,37456,4,,2
update,37451,37462,37465,3,,3
update,37462,37474,37477,3,,4
update,37473,37484,37487,3,,5
update,37484,37496,37499,3,,6
inbound,37485,37498,37504,6,,7
update,37495,37507,37511,4,,8
update,37506,37518,37521,3,,9
update,37517,37529,37533,4,,10
update,37528,37539,37543,4,,11
inbound,37540,37551,37554,3,,13
update,37539,37550,37556,6,,12
update,37550,37562,37565,3,,14
update,37561,37573,37577,4,,15
update,37572,37584,37587,3,,0
update,37583,37594,37598,4,,1
inbound,37595,37606,37610,4,,3
update,37594,37605,37612,7,,2
update,37605,37616,37619,3,,4
update,37616,37628,37630,2,,5
update,37627,37639,37642,3,,6
update,37638,37650,37653,3,,7
update,37649,37660,37664,4,,8
inbound,37650,37661,37665,4,,9
update,37660,37671,37674,3,,10
update,37671,37682,37685,3,,11
update,37682,37693,37696,3,,12
update,37693,37704,37708,4,,13
update,37704,37716,37721,5,,14
inbound,37705,37717,37722,5,,15
update,37715,37726,37730,4,,0
update,37726,37738,37741,3,,1
update,37737,37749,37751,2,,2
update,37748,37759,37762,3,,3
inbound,37760,37771,37773,2,,5
update,37759,37771,37775,4,,4
update,37770,37782,37784,2,,6
update,37781,37792,37795,3,,7
update,37792,37804,37807,3,,8
update,37803,37815,37817,2,,9
update,37814,37825,37828,3,,10
inbound,37815,37827,37829,2,,11
update,37825,37837,37840,3,,12
update,37836,37848,37851,3,,13
update,37847,37859,37862,3,,14
update,37858,37869,37872,3,,15
update,37869,37881,37884,3,,0
update,37880,37892,37895,3,,1
update,37891,37903,37905,2,,2
update,37902,37914,37917,3,,3
update,37913,37925,37929,4,,4
update,37924,37936,37939,3,,5
update,38000,38012,38015,3,,6
inbound,38000,38012,38015,3,,7
update,38011,38022,38025,3,,8
update,38022,38034,38036,2,,9
inbound,38025,38036,38039,3,,10
update,38033,38045,38047,2,,11
update,38044,38055,38059,4,,12
update,38055,38067,38070,3,,13
update,38066,38078,38080,2,,14
update,38077,38089,38091,2,,15
update,38088,38099,38102,3,,0
update,38099,38111,38114,3,,1
inbound,38100,38112,38115,3,,2
update,38110,38122,38124,2,,3
update,38121,38133,38136,3,,4
update,38132,38144,38147,3,,5
update,38143,38155,38159,4,,6
update,38154,38165,38169,4,,7
inbound,38155,38168,38179,11,,8
update,38165,38177,38180,3,,9
update,38176,38187,38190,3,,10
update,38187,38199,38202,3,,11
update,38198,38210,38214,4,,12
inbound,38200,38211,38215,4,,13
update,38209,38220,38223,3,,14
inbound,38210,38222,38225,3,,15
update,38220,38232,38235,3,,0
inbound,38225,38237,38240,3,,1
update,38231,38243,38246,3,,2
update,38242,38254,38257,3,,3
update,38253,38265,38268,3,,4
update,38264,38276,38279,3,,5
inbound,38265,38277,38280,3,,6
update,38275,38287,38290,3,,7
update,38286,38298,38300,2,,8
update,38297,38308,38311,3,,9
update,38308,38319,38322,3,,10
update,38319,38331,38334,3,,11
inbound,38320,38332,38336,4,,12
update,38330,38341,38344,3,,13
update,38341,38353,38356,3,,14
update,38352,38364,38367,3,,15
update,38363,38375,38377,2,,0
update,38374,38385,38389,4,,1
inbound,38375,38387,38390,3,,2
update,38385,38397,38399,2,,3
update,38396,38408,38411,3,,4
inbound,38400,38411,38414,3,,5
update,38407,38418,38421,3,,6
update,38418,38430,38432,2,,7
inbound,38425,38437,38439,2,,8
update,38429,38441,38444,3,,9
inbound,38430,38442,38445,3,,10
update,38440,38452,38455,3,,11
update,38451,38463,38466,3,,12
update,38462,38474,38477,3,,13
update,38473,38485,38488,3,,14
update,38484,38496,38499,3,,15
inbound,38485,38496,38499,3,,0
update,38495,38506,38509,3,,1
update,38506,38518,38521,3,,2
update,38517,38529,38532,3,,3
update,38528,38540,38542,2,,4
update,38539,38550,38553,3,,5
inbound,38540,38551,38555,4,,6
update,38550,38562,38564,2,,7
update,38561,38573,38575,2,,8
update,38572,38584,38587,3,,9
update,38583,38594,38597,3,,10
update,38594,38605,38609,4,,11
inbound,38595,38606,38609,3,,12
update,38605,38617,38619,2,,13
update,38616,38628,38631,3,,14
update,38627,38639,38641,2,,15
update,38638,38649,38652,3,,0
update,38649,38661,38664,3,,1
inbound,38650,38662,38665,3,,2
update,38660,38671,38674,3,,3
update,38671,38683,38686,3,,4
update,38682,38693,38696,3,,5
update,38693,38704,38707,3,,6
update,38704,38716,38719,3,,7
inbound,38705,38717,38720,3,,8
update,38715,38727,38730,3,,9
update,38726,38738,38741,3,,10
update,38737,38749,38752,3,,11
update,38748,38760,38762,2,,12
update,38759,38771,38774,3,,13
inbound,38760,38772,38774,2,,14
update,38770,38782,38785,3,,15
update,38781,38793,38796,3,,0
update,38792,38803,38806,3,,1
update,38803,38815,38818,3,,2
update,38814,38826,38829,3,,3
inbound,38815,38827,38830,3,,4
update,38825,38837,38840,3,,5
update,38836,38848,38851,3,,6
update,38847,38858,38861,3,,7
update,38858,38870,38872,2,,8
update,38869,38880,38883,3,,9
update,38880,38892,38895,3,,10
update,38891,38903,38906,3,,11
update,38902,38914,38917,3,,12
update,38913,38925,38928,3,,13
update,38924,38936,38939,3,,14
update,39000,39012,39015,3,,15
inbound,39000,39012,39015,3,,0
update,39011,39022,39025,3,,1
update,39022,39034,39038,4,,2
inbound,39025,39036,39039,3,,3
update,39033,39044,39047,3,,4
update,39044,39056,39059,3,,5
update,39055,39067,39070,3,,6
update,39066,39078,39081,3,,7
update,39077,39089,39092,3,,8
update,39088,39100,39103,3,,9
update,39099,39110,39114,4,,10
inbound,39100,39111,39114,3,,11
update,39110,39122,39125,3,,12
update,39121,39132,39135,3,,13
update,39132,39143,39146,3,,14
update,39143,39154,39157,3,,15
inbound,39155,39166,39170,4,,1
update,39154,39166,39170,4,,0
update,39165,39176,39179,3,,2
update,39176,39188,39190,2,,3
update,39187,39198,39201,3,,4
update,39198,39210,39212,2,,5
inbound,39200,39212,39214,2,,6
update,39209,39221,39224,3,,7
inbound,39210,39222,39225,3,,8
update,39220,39232,39234,2,,9
inbound,39225,39237,39239,2,,10
update,39231,39243,39246,3,,11
update,39242,39254,39257,3,,12
update,39253,39266,39270,4,,13
update,39264,39276,39279,3,,14
inbound,39265,39277,39281,4,,15
update,39275,39287,39289,2,,0
update,39286,39297,39300,3,,1
update,39297,39308,39311,3,,2
update,39308,39319,39322,3,,3
inbound,39320,39331,39334,3,,5
update,39319,39331,39334,3,,4
update,39330,39342,39345,3,,6
update,39341,39352,39355,3,,7
update,39352,39364,39366,2,,8
update,39363,39374,39377,3,,9
inbound,39375,39386,39389,3,,11
update,39374,39386,39389,3,,10
update,39385,39397,39399,2,,12
update,39396,39408,39410,2,,13
inbound,39400,39411,39414,3,,14
update,39407,39419,39422,3,,15
update,39418,39430,39432,2,,0
inbound,39425,39436,39439,3,,1
update,39429,39441,39444,3,,2
inbound,39430,39442,39445,3,,3
update,39440,39452,39455,3,,4
update,39451,39463,39466,3,,5
update,39462,39474,39477,3,,6
update,39473,39485,39488,3,,7
update,39484,39496,39499,3,,8
inbound,39485,39497,39500,3,,9
update,39495,39506,39509,3,,10
update,39506,39518,39521,3,,11
update,39517,39529,39532,3,,12
update,39528,39540,39543,3,,13
inbound,39540,39551,39554,3,,15
update,39539,39551,39554,3,,14
update,39550,39561,39564,3,,0
update,39561,39573,39576,3,,1
update,39572,39584,39587,3,,2
update,39583,39595,39598,3,,3
update,39594,39606,39609,3,,4
inbound,39595,39607,39611,4,,5
update,39605,39617,39619,2,,6
update,39616,39628,39631,3,,7
update,39627,39639,39642,3,,8
update,39638,39650,39653,3,,9
update,39649,39661,39664,3,,10
inbound,39650,39662,39665,3,,11
update,39660,39672,39675,3,,12
update,39671,39683,39686,3,,13
update,39682,39694,39697,3,,14
update,39693,39705,39709,4,,15
update,39704,39716,39719,3,,0
inbound,39705,39717,39720,3,,1
update,39715,39727,39730,3,,2
update,39726,39738,39741,3,,3
update,39737,39749,39752,3,,4
update,39748,39760,39763,3,,5
inbound,39760,39771,39773,2,,7
update,39759,39771,39774,3,,6
update,39770,39781,39784,3,,8
update,39781,39793,39795,2,,9
update,39792,39804,39807,3,,10
update,39803,39815,39818,3,,11
inbound,39815,39826,39828,2,,13
update,39814,39826,39829,3,,12
update,39825,39837,39840,3,,14
update,39836,39848,39851,3,,15
update,39847,39859,39862,3,,0
update,39858,39870,39873,3,,1
update,39869,39881,39884,3,,2
update,39880,39892,39895,3,,3
update,39891,39903,39906,3,,4
update,39902,39914,39917,3,,5
update,39913,39925,39929,4,,6
update,39924,39936,39939,3,,7
update,40000,40012,40015,3,,8
inbound,40000,40012,40017,5,,9
update,40011,40023,40029,6,,10
update,40022,40034,40042,8,,11
inbound,40025,40037,40044,7,,12
update,40033,40044,40050,6,,13
update,40044,40056,40063,7,,14
update,40055,40067,40070,3,,15
update,40066,40077,40080,3,,0
update,40077,40089,40092,3,,1
update,40088,40099,40102,3,,2
update,40099,40111,40114,3,,3
inbound,40100,40112,40116,4,,4
update,40110,40121,40124,3,,5
update,40121,40132,40135,3,,6
update,40132,40144,40147,3,,7
update,40143,40155,40157,2,,8
update,40154,40166,40169,3,,9
inbound,40155,40167,40171,4,,10
update,40165,40177,40181,4,,11
update,40176,40188,40191,3,,12
update,40187,40199,40202,3,,13
update,40198,40210,40213,3,,14
inbound,40200,40212,40215,3,,15
update,40209,40221,40225,4,,0
inbound,40210,40221,40225,4,,1
update,40220,40232,40235,3,,2
inbound,40225,40236,40239,3,,3
update,40231,40243,40245,2,,4
update,40242,40253,40256,3,,5
update,40253,40265,40269,4,,6
update,40264,40276,40285,9,,7
inbound,40265,40276,40285,9,,8
update,40275,40287,40290,3,,9
update,40286,40298,40301,3,,10
update,40297,40308,40311,3,,11
update,40308,40319,40322,3,,12
update,40319,40331,40334,3,,13
inbound,40320,40331,40335,4,,14
update,40330,40342,40345,3,,15
update,40341,40353,40356,3,,0
update,40352,40364,40366,2,,1
update,40363,40375,40378,3,,2
update,40374,40386,40389,3,,3
inbound,40375,40387,40392,5,,4
update,40385,40396,40400,4,,5
update,40396,40408,40412,4,,6
inbound,40400,40411,40419,8,,7
update,40407,40419,40422,3,,8
update,40418,40430,40433,3,,9
inbound,40425,40437,40440,3,,10
update,40429,40441,40444,3,,11
inbound,40430,40442,40445,3,,12
update,40440,40452,40455,3,,13
update,40451,40462,40465,3,,14
update,40462,40474,40477,3,,15
update,40473,40485,40487,2,,0
update,40484,40496,40499,3,,1
inbound,40485,40497,40500,3,,2
update,40495,40507,40510,3,,3
update,40506,40518,40520,2,,4
update,40517,40528,40531,3,,5
update,40528,40539,40542,3,,6
inbound,40540,40551,40555,4,,8
update,40539,40551,40555,4,,7
update,40550,40562,40564,2,,9
update,40561,40573,40576,3,,10
update,40572,40584,40587,3,,11
update,40583,40595,40597,2,,12
update,40594,40606,40609,3,,13
inbound,40595,40606,40610,4,,14
update,40605,40617,40619,2,,15
update,40616,40628,40630,2,,0
update,40627,40638,40641,3,,1
update,40638,40649,40652,3,,2
update,40649,40660,40663,3,,3
inbound,40650,40661,40664,3,,4
update,40660,40671,40674,3,,5
update,40671,40683,40685,2,,6
update,40682,40694,40697,3,,7
update,40693,40705,40708,3,,8
update,40704,40716,40719,3,,9
inbound,40705,40717,40720,3,,10
update,40715,40727,40730,3,,11
update,40726,40738,40741,3,,12
update,40737,40748,40752,4,,13
update,40748,40759,40762,3,,14
update,40759,40770,40773,3,,15
inbound,40760,40771,40774,3,,0
update,40770,40782,40784,2,,1
update,40781,40793,40796,3,,2
update,40792,40804,40806,2,,3
update,40803,40815,40818,3,,4
update,40814,40826,40829,3,,5
inbound,40815,40827,40830,3,,6
update,40825,40837,40840,3,,7
update,40836,40848,40851,3,,8
update,40847,40859,40861,2,,9
update,40858,40869,40872,3,,10
update,40869,40880,40883,3,,11
update,40880,40892,40895,3,,12
update,40891,40903,40906,3,,13
update,40902,40914,40916,2,,14
update,40913,40925,40928,3,,15
update,40924,40936,40940,4,,0
update,41000,41012,41017,5,,1
inbound,41000,41012,41019,7,,2
update,41011,41022,41028,6,,3
update,41022,41034,41038,4,,4
inbound,41025,41037,41044,7,,5
update,41033,41045,41053,8,,6
update,41044,41056,41062,6,,7
update,41055,41066,41072,6,,8
update,41066,41078,41082,4,,9
update,41077,41089,41092,3,,10
update,41088,41099,41102,3,,11
update,41099,41110,41113,3,,12
inbound,41100,41111,41115,4,,13
update,41110,41122,41125,3,,14
update,41121,41133,41136,3,,15
update,41132,41144,41147,3,,0
update,41143,41154,41158,4,,1
update,41154,41166,41169,3,,2
inbound,41155,41167,41171,4,,3
update,41165,41177,41180,3,,4
update,41176,41187,41190,3,,5
update,41187,41198,41202,4,,6
update,41198,41209,41213,4,,7
inbound,41200,41212,41215,3,,8
inbound,41210,41221,41231,10,,10
update,41209,41221,41232,11,,9
update,41220,41231,41235,4,,11
inbound,41225,41236,41239,3,,12
update,41231,41243,41247,4,,13
update,41242,41253,41256,3,,14
update,41253,41264,41267,3,,15
update,41264,41275,41280,5,,0
inbound,41265,41277,41280,3,,1
update,41275,41286,41289,3,,2
update,41286,41298,41301,3,,3
update,41297,41309,41313,4,,4
update,41308,41319,41322,3,,5
update,41319,41331,41334,3,,6
inbound,41320,41332,41336,4,,7
update,41330,41341,41344,3,,8
update,41341,41353,41356,3,,9
update,41352,41364,41367,3,,10
update,41363,41375,41378,3,,11
update,41374,41385,41389,4,,12
inbound,41375,41386,41389,3,,13
update,41385,41396,41400,4,,14
update,41396,41408,41411,3,,15
inbound,41400,41411,41414,3,,0
update,41407,41418,41422,4,,1
update,41418,41430,41434,4,,2
inbound,41425,41437,41440,3,,3
update,41429,41441,41446,5,,4
inbound,41430,41442,41446,4,,5
update,41440,41452,41455,3,,6
update,41451,41463,41466,3,,7
update,41462,41474,41476,2,,8
update,41473,41485,41487,2,,9
update,41484,41495,41499,4,,10
inbound,41485,41496,41500,4,,11
update,41495,41506,41509,3,,12
update,41506,41517,41520,3,,13
update,41517,41529,41532,3,,14
update,41528,41539,41542,3,,15
update,41539,41550,41554,4,,0
inbound,41540,41552,41555,3,,1
update,41550,41561,41564,3,,2
update,41561,41573,41576,3,,3
update,41572,41584,41587,3,,4
update,41583,41594,41597,3,,5
update,41594,41606,41609,3,,6
inbound,41595,41607,41611,4,,7
update,41605,41617,41620,3,,8
update,41616,41628,41631,3,,9
update,41627,41638,41641,3,,10
update,41638,41649,41652,3,,11
update,41649,41661,41665,4,,12
inbound,41650,41662,41666,4,,13
update,41660,41672,41675,3,,14
update,41671,41683,41686,3,,15
update,41682,41694,41698,4,,0
update,41693,41705,41707,2,,1
inbound,41705,41717,41721,4,,3
update,41704,41716,41721,5,,2
update,41715,41727,41730,3,,4
update,41726,41738,41740,2,,5
update,41737,41749,41752,3,,6
update,41748,41760,41762,2,,7
update,41759,41770,41774,4,,8
inbound,41760,41771,41774,3,,9
update,41770,41782,41784,2,,10
update,41781,41793,41795,2,,11
update,41792,41803,41807,4,,12
update,41803,41815,41817,2,,13
update,41814,41826,41829,3,,14
inbound,41815,41826,41829,3,,15
update,41825,41837,41840,3,,0
update,41836,41848,41850,2,,1
update,41847,41858,41861,3,,2
update,41858,41869,41872,3,,3
update,41869,41880,41883,3,,4
update,41880,41892,41895,3,,5
update,41891,41902,41905,3,,6
update,41902,41914,41916,2,,7
update,41913,41925,41928,3,,8
update,41924,41936,41939,3,,9
inbound,42000,42012,42015,3,,11
update,42000,42012,42016,4,,10
update,42011,42023,42025,2,,12
update,42022,42034,42038,4,,13
inbound,42025,42037,42040,3,,14
update,42033,42045,42048,3,,15
update,42044,42056,42059,3,,0
update,42055,42067,42069,2,,1
update,42066,42078,42081,3,,2
update,42077,42089,42092,3,,3
update,42088,42100,42103,3,,4
update,42099,42111,42114,3,,5
inbound,42100,42112,42115,3,,6
update,42110,42122,42125,3,,7
update,42121,42133,42135,2,,8
update,42132,42143,42146,3,,9
update,42143,42154,42157,3,,10
update,42154,42166,42169,3,,11
inbound,42155,42166,42169,3,,12
update,42165,42177,42181,4,,13
update,42176,42188,42191,3,,14
update,42187,42199,42202,3,,15
update,42198,42209,42212,3,,0
inbound,42200,42211,42215,4,,1
update,42209,42221,42224,3,,2
inbound,42210,42222,42225,3,,3
update,42220,42231,42234,3,,4
inbound,42225,42236,42240,4,,5
update,42231,42243,42246,3,,6
update,42242,42254,42257,3,,7
update,42253,42265,42268,3,,8
update,42264,42276,42282,6,,9
inbound,42265,42276,42284,8,,10
update,42275,42287,42292,5,,11
update,42286,42297,42301,4,,12
update,42297,42309,42312,3,,13
update,42308,42320,42323,3,,14
update,42319,42331,42333,2,,15
inbound,42320,42332,42336,4,,0
update,42330,42341,42344,3,,1
update,42341,42352,42355,3,,2
update,42352,42363,42366,3,,3
update,42363,42375,42378,3,,4
update,42374,42386,42389,3,,5
inbound,42375,42387,42391,4,,6
update,42385,42397,42400,3,,7
update,42396,42408,42411,3,,8
inbound,42400,42411,42414,3,,9
update,42407,42419,42422,3,,10
update,42418,42430,42433,3,,11
inbound,42425,42436,42439,3,,12
update,42429,42441,42444,3,,13
inbound,42430,42442,42445,3,,14
update,42440,42452,42455,3,,15
update,42451,42462,42466,4,,0
update,42462,42474,42477,3,,1
update,42473,42485,42488,3,,2
update,42484,42496,42499,3,,3
inbound,42485,42497,42500,3,,4
update,42495,42507,42510,3,,5
update,42506,42518,42521,3,,6
update,42517,42529,42532,3,,7
update,42528,42539,42543,4,,8
update,42539,42551,42554,3,,9
inbound,42540,42552,42556,4,,10
update,42550,42562,42565,3,,11
update,42561,42573,42576,3,,12
update,42572,42584,42587,3,,13
update,42583,42595,42599,4,,14
inbound,42595,42607,42610,3,,0
update,42594,42606,42611,5,,15
update,42605,42616,42620,4,,1
update,42616,42628,42631,3,,2
update,42627,42639,42642,3,,3
update,42638,42650,42653,3,,4
update,42649,42661,42665,4,,5
inbound,42650,42661,42665,4,,6
update,42660,42672,42675,3,,7
update,42671,42682,42686,4,,8
update,42682,42694,42697,3,,9
update,42693,42705,42710,5,,10
inbound,42705,42716,42723,7,,12
update,42704,42716,42724,8,,11
update,42715,42727,42730,3,,13
update,42726,42738,42741,3,,14
update,42737,42749,42752,3,,15
update,42748,42760,42762,2,,0
update,42759,42771,42774,3,,1
inbound,42760,42772,42774,2,,2
update,42770,42782,42785,3,,3
update,42781,42793,42795,2,,4
update,42792,42804,42806,2,,5
update,42803,42815,42818,3,,6
inbound,42815,42826,42828,2,,8
update,42814,42826,42829,3,,7
update,42825,42837,42839,2,,9
update,42836,42848,42851,3,,10
update,42847,42858,42861,3,,11
update,42858,42870,42873,3,,12
update,42869,42881,42884,3,,13
update,42880,42891,42894,3,,14
update,42891,42903,42906,3,,15
update,42902,42914,42917,3,,0
update,42913,42924,42928,4,,1
update,42924,42935,42938,3,,2
update,43000,43012,43015,3,,3
inbound,43000,43012,43015,3,,4
update,43011,43023,43025,2,,5
update,43022,43034,43036,2,,6
inbound,43025,43036,43039,3,,7
update,43033,43044,43047,3,,8
update,43044,43056,43059,3,,9
update,43055,43066,43069,3,,10
update,43066,43078,43081,3,,11
update,43077,43089,43092,3,,12
update,43088,43100,43103,3,,13
update,43099,43110,43114,4,,14
inbound,43100,43112,43114,2,,15
update,43110,43121,43124,3,,0
update,43121,43132,43135,3,,1
update,43132,43143,43146,3,,2
update,43143,43154,43158,4,,3
inbound,43155,43166,43169,3,,5
update,43154,43166,43172,6,,4
update,43165,43176,43179,3,,6
update,43176,43187,43190,3,,7
update,43187,43199,43201,2,,8
update,43198,43210,43213,3,,9
inbound,43200,43212,43215,3,,10
update,43209,43221,43224,3,,11
inbound,43210,43222,43225,3,,12
update,43220,43232,43235,3,,13
inbound,43225,43236,43239,3,,14
update,43231,43243,43246,3,,15
update,43242,43254,43257,3,,0
update,43253,43265,43267,2,,1
update,43264,43276,43279,3,,2
inbound,43265,43277,43280,3,,3
update,43275,43286,43290,4,,4
update,43286,43298,43301,3,,5
update,43297,43308,43311,3,,6
update,43308,43320,43323,3,,7
inbound,43320,43331,43334,3,,9
update,43319,43331,43334,3,,8
update,43330,43342,43345,3,,10
update,43341,43353,43356,3,,11
update,43352,43364,43367,3,,12
update,43363,43374,43377,3,,13
update,43374,43386,43389,3,,14
inbound,43375,43387,43390,3,,15
update,43385,43397,43399,2,,0
update,43396,43408,43411,3,,1
inbound,43400,43412,43414,2,,2
update,43407,43418,43421,3,,3
update,43418,43430,43432,2,,4
inbound,43425,43437,43439,2,,5
inbound,43430,43441,43444,3,,7
update,43429,43441,43444,3,,6
update,43440,43451,43454,3,,8
update,43451,43462,43465,3,,9
update,43462,43474,43477,3,,10
update,43473,43485,43488,3,,11
update,43484,43496,43499,3,,12
inbound,43485,43497,43500,3,,13
update,43495,43507,43509,2,,14
update,43506,43517,43520,3,,15
update,43517,43529,43532,3,,0
update,43528,43540,43543,3,,1
update,43539,43551,43554,3,,2
inbound,43540,43552,43555,3,,3
update,43550,43561,43565,4,,4
update,43561,43572,43576,4,,5
update,43572,43583,43587,4,,6
update,43583,43595,43598,3,,7
update,43594,43606,43609,3,,8
inbound,43595,43606,43610,4,,9
update,43605,43617,43619,2,,10
update,43616,43628,43630,2,,11
update,43627,43638,43641,3,,12
update,43638,43649,43652,3,,13
update,43649,43661,43663,2,,14
inbound,43650,43662,43664,2,,15
update,43660,43672,43674,2,,0
update,43671,43682,43685,3,,1
update,43682,43694,43697,3,,2
update,43693,43705,43708,3,,3
update,43704,43715,43718,3,,4
inbound,43705,43716,43719,3,,5
update,43715,43726,43729,3,,6
update,43726,43738,43741,3,,7
update,43737,43749,43752,3,,8
update,43748,43760,43763,3,,9
update,43759,43771,43774,3,,10
inbound,43760,43772,43774,2,,11
update,43770,43781,43784,3,,12
update,43781,43793,43796,3,,13
update,43792,43804,43807,3,,14
update,43803,43814,43817,3,,15
update,43814,43825,43828,3,,0
inbound,43815,43826,43829,3,,1
update,43825,43837,43839,2,,2
update,43836,43848,43850,2,,3
update,43847,43858,43861,3,,4
update,43858,43870,43873,3,,5
update,43869,43881,43884,3,,6
update,43880,43892,43894,2,,7
update,43891,43903,43905,2,,8
update,43902,43914,43916,2,,9
update,43913,43925,43927,2,,10
update,43924,43935,43938,3,,11
update,44000,44012,44015,3,,12
inbound,44000,44012,44016,4,,13
update,44011,44024,44028,4,,14
update,44022,44034,44037,3,,15
inbound,44025,44038,44042,4,,0
update,44033,44046,44048,2,,1
update,44044,44057,44060,3,,2
update,44055,44067,44070,3,,3
update,44066,44078,44081,3,,4
update,44077,44090,44093,3,,5
update,44088,44100,44103,3,,6
update,44099,44112,44115,3,,7
inbound,44100,44112,44116,4,,8
update,44110,44123,44125,2,,9
update,44121,44134,44137,3,,10
update,44132,44145,44148,3,,11
update,44143,44155,44158,3,,12
inbound,44155,44168,44171,3,,14
update,44154,44167,44171,4,,13
update,44165,44178,44180,2,,15
update,44176,44189,44192,3,,0
update,44187,44200,44203,3,,1
update,44198,44211,44214,3,,2
inbound,44200,44213,44216,3,,3
update,44209,44221,44224,3,,4
inbound,44210,44222,44225,3,,5
update,44220,44232,44235,3,,6
inbound,44225,44237,44240,3,,7
update,44231,44244,44246,2,,8
update,44242,44255,44258,3,,9
update,44253,44266,44269,3,,10
update,44264,44277,44280,3,,11
inbound,44265,44278,44282,4,,12
update,44275,44288,44294,6,,13
update,44286,44299,44302,3,,14
update,44297,44310,44320,10,,15
update,44308,44320,44324,4,,0
update,44319,44332,44335,3,,1
inbound,44320,44333,44336,3,,2
update,44330,44342,44345,3,,3
update,44341,44354,44357,3,,4
update,44352,44364,44367,3,,5
update,44363,44376,44378,2,,6
update,44374,44387,44390,3,,7
inbound,44375,44388,44391,3,,8
update,44385,44398,44401,3,,9
update,44396,44409,44411,2,,10
inbound,44400,44413,44416,3,,11
update,44407,44419,44422,3,,12
update,44418,44431,44434,3,,13
inbound,44425,44438,44441,3,,14
update,44429,44442,44445,3,,15
inbound,44430,44443,44447,4,,0
update,44440,44453,44456,3,,1
update,44451,44464,44466,2,,2
update,44462,44475,44478,3,,3
update,44473,44486,44489,3,,4
update,44484,44497,44500,3,,5
inbound,44485,44498,44501,3,,6
update,44495,44507,44510,3,,7
update,44506,44519,44521,2,,8
update,44517,44530,44533,3,,9
update,44528,44541,44544,3,,10
update,44539,44552,44555,3,,11
inbound,44540,44553,44556,3,,12
update,44550,44562,44566,4,,13
update,44561,44573,44576,3,,14
update,44572,44584,44587,3,,15
update,44583,44595,44599,4,,0
update,44594,44606,44610,4,,1
inbound,44595,44608,44613,5,,2
update,44605,44618,44621,3,,3
update,44616,44629,44632,3,,4
update,44627,44640,44642,2,,5
update,44638,44651,44653,2,,6
update,44649,44662,44666,4,,7
inbound,44650,44663,44667,4,,8
update,44660,44673,44676,3,,9
update,44671,44684,44686,2,,10
update,44682,44694,44697,3,,11
update,44693,44706,44708,2,,12
update,44704,44716,44719,3,,13
inbound,44705,44718,44722,4,,14
update,44715,44728,44731,3,,15
update,44726,44739,44742,3,,0
update,44737,44750,44752,2,,1
update,44748,44761,44763,2,,2
inbound,44760,44773,44775,2,,4
update,44759,44772,44775,3,,3
update,44770,44783,44786,3,,5
update,44781,44794,44797,3,,6
update,44792,44805,44808,3,,7
update,44803,44815,44818,3,,8
update,44814,44826,44829,3,,9
inbound,44815,44827,44830,3,,10
update,44825,44838,44840,2,,11
update,44836,44849,44852,3,,12
update,44847,44860,44863,3,,13
update,44858,44871,44874,3,,14
update,44869,44882,44885,3,,15
update,44880,44893,44897,4,,0
update,44891,44904,44906,2,,1
update,44902,44915,44918,3,,2
update,44913,44926,44929,3,,3
update,44924,44937,44939,2,,4
update,45000,45013,45018,5,,5
inbound,45000,45013,45019,6,,6
update,45011,45023,45027,4,,7
update,45022,45035,45038,3,,8
inbound,45025,45038,45041,3,,9
update,45033,45046,45049,3,,10
update,45044,45057,45059,2,,11
update,45055,45068,45070,2,,12
update,45066,45079,45082,3,,13
update,45077,45090,45092,2,,14
update,45088,45100,45103,3,,15
update,45099,45112,45115,3,,0
inbound,45100,45113,45117,4,,1
update,45110,45123,45125,2,,2
update,45121,45134,45137,3,,3
update,45132,45145,45148,3,,4
update,45143,45155,45158,3,,5
update,45154,45166,45170,4,,6
inbound,45155,45167,45171,4,,7
update,45165,45178,45180,2,,8
update,45176,45189,45192,3,,9
update,45187,45199,45204,5,,10
update,45198,45210,45213,3,,11
inbound,45200,45212,45216,4,,12
update,45209,45222,45225,3,,13
inbound,45210,45222,45225,3,,14
update,45220,45233,45236,3,,15
inbound,45225,45238,45242,4,,0
update,45231,45244,45248,4,,1
update,45242,45254,45257,3,,2
update,45253,45266,45269,3,,3
update,45264,45277,45280,3,,4
inbound,45265,45278,45282,4,,5
update,45275,45288,45291,3,,6
update,45286,45299,45305,6,,7
update,45297,45309,45312,3,,8
update,45308,45320,45326,6,,9
update,45319,45333,45338,5,,10
inbound,45320,45333,45339,6,,11
update,45330,45342,45347,5,,12
update,45341,45353,45356,3,,13
update,45352,45364,45368,4,,14
update,45363,45375,45378,3,,15
update,45374,45387,45390,3,,0
inbound,45375,45388,45391,3,,1
update,45385,45398,45401,3,,2
update,45396,45409,45412,3,,3
inbound,45400,45412,45415,3,,4
update,45407,45419,45422,3,,5
update,45418,45430,45433,3,,6
inbound,45425,45437,45440,3,,7
update,45429,45441,45444,3,,8
inbound,45430,45443,45446,3,,9
update,45440,45453,45456,3,,10
update,45451,45463,45466,3,,11
update,45462,45475,45478,3,,12
update,45473,45486,45489,3,,13
update,45484,45497,45501,4,,14
inbound,45485,45498,45501,3,,15
update,45495,45508,45510,2,,0
update,45506,45518,45522,4,,1
update,45517,45530,45533,3,,2
update,45528,45540,45543,3,,3
update,45539,45551,45555,4,,4
inbound,45540,45552,45557,5,,5
update,45550,45562,45565,3,,6
update,45561,45573,45576,3,,7
update,45572,45585,45587,2,,8
update,45583,45596,45599,3,,9
inbound,45595,45608,45612,4,,11
update,45594,45607,45612,5,,10
update,45605,45618,45621,3,,12
update,45616,45629,45634,5,,13
update,45627,45639,45644,5,,14
update,45638,45650,45653,3,,15
update,45649,45661,45667,6,,0
inbound,45650,45663,45667,4,,1
update,45660,45672,45675,3,,2
update,45671,45683,45687,4,,3
update,45682,45695,45699,4,,4
update,45693,45706,45709,3,,5
inbound,45705,45717,45721,4,,7
update,45704,45717,45721,4,,6
update,45715,45727,45730,3,,8
update,45726,45739,45741,2,,9
update,45737,45750,45752,2,,10
update,45748,45761,45763,2,,11
inbound,45760,45772,45776,4,,13
update,45759,45771,45776,5,,12
update,45770,45783,45786,3,,14
update,45781,45794,45797,3,,15
update,45792,45805,45808,3,,0
update,45803,45816,45819,3,,1
inbound,45815,45827,45829,2,,3
update,45814,45827,45830,3,,2
update,45825,45838,45840,2,,4
update,45836,45849,45852,3,,5
update,45847,45860,45863,3,,6
update,45858,45871,45873,2,,7
update,45869,45882,45884,2,,8
update,45880,45893,45896,3,,9
update,45891,45904,45907,3,,10
update,45902,45915,45918,3,,11
update,45913,45926,45929,3,,12
update,45924,45937,45940,3,,13
inbound,46000,46012,46018,6,,15
update,46000,46012,46019,7,,14
update,46011,46024,46027,3,,0
update,46022,46035,46038,3,,1
inbound,46025,46038,46041,3,,2
update,46033,46046,46049,3,,3
update,46044,46057,46060,3,,4
update,46055,46067,46070,3,,5
update,46066,46078,46082,4,,6
update,46077,46090,46093,3,,7
update,46088,46101,46104,3,,8
update,46099,46111,46114,3,,9
inbound,46100,46113,46115,2,,10
update,46110,46123,46126,3,,11
update,46121,46134,46137,3,,12
update,46132,46145,46147,2,,13
update,46143,46155,46158,3,,14
update,46154,46167,46170,3,,15
inbound,46155,46168,46171,3,,0
update,46165,46177,46180,3,,1
update,46176,46189,46192,3,,2
update,46187,46200,46203,3,,3
update,46198,46211,46215,4,,4
inbound,46200,46213,46216,3,,5
inbound,46210,46222,46225,3,,7
update,46209,46222,46226,4,,6
update,46220,46233,46236,3,,8
inbound,46225,46238,46241,3,,9
update,46231,46244,46246,2,,10
update,46242,46254,46257,3,,11
update,46253,46266,46270,4,,12
update,46264,46277,46280,3,,13
inbound,46265,46278,46281,3,,14
update,46275,46288,46290,2,,15
update,46286,46299,46304,5,,0
update,46297,46310,46313,3,,1
update,46308,46321,46324,3,,2
update,46319,46332,46335,3,,3
inbound,46320,46333,46336,3,,4
update,46330,46343,46346,3,,5
update,46341,46354,46357,3,,6
update,46352,46365,46368,3,,7
update,46363,46376,46379,3,,8
update,46374,46387,46390,3,,9
inbound,46375,46388,46392,4,,10
update,46385,46398,46401,3,,11
update,46396,46408,46411,3,,12
inbound,46400,46413,46416,3,,13
update,46407,46420,46423,3,,14
update,46418,46431,46434,3,,15
inbound,46425,46438,46440,2,,0
update,46429,46442,46445,3,,1
inbound,46430,46443,46446,3,,2
update,46440,46453,46455,2,,3
update,46451,46463,46467,4,,4
update,46462,46474,46477,3,,5
update,46473,46486,46490,4,,6
update,46484,46497,46500,3,,7
inbound,46485,46498,46501,3,,8
update,46495,46508,46510,2,,9
update,46506,46519,46521,2,,10
update,46517,46530,46532,2,,11
update,46528,46540,46543,3,,12
update,46539,46552,46555,3,,13
inbound,46540,46552,46555,3,,14
update,46550,46563,46566,3,,15
update,46561,46574,46577,3,,0
update,46572,46585,46588,3,,1
update,46583,46596,46599,3,,2
inbound,46595,46607,46611,4,,4
update,46594,46607,46612,5,,3
update,46605,46618,46620,2,,5
update,46616,46629,46632,3,,6
update,46627,46640,46642,2,,7
update,46638,46651,46653,2,,8
update,46649,46661,46665,4,,9
inbound,46650,46662,46669,7,,10
update,46660,46673,46678,5,,11
update,46671,46683,46686,3,,12
update,46682,46694,46697,3,,13
update,46693,46706,46709,3,,14
update,46704,46717,46720,3,,15
inbound,46705,46718,46722,4,,0
update,46715,46727,46731,4,,1
update,46726,46739,46741,2,,2
update,46737,46750,46753,3,,3
update,46748,46760,46763,3,,4
update,46759,46772,46775,3,,5
inbound,46760,46773,46775,2,,6
update,46770,46782,46785,3,,7
update,46781,46794,46797,3,,8
update,46792,46805,46808,3,,9
update,46803,46816,46818,2,,10
update,46814,46827,46830,3,,11
inbound,46815,46828,46830,2,,12
update,46825,46838,46840,2,,13
update,46836,46848,46851,3,,14
update,46847,46860,46862,2,,15
update,46858,46870,46873,3,,0
update,46869,46881,46884,3,,1
update,46880,46893,46896,3,,2
update,46891,46904,46907,3,,3
update,46902,46914,46917,3,,4
update,46913,46926,46928,2,,5
update,46924,46937,46939,2,,6
update,47000,47013,47016,3,,7
inbound,47000,47013,47016,3,,8
update,47011,47023,47026,3,,9
update,47022,47034,47037,3,,10
inbound,47025,47038,47040,2,,11
update,47033,47046,47049,3,,12
update,47044,47057,47059,2,,13
update,47055,47067,47070,3,,14
update,47066,47079,47082,3,,15
update,47077,47090,47093,3,,0
update,47088,47101,47104,3,,1
update,47099,47111,47115,4,,2
inbound,47100,47113,47116,3,,3
update,47110,47123,47126,3,,4
update,47121,47134,47137,3,,5
update,47132,47145,47148,3,,6
update,47143,47156,47159,3,,7
update,47154,47166,47170,4,,8
inbound,47155,47168,47171,3,,9
update,47165,47178,47181,3,,10
update,47176,47189,47192,3,,11
update,47187,47200,47203,3,,12
update,47198,47211,47215,4,,13
inbound,47200,47213,47217,4,,14
update,47209,47221,47224,3,,15
inbound,47210,47223,47226,3,,0
update,47220,47233,47236,3,,1
inbound,47225,47238,47240,2,,2
update,47231,47244,47246,2,,3
update,47242,47254,47257,3,,4
update,47253,47266,47269,3,,5
update,47264,47277,47280,3,,6
inbound,47265,47278,47282,4,,7
update,47275,47287,47290,3,,8
update,47286,47298,47303,5,,9
update,47297,47309,47313,4,,10
update,47308,47320,47323,3,,11
update,47319,47331,47335,4,,12
inbound,47320,47332,47336,4,,13
update,47330,47343,47346,3,,14
update,47341,47354,47357,3,,15
update,47352,47364,47367,3,,0
update,47363,47376,47379,3,,1
update,47374,47387,47390,3,,2
inbound,47375,47388,47391,3,,3
update,47385,47398,47400,2,,4
update,47396,47409,47411,2,,5
inbound,47400,47413,47415,2,,6
update,47407,47420,47422,2,,7
update,47418,47431,47434,3,,8
inbound,47425,47438,47441,3,,9
update,47429,47441,47445,4,,10
inbound,47430,47442,47447,5,,11
update,47440,47452,47455,3,,12
update,47451,47464,47467,3,,13
update,47462,47475,47477,2,,14
update,47473,47485,47488,3,,15
update,47484,47496,47500,4,,0
inbound,47485,47497,47501,4,,1
update,47495,47508,47510,2,,2
update,47506,47519,47521,2,,3
update,47517,47530,47532,2,,4
update,47528,47540,47543,3,,5
update,47539,47552,47555,3,,6
inbound,47540,47553,47556,3,,7
update,47550,47563,47566,3,,8
update,47561,47574,47576,2,,9
update,47572,47585,47588,3,,10
update,47583,47596,47599,3,,11
update,47594,47607,47610,3,,12
inbound,47595,47608,47611,3,,13
update,47605,47617,47620,3,,14
update,47616,47629,47633,4,,15
update,47627,47639,47643,4,,0
update,47638,47650,47653,3,,1
update,47649,47661,47666,5,,2
inbound,47650,47663,47667,4,,3
update,47660,47673,47677,4,,4
update,47671,47684,47688,4,,5
update,47682,47695,47698,3,,6
update,47693,47706,47709,3,,7
update,47704,47717,47720,3,,8
inbound,47705,47718,47721,3,,9
update,47715,47727,47730,3,,10
update,47726,47739,47742,3,,11
update,47737,47750,47753,3,,12
update,47748,47761,47764,3,,13
update,47759,47772,47775,3,,14
inbound,47760,47773,47775,2,,15
update,47770,47783,47786,3,,0
update,47781,47794,47797,3,,1
update,47792,47805,47808,3,,2
update,47803,47815,47819,4,,3
update,47814,47827,47830,3,,4
inbound,47815,47828,47830,2,,5
update,47825,47837,47840,3,,6
update,47836,47849,47852,3,,7
update,47847,47860,47863,3,,8
update,47858,47871,47874,3,,9
update,47869,47882,47885,3,,10
update,47880,47892,47895,3,,11
update,47891,47903,47906,3,,12
update,47902,47914,47917,3,,13
update,47913,47925,47928,3,,14
update,47924,47936,47940,4,,15
update,48000,48012,48017,5,,0
inbound,48000,48014,48018,4,,1
update,48011,48023,48027,4,,2
update,48022,48035,48037,2,,3
inbound,48025,48039,48042,3,,4
update,48033,48046,48048,2,,5
update,48044,48057,48059,2,,6
update,48055,48067,48071,4,,7
update,48066,48078,48081,3,,8
update,48077,48090,48093,3,,9
update,48088,48101,48104,3,,10
update,48099,48112,48115,3,,11
inbound,48100,48114,48118,4,,12
update,48110,48123,48125,2,,13
update,48121,48133,48136,3,,14
update,48132,48145,48148,3,,15
update,48143,48156,48159,3,,0
update,48154,48167,48170,3,,1
inbound,48155,48169,48177,8,,2
update,48165,48177,48181,4,,3
update,48176,48188,48191,3,,4
update,48187,48200,48203,3,,5
update,48198,48211,48214,3,,6
inbound,48200,48214,48218,4,,7
update,48209,48222,48225,3,,8
inbound,48210,48223,48227,4,,9
update,48220,48233,48235,2,,10
inbound,48225,48239,48241,2,,11
update,48231,48244,48246,2,,12
update,48242,48254,48257,3,,13
update,48253,48266,48269,3,,14
update,48264,48277,48280,3,,15
inbound,48265,48278,48282,4,,0
update,48275,48288,48291,3,,1
update,48286,48299,48302,3,,2
update,48297,48310,48313,3,,3
update,48308,48320,48324,4,,4
update,48319,48332,48336,4,,5
inbound,48320,48334,48337,3,,6
update,48330,48342,48345,3,,7
update,48341,48354,48357,3,,8
update,48352,48365,48367,2,,9
update,48363,48375,48378,3,,10
update,48374,48387,48390,3,,11
inbound,48375,48388,48392,4,,12
update,48385,48398,48401,3,,13
update,48396,48409,48412,3,,14
inbound,48400,48414,48417,3,,15
update,48407,48419,48422,3,,0
update,48418,48431,48434,3,,1
inbound,48425,48439,48441,2,,2
update,48429,48441,48445,4,,3
inbound,48430,48443,48446,3,,4
update,48440,48453,48455,2,,5
update,48451,48465,48468,3,,6
update,48462,48476,48478,2,,7
update,48473,48487,48490,3,,8
update,48484,48498,48501,3,,9
inbound,48485,48499,48502,3,,10
update,48495,48509,48512,3,,11
update,48506,48520,48523,3,,12
update,48517,48531,48533,2,,13
update,48528,48542,48545,3,,14
update,48539,48553,48556,3,,15
inbound,48540,48554,48557,3,,0
update,48550,48564,48567,3,,1
update,48561,48575,48578,3,,2
update,48572,48586,48588,2,,3
update,48583,48597,48599,2,,4
update,48594,48608,48611,3,,5
inbound,48595,48609,48613,4,,6
update,48605,48619,48622,3,,7
update,48616,48630,48632,2,,8
update,48627,48641,48644,3,,9
update,48638,48652,48654,2,,10
update,48649,48663,48666,3,,11
inbound,48650,48663,48667,4,,12
update,48660,48673,48676,3,,13
update,48671,48684,48687,3,,14
update,48682,48696,48698,2,,15
update,48693,48707,48710,3,,0
update,48704,48718,48722,4,,1
inbound,48705,48719,48722,3,,2
update,48715,48728,48731,3,,3
update,48726,48739,48742,3,,4
update,48737,48751,48753,2,,5
update,48748,48762,48765,3,,6
update,48759,48773,48776,3,,7
inbound,48760,48774,48776,2,,8
update,48770,48783,48786,3,,9
update,48781,48795,48798,3,,10
update,48792,48806,48808,2,,11
update,48803,48816,48819,3,,12
update,48814,48827,48831,4,,13
inbound,48815,48829,48831,2,,14
update,48825,48839,48841,2,,15
update,48836,48850,48852,2,,0
update,48847,48860,48863,3,,1
update,48858,48871,48874,3,,2
update,48869,48883,48885,2,,3
update,48880,48894,48896,2,,4
update,48891,48905,48908,3,,5
update,48902,48915,48919,4,,6
update,48913,48926,48929,3,,7
update,48924,48938,48941,3,,8
inbound,49000,49014,49018,4,,10
update,49000,49014,49020,6,,9
update,49011,49025,49028,3,,11
update,49022,49036,49039,3,,12
inbound,49025,49039,49042,3,,13
update,49033,49046,49049,3,,14
update,49044,49058,49062,4,,15
update,49055,49068,49071,3,,0
update,49066,49080,49083,3,,1
update,49077,49091,49094,3,,2
update,49088,49102,49105,3,,3
update,49099,49113,49117,4,,4
inbound,49100,49113,49117,4,,5
update,49110,49124,49127,3,,6
update,49121,49135,49138,3,,7
update,49132,49146,49149,3,,8
update,49143,49157,49160,3,,9
update,49154,49168,49172,4,,10
inbound,49155,49168,49172,4,,11
update,49165,49178,49181,3,,12
update,49176,49190,49193,3,,13
update,49187,49201,49204,3,,14
update,49198,49212,49217,5,,15
inbound,49200,49214,49218,4,,0
inbound,49210,49223,49227,4,,2
update,49209,49223,49229,6,,1
update,49220,49234,49237,3,,3
inbound,49225,49239,49242,3,,4
update,49231,49245,49248,3,,5
update,49242,49255,49258,3,,6
update,49253,49267,49270,3,,7
update,49264,49278,49281,3,,8
inbound,49265,49279,49282,3,,9
update,49275,49289,49291,2,,10
update,49286,49300,49302,2,,11
update,49297,49311,49315,4,,12
update,49308,49321,49327,6,,13
update,49319,49333,49337,4,,14
inbound,49320,49334,49338,4,,15
update,49330,49344,49346,2,,0
update,49341,49355,49358,3,,1
update,49352,49366,49369,3,,2
update,49363,49377,49380,3,,3
update,49374,49388,49392,4,,4
inbound,49375,49389,49392,3,,5
update,49385,49399,49401,2,,6
update,49396,49410,49413,3,,7
inbound,49400,49414,49417,3,,8
update,49407,49421,49424,3,,9
update,49418,49432,49435,3,,10
inbound,49425,49438,49441,3,,11
update,49429,49442,49445,3,,12
inbound,49430,49444,49446,2,,13
update,49440,49454,49457,3,,14
update,49451,49464,49468,4,,15
update,49462,49476,49478,2,,0
update,49473,49487,49489,2,,1
update,49484,49498,49501,3,,2
inbound,49485,49499,49502,3,,3
update,49495,49508,49511,3,,4
update,49506,49520,49523,3,,5
update,49517,49531,49534,3,,6
update,49528,49542,49545,3,,7
update,49539,49553,49556,3,,8
inbound,49540,49554,49557,3,,9
update,49550,49564,49566,2,,10
update,49561,49574,49577,3,,11
update,49572,49586,49589,3,,12
update,49583,49597,49599,2,,13
update,49594,49607,49611,4,,14
inbound,49595,49608,49611,3,,15
update,49605,49619,49621,2,,0
update,49616,49629,49633,4,,1
update,49627,49641,49644,3,,2
update,49638,49652,49654,2,,3
update,49649,49663,49666,3,,4
inbound,49650,49663,49667,4,,5
update,49660,49673,49677,4,,6
update,49671,49685,49687,2,,7
update,49682,49696,49699,3,,8
update,49693,49707,49710,3,,9
update,49704,49717,49720,3,,10
inbound,49705,49718,49721,3,,11
update,49715,49729,49732,3,,12
update,49726,49740,49742,2,,13
update,49737,49751,49753,2,,14
update,49748,49761,49764,3,,15
inbound,49760,49773,49776,3,,1
update,49759,49773,49776,3,,0
update,49770,49784,49787,3,,2
update,49781,49795,49799,4,,3
update,49792,49806,49809,3,,4
update,49803,49817,49819,2,,5
update,49814,49827,49831,4,,6
inbound,49815,49828,49831,3,,7
update,49825,49839,49842,3,,8
update,49836,49849,49852,3,,9
update,49847,49860,49863,3,,10
update,49858,49871,49874,3,,11
update,49869,49882,49885,3,,12
update,49880,49894,49897,3,,13
update,49891,49905,49907,2,,14
update,49902,49915,49919,4,,15
update,49913,49927,49929,2,,0
update,49924,49938,49941,3,,1
update,50000,50014,50018,4,,2
inbound,50000,50014,50018,4,,3
update,50011,50025,50027,2,,4
update,50022,50035,50038,3,,5
inbound,50025,50038,50041,3,,6
update,50033,50047,50050,3,,7
update,50044,50057,50061,4,,8
update,50055,50069,50072,3,,9
update,50066,50080,50083,3,,10
update,50077,50091,50094,3,,11
update,50088,50102,50105,3,,12
update,50099,50113,50117,4,,13
inbound,50100,50114,50119,5,,14
update,50110,50124,50127,3,,15
update,50121,50135,50138,3,,0
update,50132,50146,50151,5,,1
update,50143,50157,50161,4,,2
update,50154,50168,50172,4,,3
inbound,50155,50169,50174,5,,4
update,50165,50179,50182,3,,5
update,50176,50190,50193,3,,6
update,50187,50201,50204,3,,7
update,50198,50212,50215,3,,8
inbound,50200,50214,50217,3,,9
update,50209,50223,50226,3,,10
inbound,50210,50224,50228,4,,11
update,50220,50233,50236,3,,12
inbound,50225,50239,50242,3,,13
update,50231,50245,50247,2,,14
update,50242,50255,50258,3,,15
update,50253,50267,50269,2,,0
update,50264,50278,50280,2,,1
inbound,50265,50279,50282,3,,2
update,50275,50289,50292,3,,3
update,50286,50300,50302,2,,4
update,50297,50311,50313,2,,5
update,50308,50322,50326,4,,6
inbound,50320,50334,50337,3,,8
update,50319,50333,50337,4,,7
update,50330,50344,50346,2,,9
update,50341,50354,50357,3,,10
update,50352,50366,50369,3,,11
update,50363,50377,50380,3,,12
update,50374,50388,50391,3,,13
inbound,50375,50389,50392,3,,14
update,50385,50399,50402,3,,15
update,50396,50410,50412,2,,0
inbound,50400,50413,50416,3,,1
update,50407,50421,50424,3,,2
update,50418,50432,50435,3,,3
inbound,50425,50439,50442,3,,4
update,50429,50443,50446,3,,5
inbound,50430,50444,50448,4,,6
update,50440,50454,50457,3,,7
update,50451,50465,50467,2,,8
update,50462,50476,50479,3,,9
update,50473,50487,50489,2,,10
update,50484,50497,50500,3,,11
inbound,50485,50499,50501,2,,12
update,50495,50508,50511,3,,13
update,50506,50520,50522,2,,14
update,50517,50530,50533,3,,15
update,50528,50542,50545,3,,0
update,50539,50553,50556,3,,1
inbound,50540,50553,50556,3,,2
update,50550,50563,50566,3,,3
update,50561,50575,50578,3,,4
update,50572,50586,50589,3,,5
update,50583,50597,50599,2,,6
update,50594,50608,50611,3,,7
inbound,50595,50609,50612,3,,8
update,50605,50618,50621,3,,9
update,50616,50629,50632,3,,10
update,50627,50640,50643,3,,11
update,50638,50652,50655,3,,12
update,50649,50663,50666,3,,13
inbound,50650,50664,50667,3,,14
update,50660,50673,50676,3,,15
update,50671,50684,50687,3,,0
update,50682,50696,50699,3,,1
update,50693,50706,50709,3,,2
update,50704,50718,50720,2,,3
inbound,50705,50719,50722,3,,4
update,50715,50729,50731,2,,5
update,50726,50740,50742,2,,6
update,50737,50750,50753,3,,7
update,50748,50762,50765,3,,8
update,50759,50772,50776,4,,9
inbound,50760,50774,50776,2,,10
update,50770,50784,50787,3,,11
update,50781,50795,50798,3,,12
update,50792,50805,50808,3,,13
update,50803,50817,50820,3,,14
update,50814,50827,50830,3,,15
inbound,50815,50829,50831,2,,0
update,50825,50839,50841,2,,1
update,50836,50850,50852,2,,2
update,50847,50861,50864,3,,3
update,50858,50872,50875,3,,4
update,50869,50883,50886,3,,5
update,50880,50894,50897,3,,6
update,50891,50905,50908,3,,7
update,50902,50916,50919,3,,8
update,50913,50926,50929,3,,9
update,50924,50938,50941,3,,10
update,51000,51014,51018,4,,11
inbound,51000,51014,51018,4,,12
update,51011,51024,51028,4,,13
update,51022,51036,51039,3,,14
inbound,51025,51039,51041,2,,15
update,51033,51047,51050,3,,0
update,51044,51057,51060,3,,1
update,51055,51069,51072,3,,2
update,51066,51080,51083,3,,3
update,51077,51091,51094,3,,4
update,51088,51101,51106,5,,5
inbound,51100,51114,51118,4,,7
update,51099,51113,51120,7,,6
update,51110,51124,51128,4,,8
update,51121,51135,51140,5,,9
update,51132,51146,51150,4,,10
update,51143,51156,51169,13,,11
inbound,51155,51169,51174,5,,13
update,51154,51168,51176,8,,12
update,51165,51179,51184,5,,14
update,51176,51190,51194,4,,15
update,51187,51201,51204,3,,0
update,51198,51212,51216,4,,1
inbound,51200,51213,51217,4,,2
update,51209,51222,51227,5,,3
inbound,51210,51224,51229,5,,4
update,51220,51233,51236,3,,5
inbound,51225,51239,51241,2,,6
update,51231,51245,51247,2,,7
update,51242,51256,51258,2,,8
update,51253,51267,51269,2,,9
update,51264,51277,51280,3,,10
inbound,51265,51279,51281,2,,11
update,51275,51289,51292,3,,12
update,51286,51300,51303,3,,13
update,51297,51311,51314,3,,14
update,51308,51322,51326,4,,15
update,51319,51332,51336,4,,0
inbound,51320,51334,51339,5,,1
update,51330,51344,51349,5,,2
update,51341,51354,51357,3,,3
update,51352,51366,51368,2,,4
update,51363,51377,51380,3,,5
update,51374,51387,51390,3,,6
inbound,51375,51388,51392,4,,7
update,51385,51399,51402,3,,8
update,51396,51410,51413,3,,9
inbound,51400,51414,51417,3,,10
update,51407,51421,51424,3,,11
update,51418,51432,51434,2,,12
inbound,51425,51439,51442,3,,13
update,51429,51443,51447,4,,14
inbound,51430,51444,51447,3,,15
update,51440,51454,51457,3,,0
update,51451,51465,51467,2,,1
update,51462,51476,51478,2,,2
update,51473,51486,51489,3,,3
inbound,51485,51498,51502,4,,5
update,51484,51498,51502,4,,4
update,51495,51509,51513,4,,6
update,51506,51520,51523,3,,7
update,51517,51530,51533,3,,8
update,51528,51542,51545,3,,9
update,51539,51553,51556,3,,10
inbound,51540,51554,51557,3,,11
update,51550,51563,51566,3,,12
update,51561,51575,51578,3,,13
update,51572,51586,51589,3,,14
update,51583,51597,51600,3,,15
update,51594,51608,51612,4,,0
inbound,51595,51609,51612,3,,1
update,51605,51619,51622,3,,2
update,51616,51629,51633,4,,3
update,51627,51640,51643,3,,4
update,51638,51651,51654,3,,5
update,51649,51663,51666,3,,6
inbound,51650,51664,51668,4,,7
update,51660,51673,51677,4,,8
update,51671,51685,51688,3,,9
update,51682,51696,51699,3,,10
update,51693,51707,51710,3,,11
inbound,51705,51718,51721,3,,13
update,51704,51718,51722,4,,12
update,51715,51728,51731,3,,14
update,51726,51739,51742,3,,15
update,51737,51751,51754,3,,0
update,51748,51761,51764,3,,1
inbound,51760,51773,51775,2,,3
update,51759,51772,51776,4,,2
update,51770,51784,51787,3,,4
update,51781,51795,51798,3,,5
update,51792,51806,51809,3,,6
update,51803,51816,51819,3,,7
inbound,51815,51829,51831,2,,9
update,51814,51827,51831,4,,8
update,51825,51838,51842,4,,10
update,51836,51850,51853,3,,11
update,51847,51861,51864,3,,12
update,51858,51871,51874,3,,13
update,51869,51883,51886,3,,14
update,51880,51894,51896,2,,15
update,51891,51905,51908,3,,0
update,51902,51916,51919,3,,1
update,51913,51927,51930,3,,2
update,51924,51938,51943,5,,3
inbound,52000,52014,52017,3,,5
update,52000,52014,52017,3,,4
update,52011,52025,52028,3,,6
update,52022,52035,52038,3,,7
inbound,52025,52039,52041,2,,8
update,52033,52047,52050,3,,9
update,52044,52058,52060,2,,10
update,52055,52069,52072,3,,11
update,52066,52080,52082,2,,12
update,52077,52090,52094,4,,13
update,52088,52102,52105,3,,14
update,52099,52112,52116,4,,15
inbound,52100,52113,52118,5,,0
update,52110,52124,52127,3,,1
update,52121,52135,52138,3,,2
update,52132,52146,52149,3,,3
update,52143,52157,52160,3,,4
update,52154,52167,52171,4,,5
inbound,52155,52169,52172,3,,6
update,52165,52178,52181,3,,7
update,52176,52189,52192,3,,8
update,52187,52201,52203,2,,9
update,52198,52212,52221,9,,10
inbound,52200,52213,52226,13,,11
inbound,52210,52226,52229,3,,13
update,52209,52225,52229,4,,12
update,52220,52234,52238,4,,14
inbound,52225,52238,52241,3,,15
update,52231,52245,52248,3,,0
update,52242,52256,52259,3,,1
update,52253,52266,52269,3,,2
update,52264,52277,52280,3,,3
inbound,52265,52278,52281,3,,4
update,52275,52289,52292,3,,5
update,52286,52300,52303,3,,6
update,52297,52311,52314,3,,7
update,52308,52322,52325,3,,8
update,52319,52333,52340,7,,9
inbound,52320,52333,52341,8,,10
update,52330,52344,52348,4,,11
update,52341,52354,52357,3,,12
update,52352,52365,52368,3,,13
update,52363,52377,52380,3,,14
update,52374,52388,52392,4,,15
inbound,52375,52388,52392,4,,0
update,52385,52399,52402,3,,1
update,52396,52409,52412,3,,2
inbound,52400,52414,52416,2,,3
update,52407,52420,52423,3,,4
update,52418,52432,52435,3,,5
inbound,52425,52438,52441,3,,6
update,52429,52442,52446,4,,7
inbound,52430,52444,52447,3,,8
update,52440,52454,52457,3,,9
update,52451,52464,52467,3,,10
update,52462,52476,52479,3,,11
update,52473,52487,52489,2,,12
update,52484,52498,52501,3,,13
inbound,52485,52498,52501,3,,14
update,52495,52508,52511,3,,15
update,52506,52520,52522,2,,0
update,52517,52530,52533,3,,1
update,52528,52542,52544,2,,2
update,52539,52552,52556,4,,3
inbound,52540,52554,52557,3,,4
update,52550,52563,52567,4,,5
update,52561,52575,52578,3,,6
update,52572,52586,52588,2,,7
update,52583,52597,52600,3,,8
update,52594,52607,52611,4,,9
inbound,52595,52608,52612,4,,10
update,52605,52619,52622,3,,11
update,52616,52630,52632,2,,12
update,52627,52640,52644,4,,13
update,52638,52651,52654,3,,14
update,52649,52662,52667,5,,15
inbound,52650,52664,52667,3,,0
update,52660,52674,52677,3,,1
update,52671,52684,52687,3,,2
update,52682,52695,52698,3,,3
update,52693,52707,52710,3,,4
update,52704,52718,52721,3,,5
inbound,52705,52719,52722,3,,6
update,52715,52729,52732,3,,7
update,52726,52740,52743,3,,8
update,52737,52750,52753,3,,9
update,52748,52762,52765,3,,10
update,52759,52772,52775,3,,11
inbound,52760,52773,52776,3,,12
update,52770,52784,52787,3,,13
update,52781,52795,52798,3,,14
update,52792,52806,52809,3,,15
update,52803,52817,52819,2,,0
update,52814,52828,52831,3,,1
inbound,52815,52829,52831,2,,2
update,52825,52839,52841,2,,3
update,52836,52850,52853,3,,4
update,52847,52860,52863,3,,5
update,52858,52872,52875,3,,6
update,52869,52883,52886,3,,7
update,52880,52894,52897,3,,8
update,52891,52904,52907,3,,9
update,52902,52915,52918,3,,10
update,52913,52927,52930,3,,11
update,52924,52938,52941,3,,12
update,53000,53014,53018,4,,13
inbound,53000,53014,53018,4,,14
update,53011,53025,53028,3,,15
update,53022,53036,53038,2,,0
inbound,53025,53038,53041,3,,1
update,53033,53047,53050,3,,2
update,53044,53057,53061,4,,3
update,53055,53068,53071,3,,4
update,53066,53080,53083,3,,5
update,53077,53090,53093,3,,6
update,53088,53102,53104,2,,7
inbound,53100,53113,53116,3,,9
update,53099,53113,53117,4,,8
update,53110,53123,53126,3,,10
update,53121,53135,53137,2,,11
update,53132,53146,53149,3,,12
update,53143,53156,53159,3,,13
update,53154,53168,53171,3,,14
inbound,53155,53168,53172,4,,15
update,53165,53179,53182,3,,0
update,53176,53190,53193,3,,1
update,53187,53201,53203,2,,2
update,53198,53211,53214,3,,3
inbound,53200,53214,53217,3,,4
update,53209,53223,53227,4,,5
inbound,53210,53224,53227,3,,6
update,53220,53234,53237,3,,7
inbound,53225,53239,53241,2,,8
update,53231,53245,53247,2,,9
update,53242,53256,53259,3,,10
update,53253,53266,53269,3,,11
update,53264,53277,53282,5,,12
inbound,53265,53279,53282,3,,13
update,53275,53289,53292,3,,14
update,53286,53300,53303,3,,15
update,53297,53311,53314,3,,0
update,53308,53322,53324,2,,1
update,53319,53332,53337,5,,2
inbound,53320,53333,53337,4,,3
update,53330,53344,53347,3,,4
update,53341,53354,53357,3,,5
update,53352,53366,53368,2,,6
update,53363,53376,53380,4,,7
update,53374,53388,53392,4,,8
inbound,53375,53389,53393,4,,9
update,53385,53399,53401,2,,10
update,53396,53410,53412,2,,11
inbound,53400,53413,53416,3,,12
update,53407,53421,53424,3,,13
update,53418,53431,53434,3,,14
inbound,53425,53439,53441,2,,15
update,53429,53443,53446,3,,0
inbound,53430,53444,53447,3,,1
update,53440,53454,53457,3,,2
update,53451,53465,53468,3,,3
update,53462,53476,53480,4,,4
update,53473,53487,53490,3,,5
update,53484,53498,53501,3,,6
inbound,53485,53499,53502,3,,7
update,53495,53509,53511,2,,8
update,53506,53520,53523,3,,9
update,53517,53531,53533,2,,10
update,53528,53541,53544,3,,11
update,53539,53552,53555,3,,12
inbound,53540,53553,53556,3,,13
update,53550,53563,53566,3,,14
update,53561,53574,53577,3,,15
update,53572,53586,53589,3,,0
update,53583,53597,53599,2,,1
update,53594,53608,53612,4,,2
inbound,53595,53610,53615,5,,3
update,53605,53619,53624,5,,4
update,53616,53630,53635,5,,5
update,53627,53641,53645,4,,6
update,53638,53652,53655,3,,7
update,53649,53662,53667,5,,8
inbound,53650,53664,53668,4,,9
update,53660,53674,53677,3,,10
update,53671,53685,53688,3,,11
update,53682,53695,53698,3,,12
update,53693,53706,53709,3,,13
update,53704,53718,53721,3,,14
inbound,53705,53719,53722,3,,15
update,53715,53729,53732,3,,0
update,53726,53739,53742,3,,1
update,53737,53750,53754,4,,2
update,53748,53762,53764,2,,3
update,53759,53772,53775,3,,4
inbound,53760,53773,53776,3,,5
update,53770,53784,53786,2,,6
update,53781,53794,53797,3,,7
update,53792,53805,53808,3,,8
update,53803,53817,53820,3,,9
update,53814,53827,53830,3,,10
inbound,53815,53828,53830,2,,11
update,53825,53839,53842,3,,12
update,53836,53850,53853,3,,13
update,53847,53860,53863,3,,14
update,53858,53872,53875,3,,15
update,53869,53882,53885,3,,0
update,53880,53894,53897,3,,1
update,53891,53905,53907,2,,2
update,53902,53916,53919,3,,3
update,53913,53926,53929,3,,4
update,53924,53937,53941,4,,5
update,54000,54013,54017,4,,6
inbound,54000,54015,54018,3,,7
update,54011,54025,54028,3,,8
update,54022,54036,54039,3,,9
inbound,54025,54040,54042,2,,10
update,54033,54046,54049,3,,11
update,54044,54057,54060,3,,12
update,54055,54069,54071,2,,13
update,54066,54079,54082,3,,14
update,54077,54090,54093,3,,15
update,54088,54101,54104,3,,0
update,54099,54113,54116,3,,1
inbound,54100,54114,54117,3,,2
update,54110,54124,54127,3,,3
update,54121,54136,54139,3,,4
update,54132,54147,54150,3,,5
update,54143,54158,54160,2,,6
update,54154,54169,54172,3,,7
inbound,54155,54170,54173,3,,8
update,54165,54180,54183,3,,9
update,54176,54191,54193,2,,10
update,54187,54202,54204,2,,11
update,54198,54212,54215,3,,12
inbound,54200,54214,54218,4,,13
update,54209,54224,54227,3,,14
inbound,54210,54225,54228,3,,15
update,54220,54235,54238,3,,0
inbound,54225,54239,54242,3,,1
update,54231,54246,54249,3,,2
update,54242,54257,54259,2,,3
update,54253,54268,54270,2,,4
update,54264,54279,54282,3,,5
inbound,54265,54280,54283,3,,6
update,54275,54290,54292,2,,7
update,54286,54300,54303,3,,8
update,54297,54312,54315,3,,9
update,54308,54323,54325,2,,10
update,54319,54334,54337,3,,11
inbound,54320,54335,54337,2,,12
update,54330,54345,54348,3,,13
update,54341,54356,54358,2,,14
update,54352,54367,54369,2,,15
update,54363,54378,54380,2,,0
update,54374,54389,54392,3,,1
inbound,54375,54390,54393,3,,2
update,54385,54400,54403,3,,3
update,54396,54411,54413,2,,4
inbound,54400,54414,54417,3,,5
update,54407,54422,54425,3,,6
update,54418,54433,54435,2,,7
inbound,54425,54440,54442,2,,8
update,54429,54444,54447,3,,9
inbound,54430,54445,54448,3,,10
update,54440,54455,54457,2,,11
update,54451,54466,54469,3,,12
update,54462,54477,54480,3,,13
update,54473,54488,54491,3,,14
update,54484,54499,54502,3,,15
inbound,54485,54500,54503,3,,0
update,54495,54510,54513,3,,1
update,54506,54520,54523,3,,2
update,54517,54532,54535,3,,3
update,54528,54543,54546,3,,4
update,54539,54554,54557,3,,5
inbound,54540,54555,54558,3,,6
update,54550,54565,54568,3,,7
update,54561,54576,54579,3,,8
update,54572,54587,54590,3,,9
update,54583,54598,54601,3,,10
update,54594,54609,54612,3,,11
inbound,54595,54610,54613,3,,12
update,54605,54620,54623,3,,13
update,54616,54631,54634,3,,14
update,54627,54642,54645,3,,15
update,54638,54653,54656,3,,0
inbound,54650,54664,54668,4,,2
update,54649,54664,54668,4,,1
update,54660,54675,54678,3,,3
update,54671,54685,54688,3,,4
update,54682,54696,54699,3,,5
update,54693,54708,54711,3,,6
update,54704,54719,54722,3,,7
inbound,54705,54720,54723,3,,8
update,54715,54730,54733,3,,9
update,54726,54741,54744,3,,10
update,54737,54752,54755,3,,11
update,54748,54763,54766,3,,12
inbound,54760,54774,54776,2,,14
update,54759,54774,54777,3,,13
update,54770,54784,54787,3,,15
update,54781,54796,54799,3,,0
update,54792,54807,54810,3,,1
update,54803,54817,54820,3,,2
update,54814,54829,54832,3,,3
inbound,54815,54830,54832,2,,4
update,54825,54839,54842,3,,5
update,54836,54850,54853,3,,6
update,54847,54862,54865,3,,7
update,54858,54873,54876,3,,8
update,54869,54884,54887,3,,9
update,54880,54895,54898,3,,10
update,54891,54906,54909,3,,11
update,54902,54917,54920,3,,12
update,54913,54928,54931,3,,13
update,54924,54939,54941,2,,14
update,55000,55014,55018,4,,15
inbound,55000,55015,55018,3,,0
update,55011,55026,55028,2,,1
update,55022,55037,55040,3,,2
inbound,55025,55040,55043,3,,3
update,55033,55048,55050,2,,4
update,55044,55058,55061,3,,5
update,55055,55070,55073,3,,6
update,55066,55080,55083,3,,7
update,55077,55092,55095,3,,8
update,55088,55103,55106,3,,9
update,55099,55113,55117,4,,10
inbound,55100,55115,55118,3,,11
update,55110,55125,55127,2,,12
update,55121,55136,55139,3,,13
update,55132,55147,55150,3,,14
update,55143,55158,55161,3,,15
update,55154,55169,55172,3,,0
inbound,55155,55170,55174,4,,1
update,55165,55180,55183,3,,2
update,55176,55191,55193,2,,3
update,55187,55202,55204,2,,4
update,55198,55213,55217,4,,5
inbound,55200,55215,55218,3,,6
update,55209,55224,55227,3,,7
inbound,55210,55224,55228,4,,8
update,55220,55235,55240,5,,9
inbound,55225,55239,55243,4,,10
update,55231,55246,55249,3,,11
update,55242,55257,55260,3,,12
update,55253,55268,55270,2,,13
update,55264,55279,55282,3,,14
inbound,55265,55280,55284,4,,15
update,55275,55290,55293,3,,0
update,55286,55301,55303,2,,1
update,55297,55312,55315,3,,2
update,55308,55323,55325,2,,3
update,55319,55334,55337,3,,4
inbound,55320,55335,55338,3,,5
update,55330,55345,55351,6,,6
update,55341,55356,55361,5,,7
update,55352,55367,55369,2,,8
update,55363,55378,55381,3,,9
update,55374,55389,55392,3,,10
inbound,55375,55390,55394,4,,11
update,55385,55400,55403,3,,12
update,55396,55410,55413,3,,13
inbound,55400,55415,55418,3,,14
update,55407,55421,55424,3,,15
update,55418,55433,55436,3,,0
inbound,55425,55439,55442,3,,1
inbound,55430,55444,55447,3,,3
update,55429,55444,55448,4,,2
update,55440,55455,55458,3,,4
update,55451,55466,55468,2,,5
update,55462,55477,55479,2,,6
update,55473,55488,55491,3,,7
update,55484,55499,55502,3,,8
inbound,55485,55500,55504,4,,9
update,55495,55510,55513,3,,10
update,55506,55520,55523,3,,11
update,55517,55532,55535,3,,12
update,55528,55542,55545,3,,13
update,55539,55554,55557,3,,14
inbound,55540,55555,55558,3,,15
update,55550,55565,55567,2,,0
update,55561,55576,55579,3,,1
update,55572,55586,55589,3,,2
update,55583,55598,55601,3,,3
update,55594,55609,55612,3,,4
inbound,55595,55610,55613,3,,5
update,55605,55620,55623,3,,6
update,55616,55631,55634,3,,7
update,55627,55642,55645,3,,8
update,55638,55653,55657,4,,9
update,55649,55664,55667,3,,10
inbound,55650,55664,55668,4,,11
update,55660,55674,55680,6,,12
update,55671,55686,55690,4,,13
update,55682,55697,55701,4,,14
update,55693,55708,55711,3,,15
update,55704,55719,55722,3,,0
inbound,55705,55720,55723,3,,1
update,55715,55730,55733,3,,2
update,55726,55741,55744,3,,3
update,55737,55752,55755,3,,4
update,55748,55763,55766,3,,5
update,55759,55773,55776,3,,6
inbound,55760,55774,55777,3,,7
update,55770,55785,55788,3,,8
update,55781,55796,55799,3,,9
update,55792,55807,55810,3,,10
update,55803,55818,55820,2,,11
update,55814,55828,55831,3,,12
inbound,55815,55829,55832,3,,13
update,55825,55839,55842,3,,14
update,55836,55851,55853,2,,15
update,55847,55862,55865,3,,0
update,55858,55873,55875,2,,1
update,55869,55883,55886,3,,2
update,55880,55895,55897,2,,3
update,55891,55905,55908,3,,4
update,55902,55917,55920,3,,5
update,55913,55927,55930,3,,6
update,55924,55939,55942,3,,7
update,56000,56013,56024,11,,8
inbound,56000,56014,56024,10,,9
update,56011,56024,56033,9,,10
inbound,56025,56038,56044,6,,12
update,56022,56036,56049,13,,11
update,56033,56047,56052,5,,13
update,56044,56057,56061,4,,14
update,56055,56069,56072,3,,15
update,56066,56080,56084,4,,0
update,56077,56091,56094,3,,1
update,56088,56102,56105,3,,2
update,56099,56112,56116,4,,3
inbound,56100,56115,56118,3,,4
update,56110,56124,56127,3,,5
update,56121,56135,56138,3,,6
update,56132,56145,56148,3,,7
update,56143,56157,56160,3,,8
inbound,56155,56168,56172,4,,10
update,56154,56168,56172,4,,9
update,56165,56179,56182,3,,11
update,56176,56190,56193,3,,12
update,56187,56200,56203,3,,13
update,56198,56212,56215,3,,14
inbound,56200,56214,56217,3,,15
update,56209,56223,56226,3,,0
inbound,56210,56224,56229,5,,1
update,56220,56233,56237,4,,2
inbound,56225,56238,56242,4,,3
update,56231,56244,56247,3,,4
update,56242,56256,56259,3,,5
update,56253,56267,56270,3,,6
update,56264,56279,56283,4,,7
inbound,56265,56279,56284,5,,8
update,56275,56289,56292,3,,9
update,56286,56300,56302,2,,10
update,56297,56311,56314,3,,11
update,56308,56321,56324,3,,12
update,56319,56334,56337,3,,13
inbound,56320,56334,56337,3,,14
update,56330,56345,56348,3,,15
update,56341,56354,56358,4,,0
update,56352,56365,56369,4,,1
update,56363,56377,56379,2,,2
inbound,56375,56388,56391,3,,4
update,56374,56388,56392,4,,3
update,56385,56399,56401,2,,5
update,56396,56411,56414,3,,6
inbound,56400,56415,56417,2,,7
update,56407,56422,56425,3,,8
update,56418,56432,56435,3,,9
inbound,56425,56439,56442,3,,10
update,56429,56444,56448,4,,11
inbound,56430,56444,56448,4,,12
update,56440,56454,56457,3,,13
update,56451,56466,56468,2,,14
update,56462,56477,56480,3,,15
update,56473,56487,56490,3,,0
update,56484,56499,56502,3,,1
inbound,56485,56500,56503,3,,2
update,56495,56510,56513,3,,3
update,56506,56520,56523,3,,4
update,56517,56532,56534,2,,5
update,56528,56543,56546,3,,6
update,56539,56554,56557,3,,7
inbound,56540,56554,56558,4,,8
update,56550,56565,56568,3,,9
update,56561,56575,56579,4,,10
update,56572,56587,56589,2,,11
update,56583,56598,56600,2,,12
update,56594,56608,56611,3,,13
inbound,56595,56609,56613,4,,14
update,56605,56619,56622,3,,15
update,56616,56631,56633,2,,0
update,56627,56642,56645,3,,1
update,56638,56653,56656,3,,2
update,56649,56663,56667,4,,3
inbound,56650,56664,56668,4,,4
update,56660,56674,56677,3,,5
update,56671,56686,56689,3,,6
update,56682,56697,56700,3,,7
update,56693,56708,56711,3,,8
update,56704,56718,56722,4,,9
inbound,56705,56720,56723,3,,10
update,56715,56729,56733,4,,11
update,56726,56740,56745,5,,12
update,56737,56752,56756,4,,13
update,56748,56763,56768,5,,14
inbound,56760,56775,56777,2,,0
update,56759,56773,56777,4,,15
update,56770,56784,56787,3,,1
update,56781,56796,56799,3,,2
update,56792,56807,56810,3,,3
update,56803,56817,56820,3,,4
update,56814,56828,56831,3,,5
inbound,56815,56830,56832,2,,6
update,56825,56839,56842,3,,7
update,56836,56850,56854,4,,8
update,56847,56861,56865,4,,9
update,56858,56873,56876,3,,10
update,56869,56883,56889,6,,11
update,56880,56895,56899,4,,12
update,56891,56906,56909,3,,13
update,56902,56917,56920,3,,14
update,56913,56928,56931,3,,15
update,56924,56938,56941,3,,0
inbound,57000,57015,57018,3,,2
update,57000,57015,57019,4,,1
update,57011,57025,57029,4,,3
update,57022,57037,57040,3,,4
inbound,57025,57039,57042,3,,5
update,57033,57048,57051,3,,6
update,57044,57059,57062,3,,7
update,57055,57070,57073,3,,8
update,57066,57080,57083,3,,9
update,57077,57092,57095,3,,10
update,57088,57103,57106,3,,11
update,57099,57114,57117,3,,12
inbound,57100,57115,57119,4,,13
update,57110,57124,57127,3,,14
update,57121,57136,57139,3,,15
update,57132,57146,57149,3,,0
update,57143,57157,57161,4,,1
update,57154,57168,57172,4,,2
inbound,57155,57170,57174,4,,3
update,57165,57180,57182,2,,4
update,57176,57190,57193,3,,5
update,57187,57201,57204,3,,6
update,57198,57213,57217,4,,7
inbound,57200,57215,57218,3,,8
update,57209,57224,57227,3,,9
inbound,57210,57225,57229,4,,10
update,57220,57235,57238,3,,11
inbound,57225,57240,57244,4,,12
update,57231,57245,57248,3,,13
update,57242,57257,57260,3,,14
update,57253,57267,57270,3,,15
update,57264,57278,57282,4,,0
inbound,57265,57278,57282,4,,1
update,57275,57290,57293,3,,2
update,57286,57301,57303,2,,3
update,57297,57311,57317,6,,4
update,57308,57322,57326,4,,5
update,57319,57333,57337,4,,6
inbound,57320,57336,57339,3,,7
update,57330,57345,57349,4,,8
update,57341,57355,57360,5,,9
update,57352,57367,57370,3,,10
update,57363,57377,57380,3,,11
update,57374,57389,57392,3,,12
inbound,57375,57390,57393,3,,13
update,57385,57400,57403,3,,14
update,57396,57411,57414,3,,15
inbound,57400,57415,57418,3,,0
update,57407,57422,57425,3,,1
update,57418,57432,57435,3,,2
inbound,57425,57440,57443,3,,3
update,57429,57443,57447,4,,4
inbound,57430,57444,57448,4,,5
update,57440,57455,57458,3,,6
update,57451,57466,57469,3,,7
update,57462,57476,57480,4,,8
update,57473,57488,57493,5,,9
update,57484,57499,57501,2,,10
inbound,57485,57501,57506,5,,11
update,57495,57510,57515,5,,12
update,57506,57521,57524,3,,13
update,57517,57531,57535,4,,14
update,57528,57542,57546,4,,15
update,57539,57554,57559,5,,0
inbound,57540,57554,57559,5,,1
update,57550,57564,57567,3,,2
update,57561,57576,57578,2,,3
update,57572,57587,57590,3,,4
update,57583,57598,57600,2,,5
update,57594,57609,57613,4,,6
inbound,57595,57611,57615,4,,7
update,57605,57619,57622,3,,8
update,57616,57631,57634,3,,9
update,57627,57642,57645,3,,10
update,57638,57653,57655,2,,11
update,57649,57664,57668,4,,12
inbound,57650,57665,57669,4,,13
update,57660,57675,57678,3,,14
update,57671,57686,57689,3,,15
update,57682,57697,57699,2,,0
update,57693,57708,57711,3,,1
inbound,57705,57719,57722,3,,3
update,57704,57719,57722,3,,2
update,57715,57730,57733,3,,4
update,57726,57740,57743,3,,5
update,57737,57752,57756,4,,6
update,57748,57762,57765,3,,7
inbound,57760,57775,57778,3,,9
update,57759,57773,57778,5,,8
update,57770,57784,57789,5,,10
update,57781,57796,57800,4,,11
update,57792,57806,57810,4,,12
update,57803,57817,57821,4,,13
inbound,57815,57830,57834,4,,15
update,57814,57829,57835,6,,14
update,57825,57840,57843,3,,0
update,57836,57851,57854,3,,1
update,57847,57862,57865,3,,2
update,57858,57872,57876,4,,3
update,57869,57884,57887,3,,4
update,57880,57895,57898,3,,5
update,57891,57906,57909,3,,6
update,57902,57916,57919,3,,7
update,57913,57928,57930,2,,8
update,57924,57938,57941,3,,9
inbound,58000,58014,58017,3,,11
update,58000,58014,58017,3,,10
update,58011,58026,58029,3,,12
update,58022,58037,58040,3,,13
inbound,58025,58040,58043,3,,14
update,58033,58048,58051,3,,15
update,58044,58058,58061,3,,0
update,58055,58070,58073,3,,1
update,58066,58081,58084,3,,2
update,58077,58092,58095,3,,3
update,58088,58102,58105,3,,4
update,58099,58114,58117,3,,5
inbound,58100,58115,58118,3,,6
update,58110,58125,58128,3,,7
update,58121,58136,58139,3,,8
update,58132,58147,58150,3,,9
update,58143,58157,58160,3,,10
update,58154,58169,58172,3,,11
inbound,58155,58169,58172,3,,12
update,58165,58180,58182,2,,13
update,58176,58190,58193,3,,14
update,58187,58201,58204,3,,15
update,58198,58212,58215,3,,0
inbound,58200,58215,58217,2,,1
update,58209,58224,58226,2,,2
inbound,58210,58225,58227,2,,3
update,58220,58235,58237,2,,4
inbound,58225,58240,58242,2,,5
update,58231,58246,58248,2,,6
update,58242,58256,58259,3,,7
update,58253,58268,58271,3,,8
inbound,58265,58279,58282,3,,10
update,58264,58279,58282,3,,9
update,58275,58289,58292,3,,11
update,58286,58301,58304,3,,12
update,58297,58311,58314,3,,13
update,58308,58323,58326,3,,14
update,58319,58334,58337,3,,15
inbound,58320,58334,58337,3,,0
update,58330,58345,58348,3,,1
update,58341,58355,58359,4,,2
update,58352,58367,58369,2,,3
update,58363,58378,58381,3,,4
inbound,58375,58389,58391,2,,6
update,58374,58389,58392,3,,5
update,58385,58400,58403,3,,7
update,58396,58411,58414,3,,8
inbound,58400,58415,58417,2,,9
update,58407,58421,58424,3,,10
update,58418,58432,58435,3,,11
inbound,58425,58440,58443,3,,12
inbound,58430,58444,58446,2,,14
update,58429,58444,58446,2,,13
update,58440,58455,58457,2,,15
update,58451,58466,58468,2,,0
update,58462,58477,58479,2,,1
update,58473,58487,58490,3,,2
update,58484,58499,58502,3,,3
inbound,58485,58500,58503,3,,4
update,58495,58510,58513,3,,5
update,58506,58520,58523,3,,6
update,58517,58531,58534,3,,7
update,58528,58542,58546,4,,8
update,58539,58554,58557,3,,9
inbound,58540,58554,58557,3,,10
update,58550,58565,58568,3,,11
update,58561,58576,58578,2,,12
update,58572,58587,58590,3,,13
update,58583,58598,58601,3,,14
update,58594,58609,58613,4,,15
inbound,58595,58609,58613,4,,0
update,58605,58620,58623,3,,1
update,58616,58631,58634,3,,2
update,58627,58642,58645,3,,3
update,58638,58653,58656,3,,4
update,58649,58664,58667,3,,5
inbound,58650,58665,58668,3,,6
update,58660,58674,58677,3,,7
update,58671,58685,58688,3,,8
update,58682,58697,58699,2,,9
update,58693,58707,58710,3,,10
update,58704,58718,58722,4,,11
inbound,58705,58720,58723,3,,12
update,58715,58730,58733,3,,13
update,58726,58741,58744,3,,14
update,58737,58752,58755,3,,15
update,58748,58762,58765,3,,0
inbound,58760,58775,58777,2,,2
update,58759,58774,58778,4,,1
update,58770,58785,58787,2,,3
update,58781,58796,58798,2,,4
update,58792,58807,58809,2,,5
update,58803,58818,58821,3,,6
inbound,58815,58829,58831,2,,8
update,58814,58829,58832,3,,7
update,58825,58840,58843,3,,9
update,58836,58851,58854,3,,10
update,58847,58861,58864,3,,11
update,58858,58873,58876,3,,12
update,58869,58883,58886,3,,13
update,58880,58895,58898,3,,14
update,58891,58906,58909,3,,15
update,58902,58916,58919,3,,0
update,58913,58927,58930,3,,1
update,58924,58938,58941,3,,2
update,59000,59014,59017,3,,3
inbound,59000,59014,59018,4,,4
update,59011,59026,59028,2,,5
update,59022,59037,59040,3,,6
inbound,59025,59040,59043,3,,7
update,59033,59048,59051,3,,8
update,59044,59059,59062,3,,9
update,59055,59070,59072,2,,10
update,59066,59081,59084,3,,11
update,59077,59092,59094,2,,12
update,59088,59102,59107,5,,13
update,59099,59113,59117,4,,14
inbound,59100,59115,59118,3,,15
update,59110,59125,59128,3,,0
update,59121,59136,59139,3,,1
update,59132,59147,59150,3,,2
update,59143,59158,59161,3,,3
update,59154,59168,59172,4,,4
inbound,59155,59170,59173,3,,5
update,59165,59180,59183,3,,6
update,59176,59191,59194,3,,7
update,59187,59202,59205,3,,8
update,59198,59213,59216,3,,9
inbound,59200,59215,59218,3,,10
update,59209,59224,59227,3,,11
inbound,59210,59225,59228,3,,12
update,59220,59235,59238,3,,13
inbound,59225,59239,59242,3,,14
update,59231,59246,59250,4,,15
update,59242,59257,59260,3,,0
update,59253,59268,59272,4,,1
update,59264,59278,59282,4,,2
inbound,59265,59280,59283,3,,3
update,59275,59289,59292,3,,4
update,59286,59301,59304,3,,5
update,59297,59312,59315,3,,6
update,59308,59322,59325,3,,7
update,59319,59333,59337,4,,8
inbound,59320,59335,59338,3,,9
update,59330,59345,59347,2,,10
update,59341,59355,59358,3,,11
update,59352,59368,59373,5,,12
update,59363,59377,59381,4,,13
update,59374,59388,59392,4,,14
inbound,59375,59390,59393,3,,15
update,59385,59400,59403,3,,0
update,59396,59411,59414,3,,1
inbound,59400,59415,59418,3,,2
update,59407,59421,59424,3,,3
update,59418,59433,59435,2,,4
inbound,59425,59440,59442,2,,5
inbound,59430,59445,59448,3,,7
update,59429,59444,59449,5,,6
update,59440,59455,59458,3,,8
update,59451,59465,59468,3,,9
update,59462,59477,59480,3,,10
update,59473,59488,59491,3,,11
update,59484,59499,59502,3,,12
inbound,59485,59500,59503,3,,13
update,59495,59510,59513,3,,14
update,59506,59520,59523,3,,15
update,59517,59532,59535,3,,0
update,59528,59543,59546,3,,1
update,59539,59554,59557,3,,2
inbound,59540,59555,59558,3,,3
update,59550,59565,59568,3,,4
update,59561,59576,59579,3,,5
update,59572,59587,59590,3,,6
update,59583,59598,59601,3,,7
update,59594,59609,59613,4,,8
inbound,59595,59610,59613,3,,9
update,59605,59620,59622,2,,10
update,59616,59631,59633,2,,11
update,59627,59642,59644,2,,12
update,59638,59653,59656,3,,13
inbound,59650,59664,59668,4,,15
update,59649,59664,59669,5,,14
update,59660,59675,59678,3,,0
update,59671,59686,59689,3,,1
update,59682,59697,59700,3,,2
update,59693,59708,59711,3,,3
update,59704,59718,59722,4,,4
inbound,59705,59719,59723,4,,5
update,59715,59730,59733,3,,6
update,59726,59741,59744,3,,7
update,59737,59752,59755,3,,8
update,59748,59763,59766,3,,9
inbound,59760,59774,59777,3,,11
update,59759,59774,59777,3,,10
update,59770,59784,59788,4,,12
update,59781,59796,59798,2,,13
update,59792,59807,59810,3,,14
update,59803,59818,59821,3,,15
inbound,59815,59829,59831,2,,1
update,59814,59829,59832,3,,0
update,59825,59839,59842,3,,2
update,59836,59850,59853,3,,3
update,59847,59861,59864,3,,4
update,59858,59873,59876,3,,5
update,59869,59883,59886,3,,6
update,59880,59895,59899,4,,7
update,59891,59905,59909,4,,8
update,59902,59917,59920,3,,9
update,59913,59928,59931,3,,10
update,59924,59939,59942,3,,11
update,60000,60014,60018,4,,12
inbound,60000,60016,60019,3,,13
update,60011,60025,60029,4,,14
update,60022,60037,60040,3,,15
inbound,60025,60040,60043,3,,0
update,60033,60048,60050,2,,1
update,60044,60058,60061,3,,2
update,60055,60069,60072,3,,3
update,60066,60081,60083,2,,4
update,60077,60092,60095,3,,5
update,60088,60103,60106,3,,6
update,60099,60114,60117,3,,7
inbound,60100,60116,60119,3,,8
update,60110,60124,60127,3,,9
update,60121,60135,60138,3,,10
update,60132,60147,60150,3,,11
update,60143,60158,60162,4,,12
update,60154,60168,60174,6,,13
inbound,60155,60171,60176,5,,14
update,60165,60180,60184,4,,15
update,60176,60191,60195,4,,0
update,60187,60201,60205,4,,1
update,60198,60213,60216,3,,2
inbound,60200,60215,60219,4,,3
inbound,60210,60225,60229,4,,5
update,60209,60225,60234,9,,4
update,60220,60234,60243,9,,6
inbound,60225,60243,60249,6,,7
update,60231,60246,60252,6,,8
update,60242,60257,60263,6,,9
update,60253,60268,60272,4,,10
update,60264,60278,60282,4,,11
inbound,60265,60281,60287,6,,12
update,60275,60289,60294,5,,13
update,60286,60301,60307,6,,14
update,60297,60312,60315,3,,15
update,60308,60323,60326,3,,0
update,60319,60333,60337,4,,1
inbound,60320,60335,60338,3,,2
update,60330,60344,60347,3,,3
update,60341,60356,60358,2,,4
update,60352,60367,60374,7,,5
update,60363,60377,60381,4,,6
update,60374,60388,60392,4,,7
inbound,60375,60391,60394,3,,8
update,60385,60400,60403,3,,9
update,60396,60410,60413,3,,10
inbound,60400,60416,60419,3,,11
update,60407,60422,60424,2,,12
update,60418,60432,60435,3,,13
inbound,60425,60441,60443,2,,14
update,60429,60443,60446,3,,15
inbound,60430,60445,60448,3,,0
update,60440,60455,60458,3,,1
update,60451,60465,60469,4,,2
update,60462,60476,60480,4,,3
update,60473,60488,60491,3,,4
inbound,60485,60501,60505,4,,6
update,60484,60499,60505,6,,5
update,60495,60510,60512,2,,7
update,60506,60521,60523,2,,8
update,60517,60532,60535,3,,9
update,60528,60543,60546,3,,10
update,60539,60554,60556,2,,11
inbound,60540,60556,60559,3,,12
update,60550,60564,60567,3,,13
update,60561,60576,60579,3,,14
update,60572,60587,60590,3,,15
update,60583,60597,60600,3,,0
update,60594,60609,60612,3,,1
inbound,60595,60611,60615,4,,2
update,60605,60619,60622,3,,3
update,60616,60631,60634,3,,4
update,60627,60642,60645,3,,5
update,60638,60652,60656,4,,6
update,60649,60664,60667,3,,7
inbound,60650,60666,60669,3,,8
update,60660,60674,60677,3,,9
update,60671,60686,60689,3,,10
update,60682,60697,60699,2,,11
update,60693,60708,60711,3,,12
update,60704,60718,60722,4,,13
inbound,60705,60720,60724,4,,14
update,60715,60729,60732,3,,15
update,60726,60741,60744,3,,0
update,60737,60752,60755,3,,1
update,60748,60763,60766,3,,2
update,60759,60774,60778,4,,3
inbound,60760,60776,60778,2,,4
update,60770,60784,60787,3,,5
update,60781,60795,60798,3,,6
update,60792,60807,60809,2,,7
update,60803,60818,60820,2,,8
update,60814,60829,60832,3,,9
inbound,60815,60831,60833,2,,10
update,60825,60840,60843,3,,11
update,60836,60851,60854,3,,12
update,60847,60862,60865,3,,13
update,60858,60872,60875,3,,14
update,60869,60884,60887,3,,15
update,60880,60896,60899,3,,0
update,60891,60906,60909,3,,1
update,60902,60917,60920,3,,2
update,60913,60929,60932,3,,3
update,60924,60940,60942,2,,4
update,61000,61016,61019,3,,5
inbound,61000,61016,61020,4,,6
update,61011,61027,61029,2,,7
update,61022,61038,61040,2,,8
inbound,61025,61040,61043,3,,9
update,61033,61048,61051,3,,10
update,61044,61060,61063,3,,11
update,61055,61071,61074,3,,12
update,61066,61082,61084,2,,13
update,61077,61092,61095,3,,14
update,61088,61103,61106,3,,15
update,61099,61115,61118,3,,0
inbound,61100,61116,61119,3,,1
update,61110,61126,61129,3,,2
update,61121,61137,61139,2,,3
update,61132,61148,61151,3,,4
update,61143,61159,61162,3,,5
update,61154,61169,61172,3,,6
inbound,61155,61170,61174,4,,7
update,61165,61181,61183,2,,8
update,61176,61192,61195,3,,9
update,61187,61203,61208,5,,10
update,61198,61214,61220,6,,11
inbound,61200,61215,61221,6,,12
update,61209,61225,61229,4,,13
inbound,61210,61225,61232,7,,14
update,61220,61236,61239,3,,15
inbound,61225,61240,61244,4,,0
update,61231,61247,61252,5,,1
update,61242,61257,61261,4,,2
update,61253,61269,61276,7,,3
inbound,61265,61281,61285,4,,5
update,61264,61279,61286,7,,4
update,61275,61290,61294,4,,6
update,61286,61301,61305,4,,7
update,61297,61312,61316,4,,8
update,61308,61324,61328,4,,9
update,61319,61335,61339,4,,10
inbound,61320,61335,61340,5,,11
update,61330,61346,61349,3,,12
update,61341,61357,61360,3,,13
update,61352,61368,61370,2,,14
update,61363,61378,61384,6,,15
update,61374,61389,61393,4,,0
inbound,61375,61392,61396,4,,1
update,61385,61401,61403,2,,2
update,61396,61412,61415,3,,3
inbound,61400,61415,61418,3,,4
update,61407,61423,61426,3,,5
update,61418,61434,61437,3,,6
inbound,61425,61441,61444,3,,7
update,61429,61445,61448,3,,8
inbound,61430,61445,61449,4,,9
update,61440,61456,61459,3,,10
update,61451,61466,61469,3,,11
update,61462,61478,61481,3,,12
update,61473,61488,61491,3,,13
inbound,61485,61500,61503,3,,15
update,61484,61500,61503,3,,14
update,61495,61510,61513,3,,0
update,61506,61522,61525,3,,1
update,61517,61533,61535,2,,2
update,61528,61543,61546,3,,3
update,61539,61554,61557,3,,4
inbound,61540,61555,61558,3,,5
update,61550,61565,61568,3,,6
update,61561,61576,61579,3,,7
update,61572,61588,61591,3,,8
update,61583,61599,61602,3,,9
update,61594,61610,61613,3,,10
inbound,61595,61611,61614,3,,11
update,61605,61621,61624,3,,12
update,61616,61631,61634,3,,13
update,61627,61643,61645,2,,14
update,61638,61654,61656,2,,15
inbound,61650,61665,61668,3,,1
update,61649,61665,61670,5,,0
update,61660,61675,61678,3,,2
update,61671,61686,61689,3,,3
update,61682,61698,61701,3,,4
update,61693,61708,61711,3,,5
update,61704,61720,61723,3,,6
inbound,61705,61720,61724,4,,7
update,61715,61731,61734,3,,8
update,61726,61742,61745,3,,9
update,61737,61753,61755,2,,10
update,61748,61764,61767,3,,11
inbound,61760,61775,61777,2,,13
update,61759,61774,61778,4,,12
update,61770,61785,61788,3,,14
update,61781,61797,61799,2,,15
update,61792,61807,61810,3,,0
update,61803,61819,61822,3,,1
inbound,61815,61830,61832,2,,3
update,61814,61830,61833,3,,2
update,61825,61840,61843,3,,4
update,61836,61852,61855,3,,5
update,61847,61863,61866,3,,6
update,61858,61874,61877,3,,7
update,61869,61885,61888,3,,8
update,61880,61896,61899,3,,9
update,61891,61907,61909,2,,10
update,61902,61918,61921,3,,11
update,61913,61929,61931,2,,12
update,61924,61939,61943,4,,13
update,62000,62015,62018,3,,14
inbound,62000,62015,62018,3,,15
update,62011,62027,62030,3,,0
update,62022,62038,62041,3,,1
inbound,62025,62041,62043,2,,2
update,62033,62048,62051,3,,3
update,62044,62059,62062,3,,4
update,62055,62071,62073,2,,5
update,62066,62082,62084,2,,6
update,62077,62092,62095,3,,7
update,62088,62104,62107,3,,8
update,62099,62115,62118,3,,9
inbound,62100,62116,62119,3,,10
update,62110,62125,62128,3,,11
update,62121,62137,62139,2,,12
update,62132,62148,62150,2,,13
update,62143,62159,62161,2,,14
update,62154,62170,62172,2,,15
inbound,62155,62171,62174,3,,0
update,62165,62181,62183,2,,1
update,62176,62191,62194,3,,2
update,62187,62203,62206,3,,3
update,62198,62214,62217,3,,4
inbound,62200,62215,62218,3,,5
update,62209,62224,62227,3,,6
inbound,62210,62224,62227,3,,7
update,62220,62236,62238,2,,8
inbound,62225,62240,62243,3,,9
update,62231,62247,62250,3,,10
update,62242,62258,62261,3,,11
update,62253,62268,62271,3,,12
update,62264,62279,62282,3,,13
inbound,62265,62279,62283,4,,14
update,62275,62291,62293,2,,15
update,62286,62302,62304,2,,0
update,62297,62313,62316,3,,1
update,62308,62323,62326,3,,2
update,62319,62334,62337,3,,3
inbound,62320,62336,62339,3,,4
update,62330,62346,62348,2,,5
update,62341,62356,62359,3,,6
update,62352,62368,62370,2,,7
update,62363,62378,62382,4,,8
update,62374,62390,62394,4,,9
inbound,62375,62390,62394,4,,10
update,62385,62401,62404,3,,11
update,62396,62412,62415,3,,12
inbound,62400,62416,62419,3,,13
update,62407,62423,62425,2,,14
update,62418,62433,62436,3,,15
inbound,62425,62441,62443,2,,0
update,62429,62444,62447,3,,1
inbound,62430,62444,62447,3,,2
update,62440,62456,62458,2,,3
update,62451,62467,62470,3,,4
update,62462,62478,62480,2,,5
update,62473,62489,62491,2,,6
update,62484,62499,62502,3,,7
inbound,62485,62500,62503,3,,8
update,62495,62511,62513,2,,9
update,62506,62522,62524,2,,10
update,62517,62533,62535,2,,11
update,62528,62544,62547,3,,12
update,62539,62555,62558,3,,13
inbound,62540,62555,62558,3,,14
update,62550,62566,62569,3,,15
update,62561,62577,62580,3,,0
update,62572,62587,62590,3,,1
update,62583,62598,62601,3,,2
inbound,62595,62609,62613,4,,4
update,62594,62609,62613,4,,3
update,62605,62620,62623,3,,5
update,62616,62631,62634,3,,6
update,62627,62643,62646,3,,7
update,62638,62654,62657,3,,8
update,62649,62665,62668,3,,9
inbound,62650,62665,62668,3,,10
update,62660,62675,62678,3,,11
update,62671,62686,62689,3,,12
update,62682,62698,62700,2,,13
update,62693,62709,62711,2,,14
update,62704,62719,62721,2,,15
inbound,62705,62721,62724,3,,0
update,62715,62731,62734,3,,1
update,62726,62742,62745,3,,2
update,62737,62753,62756,3,,3
update,62748,62764,62767,3,,4
update,62759,62775,62778,3,,5
inbound,62760,62776,62778,2,,6
update,62770,62786,62789,3,,7
update,62781,62797,62800,3,,8
update,62792,62808,62811,3,,9
update,62803,62818,62821,3,,10
inbound,62815,62830,62832,2,,12
update,62814,62830,62832,2,,11
update,62825,62841,62844,3,,13
update,62836,62852,62855,3,,14
update,62847,62863,62866,3,,15
update,62858,62874,62877,3,,0
update,62869,62885,62887,2,,1
update,62880,62896,62899,3,,2
update,62891,62907,62909,2,,3
update,62902,62918,62920,2,,4
update,62913,62929,62931,2,,5
update,62924,62940,62943,3,,6
inbound,63000,63015,63018,3,,8
update,63000,63015,63021,6,,7
update,63011,63027,63029,2,,9
update,63022,63038,63041,3,,10
inbound,63025,63041,63044,3,,11
update,63033,63049,63052,3,,12
update,63044,63060,63063,3,,13
update,63055,63071,63074,3,,14
update,63066,63082,63085,3,,15
update,63077,63093,63096,3,,0
update,63088,63104,63107,3,,1
update,63099,63115,63119,4,,2
inbound,63100,63116,63119,3,,3
update,63110,63126,63129,3,,4
update,63121,63136,63139,3,,5
update,63132,63148,63152,4,,6
update,63143,63159,63161,2,,7
update,63154,63170,63173,3,,8
inbound,63155,63171,63174,3,,9
update,63165,63181,63183,2,,10
update,63176,63192,63195,3,,11
update,63187,63203,63206,3,,12
update,63198,63214,63216,2,,13
inbound,63200,63216,63219,3,,14
inbound,63210,63225,63228,3,,0
update,63209,63225,63229,4,,15
update,63220,63236,63239,3,,1
inbound,63225,63241,63244,3,,2
update,63231,63247,63250,3,,3
update,63242,63258,63262,4,,4
update,63253,63269,63272,3,,5
update,63264,63279,63283,4,,6
inbound,63265,63281,63285,4,,7
update,63275,63290,63293,3,,8
update,63286,63301,63304,3,,9
update,63297,63312,63315,3,,10
update,63308,63323,63326,3,,11
update,63319,63335,63338,3,,12
inbound,63320,63335,63339,4,,13
update,63330,63346,63349,3,,14
update,63341,63357,63360,3,,15
update,63352,63368,63371,3,,0
update,63363,63379,63382,3,,1
update,63374,63390,63397,7,,2
inbound,63375,63390,63398,8,,3
update,63385,63400,63404,4,,4
update,63396,63412,63415,3,,5
inbound,63400,63416,63418,2,,6
update,63407,63422,63425,3,,7
update,63418,63433,63436,3,,8
inbound,63425,63440,63444,4,,9
update,63429,63445,63448,3,,10
inbound,63430,63445,63449,4,,11
update,63440,63455,63458,3,,12
update,63451,63466,63470,4,,13
update,63462,63477,63480,3,,14
update,63473,63488,63491,3,,15
update,63484,63499,63502,3,,0
inbound,63485,63500,63504,4,,1
update,63495,63511,63514,3,,2
update,63506,63522,63525,3,,3
update,63517,63532,63536,4,,4
update,63528,63544,63547,3,,5
update,63539,63555,63558,3,,6
inbound,63540,63556,63559,3,,7
update,63550,63565,63568,3,,8
update,63561,63577,63580,3,,9
update,63572,63588,63591,3,,10
update,63583,63599,63602,3,,11
update,63594,63609,63613,4,,12
inbound,63595,63611,63615,4,,13
update,63605,63621,63624,3,,14
update,63616,63632,63635,3,,15
update,63627,63643,63646,3,,0
update,63638,63654,63657,3,,1
update,63649,63664,63668,4,,2
inbound,63650,63666,63670,4,,3
update,63660,63676,63680,4,,4
update,63671,63687,63691,4,,5
update,63682,63698,63703,5,,6
update,63693,63709,63712,3,,7
inbound,63705,63721,63724,3,,9
update,63704,63720,63724,4,,8
update,63715,63730,63733,3,,10
update,63726,63741,63744,3,,11
update,63737,63752,63756,4,,12
update,63748,63763,63766,3,,13
update,63759,63775,63778,3,,14
inbound,63760,63776,63779,3,,15
update,63770,63785,63788,3,,0
update,63781,63797,63800,3,,1
update,63792,63808,63811,3,,2
update,63803,63819,63822,3,,3
inbound,63815,63830,63832,2,,5
update,63814,63830,63833,3,,4
update,63825,63841,63844,3,,6
update,63836,63851,63854,3,,7
update,63847,63862,63865,3,,8
update,63858,63873,63876,3,,9
update,63869,63885,63888,3,,10
update,63880,63896,63899,3,,11
update,63891,63907,63910,3,,12
update,63902,63918,63921,3,,13
update,63913,63928,63931,3,,14
update,63924,63939,63942,3,,15
inbound,64000,64016,64020,4,,1
update,64000,64016,64020,4,,0
update,64011,64026,64030,4,,2
update,64022,64038,64041,3,,3
inbound,64025,64041,64044,3,,4
update,64033,64049,64051,2,,5
update,64044,64059,64062,3,,6
update,64055,64071,64074,3,,7
update,64066,64082,64084,2,,8
update,64077,64092,64095,3,,9
update,64088,64104,64107,3,,10
update,64099,64115,64118,3,,11
inbound,64100,64116,64120,4,,12
update,64110,64125,64128,3,,13
update,64121,64137,64140,3,,14
update,64132,64148,64150,2,,15
update,64143,64159,64162,3,,0
update,64154,64170,64173,3,,1
inbound,64155,64171,64175,4,,2
update,64165,64181,64183,2,,3
update,64176,64192,64195,3,,4
update,64187,64202,64205,3,,5
update,64198,64214,64217,3,,6
inbound,64200,64216,64219,3,,7
update,64209,64224,64227,3,,8
inbound,64210,64225,64229,4,,9
update,64220,64235,64238,3,,10
inbound,64225,64240,64243,3,,11
update,64231,64246,64249,3,,12
update,64242,64258,64260,2,,13
update,64253,64268,64271,3,,14
update,64264,64280,64283,3,,15
inbound,64265,64281,64284,3,,0
update,64275,64291,64294,3,,1
update,64286,64302,64304,2,,2
update,64297,64312,64315,3,,3
update,64308,64324,64326,2,,4
update,64319,64334,64339,5,,5
inbound,64320,64336,64340,4,,6
update,64330,64345,64348,3,,7
update,64341,64357,64359,2,,8
update,64352,64367,64370,3,,9
update,64363,64378,64381,3,,10
update,64374,64390,64398,8,,11
inbound,64375,64391,64398,7,,12
update,64385,64400,64404,4,,13
update,64396,64411,64414,3,,14
inbound,64400,64415,64419,4,,15
update,64407,64423,64425,2,,0
update,64418,64434,64437,3,,1
inbound,64425,64441,64444,3,,2
update,64429,64445,64448,3,,3
inbound,64430,64446,64449,3,,4
update,64440,64456,64459,3,,5
update,64451,64466,64470,4,,6
update,64462,64478,64481,3,,7
update,64473,64488,64491,3,,8
update,64484,64499,64503,4,,9
inbound,64485,64500,64504,4,,10
update,64495,64511,64515,4,,11
update,64506,64522,64525,3,,12
update,64517,64533,64535,2,,13
update,64528,64544,64547,3,,14
update,64539,64554,64557,3,,15
inbound,64540,64556,64559,3,,0
update,64550,64566,64569,3,,1
update,64561,64577,64580,3,,2
update,64572,64588,64590,2,,3
update,64583,64599,64601,2,,4
update,64594,64610,64613,3,,5
inbound,64595,64611,64614,3,,6
update,64605,64621,64624,3,,7
update,64616,64632,64635,3,,8
update,64627,64643,64646,3,,9
update,64638,64654,64656,2,,10
update,64649,64664,64667,3,,11
inbound,64650,64665,64670,5,,12
update,64660,64676,64678,2,,13
update,64671,64687,64690,3,,14
update,64682,64697,64700,3,,15
update,64693,64709,64712,3,,0
update,64704,64720,64724,4,,1
inbound,64705,64721,64724,3,,2
update,64715,64731,64733,2,,3
update,64726,64741,64744,3,,4
update,64737,64752,64755,3,,5
update,64748,64764,64767,3,,6
update,64759,64774,64777,3,,7
inbound,64760,64775,64778,3,,8
update,64770,64786,64789,3,,9
update,64781,64796,64800,4,,10
update,64792,64808,64811,3,,11
update,64803,64818,64821,3,,12
update,64814,64829,64832,3,,13
inbound,64815,64830,64832,2,,14
update,64825,64841,64844,3,,15
update,64836,64852,64855,3,,0
update,64847,64863,64866,3,,1
update,64858,64874,64877,3,,2
update,64891,64907,64918,11,,5
update,64869,64885,64918,33,,3
update,64880,64895,64919,24,,4
update,64902,64917,64921,4,,6
update,64924,64940,64965,25,,8
update,64913,64929,64965,36,,7
inbound,65000,65016,65019,3,,10
update,65000,65015,65020,5,,9
update,65011,65027,65030,3,,11
update,65022,65038,65040,2,,12
inbound,65025,65040,65043,3,,13
update,65033,65048,65051,3,,14
update,65044,65060,65063,3,,15
update,65055,65071,65073,2,,0
update,65066,65082,65084,2,,1
update,65077,65092,65096,4,,2
update,65088,65104,65107,3,,3
update,65099,65115,65118,3,,4
inbound,65100,65116,65120,4,,5
update,65110,65126,65129,3,,6
update,65121,65136,65139,3,,7
update,65132,65148,65151,3,,8
update,65143,65159,65162,3,,9
inbound,65155,65171,65174,3,,11
update,65154,65170,65174,4,,10
update,65165,65181,65184,3,,12
update,65176,65191,65194,3,,13
update,65187,65203,65206,3,,14
update,65198,65214,65217,3,,15
inbound,65200,65216,65219,3,,0
update,65209,65225,65227,2,,1
inbound,65210,65226,65229,3,,2
update,65220,65236,65238,2,,3
inbound,65225,65241,65243,2,,4
update,65231,65246,65249,3,,5
update,65242,65258,65261,3,,6
update,65253,65269,65272,3,,7
update,65264,65279,65283,4,,8
inbound,65265,65281,65284,3,,9
update,65275,65291,65294,3,,10
update,65286,65302,65305,3,,11
update,65297,65313,65316,3,,12
update,65308,65323,65327,4,,13
inbound,65320,65336,65341,5,,15
update,65319,65335,65341,6,,14
update,65330,65346,65349,3,,0
update,65341,65357,65360,3,,1
update,65352,65368,65370,2,,2
update,65363,65379,65381,2,,3
update,65374,65390,65393,3,,4
inbound,65375,65391,65396,5,,5
update,65385,65400,65405,5,,6
update,65396,65412,65415,3,,7
inbound,65400,65415,65420,5,,8
update,65407,65422,65425,3,,9
update,65418,65433,65436,3,,10
inbound,65425,65441,65443,2,,11
update,65429,65444,65448,4,,12
inbound,65430,65445,65448,3,,13
update,65440,65456,65459,3,,14
update,65451,65467,65470,3,,15
update,65462,65478,65480,2,,0
update,65473,65488,65491,3,,1
update,65484,65500,65503,3,,2
inbound,65485,65501,65504,3,,3
update,65495,65511,65513,2,,4
update,65506,65521,65524,3,,5
update,65517,65533,65535,2,,6
update,65528,65543,65546,3,,7
update,65539,65555,65558,3,,8
inbound,65540,65556,65559,3,,9
update,65550,65566,65569,3,,10
update,65561,65577,65579,2,,11
update,65572,65588,65591,3,,12
update,65583,65599,65602,3,,13
update,65594,65609,65613,4,,14
inbound,65595,65611,65614,3,,15
update,65605,65621,65623,2,,0
update,65616,65632,65635,3,,1
update,65627,65643,65645,2,,2
update,65638,65653,65657,4,,3
update,65649,65665,65668,3,,4
inbound,65650,65666,65670,4,,5
update,65660,65675,65678,3,,6
update,65671,65687,65689,2,,7
update,65682,65698,65702,4,,8
update,65693,65708,65711,3,,9
update,65704,65719,65723,4,,10
inbound,65705,65720,65724,4,,11
update,65715,65730,65733,3,,12
update,65726,65741,65744,3,,13
update,65737,65752,65755,3,,14
update,65748,65764,65767,3,,15
update,65759,65774,65778,4,,0
inbound,65760,65775,65778,3,,1
update,65770,65786,65788,2,,2
update,65781,65796,65799,3,,3
update,65792,65807,65810,3,,4
update,65803,65819,65822,3,,5
update,65814,65830,65833,3,,6
inbound,65815,65831,65833,2,,7
update,65825,65840,65843,3,,8
update,65836,65852,65855,3,,9
update,65847,65863,65866,3,,10
update,65858,65874,65877,3,,11
update,65869,65884,65887,3,,12
update,65880,65896,65899,3,,13
update,65891,65907,65910,3,,14
update,65902,65917,65920,3,,15
update,65913,65929,65932,3,,0
update,65924,65940,65942,2,,1
update,66000,66016,66019,3,,2
inbound,66000,66016,66020,4,,3
update,66011,66027,66029,2,,4
update,66022,66037,66040,3,,5
inbound,66025,66041,66044,3,,6
update,66033,66049,66052,3,,7
update,66044,66060,66064,4,,8
update,66055,66070,66074,4,,9
update,66066,66081,66084,3,,10
update,66077,66093,66096,3,,11
update,66088,66103,66107,4,,12
update,66099,66115,66119,4,,13
inbound,66100,66116,66121,5,,14
update,66110,66126,66129,3,,15
update,66121,66137,66140,3,,0
update,66132,66148,66151,3,,1
update,66143,66159,66161,2,,2
update,66154,66170,66173,3,,3
inbound,66155,66172,66175,3,,4
update,66165,66181,66183,2,,5
update,66176,66191,66194,3,,6
update,66187,66202,66205,3,,7
update,66198,66213,66216,3,,8
inbound,66200,66216,66219,3,,9
update,66209,66225,66228,3,,10
inbound,66210,66226,66229,3,,11
update,66220,66235,66238,3,,12
inbound,66225,66241,66244,3,,13
update,66231,66247,66250,3,,14
update,66242,66258,66261,3,,15
update,66253,66269,66272,3,,0
update,66264,66280,66283,3,,1
inbound,66265,66282,66285,3,,2
update,66275,66290,66293,3,,3
update,66286,66302,66305,3,,4
update,66297,66313,66316,3,,5
update,66308,66324,66327,3,,6
update,66319,66335,66338,3,,7
inbound,66320,66336,66339,3,,8
update,66330,66346,66348,2,,9
update,66341,66357,66359,2,,10
update,66352,66367,66370,3,,11
update,66363,66379,66382,3,,12
update,66374,66390,66392,2,,13
inbound,66375,66392,66395,3,,14
update,66385,66401,66405,4,,15
update,66396,66412,66415,3,,0
inbound,66400,66416,66419,3,,1
update,66407,66422,66425,3,,2
update,66418,66434,66437,3,,3
inbound,66425,66442,66445,3,,4
update,66429,66445,66449,4,,5
inbound,66430,66446,66450,4,,6
update,66440,66456,66459,3,,7
update,66451,66467,66470,3,,8
update,66462,66478,66481,3,,9
update,66473,66489,66491,2,,10
update,66484,66500,66502,2,,11
inbound,66485,66502,66505,3,,12
update,66495,66511,66513,2,,13
update,66506,66522,66524,2,,14
update,66517,66533,66536,3,,15
update,66528,66544,66547,3,,0
update,66539,66554,66557,3,,1
inbound,66540,66557,66559,2,,2
update,66550,66565,66568,3,,3
update,66561,66577,66580,3,,4
update,66572,66588,66591,3,,5
update,66583,66599,66602,3,,6
update,66594,66610,66613,3,,7
inbound,66595,66612,66615,3,,8
update,66605,66620,66623,3,,9
update,66616,66631,66634,3,,10
update,66627,66642,66645,3,,11
update,66638,66653,66656,3,,12
update,66649,66664,66668,4,,13
inbound,66650,66667,66669,2,,14
update,66660,66676,66678,2,,15
update,66671,66686,66689,3,,0
update,66682,66697,66700,3,,1
update,66693,66709,66712,3,,2
update,66704,66719,66722,3,,3
inbound,66705,66721,66724,3,,4
update,66715,66731,66734,3,,5
update,66726,66742,66745,3,,6
update,66737,66753,66756,3,,7
update,66748,66764,66766,2,,8
update,66759,66775,66779,4,,9
inbound,66760,66777,66779,2,,10
update,66770,66786,66789,3,,11
update,66781,66798,66801,3,,12
update,66792,66808,66812,4,,13
update,66803,66820,66823,3,,14
inbound,66815,66831,66833,2,,0
update,66814,66831,66834,3,,15
update,66825,66841,66844,3,,1
update,66836,66853,66855,2,,2
update,66847,66863,66866,3,,3
update,66858,66875,66878,3,,4
update,66869,66886,66889,3,,5
update,66880,66897,66900,3,,6
update,66891,66908,66911,3,,7
update,66902,66919,66922,3,,8
update,66913,66930,66933,3,,9
update,66924,66941,66944,3,,10
update,67000,67017,67020,3,,11
inbound,67000,67017,67020,3,,12
update,67011,67027,67030,3,,13
update,67022,67039,67042,3,,14
inbound,67025,67042,67045,3,,15
update,67033,67049,67052,3,,0
update,67044,67061,67064,3,,1
update,67055,67072,67075,3,,2
update,67066,67082,67086,4,,3
update,67077,67094,67097,3,,4
update,67088,67105,67107,2,,5
update,67099,67116,67119,3,,6
inbound,67100,67117,67120,3,,7
update,67110,67127,67129,2,,8
update,67121,67138,67140,2,,9
update,67132,67149,67151,2,,10
update,67143,67159,67162,3,,11
update,67154,67170,67173,3,,12
inbound,67155,67172,67175,3,,13
update,67165,67182,67185,3,,14
update,67176,67193,67196,3,,15
update,67187,67203,67207,4,,0
update,67198,67214,67217,3,,1
inbound,67200,67216,67221,5,,2
inbound,67210,67227,67230,3,,4
update,67209,67226,67230,4,,3
update,67220,67236,67239,3,,5
inbound,67225,67241,67244,3,,6
update,67231,67248,67251,3,,7
update,67242,67258,67262,4,,8
update,67253,67270,67273,3,,9
update,67264,67281,67287,6,,10
inbound,67265,67282,67287,5,,11
update,67275,67291,67294,3,,12
update,67286,67303,67306,3,,13
update,67297,67314,67317,3,,14
update,67308,67324,67327,3,,15
update,67319,67336,67338,2,,0
inbound,67320,67337,67341,4,,1
update,67330,67347,67351,4,,2
update,67341,67358,67362,4,,3
update,67352,67369,67373,4,,4
update,67363,67379,67382,3,,5
inbound,67375,67392,67397,5,,7
update,67374,67391,67399,8,,6
update,67385,67401,67410,9,,8
update,67396,67413,67418,5,,9
inbound,67400,67417,67421,4,,10
update,67407,67424,67427,3,,11
update,67418,67434,67438,4,,12
inbound,67425,67442,67445,3,,13
update,67429,67446,67449,3,,14
inbound,67430,67447,67451,4,,15
update,67440,67457,67459,2,,0
update,67451,67467,67470,3,,1
update,67462,67479,67481,2,,2
update,67473,67489,67492,3,,3
update,67484,67501,67505,4,,4
inbound,67485,67502,67505,3,,5
update,67495,67511,67514,3,,6
update,67506,67522,67529,7,,7
update,67517,67533,67537,4,,8
update,67528,67544,67548,4,,9
update,67539,67555,67559,4,,10
inbound,67540,67558,67561,3,,11
update,67550,67566,67571,5,,12
update,67561,67577,67580,3,,13
update,67572,67589,67592,3,,14
update,67583,67599,67602,3,,15
update,67594,67611,67614,3,,0
inbound,67595,67612,67616,4,,1
update,67605,67621,67625,4,,2
update,67616,67632,67636,4,,3
update,67627,67644,67646,2,,4
update,67638,67655,67657,2,,5
update,67649,67665,67668,3,,6
inbound,67650,67668,67671,3,,7
update,67660,67676,67679,3,,8
update,67671,67688,67691,3,,9
update,67682,67699,67701,2,,10
update,67693,67709,67712,3,,11
update,67704,67721,67724,3,,12
inbound,67705,67723,67726,3,,13
update,67715,67731,67734,3,,14
update,67726,67743,67746,3,,15
update,67737,67754,67756,2,,0
update,67748,67765,67767,2,,1
update,67759,67776,67780,4,,2
inbound,67760,67778,67780,2,,3
update,67770,67786,67790,4,,4
update,67781,67797,67800,3,,5
update,67792,67809,67812,3,,6
update,67803,67820,67822,2,,7
update,67814,67831,67835,4,,8
inbound,67815,67833,67835,2,,9
update,67825,67842,67845,3,,10
update,67836,67853,67855,2,,11
update,67847,67863,67866,3,,12
update,67858,67874,67878,4,,13
update,67869,67886,67890,4,,14
update,67880,67896,67902,6,,15
update,67891,67908,67912,4,,0
update,67902,67919,67923,4,,1
update,67913,67930,67933,3,,2
update,67924,67941,67945,4,,3
inbound,68000,68018,68021,3,,5
update,68000,68018,68021,3,,4
update,68011,68028,68032,4,,6
update,68022,68040,68042,2,,7
inbound,68025,68043,68045,2,,8
update,68033,68050,68053,3,,9
update,68044,68061,68064,3,,10
update,68055,68073,68076,3,,11
update,68066,68084,68086,2,,12
update,68077,68094,68097,3,,13
update,68088,68106,68109,3,,14
update,68099,68117,68120,3,,15
inbound,68100,68118,68123,5,,0
update,68110,68127,68130,3,,1
update,68121,68139,68142,3,,2
update,68132,68150,68152,2,,3
update,68143,68161,68163,2,,4
update,68154,68172,68180,8,,5
inbound,68155,68173,68180,7,,6
update,68165,68183,68186,3,,7
update,68176,68194,68197,3,,8
update,68187,68205,68207,2,,9
update,68198,68215,68219,4,,10
inbound,68200,68217,68221,4,,11
update,68209,68226,68230,4,,12
inbound,68210,68227,68231,4,,13
update,68220,68238,68241,3,,14
inbound,68225,68242,68245,3,,15
update,68231,68248,68254,6,,0
update,68242,68260,68263,3,,1
update,68253,68271,68273,2,,2
update,68264,68282,68285,3,,3
inbound,68265,68283,68287,4,,4
update,68275,68293,68296,3,,5
update,68286,68303,68307,4,,6
update,68297,68315,68318,3,,7
update,68308,68326,68329,3,,8
update,68319,68337,68341,4,,9
inbound,68320,68338,68341,3,,10
update,68330,68348,68351,3,,11
update,68341,68359,68362,3,,12
update,68352,68370,68373,3,,13
update,68363,68381,68384,3,,14
update,68374,68391,68395,4,,15
inbound,68375,68393,68396,3,,0
update,68385,68403,68406,3,,1
update,68396,68414,68420,6,,2
inbound,68400,68418,68424,6,,3
update,68407,68425,68430,5,,4
update,68418,68435,68438,3,,5
inbound,68425,68443,68445,2,,6
update,68429,68447,68450,3,,7
inbound,68430,68448,68451,3,,8
update,68440,68457,68460,3,,9
update,68451,68469,68473,4,,10
update,68462,68479,68483,4,,11
update,68473,68491,68494,3,,12
update,68484,68501,68504,3,,13
inbound,68485,68503,68506,3,,14
update,68495,68512,68514,2,,15
update,68506,68523,68526,3,,0
update,68517,68534,68538,4,,1
update,68528,68546,68548,2,,2
update,68539,68557,68560,3,,3
inbound,68540,68558,68561,3,,4
update,68550,68568,68571,3,,5
update,68561,68579,68582,3,,6
update,68572,68589,68592,3,,7
update,68583,68600,68603,3,,8
update,68594,68612,68615,3,,9
inbound,68595,68613,68616,3,,10
update,68605,68622,68625,3,,11
update,68616,68634,68636,2,,12
update,68627,68645,68648,3,,13
update,68638,68656,68659,3,,14
update,68649,68666,68669,3,,15
inbound,68650,68667,68670,3,,0
update,68660,68678,68686,8,,1
update,68671,68688,68692,4,,2
update,68682,68700,68708,8,,3
update,68693,68711,68717,6,,4
update,68704,68722,68729,7,,5
inbound,68705,68723,68730,7,,6
update,68715,68733,68736,3,,7
update,68726,68743,68746,3,,8
update,68737,68755,68758,3,,9
update,68748,68765,68768,3,,10
inbound,68760,68778,68781,3,,12
update,68759,68777,68781,4,,11
update,68770,68787,68790,3,,13
update,68781,68799,68802,3,,14
update,68792,68810,68812,2,,15
update,68803,68821,68824,3,,0
update,68814,68831,68834,3,,1
inbound,68815,68832,68835,3,,2
update,68825,68843,68845,2,,3
update,68836,68854,68856,2,,4
update,68847,68865,68867,2,,5
update,68858,68875,68878,3,,6
update,68869,68887,68890,3,,7
update,68880,68898,68900,2,,8
update,68891,68909,68912,3,,9
update,68902,68919,68922,3,,10
update,68913,68931,68933,2,,11
update,68924,68941,68944,3,,12
update,69000,69018,69021,3,,13
inbound,69000,69018,69022,4,,14
update,69011,69029,69032,3,,15
update,69022,69039,69042,3,,0
inbound,69025,69042,69045,3,,1
update,69033,69051,69054,3,,2
update,69044,69062,69064,2,,3
update,69055,69073,69076,3,,4
update,69066,69083,69086,3,,5
update,69077,69094,69097,3,,6
update,69088,69105,69108,3,,7
update,69099,69117,69120,3,,8
inbound,69100,69117,69120,3,,9
update,69110,69128,69130,2,,10
update,69121,69139,69141,2,,11
update,69132,69150,69153,3,,12
update,69143,69161,69164,3,,13
update,69154,69171,69174,3,,14
inbound,69155,69172,69176,4,,15
update,69165,69183,69186,3,,0
update,69176,69194,69198,4,,1
update,69187,69205,69208,3,,2
update,69198,69216,69219,3,,3
inbound,69200,69218,69221,3,,4
update,69209,69227,69230,3,,5
inbound,69210,69228,69231,3,,6
update,69220,69237,69240,3,,7
inbound,69225,69242,69245,3,,8
update,69231,69249,69252,3,,9
update,69242,69260,69263,3,,10
update,69253,69270,69273,3,,11
update,69264,69281,69285,4,,12
inbound,69265,69282,69285,3,,13
update,69275,69292,69296,4,,14
update,69286,69304,69307,3,,15
update,69297,69314,69317,3,,0
update,69308,69326,69329,3,,1
update,69319,69336,69339,3,,2
inbound,69320,69337,69340,3,,3
update,69330,69348,69350,2,,4
update,69341,69358,69361,3,,5
update,69352,69370,69373,3,,6
update,69363,69381,69384,3,,7
update,69374,69392,69396,4,,8
inbound,69375,69392,69396,4,,9
update,69385,69402,69405,3,,10
update,69396,69414,69421,7,,11
inbound,69400,69417,69421,4,,12
update,69407,69424,69428,4,,13
update,69418,69436,69439,3,,14
inbound,69425,69442,69445,3,,15
inbound,69430,69447,69450,3,,1
update,69429,69447,69450,3,,0
update,69440,69458,69461,3,,2
update,69451,69468,69471,3,,3
update,69462,69480,69483,3,,4
update,69473,69490,69493,3,,5
update,69484,69502,69505,3,,6
inbound,69485,69503,69506,3,,7
update,69495,69513,69515,2,,8
update,69506,69524,69527,3,,9
update,69517,69534,69537,3,,10
update,69528,69546,69549,3,,11
update,69539,69557,69561,4,,12
inbound,69540,69558,69562,4,,13
update,69550,69568,69570,2,,14
update,69561,69579,69582,3,,15
update,69572,69590,69593,3,,0
update,69583,69600,69603,3,,1
update,69594,69611,69614,3,,2
inbound,69595,69612,69615,3,,3
update,69605,69623,69625,2,,4
update,69616,69634,69637,3,,5
update,69627,69645,69648,3,,6
update,69638,69656,69658,2,,7
update,69649,69667,69670,3,,8
inbound,69650,69668,69671,3,,9
update,69660,69678,69680,2,,10
update,69671,69688,69691,3,,11
update,69682,69700,69702,2,,12
update,69693,69711,69713,2,,13
update,69704,69721,69724,3,,14
inbound,69705,69723,69726,3,,15
update,69715,69733,69736,3,,0
update,69726,69744,69747,3,,1
update,69737,69755,69757,2,,2
update,69748,69766,69769,3,,3
inbound,69760,69777,69779,2,,5
update,69759,69776,69780,4,,4
update,69770,69788,69790,2,,6
update,69781,69799,69801,2,,7
update,69792,69810,69813,3,,8
update,69803,69821,69823,2,,9
inbound,69815,69832,69835,3,,11
update,69814,69832,69835,3,,10
update,69825,69843,69845,2,,12
update,69836,69853,69856,3,,13
update,69847,69864,69867,3,,14
update,69858,69875,69878,3,,15
update,69869,69887,69889,2,,0
update,69880,69898,69901,3,,1
update,69891,69909,69911,2,,2
update,69902,69919,69922,3,,3
update,69913,69931,69934,3,,4
update,69924,69942,69945,3,,5
update,70000,70018,70021,3,,6
inbound,70000,70018,70022,4,,7
update,70011,70029,70031,2,,8
update,70022,70039,70042,3,,9
inbound,70025,70042,70045,3,,10
update,70033,70051,70054,3,,11
update,70044,70062,70064,2,,12
update,70055,70073,70075,2,,13
update,70066,70084,70086,2,,14
update,70077,70094,70097,3,,15
update,70088,70106,70109,3,,0
update,70099,70117,70120,3,,1
inbound,70100,70117,70120,3,,2
update,70110,70127,70130,3,,3
update,70121,70138,70141,3,,4
update,70132,70150,70153,3,,5
update,70143,70161,70164,3,,6
update,70154,70172,70175,3,,7
inbound,70155,70172,70175,3,,8
update,70165,70183,70185,2,,9
update,70176,70193,70196,3,,10
update,70187,70204,70208,4,,11
update,70198,70216,70219,3,,12
inbound,70200,70218,70221,3,,13
update,70209,70227,70230,3,,14
inbound,70210,70228,70231,3,,15
update,70220,70237,70240,3,,0
inbound,70225,70243,70246,3,,1
update,70231,70249,70251,2,,2
update,70242,70259,70262,3,,3
update,70253,70270,70273,3,,4
update,70264,70282,70285,3,,5
inbound,70265,70283,70286,3,,6
update,70275,70293,70296,3,,7
update,70286,70303,70308,5,,8
update,70297,70314,70318,4,,9
update,70308,70326,70329,3,,10
update,70319,70337,70341,4,,11
inbound,70320,70338,70343,5,,12
update,70330,70348,70351,3,,13
update,70341,70358,70361,3,,14
update,70352,70370,70373,3,,15
update,70363,70381,70385,4,,0
update,70374,70392,70395,3,,1
inbound,70375,70393,70396,3,,2
update,70385,70403,70407,4,,3
update,70396,70414,70423,9,,4
inbound,70400,70418,70423,5,,5
update,70407,70424,70431,7,,6
update,70418,70436,70440,4,,7
inbound,70425,70443,70446,3,,8
update,70429,70447,70450,3,,9
inbound,70430,70448,70450,2,,10
update,70440,70458,70460,2,,11
update,70451,70468,70471,3,,12
update,70462,70479,70482,3,,13
update,70473,70491,70494,3,,14
inbound,70485,70502,70505,3,,0
update,70484,70502,70506,4,,15
update,70495,70513,70516,3,,1
update,70506,70523,70526,3,,2
update,70517,70535,70538,3,,3
update,70528,70546,70549,3,,4
update,70539,70557,70560,3,,5
inbound,70540,70557,70560,3,,6
update,70550,70568,70571,3,,7
update,70561,70578,70580,2,,8
update,70572,70590,70592,2,,9
update,70583,70601,70603,2,,10
inbound,70595,70612,70615,3,,12
update,70594,70612,70615,3,,11
update,70605,70623,70626,3,,13
update,70616,70633,70636,3,,14
update,70627,70644,70647,3,,15
update,70638,70655,70658,3,,0
inbound,70650,70667,70670,3,,2
update,70649,70667,70670,3,,1
update,70660,70677,70680,3,,3
update,70671,70689,70691,2,,4
update,70682,70700,70702,2,,5
update,70693,70711,70713,2,,6
update,70704,70721,70724,3,,7
inbound,70705,70722,70725,3,,8
update,70715,70733,70735,2,,9
update,70726,70744,70746,2,,10
update,70737,70754,70757,3,,11
update,70748,70766,70769,3,,12
inbound,70760,70777,70779,2,,14
update,70759,70777,70780,3,,13
update,70770,70788,70791,3,,15
update,70781,70799,70802,3,,0
update,70792,70810,70812,2,,1
update,70803,70821,70823,2,,2
update,70814,70832,70834,2,,3
inbound,70815,70833,70834,1,,4
update,70825,70843,70845,2,,5
update,70836,70853,70856,3,,6
update,70847,70865,70868,3,,7
update,70858,70876,70879,3,,8
update,70869,70887,70889,2,,9
update,70880,70897,70900,3,,10
update,70891,70908,70911,3,,11
update,70902,70919,70922,3,,12
update,70913,70931,70933,2,,13
update,70924,70941,70944,3,,14
update,71000,71018,71021,3,,15
inbound,71000,71018,71022,4,,0
update,71011,71028,71031,3,,1
update,71022,71040,71042,2,,2
inbound,71025,71042,71045,3,,3
update,71033,71051,71054,3,,4
update,71044,71062,71064,2,,5
update,71055,71072,71075,3,,6
update,71066,71084,71087,3,,7
update,71077,71095,71098,3,,8
update,71088,71105,71108,3,,9
update,71099,71117,71120,3,,10
inbound,71100,71118,71121,3,,11
update,71110,71128,71131,3,,12
update,71121,71139,71141,2,,13
update,71132,71149,71152,3,,14
update,71143,71161,71164,3,,15
update,71154,71171,71174,3,,0
inbound,71155,71172,71176,4,,1
update,71165,71183,71186,3,,2
update,71176,71193,71196,3,,3
update,71187,71205,71208,3,,4
update,71198,71216,71219,3,,5
inbound,71200,71218,71221,3,,6
update,71209,71227,71230,3,,7
inbound,71210,71227,71230,3,,8
update,71220,71238,71240,2,,9
inbound,71225,71242,71245,3,,10
update,71231,71248,71251,3,,11
update,71242,71259,71262,3,,12
update,71253,71271,71273,2,,13
update,71264,71282,71285,3,,14
inbound,71265,71283,71286,3,,15
update,71275,71293,71296,3,,0
update,71286,71304,71309,5,,1
update,71297,71314,71318,4,,2
update,71308,71326,71331,5,,3
inbound,71320,71337,71340,3,,5
update,71319,71336,71342,6,,4
update,71330,71348,71352,4,,6
update,71341,71359,71362,3,,7
update,71352,71370,71374,4,,8
update,71363,71380,71386,6,,9
update,71374,71391,71397,6,,10
inbound,71375,71392,71398,6,,11
update,71385,71403,71408,5,,12
update,71396,71414,71419,5,,13
inbound,71400,71418,71425,7,,14
update,71407,71425,71437,12,,15
update,71418,71437,71450,13,,0
inbound,71425,71442,71450,8,,1
inbound,71430,71448,71458,10,,3
update,71429,71448,71459,11,,2
update,71440,71457,71463,6,,4
update,71451,71468,71473,5,,5
update,71462,71480,71483,3,,6
update,71473,71490,71493,3,,7
update,71484,71502,71505,3,,8
inbound,71485,71503,71506,3,,9
update,71495,71513,71515,2,,10
update,71506,71524,71527,3,,11
update,71517,71535,71538,3,,12
update,71528,71546,71549,3,,13
update,71539,71557,71560,3,,14
inbound,71540,71558,71561,3,,15
update,71550,71567,71571,4,,0
update,71561,71578,71581,3,,1
update,71572,71589,71592,3,,2
update,71583,71600,71603,3,,3
update,71594,71612,71617,5,,4
inbound,71595,71613,71617,4,,5
update,71605,71623,71626,3,,6
update,71616,71634,71636,2,,7
update,71627,71644,71647,3,,8
update,71638,71655,71658,3,,9
update,71649,71666,71670,4,,10
inbound,71650,71668,71671,3,,11
update,71660,71678,71680,2,,12
update,71671,71688,71691,3,,13
update,71682,71700,71702,2,,14
update,71693,71710,71713,3,,15
update,71704,71722,71725,3,,0
inbound,71705,71724,71728,4,,1
update,71715,71733,71736,3,,2
update,71726,71744,71746,2,,3
update,71737,71755,71758,3,,4
update,71748,71765,71768,3,,5
inbound,71760,71777,71780,3,,7
update,71759,71777,71781,4,,6
update,71770,71787,71790,3,,8
update,71781,71798,71801,3,,9
update,71792,71809,71813,4,,10
update,71803,71821,71824,3,,11
update,71814,71831,71834,3,,12
inbound,71815,71833,71835,2,,13
update,71825,71843,71845,2,,14
update,71836,71853,71856,3,,15
update,71847,71865,71867,2,,0
update,71858,71876,71879,3,,1
update,71869,71887,71890,3,,2
update,71880,71898,71901,3,,3
update,71891,71909,71912,3,,4
update,71902,71919,71922,3,,5
update,71913,71931,71934,3,,6
update,71924,71941,71944,3,,7
update,72000,72018,72021,3,,8
inbound,72000,72018,72023,5,,9
update,72011,72028,72031,3,,10
update,72022,72039,72043,4,,11
inbound,72025,72043,72046,3,,12
update,72033,72051,72053,2,,13
update,72044,72061,72064,3,,14
update,72055,72073,72076,3,,15
update,72066,72083,72086,3,,0
update,72077,72095,72098,3,,1
update,72088,72105,72109,4,,2
update,72099,72116,72119,3,,3
inbound,72100,72117,72123,6,,4
update,72110,72128,72131,3,,5
update,72121,72139,72142,3,,6
update,72132,72150,72153,3,,7
update,72143,72161,72164,3,,8
update,72154,72172,72176,4,,9
inbound,72155,72173,72178,5,,10
update,72165,72182,72187,5,,11
update,72176,72193,72197,4,,12
update,72187,72205,72208,3,,13
update,72198,72216,72219,3,,14
inbound,72200,72218,72222,4,,15
update,72209,72227,72231,4,,0
inbound,72210,72228,72233,5,,1
update,72220,72238,72241,3,,2
inbound,72225,72243,72247,4,,3
update,72231,72249,72252,3,,4
update,72242,72260,72263,3,,5
update,72253,72270,72274,4,,6
update,72264,72282,72286,4,,7
inbound,72265,72283,72288,5,,8
update,72275,72293,72296,3,,9
update,72286,72303,72307,4,,10
update,72297,72314,72318,4,,11
update,72308,72326,72329,3,,12
update,72319,72336,72340,4,,13
inbound,72320,72337,72341,4,,14
update,72330,72347,72350,3,,15
update,72341,72358,72362,4,,0
update,72352,72369,72372,3,,1
update,72363,72381,72384,3,,2
update,72374,72391,72395,4,,3
inbound,72375,72393,72398,5,,4
update,72385,72403,72406,3,,5
update,72396,72414,72417,3,,6
inbound,72400,72418,72421,3,,7
update,72407,72425,72428,3,,8
update,72418,72435,72439,4,,9
inbound,72425,72443,72450,7,,10
update,72429,72447,72456,9,,11
inbound,72430,72449,72458,9,,12
update,72440,72457,72463,6,,13
update,72451,72469,72473,4,,14
update,72462,72479,72483,4,,15
update,72473,72490,72494,4,,0
inbound,72485,72502,72507,5,,2
update,72484,72502,72507,5,,1
update,72495,72513,72516,3,,3
update,72506,72524,72528,4,,4
update,72517,72535,72538,3,,5
update,72528,72546,72550,4,,6
update,72539,72557,72560,3,,7
inbound,72540,72558,72561,3,,8
update,72550,72567,72570,3,,9
update,72561,72579,72582,3,,10
update,72572,72590,72593,3,,11
update,72583,72601,72603,2,,12
update,72594,72611,72615,4,,13
inbound,72595,72612,72617,5,,14
update,72605,72622,72625,3,,15
update,72616,72634,72637,3,,0
update,72627,72645,72648,3,,1
update,72638,72656,72659,3,,2
update,72649,72667,72670,3,,3
inbound,72650,72668,72671,3,,4
update,72660,72678,72681,3,,5
update,72671,72689,72692,3,,6
update,72682,72699,72703,4,,7
update,72693,72711,72713,2,,8
update,72704,72721,72724,3,,9
inbound,72705,72722,72725,3,,10
update,72715,72732,72735,3,,11
update,72726,72744,72747,3,,12
update,72737,72755,72757,2,,13
update,72748,72765,72768,3,,14
inbound,72760,72777,72780,3,,0
update,72759,72777,72780,3,,15
update,72770,72787,72790,3,,1
update,72781,72799,72802,3,,2
update,72792,72810,72813,3,,3
update,72803,72821,72824,3,,4
inbound,72815,72833,72835,2,,6
update,72814,72831,72835,4,,5
update,72825,72842,72845,3,,7
update,72836,72853,72856,3,,8
update,72847,72865,72868,3,,9
update,72858,72876,72879,3,,10
update,72869,72887,72890,3,,11
update,72880,72897,72900,3,,12
update,72891,72908,72911,3,,13
update,72902,72920,72922,2,,14
update,72913,72930,72933,3,,15
update,72924,72941,72944,3,,0
inbound,73000,73017,73021,4,,2
update,73000,73017,73023,6,,1
update,73011,73028,73032,4,,3
update,73022,73040,73043,3,,4
inbound,73025,73043,73046,3,,5
update,73033,73051,73054,3,,6
update,73044,73061,73064,3,,7
update,73055,73073,73076,3,,8
update,73066,73084,73087,3,,9
update,73077,73094,73097,3,,10
update,73088,73106,73109,3,,11
update,73099,73117,73120,3,,12
inbound,73100,73118,73122,4,,13
update,73110,73128,73131,3,,14
update,73121,73138,73141,3,,15
update,73132,73150,73153,3,,0
update,73143,73160,73168,8,,1
update,73154,73172,73176,4,,2
inbound,73155,73173,73176,3,,3
update,73165,73183,73186,3,,4
update,73176,73194,73196,2,,5
update,73187,73204,73207,3,,6
update,73198,73216,73219,3,,7
inbound,73200,73217,73221,4,,8
inbound,73210,73227,73230,3,,10
update,73209,73227,73231,4,,9
update,73220,73237,73240,3,,11
inbound,73225,73243,73246,3,,12
update,73231,73248,73251,3,,13
update,73242,73260,73262,2,,14
update,73253,73270,73273,3,,15
inbound,73265,73282,73286,4,,1
update,73264,73282,73287,5,,0
update,73275,73293,73296,3,,2
update,73286,73304,73306,2,,3
update,73297,73314,73317,3,,4
update,73308,73325,73328,3,,5
update,73319,73337,73340,3,,6
inbound,73320,73338,73342,4,,7
update,73330,73348,73350,2,,8
update,73341,73359,73362,3,,9
update,73352,73370,73373,3,,10
update,73363,73381,73384,3,,11
update,73374,73392,73395,3,,12
inbound,73375,73393,73396,3,,13
update,73385,73403,73405,2,,14
update,73396,73414,73417,3,,15
inbound,73400,73418,73420,2,,0
update,73407,73425,73428,3,,1
update,73418,73436,73438,2,,2
inbound,73425,73443,73446,3,,3
update,73429,73447,73451,4,,4
inbound,73430,73448,73452,4,,5
update,73440,73458,73462,4,,6
update,73451,73469,73472,3,,7
update,73462,73480,73483,3,,8
update,73473,73491,73493,2,,9
update,73484,73501,73504,3,,10
inbound,73485,73502,73506,4,,11
update,73495,73512,73515,3,,12
update,73506,73524,73527,3,,13
update,73517,73535,73538,3,,14
update,73528,73546,73549,3,,15
update,73539,73556,73559,3,,0
inbound,73540,73557,73559,2,,1
update,73550,73568,73570,2,,2
update,73561,73579,73582,3,,3
update,73572,73590,73592,2,,4
update,73583,73601,73603,2,,5
update,73594,73612,73615,3,,6
inbound,73595,73613,73617,4,,7
update,73605,73623,73625,2,,8
update,73616,73634,73636,2,,9
update,73627,73645,73648,3,,10
update,73638,73655,73658,3,,11
inbound,73650,73667,73670,3,,13
update,73649,73667,73671,4,,12
update,73660,73678,73681,3,,14
update,73671,73689,73691,2,,15
update,73682,73700,73702,2,,0
update,73693,73711,73714,3,,1
update,73704,73722,73725,3,,2
inbound,73705,73723,73728,5,,3
update,73715,73732,73736,4,,4
update,73726,73743,73747,4,,5
update,73737,73755,73757,2,,6
update,73748,73766,73769,3,,7
update,73759,73777,73781,4,,8
inbound,73760,73778,73781,3,,9
update,73770,73788,73791,3,,10
update,73781,73799,73802,3,,11
update,73792,73809,73812,3,,12
update,73803,73821,73824,3,,13
inbound,73815,73832,73835,3,,15
update,73814,73832,73836,4,,14
update,73825,73842,73845,3,,0
update,73836,73854,73856,2,,1
update,73847,73865,73868,3,,2
update,73858,73876,73879,3,,3
update,73869,73886,73889,3,,4
update,73880,73897,73900,3,,5
update,73891,73909,73911,2,,6
update,73902,73919,73922,3,,7
update,73913,73930,73933,3,,8
update,73924,73942,73945,3,,9
inbound,74000,74018,74022,4,,11
update,74000,74018,74022,4,,10
update,74011,74029,74032,3,,12
update,74022,74040,74043,3,,13
inbound,74025,74043,74045,2,,14
update,74033,74051,74053,2,,15
update,74044,74061,74064,3,,0
update,74055,74072,74075,3,,1
update,74066,74083,74086,3,,2
update,74077,74095,74098,3,,3
update,74088,74106,74109,3,,4
update,74099,74117,74120,3,,5
inbound,74100,74117,74120,3,,6
update,74110,74127,74130,3,,7
update,74121,74139,74142,3,,8
update,74132,74150,74153,3,,9
update,74143,74161,74164,3,,10
update,74154,74172,74175,3,,11
inbound,74155,74172,74175,3,,12
update,74165,74183,74186,3,,13
update,74176,74194,74197,3,,14
update,74187,74204,74207,3,,15
update,74198,74215,74219,4,,0
inbound,74200,74218,74220,2,,1
update,74209,74227,74230,3,,2
inbound,74210,74227,74230,3,,3
update,74220,74237,74240,3,,4
inbound,74225,74242,74245,3,,5
update,74231,74249,74252,3,,6
update,74242,74260,74263,3,,7
update,74253,74271,74274,3,,8
update,74264,74282,74285,3,,9
inbound,74265,74282,74285,3,,10
update,74275,74293,74296,3,,11
update,74286,74304,74307,3,,12
update,74297,74315,74318,3,,13
update,74308,74326,74329,3,,14
update,74319,74336,74340,4,,15
inbound,74320,74338,74340,2,,0
update,74330,74348,74351,3,,1
update,74341,74359,74362,3,,2
update,74352,74370,74372,2,,3
update,74363,74381,74384,3,,4
update,74374,74392,74395,3,,5
inbound,74375,74393,74396,3,,6
update,74385,74402,74405,3,,7
update,74396,74413,74416,3,,8
inbound,74400,74417,74420,3,,9
update,74407,74425,74427,2,,10
update,74418,74435,74438,3,,11
inbound,74425,74442,74445,3,,12
inbound,74430,74447,74450,3,,14
update,74429,74447,74450,3,,13
update,74440,74458,74463,5,,15
update,74451,74469,74473,4,,0
update,74462,74480,74483,3,,1
update,74473,74491,74494,3,,2
inbound,74485,74502,74505,3,,4
update,74484,74502,74505,3,,3
update,74495,74512,74515,3,,5
update,74506,74524,74526,2,,6
update,74517,74534,74537,3,,7
update,74528,74546,74549,3,,8
update,74539,74557,74560,3,,9
inbound,74540,74557,74560,3,,10
update,74550,74567,74570,3,,11
update,74561,74578,74581,3,,12
update,74572,74590,74593,3,,13
update,74583,74601,74604,3,,14
update,74594,74612,74615,3,,15
inbound,74595,74613,74616,3,,0
update,74605,74623,74626,3,,1
update,74616,74633,74637,4,,2
update,74627,74645,74647,2,,3
update,74638,74656,74659,3,,4
update,74649,74667,74670,3,,5
inbound,74650,74668,74671,3,,6
update,74660,74677,74680,3,,7
update,74671,74688,74691,3,,8
update,74682,74699,74702,3,,9
update,74693,74711,74713,2,,10
update,74704,74722,74725,3,,11
inbound,74705,74722,74725,3,,12
update,74715,74733,74736,3,,13
update,74726,74743,74746,3,,14
update,74737,74754,74757,3,,15
update,74748,74766,74769,3,,0
inbound,74760,74777,74779,2,,2
update,74759,74777,74780,3,,1
update,74770,74788,74791,3,,3
update,74781,74798,74801,3,,4
update,74792,74809,74812,3,,5
update,74803,74821,74823,2,,6
update,74814,74832,74835,3,,7
inbound,74815,74832,74835,3,,8
update,74825,74843,74846,3,,9
update,74836,74854,74857,3,,10
update,74847,74865,74868,3,,11
update,74858,74875,74878,3,,12
update,74869,74887,74890,3,,13
update,74880,74898,74901,3,,14
update,74891,74909,74912,3,,15
update,74902,74920,74923,3,,0
update,74913,74931,74934,3,,1
update,74924,74942,74945,3,,2
inbound,75000,75018,75022,4,,4
update,75000,75018,75024,6,,3
update,75011,75029,75032,3,,5
update,75022,75039,75042,3,,6
inbound,75025,75042,75045,3,,7
update,75033,75051,75054,3,,8
update,75044,75062,75065,3,,9
update,75055,75072,75075,3,,10
update,75066,75084,75087,3,,11
update,75077,75095,75097,2,,12
update,75088,75106,75109,3,,13
update,75099,75117,75120,3,,14
inbound,75100,75118,75122,4,,15
update,75110,75128,75131,3,,0
update,75121,75139,75142,3,,1
update,75132,75149,75152,3,,2
update,75143,75161,75163,2,,3
update,75154,75171,75174,3,,4
inbound,75155,75173,75176,3,,5
update,75165,75183,75186,3,,6
update,75176,75194,75197,3,,7
update,75187,75205,75207,2,,8
update,75198,75215,75218,3,,9
inbound,75200,75218,75221,3,,10
update,75209,75227,75230,3,,11
inbound,75210,75228,75231,3,,12
update,75220,75238,75241,3,,13
inbound,75225,75243,75246,3,,14
update,75231,75248,75251,3,,15
update,75242,75259,75262,3,,0
update,75253,75270,75273,3,,1
update,75264,75282,75285,3,,2
inbound,75265,75283,75286,3,,3
update,75275,75293,75296,3,,4
update,75286,75304,75307,3,,5
update,75297,75315,75318,3,,6
update,75308,75326,75333,7,,7
update,75319,75337,75340,3,,8
inbound,75320,75338,75341,3,,9
update,75330,75347,75350,3,,10
update,75341,75359,75362,3,,11
update,75352,75370,75375,5,,12
update,75363,75381,75386,5,,13
inbound,75375,75393,75397,4,,15
update,75374,75391,75399,8,,14
update,75385,75403,75408,5,,0
update,75396,75414,75420,6,,1
inbound,75400,75418,75422,4,,2
update,75407,75425,75428,3,,3
update,75418,75436,75439,3,,4
inbound,75425,75443,75446,3,,5
update,75429,75446,75450,4,,6
inbound,75430,75447,75451,4,,7
update,75440,75458,75462,4,,8
update,75451,75468,75473,5,,9
update,75462,75480,75484,4,,10
update,75473,75491,75494,3,,11
update,75484,75502,75505,3,,12
inbound,75485,75503,75506,3,,13
update,75495,75512,75515,3,,14
update,75506,75524,75526,2,,15
update,75517,75535,75538,3,,0
update,75528,75546,75550,4,,1
update,75539,75557,75560,3,,2
inbound,75540,75557,75561,4,,3
update,75550,75567,75570,3,,4
update,75561,75578,75581,3,,5
update,75572,75590,75593,3,,6
update,75583,75601,75604,3,,7
update,75594,75612,75615,3,,8
inbound,75595,75613,75616,3,,9
update,75605,75623,75625,2,,10
update,75616,75634,75637,3,,11
update,75627,75645,75648,3,,12
update,75638,75656,75659,3,,13
update,75649,75667,75670,3,,14
inbound,75650,75668,75671,3,,15
update,75660,75678,75681,3,,0
update,75671,75689,75692,3,,1
update,75682,75699,75702,3,,2
update,75693,75711,75714,3,,3
update,75704,75721,75724,3,,4
inbound,75705,75722,75726,4,,5
update,75715,75733,75735,2,,6
update,75726,75743,75747,4,,7
update,75737,75754,75759,5,,8
update,75748,75766,75770,4,,9
update,75759,75777,75780,3,,10
inbound,75760,75778,75783,5,,11
update,75770,75787,75790,3,,12
update,75781,75799,75801,2,,13
update,75792,75810,75812,2,,14
update,75803,75821,75824,3,,15
update,75814,75832,75836,4,,0
inbound,75815,75833,75836,3,,1
update,75825,75842,75845,3,,2
update,75836,75854,75857,3,,3
update,75847,75865,75868,3,,4
update,75858,75875,75878,3,,5
update,75869,75887,75890,3,,6
update,75880,75898,75901,3,,7
update,75891,75909,75912,3,,8
update,75902,75919,75922,3,,9
update,75913,75931,75934,3,,10
update,75924,75942,75945,3,,11
update,76000,76017,76021,4,,12
inbound,76000,76017,76023,6,,13
update,76011,76029,76032,3,,14
update,76022,76039,76042,3,,15
inbound,76025,76043,76046,3,,0
update,76033,76050,76053,3,,1
update,76044,76062,76065,3,,2
update,76055,76073,76075,2,,3
update,76066,76083,76086,3,,4
update,76077,76094,76098,4,,5
update,76088,76106,76110,4,,6
update,76099,76117,76123,6,,7
inbound,76100,76118,76123,5,,8
update,76110,76127,76133,6,,9
update,76121,76139,76142,3,,10
update,76132,76150,76153,3,,11
update,76143,76161,76166,5,,12
update,76154,76171,76177,6,,13
inbound,76155,76172,76177,5,,14
update,76165,76183,76186,3,,15
update,76176,76194,76198,4,,0
update,76187,76205,76208,3,,1
update,76198,76215,76220,5,,2
inbound,76200,76218,76221,3,,3
update,76209,76227,76230,3,,4
inbound,76210,76228,76231,3,,5
update,76220,76237,76240,3,,6
inbound,76225,76242,76245,3,,7
update,76231,76249,76251,2,,8
update,76242,76260,76262,2,,9
update,76253,76271,76274,3,,10
update,76264,76282,76285,3,,11
inbound,76265,76283,76286,3,,12
update,76275,76292,76300,8,,13
update,76286,76304,76307,3,,14
update,76297,76314,76317,3,,15
update,76308,76326,76329,3,,0
update,76319,76337,76340,3,,1
inbound,76320,76338,76341,3,,2
update,76330,76347,76350,3,,3
update,76341,76359,76362,3,,4
update,76352,76370,76372,2,,5
update,76363,76381,76383,2,,6
inbound,76375,76392,76395,3,,8
update,76374,76392,76395,3,,7
update,76385,76402,76405,3,,9
update,76396,76413,76416,3,,10
inbound,76400,76417,76421,4,,11
update,76407,76424,76427,3,,12
update,76418,76436,76439,3,,13
inbound,76425,76442,76445,3,,14
update,76429,76446,76450,4,,15
inbound,76430,76448,76452,4,,0
update,76440,76458,76461,3,,1
update,76451,76469,76474,5,,2
update,76462,76480,76483,3,,3
update,76473,76491,76494,3,,4
update,76484,76501,76504,3,,5
inbound,76485,76502,76505,3,,6
update,76495,76512,76515,3,,7
update,76506,76524,76526,2,,8
update,76517,76535,76538,3,,9
update,76528,76546,76548,2,,10
update,76539,76556,76559,3,,11
inbound,76540,76558,76561,3,,12
update,76550,76568,76571,3,,13
update,76561,76579,76583,4,,14
update,76572,76589,76593,4,,15
update,76583,76601,76604,3,,0
update,76594,76611,76614,3,,1
inbound,76595,76613,76616,3,,2
update,76605,76623,76626,3,,3
update,76616,76634,76636,2,,4
update,76627,76644,76647,3,,5
update,76638,76656,76659,3,,6
update,76649,76666,76669,3,,7
inbound,76650,76668,76670,2,,8
update,76660,76678,76681,3,,9
update,76671,76689,76691,2,,10
update,76682,76699,76702,3,,11
update,76693,76711,76713,2,,12
update,76704,76721,76726,5,,13
inbound,76705,76723,76726,3,,14
update,76715,76732,76735,3,,15
update,76726,76744,76747,3,,0
update,76737,76755,76758,3,,1
update,76748,76766,76769,3,,2
update,76759,76777,76781,4,,3
inbound,76760,76778,76781,3,,4
update,76770,76788,76791,3,,5
update,76781,76799,76802,3,,6
update,76792,76810,76813,3,,7
update,76803,76821,76824,3,,8
inbound,76815,76832,76835,3,,10
update,76814,76832,76836,4,,9
update,76825,76843,76848,5,,11
update,76836,76853,76857,4,,12
update,76847,76865,76869,4,,13
update,76858,76876,76881,5,,14
update,76869,76886,76891,5,,15
update,76880,76898,76901,3,,0
update,76891,76909,76912,3,,1
update,76902,76920,76923,3,,2
update,76913,76931,76933,2,,3
update,76924,76942,76945,3,,4
inbound,77000,77018,77022,4,,6
update,77000,77018,77023,5,,5
update,77011,77029,77032,3,,7
update,77022,77040,77043,3,,8
inbound,77025,77043,77046,3,,9
update,77033,77050,77053,3,,10
update,77044,77062,77065,3,,11
update,77055,77073,77076,3,,12
update,77066,77083,77086,3,,13
update,77077,77095,77097,2,,14
update,77088,77106,77108,2,,15
update,77099,77117,77121,4,,0
inbound,77100,77117,77121,4,,1
update,77110,77128,77131,3,,2
update,77121,77139,77142,3,,3
update,77132,77150,77153,3,,4
update,77143,77161,77164,3,,5
update,77154,77172,77175,3,,6
inbound,77155,77172,77176,4,,7
update,77165,77183,77185,2,,8
update,77176,77194,77197,3,,9
update,77187,77205,77208,3,,10
update,77198,77216,77219,3,,11
inbound,77200,77217,77220,3,,12
update,77209,77227,77230,3,,13
inbound,77210,77228,77231,3,,14
update,77220,77238,77240,2,,15
inbound,77225,77242,77245,3,,0
update,77231,77249,77252,3,,1
update,77242,77259,77262,3,,2
update,77253,77270,77273,3,,3
update,77264,77281,77284,3,,4
inbound,77265,77282,77286,4,,5
update,77275,77293,77295,2,,6
update,77286,77304,77306,2,,7
update,77297,77314,77317,3,,8
update,77308,77325,77328,3,,9
update,77319,77336,77340,4,,10
inbound,77320,77337,77342,5,,11
update,77330,77348,77350,2,,12
update,77341,77359,77361,2,,13
update,77352,77369,77372,3,,14
update,77363,77381,77384,3,,15
update,77374,77392,77395,3,,0
inbound,77375,77392,77395,3,,1
update,77385,77403,77407,4,,2
update,77396,77413,77418,5,,3
inbound,77400,77418,77421,3,,4
update,77407,77425,77429,4,,5
update,77418,77436,77441,5,,6
inbound,77425,77442,77445,3,,7
update,77429,77447,77450,3,,8
inbound,77430,77448,77451,3,,9
update,77440,77458,77461,3,,10
update,77451,77468,77472,4,,11
update,77462,77480,77485,5,,12
update,77473,77491,77494,3,,13
update,77484,77502,77505,3,,14
inbound,77485,77503,77506,3,,15
update,77495,77512,77515,3,,0
update,77506,77524,77527,3,,1
update,77517,77535,77537,2,,2
update,77528,77545,77548,3,,3
update,77539,77557,77560,3,,4
inbound,77540,77558,77561,3,,5
update,77550,77568,77571,3,,6
update,77561,77579,77582,3,,7
update,77572,77589,77593,4,,8
update,77583,77600,77606,6,,9
inbound,77595,77612,77617,5,,11
update,77594,77612,77617,5,,10
update,77605,77622,77626,4,,12
update,77616,77634,77637,3,,13
update,77627,77645,77648,3,,14
update,77638,77656,77659,3,,15
update,77649,77666,77670,4,,0
inbound,77650,77667,77671,4,,1
update,77660,77677,77680,3,,2
update,77671,77688,77692,4,,3
update,77682,77699,77702,3,,4
update,77693,77710,77714,4,,5
update,77704,77722,77725,3,,6
inbound,77705,77722,77725,3,,7
update,77715,77732,77736,4,,8
update,77726,77744,77747,3,,9
update,77737,77754,77758,4,,10
update,77748,77765,77768,3,,11
update,77759,77776,77781,5,,12
inbound,77760,77778,77781,3,,13
update,77770,77788,77791,3,,14
update,77781,77799,77802,3,,15
update,77792,77809,77812,3,,0
update,77803,77820,77823,3,,1
update,77814,77832,77836,4,,2
inbound,77815,77833,77836,3,,3
update,77825,77843,77846,3,,4
update,77836,77853,77856,3,,5
update,77847,77865,77867,2,,6
update,77858,77875,77878,3,,7
update,77869,77887,77890,3,,8
update,77880,77898,77901,3,,9
update,77891,77908,77911,3,,10
update,77902,77920,77923,3,,11
update,77913,77931,77934,3,,12
update,77924,77941,77944,3,,13
update,78000,78018,78022,4,,14
inbound,78000,78018,78025,7,,15
update,78011,78029,78033,4,,0
update,78022,78039,78042,3,,1
inbound,78025,78042,78045,3,,2
update,78033,78050,78053,3,,3
update,78044,78061,78065,4,,4
update,78055,78073,78076,3,,5
update,78066,78084,78087,3,,6
update,78077,78095,78098,3,,7
update,78088,78106,78109,3,,8
update,78099,78117,78120,3,,9
inbound,78100,78118,78121,3,,10
update,78110,78128,78131,3,,11
update,78121,78139,78142,3,,12
update,78132,78150,78153,3,,13
update,78143,78161,78164,3,,14
update,78154,78172,78175,3,,15
inbound,78155,78172,78175,3,,0
update,78165,78182,78185,3,,1
update,78176,78193,78196,3,,2
update,78187,78205,78208,3,,3
update,78198,78216,78219,3,,4
inbound,78200,78218,78221,3,,5
update,78209,78227,78230,3,,6
inbound,78210,78228,78231,3,,7
update,78220,78237,78240,3,,8
inbound,78225,78243,78245,2,,9
update,78231,78249,78251,2,,10
update,78242,78259,78262,3,,11
update,78253,78270,78273,3,,12
inbound,78265,78282,78284,2,,14
update,78264,78282,78285,3,,13
update,78275,78293,78296,3,,15
update,78286,78304,78306,2,,0
update,78297,78315,78317,2,,1
update,78308,78325,78328,3,,2
inbound,78320,78337,78340,3,,4
update,78319,78337,78341,4,,3
update,78330,78348,78351,3,,5
update,78341,78359,78361,2,,6
update,78352,78370,78372,2,,7
update,78363,78381,78383,2,,8
update,78374,78392,78395,3,,9
inbound,78375,78393,78396,3,,10
update,78385,78403,78406,3,,11
update,78396,78414,78417,3,,12
inbound,78400,78418,78420,2,,13
update,78407,78425,78427,2,,14
update,78418,78435,78439,4,,15
inbound,78425,78443,78445,2,,0
update,78429,78446,78449,3,,1
inbound,78430,78448,78450,2,,2
update,78440,78457,78460,3,,3
update,78451,78469,78472,3,,4
update,78462,78480,78483,3,,5
update,78473,78490,78493,3,,6
inbound,78485,78502,78504,2,,8
update,78484,78502,78505,3,,7
update,78495,78513,78516,3,,9
update,78506,78524,78526,2,,10
update,78517,78535,78537,2,,11
update,78528,78545,78548,3,,12
inbound,78540,78557,78560,3,,14
update,78539,78557,78561,4,,13
update,78550,78568,78571,3,,15
update,78561,78579,78581,2,,0
update,78572,78590,78593,3,,1
update,78583,78601,78604,3,,2
update,78594,78612,78614,2,,3
inbound,78595,78612,78615,3,,4
update,78605,78622,78625,3,,5
update,78616,78634,78637,3,,6
update,78627,78644,78647,3,,7
update,78638,78656,78658,2,,8
update,78649,78666,78670,4,,9
inbound,78650,78668,78670,2,,10
update,78660,78678,78681,3,,11
update,78671,78689,78691,2,,12
update,78682,78700,78702,2,,13
update,78693,78710,78713,3,,14
update,78704,78721,78724,3,,15
inbound,78705,78723,78725,2,,0
update,78715,78733,78735,2,,1
update,78726,78744,78746,2,,2
update,78737,78754,78757,3,,3
update,78748,78765,78768,3,,4
inbound,78760,78777,78779,2,,6
update,78759,78777,78781,4,,5
update,78770,78788,78790,2,,7
update,78781,78799,78801,2,,8
update,78792,78809,78812,3,,9
update,78803,78821,78824,3,,10
inbound,78815,78832,78834,2,,12
update,78814,78832,78835,3,,11
update,78825,78842,78845,3,,13
update,78836,78853,78856,3,,14
update,78847,78864,78867,3,,15
update,78858,78875,78878,3,,0
update,78869,78887,78890,3,,1
update,78880,78898,78900,2,,2
update,78891,78908,78911,3,,3
update,78902,78920,78923,3,,4
update,78913,78931,78934,3,,5
update,78924,78942,78944,2,,6
inbound,79000,79018,79024,6,,8
update,79000,79018,79024,6,,7
update,79011,79028,79032,4,,9
update,79022,79040,79043,3,,10
inbound,79025,79042,79045,3,,11
update,79033,79050,79053,3,,12
update,79044,79062,79064,2,,13
update,79055,79073,79076,3,,14
update,79066,79084,79086,2,,15
update,79077,79095,79097,2,,0
update,79088,79105,79109,4,,1
update,79099,79117,79120,3,,2
inbound,79100,79118,79121,3,,3
update,79110,79127,79130,3,,4
update,79121,79139,79142,3,,5
update,79132,79150,79152,2,,6
update,79143,79161,79164,3,,7
update,79154,79172,79175,3,,8
inbound,79155,79173,79176,3,,9
update,79165,79183,79186,3,,10
update,79176,79194,79196,2,,11
update,79187,79204,79207,3,,12
update,79198,79216,79219,3,,13
inbound,79200,79217,79221,4,,14
update,79209,79226,79229,3,,15
inbound,79210,79227,79231,4,,0
update,79220,79238,79241,3,,1
inbound,79225,79243,79245,2,,2
update,79231,79249,79252,3,,3
update,79242,79260,79262,2,,4
update,79253,79270,79273,3,,5
update,79264,79282,79285,3,,6
inbound,79265,79282,79285,3,,7
update,79275,79293,79295,2,,8
update,79286,79303,79307,4,,9
update,79297,79314,79317,3,,10
update,79308,79325,79329,4,,11
update,79319,79336,79339,3,,12
inbound,79320,79339,79343,4,,13
update,79330,79348,79351,3,,14
update,79341,79358,79361,3,,15
update,79352,79370,79372,2,,0
update,79363,79380,79383,3,,1
update,79374,79391,79394,3,,2
inbound,79375,79392,79396,4,,3
update,79385,79403,79406,3,,4
update,79396,79414,79417,3,,5
inbound,79400,79417,79420,3,,6
update,79407,79424,79427,3,,7
update,79418,79436,79438,2,,8
inbound,79425,79443,79446,3,,9
update,79429,79446,79449,3,,10
inbound,79430,79448,79452,4,,11
update,79440,79458,79460,2,,12
update,79451,79469,79472,3,,13
update,79462,79480,79487,7,,14
update,79473,79491,79495,4,,15
update,79484,79501,79505,4,,0
inbound,79485,79502,79506,4,,1
update,79495,79513,79515,2,,2
update,79506,79524,79526,2,,3
update,79517,79535,79537,2,,4
update,79528,79546,79548,2,,5
update,79539,79556,79560,4,,6
inbound,79540,79557,79561,4,,7
update,79550,79568,79571,3,,8
update,79561,79578,79581,3,,9
update,79572,79590,79593,3,,10
update,79583,79601,79604,3,,11
update,79594,79612,79615,3,,12
inbound,79595,79613,79616,3,,13
update,79605,79622,79625,3,,14
update,79616,79634,79637,3,,15
update,79627,79645,79648,3,,0
update,79638,79656,79659,3,,1
update,79649,79666,79669,3,,2
inbound,79650,79668,79671,3,,3
update,79660,79678,79680,2,,4
update,79671,79689,79691,2,,5
update,79682,79699,79703,4,,6
update,79693,79711,79714,3,,7
update,79704,79722,79726,4,,8
inbound,79705,79723,79726,3,,9
update,79715,79732,79735,3,,10
update,79726,79744,79747,3,,11
update,79737,79755,79757,2,,12
update,79748,79765,79768,3,,13
update,79759,79777,79780,3,,14
inbound,79760,79778,79781,3,,15
update,79770,79788,79791,3,,0
update,79781,79799,79802,3,,1
update,79792,79809,79812,3,,2
update,79803,79820,79823,3,,3
update,79814,79831,79834,3,,4
inbound,79815,79834,79837,3,,5
update,79825,79843,79845,2,,6
update,79836,79854,79856,2,,7
update,79847,79864,79867,3,,8
update,79858,79875,79878,3,,9
update,79869,79886,79889,3,,10
update,79880,79898,79901,3,,11
update,79891,79908,79911,3,,12
update,79902,79919,79922,3,,13
update,79913,79930,79933,3,,14
update,79924,79941,79944,3,,15
update,80000,80017,80022,5,,0
inbound,80000,80019,80024,5,,1
update,80011,80029,80032,3,,2
update,80022,80040,80043,3,,3
inbound,80025,80047,80050,3,,4
update,80033,80051,80054,3,,5
update,80044,80062,80065,3,,6
update,80055,80072,80075,3,,7
update,80066,80084,80087,3,,8
update,80077,80095,80097,2,,9
update,80088,80106,80109,3,,10
update,80099,80117,80120,3,,11
inbound,80100,80122,80125,3,,12
update,80110,80128,80131,3,,13
update,80121,80138,80141,3,,14
update,80132,80149,80152,3,,15
update,80143,80160,80164,4,,0
update,80154,80172,80174,2,,1
inbound,80155,80177,80179,2,,2
update,80165,80183,80186,3,,3
update,80176,80194,80197,3,,4
update,80187,80204,80207,3,,5
update,80198,80216,80218,2,,6
inbound,80200,80221,80225,4,,7
update,80209,80226,80229,3,,8
inbound,80210,80232,80234,2,,9
update,80220,80238,80241,3,,10
inbound,80225,80247,80250,3,,11
update,80231,80249,80252,3,,12
update,80242,80260,80263,3,,13
update,80253,80271,80273,2,,14
update,80264,80281,80285,4,,15
inbound,80265,80287,80290,3,,0
update,80275,80292,80296,4,,1
update,80286,80304,80307,3,,2
update,80297,80315,80317,2,,3
update,80308,80326,80328,2,,4
update,80319,80336,80340,4,,5
inbound,80320,80342,80345,3,,6
update,80330,80348,80351,3,,7
update,80341,80359,80362,3,,8
update,80352,80370,80373,3,,9
update,80363,80381,80384,3,,10
update,80374,80391,80394,3,,11
inbound,80375,80396,80399,3,,12
update,80385,80403,80406,3,,13
update,80396,80414,80417,3,,14
inbound,80400,80422,80425,3,,15
update,80407,80424,80432,8,,0
update,80418,80436,80440,4,,1
update,80429,80447,80451,4,,2
inbound,80425,80447,80451,4,,3
inbound,80430,80451,80455,4,,4
update,80440,80458,80463,5,,5
update,80451,80469,80473,4,,6
update,80462,80480,80483,3,,7
update,80473,80491,80498,7,,8
update,80484,80502,80508,6,,9
inbound,80485,80508,80515,7,,10
update,80495,80513,80520,7,,11
update,80506,80523,80527,4,,12
update,80517,80535,80545,10,,13
update,80528,80545,80555,10,,14
update,80539,80557,80563,6,,15
inbound,80540,80562,80567,5,,0
update,80550,80567,80571,4,,1
update,80561,80579,80583,4,,2
update,80572,80590,80593,3,,3
update,80583,80600,80603,3,,4
update,80594,80612,80615,3,,5
inbound,80595,80617,80621,4,,6
update,80605,80623,80626,3,,7
update,80616,80634,80637,3,,8
update,80627,80644,80647,3,,9
update,80638,80656,80659,3,,10
update,80649,80667,80670,3,,11
inbound,80650,80672,80675,3,,12
update,80660,80678,80681,3,,13
update,80671,80689,80691,2,,14
update,80682,80699,80702,3,,15
update,80693,80711,80714,3,,0
update,80704,80722,80725,3,,1
inbound,80705,80727,80730,3,,2
update,80715,80733,80735,2,,3
update,80726,80743,80746,3,,4
update,80737,80755,80758,3,,5
update,80748,80766,80769,3,,6
update,80759,80776,80779,3,,7
inbound,80760,80782,80783,1,,8
update,80770,80789,80792,3,,9
update,80781,80800,80803,3,,10
update,80792,80810,80813,3,,11
update,80803,80821,80824,3,,12
update,80814,80833,80836,3,,13
inbound,80815,80837,80840,3,,14
update,80825,80844,80847,3,,15
update,80836,80854,80857,3,,0
update,80847,80866,80869,3,,1
update,80858,80877,80879,2,,2
update,80869,80888,80890,2,,3
update,80880,80899,80902,3,,4
update,80891,80910,80912,2,,5
update,80902,80921,80924,3,,6
update,80913,80932,80934,2,,7
update,80924,80943,80946,3,,8
update,81000,81022,81026,4,,9
inbound,81000,81022,81026,4,,10
update,81011,81033,81036,3,,11
update,81022,81044,81047,3,,12
inbound,81025,81047,81051,4,,13
update,81033,81055,81058,3,,14
update,81044,81066,81069,3,,15
update,81055,81077,81080,3,,0
update,81066,81088,81091,3,,1
update,81077,81099,81102,3,,2
update,81088,81110,81113,3,,3
update,81099,81120,81123,3,,4
inbound,81100,81121,81124,3,,5
update,81110,81132,81134,2,,6
update,81121,81143,81147,4,,7
update,81132,81153,81156,3,,8
update,81143,81164,81167,3,,9
inbound,81155,81177,81180,3,,11
update,81154,81176,81180,4,,10
update,81165,81186,81188,2,,12
update,81176,81198,81201,3,,13
update,81187,81208,81211,3,,14
update,81198,81219,81222,3,,15
inbound,81200,81222,81224,2,,0
update,81209,81230,81234,4,,1
inbound,81210,81231,81235,4,,2
update,81220,81241,81244,3,,3
inbound,81225,81246,81249,3,,4
update,81231,81253,81256,3,,5
update,81242,81264,81268,4,,6
update,81253,81275,81278,3,,7
update,81264,81285,81290,5,,8
inbound,81265,81287,81290,3,,9
update,81275,81297,81299,2,,10
update,81286,81307,81310,3,,11
update,81297,81319,81322,3,,12
update,81308,81330,81333,3,,13
update,81319,81340,81343,3,,14
inbound,81320,81341,81345,4,,15
update,81330,81352,81355,3,,0
update,81341,81363,81365,2,,1
update,81352,81374,81376,2,,2
update,81363,81384,81388,4,,3
update,81374,81396,81399,3,,4
inbound,81375,81397,81400,3,,5
update,81385,81407,81409,2,,6
update,81396,81417,81420,3,,7
inbound,81400,81422,81425,3,,8
update,81407,81429,81432,3,,9
update,81418,81440,81443,3,,10
inbound,81425,81447,81450,3,,11
update,81429,81450,81453,3,,12
inbound,81430,81452,81454,2,,13
update,81440,81462,81465,3,,14
update,81451,81473,81476,3,,15
update,81462,81484,81488,4,,0
update,81473,81494,81501,7,,1
inbound,81485,81507,81511,4,,3
update,81484,81505,81513,8,,2
update,81495,81516,81521,5,,4
update,81506,81528,81531,3,,5
update,81517,81539,81543,4,,6
update,81528,81550,81554,4,,7
update,81539,81561,81567,6,,8
inbound,81540,81562,81569,7,,9
update,81550,81572,81575,3,,10
update,81561,81583,81589,6,,11
update,81572,81594,81599,5,,12
update,81583,81604,81608,4,,13
update,81594,81615,81619,4,,14
inbound,81595,81616,81620,4,,15
update,81605,81626,81629,3,,0
update,81616,81637,81640,3,,1
update,81627,81649,81651,2,,2
update,81638,81660,81663,3,,3
update,81649,81671,81674,3,,4
inbound,81650,81672,81675,3,,5
update,81660,81682,81685,3,,6
update,81671,81693,81696,3,,7
update,81682,81703,81706,3,,8
update,81693,81714,81717,3,,9
update,81704,81725,81729,4,,10
inbound,81705,81727,81730,3,,11
update,81715,81737,81740,3,,12
update,81726,81748,81751,3,,13
update,81737,81758,81761,3,,14
update,81748,81770,81773,3,,15
update,81759,81781,81784,3,,0
inbound,81760,81782,81785,3,,1
update,81770,81791,81794,3,,2
update,81781,81803,81805,2,,3
update,81792,81813,81816,3,,4
update,81803,81825,81828,3,,5
update,81814,81836,81839,3,,6
inbound,81815,81837,81840,3,,7
update,81825,81846,81849,3,,8
update,81836,81858,81861,3,,9
update,81847,81869,81872,3,,10
update,81858,81880,81883,3,,11
update,81869,81890,81893,3,,12
update,81880,81901,81904,3,,13
update,81891,81913,81916,3,,14
update,81902,81924,81927,3,,15
update,81913,81935,81938,3,,0
update,81924,81946,81948,2,,1
inbound,82000,82022,82026,4,,3
update,82000,82022,82026,4,,2
update,82011,82033,82036,3,,4
update,82022,82043,82046,3,,5
inbound,82025,82046,82049,3,,6
update,82033,82055,82058,3,,7
update,82044,82066,82069,3,,8
update,82055,82077,82080,3,,9
update,82066,82088,82091,3,,10
update,82077,82098,82101,3,,11
update,82088,82109,82112,3,,12
inbound,82100,82121,82124,3,,14
update,82099,82121,82124,3,,13
update,82110,82132,82134,2,,15
update,82121,82143,82146,3,,0
update,82132,82154,82156,2,,1
update,82143,82165,82168,3,,2
update,82154,82176,82179,3,,3
inbound,82155,82176,82179,3,,4
update,82165,82187,82190,3,,5
update,82176,82198,82200,2,,6
update,82187,82209,82212,3,,7
update,82198,82220,82222,2,,8
inbound,82200,82222,82225,3,,9
inbound,82210,82231,82234,3,,11
update,82209,82231,82234,3,,10
update,82220,82242,82244,2,,12
inbound,82225,82247,82249,2,,13
update,82231,82252,82255,3,,14
update,82242,82264,82267,3,,15
update,82253,82275,82278,3,,0
inbound,82265,82286,82290,4,,2
update,82264,82286,82290,4,,1
update,82275,82297,82300,3,,3
update,82286,82308,82311,3,,4
update,82297,82319,82322,3,,5
update,82308,82330,82333,3,,6
update,82319,82340,82343,3,,7
inbound,82320,82341,82344,3,,8
update,82330,82351,82354,3,,9
update,82341,82362,82365,3,,10
update,82352,82373,82376,3,,11
update,82363,82384,82387,3,,12
update,82374,82395,82399,4,,13
inbound,82375,82397,82399,2,,14
update,82385,82407,82409,2,,15
update,82396,82418,82420,2,,0
inbound,82400,82421,82424,3,,1
update,82407,82429,82432,3,,2
update,82418,82439,82442,3,,3
inbound,82425,82447,82450,3,,4
inbound,82430,82451,82453,2,,6
update,82429,82451,82454,3,,5
update,82440,82462,82465,3,,7
update,82451,82473,82476,3,,8
update,82462,82484,82486,2,,9
update,82473,82495,82498,3,,10
update,82484,82506,82509,3,,11
inbound,82485,82507,82510,3,,12
update,82495,82516,82519,3,,13
update,82506,82528,82531,3,,14
update,82517,82539,82542,3,,15
update,82528,82550,82552,2,,0
update,82539,82561,82564,3,,1
inbound,82540,82562,82565,3,,2
update,82550,82572,82574,2,,3
update,82561,82583,82585,2,,4
update,82572,82594,82596,2,,5
update,82583,82604,82607,3,,6
update,82594,82616,82619,3,,7
inbound,82595,82616,82619,3,,8
update,82605,82627,82630,3,,9
update,82616,82638,82640,2,,10
update,82627,82649,82652,3,,11
update,82638,82660,82663,3,,12
inbound,82650,82671,82674,3,,14
update,82649,82671,82674,3,,13
update,82660,82682,82685,3,,15
update,82671,82692,82697,5,,0
update,82682,82704,82707,3,,1
update,82693,82715,82718,3,,2
update,82704,82725,82728,3,,3
inbound,82705,82726,82729,3,,4
update,82715,82736,82739,3,,5
update,82726,82748,82750,2,,6
update,82737,82758,82761,3,,7
update,82748,82770,82773,3,,8
inbound,82760,82781,82783,2,,10
update,82759,82781,82784,3,,9
update,82770,82792,82795,3,,11
update,82781,82803,82806,3,,12
update,82792,82814,82817,3,,13
update,82803,82825,82827,2,,14
inbound,82815,82836,82838,2,,0
update,82814,82836,82838,2,,15
update,82825,82847,82849,2,,1
update,82836,82857,82860,3,,2
update,82847,82868,82871,3,,3
update,82858,82880,82883,3,,4
update,82869,82891,82894,3,,5
update,82880,82901,82904,3,,6
update,82891,82913,82916,3,,7
update,82902,82924,82926,2,,8
update,82913,82934,82937,3,,9
update,82924,82945,82948,3,,10
update,83000,83022,83027,5,,11
inbound,83000,83022,83028,6,,12
update,83011,83033,83036,3,,13
update,83022,83043,83047,4,,14
inbound,83025,83047,83050,3,,15
update,83033,83055,83058,3,,0
update,83044,83065,83068,3,,1
update,83055,83076,83079,3,,2
update,83066,83087,83091,4,,3
update,83077,83099,83102,3,,4
update,83088,83110,83113,3,,5
update,83099,83121,83123,2,,6
inbound,83100,83122,83125,3,,7
update,83110,83132,83134,2,,8
update,83121,83143,83152,9,,9
update,83132,83154,83156,2,,10
update,83143,83165,83171,6,,11
update,83154,83175,83178,3,,12
inbound,83155,83177,83181,4,,13
update,83165,83187,83190,3,,14
update,83176,83198,83201,3,,15
update,83187,83209,83212,3,,0
update,83198,83220,83224,4,,1
inbound,83200,83221,83224,3,,2
update,83209,83230,83234,4,,3
inbound,83210,83232,83235,3,,4
update,83220,83242,83245,3,,5
inbound,83225,83246,83249,3,,6
update,83231,83252,83255,3,,7
update,83242,83264,83267,3,,8
update,83253,83274,83277,3,,9
inbound,83265,83286,83289,3,,11
update,83264,83286,83289,3,,10
update,83275,83297,83300,3,,12
update,83286,83308,83311,3,,13
update,83297,83318,83322,4,,14
update,83308,83330,83333,3,,15
update,83319,83341,83344,3,,0
inbound,83320,83342,83346,4,,1
update,83330,83351,83355,4,,2
update,83341,83362,83365,3,,3
update,83352,83373,83377,4,,4
update,83363,83384,83387,3,,5
update,83374,83395,83400,5,,6
inbound,83375,83397,83400,3,,7
update,83385,83406,83409,3,,8
update,83396,83418,83421,3,,9
inbound,83400,83422,83425,3,,10
update,83407,83428,83432,4,,11
update,83418,83440,83443,3,,12
inbound,83425,83446,83449,3,,13
update,83429,83450,83454,4,,14
inbound,83430,83452,83455,3,,15
update,83440,83462,83465,3,,0
update,83451,83472,83475,3,,1
update,83462,83483,83486,3,,2
update,83473,83495,83498,3,,3
update,83484,83506,83512,6,,4
inbound,83485,83507,83513,6,,5
update,83495,83516,83520,4,,6
update,83506,83528,83532,4,,7
update,83517,83539,83542,3,,8
update,83528,83550,83552,2,,9
update,83539,83561,83564,3,,10
inbound,83540,83562,83565,3,,11
update,83550,83572,83575,3,,12
update,83561,83582,83586,4,,13
update,83572,83594,83597,3,,14
update,83583,83605,83608,3,,15
update,83594,83615,83619,4,,0
inbound,83595,83616,83620,4,,1
update,83605,83627,83630,3,,2
update,83616,83638,83640,2,,3
update,83627,83649,83652,3,,4
update,83638,83659,83662,3,,5
update,83649,83671,83674,3,,6
inbound,83650,83672,83676,4,,7
update,83660,83682,83685,3,,8
update,83671,83692,83696,4,,9
update,83682,83704,83707,3,,10
update,83693,83715,83718,3,,11
update,83704,83726,83729,3,,12
inbound,83705,83727,83732,5,,13
update,83715,83737,83740,3,,14
update,83726,83747,83750,3,,15
update,83737,83759,83762,3,,0
update,83748,83770,83775,5,,1
update,83759,83781,83786,5,,2
inbound,83760,83783,83788,5,,3
update,83770,83792,83797,5,,4
update,83781,83803,83809,6,,5
update,83792,83813,83819,6,,6
update,83803,83825,83828,3,,7
inbound,83815,83837,83839,2,,9
update,83814,83836,83840,4,,8
update,83825,83847,83850,3,,10
update,83836,83858,83860,2,,11
update,83847,83869,83872,3,,12
update,83858,83880,83883,3,,13
update,83869,83891,83894,3,,14
update,83880,83902,83905,3,,15
update,83891,83913,83916,3,,0
update,83902,83924,83926,2,,1
update,83913,83934,83937,3,,2
update,83924,83945,83948,3,,3
inbound,84000,84022,84025,3,,5
update,84000,84022,84027,5,,4
update,84011,84032,84035,3,,6
update,84022,84044,84048,4,,7
inbound,84025,84046,84050,4,,8
update,84033,84054,84057,3,,9
update,84044,84065,84068,3,,10
update,84055,84077,84079,2,,11
update,84066,84088,84091,3,,12
update,84077,84098,84101,3,,13
update,84088,84110,84113,3,,14
update,84099,84121,84124,3,,15
inbound,84100,84122,84125,3,,0
update,84110,84131,84134,3,,1
update,84121,84143,84146,3,,2
update,84132,84154,84157,3,,3
update,84143,84165,84167,2,,4
inbound,84155,84176,84179,3,,6
update,84154,84176,84180,4,,5
update,84165,84187,84190,3,,7
update,84176,84198,84200,2,,8
update,84187,84208,84211,3,,9
update,84198,84220,84224,4,,10
inbound,84200,84222,84225,3,,11
update,84209,84231,84240,9,,12
inbound,84210,84232,84240,8,,13
update,84220,84241,84244,3,,14
inbound,84225,84246,84249,3,,15
update,84231,84252,84255,3,,0
update,84242,84264,84267,3,,1
update,84253,84275,84278,3,,2
update,84264,84286,84290,4,,3
inbound,84265,84287,84291,4,,4
update,84275,84296,84300,4,,5
update,84286,84307,84310,3,,6
update,84297,84319,84321,2,,7
update,84308,84330,84333,3,,8
update,84319,84340,84343,3,,9
inbound,84320,84341,84345,4,,10
update,84330,84352,84355,3,,11
update,84341,84363,84365,2,,12
update,84352,84374,84377,3,,13
update,84363,84385,84388,3,,14
update,84374,84396,84399,3,,15
inbound,84375,84397,84401,4,,0
update,84385,84406,84409,3,,1
update,84396,84418,84421,3,,2
inbound,84400,84422,84425,3,,3
update,84407,84429,84431,2,,4
update,84418,84439,84442,3,,5
inbound,84425,84447,84450,3,,6
update,84429,84451,84454,3,,7
inbound,84430,84452,84455,3,,8
update,84440,84462,84464,2,,9
update,84451,84473,84476,3,,10
update,84462,84483,84486,3,,11
update,84473,84494,84497,3,,12
update,84484,84506,84509,3,,13
inbound,84485,84507,84511,4,,14
update,84495,84517,84523,6,,15
update,84506,84528,84531,3,,0
update,84517,84539,84542,3,,1
update,84528,84549,84552,3,,2
update,84539,84560,84563,3,,3
inbound,84540,84561,84565,4,,4
update,84550,84572,84575,3,,5
update,84561,84583,84586,3,,6
update,84572,84594,84597,3,,7
update,84583,84605,84608,3,,8
update,84594,84616,84619,3,,9
inbound,84595,84617,84620,3,,10
update,84605,84627,84630,3,,11
update,84616,84638,84641,3,,12
update,84627,84649,84651,2,,13
update,84638,84659,84662,3,,14
update,84649,84670,84674,4,,15
inbound,84650,84672,84675,3,,0
update,84660,84682,84685,3,,1
update,84671,84693,84695,2,,2
update,84682,84704,84707,3,,3
update,84693,84715,84718,3,,4
update,84704,84726,84730,4,,5
inbound,84705,84727,84730,3,,6
update,84715,84737,84740,3,,7
update,84726,84748,84751,3,,8
update,84737,84759,84761,2,,9
update,84748,84769,84772,3,,10
update,84759,84780,84783,3,,11
inbound,84760,84782,84784,2,,12
update,84770,84791,84795,4,,13
update,84781,84802,84805,3,,14
update,84792,84813,84816,3,,15
update,84803,84825,84827,2,,0
update,84814,84835,84839,4,,1
inbound,84815,84837,84839,2,,2
update,84825,84847,84849,2,,3
update,84836,84858,84861,3,,4
update,84847,84869,84871,2,,5
update,84858,84879,84882,3,,6
update,84869,84891,84894,3,,7
update,84880,84902,84905,3,,8
update,84891,84913,84915,2,,9
update,84902,84923,84926,3,,10
update,84913,84934,84937,3,,11
update,84924,84946,84949,3,,12
update,85000,85021,85025,4,,13
inbound,85000,85022,85025,3,,14
update,85011,85032,85035,3,,15
update,85022,85044,85046,2,,0
inbound,85025,85046,85049,3,,1
update,85033,85054,85058,4,,2
update,85044,85066,85069,3,,3
update,85055,85076,85079,3,,4
update,85066,85087,85090,3,,5
update,85077,85098,85102,4,,6
update,85088,85110,85112,2,,7
update,85099,85121,85124,3,,8
inbound,85100,85122,85125,3,,9
update,85110,85131,85134,3,,10
update,85121,85142,85145,3,,11
update,85132,85154,85156,2,,12
update,85143,85164,85167,3,,13
inbound,85155,85176,85179,3,,15
update,85154,85176,85180,4,,14
update,85165,85187,85190,3,,0
update,85176,85198,85201,3,,1
update,85187,85209,85212,3,,2
update,85198,85220,85223,3,,3
inbound,85200,85222,85225,3,,4
update,85209,85231,85234,3,,5
inbound,85210,85232,85236,4,,6
update,85220,85241,85244,3,,7
inbound,85225,85247,85249,2,,8
update,85231,85253,85256,3,,9
update,85242,85264,85267,3,,10
update,85253,85275,85278,3,,11
update,85264,85286,85290,4,,12
inbound,85265,85287,85291,4,,13
update,85275,85297,85300,3,,14
update,85286,85307,85310,3,,15
update,85297,85319,85322,3,,0
update,85308,85330,85333,3,,1
update,85319,85340,85344,4,,2
inbound,85320,85342,85346,4,,3
update,85330,85352,85355,3,,4
update,85341,85362,85365,3,,5
update,85352,85373,85376,3,,6
update,85363,85385,85388,3,,7
update,85374,85396,85398,2,,8
inbound,85375,85397,85400,3,,9
update,85385,85407,85409,2,,10
update,85396,85417,85420,3,,11
inbound,85400,85421,85424,3,,12
update,85407,85429,85432,3,,13
update,85418,85440,85442,2,,14
inbound,85425,85446,85449,3,,15
update,85429,85451,85454,3,,0
inbound,85430,85452,85455,3,,1
update,85440,85462,85465,3,,2
update,85451,85472,85475,3,,3
update,85462,85483,85486,3,,4
update,85473,85495,85498,3,,5
update,85484,85505,85509,4,,6
inbound,85485,85506,85510,4,,7
update,85495,85516,85522,6,,8
update,85506,85528,85531,3,,9
update,85517,85539,85542,3,,10
update,85528,85549,85552,3,,11
update,85539,85561,85564,3,,12
inbound,85540,85562,85566,4,,13
update,85550,85572,85574,2,,14
update,85561,85583,85586,3,,15
update,85572,85593,85596,3,,0
update,85583,85604,85607,3,,1
update,85594,85615,85618,3,,2
inbound,85595,85616,85619,3,,3
update,85605,85626,85630,4,,4
update,85616,85638,85641,3,,5
update,85627,85648,85651,3,,6
update,85638,85660,85662,2,,7
update,85649,85670,85674,4,,8
inbound,85650,85671,85675,4,,9
update,85660,85682,85684,2,,10
update,85671,85692,85695,3,,11
update,85682,85704,85707,3,,12
update,85693,85714,85717,3,,13
update,85704,85726,85729,3,,14
inbound,85705,85727,85730,3,,15
update,85715,85737,85740,3,,0
update,85726,85747,85750,3,,1
update,85737,85758,85761,3,,2
update,85748,85769,85772,3,,3
update,85759,85781,85784,3,,4
inbound,85760,85782,85785,3,,5
update,85770,85792,85795,3,,6
update,85781,85803,85806,3,,7
update,85792,85814,85817,3,,8
update,85803,85825,85829,4,,9
update,85814,85835,85839,4,,10
inbound,85815,85837,85839,2,,11
update,85825,85847,85850,3,,12
update,85836,85858,85861,3,,13
update,85847,85868,85871,3,,14
update,85858,85880,85883,3,,15
update,85869,85890,85894,4,,0
update,85880,85902,85904,2,,1
update,85891,85913,85916,3,,2
update,85902,85924,85928,4,,3
update,85913,85935,85938,3,,4
update,85924,85946,85949,3,,5
update,86000,86022,86025,3,,6
inbound,86000,86022,86025,3,,7
update,86011,86033,86036,3,,8
update,86022,86044,86046,2,,9
inbound,86025,86046,86049,3,,10
update,86033,86055,86058,3,,11
update,86044,86066,86069,3,,12
update,86055,86077,86080,3,,13
update,86066,86088,86091,3,,14
update,86077,86098,86101,3,,15
update,86088,86110,86113,3,,0
update,86099,86121,86124,3,,1
inbound,86100,86121,86124,3,,2
update,86110,86132,86135,3,,3
update,86121,86143,86147,4,,4
update,86132,86154,86157,3,,5
update,86143,86165,86168,3,,6
update,86154,86176,86179,3,,7
inbound,86155,86177,86180,3,,8
update,86165,86187,86190,3,,9
update,86176,86198,86201,3,,10
update,86187,86209,86212,3,,11
update,86198,86220,86224,4,,12
inbound,86200,86222,86226,4,,13
update,86209,86231,86235,4,,14
inbound,86210,86233,86237,4,,15
update,86220,86241,86244,3,,0
inbound,86225,86247,86249,2,,1
update,86231,86253,86256,3,,2
update,86242,86264,86267,3,,3
update,86253,86275,86278,3,,4
update,86264,86285,86289,4,,5
inbound,86265,86287,86290,3,,6
update,86275,86297,86299,2,,7
update,86286,86308,86310,2,,8
update,86297,86318,86321,3,,9
update,86308,86330,86332,2,,10
update,86319,86341,86344,3,,11
inbound,86320,86342,86345,3,,12
update,86330,86351,86354,3,,13
update,86341,86363,86366,3,,14
update,86352,86374,86377,3,,15
update,86363,86385,86389,4,,0
update,86374,86396,86400,4,,1
inbound,86375,86396,86400,4,,2
update,86385,86407,86410,3,,3
update,86396,86418,86421,3,,4
inbound,86400,86422,86424,2,,5
update,86407,86429,86431,2,,6
update,86418,86439,86442,3,,7
inbound,86425,86446,86449,3,,8
update,86429,86451,86454,3,,9
inbound,86430,86452,86455,3,,10
update,86440,86461,86464,3,,11
update,86451,86472,86475,3,,12
update,86462,86484,86487,3,,13
update,86473,86495,86498,3,,14
update,86484,86505,86509,4,,15
inbound,86485,86507,86510,3,,0
update,86495,86517,86520,3,,1
update,86506,86527,86531,4,,2
update,86517,86539,86542,3,,3
update,86528,86549,86552,3,,4
inbound,86540,86561,86564,3,,6
update,86539,86561,86564,3,,5
update,86550,86572,86575,3,,7
update,86561,86583,86586,3,,8
update,86572,86594,86597,3,,9
update,86583,86605,86608,3,,10
update,86594,86616,86619,3,,11
inbound,86595,86616,86619,3,,12
update,86605,86627,86629,2,,13
update,86616,86637,86640,3,,14
update,86627,86649,86651,2,,15
update,86638,86660,86662,2,,0
inbound,86650,86671,86674,3,,2
update,86649,86671,86674,3,,1
update,86660,86682,86685,3,,3
update,86671,86693,86696,3,,4
update,86682,86703,86706,3,,5
update,86693,86714,86717,3,,6
update,86704,86725,86729,4,,7
inbound,86705,86727,86730,3,,8
update,86715,86737,86740,3,,9
update,86726,86748,86751,3,,10
update,86737,86759,86762,3,,11
update,86748,86770,86773,3,,12
inbound,86760,86781,86783,2,,14
update,86759,86781,86784,3,,13
update,86770,86792,86795,3,,15
update,86781,86802,86805,3,,0
update,86792,86814,86817,3,,1
update,86803,86824,86827,3,,2
inbound,86815,86836,86838,2,,4
update,86814,86836,86839,3,,3
update,86825,86847,86849,2,,5
update,86836,86857,86860,3,,6
update,86847,86869,86872,3,,7
update,86858,86880,86883,3,,8
update,86869,86891,86895,4,,9
update,86880,86901,86905,4,,10
update,86891,86913,86917,4,,11
update,86902,86923,86927,4,,12
update,86913,86935,86938,3,,13
update,86924,86946,86949,3,,14
update,87000,87022,87026,4,,15
inbound,87000,87022,87028,6,,0
update,87011,87032,87035,3,,1
update,87022,87043,87046,3,,2
inbound,87025,87046,87050,4,,3
update,87033,87055,87057,2,,4
update,87044,87066,87069,3,,5
update,87055,87077,87080,3,,6
update,87066,87087,87090,3,,7
update,87077,87098,87101,3,,8
update,87088,87110,87113,3,,9
update,87099,87121,87124,3,,10
inbound,87100,87122,87125,3,,11
update,87110,87132,87135,3,,12
update,87121,87143,87145,2,,13
update,87132,87154,87157,3,,14
update,87143,87165,87167,2,,15
update,87154,87176,87180,4,,0
inbound,87155,87177,87181,4,,1
update,87165,87186,87189,3,,2
update,87176,87197,87200,3,,3
update,87187,87208,87212,4,,4
update,87198,87220,87223,3,,5
inbound,87200,87222,87225,3,,6
update,87209,87231,87234,3,,7
inbound,87210,87232,87235,3,,8
update,87220,87242,87244,2,,9
inbound,87225,87247,87250,3,,10
update,87231,87252,87255,3,,11
update,87242,87264,87266,2,,12
update,87253,87275,87278,3,,13
update,87264,87286,87289,3,,14
inbound,87265,87287,87291,4,,15
update,87275,87296,87300,4,,0
update,87286,87308,87311,3,,1
update,87297,87318,87321,3,,2
update,87308,87329,87332,3,,3
update,87319,87341,87344,3,,4
inbound,87320,87342,87346,4,,5
update,87330,87352,87355,3,,6
update,87341,87362,87365,3,,7
update,87352,87373,87376,3,,8
update,87363,87384,87387,3,,9
update,87374,87396,87400,4,,10
inbound,87375,87397,87402,5,,11
update,87385,87406,87409,3,,12
update,87396,87417,87420,3,,13
inbound,87400,87421,87424,3,,14
update,87407,87429,87431,2,,15
update,87418,87440,87444,4,,0
inbound,87425,87446,87451,5,,1
update,87429,87450,87458,8,,2
inbound,87430,87452,87459,7,,3
update,87440,87462,87465,3,,4
update,87451,87473,87477,4,,5
update,87462,87483,87487,4,,6
update,87473,87495,87498,3,,7
update,87484,87506,87509,3,,8
inbound,87485,87507,87510,3,,9
update,87495,87516,87519,3,,10
update,87506,87527,87534,7,,11
update,87517,87539,87545,6,,12
update,87528,87550,87553,3,,13
update,87539,87561,87564,3,,14
inbound,87540,87561,87565,4,,15
update,87550,87572,87575,3,,0
update,87561,87583,87586,3,,1
update,87572,87594,87597,3,,2
update,87583,87605,87608,3,,3
update,87594,87616,87619,3,,4
inbound,87595,87617,87620,3,,5
update,87605,87627,87630,3,,6
update,87616,87638,87642,4,,7
update,87627,87648,87654,6,,8
update,87638,87660,87664,4,,9
update,87649,87670,87677,7,,10
inbound,87650,87672,87679,7,,11
update,87660,87682,87685,3,,12
update,87671,87693,87696,3,,13
update,87682,87704,87707,3,,14
update,87693,87715,87718,3,,15
update,87704,87726,87730,4,,0
inbound,87705,87727,87730,3,,1
update,87715,87737,87739,2,,2
update,87726,87747,87751,4,,3
update,87737,87758,87761,3,,4
update,87748,87770,87773,3,,5
inbound,87760,87782,87784,2,,7
update,87759,87781,87784,3,,6
update,87770,87792,87795,3,,8
update,87781,87802,87805,3,,9
update,87792,87814,87817,3,,10
update,87803,87825,87828,3,,11
update,87814,87836,87839,3,,12
inbound,87815,87837,87839,2,,13
update,87825,87847,87849,2,,14
update,87836,87857,87860,3,,15
update,87847,87869,87872,3,,0
update,87858,87879,87882,3,,1
update,87869,87890,87893,3,,2
update,87880,87902,87905,3,,3
update,87891,87913,87916,3,,4
update,87902,87924,87927,3,,5
update,87913,87935,87937,2,,6
update,87924,87946,87950,4,,7
inbound,88000,88022,88025,3,,9
update,88000,88022,88026,4,,8
update,88011,88033,88036,3,,10
update,88022,88044,88047,3,,11
inbound,88025,88047,88050,3,,12
update,88033,88055,88057,2,,13
update,88044,88066,88068,2,,14
update,88055,88076,88079,3,,15
update,88066,88088,88091,3,,0
update,88077,88099,88102,3,,1
update,88088,88110,88113,3,,2
update,88099,88121,88125,4,,3
inbound,88100,88122,88127,5,,4
update,88110,88131,88136,5,,5
update,88121,88143,88146,3,,6
update,88132,88154,88158,4,,7
update,88143,88164,88172,8,,8
update,88154,88176,88180,4,,9
inbound,88155,88177,88181,4,,10
update,88165,88187,88190,3,,11
update,88176,88197,88201,4,,12
update,88187,88208,88211,3,,13
update,88198,88220,88223,3,,14
inbound,88200,88222,88226,4,,15
update,88209,88231,88236,5,,0
inbound,88210,88232,88238,6,,1
update,88220,88242,88245,3,,2
inbound,88225,88247,88249,2,,3
update,88231,88253,88256,3,,4
update,88242,88264,88267,3,,5
update,88253,88275,88278,3,,6
update,88264,88286,88289,3,,7
inbound,88265,88287,88291,4,,8
update,88275,88297,88300,3,,9
update,88286,88308,88311,3,,10
update,88297,88318,88322,4,,11
update,88308,88329,88332,3,,12
update,88319,88340,88344,4,,13
inbound,88320,88342,88345,3,,14
update,88330,88352,88354,2,,15
update,88341,88363,88366,3,,0
update,88352,88374,88377,3,,1
update,88363,88384,88387,3,,2
update,88374,88396,88400,4,,3
inbound,88375,88396,88400,4,,4
update,88385,88407,88410,3,,5
update,88396,88418,88421,3,,6
inbound,88400,88421,88424,3,,7
update,88407,88428,88431,3,,8
update,88418,88440,88443,3,,9
inbound,88425,88447,88450,3,,10
update,88429,88451,88454,3,,11
inbound,88430,88452,88456,4,,12
update,88440,88461,88464,3,,13
update,88451,88473,88475,2,,14
update,88462,88484,88487,3,,15
update,88473,88495,88498,3,,0
update,88484,88506,88510,4,,1
inbound,88485,88507,88510,3,,2
update,88495,88517,88520,3,,3
update,88506,88528,88531,3,,4
update,88517,88539,88543,4,,5
update,88528,88549,88554,5,,6
update,88539,88560,88564,4,,7
inbound,88540,88561,88565,4,,8
update,88550,88572,88575,3,,9
update,88561,88583,88586,3,,10
update,88572,88593,88596,3,,11
update,88583,88604,88608,4,,12
update,88594,88615,88618,3,,13
inbound,88595,88617,88621,4,,14
update,88605,88627,88630,3,,15
update,88616,88637,88640,3,,0
update,88627,88648,88651,3,,1
update,88638,88659,88662,3,,2
update,88649,88670,88674,4,,3
inbound,88650,88671,88676,5,,4
update,88660,88682,88685,3,,5
update,88671,88693,88696,3,,6
update,88682,88704,88707,3,,7
update,88693,88715,88717,2,,8
update,88704,88726,88729,3,,9
inbound,88705,88727,88730,3,,10
update,88715,88737,88739,2,,11
update,88726,88747,88751,4,,12
update,88737,88759,88762,3,,13
update,88748,88769,88772,3,,14
update,88759,88780,88784,4,,15
inbound,88760,88782,88784,2,,0
update,88770,88791,88794,3,,1
update,88781,88802,88805,3,,2
update,88792,88814,88816,2,,3
update,88803,88825,88828,3,,4
update,88814,88836,88839,3,,5
inbound,88815,88837,88839,2,,6
update,88825,88847,88849,2,,7
update,88836,88857,88860,3,,8
update,88847,88869,88872,3,,9
update,88858,88880,88883,3,,10
update,88869,88891,88894,3,,11
update,88880,88902,88905,3,,12
update,88891,88912,88915,3,,13
update,88902,88923,88928,5,,14
update,88913,88934,88937,3,,15
update,88924,88946,88949,3,,0
inbound,89000,89021,89025,4,,2
update,89000,89021,89025,4,,1
update,89011,89032,89035,3,,3
update,89022,89044,89047,3,,4
inbound,89025,89046,89050,4,,5
update,89033,89055,89058,3,,6
update,89044,89065,89068,3,,7
update,89055,89076,89080,4,,8
update,89066,89088,89091,3,,9
update,89077,89098,89101,3,,10
update,89088,89110,89113,3,,11
update,89099,89121,89124,3,,12
inbound,89100,89122,89125,3,,13
update,89110,89132,89134,2,,14
update,89121,89142,89145,3,,15
update,89132,89154,89157,3,,0
update,89143,89165,89167,2,,1
update,89154,89176,89179,3,,2
inbound,89155,89176,89179,3,,3
update,89165,89186,89189,3,,4
update,89176,89198,89201,3,,5
update,89187,89209,89211,2,,6
update,89198,89220,89222,2,,7
inbound,89200,89222,89225,3,,8
update,89209,89231,89234,3,,9
inbound,89210,89232,89235,3,,10
update,89220,89242,89244,2,,11
inbound,89225,89247,89250,3,,12
update,89231,89253,89255,2,,13
update,89242,89264,89266,2,,14
update,89253,89275,89277,2,,15
update,89264,89286,89289,3,,0
inbound,89265,89287,89290,3,,1
update,89275,89296,89299,3,,2
update,89286,89308,89311,3,,3
update,89297,89318,89322,4,,4
update,89308,89330,89332,2,,5
update,89319,89341,89344,3,,6
inbound,89320,89342,89345,3,,7
update,89330,89351,89354,3,,8
update,89341,89363,89366,3,,9
update,89352,89374,89377,3,,10
update,89363,89384,89387,3,,11
update,89374,89396,89399,3,,12
inbound,89375,89397,89400,3,,13
update,89385,89406,89409,3,,14
update,89396,89417,89420,3,,15
inbound,89400,89422,89425,3,,0
update,89407,89429,89432,3,,1
update,89418,89440,89443,3,,2
inbound,89425,89447,89449,2,,3
update,89429,89450,89453,3,,4
inbound,89430,89452,89455,3,,5
update,89440,89462,89464,2,,6
update,89451,89473,89476,3,,7
update,89462,89484,89486,2,,8
update,89473,89495,89498,3,,9
update,89484,89505,89509,4,,10
inbound,89485,89507,89510,3,,11
update,89495,89517,89519,2,,12
update,89506,89528,89530,2,,13
update,89517,89539,89545,6,,14
update,89528,89549,89554,5,,15
update,89539,89561,89565,4,,0
inbound,89540,89562,89566,4,,1
update,89550,89572,89575,3,,2
update,89561,89583,89585,2,,3
update,89572,89594,89597,3,,4
update,89583,89605,89608,3,,5
update,89594,89616,89619,3,,6
inbound,89595,89617,89620,3,,7
update,89605,89627,89629,2,,8
update,89616,89637,89640,3,,9
update,89627,89649,89651,2,,10
update,89638,89659,89662,3,,11
update,89649,89671,89674,3,,12
inbound,89650,89672,89676,4,,13
update,89660,89681,89684,3,,14
update,89671,89693,89695,2,,15
update,89682,89704,89707,3,,0
update,89693,89714,89718,4,,1
inbound,89705,89726,89729,3,,3
update,89704,89726,89729,3,,2
update,89715,89736,89739,3,,4
update,89726,89748,89751,3,,5
update,89737,89759,89761,2,,6
update,89748,89769,89772,3,,7
update,89759,89781,89784,3,,8
inbound,89760,89782,89784,2,,9
update,89770,89792,89795,3,,10
update,89781,89803,89806,3,,11
update,89792,89813,89816,3,,12
update,89803,89824,89827,3,,13
update,89814,89836,89839,3,,14
inbound,89815,89837,89839,2,,15
update,89825,89846,89849,3,,0
update,89836,89857,89860,3,,1
update,89847,89868,89872,4,,2
update,89858,89880,89883,3,,3
update,89869,89891,89894,3,,4
update,89880,89902,89905,3,,5
update,89891,89912,89915,3,,6
update,89902,89924,89927,3,,7
update,89913,89935,89938,3,,8
update,89924,89946,89949,3,,9
inbound,90000,90022,90025,3,,11
update,90000,90022,90026,4,,10
update,90011,90033,90036,3,,12
update,90022,90044,90048,4,,13
inbound,90025,90046,90049,3,,14
update,90033,90055,90057,2,,15
update,90044,90066,90069,3,,0
update,90055,90076,90079,3,,1
update,90066,90088,90091,3,,2
update,90077,90098,90101,3,,3
update,90088,90109,90112,3,,4
update,90099,90121,90124,3,,5
inbound,90100,90121,90125,4,,6
update,90110,90132,90135,3,,7
update,90121,90143,90146,3,,8
update,90132,90154,90157,3,,9
update,90143,90165,90168,3,,10
update,90154,90176,90179,3,,11
inbound,90155,90176,90179,3,,12
update,90165,90187,90190,3,,13
update,90176,90197,90200,3,,14
update,90187,90209,90212,3,,15
update,90198,90220,90223,3,,0
inbound,90200,90222,90225,3,,1
update,90209,90231,90234,3,,2
inbound,90210,90231,90234,3,,3
update,90220,90242,90244,2,,4
inbound,90225,90247,90249,2,,5
update,90231,90252,90255,3,,6
update,90242,90264,90267,3,,7
update,90253,90275,90278,3,,8
update,90264,90286,90289,3,,9
inbound,90265,90286,90290,4,,10
update,90275,90297,90300,3,,11
update,90286,90308,90311,3,,12
update,90297,90319,90322,3,,13
update,90308,90330,90332,2,,14
update,90319,90341,90344,3,,15
inbound,90320,90342,90345,3,,0
update,90330,90351,90354,3,,1
update,90341,90362,90365,3,,2
update,90352,90373,90376,3,,3
update,90363,90384,90387,3,,4
update,90374,90396,90399,3,,5
inbound,90375,90397,90400,3,,6
update,90385,90407,90409,2,,7
update,90396,90417,90420,3,,8
inbound,90400,90421,90425,4,,9
update,90407,90429,90432,3,,10
update,90418,90439,90442,3,,11
inbound,90425,90446,90449,3,,12
update,90429,90450,90453,3,,13
inbound,90430,90451,90454,3,,14
update,90440,90461,90464,3,,15
update,90451,90473,90476,3,,0
update,90462,90484,90486,2,,1
update,90473,90494,90497,3,,2
update,90484,90506,90509,3,,3
inbound,90485,90508,90511,3,,4
update,90495,90516,90519,3,,5
update,90506,90527,90530,3,,6
update,90517,90539,90542,3,,7
update,90528,90550,90553,3,,8
update,90539,90560,90565,5,,9
inbound,90540,90563,90567,4,,10
update,90550,90572,90576,4,,11
update,90561,90583,90586,3,,12
update,90572,90593,90597,4,,13
update,90583,90605,90608,3,,14
update,90594,90616,90620,4,,15
inbound,90595,90618,90622,4,,0
update,90605,90626,90631,5,,1
update,90616,90638,90642,4,,2
update,90627,90649,90653,4,,3
update,90638,90660,90664,4,,4
update,90649,90671,90676,5,,5
inbound,90650,90673,90677,4,,6
update,90660,90682,90686,4,,7
update,90671,90693,90697,4,,8
update,90682,90704,90707,3,,9
update,90693,90715,90717,2,,10
update,90704,90726,90728,2,,11
inbound,90705,90728,90730,2,,12
update,90715,90737,90739,2,,13
update,90726,90748,90750,2,,14
update,90737,90758,90761,3,,15
update,90748,90769,90772,3,,0
update,90759,90780,90783,3,,1
inbound,90760,90782,90784,2,,2
update,90770,90791,90794,3,,3
update,90781,90802,90805,3,,4
update,90792,90813,90816,3,,5
update,90803,90825,90828,3,,6
update,90814,90836,90838,2,,7
inbound,90815,90838,90840,2,,8
update,90825,90846,90849,3,,9
update,90836,90858,90861,3,,10
update,90847,90869,90871,2,,11
update,90858,90880,90882,2,,12
update,90869,90890,90893,3,,13
update,90880,90902,90904,2,,14
update,90891,90912,90915,3,,15
update,90902,90923,90926,3,,0
update,90913,90935,90938,3,,1
update,90924,90945,90948,3,,2
update,91000,91023,91028,5,,3
inbound,91000,91023,91028,5,,4
update,91011,91034,91036,2,,5
update,91022,91045,91050,5,,6
inbound,91025,91047,91050,3,,7
update,91033,91056,91058,2,,8
update,91044,91066,91069,3,,9
update,91055,91078,91080,2,,10
update,91066,91089,91092,3,,11
update,91077,91100,91103,3,,12
update,91088,91111,91113,2,,13
update,91099,91121,91125,4,,14
inbound,91100,91123,91125,2,,15
update,91110,91133,91136,3,,0
update,91121,91144,91147,3,,1
update,91132,91155,91157,2,,2
update,91143,91165,91168,3,,3
update,91154,91176,91180,4,,4
inbound,91155,91178,91182,4,,5
update,91165,91188,91191,3,,6
update,91176,91198,91202,4,,7
update,91187,91210,91213,3,,8
update,91198,91221,91225,4,,9
inbound,91200,91222,91226,4,,10
update,91209,91232,91235,3,,11
inbound,91210,91233,91237,4,,12
update,91220,91242,91245,3,,13
inbound,91225,91247,91250,3,,14
update,91231,91253,91256,3,,15
update,91242,91265,91268,3,,0
update,91253,91276,91278,2,,1
update,91264,91287,91290,3,,2
inbound,91265,91288,91291,3,,3
update,91275,91297,91300,3,,4
update,91286,91309,91312,3,,5
update,91297,91320,91323,3,,6
update,91308,91330,91333,3,,7
update,91319,91342,91345,3,,8
inbound,91320,91343,91346,3,,9
update,91330,91353,91356,3,,10
update,91341,91364,91367,3,,11
update,91352,91375,91378,3,,12
update,91363,91386,91389,3,,13
update,91374,91397,91401,4,,14
inbound,91375,91397,91402,5,,15
update,91385,91408,91411,3,,0
update,91396,91419,91422,3,,1
inbound,91400,91423,91426,3,,2
update,91407,91430,91434,4,,3
update,91418,91441,91444,3,,4
inbound,91425,91448,91450,2,,5
update,91429,91452,91455,3,,6
inbound,91430,91453,91456,3,,7
update,91440,91463,91466,3,,8
update,91451,91473,91476,3,,9
update,91462,91485,91487,2,,10
update,91473,91496,91499,3,,11
update,91484,91507,91510,3,,12
inbound,91485,91507,91511,4,,13
update,91495,91517,91520,3,,14
update,91506,91529,91531,2,,15
update,91517,91539,91542,3,,0
update,91528,91550,91554,4,,1
update,91539,91562,91566,4,,2
inbound,91540,91562,91567,5,,3
update,91550,91573,91576,3,,4
update,91561,91583,91586,3,,5
update,91572,91595,91598,3,,6
update,91583,91605,91610,5,,7
update,91594,91617,91622,5,,8
inbound,91595,91619,91624,5,,9
update,91605,91628,91631,3,,10
update,91616,91638,91643,5,,11
update,91627,91650,91654,4,,12
update,91638,91661,91665,4,,13
update,91649,91672,91676,4,,14
inbound,91650,91672,91679,7,,15
update,91660,91683,91686,3,,0
update,91671,91694,91698,4,,1
update,91682,91704,91710,6,,2
update,91693,91716,91721,5,,3
inbound,91705,91728,91733,5,,5
update,91704,91726,91733,7,,4
update,91715,91738,91742,4,,6
update,91726,91749,91752,3,,7
update,91737,91759,91762,3,,8
update,91748,91771,91773,2,,9
update,91759,91782,91785,3,,10
inbound,91760,91783,91785,2,,11
update,91770,91792,91795,3,,12
update,91781,91803,91806,3,,13
update,91792,91815,91818,3,,14
update,91803,91825,91828,3,,15
inbound,91815,91837,91839,2,,1
update,91814,91837,91840,3,,0
update,91825,91848,91851,3,,2
update,91836,91859,91862,3,,3
update,91847,91870,91872,2,,4
update,91858,91880,91883,3,,5
update,91869,91891,91895,4,,6
update,91880,91903,91906,3,,7
update,91891,91914,91916,2,,8
update,91902,91925,91928,3,,9
update,91913,91936,91939,3,,10
update,91924,91947,91950,3,,11
update,92000,92023,92028,5,,12
inbound,92000,92023,92028,5,,13
update,92011,92033,92036,3,,14
update,92022,92045,92048,3,,15
inbound,92025,92048,92051,3,,0
update,92033,92056,92059,3,,1
update,92044,92067,92069,2,,2
update,92055,92077,92080,3,,3
update,92066,92089,92092,3,,4
update,92077,92100,92103,3,,5
update,92088,92110,92113,3,,6
update,92099,92122,92125,3,,7
inbound,92100,92122,92126,4,,8
update,92110,92133,92136,3,,9
update,92121,92143,92146,3,,10
update,92132,92154,92158,4,,11
update,92143,92166,92169,3,,12
update,92154,92177,92180,3,,13
inbound,92155,92178,92181,3,,14
update,92165,92187,92190,3,,15
update,92176,92199,92202,3,,0
update,92187,92210,92213,3,,1
update,92198,92220,92224,4,,2
inbound,92200,92222,92225,3,,3
update,92209,92232,92235,3,,4
inbound,92210,92233,92236,3,,5
update,92220,92242,92246,4,,6
inbound,92225,92248,92251,3,,7
update,92231,92253,92256,3,,8
update,92242,92264,92268,4,,9
update,92253,92275,92278,3,,10
update,92264,92286,92290,4,,11
inbound,92265,92287,92291,4,,12
update,92275,92298,92301,3,,13
update,92286,92310,92314,4,,14
update,92297,92319,92322,3,,15
update,92308,92330,92333,3,,0
update,92319,92341,92344,3,,1
inbound,92320,92343,92346,3,,2
update,92330,92353,92356,3,,3
update,92341,92364,92366,2,,4
update,92352,92375,92377,2,,5
update,92363,92386,92388,2,,6
update,92374,92396,92399,3,,7
inbound,92375,92397,92402,5,,8
update,92385,92408,92410,2,,9
update,92396,92419,92421,2,,10
inbound,92400,92423,92425,2,,11
update,92407,92429,92432,3,,12
update,92418,92441,92444,3,,13
inbound,92425,92448,92450,2,,14
update,92429,92451,92454,3,,15
inbound,92430,92453,92456,3,,0
update,92440,92463,92466,3,,1
update,92451,92473,92476,3,,2
update,92462,92485,92488,3,,3
update,92473,92496,92499,3,,4
update,92484,92506,92509,3,,5
inbound,92485,92507,92510,3,,6
update,92495,92518,92522,4,,7
update,92506,92529,92532,3,,8
update,92517,92540,92543,3,,9
update,92528,92551,92554,3,,10
update,92539,92562,92568,6,,11
inbound,92540,92563,92569,6,,12
update,92550,92573,92575,2,,13
update,92561,92584,92587,3,,14
update,92572,92595,92598,3,,15
update,92583,92606,92609,3,,0
update,92594,92616,92621,5,,1
inbound,92595,92617,92622,5,,2
update,92605,92627,92630,3,,3
update,92616,92639,92642,3,,4
update,92627,92650,92653,3,,5
update,92638,92661,92664,3,,6
update,92649,92671,92674,3,,7
inbound,92650,92672,92676,4,,8
update,92660,92683,92685,2,,9
update,92671,92693,92696,3,,10
update,92682,92705,92708,3,,11
update,92693,92715,92718,3,,12
update,92704,92727,92730,3,,13
inbound,92705,92727,92731,4,,14
update,92715,92737,92741,4,,15
update,92726,92749,92751,2,,0
update,92737,92760,92763,3,,1
update,92748,92771,92773,2,,2
update,92759,92782,92785,3,,3
inbound,92760,92782,92786,4,,4
update,92770,92792,92795,3,,5
update,92781,92804,92807,3,,6
update,92792,92814,92817,3,,7
update,92803,92825,92828,3,,8
update,92814,92836,92839,3,,9
inbound,92815,92837,92840,3,,10
update,92825,92848,92850,2,,11
update,92836,92858,92861,3,,12
update,92847,92870,92873,3,,13
update,92858,92880,92884,4,,14
update,92869,92892,92894,2,,15
update,92880,92902,92906,4,,0
update,92891,92913,92916,3,,1
update,92902,92925,92928,3,,2
update,92913,92935,92938,3,,3
update,92924,92947,92950,3,,4
update,93000,93023,93026,3,,5
inbound,93000,93023,93027,4,,6
update,93011,93034,93037,3,,7
update,93022,93045,93047,2,,8
inbound,93025,93047,93051,4,,9
update,93033,93056,93058,2,,10
update,93044,93067,93069,2,,11
update,93055,93078,93081,3,,12
update,93066,93089,93091,2,,13
update,93077,93099,93102,3,,14
update,93088,93111,93114,3,,15
update,93099,93122,93125,3,,0
inbound,93100,93123,93126,3,,1
update,93110,93133,93136,3,,2
update,93121,93144,93146,2,,3
update,93132,93155,93157,2,,4
update,93143,93166,93172,6,,5
update,93154,93177,93180,3,,6
inbound,93155,93178,93181,3,,7
update,93165,93188,93191,3,,8
update,93176,93198,93201,3,,9
update,93187,93210,93214,4,,10
update,93198,93221,93223,2,,11
inbound,93200,93223,93226,3,,12
update,93209,93231,93235,4,,13
inbound,93210,93233,93236,3,,14
update,93220,93242,93245,3,,15
inbound,93225,93247,93250,3,,0
update,93231,93254,93256,2,,1
update,93242,93264,93268,4,,2
update,93253,93276,93279,3,,3
update,93264,93287,93290,3,,4
inbound,93265,93288,93291,3,,5
update,93275,93298,93300,2,,6
update,93286,93308,93312,4,,7
update,93297,93320,93323,3,,8
update,93308,93331,93334,3,,9
update,93319,93341,93345,4,,10
inbound,93320,93342,93346,4,,11
update,93330,93353,93356,3,,12
update,93341,93363,93366,3,,13
update,93352,93375,93377,2,,14
update,93363,93386,93389,3,,15
update,93374,93397,93400,3,,0
inbound,93375,93398,93402,4,,1
update,93385,93407,93410,3,,2
update,93396,93418,93421,3,,3
inbound,93400,93423,93426,3,,4
update,93407,93430,93434,4,,5
update,93418,93441,93443,2,,6
inbound,93425,93448,93451,3,,7
update,93429,93452,93455,3,,8
inbound,93430,93453,93456,3,,9
update,93440,93463,93466,3,,10
update,93451,93474,93477,3,,11
update,93462,93485,93488,3,,12
update,93473,93495,93498,3,,13
update,93484,93506,93510,4,,14
inbound,93485,93507,93511,4,,15
update,93495,93518,93521,3,,0
update,93506,93528,93531,3,,1
update,93517,93540,93542,2,,2
update,93528,93551,93554,3,,3
update,93539,93561,93567,6,,4
inbound,93540,93562,93569,7,,5
update,93550,93573,93576,3,,6
update,93561,93583,93586,3,,7
update,93572,93595,93598,3,,8
update,93583,93605,93609,4,,9
update,93594,93617,93620,3,,10
inbound,93595,93617,93620,3,,11
update,93605,93628,93631,3,,12
update,93616,93639,93642,3,,13
update,93627,93650,93653,3,,14
update,93638,93660,93663,3,,15
update,93649,93671,93674,3,,0
inbound,93650,93673,93676,3,,1
update,93660,93682,93685,3,,2
update,93671,93693,93696,3,,3
update,93682,93705,93708,3,,4
update,93693,93716,93719,3,,5
inbound,93705,93727,93730,3,,7
update,93704,93727,93731,4,,6
update,93715,93738,93740,2,,8
update,93726,93749,93751,2,,9
update,93737,93760,93763,3,,10
update,93748,93771,93774,3,,11
update,93759,93782,93785,3,,12
inbound,93760,93783,93785,2,,13
update,93770,93793,93796,3,,14
update,93781,93804,93806,2,,15
update,93792,93815,93818,3,,0
update,93803,93825,93830,5,,1
update,93814,93836,93841,5,,2
inbound,93815,93838,93842,4,,3
update,93825,93848,93852,4,,4
update,93836,93859,93864,5,,5
update,93847,93870,93875,5,,6
update,93858,93881,93883,2,,7
update,93869,93892,93894,2,,8
update,93880,93902,93905,3,,9
update,93891,93913,93916,3,,10
update,93902,93924,93927,3,,11
update,93913,93935,93938,3,,12
update,93924,93947,93949,2,,13
update,94000,94022,94026,4,,14
inbound,94000,94022,94026,4,,15
update,94011,94034,94037,3,,0
update,94022,94045,94048,3,,1
inbound,94025,94048,94050,2,,2
update,94033,94056,94059,3,,3
update,94044,94067,94070,3,,4
update,94055,94078,94081,3,,5
update,94066,94089,94092,3,,6
update,94077,94100,94103,3,,7
update,94088,94111,94114,3,,8
inbound,94100,94122,94125,3,,10
update,94099,94122,94125,3,,9
update,94110,94133,94135,2,,11
update,94121,94144,94146,2,,12
update,94132,94155,94157,2,,13
update,94143,94166,94169,3,,14
update,94154,94177,94180,3,,15
inbound,94155,94177,94180,3,,0
update,94165,94188,94190,2,,1
update,94176,94199,94201,2,,2
update,94187,94210,94213,3,,3
update,94198,94221,94224,3,,4
inbound,94200,94223,94226,3,,5
update,94209,94232,94235,3,,6
inbound,94210,94232,94235,3,,7
update,94220,94242,94245,3,,8
inbound,94225,94248,94251,3,,9
update,94231,94254,94256,2,,10
update,94242,94265,94268,3,,11
update,94253,94276,94278,2,,12
update,94264,94287,94290,3,,13
inbound,94265,94288,94291,3,,14
update,94275,94298,94301,3,,15
update,94286,94309,94312,3,,0
update,94297,94320,94323,3,,1
update,94308,94331,94334,3,,2
update,94319,94342,94345,3,,3
inbound,94320,94343,94346,3,,4
update,94330,94353,94356,3,,5
update,94341,94364,94367,3,,6
update,94352,94375,94378,3,,7
update,94363,94386,94389,3,,8
update,94374,94397,94400,3,,9
inbound,94375,94397,94401,4,,10
update,94385,94408,94411,3,,11
update,94396,94418,94421,3,,12
inbound,94400,94422,94425,3,,13
update,94407,94429,94433,4,,14
update,94418,94441,94444,3,,15
inbound,94425,94448,94451,3,,0
update,94429,94452,94455,3,,1
inbound,94430,94453,94456,3,,2
update,94440,94462,94465,3,,3
update,94451,94474,94477,3,,4
update,94462,94485,94488,3,,5
update,94473,94496,94498,2,,6
update,94484,94507,94510,3,,7
inbound,94485,94508,94511,3,,8
update,94495,94518,94521,3,,9
update,94506,94528,94531,3,,10
update,94517,94540,94543,3,,11
update,94528,94550,94553,3,,12
update,94539,94561,94564,3,,13
inbound,94540,94563,94566,3,,14
update,94550,94573,94576,3,,15
update,94561,94584,94587,3,,0
update,94572,94595,94598,3,,1
update,94583,94606,94609,3,,2
update,94594,94616,94619,3,,3
inbound,94595,94617,94620,3,,4
update,94605,94627,94630,3,,5
update,94616,94639,94642,3,,6
update,94627,94649,94652,3,,7
update,94638,94660,94663,3,,8
inbound,94650,94672,94675,3,,10
update,94649,94672,94676,4,,9
update,94660,94683,94686,3,,11
update,94671,94694,94697,3,,12
update,94682,94705,94708,3,,13
update,94693,94715,94718,3,,14
update,94704,94727,94730,3,,15
inbound,94705,94728,94731,3,,0
update,94715,94738,94740,2,,1
update,94726,94748,94751,3,,2
update,94737,94760,94763,3,,3
update,94748,94770,94773,3,,4
inbound,94760,94782,94784,2,,6
update,94759,94782,94785,3,,5
update,94770,94792,94795,3,,7
update,94781,94803,94806,3,,8
update,94792,94814,94817,3,,9
update,94803,94825,94828,3,,10
inbound,94815,94837,94839,2,,12
update,94814,94837,94840,3,,11
update,94825,94847,94850,3,,13
update,94836,94859,94862,3,,14
update,94847,94870,94873,3,,15
update,94858,94881,94884,3,,0
update,94869,94892,94895,3,,1
update,94880,94903,94906,3,,2
update,94891,94913,94916,3,,3
update,94902,94925,94928,3,,4
update,94913,94936,94939,3,,5
update,94924,94947,94950,3,,6
update,95000,95023,95026,3,,7
inbound,95000,95023,95026,3,,8
update,95011,95034,95037,3,,9
update,95022,95045,95048,3,,10
inbound,95025,95048,95050,2,,11
update,95033,95056,95058,2,,12
update,95044,95067,95069,2,,13
update,95055,95078,95081,3,,14
update,95066,95089,95092,3,,15
update,95077,95100,95102,2,,0
update,95088,95111,95113,2,,1
update,95099,95121,95124,3,,2
inbound,95100,95122,95126,4,,3
update,95110,95133,95135,2,,4
update,95121,95144,95146,2,,5
update,95132,95154,95157,3,,6
update,95143,95166,95169,3,,7
update,95154,95176,95180,4,,8
inbound,95155,95178,95181,3,,9
update,95165,95187,95190,3,,10
update,95176,95199,95202,3,,11
update,95187,95209,95213,4,,12
update,95198,95221,95225,4,,13
inbound,95200,95223,95226,3,,14
update,95209,95232,95235,3,,15
inbound,95210,95233,95237,4,,0
update,95220,95243,95246,3,,1
inbound,95225,95247,95250,3,,2
update,95231,95253,95257,4,,3
update,95242,95265,95267,2,,4
update,95253,95275,95278,3,,5
update,95264,95287,95290,3,,6
inbound,95265,95288,95291,3,,7
update,95275,95298,95301,3,,8
update,95286,95309,95312,3,,9
update,95297,95320,95323,3,,10
update,95308,95331,95334,3,,11
inbound,95320,95342,95345,3,,13
update,95319,95342,95346,4,,12
update,95330,95352,95356,4,,14
update,95341,95364,95367,3,,15
update,95352,95375,95377,2,,0
update,95363,95386,95389,3,,1
update,95374,95396,95400,4,,2
inbound,95375,95397,95401,4,,3
update,95385,95408,95411,3,,4
update,95396,95418,95423,5,,5
inbound,95400,95423,95427,4,,6
update,95407,95430,95432,2,,7
update,95418,95440,95445,5,,8
inbound,95425,95448,95450,2,,9
update,95429,95451,95455,4,,10
inbound,95430,95453,95457,4,,11
update,95440,95463,95465,2,,12
update,95451,95473,95476,3,,13
update,95462,95484,95487,3,,14
update,95473,95496,95499,3,,15
update,95484,95507,95511,4,,0
inbound,95485,95508,95512,4,,1
update,95495,95518,95521,3,,2
update,95506,95529,95531,2,,3
update,95517,95540,95543,3,,4
update,95528,95551,95554,3,,5
update,95539,95561,95565,4,,6
inbound,95540,95563,95567,4,,7
update,95550,95573,95579,6,,8
update,95561,95584,95588,4,,9
update,95572,95595,95598,3,,10
inbound,95595,95618,95629,11,,13
update,95594,95617,95629,12,,12
update,95583,95605,95629,24,,11
update,95605,95628,95675,47,,14
inbound,95650,95673,95676,3,,3
update,95616,95639,95676,37,,15
update,95638,95661,95676,15,,1
update,95649,95672,95676,4,,2
update,95627,95650,95676,26,,0
update,95671,95693,95722,29,,5
update,95693,95716,95722,6,,7
update,95660,95683,95722,39,,4
update,95682,95704,95722,18,,6
inbound,95705,95727,95731,4,,9
update,95704,95727,95731,4,,8
update,95715,95738,95740,2,,10
update,95726,95749,95752,3,,11
update,95737,95760,95763,3,,12
update,95748,95771,95773,2,,13
inbound,95760,95783,95787,4,,15
update,95759,95782,95787,5,,14
update,95770,95792,95795,3,,0
update,95781,95804,95807,3,,1
update,95792,95815,95818,3,,2
update,95803,95826,95829,3,,3
update,95814,95836,95840,4,,4
inbound,95815,95839,95843,4,,5
update,95825,95847,95852,5,,6
update,95836,95859,95862,3,,7
update,95847,95870,95875,5,,8
update,95858,95881,95883,2,,9
update,95869,95892,95894,2,,10
update,95880,95902,95906,4,,11
update,95891,95914,95917,3,,12
update,95902,95925,95928,3,,13
update,95913,95936,95939,3,,14
update,95924,95946,95949,3,,15
inbound,96000,96022,96026,4,,1
update,96000,96022,96027,5,,0
update,96011,96034,96037,3,,2
update,96022,96045,96048,3,,3
inbound,96025,96048,96051,3,,4
update,96033,96056,96058,2,,5
update,96044,96067,96070,3,,6
update,96055,96078,96081,3,,7
update,96066,96089,96092,3,,8
update,96077,96099,96102,3,,9
update,96088,96111,96114,3,,10
update,96099,96122,96125,3,,11
inbound,96100,96123,96126,3,,12
update,96110,96132,96136,4,,13
update,96121,96144,96147,3,,14
update,96132,96154,96158,4,,15
update,96143,96166,96170,4,,0
update,96154,96177,96180,3,,1
inbound,96155,96178,96183,5,,2
update,96165,96188,96193,5,,3
update,96176,96199,96203,4,,4
update,96187,96210,96214,4,,5
update,96198,96220,96226,6,,6
inbound,96200,96223,96227,4,,7
update,96209,96232,96236,4,,8
inbound,96210,96233,96237,4,,9
update,96220,96243,96245,2,,10
inbound,96225,96248,96250,2,,11
update,96231,96254,96256,2,,12
update,96242,96265,96267,2,,13
update,96253,96276,96278,2,,14
update,96264,96287,96291,4,,15
inbound,96265,96288,96292,4,,0
update,96275,96298,96301,3,,1
update,96286,96308,96315,7,,2
update,96297,96320,96323,3,,3
update,96308,96330,96334,4,,4
update,96319,96342,96346,4,,5
inbound,96320,96343,96350,7,,6
update,96330,96352,96356,4,,7
update,96341,96364,96367,3,,8
update,96352,96375,96378,3,,9
update,96363,96386,96389,3,,10
update,96374,96397,96401,4,,11
inbound,96375,96398,96401,3,,12
update,96385,96408,96411,3,,13
update,96396,96419,96422,3,,14
inbound,96400,96423,96426,3,,15
update,96407,96429,96432,3,,0
update,96418,96440,96443,3,,1
inbound,96425,96447,96451,4,,2
update,96429,96451,96454,3,,3
inbound,96430,96452,96456,4,,4
update,96440,96463,96466,3,,5
update,96451,96474,96477,3,,6
update,96462,96485,96488,3,,7
update,96473,96496,96498,2,,8
update,96484,96507,96510,3,,9
inbound,96485,96508,96511,3,,10
update,96495,96517,96520,3,,11
update,96506,96528,96532,4,,12
update,96517,96540,96543,3,,13
update,96528,96551,96553,2,,14
update,96539,96561,96565,4,,15
inbound,96540,96563,96566,3,,0
update,96550,96573,96576,3,,1
update,96561,96584,96588,4,,2
update,96572,96594,96597,3,,3
update,96583,96606,96609,3,,4
update,96594,96616,96620,4,,5
inbound,96595,96618,96621,3,,6
update,96605,96627,96630,3,,7
update,96616,96639,96642,3,,8
update,96627,96649,96652,3,,9
update,96638,96660,96663,3,,10
update,96649,96672,96675,3,,11
inbound,96650,96673,96677,4,,12
update,96660,96682,96685,3,,13
update,96671,96694,96697,3,,14
update,96682,96704,96707,3,,15
update,96693,96716,96719,3,,0
update,96704,96726,96730,4,,1
inbound,96705,96727,96730,3,,2
update,96715,96738,96741,3,,3
update,96726,96749,96751,2,,4
update,96737,96760,96763,3,,5
update,96748,96771,96774,3,,6
update,96759,96782,96786,4,,7
inbound,96760,96783,96786,3,,8
update,96770,96793,96796,3,,9
update,96781,96804,96807,3,,10
update,96792,96815,96818,3,,11
update,96803,96825,96828,3,,12
update,96814,96837,96840,3,,13
inbound,96815,96838,96841,3,,14
update,96825,96848,96851,3,,15
update,96836,96859,96861,2,,0
update,96847,96869,96872,3,,1
update,96858,96881,96884,3,,2
update,96869,96891,96894,3,,3
update,96880,96903,96906,3,,4
update,96891,96914,96916,2,,5
update,96902,96924,96927,3,,6
update,96913,96936,96939,3,,7
update,96924,96947,96950,3,,8
update,97000,97022,97025,3,,9
inbound,97000,97022,97026,4,,10
update,97011,97033,97037,4,,11
update,97022,97044,97047,3,,12
inbound,97025,97048,97051,3,,13
update,97033,97055,97058,3,,14
update,97044,97067,97070,3,,15
update,97055,97078,97080,2,,0
update,97066,97089,97092,3,,1
update,97077,97100,97103,3,,2
update,97088,97111,97114,3,,3
update,97099,97121,97124,3,,4
inbound,97100,97123,97126,3,,5
update,97110,97132,97135,3,,6
update,97121,97143,97146,3,,7
update,97132,97155,97157,2,,8
update,97143,97166,97169,3,,9
update,97154,97176,97179,3,,10
inbound,97155,97178,97181,3,,11
update,97165,97188,97191,3,,12
update,97176,97199,97202,3,,13
update,97187,97209,97212,3,,14
update,97198,97221,97224,3,,15
inbound,97200,97222,97226,4,,0
update,97209,97231,97234,3,,1
inbound,97210,97232,97236,4,,2
update,97220,97242,97245,3,,3
inbound,97225,97248,97250,2,,4
update,97231,97254,97257,3,,5
update,97242,97265,97267,2,,6
update,97253,97276,97279,3,,7
update,97264,97287,97290,3,,8
inbound,97265,97288,97291,3,,9
update,97275,97298,97300,2,,10
update,97286,97309,97312,3,,11
update,97297,97320,97322,2,,12
update,97308,97330,97334,4,,13
update,97319,97342,97345,3,,14
inbound,97320,97343,97347,4,,15
update,97330,97353,97355,2,,0
update,97341,97363,97367,4,,1
update,97352,97375,97378,3,,2
update,97363,97386,97388,2,,3
update,97374,97396,97400,4,,4
inbound,97375,97397,97401,4,,5
update,97385,97408,97411,3,,6
update,97396,97419,97422,3,,7
inbound,97400,97423,97426,3,,8
update,97407,97430,97433,3,,9
update,97418,97441,97444,3,,10
inbound,97425,97448,97451,3,,11
update,97429,97451,97454,3,,12
inbound,97430,97452,97456,4,,13
update,97440,97463,97466,3,,14
update,97451,97474,97476,2,,15
update,97462,97484,97487,3,,0
update,97473,97496,97499,3,,1
update,97484,97507,97512,5,,2
inbound,97485,97507,97514,7,,3
update,97495,97518,97521,3,,4
update,97506,97529,97535,6,,5
update,97517,97540,97543,3,,6
update,97528,97551,97554,3,,7
update,97539,97562,97566,4,,8
inbound,97540,97563,97566,3,,9
update,97550,97573,97575,2,,10
update,97561,97584,97591,7,,11
update,97572,97595,97598,3,,12
update,97583,97606,97609,3,,13
inbound,97595,97618,97621,3,,15
update,97594,97617,97621,4,,14
update,97605,97628,97631,3,,0
update,97616,97639,97642,3,,1
update,97627,97649,97652,3,,2
update,97638,97661,97664,3,,3
update,97649,97672,97675,3,,4
inbound,97650,97673,97677,4,,5
update,97660,97682,97686,4,,6
update,97671,97694,97698,4,,7
update,97682,97705,97708,3,,8
update,97693,97715,97719,4,,9
update,97704,97727,97732,5,,10
inbound,97705,97727,97733,6,,11
update,97715,97738,97741,3,,12
update,97726,97748,97751,3,,13
update,97737,97760,97763,3,,14
update,97748,97770,97773,3,,15
update,97759,97781,97785,4,,0
inbound,97760,97783,97785,2,,1
update,97770,97793,97795,2,,2
update,97781,97804,97806,2,,3
update,97792,97815,97818,3,,4
update,97803,97826,97828,2,,5
inbound,97815,97837,97839,2,,7
update,97814,97837,97840,3,,6
update,97825,97847,97851,4,,8
update,97836,97859,97862,3,,9
update,97847,97870,97873,3,,10
update,97858,97881,97884,3,,11
update,97869,97892,97896,4,,12
update,97880,97903,97905,2,,13
update,97891,97914,97917,3,,14
update,97902,97925,97928,3,,15
update,97913,97936,97939,3,,0
update,97924,97946,97949,3,,1
inbound,98000,98023,98027,4,,3
update,98000,98023,98028,5,,2
update,98011,98034,98036,2,,4
update,98022,98044,98047,3,,5
inbound,98025,98047,98050,3,,6
update,98033,98056,98059,3,,7
update,98044,98067,98070,3,,8
update,98055,98078,98081,3,,9
update,98066,98089,98092,3,,10
update,98077,98100,98103,3,,11
update,98088,98111,98113,2,,12
update,98099,98122,98125,3,,13
inbound,98100,98123,98126,3,,14
update,98110,98133,98136,3,,15
update,98121,98144,98147,3,,0
update,98132,98155,98158,3,,1
update,98143,98166,98169,3,,2
update,98154,98177,98180,3,,3
inbound,98155,98178,98181,3,,4
update,98165,98188,98191,3,,5
update,98176,98199,98202,3,,6
update,98187,98210,98213,3,,7
update,98198,98221,98224,3,,8
inbound,98200,98223,98226,3,,9
update,98209,98232,98235,3,,10
inbound,98210,98232,98235,3,,11
update,98220,98243,98247,4,,12
inbound,98225,98248,98251,3,,13
update,98231,98253,98257,4,,14
update,98242,98264,98268,4,,15
update,98253,98275,98279,4,,0
inbound,98265,98287,98290,3,,2
update,98264,98287,98291,4,,1
update,98275,98297,98300,3,,3
update,98286,98308,98312,4,,4
update,98297,98320,98323,3,,5
update,98308,98331,98334,3,,6
update,98319,98342,98345,3,,7
inbound,98320,98343,98346,3,,8
update,98330,98353,98356,3,,9
update,98341,98364,98367,3,,10
update,98352,98374,98377,3,,11
update,98363,98385,98388,3,,12
update,98374,98397,98400,3,,13
inbound,98375,98397,98400,3,,14
update,98385,98408,98411,3,,15
update,98396,98419,98421,2,,0
inbound,98400,98423,98425,2,,1
update,98407,98430,98432,2,,2
update,98418,98440,98443,3,,3
inbound,98425,98447,98451,4,,4
update,98429,98451,98455,4,,5
inbound,98430,98452,98456,4,,6
update,98440,98463,98466,3,,7
update,98451,98474,98477,3,,8
update,98462,98485,98488,3,,9
update,98473,98496,98498,2,,10
update,98484,98507,98510,3,,11
inbound,98485,98508,98511,3,,12
update,98495,98518,98521,3,,13
update,98506,98528,98531,3,,14
update,98517,98540,98543,3,,15
update,98528,98551,98554,3,,0
update,98539,98562,98565,3,,1
inbound,98540,98563,98566,3,,2
update,98550,98572,98575,3,,3
update,98561,98584,98587,3,,4
update,98572,98595,98598,3,,5
update,98583,98606,98609,3,,6
update,98594,98617,98620,3,,7
inbound,98595,98618,98621,3,,8
update,98605,98628,98631,3,,9
update,98616,98639,98642,3,,10
update,98627,98650,98653,3,,11
update,98638,98661,98664,3,,12
inbound,98650,98672,98675,3,,14
update,98649,98672,98675,3,,13
update,98660,98682,98685,3,,15
update,98671,98694,98697,3,,0
update,98682,98705,98708,3,,1
update,98693,98716,98718,2,,2
update,98704,98727,98730,3,,3
inbound,98705,98728,98731,3,,4
update,98715,98737,98740,3,,5
update,98726,98749,98752,3,,6
update,98737,98759,98762,3,,7
update,98748,98770,98773,3,,8
update,98759,98781,98784,3,,9
inbound,98760,98783,98784,1,,10
update,98770,98792,98795,3,,11
update,98781,98803,98806,3,,12
update,98792,98815,98818,3,,13
update,98803,98825,98828,3,,14
inbound,98815,98837,98839,2,,0
update,98814,98837,98840,3,,15
update,98825,98847,98850,3,,1
update,98836,98859,98862,3,,2
update,98847,98870,98873,3,,3
update,98858,98881,98883,2,,4
update,98869,98892,98894,2,,5
update,98880,98902,98905,3,,6
update,98891,98914,98917,3,,7
update,98902,98925,98928,3,,8
update,98913,98936,98939,3,,9
update,98924,98947,98950,3,,10
update,99000,99023,99027,4,,11
inbound,99000,99023,99027,4,,12
update,99011,99033,99036,3,,13
update,99022,99045,99048,3,,14
inbound,99025,99048,99051,3,,15
update,99033,99055,99058,3,,0
update,99044,99067,99070,3,,1
update,99055,99078,99080,2,,2
update,99066,99088,99092,4,,3
update,99077,99100,99104,4,,4
update,99088,99111,99114,3,,5
update,99099,99122,99126,4,,6
inbound,99100,99123,99127,4,,7
update,99110,99133,99135,2,,8
update,99121,99144,99147,3,,9
update,99132,99154,99157,3,,10
update,99143,99166,99169,3,,11
update,99154,99176,99180,4,,12
inbound,99155,99177,99181,4,,13
update,99165,99187,99191,4,,14
update,99176,99198,99201,3,,15
update,99187,99210,99213,3,,0
update,99198,99220,99224,4,,1
inbound,99200,99223,99226,3,,2
inbound,99210,99232,99235,3,,4
update,99209,99232,99236,4,,3
update,99220,99242,99246,4,,5
inbound,99225,99247,99250,3,,6
update,99231,99253,99256,3,,7
update,99242,99265,99267,2,,8
update,99253,99276,99279,3,,9
update,99264,99286,99290,4,,10
inbound,99265,99287,99291,4,,11
update,99275,99298,99301,3,,12
update,99286,99309,99311,2,,13
update,99297,99320,99323,3,,14
update,99308,99331,99334,3,,15
inbound,99320,99342,99346,4,,1
update,99319,99342,99346,4,,0
update,99330,99353,99356,3,,2
update,99341,99364,99367,3,,3
update,99352,99375,99377,2,,4
update,99363,99386,99389,3,,5
update,99374,99397,99400,3,,6
inbound,99375,99398,99401,3,,7
update,99385,99408,99411,3,,8
update,99396,99419,99422,3,,9
inbound,99400,99422,99426,4,,10
update,99407,99430,99433,3,,11
update,99418,99441,99444,3,,12
inbound,99425,99447,99450,3,,13
update,99429,99452,99455,3,,14
inbound,99430,99453,99457,4,,15
update,99440,99463,99466,3,,0
update,99451,99473,99476,3,,1
update,99462,99485,99487,2,,2
update,99473,99496,99498,2,,3
update,99484,99506,99510,4,,4
inbound,99485,99508,99511,3,,5
update,99495,99518,99520,2,,6
update,99506,99528,99531,3,,7
update,99517,99540,99543,3,,8
update,99528,99550,99553,3,,9
update,99539,99562,99565,3,,10
inbound,99540,99563,99566,3,,11
update,99550,99573,99576,3,,12
update,99561,99583,99586,3,,13
update,99572,99595,99600,5,,14
update,99583,99605,99609,4,,15
update,99594,99617,99621,4,,0
inbound,99595,99617,99621,4,,1
update,99605,99628,99630,2,,2
update,99616,99638,99641,3,,3
update,99627,99649,99652,3,,4
update,99638,99660,99663,3,,5
update,99649,99671,99675,4,,6
inbound,99650,99673,99676,3,,7
update,99660,99683,99686,3,,8
update,99671,99693,99696,3,,9
update,99682,99705,99708,3,,10
update,99693,99716,99719,3,,11
update,99704,99727,99731,4,,12
inbound,99705,99728,99731,3,,13
update,99715,99737,99741,4,,14
update,99726,99748,99751,3,,15
update,99737,99760,99763,3,,0
update,99748,99771,99774,3,,1
inbound,99760,99783,99785,2,,3
update,99759,99782,99785,3,,2
update,99770,99792,99795,3,,4
update,99781,99804,99807,3,,5
update,99792,99814,99817,3,,6
update,99803,99825,99828,3,,7
inbound,99815,99838,99840,2,,9
update,99814,99837,99840,3,,8
update,99825,99847,99850,3,,10
update,99836,99858,99862,4,,11
update,99847,99869,99872,3,,12
update,99858,99880,99883,3,,13
update,99869,99892,99895,3,,14
update,99880,99902,99905,3,,15
update,99891,99913,99916,3,,0
update,99902,99924,99927,3,,1
update,99913,99936,99939,3,,2
update,99924,99947,99949,2,,3
update,100000,100024,100029,5,,4
inbound,100000,100024,100031,7,,5
update,100011,100034,100037,3,,6
update,100022,100046,100049,3,,7
inbound,100025,100049,100051,2,,8
update,100033,100056,100059,3,,9
update,100044,100068,100071,3,,10
update,100055,100079,100082,3,,11
update,100066,100089,100092,3,,12
update,100077,100100,100104,4,,13
update,100088,100111,100114,3,,14
update,100099,100123,100126,3,,15
inbound,100100,100124,100128,4,,0
update,100110,100134,100136,2,,1
update,100121,100145,100147,2,,2
update,100132,100156,100158,2,,3
update,100143,100167,100169,2,,4
update,100154,100178,100181,3,,5
inbound,100155,100179,100183,4,,6
update,100165,100189,100193,4,,7
update,100176,100200,100203,3,,8
update,100187,100211,100214,3,,9
update,100198,100221,100224,3,,10
inbound,100200,100223,100227,4,,11
inbound,100210,100233,100236,3,,13
update,100209,100233,100237,4,,12
update,100220,100244,100247,3,,14
inbound,100225,100249,100252,3,,15
update,100231,100255,100257,2,,0
update,100242,100265,100268,3,,1
update,100253,100276,100279,3,,2
update,100264,100288,100292,4,,3
inbound,100265,100289,100293,4,,4
update,100275,100298,100301,3,,5
update,100286,100309,100312,3,,6
update,100297,100320,100323,3,,7
update,100308,100331,100334,3,,8
update,100319,100343,100346,3,,9
inbound,100320,100343,100347,4,,10
update,100330,100353,100356,3,,11
update,100341,100365,100368,3,,12
update,100352,100376,100378,2,,13
update,100363,100386,100389,3,,14
update,100374,100398,100401,3,,15
inbound,100375,100399,100402,3,,0
update,100385,100409,100417,8,,1
update,100396,100420,100423,3,,2
inbound,100400,100423,100427,4,,3
update,100407,100430,100434,4,,4
update,100418,100441,100444,3,,5
inbound,100425,100448,100451,3,,6
update,100429,100452,100456,4,,7
inbound,100430,100454,100458,4,,8
update,100440,100464,100468,4,,9
update,100451,100475,100478,3,,10
update,100462,100486,100489,3,,11
update,100473,100497,100500,3,,12
update,100484,100507,100511,4,,13
inbound,100485,100508,100513,5,,14
update,100495,100519,100523,4,,15
update,100506,100529,100532,3,,0
update,100517,100540,100543,3,,1
update,100528,100551,100554,3,,2
update,100539,100562,100566,4,,3
inbound,100540,100564,100567,3,,4
update,100550,100573,100576,3,,5
update,100561,100584,100587,3,,6
update,100572,100596,100599,3,,7
update,100583,100607,100612,5,,8
update,100594,100617,100621,4,,9
inbound,100595,100619,100623,4,,10
update,100605,100628,100632,4,,11
update,100616,100639,100643,4,,12
update,100627,100651,100654,3,,13
update,100638,100661,100665,4,,14
update,100649,100672,100676,4,,15
inbound,100650,100674,100679,5,,0
update,100660,100683,100686,3,,1
update,100671,100695,100698,3,,2
update,100682,100705,100709,4,,3
update,100693,100717,100721,4,,4
update,100704,100728,100739,11,,5
update,100715,100739,100744,5,,7
inbound,100705,100731,100744,13,,6
update,100726,100750,100757,7,,8
update,100737,100761,100770,9,,9
update,100748,100772,100780,8,,10
inbound,100760,100783,100788,5,,12
update,100759,100783,100790,7,,11
update,100770,100794,100798,4,,13
update,100781,100805,100809,4,,14
update,100792,100815,100820,5,,15
update,100803,100826,100836,10,,0
update,100814,100837,100840,3,,1
inbound,100815,100838,100841,3,,2
update,100825,100849,100853,4,,3
update,100836,100859,100863,4,,4
update,100847,100870,100874,4,,5
update,100858,100882,100885,3,,6
update,100869,100893,100896,3,,7
update,100880,100903,100907,4,,8
update,100891,100915,100917,2,,9
update,100902,100925,100928,3,,10
update,100913,100937,100940,3,,11
update,100924,100948,100950,2,,12
inbound,101000,101024,101027,3,,14
update,101000,101024,101029,5,,13
update,101011,101035,101037,2,,15
update,101022,101046,101049,3,,0
inbound,101025,101050,101053,3,,1
update,101033,101057,101060,3,,2
update,101044,101067,101070,3,,3
update,101055,101078,101081,3,,4
update,101066,101090,101093,3,,5
update,101077,101100,101103,3,,6
update,101088,101112,101114,2,,7
update,101099,101123,101126,3,,8
inbound,101100,101125,101128,3,,9
update,101110,101133,101136,3,,10
update,101121,101145,101147,2,,11
update,101132,101156,101159,3,,12
update,101143,101166,101169,3,,13
update,101154,101177,101180,3,,14
inbound,101155,101180,101183,3,,15
update,101165,101188,101191,3,,0
update,101176,101199,101202,3,,1
update,101187,101210,101213,3,,2
update,101198,101221,101225,4,,3
inbound,101200,101225,101229,4,,4
update,101209,101232,101235,3,,5
inbound,101210,101235,101238,3,,6
update,101220,101244,101247,3,,7
inbound,101225,101250,101254,4,,8
update,101231,101255,101257,2,,9
update,101242,101266,101268,2,,10
update,101253,101277,101280,3,,11
update,101264,101287,101290,3,,12
inbound,101265,101289,101294,5,,13
update,101275,101299,101301,2,,14
update,101286,101309,101312,3,,15
update,101297,101320,101323,3,,0
update,101308,101332,101335,3,,1
update,101319,101343,101347,4,,2
inbound,101320,101344,101347,3,,3
update,101330,101354,101356,2,,4
update,101341,101365,101368,3,,5
update,101352,101376,101379,3,,6
update,101363,101387,101390,3,,7
update,101374,101397,101400,3,,8
inbound,101375,101399,101402,3,,9
update,101385,101409,101411,2,,10
update,101396,101420,101423,3,,11
inbound,101400,101425,101428,3,,12
update,101407,101431,101434,3,,13
update,101418,101443,101446,3,,14
inbound,101425,101450,101453,3,,15
inbound,101430,101455,101461,6,,1
update,101429,101454,101461,7,,0
update,101440,101464,101469,5,,2
update,101451,101476,101479,3,,3
update,101462,101487,101489,2,,4
update,101473,101497,101501,4,,5
update,101484,101509,101512,3,,6
inbound,101485,101510,101514,4,,7
update,101495,101519,101522,3,,8
update,101506,101531,101534,3,,9
update,101517,101542,101545,3,,10
update,101528,101553,101556,3,,11
update,101539,101563,101567,4,,12
inbound,101540,101564,101568,4,,13
update,101550,101575,101577,2,,14
update,101561,101585,101588,3,,15
update,101572,101597,101600,3,,0
update,101583,101608,101611,3,,1
update,101594,101618,101622,4,,2
inbound,101595,101619,101625,6,,3
update,101605,101630,101634,4,,4
update,101616,101640,101644,4,,5
update,101627,101652,101655,3,,6
update,101638,101662,101665,3,,7
update,101649,101674,101677,3,,8
inbound,101650,101674,101678,4,,9
update,101660,101684,101687,3,,10
update,101671,101696,101699,3,,11
update,101682,101707,101710,3,,12
update,101693,101718,101721,3,,13
update,101704,101729,101732,3,,14
inbound,101705,101730,101734,4,,15
update,101715,101739,101744,5,,0
update,101726,101751,101755,4,,1
update,101737,101762,101766,4,,2
update,101748,101773,101778,5,,3
inbound,101760,101785,101788,3,,5
update,101759,101784,101789,5,,4
update,101770,101794,101798,4,,6
update,101781,101806,101810,4,,7
update,101792,101816,101821,5,,8
update,101803,101827,101831,4,,9
update,101814,101839,101848,9,,10
inbound,101815,101840,101849,9,,11
update,101825,101850,101856,6,,12
update,101836,101861,101865,4,,13
update,101847,101872,101878,6,,14
update,101858,101883,101886,3,,15
update,101869,101893,101896,3,,0
update,101880,101905,101908,3,,1
update,101891,101916,101919,3,,2
update,101902,101927,101931,4,,3
update,101913,101938,101941,3,,4
update,101924,101949,101952,3,,5
update,102000,102025,102028,3,,6
inbound,102000,102025,102029,4,,7
update,102011,102036,102039,3,,8
update,102022,102047,102050,3,,9
inbound,102025,102050,102052,2,,10
update,102033,102057,102060,3,,11
update,102044,102069,102072,3,,12
update,102055,102080,102082,2,,13
update,102066,102090,102093,3,,14
update,102077,102101,102104,3,,15
update,102088,102112,102115,3,,0
update,102099,102124,102127,3,,1
inbound,102100,102125,102128,3,,2
update,102110,102135,102137,2,,3
update,102121,102146,102148,2,,4
update,102132,102156,102159,3,,5
update,102143,102167,102170,3,,6
update,102154,102179,102182,3,,7
inbound,102155,102180,102183,3,,8
update,102165,102190,102193,3,,9
update,102176,102201,102204,3,,10
update,102187,102212,102215,3,,11
update,102198,102222,102225,3,,12
inbound,102200,102224,102227,3,,13
update,102209,102234,102237,3,,14
inbound,102210,102235,102238,3,,15
update,102220,102245,102248,3,,0
inbound,102225,102250,102253,3,,1
update,102231,102256,102258,2,,2
update,102242,102266,102269,3,,3
update,102253,102278,102281,3,,4
update,102264,102288,102292,4,,5
inbound,102265,102290,102293,3,,6
update,102275,102299,102302,3,,7
update,102286,102311,102314,3,,8
update,102297,102321,102324,3,,9
update,102308,102333,102336,3,,10
update,102319,102344,102347,3,,11
inbound,102320,102344,102348,4,,12
update,102330,102355,102358,3,,13
update,102341,102366,102369,3,,14
update,102352,102377,102380,3,,15
update,102363,102388,102391,3,,0
inbound,102375,102399,102402,3,,2
update,102374,102399,102402,3,,1
update,102385,102409,102412,3,,3
update,102396,102421,102423,2,,4
inbound,102400,102424,102427,3,,5
update,102407,102432,102435,3,,6
update,102418,102443,102446,3,,7
inbound,102425,102450,102453,3,,8
update,102429,102454,102457,3,,9
inbound,102430,102455,102458,3,,10
update,102440,102465,102468,3,,11
update,102451,102476,102479,3,,12
update,102462,102487,102490,3,,13
update,102473,102498,102500,2,,14
update,102484,102509,102512,3,,15
inbound,102485,102510,102513,3,,0
update,102495,102520,102523,3,,1
update,102506,102530,102533,3,,2
update,102517,102541,102544,3,,3
update,102528,102553,102555,2,,4
update,102539,102564,102567,3,,5
inbound,102540,102565,102568,3,,6
update,102550,102575,102577,2,,7
update,102561,102586,102589,3,,8
update,102572,102597,102600,3,,9
update,102583,102608,102611,3,,10
inbound,102595,102620,102624,4,,12
update,102594,102619,102625,6,,11
update,102605,102629,102633,4,,13
update,102616,102641,102643,2,,14
update,102627,102652,102654,2,,15
update,102638,102663,102666,3,,0
update,102649,102674,102677,3,,1
inbound,102650,102674,102677,3,,2
update,102660,102684,102687,3,,3
update,102671,102696,102699,3,,4
update,102682,102707,102710,3,,5
update,102693,102718,102721,3,,6
update,102704,102728,102732,4,,7
inbound,102705,102730,102733,3,,8
update,102715,102740,102743,3,,9
update,102726,102751,102753,2,,10
update,102737,102762,102765,3,,11
update,102748,102773,102776,3,,12
inbound,102760,102785,102787,2,,14
update,102759,102783,102787,4,,13
update,102770,102795,102798,3,,15
update,102781,102805,102808,3,,0
update,102792,102817,102820,3,,1
update,102803,102827,102830,3,,2
inbound,102815,102840,102842,2,,4
update,102814,102839,102842,3,,3
update,102825,102849,102853,4,,5
update,102836,102861,102864,3,,6
update,102847,102872,102875,3,,7
update,102858,102883,102887,4,,8
update,102869,102894,102898,4,,9
update,102880,102905,102909,4,,10
update,102891,102916,102919,3,,11
update,102902,102926,102930,4,,12
update,102913,102938,102941,3,,13
update,102924,102948,102951,3,,14
inbound,103000,103024,103029,5,,0
update,103000,103024,103030,6,,15
update,103011,103036,103040,4,,1
update,103022,103047,103052,5,,2
inbound,103025,103049,103054,5,,3
update,103033,103058,103061,3,,4
update,103044,103069,103072,3,,5
update,103055,103080,103082,2,,6
update,103066,103091,103093,2,,7
update,103077,103101,103104,3,,8
update,103088,103113,103115,2,,9
update,103099,103123,103126,3,,10
inbound,103100,103125,103128,3,,11
update,103110,103134,103137,3,,12
update,103121,103145,103149,4,,13
update,103132,103157,103160,3,,14
update,103143,103167,103170,3,,15
update,103154,103179,103183,4,,0
inbound,103155,103180,103183,3,,1
update,103165,103190,103193,3,,2
update,103176,103201,103204,3,,3
update,103187,103212,103215,3,,4
update,103198,103222,103226,4,,5
inbound,103200,103225,103228,3,,6
update,103209,103234,103237,3,,7
inbound,103210,103235,103238,3,,8
update,103220,103245,103248,3,,9
inbound,103225,103250,103253,3,,10
update,103231,103255,103258,3,,11
update,103242,103267,103270,3,,12
update,103253,103277,103281,4,,13
update,103264,103289,103292,3,,14
inbound,103265,103290,103293,3,,15
update,103275,103299,103302,3,,0
update,103286,103311,103314,3,,1
update,103297,103322,103325,3,,2
update,103308,103332,103335,3,,3
update,103319,103344,103347,3,,4
inbound,103320,103345,103348,3,,5
update,103330,103355,103359,4,,6
update,103341,103365,103368,3,,7
update,103352,103377,103380,3,,8
update,103363,103388,103391,3,,9
inbound,103375,103399,103403,4,,11
update,103374,103399,103404,5,,10
update,103385,103409,103413,4,,12
update,103396,103421,103425,4,,13
inbound,103400,103424,103427,3,,14
update,103407,103432,103435,3,,15
update,103418,103443,103447,4,,0
inbound,103425,103450,103453,3,,1
update,103429,103453,103457,4,,2
inbound,103430,103455,103458,3,,3
update,103440,103465,103469,4,,4
update,103451,103476,103478,2,,5
update,103462,103487,103489,2,,6
update,103473,103498,103501,3,,7
update,103484,103508,103511,3,,8
inbound,103485,103510,103513,3,,9
update,103495,103520,103523,3,,10
update,103506,103531,103534,3,,11
update,103517,103542,103545,3,,12
update,103528,103553,103556,3,,13
update,103539,103563,103567,4,,14
inbound,103540,103564,103568,4,,15
update,103550,103574,103577,3,,0
update,103561,103586,103589,3,,1
update,103572,103597,103599,2,,2
update,103583,103607,103610,3,,3
inbound,103595,103620,103625,5,,5
update,103594,103618,103625,7,,4
update,103605,103630,103633,3,,6
update,103616,103641,103644,3,,7
update,103627,103651,103654,3,,8
update,103638,103663,103666,3,,9
update,103649,103674,103677,3,,10
inbound,103650,103674,103678,4,,11
update,103660,103685,103688,3,,12
update,103671,103696,103698,2,,13
update,103682,103707,103710,3,,14
update,103693,103717,103721,4,,15
update,103704,103728,103732,4,,0
inbound,103705,103730,103733,3,,1
update,103715,103740,103742,2,,2
update,103726,103750,103753,3,,3
update,103737,103761,103765,4,,4
update,103748,103773,103775,2,,5
inbound,103760,103785,103787,2,,7
update,103759,103783,103787,4,,6
update,103770,103795,103798,3,,8
update,103781,103806,103809,3,,9
update,103792,103816,103820,4,,10
update,103803,103828,103831,3,,11
update,103814,103839,103842,3,,12
inbound,103815,103840,103843,3,,13
update,103825,103850,103852,2,,14
update,103836,103861,103864,3,,15
update,103847,103871,103874,3,,0
update,103858,103883,103887,4,,1
update,103869,103893,103897,4,,2
update,103880,103905,103909,4,,3
update,103891,103916,103919,3,,4
update,103902,103927,103930,3,,5
update,103913,103938,103941,3,,6
update,103924,103949,103952,3,,7
update,104000,104025,104029,4,,8
inbound,104000,104032,104035,3,,9
update,104011,104036,104039,3,,10
update,104022,104047,104050,3,,11
inbound,104025,104056,104059,3,,12
update,104033,104058,104062,4,,13
update,104044,104069,104072,3,,14
update,104055,104079,104083,4,,15
update,104066,104091,104094,3,,0
update,104077,104101,104104,3,,1
update,104088,104112,104115,3,,2
update,104099,104124,104127,3,,3
inbound,104100,104132,104135,3,,4
update,104110,104135,104137,2,,5
update,104121,104146,104149,3,,6
update,104132,104157,104160,3,,7
update,104143,104168,104171,3,,8
update,104154,104178,104181,3,,9
inbound,104155,104187,104189,2,,10
update,104165,104189,104192,3,,11
update,104176,104201,104204,3,,12
update,104187,104212,104215,3,,13
update,104198,104223,104225,2,,14
inbound,104200,104231,104235,4,,15
update,104209,104234,104237,3,,0
inbound,104210,104242,104245,3,,1
update,104220,104245,104247,2,,2
update,104231,104256,104259,3,,3
inbound,104225,104257,104260,3,,4
update,104242,104266,104269,3,,5
update,104253,104278,104281,3,,6
update,104264,104289,104292,3,,7
inbound,104265,104296,104300,4,,8
update,104275,104300,104302,2,,9
update,104286,104311,104313,2,,10
update,104297,104321,104324,3,,11
update,104308,104333,104335,2,,12
update,104319,104343,104346,3,,13
inbound,104320,104351,104354,3,,14
update,104330,104355,104358,3,,15
update,104341,104366,104368,2,,0
update,104352,104377,104380,3,,1
update,104363,104387,104390,3,,2
update,104374,104399,104402,3,,3
inbound,104375,104407,104411,4,,4
update,104385,104410,104414,4,,5
update,104396,104420,104423,3,,6
update,104407,104431,104434,3,,7
inbound,104400,104431,104435,4,,8
update,104418,104443,104445,2,,9
update,104429,104454,104457,3,,10
inbound,104425,104457,104460,3,,11
inbound,104430,104461,104465,4,,12
update,104440,104465,104468,3,,13
update,104451,104476,104479,3,,14
update,104462,104487,104490,3,,15
update,104473,104497,104500,3,,0
update,104484,104509,104512,3,,1
inbound,104485,104516,104519,3,,2
update,104495,104520,104522,2,,3
update,104506,104531,104534,3,,4
update,104517,104542,104545,3,,5
update,104528,104553,104556,3,,6
update,104539,104564,104567,3,,7
inbound,104540,104572,104576,4,,8
update,104550,104574,104578,4,,9
update,104561,104586,104588,2,,10
update,104572,104596,104599,3,,11
update,104583,104608,104611,3,,12
update,104594,104618,104622,4,,13
inbound,104595,104626,104635,9,,14
update,104605,104631,104637,6,,15
update,104616,104647,104653,6,,0
update,104627,104659,104663,4,,1
update,104638,104670,104673,3,,2
update,104649,104680,104684,4,,3
inbound,104650,104681,104685,4,,4
update,104660,104692,104695,3,,5
update,104671,104703,104706,3,,6
update,104682,104713,104716,3,,7
update,104693,104724,104727,3,,8
inbound,104705,104736,104739,3,,10
update,104704,104736,104740,4,,9
update,104715,104747,104750,3,,11
update,104726,104757,104760,3,,12
update,104737,104768,104772,4,,13
update,104748,104780,104783,3,,14
inbound,104760,104791,104794,3,,0
update,104759,104791,104795,4,,15
update,104770,104802,104805,3,,1
update,104781,104813,104816,3,,2
update,104792,104824,104827,3,,3
update,104803,104834,104837,3,,4
inbound,104815,104847,104849,2,,6
update,104814,104846,104849,3,,5
update,104825,104857,104860,3,,7
update,104836,104868,104870,2,,8
update,104847,104879,104882,3,,9
update,104858,104890,104893,3,,10
update,104869,104900,104903,3,,11
update,104880,104912,104915,3,,12
update,104891,104923,104926,3,,13
update,104902,104934,104937,3,,14
update,104913,104944,104947,3,,15
update,104924,104955,104958,3,,0
update,105000,105032,105035,3,,1
inbound,105000,105032,105037,5,,2
update,105011,105043,105050,7,,3
update,105022,105054,105058,4,,4
inbound,105025,105057,105061,4,,5
update,105033,105065,105068,3,,6
update,105044,105076,105079,3,,7
update,105055,105086,105089,3,,8
update,105066,105098,105102,4,,9
update,105077,105109,105112,3,,10
update,105088,105120,105122,2,,11
update,105099,105131,105134,3,,12
inbound,105100,105132,105136,4,,13
update,105110,105141,105144,3,,14
update,105121,105153,105156,3,,15
update,105132,105164,105167,3,,0
update,105143,105175,105178,3,,1
update,105154,105186,105189,3,,2
inbound,105155,105187,105190,3,,3
update,105165,105196,105199,3,,4
update,105176,105207,105210,3,,5
update,105187,105219,105221,2,,6
update,105198,105230,105233,3,,7
inbound,105200,105232,105235,3,,8
update,105209,105241,105244,3,,9
inbound,105210,105242,105245,3,,10
update,105220,105252,105255,3,,11
inbound,105225,105257,105259,2,,12
update,105231,105263,105265,2,,13
update,105242,105274,105277,3,,14
update,105253,105285,105288,3,,15
update,105264,105296,105299,3,,0
inbound,105265,105297,105300,3,,1
update,105275,105307,105310,3,,2
update,105286,105318,105320,2,,3
update,105297,105329,105332,3,,4
update,105308,105340,105342,2,,5
inbound,105320,105351,105354,3,,7
update,105319,105351,105355,4,,6
update,105330,105362,105364,2,,8
update,105341,105373,105376,3,,9
update,105352,105383,105386,3,,10
update,105363,105394,105397,3,,11
update,105374,105406,105409,3,,12
inbound,105375,105407,105410,3,,13
update,105385,105416,105420,4,,14
update,105396,105427,105431,4,,15
inbound,105400,105431,105437,6,,0
update,105407,105438,105442,4,,1
update,105418,105450,105453,3,,2
inbound,105425,105456,105459,3,,3
update,105429,105461,105464,3,,4
inbound,105430,105462,105467,5,,5
update,105440,105472,105477,5,,6
update,105451,105483,105487,4,,7
update,105462,105494,105497,3,,8
update,105473,105505,105508,3,,9
update,105484,105516,105519,3,,10
inbound,105485,105517,105521,4,,11
update,105495,105527,105530,3,,12
update,105506,105537,105541,4,,13
update,105517,105549,105552,3,,14
update,105528,105559,105562,3,,15
update,105539,105570,105573,3,,0
inbound,105540,105571,105575,4,,1
update,105550,105582,105585,3,,2
update,105561,105593,105595,2,,3
update,105572,105604,105607,3,,4
update,105583,105614,105618,4,,5
update,105594,105626,105631,5,,6
inbound,105595,105627,105635,8,,7
update,105605,105637,105640,3,,8
update,105616,105648,105651,3,,9
update,105627,105659,105662,3,,10
update,105638,105669,105672,3,,11
update,105649,105681,105684,3,,12
inbound,105650,105682,105686,4,,13
update,105660,105691,105694,3,,14
update,105671,105703,105706,3,,15
update,105682,105714,105717,3,,0
update,105693,105724,105727,3,,1
update,105704,105736,105739,3,,2
inbound,105705,105737,105740,3,,3
update,105715,105747,105749,2,,4
update,105726,105757,105760,3,,5
update,105737,105769,105771,2,,6
update,105748,105780,105783,3,,7
inbound,105760,105791,105793,2,,9
update,105759,105791,105794,3,,8
update,105770,105802,105804,2,,10
update,105781,105813,105816,3,,11
update,105792,105823,105826,3,,12
update,105803,105835,105837,2,,13
update,105814,105845,105849,4,,14
inbound,105815,105847,105849,2,,15
update,105825,105857,105860,3,,0
update,105836,105868,105871,3,,1
update,105847,105878,105883,5,,2
update,105858,105889,105894,5,,3
update,105869,105901,105905,4,,4
update,105880,105912,105916,4,,5
update,105891,105922,105926,4,,6
update,105902,105934,105936,2,,7
update,105913,105945,105949,4,,8
update,105924,105955,105958,3,,9
inbound,106000,106032,106034,2,,11
update,106000,106031,106035,4,,10
update,106011,106043,106045,2,,12
update,106022,106054,106056,2,,13
inbound,106025,106056,106059,3,,14
update,106033,106065,106068,3,,15
update,106044,106076,106079,3,,0
update,106055,106087,106090,3,,1
update,106066,106098,106100,2,,2
update,106077,106109,106111,2,,3
update,106088,106120,106122,2,,4
update,106099,106130,106134,4,,5
inbound,106100,106132,106135,3,,6
update,106110,106142,106145,3,,7
update,106121,106153,106156,3,,8
update,106132,106164,106166,2,,9
update,106143,106175,106177,2,,10
update,106154,106186,106188,2,,11
inbound,106155,106187,106189,2,,12
update,106165,106197,106199,2,,13
update,106176,106207,106210,3,,14
update,106187,106219,106222,3,,15
update,106198,106230,106234,4,,0
inbound,106200,106232,106237,5,,1
update,106209,106241,106245,4,,2
inbound,106210,106242,106245,3,,3
update,106220,106252,106254,2,,4
inbound,106225,106257,106260,3,,5
update,106231,106263,106266,3,,6
update,106242,106274,106276,2,,7
update,106253,106284,106287,3,,8
update,106264,106295,106298,3,,9
inbound,106265,106296,106299,3,,10
update,106275,106307,106309,2,,11
update,106286,106317,106320,3,,12
update,106297,106328,106331,3,,13
update,106308,106339,106342,3,,14
update,106319,106350,106354,4,,15
inbound,106320,106351,106355,4,,0
update,106330,106362,106367,5,,1
update,106341,106372,106375,3,,2
update,106352,106383,106386,3,,3
update,106363,106395,106399,4,,4
update,106374,106406,106410,4,,5
inbound,106375,106407,106410,3,,6
update,106385,106417,106419,2,,7
update,106396,106428,106431,3,,8
inbound,106400,106432,106434,2,,9
update,106407,106439,106441,2,,10
update,106418,106449,106452,3,,11
inbound,106425,106456,106459,3,,12
update,106429,106460,106463,3,,13
inbound,106430,106461,106464,3,,14
update,106440,106471,106475,4,,15
update,106451,106483,106486,3,,0
update,106462,106494,106497,3,,1
update,106473,106505,106508,3,,2
inbound,106485,106516,106519,3,,4
update,106484,106516,106519,3,,3
update,106495,106527,106530,3,,5
update,106506,106538,106541,3,,6
update,106517,106549,106551,2,,7
update,106528,106560,106562,2,,8
update,106539,106570,106574,4,,9
inbound,106540,106572,106575,3,,10
update,106550,106582,106585,3,,11
update,106561,106593,106596,3,,12
update,106572,106604,106607,3,,13
update,106583,106615,106618,3,,14
update,106594,106625,106628,3,,15
inbound,106595,106626,106630,4,,0
update,106605,106637,106640,3,,1
update,106616,106648,106651,3,,2
update,106627,106658,106661,3,,3
update,106638,106670,106673,3,,4
update,106649,106681,106684,3,,5
inbound,106650,106681,106684,3,,6
update,106660,106692,106694,2,,7
update,106671,106703,106706,3,,8
update,106682,106714,106716,2,,9
update,106693,106725,106728,3,,10
update,106704,106736,106739,3,,11
inbound,106705,106737,106740,3,,12
update,106715,106746,106749,3,,13
update,106726,106757,106760,3,,14
update,106737,106768,106771,3,,15
update,106748,106779,106782,3,,0
update,106759,106790,106793,3,,1
inbound,106760,106791,106794,3,,2
update,106770,106801,106804,3,,3
update,106781,106813,106816,3,,4
update,106792,106823,106826,3,,5
update,106803,106835,106838,3,,6
update,106814,106846,106849,3,,7
inbound,106815,106848,106850,2,,8
update,106825,106857,106860,3,,9
update,106836,106868,106871,3,,10
update,106847,106879,106882,3,,11
update,106858,106890,106892,2,,12
update,106869,106901,106903,2,,13
update,106880,106912,106915,3,,14
update,106891,106923,106926,3,,15
update,106902,106934,106936,2,,0
update,106913,106945,106947,2,,1
update,106924,106956,106958,2,,2
inbound,107000,107033,107038,5,,4
update,107000,107033,107040,7,,3
update,107011,107043,107048,5,,5
update,107022,107055,107058,3,,6
inbound,107025,107057,107061,4,,7
update,107033,107066,107068,2,,8
update,107044,107077,107079,2,,9
update,107055,107088,107091,3,,10
update,107066,107099,107102,3,,11
update,107077,107110,107112,2,,12
update,107088,107121,107125,4,,13
update,107099,107132,107136,4,,14
inbound,107100,107133,107137,4,,15
update,107110,107143,107146,3,,0
update,107121,107153,107156,3,,1
update,107132,107164,107167,3,,2
update,107143,107176,107179,3,,3
update,107154,107186,107190,4,,4
inbound,107155,107187,107191,4,,5
update,107165,107197,107201,4,,6
update,107176,107209,107212,3,,7
update,107187,107220,107223,3,,8
update,107198,107230,107234,4,,9
inbound,107200,107232,107236,4,,10
update,107209,107242,107245,3,,11
inbound,107210,107242,107246,4,,12
update,107220,107253,107255,2,,13
inbound,107225,107258,107261,3,,14
update,107231,107263,107266,3,,15
update,107242,107275,107278,3,,0
update,107253,107286,107289,3,,1
update,107264,107297,107300,3,,2
inbound,107265,107298,107301,3,,3
update,107275,107307,107311,4,,4
update,107286,107319,107322,3,,5
update,107297,107329,107332,3,,6
update,107308,107340,107343,3,,7
update,107319,107352,107355,3,,8
inbound,107320,107353,107357,4,,9
update,107330,107363,107366,3,,10
update,107341,107374,107378,4,,11
update,107352,107385,107387,2,,12
update,107363,107396,107399,3,,13
inbound,107375,107407,107410,3,,15
update,107374,107407,107412,5,,14
update,107385,107418,107421,3,,0
update,107396,107429,107432,3,,1
inbound,107400,107432,107435,3,,2
update,107407,107440,107442,2,,3
update,107418,107450,107454,4,,4
inbound,107425,107458,107461,3,,5
update,107429,107462,107466,4,,6
inbound,107430,107462,107466,4,,7
update,107440,107472,107477,5,,8
update,107451,107484,107487,3,,9
update,107462,107495,107498,3,,10
update,107473,107506,107509,3,,11
update,107484,107517,107520,3,,12
inbound,107485,107518,107521,3,,13
update,107495,107528,107531,3,,14
update,107506,107539,107543,4,,15
update,107517,107549,107554,5,,0
update,107528,107561,107564,3,,1
update,107539,107572,107578,6,,2
inbound,107540,107573,107579,6,,3
update,107550,107583,107586,3,,4
update,107561,107593,107596,3,,5
update,107572,107605,107608,3,,6
update,107583,107616,107619,3,,7
update,107594,107627,107630,3,,8
inbound,107595,107627,107630,3,,9
update,107605,107638,107644,6,,10
update,107616,107649,107652,3,,11
update,107627,107659,107662,3,,12
update,107638,107671,107674,3,,13
update,107649,107681,107685,4,,14
inbound,107650,107683,107686,3,,15
update,107660,107693,107696,3,,0
update,107671,107704,107707,3,,1
update,107682,107715,107718,3,,2
update,107693,107726,107729,3,,3
update,107704,107737,107741,4,,4
inbound,107705,107738,107743,5,,5
update,107715,107747,107751,4,,6
update,107726,107758,107762,4,,7
update,107737,107769,107775,6,,8
update,107748,107781,107784,3,,9
inbound,107760,107792,107795,3,,11
update,107759,107791,107796,5,,10
update,107770,107803,107806,3,,12
update,107781,107814,107817,3,,13
update,107792,107825,107829,4,,14
update,107803,107836,107838,2,,15
update,107814,107846,107850,4,,0
inbound,107815,107848,107851,3,,1
update,107825,107857,107861,4,,2
update,107836,107869,107872,3,,3
update,107847,107880,107882,2,,4
update,107858,107890,107893,3,,5
update,107869,107902,107905,3,,6
update,107880,107913,107916,3,,7
update,107891,107924,107927,3,,8
update,107902,107934,107937,3,,9
update,107913,107946,107949,3,,10
update,107924,107956,107959,3,,11
update,108000,108033,108037,4,,12
inbound,108000,108033,108037,4,,13
update,108011,108044,108047,3,,14
update,108022,108055,108057,2,,15
inbound,108025,108057,108060,3,,0
update,108033,108066,108069,3,,1
update,108044,108077,108080,3,,2
update,108055,108088,108090,2,,3
update,108066,108099,108102,3,,4
update,108077,108110,108113,3,,5
update,108088,108121,108123,2,,6
update,108099,108132,108135,3,,7
inbound,108100,108133,108137,4,,8
update,108110,108143,108146,3,,9
update,108121,108154,108159,5,,10
update,108132,108165,108168,3,,11
update,108143,108176,108179,3,,12
update,108154,108187,108191,4,,13
inbound,108155,108188,108191,3,,14
update,108165,108197,108200,3,,15
update,108176,108208,108211,3,,0
update,108187,108219,108222,3,,1
update,108198,108231,108235,4,,2
inbound,108200,108233,108236,3,,3
update,108209,108242,108245,3,,4
inbound,108210,108243,108246,3,,5
update,108220,108253,108256,3,,6
inbound,108225,108257,108260,3,,7
update,108231,108263,108266,3,,8
update,108242,108274,108277,3,,9
update,108253,108286,108289,3,,10
update,108264,108297,108301,4,,11
inbound,108265,108298,108302,4,,12
update,108275,108307,108310,3,,13
update,108286,108319,108322,3,,14
update,108297,108329,108332,3,,15
update,108308,108341,108344,3,,0
update,108319,108352,108355,3,,1
inbound,108320,108353,108356,3,,2
update,108330,108363,108366,3,,3
update,108341,108374,108377,3,,4
update,108352,108385,108388,3,,5
update,108363,108395,108399,4,,6
update,108374,108407,108411,4,,7
inbound,108375,108408,108412,4,,8
update,108385,108418,108422,4,,9
update,108396,108428,108432,4,,10
inbound,108400,108432,108436,4,,11
update,108407,108439,108445,6,,12
update,108418,108451,108455,4,,13
inbound,108425,108457,108462,5,,14
update,108429,108462,108468,6,,15
inbound,108430,108462,108468,6,,0
update,108440,108472,108476,4,,1
update,108451,108483,108489,6,,2
update,108462,108494,108498,4,,3
update,108473,108506,108509,3,,4
update,108484,108517,108520,3,,5
inbound,108485,108518,108521,3,,6
update,108495,108527,108530,3,,7
update,108506,108538,108541,3,,8
update,108517,108549,108552,3,,9
update,108528,108561,108564,3,,10
update,108539,108571,108574,3,,11
inbound,108540,108572,108575,3,,12
update,108550,108583,108585,2,,13
update,108561,108593,108596,3,,14
update,108572,108604,108607,3,,15
update,108583,108616,108618,2,,0
update,108594,108627,108630,3,,1
inbound,108595,108628,108632,4,,2
update,108605,108638,108640,2,,3
update,108616,108649,108655,6,,4
update,108627,108659,108663,4,,5
update,108638,108671,108674,3,,6
inbound,108650,108682,108685,3,,8
update,108649,108682,108686,4,,7
update,108660,108693,108695,2,,9
update,108671,108704,108706,2,,10
update,108682,108715,108718,3,,11
update,108693,108725,108729,4,,12
update,108704,108737,108740,3,,13
inbound,108705,108738,108741,3,,14
update,108715,108748,108751,3,,15
update,108726,108759,108761,2,,0
update,108737,108769,108773,4,,1
update,108748,108780,108784,4,,2
inbound,108760,108793,108795,2,,4
update,108759,108791,108795,4,,3
update,108770,108803,108806,3,,5
update,108781,108814,108817,3,,6
update,108792,108825,108828,3,,7
update,108803,108836,108839,3,,8
inbound,108815,108848,108850,2,,10
update,108814,108847,108851,4,,9
update,108825,108858,108861,3,,11
update,108836,108869,108872,3,,12
update,108847,108880,108882,2,,13
update,108858,108891,108893,2,,14
update,108869,108901,108904,3,,15
update,108880,108913,108916,3,,0
update,108891,108923,108926,3,,1
update,108902,108934,108937,3,,2
update,108913,108946,108949,3,,3
update,108924,108957,108959,2,,4
update,109000,109032,109036,4,,5
inbound,109000,109033,109036,3,,6
update,109011,109044,109047,3,,7
update,109022,109055,109058,3,,8
inbound,109025,109057,109061,4,,9
update,109033,109065,109068,3,,10
update,109044,109076,109079,3,,11
update,109055,109088,109091,3,,12
update,109066,109098,109101,3,,13
update,109077,109110,109112,2,,14
update,109088,109120,109123,3,,15
update,109099,109132,109135,3,,0
inbound,109100,109133,109136,3,,1
update,109110,109143,109146,3,,2
update,109121,109154,109157,3,,3
update,109132,109165,109168,3,,4
update,109143,109176,109178,2,,5
update,109154,109187,109189,2,,6
inbound,109155,109188,109191,3,,7
update,109165,109197,109200,3,,8
update,109176,109208,109211,3,,9
update,109187,109220,109223,3,,10
update,109198,109230,109234,4,,11
inbound,109200,109232,109235,3,,12
update,109209,109242,109245,3,,13
inbound,109210,109243,109246,3,,14
update,109220,109253,109256,3,,15
inbound,109225,109258,109260,2,,0
update,109231,109264,109267,3,,1
update,109242,109275,109279,4,,2
update,109253,109285,109288,3,,3
update,109264,109296,109299,3,,4
inbound,109265,109297,109300,3,,5
update,109275,109308,109311,3,,6
update,109286,109318,109321,3,,7
update,109297,109329,109332,3,,8
update,109308,109340,109344,4,,9
inbound,109320,109352,109356,4,,11
update,109319,109352,109356,4,,10
update,109330,109362,109365,3,,12
update,109341,109374,109377,3,,13
update,109352,109385,109387,2,,14
update,109363,109396,109398,2,,15
update,109374,109407,109410,3,,0
inbound,109375,109408,109411,3,,1
update,109385,109417,109420,3,,2
update,109396,109429,109432,3,,3
inbound,109400,109433,109435,2,,4
update,109407,109439,109442,3,,5
update,109418,109451,109454,3,,6
inbound,109425,109458,109461,3,,7
update,109429,109462,109468,6,,8
inbound,109430,109462,109468,6,,9
update,109440,109472,109476,4,,10
update,109451,109484,109487,3,,11
update,109462,109494,109497,3,,12
update,109473,109506,109509,3,,13
update,109484,109517,109520,3,,14
inbound,109485,109517,109521,4,,15
update,109495,109528,109531,3,,0
update,109506,109539,109542,3,,1
update,109517,109550,109553,3,,2
update,109528,109560,109563,3,,3
update,109539,109571,109575,4,,4
inbound,109540,109572,109577,5,,5
update,109550,109582,109585,3,,6
update,109561,109594,109597,3,,7
update,109572,109605,109608,3,,8
update,109583,109616,109619,3,,9
update,109594,109627,109630,3,,10
inbound,109595,109627,109630,3,,11
update,109605,109637,109640,3,,12
update,109616,109649,109653,4,,13
update,109627,109660,109664,4,,14
update,109638,109671,109673,2,,15
update,109649,109682,109685,3,,0
inbound,109650,109684,109688,4,,1
update,109660,109692,109695,3,,2
update,109671,109704,109706,2,,3
update,109682,109715,109717,2,,4
update,109693,109725,109728,3,,5
update,109704,109736,109740,4,,6
inbound,109705,109737,109741,4,,7
update,109715,109748,109751,3,,8
update,109726,109759,109761,2,,9
update,109737,109770,109773,3,,10
update,109748,109781,109784,3,,11
update,109759,109792,109795,3,,12
inbound,109760,109793,109796,3,,13
update,109770,109802,109805,3,,14
update,109781,109814,109816,2,,15
update,109792,109824,109827,3,,0
update,109803,109836,109839,3,,1
update,109814,109847,109850,3,,2
inbound,109815,109848,109850,2,,3
update,109825,109858,109860,2,,4
update,109836,109869,109872,3,,5
update,109847,109880,109883,3,,6
update,109858,109891,109894,3,,7
update,109869,109902,109904,2,,8
update,109880,109913,109915,2,,9
update,109891,109924,109926,2,,10
update,109902,109935,109938,3,,11
update,109913,109946,109949,3,,12
update,109924,109957,109959,2,,13
inbound,110000,110033,110035,2,,15
update,110000,110033,110035,2,,14
update,110011,110044,110046,2,,0
update,110022,110055,110057,2,,1
inbound,110025,110057,110060,3,,2
update,110033,110066,110069,3,,3
update,110044,110077,110080,3,,4
update,110055,110088,110091,3,,5
update,110066,110099,110101,2,,6
update,110077,110110,110112,2,,7
update,110088,110121,110124,3,,8
update,110099,110131,110134,3,,9
inbound,110100,110132,110135,3,,10
update,110110,110142,110145,3,,11
update,110121,110153,110156,3,,12
update,110132,110165,110168,3,,13
update,110143,110175,110178,3,,14
update,110154,110187,110190,3,,15
inbound,110155,110187,110190,3,,0
update,110165,110197,110200,3,,1
update,110176,110209,110212,3,,2
update,110187,110220,110223,3,,3
update,110198,110231,110234,3,,4
inbound,110200,110233,110236,3,,5
update,110209,110242,110249,7,,6
inbound,110210,110242,110249,7,,7
update,110220,110253,110255,2,,8
inbound,110225,110258,110260,2,,9
update,110231,110264,110267,3,,10
update,110242,110275,110278,3,,11
update,110253,110286,110289,3,,12
update,110264,110297,110300,3,,13
inbound,110265,110298,110301,3,,14
update,110275,110308,110311,3,,15
update,110286,110319,110322,3,,0
update,110297,110330,110333,3,,1
update,110308,110341,110343,2,,2
update,110319,110352,110355,3,,3
inbound,110320,110353,110356,3,,4
update,110330,110363,110366,3,,5
update,110341,110374,110377,3,,6
update,110352,110385,110388,3,,7
update,110363,110396,110398,2,,8
update,110374,110407,110409,2,,9
inbound,110375,110408,110411,3,,10
update,110385,110418,110420,2,,11
update,110396,110429,110431,2,,12
inbound,110400,110432,110435,3,,13
update,110407,110440,110442,2,,14
update,110418,110451,110453,2,,15
inbound,110425,110457,110460,3,,0
inbound,110430,110462,110465,3,,2
update,110429,110462,110465,3,,1
update,110440,110473,110476,3,,3
update,110451,110483,110486,3,,4
update,110462,110495,110498,3,,5
update,110473,110506,110509,3,,6
inbound,110485,110517,110520,3,,8
update,110484,110517,110520,3,,7
update,110495,110528,110530,2,,9
update,110506,110539,110542,3,,10
update,110517,110550,110552,2,,11
update,110528,110560,110563,3,,12
update,110539,110572,110575,3,,13
inbound,110540,110573,110576,3,,14
update,110550,110582,110585,3,,15
update,110561,110593,110596,3,,0
update,110572,110605,110608,3,,1
update,110583,110616,110619,3,,2
update,110594,110627,110630,3,,3
inbound,110595,110627,110630,3,,4
update,110605,110637,110640,3,,5
update,110616,110649,110652,3,,6
update,110627,110660,110663,3,,7
update,110638,110671,110674,3,,8
inbound,110650,110682,110685,3,,10
update,110649,110682,110686,4,,9
update,110660,110693,110696,3,,11
update,110671,110704,110707,3,,12
update,110682,110715,110717,2,,13
update,110693,110726,110728,2,,14
update,110704,110736,110740,4,,15
inbound,110705,110738,110741,3,,0
update,110715,110748,110751,3,,1
update,110726,110759,110761,2,,2
update,110737,110770,110772,2,,3
update,110748,110781,110783,2,,4
inbound,110760,110793,110795,2,,6
update,110759,110792,110795,3,,5
update,110770,110803,110806,3,,7
update,110781,110814,110817,3,,8
update,110792,110825,110828,3,,9
update,110803,110836,110840,4,,10
update,110814,110847,110850,3,,11
inbound,110815,110848,110851,3,,12
update,110825,110858,110862,4,,13
update,110836,110868,110872,4,,14
update,110847,110880,110883,3,,15
update,110858,110891,110894,3,,0
update,110869,110902,110905,3,,1
update,110880,110913,110916,3,,2
update,110891,110923,110926,3,,3
update,110902,110934,110939,5,,4
update,110913,110946,110951,5,,5
update,110924,110956,110959,3,,6
inbound,111000,111032,111035,3,,8
update,111000,111032,111037,5,,7
update,111011,111044,111046,2,,9
update,111022,111054,111057,3,,10
inbound,111025,111057,111060,3,,11
update,111033,111065,111068,3,,12
update,111044,111077,111080,3,,13
update,111055,111087,111090,3,,14
update,111066,111099,111102,3,,15
update,111077,111110,111113,3,,0
update,111088,111120,111124,4,,1
update,111099,111132,111135,3,,2
inbound,111100,111133,111136,3,,3
update,111110,111143,111145,2,,4
update,111121,111154,111157,3,,5
update,111132,111165,111168,3,,6
update,111143,111176,111179,3,,7
update,111154,111186,111190,4,,8
inbound,111155,111187,111191,4,,9
update,111165,111197,111201,4,,10
update,111176,111209,111212,3,,11
update,111187,111220,111223,3,,12
update,111198,111230,111234,4,,13
inbound,111200,111232,111235,3,,14
update,111209,111242,111245,3,,15
inbound,111210,111243,111246,3,,0
update,111220,111253,111256,3,,1
inbound,111225,111258,111261,3,,2
update,111231,111263,111266,3,,3
update,111242,111275,111278,3,,4
update,111253,111286,111289,3,,5
update,111264,111297,111300,3,,6
inbound,111265,111298,111301,3,,7
update,111275,111307,111310,3,,8
update,111286,111319,111321,2,,9
update,111297,111330,111332,2,,10
update,111308,111341,111344,3,,11
update,111319,111352,111355,3,,12
inbound,111320,111353,111356,3,,13
update,111330,111363,111366,3,,14
update,111341,111374,111377,3,,15
update,111352,111385,111388,3,,0
update,111363,111396,111399,3,,1
update,111374,111407,111410,3,,2
inbound,111375,111408,111411,3,,3
update,111385,111418,111421,3,,4
update,111396,111429,111431,2,,5
inbound,111400,111433,111435,2,,6
update,111407,111440,111443,3,,7
update,111418,111451,111454,3,,8
inbound,111425,111457,111461,4,,9
update,111429,111462,111465,3,,10
inbound,111430,111463,111467,4,,11
update,111440,111473,111476,3,,12
update,111451,111484,111487,3,,13
update,111462,111495,111499,4,,14
update,111473,111506,111509,3,,15
update,111484,111517,111520,3,,0
inbound,111485,111518,111521,3,,1
update,111495,111528,111531,3,,2
update,111506,111539,111542,3,,3
update,111517,111550,111553,3,,4
update,111528,111561,111563,2,,5
inbound,111540,111572,111576,4,,7
update,111539,111572,111576,4,,6
update,111550,111582,111585,3,,8
update,111561,111594,111597,3,,9
update,111572,111605,111607,2,,10
update,111583,111616,111619,3,,11
update,111594,111627,111630,3,,12
inbound,111595,111628,111631,3,,13
update,111605,111637,111640,3,,14
update,111616,111649,111652,3,,15
update,111627,111660,111665,5,,0
update,111638,111671,111674,3,,1
update,111649,111681,111685,4,,2
inbound,111650,111682,111687,5,,3
update,111660,111692,111695,3,,4
update,111671,111704,111706,2,,5
update,111682,111714,111717,3,,6
update,111693,111726,111729,3,,7
update,111704,111736,111740,4,,8
inbound,111705,111738,111741,3,,9
update,111715,111748,111751,3,,10
update,111726,111759,111762,3,,11
update,111737,111770,111773,3,,12
update,111748,111781,111784,3,,13
update,111759,111792,111795,3,,14
inbound,111760,111792,111795,3,,15
update,111770,111803,111806,3,,0
update,111781,111814,111816,2,,1
update,111792,111825,111828,3,,2
update,111803,111836,111838,2,,3
inbound,111815,111848,111850,2,,5
update,111814,111847,111851,4,,4
update,111825,111858,111861,3,,6
update,111836,111869,111873,4,,7
update,111847,111880,111884,4,,8
update,111858,111891,111894,3,,9
update,111869,111901,111905,4,,10
update,111880,111913,111916,3,,11
update,111891,111923,111927,4,,12
update,111902,111934,111938,4,,13
update,111913,111945,111950,5,,14
update,111924,111956,111960,4,,15
update,112000,112033,112036,3,,0
inbound,112000,112033,112036,3,,1
update,112011,112044,112047,3,,2
update,112022,112055,112057,2,,3
inbound,112025,112057,112060,3,,4
update,112033,112066,112069,3,,5
update,112044,112076,112079,3,,6
update,112055,112088,112091,3,,7
update,112066,112099,112102,3,,8
update,112077,112110,112113,3,,9
update,112088,112121,112124,3,,10
update,112099,112132,112135,3,,11
inbound,112100,112133,112138,5,,12
update,112110,112142,112145,3,,13
update,112121,112153,112156,3,,14
update,112132,112164,112167,3,,15
update,112143,112176,112178,2,,0
update,112154,112187,112190,3,,1
inbound,112155,112188,112191,3,,2
update,112165,112197,112201,4,,3
update,112176,112208,112211,3,,4
update,112187,112220,112223,3,,5
update,112198,112231,112233,2,,6
inbound,112200,112233,112236,3,,7
update,112209,112242,112246,4,,8
inbound,112210,112243,112246,3,,9
update,112220,112253,112255,2,,10
inbound,112225,112258,112261,3,,11
update,112231,112264,112267,3,,12
update,112242,112275,112277,2,,13
update,112253,112286,112288,2,,14
update,112264,112297,112300,3,,15
inbound,112265,112298,112302,4,,0
update,112275,112308,112311,3,,1
update,112286,112319,112322,3,,2
update,112297,112329,112332,3,,3
update,112308,112341,112344,3,,4
inbound,112320,112352,112356,4,,6
update,112319,112352,112357,5,,5
update,112330,112362,112365,3,,7
update,112341,112374,112376,2,,8
update,112352,112385,112388,3,,9
update,112363,112395,112398,3,,10
update,112374,112407,112411,4,,11
inbound,112375,112408,112411,3,,12
update,112385,112418,112421,3,,13
update,112396,112429,112431,2,,14
inbound,112400,112433,112435,2,,15
update,112407,112440,112443,3,,0
update,112418,112451,112453,2,,1
inbound,112425,112458,112461,3,,2
update,112429,112462,112465,3,,3
inbound,112430,112463,112467,4,,4
update,112440,112473,112475,2,,5
update,112451,112483,112487,4,,6
update,112462,112494,112497,3,,7
update,112473,112506,112509,3,,8
update,112484,112517,112521,4,,9
inbound,112485,112518,112521,3,,10
update,112495,112527,112531,4,,11
update,112506,112539,112542,3,,12
update,112517,112549,112552,3,,13
update,112528,112560,112563,3,,14
update,112539,112571,112575,4,,15
inbound,112540,112572,112576,4,,0
update,112550,112583,112586,3,,1
update,112561,112594,112596,2,,2
update,112572,112605,112608,3,,3
update,112583,112616,112618,2,,4
update,112594,112627,112630,3,,5
inbound,112595,112628,112633,5,,6
update,112605,112637,112640,3,,7
update,112616,112649,112652,3,,8
update,112627,112660,112663,3,,9
update,112638,112671,112674,3,,10
update,112649,112682,112686,4,,11
inbound,112650,112682,112686,4,,12
update,112660,112693,112695,2,,13
update,112671,112703,112706,3,,14
update,112682,112715,112718,3,,15
update,112693,112726,112729,3,,0
update,112704,112737,112740,3,,1
inbound,112705,112737,112741,4,,2
update,112715,112748,112751,3,,3
update,112726,112758,112761,3,,4
update,112737,112769,112773,4,,5
update,112748,112781,112784,3,,6
inbound,112760,112793,112795,2,,8
update,112759,112792,112795,3,,7
update,112770,112803,112806,3,,9
update,112781,112813,112816,3,,10
update,112792,112825,112828,3,,11
update,112803,112836,112838,2,,12
update,112814,112846,112850,4,,13
inbound,112815,112848,112850,2,,14
update,112825,112858,112861,3,,15
update,112836,112868,112871,3,,0
update,112847,112880,112882,2,,1
update,112858,112890,112893,3,,2
update,112869,112902,112905,3,,3
update,112880,112913,112916,3,,4
update,112891,112924,112927,3,,5
update,112902,112935,112938,3,,6
update,112913,112946,112949,3,,7
update,112924,112956,112960,4,,8
update,113000,113032,113036,4,,9
inbound,113000,113032,113038,6,,10
update,113011,113044,113047,3,,11
update,113022,113055,113058,3,,12
inbound,113025,113057,113061,4,,13
update,113033,113066,113068,2,,14
update,113044,113077,113080,3,,15
update,113055,113087,113090,3,,0
update,113066,113099,113101,2,,1
update,113077,113109,113112,3,,2
update,113088,113121,113124,3,,3
update,113099,113131,113134,3,,4
inbound,113100,113132,113136,4,,5
update,113110,113143,113145,2,,6
update,113121,113154,113157,3,,7
update,113132,113165,113175,10,,8
update,113143,113175,113179,4,,9
update,113154,113186,113189,3,,10
inbound,113155,113187,113190,3,,11
update,113165,113197,113200,3,,12
update,113176,113209,113212,3,,13
update,113187,113220,113222,2,,14
update,113198,113231,113234,3,,15
inbound,113200,113233,113236,3,,0
inbound,113210,113242,113246,4,,2
update,113209,113242,113247,5,,1
update,113220,113253,113255,2,,3
inbound,113225,113258,113260,2,,4
update,113231,113263,113266,3,,5
update,113242,113275,113278,3,,6
update,113253,113286,113289,3,,7
update,113264,113297,113300,3,,8
inbound,113265,113298,113301,3,,9
update,113275,113308,113310,2,,10
update,113286,113318,113321,3,,11
update,113297,113329,113332,3,,12
update,113308,113341,113343,2,,13
update,113319,113351,113355,4,,14
inbound,113320,113353,113356,3,,15
update,113330,113363,113366,3,,0
update,113341,113374,113376,2,,1
update,113352,113384,113387,3,,2
update,113363,113395,113399,4,,3
update,113374,113407,113410,3,,4
inbound,113375,113408,113410,2,,5
update,113385,113418,113420,2,,6
update,113396,113429,113432,3,,7
inbound,113400,113433,113436,3,,8
update,113407,113440,113443,3,,9
update,113418,113451,113453,2,,10
inbound,113425,113458,113461,3,,11
update,113429,113461,113464,3,,12
inbound,113430,113462,113466,4,,13
update,113440,113473,113476,3,,14
update,113451,113483,113486,3,,15
update,113462,113495,113498,3,,0
update,113473,113506,113509,3,,1
update,113484,113517,113520,3,,2
inbound,113485,113518,113523,5,,3
update,113495,113528,113530,2,,4
update,113506,113538,113541,3,,5
update,113517,113550,113553,3,,6
update,113528,113560,113563,3,,7
update,113539,113572,113575,3,,8
inbound,113540,113573,113577,4,,9
update,113550,113583,113585,2,,10
update,113561,113594,113596,2,,11
update,113572,113605,113608,3,,12
update,113583,113616,113618,2,,13
update,113594,113626,113629,3,,14
inbound,113595,113628,113631,3,,15
update,113605,113637,113640,3,,0
update,113616,113648,113651,3,,1
update,113627,113660,113663,3,,2
update,113638,113671,113675,4,,3
update,113649,113682,113687,5,,4
inbound,113650,113683,113688,5,,5
update,113660,113693,113697,4,,6
update,113671,113703,113706,3,,7
update,113682,113714,113717,3,,8
update,113693,113726,113729,3,,9
inbound,113705,113737,113740,3,,11
update,113704,113737,113740,3,,10
update,113715,113747,113750,3,,12
update,113726,113759,113762,3,,13
update,113737,113770,113773,3,,14
update,113748,113781,113783,2,,15
update,113759,113792,113795,3,,0
inbound,113760,113793,113795,2,,1
update,113770,113803,113805,2,,2
update,113781,113813,113816,3,,3
update,113792,113825,113828,3,,4
update,113803,113836,113839,3,,5
update,113814,113846,113850,4,,6
inbound,113815,113848,113850,2,,7
update,113825,113858,113860,2,,8
update,113836,113869,113871,2,,9
update,113847,113880,113883,3,,10
update,113858,113890,113893,3,,11
update,113869,113901,113904,3,,12
update,113880,113913,113916,3,,13
update,113891,113924,113927,3,,14
update,113902,113935,113940,5,,15
update,113913,113946,113949,3,,0
update,113924,113956,113959,3,,1
update,114000,114032,114036,4,,2
inbound,114000,114032,114036,4,,3
update,114011,114044,114047,3,,4
update,114022,114055,114058,3,,5
inbound,114025,114058,114060,2,,6
update,114033,114065,114068,3,,7
update,114044,114076,114079,3,,8
update,114055,114088,114090,2,,9
update,114066,114099,114102,3,,10
update,114077,114110,114113,3,,11
update,114088,114121,114124,3,,12
update,114099,114131,114134,3,,13
inbound,114100,114132,114135,3,,14
update,114110,114143,114145,2,,15
update,114121,114154,114156,2,,0
update,114132,114164,114168,4,,1
update,114143,114176,114179,3,,2
update,114154,114187,114190,3,,3
inbound,114155,114188,114191,3,,4
update,114165,114198,114201,3,,5
update,114176,114209,114212,3,,6
update,114187,114220,114223,3,,7
update,114198,114231,114234,3,,8
inbound,114200,114232,114236,4,,9
update,114209,114242,114245,3,,10
inbound,114210,114243,114246,3,,11
update,114220,114253,114255,2,,12
inbound,114225,114257,114260,3,,13
update,114231,114264,114267,3,,14
update,114242,114275,114277,2,,15
update,114253,114286,114289,3,,0
update,114264,114297,114300,3,,1
inbound,114265,114298,114301,3,,2
update,114275,114308,114311,3,,3
update,114286,114319,114322,3,,4
update,114297,114329,114332,3,,5
update,114308,114341,114344,3,,6
update,114319,114352,114355,3,,7
inbound,114320,114353,114356,3,,8
update,114330,114363,114366,3,,9
update,114341,114374,114377,3,,10
update,114352,114385,114388,3,,11
update,114363,114396,114399,3,,12
update,114374,114407,114410,3,,13
inbound,114375,114408,114411,3,,14
update,114385,114418,114421,3,,15
update,114396,114429,114432,3,,0
inbound,114400,114433,114435,2,,1
update,114407,114440,114442,2,,2
update,114418,114450,114453,3,,3
inbound,114425,114457,114460,3,,4
update,114429,114462,114465,3,,5
inbound,114430,114462,114465,3,,6
update,114440,114473,114476,3,,7
update,114451,114483,114487,4,,8
update,114462,114495,114498,3,,9
update,114473,114506,114509,3,,10
update,114484,114517,114521,4,,11
inbound,114485,114518,114521,3,,12
update,114495,114527,114530,3,,13
update,114506,114539,114541,2,,14
update,114517,114549,114552,3,,15
update,114528,114560,114563,3,,0
update,114539,114572,114575,3,,1
inbound,114540,114573,114576,3,,2
update,114550,114583,114586,3,,3
update,114561,114594,114597,3,,4
update,114572,114605,114608,3,,5
update,114583,114616,114619,3,,6
update,114594,114627,114630,3,,7
inbound,114595,114628,114631,3,,8
update,114605,114637,114640,3,,9
update,114616,114649,114652,3,,10
update,114627,114660,114663,3,,11
update,114638,114671,114674,3,,12
update,114649,114682,114686,4,,13
inbound,114650,114683,114687,4,,14
update,114660,114693,114696,3,,15
update,114671,114704,114707,3,,0
update,114682,114715,114718,3,,1
update,114693,114726,114729,3,,2
update,114704,114736,114739,3,,3
inbound,114705,114738,114740,2,,4
update,114715,114748,114750,2,,5
update,114726,114758,114761,3,,6
update,114737,114770,114774,4,,7
update,114748,114781,114783,2,,8
inbound,114760,114793,114795,2,,10
update,114759,114792,114795,3,,9
update,114770,114802,114805,3,,11
update,114781,114814,114817,3,,12
update,114792,114825,114828,3,,13
update,114803,114836,114839,3,,14
update,114814,114847,114850,3,,15
inbound,114815,114848,114850,2,,0
update,114825,114858,114861,3,,1
update,114836,114869,114872,3,,2
update,114847,114880,114883,3,,3
update,114858,114891,114894,3,,4
update,114869,114902,114904,2,,5
update,114880,114913,114915,2,,6
update,114891,114924,114926,2,,7
update,114902,114935,114937,2,,8
update,114913,114945,114948,3,,9
update,114924,114956,114959,3,,10
inbound,115000,115033,115036,3,,12
update,115000,115033,115036,3,,11
update,115011,115043,115046,3,,13
update,115022,115055,115057,2,,14
inbound,115025,115057,115060,3,,15
update,115033,115066,115069,3,,0
update,115044,115077,115080,3,,1
update,115055,115088,115091,3,,2
update,115066,115099,115101,2,,3
update,115077,115110,115112,2,,4
update,115088,115120,115123,3,,5
update,115099,115131,115135,4,,6
inbound,115100,115133,115137,4,,7
update,115110,115142,115145,3,,8
update,115121,115153,115156,3,,9
update,115132,115165,115168,3,,10
update,115143,115176,115179,3,,11
update,115154,115187,115190,3,,12
inbound,115155,115188,115191,3,,13
update,115165,115197,115200,3,,14
update,115176,115209,115212,3,,15
update,115187,115219,115222,3,,0
update,115198,115231,115235,4,,1
inbound,115200,115232,115235,3,,2
update,115209,115241,115244,3,,3
inbound,115210,115242,115246,4,,4
update,115220,115253,115255,2,,5
inbound,115225,115258,115260,2,,6
update,115231,115264,115266,2,,7
update,115242,115275,115278,3,,8
update,115253,115286,115289,3,,9
update,115264,115296,115300,4,,10
inbound,115265,115297,115302,5,,11
update,115275,115308,115310,2,,12
update,115286,115319,115322,3,,13
update,115297,115329,115333,4,,14
update,115308,115340,115343,3,,15
update,115319,115351,115354,3,,0
inbound,115320,115352,115357,5,,1
update,115330,115363,115366,3,,2
update,115341,115374,115377,3,,3
update,115352,115385,115388,3,,4
update,115363,115395,115398,3,,5
update,115374,115406,115410,4,,6
inbound,115375,115407,115411,4,,7
update,115385,115418,115421,3,,8
update,115396,115429,115432,3,,9
inbound,115400,115432,115435,3,,10
update,115407,115440,115443,3,,11
update,115418,115450,115453,3,,12
inbound,115425,115457,115460,3,,13
update,115429,115461,115465,4,,14
inbound,115430,115463,115466,3,,15
update,115440,115472,115475,3,,0
update,115451,115483,115486,3,,1
update,115462,115495,115498,3,,2
update,115473,115506,115509,3,,3
inbound,115485,115517,115520,3,,5
update,115484,115517,115521,4,,4
update,115495,115528,115531,3,,6
update,115506,115539,115542,3,,7
update,115517,115549,115552,3,,8
update,115528,115561,115564,3,,9
update,115539,115572,115575,3,,10
inbound,115540,115573,115577,4,,11
update,115550,115583,115586,3,,12
update,115561,115594,115597,3,,13
update,115572,115605,115607,2,,14
update,115583,115616,115618,2,,15
update,115594,115627,115630,3,,0
inbound,115595,115628,115631,3,,1
update,115605,115637,115640,3,,2
update,115616,115648,115652,4,,3
update,115627,115659,115662,3,,4
update,115638,115670,115673,3,,5
update,115649,115682,115687,5,,6
inbound,115650,115683,115689,6,,7
update,115660,115693,115696,3,,8
update,115671,115704,115706,2,,9
update,115682,115715,115718,3,,10
update,115693,115725,115728,3,,11
update,115704,115736,115739,3,,12
inbound,115705,115737,115741,4,,13
update,115715,115748,115750,2,,14
update,115726,115759,115761,2,,15
update,115737,115770,115772,2,,0
update,115748,115781,115784,3,,1
update,115759,115792,115795,3,,2
inbound,115760,115793,115796,3,,3
update,115770,115803,115805,2,,4
update,115781,115814,115817,3,,5
update,115792,115825,115828,3,,6
update,115803,115836,115838,2,,7
inbound,115815,115847,115850,3,,9
update,115814,115847,115850,3,,8
update,115825,115857,115860,3,,10
update,115836,115869,115872,3,,11
update,115847,115880,115882,2,,12
update,115858,115891,115894,3,,13
update,115869,115902,115905,3,,14
update,115880,115912,115915,3,,15
update,115891,115924,115928,4,,0
update,115902,115934,115939,5,,1
update,115913,115946,115949,3,,2
update,115924,115957,115960,3,,3
update,116000,116033,116036,3,,4
inbound,116000,116033,116038,5,,5
update,116011,116044,116046,2,,6
update,116022,116055,116057,2,,7
inbound,116025,116059,116062,3,,8
update,116033,116065,116068,3,,9
update,116044,116076,116080,4,,10
update,116055,116088,116090,2,,11
update,116066,116098,116101,3,,12
update,116077,116110,116113,3,,13
update,116088,116121,116123,2,,14
update,116099,116132,116136,4,,15
inbound,116100,116134,116137,3,,0
update,116110,116143,116146,3,,1
update,116121,116153,116156,3,,2
update,116132,116164,116167,3,,3
update,116143,116176,116179,3,,4
update,116154,116187,116191,4,,5
inbound,116155,116188,116192,4,,6
update,116165,116198,116200,2,,7
update,116176,116208,116211,3,,8
update,116187,116219,116222,3,,9
update,116198,116230,116233,3,,10
inbound,116200,116233,116237,4,,11
update,116209,116242,116245,3,,12
inbound,116210,116244,116246,2,,13
update,116220,116253,116256,3,,14
inbound,116225,116259,116262,3,,15
update,116231,116264,116267,3,,0
update,116242,116275,116281,6,,1
update,116253,116285,116288,3,,2
update,116264,116297,116301,4,,3
inbound,116265,116299,116303,4,,4
update,116275,116307,116312,5,,5
update,116286,116319,116322,3,,6
update,116297,116330,116333,3,,7
update,116308,116341,116344,3,,8
update,116319,116352,116355,3,,9
inbound,116320,116354,116358,4,,10
update,116330,116363,116366,3,,11
update,116341,116374,116376,2,,12
update,116352,116385,116388,3,,13
update,116363,116396,116398,2,,14
update,116374,116406,116410,4,,15
inbound,116375,116408,116412,4,,0
update,116385,116418,116421,3,,1
update,116396,116429,116434,5,,2
inbound,116400,116433,116437,4,,3
update,116407,116439,116444,5,,4
update,116418,116451,116456,5,,5
update,116429,116462,116466,4,,7
inbound,116430,116464,116468,4,,8
inbound,116425,116458,116468,10,,6
update,116440,116472,116476,4,,9
update,116451,116483,116487,4,,10
update,116462,116495,116498,3,,11
update,116473,116506,116509,3,,12
update,116484,116517,116520,3,,13
inbound,116485,116519,116522,3,,14
update,116495,116528,116531,3,,15
update,116506,116538,116541,3,,0
update,116517,116549,116552,3,,1
update,116528,116560,116564,4,,2
update,116539,116571,116575,4,,3
inbound,116540,116574,116578,4,,4
update,116550,116583,116587,4,,5
update,116561,116594,116597,3,,6
update,116572,116605,116608,3,,7
update,116583,116616,116618,2,,8
update,116594,116627,116632,5,,9
inbound,116595,116629,116633,4,,10
update,116605,116638,116641,3,,11
update,116616,116648,116651,3,,12
update,116627,116659,116662,3,,13
update,116638,116671,116674,3,,14
update,116649,116681,116686,5,,15
inbound,116650,116684,116688,4,,0
update,116660,116693,116696,3,,1
update,116671,116704,116708,4,,2
update,116682,116715,116718,3,,3
update,116693,116726,116728,2,,4
update,116704,116737,116739,2,,5
inbound,116705,116739,116743,4,,6
update,116715,116748,116750,2,,7
update,116726,116759,116762,3,,8
update,116737,116770,116773,3,,9
update,116748,116781,116784,3,,10
update,116759,116792,116795,3,,11
inbound,116760,116794,116796,2,,12
update,116770,116804,116807,3,,13
update,116781,116815,116817,2,,14
update,116792,116826,116828,2,,15
update,116803,116837,116840,3,,0
inbound,116815,116849,116852,3,,2
update,116814,116848,116852,4,,1
update,116825,116859,116861,2,,3
update,116836,116870,116873,3,,4
update,116847,116880,116884,4,,5
update,116858,116892,116894,2,,6
update,116869,116903,116906,3,,7
update,116880,116913,116916,3,,8
update,116891,116925,116927,2,,9
update,116902,116936,116939,3,,10
update,116913,116946,116949,3,,11
update,116924,116957,116961,4,,12
inbound,117000,117034,117038,4,,14
update,117000,117034,117038,4,,13
update,117011,117045,117049,4,,15
update,117022,117056,117061,5,,0
inbound,117025,117059,117063,4,,1
update,117033,117066,117069,3,,2
update,117044,117078,117081,3,,3
update,117055,117089,117092,3,,4
update,117066,117099,117104,5,,5
update,117077,117111,117113,2,,6
update,117088,117122,117124,2,,7
update,117099,117132,117136,4,,8
inbound,117100,117133,117138,5,,9
update,117110,117144,117147,3,,10
update,117121,117154,117157,3,,11
update,117132,117166,117169,3,,12
update,117143,117177,117180,3,,13
update,117154,117187,117191,4,,14
inbound,117155,117189,117193,4,,15
update,117165,117199,117202,3,,0
update,117176,117210,117213,3,,1
update,117187,117220,117223,3,,2
update,117198,117232,117236,4,,3
inbound,117200,117234,117237,3,,4
update,117209,117242,117245,3,,5
inbound,117210,117243,117247,4,,6
update,117220,117253,117256,3,,7
inbound,117225,117259,117261,2,,8
update,117231,117265,117268,3,,9
update,117242,117276,117279,3,,10
update,117253,117286,117289,3,,11
update,117264,117298,117301,3,,12
inbound,117265,117299,117302,3,,13
update,117275,117308,117312,4,,14
update,117286,117319,117322,3,,15
update,117297,117330,117333,3,,0
update,117308,117342,117345,3,,1
update,117319,117353,117356,3,,2
inbound,117320,117354,117357,3,,3
update,117330,117364,117366,2,,4
update,117341,117375,117378,3,,5
update,117352,117386,117389,3,,6
update,117363,117397,117400,3,,7
update,117374,117407,117411,4,,8
inbound,117375,117409,117412,3,,9
update,117385,117419,117422,3,,10
update,117396,117429,117432,3,,11
inbound,117400,117434,117437,3,,12
update,117407,117441,117444,3,,13
update,117418,117451,117454,3,,14
inbound,117425,117458,117462,4,,15
update,117429,117462,117466,4,,0
inbound,117430,117464,117467,3,,1
update,117440,117474,117477,3,,2
update,117451,117484,117487,3,,3
update,117462,117496,117499,3,,4
update,117473,117507,117510,3,,5
update,117484,117518,117521,3,,6
inbound,117485,117519,117523,4,,7
update,117495,117529,117532,3,,8
update,117506,117540,117543,3,,9
update,117517,117550,117553,3,,10
update,117528,117561,117564,3,,11
update,117539,117571,117574,3,,12
inbound,117540,117572,117576,4,,13
update,117550,117583,117586,3,,14
update,117561,117594,117598,4,,15
update,117572,117604,117609,5,,0
update,117583,117616,117619,3,,1
update,117594,117627,117631,4,,2
inbound,117595,117628,117632,4,,3
update,117605,117638,117641,3,,4
update,117616,117649,117651,2,,5
update,117627,117660,117663,3,,6
update,117638,117671,117674,3,,7
update,117649,117682,117684,2,,8
inbound,117650,117683,117686,3,,9
update,117660,117693,117699,6,,10
update,117671,117704,117708,4,,11
update,117682,117715,117717,2,,12
update,117693,117726,117729,3,,13
update,117704,117737,117741,4,,14
inbound,117705,117737,117742,5,,15
update,117715,117748,117751,3,,0
update,117726,117759,117762,3,,1
update,117737,117770,117773,3,,2
update,117748,117781,117785,4,,3
inbound,117760,117793,117799,6,,5
update,117759,117792,117800,8,,4
update,117770,117804,117808,4,,6
update,117781,117815,117818,3,,7
update,117792,117825,117829,4,,8
update,117803,117836,117839,3,,9
inbound,117815,117848,117850,2,,11
update,117814,117848,117852,4,,10
update,117825,117859,117862,3,,12
update,117836,117870,117874,4,,13
update,117847,117880,117884,4,,14
update,117858,117892,117895,3,,15
update,117869,117903,117905,2,,0
update,117880,117913,117915,2,,1
update,117891,117924,117927,3,,2
update,117902,117935,117938,3,,3
update,117913,117946,117949,3,,4
update,117924,117958,117960,2,,5
inbound,118000,118033,118036,3,,7
update,118000,118033,118036,3,,6
update,118011,118045,118047,2,,8
update,118022,118055,118058,3,,9
inbound,118025,118059,118062,3,,10
update,118033,118067,118069,2,,11
update,118044,118078,118080,2,,12
update,118055,118089,118091,2,,13
update,118066,118100,118102,2,,14
update,118077,118111,118114,3,,15
update,118088,118122,118125,3,,0
update,118099,118132,118135,3,,1
inbound,118100,118133,118136,3,,2
update,118110,118144,118147,3,,3
update,118121,118155,118157,2,,4
update,118132,118166,118168,2,,5
update,118143,118177,118180,3,,6
update,118154,118188,118191,3,,7
inbound,118155,118189,118193,4,,8
update,118165,118199,118201,2,,9
update,118176,118210,118212,2,,10
update,118187,118220,118223,3,,11
update,118198,118231,118234,3,,12
inbound,118200,118234,118237,3,,13
update,118209,118243,118246,3,,14
inbound,118210,118243,118246,3,,15
update,118220,118254,118257,3,,0
inbound,118225,118259,118261,2,,1
update,118231,118265,118267,2,,2
update,118242,118275,118278,3,,3
update,118253,118287,118289,2,,4
update,118264,118298,118301,3,,5
inbound,118265,118298,118301,3,,6
update,118275,118309,118312,3,,7
update,118286,118320,118323,3,,8
update,118297,118331,118334,3,,9
update,118308,118342,118345,3,,10
inbound,118320,118353,118356,3,,12
update,118319,118353,118356,3,,11
update,118330,118364,118366,2,,13
update,118341,118374,118377,3,,14
update,118352,118385,118388,3,,15
update,118363,118396,118399,3,,0
update,118374,118407,118411,4,,1
inbound,118375,118409,118412,3,,2
update,118385,118419,118422,3,,3
update,118396,118430,118432,2,,4
inbound,118400,118433,118436,3,,5
update,118407,118441,118444,3,,6
update,118418,118452,118455,3,,7
inbound,118425,118459,118462,3,,8
update,118429,118463,118465,2,,9
inbound,118430,118463,118466,3,,10
update,118440,118474,118477,3,,11
update,118451,118484,118487,3,,12
update,118462,118496,118499,3,,13
update,118473,118506,118510,4,,14
update,118484,118518,118521,3,,15
inbound,118485,118519,118523,4,,0
update,118495,118529,118532,3,,1
update,118506,118540,118544,4,,2
update,118517,118550,118553,3,,3
update,118528,118562,118565,3,,4
update,118539,118573,118577,4,,5
inbound,118540,118575,118579,4,,6
update,118550,118584,118587,3,,7
update,118561,118595,118598,3,,8
update,118572,118606,118610,4,,9
update,118583,118617,118620,3,,10
update,118594,118628,118631,3,,11
inbound,118595,118629,118632,3,,12
update,118605,118638,118641,3,,13
update,118616,118649,118652,3,,14
update,118627,118661,118663,2,,15
update,118638,118672,118674,2,,0
update,118649,118683,118686,3,,1
inbound,118650,118684,118687,3,,2
update,118660,118694,118696,2,,3
update,118671,118705,118708,3,,4
update,118682,118716,118719,3,,5
update,118693,118727,118730,3,,6
update,118704,118737,118740,3,,7
inbound,118705,118738,118742,4,,8
update,118715,118749,118752,3,,9
update,118726,118760,118763,3,,10
update,118737,118771,118774,3,,11
update,118748,118782,118785,3,,12
inbound,118760,118793,118795,2,,14
update,118759,118793,118796,3,,13
update,118770,118803,118806,3,,15
update,118781,118814,118817,3,,0
update,118792,118825,118828,3,,1
update,118803,118835,118838,3,,2
inbound,118815,118848,118849,1,,4
update,118814,118847,118850,3,,3
update,118825,118859,118861,2,,5
update,118836,118870,118872,2,,6
update,118847,118880,118883,3,,7
update,118858,118891,118894,3,,8
update,118869,118903,118905,2,,9
update,118880,118913,118916,3,,10
update,118891,118925,118928,3,,11
update,118902,118935,118938,3,,12
update,118913,118946,118949,3,,13
update,118924,118958,118961,3,,14
update,119000,119034,119037,3,,15
inbound,119000,119034,119038,4,,0
update,119011,119044,119047,3,,1
update,119022,119055,119058,3,,2
inbound,119025,119058,119061,3,,3
update,119033,119066,119070,4,,4
update,119044,119078,119081,3,,5
update,119055,119088,119091,3,,6
update,119066,119100,119103,3,,7
update,119077,119111,119114,3,,8
update,119088,119122,119124,2,,9
update,119099,119133,119136,3,,10
inbound,119100,119134,119137,3,,11
update,119110,119143,119146,3,,12
update,119121,119155,119157,2,,13
update,119132,119166,119169,3,,14
update,119143,119176,119179,3,,15
update,119154,119188,119191,3,,0
inbound,119155,119189,119192,3,,1
update,119165,119199,119202,3,,2
update,119176,119210,119212,2,,3
update,119187,119221,119224,3,,4
update,119198,119232,119235,3,,5
inbound,119200,119234,119238,4,,6
update,119209,119243,119246,3,,7
inbound,119210,119244,119248,4,,8
update,119220,119252,119256,4,,9
inbound,119225,119259,119261,2,,10
update,119231,119264,119267,3,,11
update,119242,119276,119279,3,,12
update,119253,119286,119289,3,,13
update,119264,119298,119301,3,,14
inbound,119265,119299,119303,4,,15
update,119275,119309,119311,2,,0
update,119286,119319,119322,3,,1
update,119297,119331,119334,3,,2
update,119308,119342,119345,3,,3
update,119319,119352,119356,4,,4
inbound,119320,119354,119357,3,,5
update,119330,119364,119367,3,,6
update,119341,119375,119378,3,,7
update,119352,119386,119389,3,,8
update,119363,119396,119400,4,,9
update,119374,119407,119411,4,,10
inbound,119375,119409,119413,4,,11
update,119385,119419,119422,3,,12
update,119396,119429,119432,3,,13
inbound,119400,119434,119437,3,,14
update,119407,119440,119443,3,,15
update,119418,119451,119455,4,,0
inbound,119425,119458,119461,3,,1
update,119429,119463,119466,3,,2
inbound,119430,119464,119468,4,,3
update,119440,119474,119477,3,,4
update,119451,119485,119488,3,,5
update,119462,119496,119498,2,,6
update,119473,119507,119509,2,,7
update,119484,119518,119523,5,,8
inbound,119485,119519,119523,4,,9
update,119495,119529,119532,3,,10
update,119506,119539,119543,4,,11
update,119517,119551,119554,3,,12
update,119528,119562,119565,3,,13
update,119539,119573,119576,3,,14
inbound,119540,119574,119578,4,,15
update,119550,119583,119586,3,,0
update,119561,119595,119599,4,,1
update,119572,119606,119609,3,,2
update,119583,119616,119619,3,,3
inbound,119595,119628,119632,4,,5
update,119594,119628,119632,4,,4
update,119605,119638,119641,3,,6
update,119616,119650,119653,3,,7
update,119627,119661,119663,2,,8
update,119638,119672,119675,3,,9
update,119649,119683,119686,3,,10
inbound,119650,119684,119687,3,,11
update,119660,119694,119697,3,,12
update,119671,119705,119709,4,,13
update,119682,119715,119719,4,,14
update,119693,119727,119729,2,,15
update,119704,119737,119741,4,,0
inbound,119705,119739,119742,3,,1
update,119715,119748,119751,3,,2
update,119726,119760,119763,3,,3
update,119737,119771,119773,2,,4
update,119748,119781,119785,4,,5
inbound,119760,119794,119796,2,,7
update,119759,119793,119797,4,,6
update,119770,119804,119806,2,,8
update,119781,119815,119818,3,,9
update,119792,119825,119828,3,,10
update,119803,119837,119840,3,,11
update,119814,119848,119851,3,,12
inbound,119815,119849,119852,3,,13
update,119825,119859,119862,3,,14
update,119836,119869,119872,3,,15
update,119847,119881,119884,3,,0
update,119858,119892,119895,3,,1
update,119869,119902,119905,3,,2
update,119880,119914,119917,3,,3
update,119891,119924,119927,3,,4
update,119902,119936,119939,3,,5
update,119913,119947,119950,3,,6
update,119924,119957,119960,3,,7
