operation,iteration,ms
message_insert_inbound,0,1.127392
message_insert_inbound,1,0.835646
message_insert_inbound,2,0.687947
message_insert_inbound,3,0.856500
message_insert_inbound,4,0.862627
message_insert_inbound,5,0.835101
message_insert_inbound,6,0.810437
message_insert_inbound,7,0.797506
message_insert_inbound,8,0.827618
message_insert_inbound,9,0.731398
message_insert_inbound,10,0.775957
message_insert_inbound,11,0.808304
message_insert_inbound,12,0.793771
message_insert_inbound,13,0.814063
message_insert_inbound,14,0.784283
message_insert_inbound,15,0.814429
message_insert_inbound,16,2.435795
message_insert_inbound,17,1.970022
message_insert_inbound,18,0.778141
message_insert_inbound,19,0.766528
message_insert_inbound,20,0.796191
message_insert_inbound,21,0.760180
message_insert_inbound,22,0.763760
message_insert_inbound,23,0.886151
message_insert_inbound,24,0.917357
message_insert_inbound,25,0.922233
message_insert_inbound,26,0.810464
message_insert_inbound,27,0.700259
message_insert_inbound,28,0.713115
message_insert_inbound,29,0.728345
message_insert_inbound,30,0.709399
message_insert_inbound,31,0.854792
message_insert_inbound,32,0.886734
message_insert_inbound,33,0.869199
message_insert_inbound,34,0.748928
message_insert_inbound,35,0.728757
message_insert_inbound,36,0.799088
message_insert_inbound,37,0.832551
message_insert_inbound,38,0.701755
message_insert_inbound,39,0.757741
message_insert_inbound,40,0.774196
message_insert_inbound,41,0.896224
message_insert_inbound,42,0.811238
message_insert_inbound,43,0.860932
message_insert_inbound,44,0.794672
message_insert_inbound,45,0.828590
message_insert_inbound,46,0.853986
message_insert_inbound,47,0.831682
message_insert_inbound,48,0.771051
message_insert_inbound,49,0.799852
message_insert_inbound,50,0.788151
message_insert_inbound,51,0.730209
message_insert_inbound,52,0.759703
message_insert_inbound,53,0.768805
message_insert_inbound,54,0.793071
message_insert_inbound,55,0.806389
message_insert_inbound,56,0.727855
message_insert_inbound,57,0.719439
message_insert_inbound,58,0.822502
message_insert_inbound,59,1.045571
message_insert_inbound,60,1.069375
message_insert_inbound,61,0.854105
message_insert_inbound,62,0.790696
message_insert_inbound,63,0.747504
message_insert_inbound,64,0.835687
message_insert_inbound,65,0.710491
message_insert_inbound,66,0.710736
message_insert_inbound,67,0.658660
message_insert_inbound,68,0.657150
message_insert_inbound,69,0.693821
message_insert_inbound,70,0.887912
message_insert_inbound,71,0.829495
message_insert_inbound,72,0.776860
message_insert_inbound,73,0.743917
message_insert_inbound,74,0.706575
message_insert_inbound,75,0.739888
message_insert_inbound,76,0.726085
message_insert_inbound,77,0.723543
message_insert_inbound,78,0.758910
message_insert_inbound,79,0.711955
message_insert_inbound,80,0.689619
message_insert_inbound,81,0.695854
message_insert_inbound,82,0.710535
message_insert_inbound,83,0.853650
message_insert_inbound,84,1.049613
message_insert_inbound,85,0.836835
message_insert_inbound,86,0.738935
message_insert_inbound,87,0.686799
message_insert_inbound,88,0.698905
message_insert_inbound,89,0.761016
message_insert_inbound,90,0.961558
message_insert_inbound,91,0.833639
message_insert_inbound,92,0.741495
message_insert_inbound,93,0.897837
message_insert_inbound,94,0.807396
message_insert_inbound,95,0.834804
message_insert_inbound,96,0.913454
message_insert_inbound,97,0.814980
message_insert_inbound,98,0.788274
message_insert_inbound,99,0.812360
message_insert_inbound,100,0.798637
message_insert_inbound,101,0.799586
message_insert_inbound,102,0.974711
message_insert_inbound,103,0.889166
message_insert_inbound,104,0.856228
message_insert_inbound,105,0.704938
message_insert_inbound,106,0.753411
message_insert_inbound,107,0.744738
message_insert_inbound,108,0.815920
message_insert_inbound,109,0.714685
message_insert_inbound,110,0.704041
message_insert_inbound,111,0.696563
message_insert_inbound,112,0.755516
message_insert_inbound,113,0.812632
message_insert_inbound,114,0.742680
message_insert_inbound,115,0.770818
message_insert_inbound,116,0.850763
message_insert_inbound,117,0.761735
message_insert_inbound,118,0.776657
message_insert_inbound,119,0.851912
message_insert_inbound,120,0.760958
message_insert_inbound,121,0.702475
message_insert_inbound,122,0.858789
message_insert_inbound,123,0.740809
message_insert_inbound,124,0.693358
message_insert_inbound,125,0.801242
message_insert_inbound,126,0.791168
message_insert_inbound,127,1.173312
message_insert_inbound,128,0.747886
message_insert_inbound,129,0.763778
message_insert_inbound,130,0.893812
message_insert_inbound,131,0.910914
message_insert_inbound,132,0.855315
message_insert_inbound,133,0.765618
message_insert_inbound,134,0.873458
message_insert_inbound,135,0.813128
message_insert_inbound,136,0.865642
message_insert_inbound,137,0.778577
message_insert_inbound,138,0.730872
message_insert_inbound,139,0.693905
message_insert_inbound,140,0.718379
message_insert_inbound,141,0.744526
message_insert_inbound,142,0.669485
message_insert_inbound,143,0.729598
message_insert_inbound,144,0.691165
message_insert_inbound,145,0.686631
message_insert_inbound,146,0.851368
message_insert_inbound,147,0.798301
message_insert_inbound,148,0.848156
message_insert_inbound,149,0.734949
message_insert_inbound,150,0.742381
message_insert_inbound,151,0.761988
message_insert_inbound,152,0.857568
message_insert_inbound,153,0.751134
message_insert_inbound,154,0.804548
message_insert_inbound,155,0.840024
message_insert_inbound,156,0.736084
message_insert_inbound,157,0.763748
message_insert_inbound,158,0.729726
message_insert_inbound,159,0.758276
message_insert_inbound,160,0.929869
message_insert_inbound,161,0.923225
message_insert_inbound,162,0.965872
message_insert_inbound,163,0.810906
message_insert_inbound,164,0.783067
message_insert_inbound,165,0.781311
message_insert_inbound,166,0.912906
message_insert_inbound,167,0.725201
message_insert_inbound,168,0.703707
message_insert_inbound,169,0.737078
message_insert_inbound,170,0.690990
message_insert_inbound,171,0.736383
message_insert_inbound,172,0.684821
message_insert_inbound,173,0.660839
message_insert_inbound,174,0.634033
message_insert_inbound,175,0.684651
message_insert_inbound,176,0.683186
message_insert_inbound,177,0.675907
message_insert_inbound,178,0.749427
message_insert_inbound,179,0.699755
message_insert_inbound,180,0.711902
message_insert_inbound,181,1.038654
message_insert_inbound,182,0.660995
message_insert_inbound,183,0.783435
message_insert_inbound,184,0.684320
message_insert_inbound,185,0.678546
message_insert_inbound,186,0.763792
message_insert_inbound,187,1.085005
message_insert_inbound,188,0.842360
message_insert_inbound,189,0.719604
message_insert_inbound,190,0.850809
message_insert_inbound,191,0.728268
message_insert_inbound,192,0.742407
message_insert_inbound,193,0.814204
message_insert_inbound,194,0.830967
message_insert_inbound,195,0.765337
message_insert_inbound,196,0.834074
message_insert_inbound,197,0.795471
message_insert_inbound,198,0.680306
message_insert_inbound,199,0.834434
message_insert_inbound,200,0.825062
message_insert_inbound,201,0.770533
message_insert_inbound,202,0.750480
message_insert_inbound,203,0.844401
message_insert_inbound,204,0.860751
message_insert_inbound,205,0.811945
message_insert_inbound,206,0.808207
message_insert_inbound,207,0.824176
message_insert_inbound,208,0.842820
message_insert_inbound,209,0.828529
message_insert_inbound,210,0.756435
message_insert_inbound,211,0.889547
message_insert_inbound,212,0.941252
message_insert_inbound,213,0.718453
message_insert_inbound,214,0.987788
message_insert_inbound,215,0.887034
message_insert_inbound,216,0.804672
message_insert_inbound,217,0.876370
message_insert_inbound,218,0.763643
message_insert_inbound,219,0.782497
message_insert_inbound,220,0.706295
message_insert_inbound,221,0.865219
message_insert_inbound,222,0.713929
message_insert_inbound,223,0.927398
message_insert_inbound,224,0.786190
message_insert_inbound,225,0.754550
message_insert_inbound,226,0.759153
message_insert_inbound,227,0.751155
message_insert_inbound,228,0.784226
message_insert_inbound,229,0.694057
message_insert_inbound,230,0.727542
message_insert_inbound,231,0.737162
message_insert_inbound,232,0.781713
message_insert_inbound,233,0.812746
message_insert_inbound,234,0.763467
message_insert_inbound,235,0.686396
message_insert_inbound,236,0.823619
message_insert_inbound,237,0.783288
message_insert_inbound,238,0.673800
message_insert_inbound,239,0.671972
message_insert_inbound,240,0.667432
message_insert_inbound,241,0.673668
message_insert_inbound,242,0.677376
message_insert_inbound,243,0.719865
message_insert_inbound,244,0.909525
message_insert_inbound,245,0.771676
message_insert_inbound,246,0.780182
message_insert_inbound,247,0.649861
message_insert_inbound,248,0.667313
message_insert_inbound,249,0.671868
message_insert_inbound,250,0.701104
message_insert_inbound,251,0.950116
message_insert_inbound,252,0.761062
message_insert_inbound,253,0.793651
message_insert_inbound,254,0.849251
message_insert_inbound,255,0.915882
message_insert_inbound,256,0.790618
message_insert_inbound,257,0.839849
message_insert_inbound,258,0.797849
message_insert_inbound,259,1.726341
message_insert_inbound,260,2.872112
message_insert_inbound,261,0.765193
message_insert_inbound,262,0.718566
message_insert_inbound,263,0.668730
message_insert_inbound,264,0.864203
message_insert_inbound,265,0.776855
message_insert_inbound,266,0.750092
message_insert_inbound,267,0.852531
message_insert_inbound,268,0.784851
message_insert_inbound,269,0.794915
message_insert_inbound,270,0.754024
message_insert_inbound,271,0.765122
message_insert_inbound,272,0.786079
message_insert_inbound,273,0.756172
message_insert_inbound,274,0.845215
message_insert_inbound,275,0.692146
message_insert_inbound,276,0.717319
message_insert_inbound,277,0.764497
message_insert_inbound,278,0.739820
message_insert_inbound,279,0.779896
message_insert_inbound,280,0.676296
message_insert_inbound,281,0.703091
message_insert_inbound,282,0.834025
message_insert_inbound,283,0.835624
message_insert_inbound,284,0.853260
message_insert_inbound,285,0.743382
message_insert_inbound,286,0.792019
message_insert_inbound,287,0.804657
message_insert_inbound,288,0.653149
message_insert_inbound,289,0.890713
message_insert_inbound,290,0.778161
message_insert_inbound,291,0.771597
message_insert_inbound,292,0.708517
message_insert_inbound,293,0.869336
message_insert_inbound,294,0.775345
message_insert_inbound,295,0.793680
message_insert_inbound,296,0.686104
message_insert_inbound,297,0.807875
message_insert_inbound,298,0.729160
message_insert_inbound,299,0.791887
message_insert_inbound,300,0.738505
message_insert_inbound,301,0.713475
message_insert_inbound,302,0.731903
message_insert_inbound,303,0.748930
message_insert_inbound,304,0.726104
message_insert_inbound,305,0.753116
message_insert_inbound,306,0.693577
message_insert_inbound,307,0.753010
message_insert_inbound,308,0.660073
message_insert_inbound,309,0.628268
message_insert_inbound,310,0.685310
message_insert_inbound,311,0.731505
message_insert_inbound,312,0.673761
message_insert_inbound,313,0.812202
message_insert_inbound,314,0.795142
message_insert_inbound,315,0.715769
message_insert_inbound,316,0.826050
message_insert_inbound,317,0.762335
message_insert_inbound,318,0.779368
message_insert_inbound,319,0.810962
message_insert_inbound,320,0.774504
message_insert_inbound,321,0.804301
message_insert_inbound,322,0.745798
message_insert_inbound,323,0.741252
message_insert_inbound,324,0.781921
message_insert_inbound,325,0.752475
message_insert_inbound,326,0.712845
message_insert_inbound,327,0.808633
message_insert_inbound,328,0.728474
message_insert_inbound,329,0.807325
message_insert_inbound,330,0.780431
message_insert_inbound,331,0.700213
message_insert_inbound,332,0.697959
message_insert_inbound,333,0.705351
message_insert_inbound,334,0.730542
message_insert_inbound,335,0.734395
message_insert_inbound,336,0.688291
message_insert_inbound,337,0.688549
message_insert_inbound,338,0.862672
message_insert_inbound,339,0.701824
message_insert_inbound,340,0.688736
message_insert_inbound,341,0.729351
message_insert_inbound,342,0.828220
message_insert_inbound,343,0.781622
message_insert_inbound,344,0.765022
message_insert_inbound,345,0.703691
message_insert_inbound,346,0.724961
message_insert_inbound,347,0.773154
message_insert_inbound,348,0.690763
message_insert_inbound,349,0.798826
message_insert_inbound,350,0.781975
message_insert_inbound,351,0.817255
message_insert_inbound,352,0.753560
message_insert_inbound,353,0.760692
message_insert_inbound,354,0.721649
message_insert_inbound,355,0.709576
message_insert_inbound,356,0.719950
message_insert_inbound,357,0.664914
message_insert_inbound,358,0.666902
message_insert_inbound,359,0.729098
message_insert_inbound,360,0.835536
message_insert_inbound,361,0.745133
message_insert_inbound,362,0.681517
message_insert_inbound,363,0.790036
message_insert_inbound,364,0.796851
message_insert_inbound,365,0.770415
message_insert_inbound,366,0.815328
message_insert_inbound,367,0.763902
message_insert_inbound,368,0.838649
message_insert_inbound,369,0.856012
message_insert_inbound,370,0.878386
message_insert_inbound,371,0.852292
message_insert_inbound,372,0.809989
message_insert_inbound,373,0.824994
message_insert_inbound,374,0.793964
message_insert_inbound,375,0.782511
message_insert_inbound,376,0.816260
message_insert_inbound,377,0.837583
message_insert_inbound,378,0.787396
message_insert_inbound,379,0.767306
message_insert_inbound,380,0.695237
message_insert_inbound,381,0.786762
message_insert_inbound,382,0.902762
message_insert_inbound,383,0.865493
message_insert_inbound,384,0.798048
message_insert_inbound,385,0.748846
message_insert_inbound,386,0.699313
message_insert_inbound,387,0.739677
message_insert_inbound,388,0.814122
message_insert_inbound,389,0.684770
message_insert_inbound,390,0.698192
message_insert_inbound,391,0.767467
message_insert_inbound,392,0.941834
message_insert_inbound,393,0.857028
message_insert_inbound,394,0.860031
message_insert_inbound,395,0.742451
message_insert_inbound,396,0.683358
message_insert_inbound,397,0.684445
message_insert_inbound,398,0.897620
message_insert_inbound,399,0.819138
message_insert_inbound,400,0.744587
message_insert_inbound,401,0.796716
message_insert_inbound,402,0.873238
message_insert_inbound,403,0.772974
message_insert_inbound,404,0.805009
message_insert_inbound,405,0.913354
message_insert_inbound,406,0.771430
message_insert_inbound,407,0.861641
message_insert_inbound,408,0.750989
message_insert_inbound,409,0.828380
message_insert_inbound,410,0.885661
message_insert_inbound,411,0.826292
message_insert_inbound,412,0.821222
message_insert_inbound,413,0.784280
message_insert_inbound,414,0.798577
message_insert_inbound,415,0.769150
message_insert_inbound,416,0.818506
message_insert_inbound,417,0.799809
message_insert_inbound,418,0.782846
message_insert_inbound,419,0.873884
message_insert_inbound,420,0.829458
message_insert_inbound,421,0.772727
message_insert_inbound,422,0.723885
message_insert_inbound,423,0.758041
message_insert_inbound,424,0.891409
message_insert_inbound,425,0.874072
message_insert_inbound,426,0.957639
message_insert_inbound,427,0.864040
message_insert_inbound,428,1.003957
message_insert_inbound,429,0.981335
message_insert_inbound,430,0.918712
message_insert_inbound,431,0.947618
message_insert_inbound,432,0.855303
message_insert_inbound,433,1.002640
message_insert_inbound,434,0.957721
message_insert_inbound,435,1.038850
message_insert_inbound,436,1.004176
message_insert_inbound,437,0.903797
message_insert_inbound,438,0.944410
message_insert_inbound,439,0.829454
message_insert_inbound,440,1.015253
message_insert_inbound,441,1.028312
message_insert_inbound,442,0.982380
message_insert_inbound,443,1.012931
message_insert_inbound,444,0.884575
message_insert_inbound,445,0.821018
message_insert_inbound,446,0.935274
message_insert_inbound,447,0.777709
message_insert_inbound,448,0.750901
message_insert_inbound,449,0.725084
message_insert_inbound,450,0.677024
message_insert_inbound,451,0.763456
message_insert_inbound,452,0.864642
message_insert_inbound,453,0.752192
message_insert_inbound,454,0.715735
message_insert_inbound,455,0.779628
message_insert_inbound,456,0.748194
message_insert_inbound,457,0.823410
message_insert_inbound,458,0.718339
message_insert_inbound,459,0.746493
message_insert_inbound,460,0.825582
message_insert_inbound,461,0.887617
message_insert_inbound,462,1.000118
message_insert_inbound,463,0.898019
message_insert_inbound,464,1.044340
message_insert_inbound,465,0.967891
message_insert_inbound,466,1.114279
message_insert_inbound,467,0.757400
message_insert_inbound,468,0.878872
message_insert_inbound,469,1.636532
message_insert_inbound,470,0.919640
message_insert_inbound,471,0.973897
message_insert_inbound,472,1.203514
message_insert_inbound,473,0.993477
message_insert_inbound,474,0.771247
message_insert_inbound,475,0.756937
message_insert_inbound,476,0.738965
message_insert_inbound,477,0.870827
message_insert_inbound,478,0.787488
message_insert_inbound,479,0.784909
message_insert_inbound,480,0.810508
message_insert_inbound,481,0.812080
message_insert_inbound,482,0.754785
message_insert_inbound,483,0.715753
message_insert_inbound,484,0.725101
message_insert_inbound,485,0.820067
message_insert_inbound,486,0.789677
message_insert_inbound,487,0.748751
message_insert_inbound,488,0.702255
message_insert_inbound,489,0.696100
message_insert_inbound,490,0.688658
message_insert_inbound,491,0.741763
message_insert_inbound,492,0.872081
message_insert_inbound,493,0.723096
message_insert_inbound,494,0.752615
message_insert_inbound,495,0.723503
message_insert_inbound,496,0.740049
message_insert_inbound,497,0.839788
message_insert_inbound,498,2.295883
message_insert_inbound,499,0.976944
message_insert_inbound,500,1.367755
message_insert_inbound,501,0.998185
message_insert_inbound,502,0.827503
message_insert_inbound,503,0.783456
message_insert_inbound,504,0.792024
message_insert_inbound,505,0.738302
message_insert_inbound,506,0.746783
message_insert_inbound,507,0.734063
message_insert_inbound,508,0.704440
message_insert_inbound,509,0.815394
message_insert_inbound,510,0.810623
message_insert_inbound,511,0.735805
message_insert_inbound,512,0.764944
message_insert_inbound,513,0.722761
message_insert_inbound,514,0.674575
message_insert_inbound,515,0.715446
message_insert_inbound,516,0.943686
message_insert_inbound,517,0.851875
message_insert_inbound,518,0.755828
message_insert_inbound,519,0.711743
message_insert_inbound,520,0.763549
message_insert_inbound,521,0.706846
message_insert_inbound,522,0.713350
message_insert_inbound,523,0.619986
message_insert_inbound,524,0.624398
message_insert_inbound,525,0.648361
message_insert_inbound,526,0.741909
message_insert_inbound,527,0.712260
message_insert_inbound,528,0.693336
message_insert_inbound,529,0.745963
message_insert_inbound,530,0.680517
message_insert_inbound,531,0.676589
message_insert_inbound,532,0.687351
message_insert_inbound,533,0.702018
message_insert_inbound,534,0.668480
message_insert_inbound,535,0.798091
message_insert_inbound,536,0.820798
message_insert_inbound,537,0.768062
message_insert_inbound,538,0.748943
message_insert_inbound,539,0.781106
message_insert_inbound,540,0.654047
message_insert_inbound,541,0.681895
message_insert_inbound,542,0.738412
message_insert_inbound,543,0.687410
message_insert_inbound,544,0.755235
message_insert_inbound,545,0.755863
message_insert_inbound,546,0.586330
message_insert_inbound,547,0.715778
message_insert_inbound,548,0.746986
message_insert_inbound,549,0.701949
message_insert_inbound,550,0.617586
message_insert_inbound,551,0.780638
message_insert_inbound,552,0.691681
message_insert_inbound,553,0.733786
message_insert_inbound,554,0.645926
message_insert_inbound,555,0.760074
message_insert_inbound,556,0.805508
message_insert_inbound,557,0.702978
message_insert_inbound,558,0.685430
message_insert_inbound,559,0.762041
message_insert_inbound,560,0.752100
message_insert_inbound,561,0.750998
message_insert_inbound,562,0.656609
message_insert_inbound,563,0.626677
message_insert_inbound,564,0.678966
message_insert_inbound,565,0.728936
message_insert_inbound,566,0.724249
message_insert_inbound,567,0.747260
message_insert_inbound,568,0.706173
message_insert_inbound,569,0.686786
message_insert_inbound,570,0.698621
message_insert_inbound,571,0.759589
message_insert_inbound,572,0.700059
message_insert_inbound,573,0.689187
message_insert_inbound,574,0.705254
message_insert_inbound,575,0.700276
message_insert_inbound,576,0.626033
message_insert_inbound,577,0.711391
message_insert_inbound,578,0.745619
message_insert_inbound,579,0.735298
message_insert_inbound,580,0.705932
message_insert_inbound,581,0.695072
message_insert_inbound,582,0.804727
message_insert_inbound,583,0.710193
message_insert_inbound,584,0.741987
message_insert_inbound,585,0.680789
message_insert_inbound,586,0.828534
message_insert_inbound,587,0.693441
message_insert_inbound,588,0.648209
message_insert_inbound,589,0.725936
message_insert_inbound,590,0.780827
message_insert_inbound,591,0.722535
message_insert_inbound,592,0.735636
message_insert_inbound,593,0.682983
message_insert_inbound,594,0.702812
message_insert_inbound,595,0.733390
message_insert_inbound,596,0.683121
message_insert_inbound,597,0.708586
message_insert_inbound,598,0.740120
message_insert_inbound,599,0.716544
message_insert_inbound,600,0.643045
message_insert_inbound,601,0.644785
message_insert_inbound,602,0.680232
message_insert_inbound,603,0.770370
message_insert_inbound,604,0.734314
message_insert_inbound,605,0.664661
message_insert_inbound,606,0.645010
message_insert_inbound,607,0.615908
message_insert_inbound,608,0.677645
message_insert_inbound,609,0.628068
message_insert_inbound,610,0.652348
message_insert_inbound,611,0.736548
message_insert_inbound,612,0.699291
message_insert_inbound,613,0.595258
message_insert_inbound,614,0.698843
message_insert_inbound,615,0.692906
message_insert_inbound,616,0.699636
message_insert_inbound,617,0.687209
message_insert_inbound,618,0.745188
message_insert_inbound,619,0.703766
message_insert_inbound,620,0.729257
message_insert_inbound,621,0.689163
message_insert_inbound,622,0.766326
message_insert_inbound,623,0.726942
message_insert_inbound,624,0.731033
message_insert_inbound,625,0.695774
message_insert_inbound,626,0.700948
message_insert_inbound,627,0.739892
message_insert_inbound,628,0.703937
message_insert_inbound,629,0.726054
message_insert_inbound,630,0.760922
message_insert_inbound,631,0.790872
message_insert_inbound,632,0.678342
message_insert_inbound,633,0.683221
message_insert_inbound,634,0.774174
message_insert_inbound,635,0.700837
message_insert_inbound,636,0.748620
message_insert_inbound,637,0.699544
message_insert_inbound,638,0.738862
message_insert_inbound,639,0.660088
message_insert_inbound,640,0.734151
message_insert_inbound,641,0.615118
message_insert_inbound,642,0.664551
message_insert_inbound,643,0.793499
message_insert_inbound,644,0.748696
message_insert_inbound,645,0.676726
message_insert_inbound,646,0.642865
message_insert_inbound,647,0.599831
message_insert_inbound,648,0.848246
message_insert_inbound,649,0.749691
message_insert_inbound,650,0.737793
message_insert_inbound,651,0.759749
message_insert_inbound,652,0.709418
message_insert_inbound,653,0.753306
message_insert_inbound,654,0.719451
message_insert_inbound,655,0.728394
message_insert_inbound,656,0.715966
message_insert_inbound,657,0.751381
message_insert_inbound,658,0.665680
message_insert_inbound,659,0.653835
message_insert_inbound,660,0.721914
message_insert_inbound,661,0.681728
message_insert_inbound,662,0.662566
message_insert_inbound,663,0.780134
message_insert_inbound,664,0.768039
message_insert_inbound,665,0.693436
message_insert_inbound,666,0.694047
message_insert_inbound,667,0.700715
message_insert_inbound,668,0.769902
message_insert_inbound,669,0.755013
message_insert_inbound,670,0.702597
message_insert_inbound,671,0.672053
message_insert_inbound,672,0.707229
message_insert_inbound,673,0.760207
message_insert_inbound,674,0.713535
message_insert_inbound,675,0.629771
message_insert_inbound,676,0.794199
message_insert_inbound,677,0.683893
message_insert_inbound,678,0.645557
message_insert_inbound,679,0.720810
message_insert_inbound,680,0.806504
message_insert_inbound,681,0.757841
message_insert_inbound,682,0.720222
message_insert_inbound,683,0.689599
message_insert_inbound,684,0.769484
message_insert_inbound,685,0.775285
message_insert_inbound,686,0.668971
message_insert_inbound,687,0.760641
message_insert_inbound,688,0.741101
message_insert_inbound,689,0.676878
message_insert_inbound,690,0.638316
message_insert_inbound,691,0.703150
message_insert_inbound,692,0.696555
message_insert_inbound,693,0.686385
message_insert_inbound,694,0.881337
message_insert_inbound,695,0.742915
message_insert_inbound,696,0.751999
message_insert_inbound,697,0.699257
message_insert_inbound,698,0.766148
message_insert_inbound,699,0.697270
message_insert_inbound,700,0.739907
message_insert_inbound,701,0.729531
message_insert_inbound,702,0.726234
message_insert_inbound,703,0.692113
message_insert_inbound,704,0.718060
message_insert_inbound,705,0.718028
message_insert_inbound,706,0.767355
message_insert_inbound,707,0.682094
message_insert_inbound,708,0.704030
message_insert_inbound,709,0.711835
message_insert_inbound,710,0.731024
message_insert_inbound,711,0.748141
message_insert_inbound,712,0.685681
message_insert_inbound,713,0.741351
message_insert_inbound,714,0.754997
message_insert_inbound,715,0.751309
message_insert_inbound,716,0.755928
message_insert_inbound,717,0.783776
message_insert_inbound,718,0.669920
message_insert_inbound,719,0.676012
message_insert_inbound,720,0.704925
message_insert_inbound,721,0.762418
message_insert_inbound,722,0.702016
message_insert_inbound,723,0.677638
message_insert_inbound,724,0.684582
message_insert_inbound,725,0.753824
message_insert_inbound,726,0.802968
message_insert_inbound,727,0.776975
message_insert_inbound,728,0.658437
message_insert_inbound,729,0.757930
message_insert_inbound,730,0.690341
message_insert_inbound,731,0.861785
message_insert_inbound,732,0.703093
message_insert_inbound,733,0.775327
message_insert_inbound,734,0.748983
message_insert_inbound,735,0.689826
message_insert_inbound,736,0.765553
message_insert_inbound,737,0.801141
message_insert_inbound,738,0.772145
message_insert_inbound,739,0.727802
message_insert_inbound,740,0.844758
message_insert_inbound,741,0.693902
message_insert_inbound,742,0.732046
message_insert_inbound,743,0.633300
message_insert_inbound,744,0.713123
message_insert_inbound,745,0.738995
message_insert_inbound,746,0.787584
message_insert_inbound,747,0.796795
message_insert_inbound,748,0.764040
message_insert_inbound,749,0.975725
message_insert_inbound,750,0.784236
message_insert_inbound,751,0.904705
message_insert_inbound,752,0.750086
message_insert_inbound,753,0.791106
message_insert_inbound,754,0.822839
message_insert_inbound,755,0.701231
message_insert_inbound,756,0.843530
message_insert_inbound,757,0.732073
message_insert_inbound,758,0.753824
message_insert_inbound,759,0.751570
message_insert_inbound,760,0.746889
message_insert_inbound,761,0.665832
message_insert_inbound,762,1.679675
message_insert_inbound,763,1.978605
message_insert_inbound,764,0.945929
message_insert_inbound,765,0.805960
message_insert_inbound,766,0.754449
message_insert_inbound,767,0.717912
message_insert_inbound,768,0.723246
message_insert_inbound,769,0.751886
message_insert_inbound,770,0.778180
message_insert_inbound,771,0.715553
message_insert_inbound,772,0.699252
message_insert_inbound,773,0.679870
message_insert_inbound,774,0.681263
message_insert_inbound,775,0.835394
message_insert_inbound,776,0.679821
message_insert_inbound,777,0.765625
message_insert_inbound,778,0.737876
message_insert_inbound,779,0.698120
message_insert_inbound,780,0.715626
message_insert_inbound,781,0.702562
message_insert_inbound,782,0.712255
message_insert_inbound,783,0.702287
message_insert_inbound,784,0.886944
message_insert_inbound,785,0.693636
message_insert_inbound,786,0.660541
message_insert_inbound,787,0.681276
message_insert_inbound,788,0.729934
message_insert_inbound,789,0.679808
message_insert_inbound,790,0.667284
message_insert_inbound,791,0.711631
message_insert_inbound,792,0.756825
message_insert_inbound,793,0.668671
message_insert_inbound,794,0.707688
message_insert_inbound,795,0.722126
message_insert_inbound,796,0.677170
message_insert_inbound,797,0.705896
message_insert_inbound,798,0.722203
message_insert_inbound,799,0.724699
message_insert_inbound,800,0.685163
message_insert_inbound,801,0.657701
message_insert_inbound,802,0.738264
message_insert_inbound,803,0.715554
message_insert_inbound,804,0.736141
message_insert_inbound,805,0.665940
message_insert_inbound,806,0.688792
message_insert_inbound,807,0.619734
message_insert_inbound,808,0.678976
message_insert_inbound,809,0.679830
message_insert_inbound,810,0.677049
message_insert_inbound,811,0.641348
message_insert_inbound,812,0.670219
message_insert_inbound,813,0.657810
message_insert_inbound,814,0.648326
message_insert_inbound,815,0.724972
message_insert_inbound,816,0.755995
message_insert_inbound,817,0.736768
message_insert_inbound,818,0.673010
message_insert_inbound,819,0.708278
message_insert_inbound,820,0.749768
message_insert_inbound,821,0.757095
message_insert_inbound,822,0.848267
message_insert_inbound,823,0.754353
message_insert_inbound,824,0.747302
message_insert_inbound,825,0.633252
message_insert_inbound,826,0.750775
message_insert_inbound,827,0.724481
message_insert_inbound,828,0.707432
message_insert_inbound,829,0.769754
message_insert_inbound,830,0.709546
message_insert_inbound,831,0.700129
message_insert_inbound,832,0.741163
message_insert_inbound,833,0.689795
message_insert_inbound,834,0.663220
message_insert_inbound,835,0.750652
message_insert_inbound,836,0.699374
message_insert_inbound,837,0.693720
message_insert_inbound,838,0.740772
message_insert_inbound,839,0.808946
message_insert_inbound,840,0.700470
message_insert_inbound,841,0.676957
message_insert_inbound,842,0.696707
message_insert_inbound,843,0.688982
message_insert_inbound,844,0.720028
message_insert_inbound,845,0.795930
message_insert_inbound,846,0.718959
message_insert_inbound,847,0.695850
message_insert_inbound,848,0.875214
message_insert_inbound,849,0.703176
message_insert_inbound,850,0.804603
message_insert_inbound,851,0.758405
message_insert_inbound,852,0.791672
message_insert_inbound,853,0.684744
message_insert_inbound,854,0.693355
message_insert_inbound,855,0.759333
message_insert_inbound,856,0.753183
message_insert_inbound,857,0.709349
message_insert_inbound,858,0.719154
message_insert_inbound,859,0.704781
message_insert_inbound,860,0.700816
message_insert_inbound,861,0.778761
message_insert_inbound,862,0.802956
message_insert_inbound,863,0.786078
message_insert_inbound,864,0.682637
message_insert_inbound,865,0.716922
message_insert_inbound,866,0.805145
message_insert_inbound,867,0.739825
message_insert_inbound,868,0.740763
message_insert_inbound,869,0.755480
message_insert_inbound,870,0.774911
message_insert_inbound,871,0.696380
message_insert_inbound,872,0.725307
message_insert_inbound,873,0.776523
message_insert_inbound,874,0.710246
message_insert_inbound,875,0.747768
message_insert_inbound,876,0.725751
message_insert_inbound,877,0.761771
message_insert_inbound,878,0.691728
message_insert_inbound,879,0.720159
message_insert_inbound,880,0.669333
message_insert_inbound,881,0.700909
message_insert_inbound,882,0.739317
message_insert_inbound,883,0.675296
message_insert_inbound,884,0.792416
message_insert_inbound,885,0.739616
message_insert_inbound,886,0.752968
message_insert_inbound,887,0.774968
message_insert_inbound,888,0.763016
message_insert_inbound,889,0.682683
message_insert_inbound,890,0.714852
message_insert_inbound,891,0.718965
message_insert_inbound,892,0.754049
message_insert_inbound,893,0.693600
message_insert_inbound,894,0.741789
message_insert_inbound,895,0.748027
message_insert_inbound,896,0.698925
message_insert_inbound,897,0.695589
message_insert_inbound,898,0.631097
message_insert_inbound,899,0.684511
message_insert_inbound,900,0.676033
message_insert_inbound,901,0.707948
message_insert_inbound,902,0.828573
message_insert_inbound,903,0.669506
message_insert_inbound,904,0.702177
message_insert_inbound,905,0.821144
message_insert_inbound,906,0.708958
message_insert_inbound,907,0.615520
message_insert_inbound,908,0.644230
message_insert_inbound,909,0.781766
message_insert_inbound,910,0.774121
message_insert_inbound,911,0.724606
message_insert_inbound,912,0.640236
message_insert_inbound,913,0.689476
message_insert_inbound,914,0.652132
message_insert_inbound,915,0.668484
message_insert_inbound,916,0.644037
message_insert_inbound,917,0.800533
message_insert_inbound,918,0.798137
message_insert_inbound,919,0.694511
message_insert_inbound,920,0.771414
message_insert_inbound,921,0.785629
message_insert_inbound,922,0.766374
message_insert_inbound,923,0.840665
message_insert_inbound,924,0.823850
message_insert_inbound,925,0.854524
message_insert_inbound,926,0.776689
message_insert_inbound,927,0.752836
message_insert_inbound,928,0.699155
message_insert_inbound,929,0.711320
message_insert_inbound,930,0.751129
message_insert_inbound,931,0.790417
message_insert_inbound,932,0.744716
message_insert_inbound,933,0.684547
message_insert_inbound,934,0.640180
message_insert_inbound,935,0.673271
message_insert_inbound,936,0.749092
message_insert_inbound,937,0.709482
message_insert_inbound,938,0.702218
message_insert_inbound,939,0.771120
message_insert_inbound,940,0.669720
message_insert_inbound,941,0.670349
message_insert_inbound,942,0.793948
message_insert_inbound,943,0.782878
message_insert_inbound,944,0.680866
message_insert_inbound,945,0.695546
message_insert_inbound,946,0.726958
message_insert_inbound,947,0.779360
message_insert_inbound,948,0.757934
message_insert_inbound,949,0.786087
message_insert_inbound,950,0.640835
message_insert_inbound,951,0.725882
message_insert_inbound,952,0.714899
message_insert_inbound,953,0.837118
message_insert_inbound,954,0.689270
message_insert_inbound,955,0.693657
message_insert_inbound,956,0.665780
message_insert_inbound,957,0.733346
message_insert_inbound,958,0.998972
message_insert_inbound,959,0.942652
message_insert_inbound,960,0.991611
message_insert_inbound,961,0.885022
message_insert_inbound,962,0.837374
message_insert_inbound,963,1.061904
message_insert_inbound,964,1.017969
message_insert_inbound,965,0.984968
message_insert_inbound,966,0.938287
message_insert_inbound,967,1.206240
message_insert_inbound,968,1.038131
message_insert_inbound,969,1.062815
message_insert_inbound,970,0.817285
message_insert_inbound,971,0.891000
message_insert_inbound,972,0.903604
message_insert_inbound,973,0.942679
message_insert_inbound,974,0.915700
message_insert_inbound,975,0.812632
message_insert_inbound,976,0.862262
message_insert_inbound,977,0.873480
message_insert_inbound,978,0.878392
message_insert_inbound,979,0.859006
message_insert_inbound,980,0.773085
message_insert_inbound,981,0.816867
message_insert_inbound,982,0.830983
message_insert_inbound,983,0.832611
message_insert_inbound,984,0.817697
message_insert_inbound,985,0.838032
message_insert_inbound,986,0.831366
message_insert_inbound,987,0.753407
message_insert_inbound,988,0.702878
message_insert_inbound,989,0.724682
message_insert_inbound,990,0.695859
message_insert_inbound,991,0.613712
message_insert_inbound,992,0.693135
message_insert_inbound,993,0.638685
message_insert_inbound,994,0.761433
message_insert_inbound,995,0.806724
message_insert_inbound,996,0.837215
message_insert_inbound,997,0.838994
message_insert_inbound,998,0.896928
message_insert_inbound,999,1.094668
message_insert_inbound,1000,1.154770
message_insert_inbound,1001,0.987179
message_insert_inbound,1002,1.015476
message_insert_inbound,1003,0.805505
message_insert_inbound,1004,0.839660
message_insert_inbound,1005,0.804997
message_insert_inbound,1006,0.749594
message_insert_inbound,1007,0.760916
message_insert_inbound,1008,0.717759
message_insert_inbound,1009,0.797960
message_insert_inbound,1010,0.839877
message_insert_inbound,1011,0.809295
message_insert_inbound,1012,0.739624
message_insert_inbound,1013,0.763635
message_insert_inbound,1014,0.779173
message_insert_inbound,1015,0.808392
message_insert_inbound,1016,0.792031
message_insert_inbound,1017,2.232730
message_insert_inbound,1018,0.701699
message_insert_inbound,1019,0.681964
message_insert_inbound,1020,0.670817
message_insert_inbound,1021,0.754941
message_insert_inbound,1022,0.693935
message_insert_inbound,1023,0.773968
message_insert_inbound,1024,0.741436
message_insert_inbound,1025,0.741836
message_insert_inbound,1026,0.711018
message_insert_inbound,1027,0.734205
message_insert_inbound,1028,0.691443
message_insert_inbound,1029,0.698577
message_insert_inbound,1030,0.620900
message_insert_inbound,1031,0.694001
message_insert_inbound,1032,0.703371
message_insert_inbound,1033,0.775106
message_insert_inbound,1034,0.802379
message_insert_inbound,1035,0.671902
message_insert_inbound,1036,0.743357
message_insert_inbound,1037,0.737977
message_insert_inbound,1038,0.718102
message_insert_inbound,1039,0.733573
message_insert_inbound,1040,0.747418
message_insert_inbound,1041,0.703506
message_insert_inbound,1042,0.658170
message_insert_inbound,1043,0.696319
message_insert_inbound,1044,0.798191
message_insert_inbound,1045,0.736357
message_insert_inbound,1046,0.739415
message_insert_inbound,1047,0.741152
message_insert_inbound,1048,0.714342
message_insert_inbound,1049,0.678412
message_insert_inbound,1050,0.759399
message_insert_inbound,1051,0.747144
message_insert_inbound,1052,0.695333
message_insert_inbound,1053,0.714840
message_insert_inbound,1054,0.736870
message_insert_inbound,1055,0.709505
message_insert_inbound,1056,0.704451
message_insert_inbound,1057,0.712292
message_insert_inbound,1058,0.795705
message_insert_inbound,1059,0.722752
message_insert_inbound,1060,0.679912
message_insert_inbound,1061,0.691150
message_insert_inbound,1062,0.915635
message_insert_inbound,1063,0.742461
message_insert_inbound,1064,0.775480
message_insert_inbound,1065,0.720400
message_insert_inbound,1066,0.665050
message_insert_inbound,1067,0.736873
message_insert_inbound,1068,0.723739
message_insert_inbound,1069,0.759439
message_insert_inbound,1070,0.705119
message_insert_inbound,1071,0.822146
message_insert_inbound,1072,0.730869
message_insert_inbound,1073,0.718561
message_insert_inbound,1074,0.682187
message_insert_inbound,1075,0.806865
message_insert_inbound,1076,0.695740
message_insert_inbound,1077,0.726818
message_insert_inbound,1078,0.752480
message_insert_inbound,1079,0.728069
message_insert_inbound,1080,0.707933
message_insert_inbound,1081,0.718598
message_insert_inbound,1082,0.634388
message_insert_inbound,1083,0.646045
message_insert_inbound,1084,0.778832
message_insert_inbound,1085,0.751674
message_insert_inbound,1086,0.727145
message_insert_inbound,1087,0.710987
message_insert_inbound,1088,0.759937
message_insert_inbound,1089,0.823366
message_insert_inbound,1090,1.862250
message_insert_inbound,1091,3.966542
message_insert_inbound,1092,1.358910
message_insert_inbound,1093,0.920119
message_insert_inbound,1094,0.788816
message_insert_inbound,1095,0.803523
message_insert_inbound,1096,0.685764
message_insert_inbound,1097,0.678590
message_insert_inbound,1098,0.803041
message_insert_inbound,1099,0.694200
message_insert_inbound,1100,0.851786
message_insert_inbound,1101,0.779170
message_insert_inbound,1102,0.695134
message_insert_inbound,1103,0.703679
message_insert_inbound,1104,0.773386
message_insert_inbound,1105,0.746433
message_insert_inbound,1106,0.723989
message_insert_inbound,1107,0.733332
message_insert_inbound,1108,0.779257
message_insert_inbound,1109,0.746412
message_insert_inbound,1110,0.727086
message_insert_inbound,1111,0.802472
message_insert_inbound,1112,0.789877
message_insert_inbound,1113,0.777748
message_insert_inbound,1114,0.822822
message_insert_inbound,1115,0.645406
message_insert_inbound,1116,0.708707
message_insert_inbound,1117,0.810240
message_insert_inbound,1118,0.683871
message_insert_inbound,1119,0.723899
message_insert_inbound,1120,0.792679
message_insert_inbound,1121,0.770043
message_insert_inbound,1122,0.761649
message_insert_inbound,1123,0.764613
message_insert_inbound,1124,0.749052
message_insert_inbound,1125,0.758359
message_insert_inbound,1126,0.771827
message_insert_inbound,1127,0.720508
message_insert_inbound,1128,0.696030
message_insert_inbound,1129,0.774759
message_insert_inbound,1130,0.672724
message_insert_inbound,1131,0.673991
message_insert_inbound,1132,0.796820
message_insert_inbound,1133,0.777409
message_insert_inbound,1134,0.718431
message_insert_inbound,1135,0.756501
message_insert_inbound,1136,0.748664
message_insert_inbound,1137,0.785711
message_insert_inbound,1138,0.817251
message_insert_inbound,1139,0.766697
message_insert_inbound,1140,0.752494
message_insert_inbound,1141,0.677881
message_insert_inbound,1142,0.697797
message_insert_inbound,1143,0.797109
message_insert_inbound,1144,0.726196
message_insert_inbound,1145,0.725878
message_insert_inbound,1146,0.631540
message_insert_inbound,1147,0.699308
message_insert_inbound,1148,0.703315
message_insert_inbound,1149,0.722088
message_insert_inbound,1150,0.771943
message_insert_inbound,1151,0.765848
message_insert_inbound,1152,0.753379
message_insert_inbound,1153,0.668036
message_insert_inbound,1154,0.771474
message_insert_inbound,1155,0.755857
message_insert_inbound,1156,0.831924
message_insert_inbound,1157,0.764276
message_insert_inbound,1158,0.724536
message_insert_inbound,1159,0.746810
message_insert_inbound,1160,0.722676
message_insert_inbound,1161,0.737193
message_insert_inbound,1162,0.750256
message_insert_inbound,1163,0.710054
message_insert_inbound,1164,0.737970
message_insert_inbound,1165,0.706556
message_insert_inbound,1166,0.687118
message_insert_inbound,1167,0.760480
message_insert_inbound,1168,0.788854
message_insert_inbound,1169,0.740693
message_insert_inbound,1170,0.699712
message_insert_inbound,1171,0.778328
message_insert_inbound,1172,0.790288
message_insert_inbound,1173,0.711682
message_insert_inbound,1174,0.760971
message_insert_inbound,1175,0.687343
message_insert_inbound,1176,0.739465
message_insert_inbound,1177,0.775329
message_insert_inbound,1178,0.727405
message_insert_inbound,1179,0.710602
message_insert_inbound,1180,0.744259
message_insert_inbound,1181,0.704075
message_insert_inbound,1182,0.682516
message_insert_inbound,1183,0.675726
message_insert_inbound,1184,0.702786
message_insert_inbound,1185,0.650203
message_insert_inbound,1186,0.624516
message_insert_inbound,1187,0.685327
message_insert_inbound,1188,0.674776
message_insert_inbound,1189,0.610650
message_insert_inbound,1190,0.737987
message_insert_inbound,1191,0.776632
message_insert_inbound,1192,0.691361
message_insert_inbound,1193,0.662729
message_insert_inbound,1194,0.714224
message_insert_inbound,1195,0.706691
message_insert_inbound,1196,0.695497
message_insert_inbound,1197,0.820870
message_insert_inbound,1198,0.714545
message_insert_inbound,1199,0.699193
message_insert_inbound,1200,0.691776
message_insert_inbound,1201,0.741051
message_insert_inbound,1202,0.746734
message_insert_inbound,1203,0.688413
message_insert_inbound,1204,0.609350
message_insert_inbound,1205,0.724555
message_insert_inbound,1206,0.787531
message_insert_inbound,1207,0.730079
message_insert_inbound,1208,0.708589
message_insert_inbound,1209,0.748405
message_insert_inbound,1210,0.693158
message_insert_inbound,1211,0.699009
message_insert_inbound,1212,0.730889
message_insert_inbound,1213,0.754395
message_insert_inbound,1214,0.724255
message_insert_inbound,1215,0.712176
message_insert_inbound,1216,0.851760
message_insert_inbound,1217,0.781781
message_insert_inbound,1218,0.762840
message_insert_inbound,1219,0.694648
message_insert_inbound,1220,0.714631
message_insert_inbound,1221,0.729888
message_insert_inbound,1222,0.768965
message_insert_inbound,1223,0.813925
message_insert_inbound,1224,0.998155
message_insert_inbound,1225,1.137183
message_insert_inbound,1226,0.943681
message_insert_inbound,1227,0.799330
message_insert_inbound,1228,0.818928
message_insert_inbound,1229,0.878474
message_insert_inbound,1230,0.825506
message_insert_inbound,1231,0.834557
message_insert_inbound,1232,0.836179
message_insert_inbound,1233,0.845362
message_insert_inbound,1234,0.790483
message_insert_inbound,1235,1.488978
message_insert_inbound,1236,1.004995
message_insert_inbound,1237,0.930570
message_insert_inbound,1238,0.811244
message_insert_inbound,1239,0.839878
message_insert_inbound,1240,0.761262
message_insert_inbound,1241,0.736720
message_insert_inbound,1242,0.726825
message_insert_inbound,1243,0.717393
message_insert_inbound,1244,0.724525
message_insert_inbound,1245,0.703972
message_insert_inbound,1246,0.707077
message_insert_inbound,1247,0.680059
message_insert_inbound,1248,0.790402
message_insert_inbound,1249,0.675057
message_insert_inbound,1250,0.570005
message_insert_inbound,1251,0.579471
message_insert_inbound,1252,0.704869
message_insert_inbound,1253,0.811378
message_insert_inbound,1254,0.733859
message_insert_inbound,1255,0.718074
message_insert_inbound,1256,0.724178
message_insert_inbound,1257,0.769555
message_insert_inbound,1258,0.777870
message_insert_inbound,1259,0.781991
message_insert_inbound,1260,0.765909
message_insert_inbound,1261,0.850168
message_insert_inbound,1262,0.884840
message_insert_inbound,1263,0.842615
message_insert_inbound,1264,1.130364
message_insert_inbound,1265,0.956452
message_insert_inbound,1266,0.791692
message_insert_inbound,1267,0.758945
message_insert_inbound,1268,4.764199
message_insert_inbound,1269,0.854093
message_insert_inbound,1270,0.834015
message_insert_inbound,1271,0.820625
message_insert_inbound,1272,0.800365
message_insert_inbound,1273,0.860938
message_insert_inbound,1274,0.912418
message_insert_inbound,1275,0.808931
message_insert_inbound,1276,0.883043
message_insert_inbound,1277,0.811289
message_insert_inbound,1278,0.720926
message_insert_inbound,1279,0.787941
message_insert_inbound,1280,0.785419
message_insert_inbound,1281,0.871591
message_insert_inbound,1282,0.794883
message_insert_inbound,1283,0.902471
message_insert_inbound,1284,0.686720
message_insert_inbound,1285,0.740189
message_insert_inbound,1286,0.835721
message_insert_inbound,1287,1.009541
message_insert_inbound,1288,1.018751
message_insert_inbound,1289,0.941735
message_insert_inbound,1290,0.774423
message_insert_inbound,1291,0.723419
message_insert_inbound,1292,0.705187
message_insert_inbound,1293,0.731814
message_insert_inbound,1294,0.716709
message_insert_inbound,1295,0.806033
message_insert_inbound,1296,0.695161
message_insert_inbound,1297,0.760540
message_insert_inbound,1298,0.678193
message_insert_inbound,1299,0.774538
message_insert_inbound,1300,0.706224
message_insert_inbound,1301,0.686609
message_insert_inbound,1302,0.748463
message_insert_inbound,1303,0.730653
message_insert_inbound,1304,0.722265
message_insert_inbound,1305,0.746000
message_insert_inbound,1306,0.787007
message_insert_inbound,1307,0.805372
message_insert_inbound,1308,0.693190
message_insert_inbound,1309,0.704056
message_insert_inbound,1310,0.710903
message_insert_inbound,1311,0.703781
message_insert_inbound,1312,0.683278
message_insert_inbound,1313,0.684977
message_insert_inbound,1314,0.741597
message_insert_inbound,1315,0.755464
message_insert_inbound,1316,0.717361
message_insert_inbound,1317,0.672294
message_insert_inbound,1318,0.890790
message_insert_inbound,1319,0.828197
message_insert_inbound,1320,0.792860
message_insert_inbound,1321,0.750772
message_insert_inbound,1322,0.765106
message_insert_inbound,1323,0.667721
message_insert_inbound,1324,0.764744
message_insert_inbound,1325,0.726490
message_insert_inbound,1326,0.713125
message_insert_inbound,1327,0.677424
message_insert_inbound,1328,0.654088
message_insert_inbound,1329,0.776554
message_insert_inbound,1330,0.753020
message_insert_inbound,1331,0.708405
message_insert_inbound,1332,0.776709
message_insert_inbound,1333,0.788788
message_insert_inbound,1334,0.659238
message_insert_inbound,1335,0.747700
message_insert_inbound,1336,0.730592
message_insert_inbound,1337,0.673136
message_insert_inbound,1338,0.700328
message_insert_inbound,1339,0.820968
message_insert_inbound,1340,0.802211
message_insert_inbound,1341,0.724307
message_insert_inbound,1342,0.711823
message_insert_inbound,1343,0.733204
message_insert_inbound,1344,0.712723
message_insert_inbound,1345,0.797450
message_insert_inbound,1346,0.717339
message_insert_inbound,1347,0.688750
message_insert_inbound,1348,0.789265
message_insert_inbound,1349,0.719117
message_insert_inbound,1350,0.685202
message_insert_inbound,1351,0.716946
message_insert_inbound,1352,0.736581
message_insert_inbound,1353,0.739374
message_insert_inbound,1354,0.666406
message_insert_inbound,1355,0.736249
message_insert_inbound,1356,0.753618
message_insert_inbound,1357,0.713757
message_insert_inbound,1358,0.755398
message_insert_inbound,1359,0.740098
message_insert_inbound,1360,0.740186
message_insert_inbound,1361,0.716370
message_insert_inbound,1362,0.727554
message_insert_inbound,1363,0.737494
message_insert_inbound,1364,0.733738
message_insert_inbound,1365,0.748012
message_insert_inbound,1366,0.761470
message_insert_inbound,1367,0.719058
message_insert_inbound,1368,0.678830
message_insert_inbound,1369,0.720061
message_insert_inbound,1370,0.777992
message_insert_inbound,1371,0.735304
message_insert_inbound,1372,0.722468
message_insert_inbound,1373,0.915346
message_insert_inbound,1374,0.797556
message_insert_inbound,1375,0.766523
message_insert_inbound,1376,0.732656
message_insert_inbound,1377,0.768248
message_insert_inbound,1378,0.649426
message_insert_inbound,1379,0.661217
message_insert_inbound,1380,0.675468
message_insert_inbound,1381,0.639187
message_insert_inbound,1382,0.663890
message_insert_inbound,1383,0.667829
message_insert_inbound,1384,0.707657
message_insert_inbound,1385,0.743742
message_insert_inbound,1386,0.734512
message_insert_inbound,1387,0.677554
message_insert_inbound,1388,0.707911
message_insert_inbound,1389,0.704827
message_insert_inbound,1390,0.709871
message_insert_inbound,1391,0.699382
message_insert_inbound,1392,0.740136
message_insert_inbound,1393,0.749401
message_insert_inbound,1394,0.731203
message_insert_inbound,1395,0.682440
message_insert_inbound,1396,0.715009
message_insert_inbound,1397,0.689986
message_insert_inbound,1398,0.719033
message_insert_inbound,1399,0.691710
message_insert_inbound,1400,0.660260
message_insert_inbound,1401,0.659599
message_insert_inbound,1402,0.639995
message_insert_inbound,1403,0.812406
message_insert_inbound,1404,0.780929
message_insert_inbound,1405,0.695672
message_insert_inbound,1406,0.681812
message_insert_inbound,1407,0.756949
message_insert_inbound,1408,0.718102
message_insert_inbound,1409,0.716156
message_insert_inbound,1410,0.737256
message_insert_inbound,1411,0.688434
message_insert_inbound,1412,0.853850
message_insert_inbound,1413,0.749992
message_insert_inbound,1414,0.730157
message_insert_inbound,1415,0.696865
message_insert_inbound,1416,0.692509
message_insert_inbound,1417,0.639945
message_insert_inbound,1418,0.750286
message_insert_inbound,1419,0.700923
message_insert_inbound,1420,0.840058
message_insert_inbound,1421,0.840563
message_insert_inbound,1422,0.723769
message_insert_inbound,1423,0.734854
message_insert_inbound,1424,0.704934
message_insert_inbound,1425,0.674655
message_insert_inbound,1426,0.751879
message_insert_inbound,1427,0.715538
message_insert_inbound,1428,0.693450
message_insert_inbound,1429,0.698902
message_insert_inbound,1430,0.723945
message_insert_inbound,1431,0.705167
message_insert_inbound,1432,0.691079
message_insert_inbound,1433,0.800874
message_insert_inbound,1434,0.773800
message_insert_inbound,1435,0.822962
message_insert_inbound,1436,0.751384
message_insert_inbound,1437,0.788018
message_insert_inbound,1438,0.655058
message_insert_inbound,1439,0.721453
message_insert_inbound,1440,0.761123
message_insert_inbound,1441,0.771345
message_insert_inbound,1442,0.726726
message_insert_inbound,1443,0.758703
message_insert_inbound,1444,0.724524
message_insert_inbound,1445,0.753876
message_insert_inbound,1446,0.689296
message_insert_inbound,1447,0.756463
message_insert_inbound,1448,0.759463
message_insert_inbound,1449,0.800798
message_insert_inbound,1450,0.730868
message_insert_inbound,1451,0.718355
message_insert_inbound,1452,0.744400
message_insert_inbound,1453,0.687626
message_insert_inbound,1454,0.736596
message_insert_inbound,1455,0.676426
message_insert_inbound,1456,0.711771
message_insert_inbound,1457,0.764986
message_insert_inbound,1458,0.826035
message_insert_inbound,1459,0.682553
message_insert_inbound,1460,0.670597
message_insert_inbound,1461,0.714200
message_insert_inbound,1462,0.721235
message_insert_inbound,1463,0.714197
message_insert_inbound,1464,0.677215
message_insert_inbound,1465,0.730946
message_insert_inbound,1466,0.727354
message_insert_inbound,1467,0.705958
message_insert_inbound,1468,0.736232
message_insert_inbound,1469,0.736913
message_insert_inbound,1470,0.715462
message_insert_inbound,1471,0.712367
message_insert_inbound,1472,0.759305
message_insert_inbound,1473,0.772735
message_insert_inbound,1474,0.790257
message_insert_inbound,1475,0.731369
message_insert_inbound,1476,0.632817
message_insert_inbound,1477,0.788113
message_insert_inbound,1478,0.710887
message_insert_inbound,1479,0.706730
message_insert_inbound,1480,0.722994
message_insert_inbound,1481,0.679868
message_insert_inbound,1482,0.710214
message_insert_inbound,1483,0.663463
message_insert_inbound,1484,0.632143
message_insert_inbound,1485,0.701884
message_insert_inbound,1486,0.778662
message_insert_inbound,1487,0.716900
message_insert_inbound,1488,0.690661
message_insert_inbound,1489,0.710946
message_insert_inbound,1490,0.747748
message_insert_inbound,1491,0.687442
message_insert_inbound,1492,0.772689
message_insert_inbound,1493,0.746719
message_insert_inbound,1494,0.723461
message_insert_inbound,1495,0.714953
message_insert_inbound,1496,0.752748
message_insert_inbound,1497,0.778940
message_insert_inbound,1498,0.750742
message_insert_inbound,1499,0.715901
message_insert_inbound,1500,0.660843
message_insert_inbound,1501,0.704832
message_insert_inbound,1502,0.650948
message_insert_inbound,1503,0.633127
message_insert_inbound,1504,0.718317
message_insert_inbound,1505,0.822558
message_insert_inbound,1506,0.699187
message_insert_inbound,1507,0.647396
message_insert_inbound,1508,0.625010
message_insert_inbound,1509,0.722660
message_insert_inbound,1510,0.670087
message_insert_inbound,1511,0.775406
message_insert_inbound,1512,0.729647
message_insert_inbound,1513,0.738518
message_insert_inbound,1514,0.709982
message_insert_inbound,1515,0.748005
message_insert_inbound,1516,0.752263
message_insert_inbound,1517,0.705385
message_insert_inbound,1518,0.772579
message_insert_inbound,1519,0.705352
message_insert_inbound,1520,0.710333
message_insert_inbound,1521,0.870497
message_insert_inbound,1522,0.717990
message_insert_inbound,1523,0.625298
message_insert_inbound,1524,0.991980
message_insert_inbound,1525,0.751209
message_insert_inbound,1526,2.052473
message_insert_inbound,1527,0.676308
message_insert_inbound,1528,0.680125
message_insert_inbound,1529,0.709936
message_insert_inbound,1530,0.693580
message_insert_inbound,1531,0.673322
message_insert_inbound,1532,0.672056
message_insert_inbound,1533,0.876176
message_insert_inbound,1534,0.891713
message_insert_inbound,1535,0.759252
message_insert_inbound,1536,0.739197
message_insert_inbound,1537,0.942783
message_insert_inbound,1538,0.686901
message_insert_inbound,1539,0.728144
message_insert_inbound,1540,0.777861
message_insert_inbound,1541,0.745155
message_insert_inbound,1542,0.714863
message_insert_inbound,1543,0.710393
message_insert_inbound,1544,0.684061
message_insert_inbound,1545,0.718468
message_insert_inbound,1546,0.690650
message_insert_inbound,1547,0.737750
message_insert_inbound,1548,0.724399
message_insert_inbound,1549,0.718365
message_insert_inbound,1550,0.743654
message_insert_inbound,1551,0.716284
message_insert_inbound,1552,0.694024
message_insert_inbound,1553,0.677048
message_insert_inbound,1554,0.708969
message_insert_inbound,1555,0.765824
message_insert_inbound,1556,0.751324
message_insert_inbound,1557,0.721263
message_insert_inbound,1558,0.746668
message_insert_inbound,1559,0.712754
message_insert_inbound,1560,0.708610
message_insert_inbound,1561,0.757383
message_insert_inbound,1562,0.801295
message_insert_inbound,1563,0.806994
message_insert_inbound,1564,0.783303
message_insert_inbound,1565,0.712644
message_insert_inbound,1566,0.721551
message_insert_inbound,1567,0.760992
message_insert_inbound,1568,0.741663
message_insert_inbound,1569,0.800387
message_insert_inbound,1570,0.720005
message_insert_inbound,1571,0.686915
message_insert_inbound,1572,0.691626
message_insert_inbound,1573,0.693359
message_insert_inbound,1574,0.819469
message_insert_inbound,1575,0.810538
message_insert_inbound,1576,0.697907
message_insert_inbound,1577,0.696945
message_insert_inbound,1578,0.731820
message_insert_inbound,1579,0.679528
message_insert_inbound,1580,0.738431
message_insert_inbound,1581,0.738064
message_insert_inbound,1582,0.871481
message_insert_inbound,1583,0.778205
message_insert_inbound,1584,0.836215
message_insert_inbound,1585,0.703376
message_insert_inbound,1586,0.780343
message_insert_inbound,1587,90.463527
message_insert_inbound,1588,1.105915
message_insert_inbound,1589,0.977659
message_insert_inbound,1590,1.031356
message_insert_inbound,1591,1.009168
message_insert_inbound,1592,1.007687
message_insert_inbound,1593,0.795733
message_insert_inbound,1594,0.795270
message_insert_inbound,1595,0.764516
message_insert_inbound,1596,0.699788
message_insert_inbound,1597,0.761890
message_insert_inbound,1598,0.692397
message_insert_inbound,1599,0.629826
message_insert_inbound,1600,0.621489
message_insert_inbound,1601,0.665399
message_insert_inbound,1602,0.770729
message_insert_inbound,1603,0.741218
message_insert_inbound,1604,0.752872
message_insert_inbound,1605,0.847645
message_insert_inbound,1606,0.772438
message_insert_inbound,1607,0.726904
message_insert_inbound,1608,0.734250
message_insert_inbound,1609,0.747889
message_insert_inbound,1610,0.693514
message_insert_inbound,1611,0.687219
message_insert_inbound,1612,0.771423
message_insert_inbound,1613,0.803656
message_insert_inbound,1614,0.771648
message_insert_inbound,1615,0.790635
message_insert_inbound,1616,0.748474
message_insert_inbound,1617,0.715977
message_insert_inbound,1618,0.781496
message_insert_inbound,1619,0.694096
message_insert_inbound,1620,0.693909
message_insert_inbound,1621,0.756045
message_insert_inbound,1622,0.723657
message_insert_inbound,1623,0.765648
message_insert_inbound,1624,0.781501
message_insert_inbound,1625,0.727616
message_insert_inbound,1626,0.707140
message_insert_inbound,1627,0.746292
message_insert_inbound,1628,0.743717
message_insert_inbound,1629,0.699237
message_insert_inbound,1630,0.737542
message_insert_inbound,1631,0.812346
message_insert_inbound,1632,0.733114
message_insert_inbound,1633,0.775225
message_insert_inbound,1634,0.813144
message_insert_inbound,1635,0.747234
message_insert_inbound,1636,0.803289
message_insert_inbound,1637,0.774003
message_insert_inbound,1638,0.676683
message_insert_inbound,1639,0.677732
message_insert_inbound,1640,0.734895
message_insert_inbound,1641,0.687427
message_insert_inbound,1642,0.763973
message_insert_inbound,1643,0.738469
message_insert_inbound,1644,0.727447
message_insert_inbound,1645,0.735990
message_insert_inbound,1646,0.738400
message_insert_inbound,1647,0.734005
message_insert_inbound,1648,0.740875
message_insert_inbound,1649,0.712491
message_insert_inbound,1650,0.707007
message_insert_inbound,1651,0.628067
message_insert_inbound,1652,0.839780
message_insert_inbound,1653,0.742125
message_insert_inbound,1654,0.766371
message_insert_inbound,1655,0.759181
message_insert_inbound,1656,0.683830
message_insert_inbound,1657,0.725860
message_insert_inbound,1658,0.726278
message_insert_inbound,1659,0.725019
message_insert_inbound,1660,0.778447
message_insert_inbound,1661,0.754537
message_insert_inbound,1662,0.727564
message_insert_inbound,1663,0.707646
message_insert_inbound,1664,0.780037
message_insert_inbound,1665,0.711982
message_insert_inbound,1666,0.700357
message_insert_inbound,1667,2.323398
message_insert_inbound,1668,1.958608
message_insert_inbound,1669,0.910319
message_insert_inbound,1670,0.667581
message_insert_inbound,1671,0.680459
message_insert_inbound,1672,1.040572
message_insert_inbound,1673,0.857082
message_insert_inbound,1674,0.806585
message_insert_inbound,1675,0.748951
message_insert_inbound,1676,0.728058
message_insert_inbound,1677,0.712698
message_insert_inbound,1678,0.774222
message_insert_inbound,1679,0.775733
message_insert_inbound,1680,0.738410
message_insert_inbound,1681,0.841581
message_insert_inbound,1682,0.716775
message_insert_inbound,1683,0.717701
message_insert_inbound,1684,0.704660
message_insert_inbound,1685,0.724570
message_insert_inbound,1686,0.680094
message_insert_inbound,1687,0.709692
message_insert_inbound,1688,0.681059
message_insert_inbound,1689,0.842279
message_insert_inbound,1690,0.747921
message_insert_inbound,1691,0.775662
message_insert_inbound,1692,0.755144
message_insert_inbound,1693,0.702064
message_insert_inbound,1694,0.728822
message_insert_inbound,1695,0.718978
message_insert_inbound,1696,0.702568
message_insert_inbound,1697,0.735137
message_insert_inbound,1698,0.627046
message_insert_inbound,1699,0.778144
message_insert_inbound,1700,0.724862
message_insert_inbound,1701,0.671426
message_insert_inbound,1702,0.714595
message_insert_inbound,1703,0.668350
message_insert_inbound,1704,0.691015
message_insert_inbound,1705,0.720163
message_insert_inbound,1706,0.661429
message_insert_inbound,1707,0.723527
message_insert_inbound,1708,0.710409
message_insert_inbound,1709,0.776368
message_insert_inbound,1710,0.685284
message_insert_inbound,1711,0.738303
message_insert_inbound,1712,0.774613
message_insert_inbound,1713,0.800232
message_insert_inbound,1714,0.746202
message_insert_inbound,1715,0.742323
message_insert_inbound,1716,0.777339
message_insert_inbound,1717,0.742512
message_insert_inbound,1718,0.700669
message_insert_inbound,1719,0.755563
message_insert_inbound,1720,0.729286
message_insert_inbound,1721,0.727452
message_insert_inbound,1722,0.629130
message_insert_inbound,1723,0.835455
message_insert_inbound,1724,0.721636
message_insert_inbound,1725,0.737730
message_insert_inbound,1726,0.700359
message_insert_inbound,1727,0.674096
message_insert_inbound,1728,0.773890
message_insert_inbound,1729,0.746998
message_insert_inbound,1730,0.731214
message_insert_inbound,1731,0.691586
message_insert_inbound,1732,0.768791
message_insert_inbound,1733,0.767734
message_insert_inbound,1734,0.760542
message_insert_inbound,1735,0.727579
message_insert_inbound,1736,0.736415
message_insert_inbound,1737,0.795600
message_insert_inbound,1738,0.752121
message_insert_inbound,1739,0.692375
message_insert_inbound,1740,0.699477
message_insert_inbound,1741,0.857520
message_insert_inbound,1742,0.746012
message_insert_inbound,1743,0.795930
message_insert_inbound,1744,0.687236
message_insert_inbound,1745,0.730326
message_insert_inbound,1746,0.763060
message_insert_inbound,1747,0.758229
message_insert_inbound,1748,0.697698
message_insert_inbound,1749,0.693424
message_insert_inbound,1750,0.804121
message_insert_inbound,1751,0.718444
message_insert_inbound,1752,0.769432
message_insert_inbound,1753,0.800585
message_insert_inbound,1754,0.753660
message_insert_inbound,1755,0.828354
message_insert_inbound,1756,0.809011
message_insert_inbound,1757,0.922510
message_insert_inbound,1758,0.849590
message_insert_inbound,1759,1.008309
message_insert_inbound,1760,0.761786
message_insert_inbound,1761,0.783972
message_insert_inbound,1762,0.703202
message_insert_inbound,1763,0.744506
message_insert_inbound,1764,0.754525
message_insert_inbound,1765,0.654624
message_insert_inbound,1766,0.607350
message_insert_inbound,1767,0.663470
message_insert_inbound,1768,0.710804
message_insert_inbound,1769,0.651325
message_insert_inbound,1770,0.689663
message_insert_inbound,1771,0.762514
message_insert_inbound,1772,0.696738
message_insert_inbound,1773,0.783567
message_insert_inbound,1774,0.792434
message_insert_inbound,1775,0.773655
message_insert_inbound,1776,0.715298
message_insert_inbound,1777,0.664786
message_insert_inbound,1778,0.677393
message_insert_inbound,1779,0.660321
message_insert_inbound,1780,0.777552
message_insert_inbound,1781,0.714146
message_insert_inbound,1782,0.733502
message_insert_inbound,1783,0.651977
message_insert_inbound,1784,0.673137
message_insert_inbound,1785,0.704404
message_insert_inbound,1786,0.697259
message_insert_inbound,1787,0.689032
message_insert_inbound,1788,0.730671
message_insert_inbound,1789,0.699073
message_insert_inbound,1790,0.665997
message_insert_inbound,1791,0.703830
message_insert_inbound,1792,0.707947
message_insert_inbound,1793,0.859688
message_insert_inbound,1794,0.693296
message_insert_inbound,1795,0.717106
message_insert_inbound,1796,0.737698
message_insert_inbound,1797,0.746328
message_insert_inbound,1798,0.735369
message_insert_inbound,1799,0.798702
message_insert_inbound,1800,0.704876
message_insert_inbound,1801,0.674049
message_insert_inbound,1802,0.745785
message_insert_inbound,1803,0.692157
message_insert_inbound,1804,0.683796
message_insert_inbound,1805,0.725251
message_insert_inbound,1806,0.661848
message_insert_inbound,1807,0.751593
message_insert_inbound,1808,0.711434
message_insert_inbound,1809,0.830595
message_insert_inbound,1810,0.712827
message_insert_inbound,1811,0.632342
message_insert_inbound,1812,0.650089
message_insert_inbound,1813,0.748576
message_insert_inbound,1814,0.702949
message_insert_inbound,1815,0.691689
message_insert_inbound,1816,0.739140
message_insert_inbound,1817,0.722464
message_insert_inbound,1818,0.673149
message_insert_inbound,1819,0.707795
message_insert_inbound,1820,0.803497
message_insert_inbound,1821,0.711132
message_insert_inbound,1822,0.744878
message_insert_inbound,1823,0.786954
message_insert_inbound,1824,0.667746
message_insert_inbound,1825,0.663207
message_insert_inbound,1826,0.639426
message_insert_inbound,1827,0.709930
message_insert_inbound,1828,0.718806
message_insert_inbound,1829,0.692314
message_insert_inbound,1830,0.714086
message_insert_inbound,1831,0.704447
message_insert_inbound,1832,0.719111
message_insert_inbound,1833,0.697508
message_insert_inbound,1834,0.694390
message_insert_inbound,1835,0.748041
message_insert_inbound,1836,0.774588
message_insert_inbound,1837,0.716156
message_insert_inbound,1838,0.709845
message_insert_inbound,1839,0.741241
message_insert_inbound,1840,0.746379
message_insert_inbound,1841,0.688321
message_insert_inbound,1842,0.704242
message_insert_inbound,1843,0.700455
message_insert_inbound,1844,0.712858
message_insert_inbound,1845,0.702190
message_insert_inbound,1846,0.637321
message_insert_inbound,1847,0.700682
message_insert_inbound,1848,0.574877
message_insert_inbound,1849,0.644859
message_insert_inbound,1850,0.774260
message_insert_inbound,1851,0.690920
message_insert_inbound,1852,0.780837
message_insert_inbound,1853,0.644272
message_insert_inbound,1854,0.715456
message_insert_inbound,1855,0.788230
message_insert_inbound,1856,0.677184
message_insert_inbound,1857,0.878777
message_insert_inbound,1858,0.874158
message_insert_inbound,1859,0.836739
message_insert_inbound,1860,1.012884
message_insert_inbound,1861,0.805972
message_insert_inbound,1862,0.774848
message_insert_inbound,1863,0.677373
message_insert_inbound,1864,0.735745
message_insert_inbound,1865,0.758160
message_insert_inbound,1866,0.740856
message_insert_inbound,1867,1.006466
message_insert_inbound,1868,0.789564
message_insert_inbound,1869,0.745273
message_insert_inbound,1870,0.714273
message_insert_inbound,1871,0.676615
message_insert_inbound,1872,0.600220
message_insert_inbound,1873,0.605461
message_insert_inbound,1874,0.736026
message_insert_inbound,1875,0.634712
message_insert_inbound,1876,0.684121
message_insert_inbound,1877,0.671604
message_insert_inbound,1878,0.656411
message_insert_inbound,1879,0.674163
message_insert_inbound,1880,0.706772
message_insert_inbound,1881,0.705630
message_insert_inbound,1882,0.674699
message_insert_inbound,1883,0.669685
message_insert_inbound,1884,0.793780
message_insert_inbound,1885,0.662588
message_insert_inbound,1886,0.753670
message_insert_inbound,1887,0.767066
message_insert_inbound,1888,0.781279
message_insert_inbound,1889,0.695517
message_insert_inbound,1890,0.713219
message_insert_inbound,1891,0.679114
message_insert_inbound,1892,0.638622
message_insert_inbound,1893,0.780053
message_insert_inbound,1894,0.747494
message_insert_inbound,1895,0.737484
message_insert_inbound,1896,0.676758
message_insert_inbound,1897,0.752628
message_insert_inbound,1898,0.725281
message_insert_inbound,1899,0.710817
message_insert_inbound,1900,0.693073
message_insert_inbound,1901,0.690383
message_insert_inbound,1902,0.748509
message_insert_inbound,1903,0.649361
message_insert_inbound,1904,0.738591
message_insert_inbound,1905,0.680583
message_insert_inbound,1906,0.654639
message_insert_inbound,1907,0.653421
message_insert_inbound,1908,0.791247
message_insert_inbound,1909,0.704030
message_insert_inbound,1910,0.644501
message_insert_inbound,1911,0.676387
message_insert_inbound,1912,0.791913
message_insert_inbound,1913,0.750658
message_insert_inbound,1914,0.656916
message_insert_inbound,1915,0.698247
message_insert_inbound,1916,0.756724
message_insert_inbound,1917,0.659672
message_insert_inbound,1918,0.706167
message_insert_inbound,1919,0.720190
message_insert_inbound,1920,0.635848
message_insert_inbound,1921,0.716760
message_insert_inbound,1922,1.118948
message_insert_inbound,1923,0.666013
message_insert_inbound,1924,0.855779
message_insert_inbound,1925,0.709702
message_insert_inbound,1926,0.682189
message_insert_inbound,1927,0.679637
message_insert_inbound,1928,0.730097
message_insert_inbound,1929,4.990571
message_insert_inbound,1930,0.991170
message_insert_inbound,1931,0.860431
message_insert_inbound,1932,0.696845
message_insert_inbound,1933,0.649580
message_insert_inbound,1934,0.629256
message_insert_inbound,1935,0.643035
message_insert_inbound,1936,0.636877
message_insert_inbound,1937,0.710221
message_insert_inbound,1938,0.722435
message_insert_inbound,1939,0.716011
message_insert_inbound,1940,0.800181
message_insert_inbound,1941,0.822369
message_insert_inbound,1942,0.808864
message_insert_inbound,1943,0.680591
message_insert_inbound,1944,0.705532
message_insert_inbound,1945,0.796841
message_insert_inbound,1946,0.774614
message_insert_inbound,1947,0.712222
message_insert_inbound,1948,0.735970
message_insert_inbound,1949,0.668452
message_insert_inbound,1950,0.731526
message_insert_inbound,1951,0.693933
message_insert_inbound,1952,0.681067
message_insert_inbound,1953,0.679292
message_insert_inbound,1954,0.697887
message_insert_inbound,1955,0.718815
message_insert_inbound,1956,0.663984
message_insert_inbound,1957,0.718657
message_insert_inbound,1958,0.743877
message_insert_inbound,1959,0.908469
message_insert_inbound,1960,0.883106
message_insert_inbound,1961,0.732903
message_insert_inbound,1962,0.761672
message_insert_inbound,1963,0.750130
message_insert_inbound,1964,0.700829
message_insert_inbound,1965,0.695050
message_insert_inbound,1966,0.764376
message_insert_inbound,1967,0.780405
message_insert_inbound,1968,0.921284
message_insert_inbound,1969,0.663996
message_insert_inbound,1970,0.639751
message_insert_inbound,1971,0.746435
message_insert_inbound,1972,0.700328
message_insert_inbound,1973,0.745358
message_insert_inbound,1974,0.658707
message_insert_inbound,1975,0.673998
message_insert_inbound,1976,0.678156
message_insert_inbound,1977,0.663581
message_insert_inbound,1978,0.723811
message_insert_inbound,1979,0.800504
message_insert_inbound,1980,0.747792
message_insert_inbound,1981,0.856283
message_insert_inbound,1982,0.963569
message_insert_inbound,1983,0.675072
message_insert_inbound,1984,0.675384
message_insert_inbound,1985,0.646033
message_insert_inbound,1986,0.657026
message_insert_inbound,1987,0.752504
message_insert_inbound,1988,0.687368
message_insert_inbound,1989,0.641593
message_insert_inbound,1990,0.709067
message_insert_inbound,1991,0.658516
message_insert_inbound,1992,0.670326
message_insert_inbound,1993,0.715563
message_insert_inbound,1994,0.705848
message_insert_inbound,1995,0.722276
message_insert_inbound,1996,0.697961
message_insert_inbound,1997,0.699239
message_insert_inbound,1998,0.740997
message_insert_inbound,1999,0.671314
message_update_queued_sent,0,2.186067
message_update_queued_sent,1,1.660022
message_update_queued_sent,2,1.462814
message_update_queued_sent,3,1.445783
message_update_queued_sent,4,1.363375
message_update_queued_sent,5,1.333324
message_update_queued_sent,6,1.386559
message_update_queued_sent,7,1.403523
message_update_queued_sent,8,1.331405
message_update_queued_sent,9,1.324572
message_update_queued_sent,10,1.512518
message_update_queued_sent,11,1.331064
message_update_queued_sent,12,1.425882
message_update_queued_sent,13,1.376348
message_update_queued_sent,14,1.471273
message_update_queued_sent,15,1.453041
message_update_queued_sent,16,1.586361
message_update_queued_sent,17,1.467244
message_update_queued_sent,18,1.502817
message_update_queued_sent,19,1.335315
message_update_queued_sent,20,1.328375
message_update_queued_sent,21,1.373407
message_update_queued_sent,22,1.324551
message_update_queued_sent,23,1.313886
message_update_queued_sent,24,1.328080
message_update_queued_sent,25,1.290915
message_update_queued_sent,26,1.430266
message_update_queued_sent,27,1.314078
message_update_queued_sent,28,1.925046
message_update_queued_sent,29,1.398246
message_update_queued_sent,30,1.320747
message_update_queued_sent,31,1.353445
message_update_queued_sent,32,1.416777
message_update_queued_sent,33,1.434389
message_update_queued_sent,34,1.362507
message_update_queued_sent,35,1.397256
message_update_queued_sent,36,1.462333
message_update_queued_sent,37,1.402888
message_update_queued_sent,38,1.385347
message_update_queued_sent,39,1.383333
message_update_queued_sent,40,1.429991
message_update_queued_sent,41,1.491886
message_update_queued_sent,42,1.591602
message_update_queued_sent,43,1.470752
message_update_queued_sent,44,1.432053
message_update_queued_sent,45,1.546896
message_update_queued_sent,46,1.552979
message_update_queued_sent,47,1.416668
message_update_queued_sent,48,1.342345
message_update_queued_sent,49,1.362848
message_update_queued_sent,50,1.251933
message_update_queued_sent,51,1.414660
message_update_queued_sent,52,1.447481
message_update_queued_sent,53,1.418213
message_update_queued_sent,54,1.293091
message_update_queued_sent,55,1.407176
message_update_queued_sent,56,1.387099
message_update_queued_sent,57,1.401767
message_update_queued_sent,58,1.383899
message_update_queued_sent,59,1.370224
message_update_queued_sent,60,1.346768
message_update_queued_sent,61,1.413322
message_update_queued_sent,62,1.436347
message_update_queued_sent,63,1.298197
message_update_queued_sent,64,1.317316
message_update_queued_sent,65,1.374924
message_update_queued_sent,66,1.403249
message_update_queued_sent,67,1.616697
message_update_queued_sent,68,1.416659
message_update_queued_sent,69,1.553349
message_update_queued_sent,70,1.802260
message_update_queued_sent,71,1.825540
message_update_queued_sent,72,1.529244
message_update_queued_sent,73,1.736129
message_update_queued_sent,74,1.596370
message_update_queued_sent,75,1.820003
message_update_queued_sent,76,1.645581
message_update_queued_sent,77,1.663378
message_update_queued_sent,78,1.499919
message_update_queued_sent,79,1.384446
message_update_queued_sent,80,1.619421
message_update_queued_sent,81,1.418945
message_update_queued_sent,82,1.439918
message_update_queued_sent,83,1.900216
message_update_queued_sent,84,1.406696
message_update_queued_sent,85,1.579722
message_update_queued_sent,86,1.438415
message_update_queued_sent,87,1.408156
message_update_queued_sent,88,1.410321
message_update_queued_sent,89,1.512072
message_update_queued_sent,90,1.588776
message_update_queued_sent,91,2.048073
message_update_queued_sent,92,1.768171
message_update_queued_sent,93,1.552495
message_update_queued_sent,94,1.421088
message_update_queued_sent,95,2.371721
message_update_queued_sent,96,1.364814
message_update_queued_sent,97,1.330369
message_update_queued_sent,98,1.335173
message_update_queued_sent,99,1.330525
message_update_queued_sent,100,1.330751
message_update_queued_sent,101,1.312116
message_update_queued_sent,102,1.452094
message_update_queued_sent,103,1.502391
message_update_queued_sent,104,1.474159
message_update_queued_sent,105,1.528563
message_update_queued_sent,106,1.485898
message_update_queued_sent,107,1.487755
message_update_queued_sent,108,1.505058
message_update_queued_sent,109,1.426255
message_update_queued_sent,110,1.324713
message_update_queued_sent,111,1.349295
message_update_queued_sent,112,1.363391
message_update_queued_sent,113,1.405557
message_update_queued_sent,114,1.442024
message_update_queued_sent,115,1.325512
message_update_queued_sent,116,1.415290
message_update_queued_sent,117,1.397263
message_update_queued_sent,118,1.415579
message_update_queued_sent,119,1.301194
message_update_queued_sent,120,1.342494
message_update_queued_sent,121,1.441006
message_update_queued_sent,122,1.480217
message_update_queued_sent,123,1.377230
message_update_queued_sent,124,1.337264
message_update_queued_sent,125,1.326074
message_update_queued_sent,126,1.429282
message_update_queued_sent,127,1.426710
message_update_queued_sent,128,1.515862
message_update_queued_sent,129,1.352180
message_update_queued_sent,130,1.415260
message_update_queued_sent,131,1.434125
message_update_queued_sent,132,1.430922
message_update_queued_sent,133,1.310818
message_update_queued_sent,134,1.279726
message_update_queued_sent,135,1.235758
message_update_queued_sent,136,1.432480
message_update_queued_sent,137,1.424873
message_update_queued_sent,138,1.409924
message_update_queued_sent,139,1.392360
message_update_queued_sent,140,1.447942
message_update_queued_sent,141,1.406585
message_update_queued_sent,142,1.403694
message_update_queued_sent,143,1.472959
message_update_queued_sent,144,1.359319
message_update_queued_sent,145,1.352760
message_update_queued_sent,146,1.372736
message_update_queued_sent,147,1.341560
message_update_queued_sent,148,1.357140
message_update_queued_sent,149,1.367067
message_update_queued_sent,150,1.468164
message_update_queued_sent,151,1.354292
message_update_queued_sent,152,1.387292
message_update_queued_sent,153,1.419856
message_update_queued_sent,154,1.395597
message_update_queued_sent,155,1.326110
message_update_queued_sent,156,1.353574
message_update_queued_sent,157,1.347609
message_update_queued_sent,158,1.315768
message_update_queued_sent,159,1.349426
message_update_queued_sent,160,1.478282
message_update_queued_sent,161,1.515239
message_update_queued_sent,162,1.423545
message_update_queued_sent,163,1.348641
message_update_queued_sent,164,1.386831
message_update_queued_sent,165,1.476469
message_update_queued_sent,166,1.348477
message_update_queued_sent,167,1.389463
message_update_queued_sent,168,1.476621
message_update_queued_sent,169,1.409685
message_update_queued_sent,170,1.500121
message_update_queued_sent,171,1.469710
message_update_queued_sent,172,1.423206
message_update_queued_sent,173,1.530449
message_update_queued_sent,174,1.403034
message_update_queued_sent,175,1.436602
message_update_queued_sent,176,1.317389
message_update_queued_sent,177,1.445526
message_update_queued_sent,178,1.367666
message_update_queued_sent,179,1.370070
message_update_queued_sent,180,1.394419
message_update_queued_sent,181,1.513277
message_update_queued_sent,182,1.416477
message_update_queued_sent,183,1.295621
message_update_queued_sent,184,1.406138
message_update_queued_sent,185,1.373742
message_update_queued_sent,186,1.313117
message_update_queued_sent,187,1.346472
message_update_queued_sent,188,1.378434
message_update_queued_sent,189,1.388141
message_update_queued_sent,190,1.483317
message_update_queued_sent,191,1.427396
message_update_queued_sent,192,1.503015
message_update_queued_sent,193,1.462406
message_update_queued_sent,194,1.428222
message_update_queued_sent,195,1.342338
message_update_queued_sent,196,1.394246
message_update_queued_sent,197,1.430656
message_update_queued_sent,198,1.393245
message_update_queued_sent,199,1.444122
message_update_queued_sent,200,1.342046
message_update_queued_sent,201,1.419793
message_update_queued_sent,202,1.331692
message_update_queued_sent,203,1.328985
message_update_queued_sent,204,1.314643
message_update_queued_sent,205,1.398465
message_update_queued_sent,206,1.412020
message_update_queued_sent,207,1.375293
message_update_queued_sent,208,1.381998
message_update_queued_sent,209,1.452573
message_update_queued_sent,210,1.361351
message_update_queued_sent,211,1.485727
message_update_queued_sent,212,1.425048
message_update_queued_sent,213,1.495478
message_update_queued_sent,214,1.366306
message_update_queued_sent,215,1.323085
message_update_queued_sent,216,1.340041
message_update_queued_sent,217,1.425627
message_update_queued_sent,218,1.328308
message_update_queued_sent,219,1.382088
message_update_queued_sent,220,1.317653
message_update_queued_sent,221,1.356831
message_update_queued_sent,222,1.306490
message_update_queued_sent,223,1.649274
message_update_queued_sent,224,1.833373
message_update_queued_sent,225,1.577373
message_update_queued_sent,226,1.752168
message_update_queued_sent,227,1.984391
message_update_queued_sent,228,1.774676
message_update_queued_sent,229,1.631166
message_update_queued_sent,230,1.821814
message_update_queued_sent,231,1.585796
message_update_queued_sent,232,1.532976
message_update_queued_sent,233,4.875280
message_update_queued_sent,234,1.401057
message_update_queued_sent,235,1.383610
message_update_queued_sent,236,1.441040
message_update_queued_sent,237,1.344781
message_update_queued_sent,238,1.594687
message_update_queued_sent,239,1.896226
message_update_queued_sent,240,1.357381
message_update_queued_sent,241,1.560876
message_update_queued_sent,242,1.532339
message_update_queued_sent,243,1.421770
message_update_queued_sent,244,1.540751
message_update_queued_sent,245,1.520847
message_update_queued_sent,246,1.380293
message_update_queued_sent,247,1.486435
message_update_queued_sent,248,1.411173
message_update_queued_sent,249,1.660180
message_update_queued_sent,250,1.699982
message_update_queued_sent,251,2.079015
message_update_queued_sent,252,1.633021
message_update_queued_sent,253,1.544741
message_update_queued_sent,254,1.518195
message_update_queued_sent,255,1.496741
message_update_queued_sent,256,1.479177
message_update_queued_sent,257,1.446804
message_update_queued_sent,258,1.431376
message_update_queued_sent,259,2.268305
message_update_queued_sent,260,1.501103
message_update_queued_sent,261,1.438131
message_update_queued_sent,262,1.535712
message_update_queued_sent,263,1.457322
message_update_queued_sent,264,1.451252
message_update_queued_sent,265,1.978602
message_update_queued_sent,266,1.485858
message_update_queued_sent,267,1.432558
message_update_queued_sent,268,1.426282
message_update_queued_sent,269,1.352865
message_update_queued_sent,270,1.467672
message_update_queued_sent,271,1.455740
message_update_queued_sent,272,1.549072
message_update_queued_sent,273,1.447439
message_update_queued_sent,274,1.438684
message_update_queued_sent,275,2.030024
message_update_queued_sent,276,1.473631
message_update_queued_sent,277,1.417464
message_update_queued_sent,278,1.448362
message_update_queued_sent,279,1.379956
message_update_queued_sent,280,1.591869
message_update_queued_sent,281,1.583851
message_update_queued_sent,282,1.558654
message_update_queued_sent,283,1.625915
message_update_queued_sent,284,1.647605
message_update_queued_sent,285,2.049240
message_update_queued_sent,286,1.433041
message_update_queued_sent,287,1.370537
message_update_queued_sent,288,1.305434
message_update_queued_sent,289,1.390069
message_update_queued_sent,290,1.294100
message_update_queued_sent,291,1.352768
message_update_queued_sent,292,1.431917
message_update_queued_sent,293,1.484547
message_update_queued_sent,294,1.452226
message_update_queued_sent,295,1.506184
message_update_queued_sent,296,1.486663
message_update_queued_sent,297,1.445164
message_update_queued_sent,298,1.461885
message_update_queued_sent,299,1.461760
message_update_queued_sent,300,1.433865
message_update_queued_sent,301,1.440805
message_update_queued_sent,302,1.420843
message_update_queued_sent,303,1.406155
message_update_queued_sent,304,1.428757
message_update_queued_sent,305,1.621188
message_update_queued_sent,306,1.472420
message_update_queued_sent,307,1.348963
message_update_queued_sent,308,1.425354
message_update_queued_sent,309,1.415265
message_update_queued_sent,310,1.460902
message_update_queued_sent,311,1.409726
message_update_queued_sent,312,1.507320
message_update_queued_sent,313,1.439055
message_update_queued_sent,314,1.536073
message_update_queued_sent,315,1.601742
message_update_queued_sent,316,1.418631
message_update_queued_sent,317,1.500119
message_update_queued_sent,318,1.447608
message_update_queued_sent,319,1.381519
message_update_queued_sent,320,1.362373
message_update_queued_sent,321,1.615444
message_update_queued_sent,322,1.554489
message_update_queued_sent,323,1.371160
message_update_queued_sent,324,1.552442
message_update_queued_sent,325,1.394232
message_update_queued_sent,326,1.568493
message_update_queued_sent,327,1.539500
message_update_queued_sent,328,1.539170
message_update_queued_sent,329,1.531974
message_update_queued_sent,330,1.572004
message_update_queued_sent,331,1.410854
message_update_queued_sent,332,1.361161
message_update_queued_sent,333,1.358686
message_update_queued_sent,334,1.374758
message_update_queued_sent,335,1.361457
message_update_queued_sent,336,1.403388
message_update_queued_sent,337,1.319295
message_update_queued_sent,338,1.336267
message_update_queued_sent,339,1.313396
message_update_queued_sent,340,1.326212
message_update_queued_sent,341,1.315240
message_update_queued_sent,342,1.332955
message_update_queued_sent,343,1.429906
message_update_queued_sent,344,1.315277
message_update_queued_sent,345,1.265640
message_update_queued_sent,346,1.427672
message_update_queued_sent,347,1.359765
message_update_queued_sent,348,1.455492
message_update_queued_sent,349,1.367931
message_update_queued_sent,350,1.422385
message_update_queued_sent,351,1.388699
message_update_queued_sent,352,1.415383
message_update_queued_sent,353,1.389760
message_update_queued_sent,354,1.415572
message_update_queued_sent,355,1.366979
message_update_queued_sent,356,1.448233
message_update_queued_sent,357,1.423663
message_update_queued_sent,358,1.338587
message_update_queued_sent,359,1.454619
message_update_queued_sent,360,1.389905
message_update_queued_sent,361,1.422345
message_update_queued_sent,362,1.393484
message_update_queued_sent,363,1.453663
message_update_queued_sent,364,1.439125
message_update_queued_sent,365,2.088132
message_update_queued_sent,366,1.429167
message_update_queued_sent,367,1.437305
message_update_queued_sent,368,1.474812
message_update_queued_sent,369,1.583501
message_update_queued_sent,370,1.533286
message_update_queued_sent,371,1.428792
message_update_queued_sent,372,1.540845
message_update_queued_sent,373,1.378622
message_update_queued_sent,374,1.305468
message_update_queued_sent,375,1.446286
message_update_queued_sent,376,1.410002
message_update_queued_sent,377,1.318005
message_update_queued_sent,378,1.354991
message_update_queued_sent,379,1.331948
message_update_queued_sent,380,1.409085
message_update_queued_sent,381,1.503273
message_update_queued_sent,382,1.415829
message_update_queued_sent,383,1.388287
message_update_queued_sent,384,1.369764
message_update_queued_sent,385,1.374892
message_update_queued_sent,386,1.368743
message_update_queued_sent,387,1.490423
message_update_queued_sent,388,1.389236
message_update_queued_sent,389,1.480015
message_update_queued_sent,390,1.382112
message_update_queued_sent,391,1.324835
message_update_queued_sent,392,1.408127
message_update_queued_sent,393,1.445430
message_update_queued_sent,394,1.518000
message_update_queued_sent,395,1.373479
message_update_queued_sent,396,1.371041
message_update_queued_sent,397,1.361812
message_update_queued_sent,398,1.417002
message_update_queued_sent,399,1.528027
message_update_queued_sent,400,1.381402
message_update_queued_sent,401,1.367916
message_update_queued_sent,402,1.366081
message_update_queued_sent,403,1.339988
message_update_queued_sent,404,1.323519
message_update_queued_sent,405,1.399581
message_update_queued_sent,406,1.365811
message_update_queued_sent,407,1.399060
message_update_queued_sent,408,1.388220
message_update_queued_sent,409,1.570386
message_update_queued_sent,410,1.440738
message_update_queued_sent,411,1.361962
message_update_queued_sent,412,1.483123
message_update_queued_sent,413,1.307118
message_update_queued_sent,414,1.642480
message_update_queued_sent,415,1.429597
message_update_queued_sent,416,1.752071
message_update_queued_sent,417,1.911587
message_update_queued_sent,418,1.751219
message_update_queued_sent,419,1.795460
message_update_queued_sent,420,1.629650
message_update_queued_sent,421,2.201003
message_update_queued_sent,422,1.627269
message_update_queued_sent,423,1.597900
message_update_queued_sent,424,1.510624
message_update_queued_sent,425,1.428977
message_update_queued_sent,426,1.427190
message_update_queued_sent,427,1.492811
message_update_queued_sent,428,1.525115
message_update_queued_sent,429,1.419506
message_update_queued_sent,430,1.736809
message_update_queued_sent,431,1.370686
message_update_queued_sent,432,1.454044
message_update_queued_sent,433,1.520364
message_update_queued_sent,434,1.394878
message_update_queued_sent,435,1.523830
message_update_queued_sent,436,2.049442
message_update_queued_sent,437,1.538063
message_update_queued_sent,438,1.912604
message_update_queued_sent,439,1.666602
message_update_queued_sent,440,2.178728
message_update_queued_sent,441,1.897963
message_update_queued_sent,442,1.570752
message_update_queued_sent,443,1.667115
message_update_queued_sent,444,1.400096
message_update_queued_sent,445,1.449225
message_update_queued_sent,446,1.418215
message_update_queued_sent,447,1.438163
message_update_queued_sent,448,1.408366
message_update_queued_sent,449,1.385630
message_update_queued_sent,450,1.413806
message_update_queued_sent,451,1.472822
message_update_queued_sent,452,1.488071
message_update_queued_sent,453,1.428581
message_update_queued_sent,454,1.545925
message_update_queued_sent,455,1.483737
message_update_queued_sent,456,1.428438
message_update_queued_sent,457,1.443981
message_update_queued_sent,458,1.571777
message_update_queued_sent,459,1.322870
message_update_queued_sent,460,1.369441
message_update_queued_sent,461,1.415513
message_update_queued_sent,462,1.375104
message_update_queued_sent,463,1.366071
message_update_queued_sent,464,1.423852
message_update_queued_sent,465,1.477400
message_update_queued_sent,466,1.459742
message_update_queued_sent,467,1.340492
message_update_queued_sent,468,1.648917
message_update_queued_sent,469,1.503483
message_update_queued_sent,470,1.506476
message_update_queued_sent,471,1.416254
message_update_queued_sent,472,1.380531
message_update_queued_sent,473,1.411019
message_update_queued_sent,474,1.384663
message_update_queued_sent,475,1.576141
message_update_queued_sent,476,1.429123
message_update_queued_sent,477,1.389832
message_update_queued_sent,478,1.425216
message_update_queued_sent,479,1.411998
message_update_queued_sent,480,1.339565
message_update_queued_sent,481,1.412181
message_update_queued_sent,482,1.447202
message_update_queued_sent,483,1.326529
message_update_queued_sent,484,1.397273
message_update_queued_sent,485,1.400079
message_update_queued_sent,486,1.573136
message_update_queued_sent,487,1.459927
message_update_queued_sent,488,1.503173
message_update_queued_sent,489,1.430178
message_update_queued_sent,490,1.507096
message_update_queued_sent,491,1.489709
message_update_queued_sent,492,1.426206
message_update_queued_sent,493,1.405386
message_update_queued_sent,494,1.323930
message_update_queued_sent,495,1.398151
message_update_queued_sent,496,1.361720
message_update_queued_sent,497,1.328586
message_update_queued_sent,498,3.653240
message_update_queued_sent,499,1.378951
message_update_queued_sent,500,1.632189
message_update_queued_sent,501,1.645805
message_update_queued_sent,502,1.516463
message_update_queued_sent,503,1.389130
message_update_queued_sent,504,1.490232
message_update_queued_sent,505,1.381468
message_update_queued_sent,506,1.391441
message_update_queued_sent,507,1.345184
message_update_queued_sent,508,1.408312
message_update_queued_sent,509,1.328855
message_update_queued_sent,510,1.417635
message_update_queued_sent,511,1.581133
message_update_queued_sent,512,1.383921
message_update_queued_sent,513,1.285014
message_update_queued_sent,514,1.289024
message_update_queued_sent,515,1.293740
message_update_queued_sent,516,1.374364
message_update_queued_sent,517,1.434172
message_update_queued_sent,518,1.369173
message_update_queued_sent,519,1.428696
message_update_queued_sent,520,1.439067
message_update_queued_sent,521,1.333665
message_update_queued_sent,522,1.367520
message_update_queued_sent,523,1.343820
message_update_queued_sent,524,1.395570
message_update_queued_sent,525,1.361745
message_update_queued_sent,526,1.431101
message_update_queued_sent,527,1.349776
message_update_queued_sent,528,1.412144
message_update_queued_sent,529,1.399170
message_update_queued_sent,530,1.406198
message_update_queued_sent,531,1.372812
message_update_queued_sent,532,1.374568
message_update_queued_sent,533,1.487567
message_update_queued_sent,534,1.345298
message_update_queued_sent,535,1.360651
message_update_queued_sent,536,1.548633
message_update_queued_sent,537,1.383703
message_update_queued_sent,538,1.336127
message_update_queued_sent,539,1.350381
message_update_queued_sent,540,1.376949
message_update_queued_sent,541,1.363025
message_update_queued_sent,542,1.282562
message_update_queued_sent,543,1.312974
message_update_queued_sent,544,1.515212
message_update_queued_sent,545,1.397597
message_update_queued_sent,546,1.477406
message_update_queued_sent,547,1.354196
message_update_queued_sent,548,1.372740
message_update_queued_sent,549,1.327338
message_update_queued_sent,550,1.390511
message_update_queued_sent,551,1.508894
message_update_queued_sent,552,1.423667
message_update_queued_sent,553,1.497877
message_update_queued_sent,554,1.541492
message_update_queued_sent,555,1.434485
message_update_queued_sent,556,1.370476
message_update_queued_sent,557,1.403472
message_update_queued_sent,558,1.373625
message_update_queued_sent,559,1.418542
message_update_queued_sent,560,1.361118
message_update_queued_sent,561,1.383071
message_update_queued_sent,562,1.309466
message_update_queued_sent,563,1.425995
message_update_queued_sent,564,1.436740
message_update_queued_sent,565,1.363016
message_update_queued_sent,566,1.343879
message_update_queued_sent,567,1.380434
message_update_queued_sent,568,1.539917
message_update_queued_sent,569,1.369821
message_update_queued_sent,570,1.532558
message_update_queued_sent,571,1.404872
message_update_queued_sent,572,1.401405
message_update_queued_sent,573,1.347296
message_update_queued_sent,574,1.318088
message_update_queued_sent,575,1.403028
message_update_queued_sent,576,1.367731
message_update_queued_sent,577,1.443770
message_update_queued_sent,578,1.275627
message_update_queued_sent,579,1.339206
message_update_queued_sent,580,1.382296
message_update_queued_sent,581,1.352311
message_update_queued_sent,582,1.465834
message_update_queued_sent,583,1.414204
message_update_queued_sent,584,1.396633
message_update_queued_sent,585,1.530722
message_update_queued_sent,586,1.415413
message_update_queued_sent,587,1.463533
message_update_queued_sent,588,1.471586
message_update_queued_sent,589,1.371683
message_update_queued_sent,590,1.353194
message_update_queued_sent,591,1.413109
message_update_queued_sent,592,1.435915
message_update_queued_sent,593,1.462587
message_update_queued_sent,594,1.499220
message_update_queued_sent,595,1.395590
message_update_queued_sent,596,1.378249
message_update_queued_sent,597,1.595015
message_update_queued_sent,598,1.413880
message_update_queued_sent,599,1.607930
message_update_queued_sent,600,1.305594
message_update_queued_sent,601,1.368910
message_update_queued_sent,602,1.344891
message_update_queued_sent,603,1.441594
message_update_queued_sent,604,1.437982
message_update_queued_sent,605,1.421515
message_update_queued_sent,606,1.601271
message_update_queued_sent,607,1.479707
message_update_queued_sent,608,1.442076
message_update_queued_sent,609,1.483345
message_update_queued_sent,610,1.448453
message_update_queued_sent,611,1.462665
message_update_queued_sent,612,1.567254
message_update_queued_sent,613,1.498478
message_update_queued_sent,614,1.559608
message_update_queued_sent,615,1.557469
message_update_queued_sent,616,1.459331
message_update_queued_sent,617,1.552736
message_update_queued_sent,618,1.424528
message_update_queued_sent,619,1.500801
message_update_queued_sent,620,1.453280
message_update_queued_sent,621,1.404839
message_update_queued_sent,622,1.411438
message_update_queued_sent,623,1.358727
message_update_queued_sent,624,1.362560
message_update_queued_sent,625,1.475773
message_update_queued_sent,626,1.413113
message_update_queued_sent,627,1.472198
message_update_queued_sent,628,1.434547
message_update_queued_sent,629,1.383426
message_update_queued_sent,630,1.342686
message_update_queued_sent,631,1.440751
message_update_queued_sent,632,1.382267
message_update_queued_sent,633,1.384428
message_update_queued_sent,634,1.413387
message_update_queued_sent,635,1.371198
message_update_queued_sent,636,1.636334
message_update_queued_sent,637,1.362755
message_update_queued_sent,638,1.345952
message_update_queued_sent,639,1.390835
message_update_queued_sent,640,1.471550
message_update_queued_sent,641,1.495042
message_update_queued_sent,642,1.434326
message_update_queued_sent,643,1.310221
message_update_queued_sent,644,1.332513
message_update_queued_sent,645,1.438704
message_update_queued_sent,646,1.365581
message_update_queued_sent,647,1.384900
message_update_queued_sent,648,1.432745
message_update_queued_sent,649,1.381463
message_update_queued_sent,650,1.337095
message_update_queued_sent,651,1.420561
message_update_queued_sent,652,1.431991
message_update_queued_sent,653,1.385470
message_update_queued_sent,654,1.461268
message_update_queued_sent,655,1.364839
message_update_queued_sent,656,1.395421
message_update_queued_sent,657,1.375036
message_update_queued_sent,658,1.404201
message_update_queued_sent,659,1.357653
message_update_queued_sent,660,1.401736
message_update_queued_sent,661,1.470545
message_update_queued_sent,662,1.293005
message_update_queued_sent,663,1.253605
message_update_queued_sent,664,1.303964
message_update_queued_sent,665,1.349577
message_update_queued_sent,666,1.657797
message_update_queued_sent,667,1.388873
message_update_queued_sent,668,1.336586
message_update_queued_sent,669,1.364737
message_update_queued_sent,670,1.335865
message_update_queued_sent,671,1.346488
message_update_queued_sent,672,1.671115
message_update_queued_sent,673,1.499716
message_update_queued_sent,674,1.364237
message_update_queued_sent,675,1.545081
message_update_queued_sent,676,1.416129
message_update_queued_sent,677,1.426842
message_update_queued_sent,678,1.402489
message_update_queued_sent,679,1.421458
message_update_queued_sent,680,1.294903
message_update_queued_sent,681,1.410859
message_update_queued_sent,682,1.359632
message_update_queued_sent,683,1.536768
message_update_queued_sent,684,1.714153
message_update_queued_sent,685,1.379337
message_update_queued_sent,686,1.398112
message_update_queued_sent,687,1.570527
message_update_queued_sent,688,1.300024
message_update_queued_sent,689,1.298110
message_update_queued_sent,690,1.387511
message_update_queued_sent,691,1.438106
message_update_queued_sent,692,1.411892
message_update_queued_sent,693,1.406856
message_update_queued_sent,694,1.341005
message_update_queued_sent,695,1.431064
message_update_queued_sent,696,1.311272
message_update_queued_sent,697,1.345943
message_update_queued_sent,698,1.413416
message_update_queued_sent,699,1.277681
message_update_queued_sent,700,1.293066
message_update_queued_sent,701,1.462659
message_update_queued_sent,702,1.370944
message_update_queued_sent,703,1.505226
message_update_queued_sent,704,1.611144
message_update_queued_sent,705,1.556097
message_update_queued_sent,706,1.505416
message_update_queued_sent,707,1.319716
message_update_queued_sent,708,1.375005
message_update_queued_sent,709,1.311823
message_update_queued_sent,710,1.316382
message_update_queued_sent,711,1.286206
message_update_queued_sent,712,1.365320
message_update_queued_sent,713,1.249496
message_update_queued_sent,714,1.252117
message_update_queued_sent,715,1.299822
message_update_queued_sent,716,1.280370
message_update_queued_sent,717,1.265697
message_update_queued_sent,718,1.559529
message_update_queued_sent,719,1.313958
message_update_queued_sent,720,1.323716
message_update_queued_sent,721,1.414654
message_update_queued_sent,722,1.448933
message_update_queued_sent,723,1.494768
message_update_queued_sent,724,1.423824
message_update_queued_sent,725,1.406606
message_update_queued_sent,726,1.492047
message_update_queued_sent,727,1.391760
message_update_queued_sent,728,1.324882
message_update_queued_sent,729,1.414928
message_update_queued_sent,730,1.360609
message_update_queued_sent,731,1.358532
message_update_queued_sent,732,1.299011
message_update_queued_sent,733,1.423182
message_update_queued_sent,734,1.318334
message_update_queued_sent,735,1.516450
message_update_queued_sent,736,1.401526
message_update_queued_sent,737,1.509768
message_update_queued_sent,738,1.440238
message_update_queued_sent,739,1.561597
message_update_queued_sent,740,1.510337
message_update_queued_sent,741,1.344014
message_update_queued_sent,742,1.353262
message_update_queued_sent,743,1.398989
message_update_queued_sent,744,1.380103
message_update_queued_sent,745,1.398989
message_update_queued_sent,746,1.358794
message_update_queued_sent,747,1.390272
message_update_queued_sent,748,1.366175
message_update_queued_sent,749,1.350387
message_update_queued_sent,750,1.302805
message_update_queued_sent,751,1.328721
message_update_queued_sent,752,1.424269
message_update_queued_sent,753,1.402603
message_update_queued_sent,754,1.318025
message_update_queued_sent,755,1.459781
message_update_queued_sent,756,1.466446
message_update_queued_sent,757,1.329721
message_update_queued_sent,758,1.457983
message_update_queued_sent,759,1.399617
message_update_queued_sent,760,1.335642
message_update_queued_sent,761,1.398863
message_update_queued_sent,762,1.337974
message_update_queued_sent,763,1.333284
message_update_queued_sent,764,1.329421
message_update_queued_sent,765,1.302133
message_update_queued_sent,766,1.356844
message_update_queued_sent,767,1.325797
message_update_queued_sent,768,1.328517
message_update_queued_sent,769,1.536223
message_update_queued_sent,770,1.373591
message_update_queued_sent,771,1.307523
message_update_queued_sent,772,1.316733
message_update_queued_sent,773,1.381181
message_update_queued_sent,774,1.347925
message_update_queued_sent,775,1.455999
message_update_queued_sent,776,1.515369
message_update_queued_sent,777,1.393712
message_update_queued_sent,778,3.464784
message_update_queued_sent,779,1.476835
message_update_queued_sent,780,1.555797
message_update_queued_sent,781,1.376303
message_update_queued_sent,782,1.394621
message_update_queued_sent,783,1.403053
message_update_queued_sent,784,1.331677
message_update_queued_sent,785,1.337702
message_update_queued_sent,786,1.319881
message_update_queued_sent,787,1.291771
message_update_queued_sent,788,1.382464
message_update_queued_sent,789,1.383252
message_update_queued_sent,790,1.288964
message_update_queued_sent,791,1.316436
message_update_queued_sent,792,1.297262
message_update_queued_sent,793,1.482971
message_update_queued_sent,794,1.325491
message_update_queued_sent,795,1.346768
message_update_queued_sent,796,1.266300
message_update_queued_sent,797,1.353220
message_update_queued_sent,798,1.418518
message_update_queued_sent,799,1.526970
message_update_queued_sent,800,1.410840
message_update_queued_sent,801,1.404336
message_update_queued_sent,802,1.466595
message_update_queued_sent,803,1.387293
message_update_queued_sent,804,1.388470
message_update_queued_sent,805,1.435041
message_update_queued_sent,806,1.298656
message_update_queued_sent,807,1.345069
message_update_queued_sent,808,1.367478
message_update_queued_sent,809,1.469641
message_update_queued_sent,810,1.351434
message_update_queued_sent,811,1.923407
message_update_queued_sent,812,1.369128
message_update_queued_sent,813,1.353461
message_update_queued_sent,814,1.353884
message_update_queued_sent,815,1.320284
message_update_queued_sent,816,1.380400
message_update_queued_sent,817,1.321983
message_update_queued_sent,818,1.319128
message_update_queued_sent,819,1.307912
message_update_queued_sent,820,1.396144
message_update_queued_sent,821,1.512683
message_update_queued_sent,822,1.349979
message_update_queued_sent,823,1.367594
message_update_queued_sent,824,1.285346
message_update_queued_sent,825,1.316504
message_update_queued_sent,826,1.264064
message_update_queued_sent,827,1.249486
message_update_queued_sent,828,1.430104
message_update_queued_sent,829,1.527786
message_update_queued_sent,830,1.309703
message_update_queued_sent,831,1.367597
message_update_queued_sent,832,1.316846
message_update_queued_sent,833,1.409956
message_update_queued_sent,834,1.364127
message_update_queued_sent,835,1.543847
message_update_queued_sent,836,1.380369
message_update_queued_sent,837,1.437999
message_update_queued_sent,838,1.314575
message_update_queued_sent,839,1.546978
message_update_queued_sent,840,1.297971
message_update_queued_sent,841,1.503703
message_update_queued_sent,842,1.391801
message_update_queued_sent,843,1.633855
message_update_queued_sent,844,1.552207
message_update_queued_sent,845,1.596261
message_update_queued_sent,846,1.567617
message_update_queued_sent,847,1.549614
message_update_queued_sent,848,1.352588
message_update_queued_sent,849,1.342012
message_update_queued_sent,850,1.446021
message_update_queued_sent,851,1.415754
message_update_queued_sent,852,1.481813
message_update_queued_sent,853,1.474143
message_update_queued_sent,854,1.422212
message_update_queued_sent,855,1.518389
message_update_queued_sent,856,1.492829
message_update_queued_sent,857,1.565424
message_update_queued_sent,858,1.362796
message_update_queued_sent,859,1.391314
message_update_queued_sent,860,1.361690
message_update_queued_sent,861,1.360773
message_update_queued_sent,862,1.360969
message_update_queued_sent,863,1.494015
message_update_queued_sent,864,1.410831
message_update_queued_sent,865,1.351404
message_update_queued_sent,866,1.304329
message_update_queued_sent,867,1.257332
message_update_queued_sent,868,1.267543
message_update_queued_sent,869,1.367442
message_update_queued_sent,870,1.283277
message_update_queued_sent,871,1.282889
message_update_queued_sent,872,1.254826
message_update_queued_sent,873,1.265061
message_update_queued_sent,874,1.278527
message_update_queued_sent,875,1.345619
message_update_queued_sent,876,1.401278
message_update_queued_sent,877,1.330298
message_update_queued_sent,878,1.309484
message_update_queued_sent,879,1.319817
message_update_queued_sent,880,1.339942
message_update_queued_sent,881,1.312345
message_update_queued_sent,882,1.304472
message_update_queued_sent,883,1.295753
message_update_queued_sent,884,1.339318
message_update_queued_sent,885,1.372406
message_update_queued_sent,886,1.319950
message_update_queued_sent,887,1.333770
message_update_queued_sent,888,1.274748
message_update_queued_sent,889,1.355563
message_update_queued_sent,890,1.268052
message_update_queued_sent,891,1.340875
message_update_queued_sent,892,1.394111
message_update_queued_sent,893,1.457109
message_update_queued_sent,894,1.389189
message_update_queued_sent,895,1.322048
message_update_queued_sent,896,1.331560
message_update_queued_sent,897,1.359780
message_update_queued_sent,898,1.566570
message_update_queued_sent,899,1.647023
message_update_queued_sent,900,1.399827
message_update_queued_sent,901,1.473203
message_update_queued_sent,902,1.327211
message_update_queued_sent,903,1.293228
message_update_queued_sent,904,1.282263
message_update_queued_sent,905,1.287653
message_update_queued_sent,906,1.287261
message_update_queued_sent,907,1.348253
message_update_queued_sent,908,1.360747
message_update_queued_sent,909,1.327647
message_update_queued_sent,910,1.678177
message_update_queued_sent,911,1.597282
message_update_queued_sent,912,1.452903
message_update_queued_sent,913,1.341488
message_update_queued_sent,914,1.385035
message_update_queued_sent,915,1.447269
message_update_queued_sent,916,1.438544
message_update_queued_sent,917,1.387726
message_update_queued_sent,918,1.345191
message_update_queued_sent,919,1.440803
message_update_queued_sent,920,1.399199
message_update_queued_sent,921,1.507135
message_update_queued_sent,922,1.547226
message_update_queued_sent,923,1.515050
message_update_queued_sent,924,1.413173
message_update_queued_sent,925,1.334536
message_update_queued_sent,926,1.419341
message_update_queued_sent,927,1.241531
message_update_queued_sent,928,1.266098
message_update_queued_sent,929,1.245063
message_update_queued_sent,930,1.303109
message_update_queued_sent,931,1.435383
message_update_queued_sent,932,1.356848
message_update_queued_sent,933,1.318850
message_update_queued_sent,934,1.323711
message_update_queued_sent,935,1.313991
message_update_queued_sent,936,1.290796
message_update_queued_sent,937,1.366916
message_update_queued_sent,938,1.389419
message_update_queued_sent,939,1.351819
message_update_queued_sent,940,1.307636
message_update_queued_sent,941,1.324816
message_update_queued_sent,942,1.283736
message_update_queued_sent,943,1.339788
message_update_queued_sent,944,1.322331
message_update_queued_sent,945,1.595901
message_update_queued_sent,946,1.448108
message_update_queued_sent,947,1.420388
message_update_queued_sent,948,1.416530
message_update_queued_sent,949,1.379367
message_update_queued_sent,950,1.440166
message_update_queued_sent,951,1.407083
message_update_queued_sent,952,1.402420
message_update_queued_sent,953,1.424517
message_update_queued_sent,954,1.400672
message_update_queued_sent,955,1.375689
message_update_queued_sent,956,1.367392
message_update_queued_sent,957,1.416663
message_update_queued_sent,958,1.483003
message_update_queued_sent,959,1.473401
message_update_queued_sent,960,1.415266
message_update_queued_sent,961,1.413300
message_update_queued_sent,962,1.381942
message_update_queued_sent,963,1.407215
message_update_queued_sent,964,1.399340
message_update_queued_sent,965,1.405163
message_update_queued_sent,966,1.434467
message_update_queued_sent,967,1.437498
message_update_queued_sent,968,1.482451
message_update_queued_sent,969,1.468633
message_update_queued_sent,970,1.358041
message_update_queued_sent,971,1.383919
message_update_queued_sent,972,1.557033
message_update_queued_sent,973,1.434697
message_update_queued_sent,974,1.381872
message_update_queued_sent,975,1.451909
message_update_queued_sent,976,1.419016
message_update_queued_sent,977,1.421115
message_update_queued_sent,978,1.397307
message_update_queued_sent,979,1.427643
message_update_queued_sent,980,1.333762
message_update_queued_sent,981,1.527198
message_update_queued_sent,982,1.488602
message_update_queued_sent,983,1.377095
message_update_queued_sent,984,1.373486
message_update_queued_sent,985,1.531092
message_update_queued_sent,986,1.423268
message_update_queued_sent,987,1.428647
message_update_queued_sent,988,1.470465
message_update_queued_sent,989,1.378544
message_update_queued_sent,990,1.427648
message_update_queued_sent,991,1.392942
message_update_queued_sent,992,1.410047
message_update_queued_sent,993,1.357085
message_update_queued_sent,994,1.372725
message_update_queued_sent,995,1.456193
message_update_queued_sent,996,1.338178
message_update_queued_sent,997,1.372130
message_update_queued_sent,998,1.507821
message_update_queued_sent,999,1.335338
message_update_queued_sent,1000,1.397076
message_update_queued_sent,1001,1.406694
message_update_queued_sent,1002,1.385579
message_update_queued_sent,1003,1.562060
message_update_queued_sent,1004,1.377992
message_update_queued_sent,1005,1.412899
message_update_queued_sent,1006,1.376796
message_update_queued_sent,1007,1.363125
message_update_queued_sent,1008,1.336981
message_update_queued_sent,1009,1.465162
message_update_queued_sent,1010,1.531664
message_update_queued_sent,1011,1.462771
message_update_queued_sent,1012,1.325861
message_update_queued_sent,1013,1.371783
message_update_queued_sent,1014,1.416231
message_update_queued_sent,1015,1.619951
message_update_queued_sent,1016,1.381616
message_update_queued_sent,1017,1.307721
message_update_queued_sent,1018,1.572662
message_update_queued_sent,1019,1.417860
message_update_queued_sent,1020,1.382820
message_update_queued_sent,1021,1.359184
message_update_queued_sent,1022,1.390696
message_update_queued_sent,1023,1.422820
message_update_queued_sent,1024,1.420355
message_update_queued_sent,1025,1.316767
message_update_queued_sent,1026,1.385214
message_update_queued_sent,1027,1.539178
message_update_queued_sent,1028,1.341690
message_update_queued_sent,1029,1.382267
message_update_queued_sent,1030,1.454305
message_update_queued_sent,1031,1.393226
message_update_queued_sent,1032,1.389449
message_update_queued_sent,1033,1.332085
message_update_queued_sent,1034,1.357743
message_update_queued_sent,1035,1.356426
message_update_queued_sent,1036,1.313543
message_update_queued_sent,1037,1.359367
message_update_queued_sent,1038,1.346200
message_update_queued_sent,1039,1.314901
message_update_queued_sent,1040,1.325568
message_update_queued_sent,1041,1.332250
message_update_queued_sent,1042,1.318904
message_update_queued_sent,1043,1.304971
message_update_queued_sent,1044,1.296457
message_update_queued_sent,1045,1.703620
message_update_queued_sent,1046,1.429219
message_update_queued_sent,1047,1.442007
message_update_queued_sent,1048,1.395531
message_update_queued_sent,1049,1.403559
message_update_queued_sent,1050,1.401196
message_update_queued_sent,1051,1.334846
message_update_queued_sent,1052,1.374181
message_update_queued_sent,1053,1.400221
message_update_queued_sent,1054,1.361747
message_update_queued_sent,1055,1.379179
message_update_queued_sent,1056,1.523182
message_update_queued_sent,1057,1.418096
message_update_queued_sent,1058,1.422898
message_update_queued_sent,1059,1.313501
message_update_queued_sent,1060,2.401191
message_update_queued_sent,1061,1.329075
message_update_queued_sent,1062,1.440405
message_update_queued_sent,1063,1.358303
message_update_queued_sent,1064,1.375117
message_update_queued_sent,1065,1.314984
message_update_queued_sent,1066,1.355624
message_update_queued_sent,1067,1.356734
message_update_queued_sent,1068,1.360989
message_update_queued_sent,1069,1.375761
message_update_queued_sent,1070,1.369605
message_update_queued_sent,1071,1.379803
message_update_queued_sent,1072,1.483337
message_update_queued_sent,1073,1.319385
message_update_queued_sent,1074,1.392775
message_update_queued_sent,1075,1.312543
message_update_queued_sent,1076,1.367709
message_update_queued_sent,1077,1.333757
message_update_queued_sent,1078,1.405273
message_update_queued_sent,1079,1.400113
message_update_queued_sent,1080,1.394476
message_update_queued_sent,1081,1.485467
message_update_queued_sent,1082,1.339887
message_update_queued_sent,1083,1.360438
message_update_queued_sent,1084,1.341005
message_update_queued_sent,1085,1.525759
message_update_queued_sent,1086,1.420162
message_update_queued_sent,1087,1.402472
message_update_queued_sent,1088,1.378018
message_update_queued_sent,1089,1.582665
message_update_queued_sent,1090,1.374466
message_update_queued_sent,1091,1.335968
message_update_queued_sent,1092,1.445233
message_update_queued_sent,1093,1.410003
message_update_queued_sent,1094,1.332657
message_update_queued_sent,1095,1.384149
message_update_queued_sent,1096,1.321465
message_update_queued_sent,1097,1.297926
message_update_queued_sent,1098,1.359515
message_update_queued_sent,1099,1.283181
message_update_queued_sent,1100,1.404214
message_update_queued_sent,1101,1.448424
message_update_queued_sent,1102,1.368611
message_update_queued_sent,1103,1.350792
message_update_queued_sent,1104,1.351393
message_update_queued_sent,1105,1.397486
message_update_queued_sent,1106,1.321350
message_update_queued_sent,1107,1.350966
message_update_queued_sent,1108,1.360921
message_update_queued_sent,1109,1.349036
message_update_queued_sent,1110,1.594841
message_update_queued_sent,1111,1.366900
message_update_queued_sent,1112,1.398054
message_update_queued_sent,1113,1.397968
message_update_queued_sent,1114,1.383694
message_update_queued_sent,1115,1.361737
message_update_queued_sent,1116,1.521236
message_update_queued_sent,1117,1.380775
message_update_queued_sent,1118,1.365141
message_update_queued_sent,1119,1.358717
message_update_queued_sent,1120,1.350844
message_update_queued_sent,1121,1.344961
message_update_queued_sent,1122,1.371539
message_update_queued_sent,1123,1.401420
message_update_queued_sent,1124,1.333464
message_update_queued_sent,1125,1.403668
message_update_queued_sent,1126,1.381642
message_update_queued_sent,1127,1.477387
message_update_queued_sent,1128,1.357200
message_update_queued_sent,1129,1.332578
message_update_queued_sent,1130,1.378696
message_update_queued_sent,1131,1.345606
message_update_queued_sent,1132,1.433070
message_update_queued_sent,1133,1.415083
message_update_queued_sent,1134,1.351431
message_update_queued_sent,1135,1.410315
message_update_queued_sent,1136,1.308305
message_update_queued_sent,1137,1.428278
message_update_queued_sent,1138,1.371658
message_update_queued_sent,1139,1.329780
message_update_queued_sent,1140,2.029641
message_update_queued_sent,1141,1.429087
message_update_queued_sent,1142,1.432654
message_update_queued_sent,1143,1.398368
message_update_queued_sent,1144,1.417781
message_update_queued_sent,1145,1.536134
message_update_queued_sent,1146,1.455805
message_update_queued_sent,1147,1.467722
message_update_queued_sent,1148,1.518573
message_update_queued_sent,1149,1.481494
message_update_queued_sent,1150,1.488643
message_update_queued_sent,1151,1.423543
message_update_queued_sent,1152,1.372770
message_update_queued_sent,1153,1.378388
message_update_queued_sent,1154,1.355435
message_update_queued_sent,1155,1.347739
message_update_queued_sent,1156,1.355906
message_update_queued_sent,1157,1.346337
message_update_queued_sent,1158,1.288833
message_update_queued_sent,1159,1.265545
message_update_queued_sent,1160,1.405568
message_update_queued_sent,1161,1.348483
message_update_queued_sent,1162,1.408556
message_update_queued_sent,1163,1.414252
message_update_queued_sent,1164,1.396516
message_update_queued_sent,1165,1.454339
message_update_queued_sent,1166,1.318802
message_update_queued_sent,1167,1.373941
message_update_queued_sent,1168,1.370348
message_update_queued_sent,1169,1.386579
message_update_queued_sent,1170,1.309257
message_update_queued_sent,1171,1.292886
message_update_queued_sent,1172,1.468043
message_update_queued_sent,1173,1.328273
message_update_queued_sent,1174,1.388400
message_update_queued_sent,1175,1.326390
message_update_queued_sent,1176,1.350662
message_update_queued_sent,1177,1.628773
message_update_queued_sent,1178,1.389457
message_update_queued_sent,1179,1.511649
message_update_queued_sent,1180,1.356627
message_update_queued_sent,1181,1.523253
message_update_queued_sent,1182,1.398600
message_update_queued_sent,1183,1.410884
message_update_queued_sent,1184,1.384774
message_update_queued_sent,1185,1.452510
message_update_queued_sent,1186,1.400104
message_update_queued_sent,1187,1.470007
message_update_queued_sent,1188,1.354163
message_update_queued_sent,1189,1.329699
message_update_queued_sent,1190,1.389733
message_update_queued_sent,1191,1.336302
message_update_queued_sent,1192,1.570248
message_update_queued_sent,1193,1.431775
message_update_queued_sent,1194,1.356630
message_update_queued_sent,1195,1.456645
message_update_queued_sent,1196,1.373167
message_update_queued_sent,1197,1.424236
message_update_queued_sent,1198,1.379723
message_update_queued_sent,1199,1.538281
message_update_queued_sent,1200,1.391752
message_update_queued_sent,1201,2.098460
message_update_queued_sent,1202,1.461688
message_update_queued_sent,1203,1.359342
message_update_queued_sent,1204,1.303227
message_update_queued_sent,1205,1.332588
message_update_queued_sent,1206,1.422981
message_update_queued_sent,1207,1.459375
message_update_queued_sent,1208,1.390121
message_update_queued_sent,1209,1.310195
message_update_queued_sent,1210,1.338120
message_update_queued_sent,1211,1.431075
message_update_queued_sent,1212,1.442725
message_update_queued_sent,1213,1.363341
message_update_queued_sent,1214,1.504569
message_update_queued_sent,1215,1.397749
message_update_queued_sent,1216,1.406662
message_update_queued_sent,1217,1.392641
message_update_queued_sent,1218,1.398439
message_update_queued_sent,1219,1.435519
message_update_queued_sent,1220,1.447089
message_update_queued_sent,1221,1.520176
message_update_queued_sent,1222,1.325184
message_update_queued_sent,1223,1.386668
message_update_queued_sent,1224,1.356891
message_update_queued_sent,1225,1.400135
message_update_queued_sent,1226,1.308473
message_update_queued_sent,1227,1.353741
message_update_queued_sent,1228,1.339447
message_update_queued_sent,1229,1.375410
message_update_queued_sent,1230,1.436933
message_update_queued_sent,1231,1.387236
message_update_queued_sent,1232,1.344935
message_update_queued_sent,1233,1.329938
message_update_queued_sent,1234,1.409311
message_update_queued_sent,1235,1.360522
message_update_queued_sent,1236,1.373746
message_update_queued_sent,1237,1.331149
message_update_queued_sent,1238,1.307946
message_update_queued_sent,1239,1.387995
message_update_queued_sent,1240,1.325000
message_update_queued_sent,1241,1.365337
message_update_queued_sent,1242,1.358397
message_update_queued_sent,1243,1.347851
message_update_queued_sent,1244,1.376389
message_update_queued_sent,1245,1.363542
message_update_queued_sent,1246,1.313096
message_update_queued_sent,1247,1.385873
message_update_queued_sent,1248,1.281397
message_update_queued_sent,1249,1.327273
message_update_queued_sent,1250,1.429482
message_update_queued_sent,1251,1.375043
message_update_queued_sent,1252,1.330835
message_update_queued_sent,1253,1.319421
message_update_queued_sent,1254,1.288126
message_update_queued_sent,1255,1.350218
message_update_queued_sent,1256,1.276753
message_update_queued_sent,1257,1.331009
message_update_queued_sent,1258,1.333193
message_update_queued_sent,1259,1.326189
message_update_queued_sent,1260,1.315753
message_update_queued_sent,1261,1.444663
message_update_queued_sent,1262,1.332265
message_update_queued_sent,1263,1.426049
message_update_queued_sent,1264,1.322912
message_update_queued_sent,1265,1.405566
message_update_queued_sent,1266,1.323437
message_update_queued_sent,1267,1.371868
message_update_queued_sent,1268,1.339564
message_update_queued_sent,1269,1.359281
message_update_queued_sent,1270,1.361095
message_update_queued_sent,1271,1.388259
message_update_queued_sent,1272,1.495350
message_update_queued_sent,1273,1.345640
message_update_queued_sent,1274,1.372601
message_update_queued_sent,1275,1.416460
message_update_queued_sent,1276,1.383157
message_update_queued_sent,1277,1.374097
message_update_queued_sent,1278,1.500554
message_update_queued_sent,1279,1.470054
message_update_queued_sent,1280,1.599562
message_update_queued_sent,1281,1.421597
message_update_queued_sent,1282,1.364304
message_update_queued_sent,1283,1.346696
message_update_queued_sent,1284,1.356707
message_update_queued_sent,1285,1.374474
message_update_queued_sent,1286,1.464693
message_update_queued_sent,1287,1.450240
message_update_queued_sent,1288,1.429364
message_update_queued_sent,1289,1.339474
message_update_queued_sent,1290,1.358106
message_update_queued_sent,1291,1.368095
message_update_queued_sent,1292,1.366595
message_update_queued_sent,1293,1.312660
message_update_queued_sent,1294,1.272462
message_update_queued_sent,1295,1.328504
message_update_queued_sent,1296,1.307524
message_update_queued_sent,1297,1.323637
message_update_queued_sent,1298,1.348115
message_update_queued_sent,1299,1.316428
message_update_queued_sent,1300,1.281357
message_update_queued_sent,1301,1.288442
message_update_queued_sent,1302,1.332056
message_update_queued_sent,1303,1.399542
message_update_queued_sent,1304,1.307673
message_update_queued_sent,1305,1.415169
message_update_queued_sent,1306,1.405600
message_update_queued_sent,1307,1.467645
message_update_queued_sent,1308,1.457020
message_update_queued_sent,1309,1.413266
message_update_queued_sent,1310,1.354957
message_update_queued_sent,1311,1.309676
message_update_queued_sent,1312,1.345720
message_update_queued_sent,1313,1.400186
message_update_queued_sent,1314,1.485825
message_update_queued_sent,1315,1.417848
message_update_queued_sent,1316,1.420623
message_update_queued_sent,1317,1.382242
message_update_queued_sent,1318,1.389618
message_update_queued_sent,1319,1.369675
message_update_queued_sent,1320,1.431362
message_update_queued_sent,1321,1.434900
message_update_queued_sent,1322,1.416156
message_update_queued_sent,1323,1.377839
message_update_queued_sent,1324,1.351765
message_update_queued_sent,1325,1.475473
message_update_queued_sent,1326,1.383054
message_update_queued_sent,1327,1.402779
message_update_queued_sent,1328,1.436834
message_update_queued_sent,1329,1.377161
message_update_queued_sent,1330,1.384114
message_update_queued_sent,1331,1.323964
message_update_queued_sent,1332,1.381645
message_update_queued_sent,1333,1.423936
message_update_queued_sent,1334,1.452940
message_update_queued_sent,1335,1.396067
message_update_queued_sent,1336,1.372881
message_update_queued_sent,1337,1.442433
message_update_queued_sent,1338,1.482476
message_update_queued_sent,1339,1.372951
message_update_queued_sent,1340,1.412320
message_update_queued_sent,1341,1.533123
message_update_queued_sent,1342,1.349121
message_update_queued_sent,1343,2.002682
message_update_queued_sent,1344,1.384444
message_update_queued_sent,1345,1.497985
message_update_queued_sent,1346,1.514699
message_update_queued_sent,1347,1.391585
message_update_queued_sent,1348,1.346789
message_update_queued_sent,1349,1.376446
message_update_queued_sent,1350,1.407173
message_update_queued_sent,1351,1.380189
message_update_queued_sent,1352,1.363000
message_update_queued_sent,1353,1.320059
message_update_queued_sent,1354,1.350192
message_update_queued_sent,1355,1.275876
message_update_queued_sent,1356,1.413068
message_update_queued_sent,1357,1.313200
message_update_queued_sent,1358,1.348164
message_update_queued_sent,1359,1.438010
message_update_queued_sent,1360,1.442756
message_update_queued_sent,1361,1.463332
message_update_queued_sent,1362,1.429272
message_update_queued_sent,1363,1.446895
message_update_queued_sent,1364,1.367236
message_update_queued_sent,1365,1.426975
message_update_queued_sent,1366,1.424396
message_update_queued_sent,1367,1.477153
message_update_queued_sent,1368,1.369797
message_update_queued_sent,1369,1.342428
message_update_queued_sent,1370,1.720105
message_update_queued_sent,1371,1.541633
message_update_queued_sent,1372,1.505553
message_update_queued_sent,1373,1.415377
message_update_queued_sent,1374,1.405936
message_update_queued_sent,1375,1.443103
message_update_queued_sent,1376,1.433269
message_update_queued_sent,1377,1.422418
message_update_queued_sent,1378,1.497823
message_update_queued_sent,1379,1.500800
message_update_queued_sent,1380,1.376130
message_update_queued_sent,1381,1.438304
message_update_queued_sent,1382,1.570749
message_update_queued_sent,1383,1.319107
message_update_queued_sent,1384,1.329060
message_update_queued_sent,1385,1.317665
message_update_queued_sent,1386,1.358591
message_update_queued_sent,1387,1.333042
message_update_queued_sent,1388,1.273045
message_update_queued_sent,1389,1.319867
message_update_queued_sent,1390,1.406817
message_update_queued_sent,1391,1.331107
message_update_queued_sent,1392,1.471503
message_update_queued_sent,1393,1.381691
message_update_queued_sent,1394,1.537285
message_update_queued_sent,1395,1.428440
message_update_queued_sent,1396,1.400393
message_update_queued_sent,1397,1.397740
message_update_queued_sent,1398,1.430188
message_update_queued_sent,1399,1.386193
message_update_queued_sent,1400,1.324480
message_update_queued_sent,1401,1.296107
message_update_queued_sent,1402,1.332761
message_update_queued_sent,1403,1.267093
message_update_queued_sent,1404,1.295014
message_update_queued_sent,1405,1.271674
message_update_queued_sent,1406,1.320895
message_update_queued_sent,1407,1.315009
message_update_queued_sent,1408,1.404669
message_update_queued_sent,1409,1.453055
message_update_queued_sent,1410,1.397250
message_update_queued_sent,1411,1.432226
message_update_queued_sent,1412,1.484256
message_update_queued_sent,1413,1.430568
message_update_queued_sent,1414,1.403218
message_update_queued_sent,1415,1.322272
message_update_queued_sent,1416,1.443937
message_update_queued_sent,1417,1.372731
message_update_queued_sent,1418,1.542653
message_update_queued_sent,1419,1.414375
message_update_queued_sent,1420,1.334407
message_update_queued_sent,1421,1.417895
message_update_queued_sent,1422,1.472186
message_update_queued_sent,1423,1.387675
message_update_queued_sent,1424,1.576566
message_update_queued_sent,1425,1.462690
message_update_queued_sent,1426,1.372687
message_update_queued_sent,1427,1.391125
message_update_queued_sent,1428,1.315048
message_update_queued_sent,1429,1.421321
message_update_queued_sent,1430,1.292116
message_update_queued_sent,1431,1.560705
message_update_queued_sent,1432,1.374350
message_update_queued_sent,1433,1.478709
message_update_queued_sent,1434,1.322427
message_update_queued_sent,1435,1.358428
message_update_queued_sent,1436,1.359967
message_update_queued_sent,1437,1.378689
message_update_queued_sent,1438,1.351128
message_update_queued_sent,1439,1.342629
message_update_queued_sent,1440,1.353216
message_update_queued_sent,1441,1.336008
message_update_queued_sent,1442,1.418554
message_update_queued_sent,1443,1.313816
message_update_queued_sent,1444,1.370944
message_update_queued_sent,1445,1.310254
message_update_queued_sent,1446,1.348168
message_update_queued_sent,1447,1.321040
message_update_queued_sent,1448,1.372848
message_update_queued_sent,1449,1.415303
message_update_queued_sent,1450,1.274184
message_update_queued_sent,1451,1.403205
message_update_queued_sent,1452,1.319724
message_update_queued_sent,1453,1.572524
message_update_queued_sent,1454,1.397631
message_update_queued_sent,1455,1.342406
message_update_queued_sent,1456,1.646213
message_update_queued_sent,1457,1.366239
message_update_queued_sent,1458,1.408958
message_update_queued_sent,1459,1.381442
message_update_queued_sent,1460,1.334902
message_update_queued_sent,1461,1.320724
message_update_queued_sent,1462,1.342439
message_update_queued_sent,1463,1.346852
message_update_queued_sent,1464,1.438674
message_update_queued_sent,1465,1.327914
message_update_queued_sent,1466,1.304573
message_update_queued_sent,1467,1.385672
message_update_queued_sent,1468,1.498002
message_update_queued_sent,1469,1.401849
message_update_queued_sent,1470,1.373905
message_update_queued_sent,1471,1.322273
message_update_queued_sent,1472,1.333057
message_update_queued_sent,1473,1.437390
message_update_queued_sent,1474,1.416398
message_update_queued_sent,1475,1.384482
message_update_queued_sent,1476,1.349706
message_update_queued_sent,1477,1.333565
message_update_queued_sent,1478,1.466514
message_update_queued_sent,1479,1.374323
message_update_queued_sent,1480,1.492530
message_update_queued_sent,1481,1.451858
message_update_queued_sent,1482,1.401617
message_update_queued_sent,1483,1.390161
message_update_queued_sent,1484,1.507713
message_update_queued_sent,1485,2.874441
message_update_queued_sent,1486,1.476535
message_update_queued_sent,1487,1.378699
message_update_queued_sent,1488,1.565362
message_update_queued_sent,1489,1.474264
message_update_queued_sent,1490,1.355515
message_update_queued_sent,1491,1.325965
message_update_queued_sent,1492,1.323454
message_update_queued_sent,1493,1.302492
message_update_queued_sent,1494,1.456958
message_update_queued_sent,1495,1.404297
message_update_queued_sent,1496,1.482782
message_update_queued_sent,1497,1.395554
message_update_queued_sent,1498,1.357301
message_update_queued_sent,1499,1.432474
message_update_queued_sent,1500,1.525341
message_update_queued_sent,1501,1.467640
message_update_queued_sent,1502,1.409983
message_update_queued_sent,1503,1.449229
message_update_queued_sent,1504,1.310498
message_update_queued_sent,1505,1.520827
message_update_queued_sent,1506,1.341887
message_update_queued_sent,1507,1.331916
message_update_queued_sent,1508,1.342481
message_update_queued_sent,1509,1.299836
message_update_queued_sent,1510,1.332354
message_update_queued_sent,1511,1.336389
message_update_queued_sent,1512,1.363146
message_update_queued_sent,1513,1.498273
message_update_queued_sent,1514,1.322305
message_update_queued_sent,1515,1.382847
message_update_queued_sent,1516,1.297718
message_update_queued_sent,1517,1.309869
message_update_queued_sent,1518,1.507997
message_update_queued_sent,1519,1.333754
message_update_queued_sent,1520,1.431560
message_update_queued_sent,1521,1.319973
message_update_queued_sent,1522,1.477519
message_update_queued_sent,1523,1.412947
message_update_queued_sent,1524,1.464036
message_update_queued_sent,1525,1.837798
message_update_queued_sent,1526,1.481252
message_update_queued_sent,1527,1.544191
message_update_queued_sent,1528,1.602692
message_update_queued_sent,1529,1.555194
message_update_queued_sent,1530,1.382104
message_update_queued_sent,1531,1.340345
message_update_queued_sent,1532,1.547217
message_update_queued_sent,1533,1.406190
message_update_queued_sent,1534,1.333394
message_update_queued_sent,1535,1.365675
message_update_queued_sent,1536,1.356230
message_update_queued_sent,1537,1.319392
message_update_queued_sent,1538,1.382218
message_update_queued_sent,1539,1.343541
message_update_queued_sent,1540,1.331467
message_update_queued_sent,1541,1.313560
message_update_queued_sent,1542,1.329912
message_update_queued_sent,1543,1.337571
message_update_queued_sent,1544,1.337478
message_update_queued_sent,1545,1.320792
message_update_queued_sent,1546,1.345820
message_update_queued_sent,1547,1.300166
message_update_queued_sent,1548,1.334262
message_update_queued_sent,1549,1.303041
message_update_queued_sent,1550,1.340946
message_update_queued_sent,1551,1.340200
message_update_queued_sent,1552,1.373635
message_update_queued_sent,1553,1.328271
message_update_queued_sent,1554,1.343587
message_update_queued_sent,1555,1.319772
message_update_queued_sent,1556,1.379879
message_update_queued_sent,1557,1.376092
message_update_queued_sent,1558,1.377368
message_update_queued_sent,1559,1.317242
message_update_queued_sent,1560,1.325920
message_update_queued_sent,1561,1.328388
message_update_queued_sent,1562,1.351385
message_update_queued_sent,1563,1.391008
message_update_queued_sent,1564,1.341408
message_update_queued_sent,1565,1.323399
message_update_queued_sent,1566,1.306387
message_update_queued_sent,1567,1.363804
message_update_queued_sent,1568,1.313279
message_update_queued_sent,1569,1.372266
message_update_queued_sent,1570,1.336719
message_update_queued_sent,1571,1.332958
message_update_queued_sent,1572,1.375217
message_update_queued_sent,1573,1.376320
message_update_queued_sent,1574,1.351976
message_update_queued_sent,1575,1.445238
message_update_queued_sent,1576,1.341411
message_update_queued_sent,1577,1.402545
message_update_queued_sent,1578,1.340884
message_update_queued_sent,1579,1.317097
message_update_queued_sent,1580,1.417795
message_update_queued_sent,1581,1.340448
message_update_queued_sent,1582,1.291240
message_update_queued_sent,1583,1.414260
message_update_queued_sent,1584,1.345799
message_update_queued_sent,1585,1.348317
message_update_queued_sent,1586,1.365447
message_update_queued_sent,1587,1.327530
message_update_queued_sent,1588,1.272234
message_update_queued_sent,1589,1.297203
message_update_queued_sent,1590,1.233277
message_update_queued_sent,1591,1.301175
message_update_queued_sent,1592,1.281535
message_update_queued_sent,1593,1.266506
message_update_queued_sent,1594,1.345996
message_update_queued_sent,1595,1.520605
message_update_queued_sent,1596,1.423892
message_update_queued_sent,1597,1.336818
message_update_queued_sent,1598,1.318187
message_update_queued_sent,1599,1.361317
message_update_queued_sent,1600,1.344976
message_update_queued_sent,1601,1.299921
message_update_queued_sent,1602,1.292950
message_update_queued_sent,1603,1.281757
message_update_queued_sent,1604,1.309709
message_update_queued_sent,1605,1.263516
message_update_queued_sent,1606,1.398393
message_update_queued_sent,1607,1.307026
message_update_queued_sent,1608,1.345542
message_update_queued_sent,1609,1.345909
message_update_queued_sent,1610,1.252788
message_update_queued_sent,1611,1.351735
message_update_queued_sent,1612,1.345574
message_update_queued_sent,1613,1.273874
message_update_queued_sent,1614,1.324691
message_update_queued_sent,1615,1.522426
message_update_queued_sent,1616,1.371418
message_update_queued_sent,1617,1.365901
message_update_queued_sent,1618,1.321807
message_update_queued_sent,1619,1.405894
message_update_queued_sent,1620,1.330940
message_update_queued_sent,1621,1.391086
message_update_queued_sent,1622,1.314473
message_update_queued_sent,1623,1.277696
message_update_queued_sent,1624,1.319118
message_update_queued_sent,1625,1.422227
message_update_queued_sent,1626,1.339121
message_update_queued_sent,1627,1.450653
message_update_queued_sent,1628,2.126337
message_update_queued_sent,1629,1.302325
message_update_queued_sent,1630,1.259593
message_update_queued_sent,1631,1.293984
message_update_queued_sent,1632,1.233698
message_update_queued_sent,1633,1.310548
message_update_queued_sent,1634,1.301188
message_update_queued_sent,1635,1.160838
message_update_queued_sent,1636,1.295473
message_update_queued_sent,1637,1.413925
message_update_queued_sent,1638,1.335647
message_update_queued_sent,1639,1.337175
message_update_queued_sent,1640,1.270711
message_update_queued_sent,1641,1.676354
message_update_queued_sent,1642,1.870758
message_update_queued_sent,1643,1.506073
message_update_queued_sent,1644,1.782465
message_update_queued_sent,1645,1.637204
message_update_queued_sent,1646,1.978693
message_update_queued_sent,1647,1.873466
message_update_queued_sent,1648,1.743183
message_update_queued_sent,1649,1.969706
message_update_queued_sent,1650,2.005218
message_update_queued_sent,1651,1.848443
message_update_queued_sent,1652,1.761393
message_update_queued_sent,1653,1.740895
message_update_queued_sent,1654,1.929199
message_update_queued_sent,1655,1.685013
message_update_queued_sent,1656,1.522649
message_update_queued_sent,1657,1.359752
message_update_queued_sent,1658,1.344354
message_update_queued_sent,1659,1.325476
message_update_queued_sent,1660,1.667466
message_update_queued_sent,1661,1.577112
message_update_queued_sent,1662,1.545267
message_update_queued_sent,1663,1.417333
message_update_queued_sent,1664,1.530504
message_update_queued_sent,1665,1.408938
message_update_queued_sent,1666,1.419724
message_update_queued_sent,1667,1.359835
message_update_queued_sent,1668,1.424131
message_update_queued_sent,1669,1.350811
message_update_queued_sent,1670,1.312883
message_update_queued_sent,1671,1.313214
message_update_queued_sent,1672,1.354987
message_update_queued_sent,1673,1.322787
message_update_queued_sent,1674,1.376843
message_update_queued_sent,1675,1.328190
message_update_queued_sent,1676,1.331526
message_update_queued_sent,1677,1.309564
message_update_queued_sent,1678,1.410400
message_update_queued_sent,1679,1.371814
message_update_queued_sent,1680,1.352819
message_update_queued_sent,1681,1.432909
message_update_queued_sent,1682,1.552075
message_update_queued_sent,1683,1.397211
message_update_queued_sent,1684,1.742865
message_update_queued_sent,1685,1.438785
message_update_queued_sent,1686,1.355674
message_update_queued_sent,1687,1.309775
message_update_queued_sent,1688,1.627548
message_update_queued_sent,1689,1.420947
message_update_queued_sent,1690,1.417310
message_update_queued_sent,1691,1.412350
message_update_queued_sent,1692,1.364979
message_update_queued_sent,1693,1.450628
message_update_queued_sent,1694,1.442138
message_update_queued_sent,1695,1.388888
message_update_queued_sent,1696,1.467512
message_update_queued_sent,1697,3.106413
message_update_queued_sent,1698,2.261264
message_update_queued_sent,1699,1.949127
message_update_queued_sent,1700,1.935855
message_update_queued_sent,1701,1.931844
message_update_queued_sent,1702,1.761812
message_update_queued_sent,1703,1.955888
message_update_queued_sent,1704,1.963071
message_update_queued_sent,1705,1.375471
message_update_queued_sent,1706,1.366375
message_update_queued_sent,1707,1.407680
message_update_queued_sent,1708,1.348799
message_update_queued_sent,1709,1.439060
message_update_queued_sent,1710,1.485270
message_update_queued_sent,1711,1.771424
message_update_queued_sent,1712,1.660672
message_update_queued_sent,1713,2.769983
message_update_queued_sent,1714,1.387780
message_update_queued_sent,1715,1.361511
message_update_queued_sent,1716,1.367220
message_update_queued_sent,1717,1.262548
message_update_queued_sent,1718,1.238628
message_update_queued_sent,1719,1.432986
message_update_queued_sent,1720,1.366098
message_update_queued_sent,1721,1.368513
message_update_queued_sent,1722,1.350234
message_update_queued_sent,1723,1.327045
message_update_queued_sent,1724,1.260448
message_update_queued_sent,1725,1.374111
message_update_queued_sent,1726,1.393546
message_update_queued_sent,1727,1.393027
message_update_queued_sent,1728,1.386468
message_update_queued_sent,1729,1.410326
message_update_queued_sent,1730,1.313171
message_update_queued_sent,1731,1.359374
message_update_queued_sent,1732,1.446195
message_update_queued_sent,1733,1.307284
message_update_queued_sent,1734,1.393045
message_update_queued_sent,1735,1.337496
message_update_queued_sent,1736,1.352730
message_update_queued_sent,1737,1.330065
message_update_queued_sent,1738,1.351872
message_update_queued_sent,1739,1.399628
message_update_queued_sent,1740,1.377355
message_update_queued_sent,1741,1.391139
message_update_queued_sent,1742,1.368346
message_update_queued_sent,1743,1.385773
message_update_queued_sent,1744,1.392234
message_update_queued_sent,1745,1.368448
message_update_queued_sent,1746,1.392421
message_update_queued_sent,1747,1.357514
message_update_queued_sent,1748,1.336238
message_update_queued_sent,1749,1.362496
message_update_queued_sent,1750,1.377589
message_update_queued_sent,1751,1.413576
message_update_queued_sent,1752,1.389931
message_update_queued_sent,1753,1.346026
message_update_queued_sent,1754,1.445923
message_update_queued_sent,1755,1.402755
message_update_queued_sent,1756,1.390533
message_update_queued_sent,1757,1.353627
message_update_queued_sent,1758,1.421908
message_update_queued_sent,1759,1.498738
message_update_queued_sent,1760,4.613910
message_update_queued_sent,1761,1.384420
message_update_queued_sent,1762,1.379635
message_update_queued_sent,1763,1.531250
message_update_queued_sent,1764,1.366875
message_update_queued_sent,1765,1.443449
message_update_queued_sent,1766,1.335878
message_update_queued_sent,1767,1.351824
message_update_queued_sent,1768,1.325307
message_update_queued_sent,1769,1.315938
message_update_queued_sent,1770,1.316354
message_update_queued_sent,1771,1.352559
message_update_queued_sent,1772,1.435833
message_update_queued_sent,1773,1.363240
message_update_queued_sent,1774,1.354412
message_update_queued_sent,1775,1.513912
message_update_queued_sent,1776,1.411535
message_update_queued_sent,1777,1.530540
message_update_queued_sent,1778,1.454700
message_update_queued_sent,1779,1.405873
message_update_queued_sent,1780,1.472556
message_update_queued_sent,1781,1.420796
message_update_queued_sent,1782,1.576158
message_update_queued_sent,1783,1.414009
message_update_queued_sent,1784,1.408265
message_update_queued_sent,1785,1.417666
message_update_queued_sent,1786,1.345904
message_update_queued_sent,1787,1.368909
message_update_queued_sent,1788,1.284670
message_update_queued_sent,1789,1.410343
message_update_queued_sent,1790,1.420143
message_update_queued_sent,1791,1.452218
message_update_queued_sent,1792,1.425358
message_update_queued_sent,1793,1.324639
message_update_queued_sent,1794,1.486074
message_update_queued_sent,1795,1.483937
message_update_queued_sent,1796,1.502531
message_update_queued_sent,1797,1.367609
message_update_queued_sent,1798,1.412562
message_update_queued_sent,1799,1.375174
message_update_queued_sent,1800,1.351963
message_update_queued_sent,1801,1.352033
message_update_queued_sent,1802,1.425352
message_update_queued_sent,1803,1.374866
message_update_queued_sent,1804,1.342494
message_update_queued_sent,1805,1.319676
message_update_queued_sent,1806,1.343183
message_update_queued_sent,1807,1.357237
message_update_queued_sent,1808,1.433845
message_update_queued_sent,1809,1.353331
message_update_queued_sent,1810,1.355374
message_update_queued_sent,1811,1.385335
message_update_queued_sent,1812,1.436098
message_update_queued_sent,1813,1.321412
message_update_queued_sent,1814,1.395130
message_update_queued_sent,1815,1.299101
message_update_queued_sent,1816,1.425740
message_update_queued_sent,1817,1.375119
message_update_queued_sent,1818,1.375820
message_update_queued_sent,1819,1.351308
message_update_queued_sent,1820,1.408463
message_update_queued_sent,1821,1.401710
message_update_queued_sent,1822,1.416178
message_update_queued_sent,1823,1.395349
message_update_queued_sent,1824,1.384595
message_update_queued_sent,1825,1.341057
message_update_queued_sent,1826,1.290660
message_update_queued_sent,1827,1.319178
message_update_queued_sent,1828,1.598814
message_update_queued_sent,1829,1.467753
message_update_queued_sent,1830,1.341335
message_update_queued_sent,1831,1.418225
message_update_queued_sent,1832,1.412692
message_update_queued_sent,1833,1.360341
message_update_queued_sent,1834,1.465501
message_update_queued_sent,1835,1.360259
message_update_queued_sent,1836,1.415998
message_update_queued_sent,1837,1.408497
message_update_queued_sent,1838,1.473777
message_update_queued_sent,1839,1.428586
message_update_queued_sent,1840,1.395386
message_update_queued_sent,1841,1.424651
message_update_queued_sent,1842,1.390329
message_update_queued_sent,1843,1.381691
message_update_queued_sent,1844,1.403250
message_update_queued_sent,1845,1.385745
message_update_queued_sent,1846,1.349110
message_update_queued_sent,1847,1.355983
message_update_queued_sent,1848,1.473702
message_update_queued_sent,1849,1.381579
message_update_queued_sent,1850,1.385878
message_update_queued_sent,1851,1.484200
message_update_queued_sent,1852,1.390452
message_update_queued_sent,1853,1.355361
message_update_queued_sent,1854,1.411351
message_update_queued_sent,1855,1.397768
message_update_queued_sent,1856,1.387916
message_update_queued_sent,1857,1.434229
message_update_queued_sent,1858,1.837843
message_update_queued_sent,1859,1.458639
message_update_queued_sent,1860,1.490743
message_update_queued_sent,1861,1.388977
message_update_queued_sent,1862,1.484575
message_update_queued_sent,1863,1.323680
message_update_queued_sent,1864,1.308816
message_update_queued_sent,1865,1.342773
message_update_queued_sent,1866,1.276810
message_update_queued_sent,1867,1.391419
message_update_queued_sent,1868,1.414257
message_update_queued_sent,1869,1.658572
message_update_queued_sent,1870,1.415739
message_update_queued_sent,1871,1.366906
message_update_queued_sent,1872,1.394158
message_update_queued_sent,1873,1.376983
message_update_queued_sent,1874,1.402055
message_update_queued_sent,1875,1.389511
message_update_queued_sent,1876,1.359618
message_update_queued_sent,1877,1.320731
message_update_queued_sent,1878,1.287506
message_update_queued_sent,1879,1.392600
message_update_queued_sent,1880,1.306642
message_update_queued_sent,1881,1.435539
message_update_queued_sent,1882,1.462589
message_update_queued_sent,1883,1.339917
message_update_queued_sent,1884,1.330585
message_update_queued_sent,1885,1.504476
message_update_queued_sent,1886,1.369657
message_update_queued_sent,1887,1.356025
message_update_queued_sent,1888,1.336462
message_update_queued_sent,1889,1.407673
message_update_queued_sent,1890,1.269937
message_update_queued_sent,1891,1.291803
message_update_queued_sent,1892,1.508841
message_update_queued_sent,1893,1.477108
message_update_queued_sent,1894,1.385159
message_update_queued_sent,1895,1.307723
message_update_queued_sent,1896,1.369092
message_update_queued_sent,1897,1.443025
message_update_queued_sent,1898,1.423334
message_update_queued_sent,1899,1.983948
message_update_queued_sent,1900,1.387321
message_update_queued_sent,1901,1.402787
message_update_queued_sent,1902,1.349592
message_update_queued_sent,1903,1.353667
message_update_queued_sent,1904,1.311298
message_update_queued_sent,1905,1.328931
message_update_queued_sent,1906,1.264950
message_update_queued_sent,1907,1.348180
message_update_queued_sent,1908,1.462185
message_update_queued_sent,1909,1.339766
message_update_queued_sent,1910,1.319553
message_update_queued_sent,1911,1.377676
message_update_queued_sent,1912,1.365523
message_update_queued_sent,1913,1.337792
message_update_queued_sent,1914,1.342507
message_update_queued_sent,1915,1.401652
message_update_queued_sent,1916,1.600008
message_update_queued_sent,1917,1.522320
message_update_queued_sent,1918,1.327467
message_update_queued_sent,1919,1.361794
message_update_queued_sent,1920,1.397193
message_update_queued_sent,1921,1.463085
message_update_queued_sent,1922,1.297197
message_update_queued_sent,1923,1.306729
message_update_queued_sent,1924,1.359106
message_update_queued_sent,1925,1.328680
message_update_queued_sent,1926,1.271850
message_update_queued_sent,1927,1.318929
message_update_queued_sent,1928,1.325516
message_update_queued_sent,1929,1.295756
message_update_queued_sent,1930,1.365841
message_update_queued_sent,1931,1.349292
message_update_queued_sent,1932,1.347741
message_update_queued_sent,1933,1.317422
message_update_queued_sent,1934,1.310198
message_update_queued_sent,1935,1.337921
message_update_queued_sent,1936,1.397552
message_update_queued_sent,1937,1.437016
message_update_queued_sent,1938,1.309792
message_update_queued_sent,1939,1.522428
message_update_queued_sent,1940,1.399404
message_update_queued_sent,1941,1.390986
message_update_queued_sent,1942,1.414845
message_update_queued_sent,1943,1.413175
message_update_queued_sent,1944,1.427206
message_update_queued_sent,1945,1.378097
message_update_queued_sent,1946,1.518504
message_update_queued_sent,1947,1.348431
message_update_queued_sent,1948,1.310205
message_update_queued_sent,1949,1.351538
message_update_queued_sent,1950,1.325249
message_update_queued_sent,1951,1.319823
message_update_queued_sent,1952,1.356087
message_update_queued_sent,1953,1.354671
message_update_queued_sent,1954,1.386614
message_update_queued_sent,1955,1.323559
message_update_queued_sent,1956,1.352079
message_update_queued_sent,1957,1.477564
message_update_queued_sent,1958,1.342519
message_update_queued_sent,1959,1.253105
message_update_queued_sent,1960,1.305550
message_update_queued_sent,1961,1.287068
message_update_queued_sent,1962,1.232962
message_update_queued_sent,1963,1.550479
message_update_queued_sent,1964,1.362256
message_update_queued_sent,1965,1.363695
message_update_queued_sent,1966,1.329140
message_update_queued_sent,1967,1.358596
message_update_queued_sent,1968,1.401221
message_update_queued_sent,1969,1.329475
message_update_queued_sent,1970,1.493319
message_update_queued_sent,1971,1.359561
message_update_queued_sent,1972,1.424396
message_update_queued_sent,1973,1.420563
message_update_queued_sent,1974,1.344883
message_update_queued_sent,1975,1.476754
message_update_queued_sent,1976,1.423915
message_update_queued_sent,1977,1.327866
message_update_queued_sent,1978,1.257611
message_update_queued_sent,1979,1.326490
message_update_queued_sent,1980,1.318648
message_update_queued_sent,1981,1.318432
message_update_queued_sent,1982,1.379945
message_update_queued_sent,1983,1.324796
message_update_queued_sent,1984,1.296269
message_update_queued_sent,1985,1.318512
message_update_queued_sent,1986,1.332775
message_update_queued_sent,1987,1.324526
message_update_queued_sent,1988,1.323490
message_update_queued_sent,1989,1.339667
message_update_queued_sent,1990,1.302359
message_update_queued_sent,1991,1.355671
message_update_queued_sent,1992,1.308609
message_update_queued_sent,1993,1.297319
message_update_queued_sent,1994,1.344565
message_update_queued_sent,1995,1.339541
message_update_queued_sent,1996,1.317775
message_update_queued_sent,1997,1.336347
message_update_queued_sent,1998,1.334802
message_update_queued_sent,1999,1.346625
message_delete_queued,0,3.475991
message_delete_queued,1,0.947291
message_delete_queued,2,0.872277
message_delete_queued,3,0.926372
message_delete_queued,4,0.878803
message_delete_queued,5,0.874238
message_delete_queued,6,0.559652
message_delete_queued,7,0.659808
message_delete_queued,8,0.568227
message_delete_queued,9,0.518638
message_delete_queued,10,0.599439
message_delete_queued,11,0.683271
message_delete_queued,12,0.544054
message_delete_queued,13,0.573764
message_delete_queued,14,0.602415
message_delete_queued,15,0.757129
message_delete_queued,16,0.636517
message_delete_queued,17,0.562484
message_delete_queued,18,0.522893
message_delete_queued,19,0.581985
message_delete_queued,20,0.550225
message_delete_queued,21,0.520989
message_delete_queued,22,0.481397
message_delete_queued,23,0.509929
message_delete_queued,24,0.657831
message_delete_queued,25,0.671540
message_delete_queued,26,0.607329
message_delete_queued,27,0.543233
message_delete_queued,28,0.555091
message_delete_queued,29,0.576610
message_delete_queued,30,0.547870
message_delete_queued,31,0.494203
message_delete_queued,32,0.600028
message_delete_queued,33,0.667757
message_delete_queued,34,0.684388
message_delete_queued,35,0.545445
message_delete_queued,36,0.602958
message_delete_queued,37,0.525878
message_delete_queued,38,0.598676
message_delete_queued,39,0.586560
message_delete_queued,40,0.543557
message_delete_queued,41,0.594736
message_delete_queued,42,0.523413
message_delete_queued,43,0.598842
message_delete_queued,44,0.574956
message_delete_queued,45,0.543176
message_delete_queued,46,0.517497
message_delete_queued,47,0.551843
message_delete_queued,48,0.678924
message_delete_queued,49,0.543532
message_delete_queued,50,0.547678
message_delete_queued,51,0.583635
message_delete_queued,52,0.562919
message_delete_queued,53,0.566139
message_delete_queued,54,0.547645
message_delete_queued,55,0.551523
message_delete_queued,56,0.551684
message_delete_queued,57,0.528886
message_delete_queued,58,0.539226
message_delete_queued,59,0.519049
message_delete_queued,60,0.586911
message_delete_queued,61,0.508029
message_delete_queued,62,0.544716
message_delete_queued,63,0.555830
message_delete_queued,64,0.517609
message_delete_queued,65,0.592045
message_delete_queued,66,0.518917
message_delete_queued,67,0.574213
message_delete_queued,68,0.506650
message_delete_queued,69,0.462969
message_delete_queued,70,0.492029
message_delete_queued,71,0.512033
message_delete_queued,72,0.465865
message_delete_queued,73,0.452504
message_delete_queued,74,0.483781
message_delete_queued,75,0.514916
message_delete_queued,76,0.527611
message_delete_queued,77,0.510416
message_delete_queued,78,0.430123
message_delete_queued,79,0.458797
message_delete_queued,80,0.442605
message_delete_queued,81,0.497780
message_delete_queued,82,0.428542
message_delete_queued,83,0.616237
message_delete_queued,84,0.684238
message_delete_queued,85,0.581957
message_delete_queued,86,0.586228
message_delete_queued,87,0.554085
message_delete_queued,88,0.544920
message_delete_queued,89,0.545330
message_delete_queued,90,0.534951
message_delete_queued,91,0.538548
message_delete_queued,92,0.503324
message_delete_queued,93,0.642740
message_delete_queued,94,0.560897
message_delete_queued,95,0.627363
message_delete_queued,96,0.581134
message_delete_queued,97,2.278834
message_delete_queued,98,0.889594
message_delete_queued,99,0.571446
message_delete_queued,100,0.597673
message_delete_queued,101,0.602052
message_delete_queued,102,0.579442
message_delete_queued,103,0.521414
message_delete_queued,104,0.517444
message_delete_queued,105,0.596709
message_delete_queued,106,0.545805
message_delete_queued,107,0.512859
message_delete_queued,108,0.563720
message_delete_queued,109,0.520019
message_delete_queued,110,0.562040
message_delete_queued,111,0.570302
message_delete_queued,112,0.510995
message_delete_queued,113,0.508056
message_delete_queued,114,0.502787
message_delete_queued,115,0.491171
message_delete_queued,116,0.528745
message_delete_queued,117,0.569622
message_delete_queued,118,0.507271
message_delete_queued,119,0.582338
message_delete_queued,120,0.558576
message_delete_queued,121,0.570047
message_delete_queued,122,0.681077
message_delete_queued,123,0.655940
message_delete_queued,124,0.792275
message_delete_queued,125,0.769369
message_delete_queued,126,0.721825
message_delete_queued,127,0.750717
message_delete_queued,128,0.634115
message_delete_queued,129,0.815404
message_delete_queued,130,0.950132
message_delete_queued,131,0.686423
message_delete_queued,132,0.706886
message_delete_queued,133,0.621615
message_delete_queued,134,0.689083
message_delete_queued,135,0.671254
message_delete_queued,136,0.848543
message_delete_queued,137,0.625843
message_delete_queued,138,0.590782
message_delete_queued,139,0.732349
message_delete_queued,140,0.646482
message_delete_queued,141,0.630080
message_delete_queued,142,0.623223
message_delete_queued,143,0.526441
message_delete_queued,144,0.546130
message_delete_queued,145,0.530343
message_delete_queued,146,0.550481
message_delete_queued,147,0.525026
message_delete_queued,148,0.520215
message_delete_queued,149,0.470610
message_delete_queued,150,0.532562
message_delete_queued,151,0.704871
message_delete_queued,152,0.661198
message_delete_queued,153,0.617899
message_delete_queued,154,0.626142
message_delete_queued,155,0.540195
message_delete_queued,156,0.661701
message_delete_queued,157,0.634519
message_delete_queued,158,0.567723
message_delete_queued,159,0.514708
message_delete_queued,160,0.515437
message_delete_queued,161,0.537312
message_delete_queued,162,0.511940
message_delete_queued,163,0.619852
message_delete_queued,164,0.551722
message_delete_queued,165,0.497237
message_delete_queued,166,0.567646
message_delete_queued,167,0.499040
message_delete_queued,168,0.551528
message_delete_queued,169,0.544973
message_delete_queued,170,0.530190
message_delete_queued,171,0.595143
message_delete_queued,172,0.659430
message_delete_queued,173,0.733418
message_delete_queued,174,0.693640
message_delete_queued,175,0.619019
message_delete_queued,176,0.756549
message_delete_queued,177,0.759829
message_delete_queued,178,0.699226
message_delete_queued,179,0.663318
message_delete_queued,180,0.753412
message_delete_queued,181,0.691749
message_delete_queued,182,0.652878
message_delete_queued,183,0.629608
message_delete_queued,184,0.676199
message_delete_queued,185,0.718627
message_delete_queued,186,0.730680
message_delete_queued,187,0.644315
message_delete_queued,188,0.672981
message_delete_queued,189,0.606080
message_delete_queued,190,0.626530
message_delete_queued,191,0.586174
message_delete_queued,192,0.667742
message_delete_queued,193,0.563958
message_delete_queued,194,0.601441
message_delete_queued,195,0.579793
message_delete_queued,196,0.542499
message_delete_queued,197,0.699845
message_delete_queued,198,0.626435
message_delete_queued,199,0.700714
message_delete_queued,200,0.602898
message_delete_queued,201,0.597366
message_delete_queued,202,0.601408
message_delete_queued,203,0.562520
message_delete_queued,204,0.620750
message_delete_queued,205,0.550958
message_delete_queued,206,0.513309
message_delete_queued,207,0.503708
message_delete_queued,208,0.706508
message_delete_queued,209,0.668457
message_delete_queued,210,0.603039
message_delete_queued,211,0.565864
message_delete_queued,212,0.563387
message_delete_queued,213,0.594105
message_delete_queued,214,0.553271
message_delete_queued,215,0.547353
message_delete_queued,216,0.576254
message_delete_queued,217,0.544880
message_delete_queued,218,0.594372
message_delete_queued,219,0.559082
message_delete_queued,220,0.576177
message_delete_queued,221,0.574472
message_delete_queued,222,0.512616
message_delete_queued,223,0.555263
message_delete_queued,224,0.559771
message_delete_queued,225,0.529194
message_delete_queued,226,0.553038
message_delete_queued,227,0.570072
message_delete_queued,228,0.547344
message_delete_queued,229,0.528406
message_delete_queued,230,0.558502
message_delete_queued,231,0.616190
message_delete_queued,232,0.617820
message_delete_queued,233,0.731138
message_delete_queued,234,0.815230
message_delete_queued,235,0.690619
message_delete_queued,236,1.209119
message_delete_queued,237,0.696955
message_delete_queued,238,0.730229
message_delete_queued,239,0.710163
message_delete_queued,240,0.745830
message_delete_queued,241,0.772724
message_delete_queued,242,0.752343
message_delete_queued,243,0.606544
message_delete_queued,244,0.647619
message_delete_queued,245,0.565535
message_delete_queued,246,0.718294
message_delete_queued,247,0.725225
message_delete_queued,248,0.665811
message_delete_queued,249,0.588710
message_delete_queued,250,0.673982
message_delete_queued,251,0.693368
message_delete_queued,252,0.589877
message_delete_queued,253,0.807201
message_delete_queued,254,0.676498
message_delete_queued,255,0.601276
message_delete_queued,256,0.570884
message_delete_queued,257,0.720289
message_delete_queued,258,0.575517
message_delete_queued,259,0.577697
message_delete_queued,260,0.724022
message_delete_queued,261,0.768640
message_delete_queued,262,0.557643
message_delete_queued,263,0.593299
message_delete_queued,264,0.496235
message_delete_queued,265,0.531063
message_delete_queued,266,0.492944
message_delete_queued,267,0.535285
message_delete_queued,268,0.706080
message_delete_queued,269,0.754554
message_delete_queued,270,0.973410
message_delete_queued,271,1.022782
message_delete_queued,272,0.925429
message_delete_queued,273,2.109191
message_delete_queued,274,0.714456
message_delete_queued,275,0.774002
message_delete_queued,276,0.815605
message_delete_queued,277,0.762823
message_delete_queued,278,0.685432
message_delete_queued,279,0.841532
message_delete_queued,280,0.757815
message_delete_queued,281,0.689259
message_delete_queued,282,0.702334
message_delete_queued,283,0.561184
message_delete_queued,284,0.574384
message_delete_queued,285,0.685401
message_delete_queued,286,0.636558
message_delete_queued,287,0.656883
message_delete_queued,288,0.741152
message_delete_queued,289,0.608225
message_delete_queued,290,0.663072
message_delete_queued,291,0.602040
message_delete_queued,292,0.578137
message_delete_queued,293,0.491257
message_delete_queued,294,0.505072
message_delete_queued,295,0.548664
message_delete_queued,296,0.554574
message_delete_queued,297,0.572328
message_delete_queued,298,0.625725
message_delete_queued,299,0.600524
message_delete_queued,300,0.612172
message_delete_queued,301,0.983619
message_delete_queued,302,0.695499
message_delete_queued,303,0.769288
message_delete_queued,304,1.332917
message_delete_queued,305,0.749426
message_delete_queued,306,0.816453
message_delete_queued,307,0.890995
message_delete_queued,308,1.196948
message_delete_queued,309,0.920431
message_delete_queued,310,0.567167
message_delete_queued,311,0.589179
message_delete_queued,312,0.597200
message_delete_queued,313,0.589194
message_delete_queued,314,0.533959
message_delete_queued,315,0.525986
message_delete_queued,316,0.538279
message_delete_queued,317,0.563548
message_delete_queued,318,0.529878
message_delete_queued,319,0.502078
message_delete_queued,320,0.540190
message_delete_queued,321,0.696923
message_delete_queued,322,0.519239
message_delete_queued,323,0.505528
message_delete_queued,324,0.505015
message_delete_queued,325,0.520527
message_delete_queued,326,0.466160
message_delete_queued,327,0.562571
message_delete_queued,328,0.492523
message_delete_queued,329,0.515530
message_delete_queued,330,0.502277
message_delete_queued,331,0.620742
message_delete_queued,332,0.525975
message_delete_queued,333,0.497422
message_delete_queued,334,0.475391
message_delete_queued,335,0.518267
message_delete_queued,336,0.543876
message_delete_queued,337,0.486380
message_delete_queued,338,0.585972
message_delete_queued,339,0.497952
message_delete_queued,340,0.516672
message_delete_queued,341,0.483918
message_delete_queued,342,0.500592
message_delete_queued,343,0.536763
message_delete_queued,344,0.532133
message_delete_queued,345,0.489397
message_delete_queued,346,0.527249
message_delete_queued,347,0.559950
message_delete_queued,348,0.477253
message_delete_queued,349,0.505783
message_delete_queued,350,0.499835
message_delete_queued,351,0.542659
message_delete_queued,352,0.524353
message_delete_queued,353,0.500791
message_delete_queued,354,0.533172
message_delete_queued,355,0.536906
message_delete_queued,356,0.554766
message_delete_queued,357,0.518307
message_delete_queued,358,0.581685
message_delete_queued,359,0.559403
message_delete_queued,360,0.580862
message_delete_queued,361,0.544543
message_delete_queued,362,0.487365
message_delete_queued,363,0.610248
message_delete_queued,364,0.539410
message_delete_queued,365,0.594241
message_delete_queued,366,0.512851
message_delete_queued,367,0.422245
message_delete_queued,368,0.585875
message_delete_queued,369,0.523154
message_delete_queued,370,0.516172
message_delete_queued,371,0.477543
message_delete_queued,372,0.521962
message_delete_queued,373,0.485731
message_delete_queued,374,0.548609
message_delete_queued,375,0.599822
message_delete_queued,376,0.496967
message_delete_queued,377,0.472774
message_delete_queued,378,0.526565
message_delete_queued,379,0.547193
message_delete_queued,380,0.472051
message_delete_queued,381,0.513766
message_delete_queued,382,0.500300
message_delete_queued,383,0.527860
message_delete_queued,384,0.501069
message_delete_queued,385,0.530398
message_delete_queued,386,0.539326
message_delete_queued,387,1.126910
message_delete_queued,388,0.630365
message_delete_queued,389,0.570830
message_delete_queued,390,0.525898
message_delete_queued,391,0.604288
message_delete_queued,392,0.602430
message_delete_queued,393,0.545157
message_delete_queued,394,0.662113
message_delete_queued,395,0.594341
message_delete_queued,396,0.531661
message_delete_queued,397,0.514179
message_delete_queued,398,0.525656
message_delete_queued,399,0.652370
message_delete_queued,400,0.587241
message_delete_queued,401,0.590199
message_delete_queued,402,0.532722
message_delete_queued,403,0.583961
message_delete_queued,404,0.611117
message_delete_queued,405,0.515688
message_delete_queued,406,0.630200
message_delete_queued,407,2.974586
message_delete_queued,408,0.594055
message_delete_queued,409,0.493639
message_delete_queued,410,0.433277
message_delete_queued,411,0.561843
message_delete_queued,412,0.597282
message_delete_queued,413,0.570384
message_delete_queued,414,0.590601
message_delete_queued,415,0.560384
message_delete_queued,416,0.564761
message_delete_queued,417,0.569801
message_delete_queued,418,0.535456
message_delete_queued,419,0.528357
message_delete_queued,420,0.497170
message_delete_queued,421,0.616086
message_delete_queued,422,0.590616
message_delete_queued,423,0.493859
message_delete_queued,424,0.561932
message_delete_queued,425,0.521182
message_delete_queued,426,0.525593
message_delete_queued,427,0.606661
message_delete_queued,428,0.518832
message_delete_queued,429,0.569196
message_delete_queued,430,0.799986
message_delete_queued,431,0.571498
message_delete_queued,432,0.497662
message_delete_queued,433,0.589408
message_delete_queued,434,0.518630
message_delete_queued,435,0.674737
message_delete_queued,436,0.624332
message_delete_queued,437,0.567107
message_delete_queued,438,0.542398
message_delete_queued,439,0.563832
message_delete_queued,440,0.558787
message_delete_queued,441,0.517841
message_delete_queued,442,0.474062
message_delete_queued,443,0.649677
message_delete_queued,444,0.550364
message_delete_queued,445,0.517973
message_delete_queued,446,0.534997
message_delete_queued,447,0.510620
message_delete_queued,448,0.472697
message_delete_queued,449,0.607004
message_delete_queued,450,0.626948
message_delete_queued,451,0.592106
message_delete_queued,452,0.571967
message_delete_queued,453,0.625042
message_delete_queued,454,0.536014
message_delete_queued,455,0.486131
message_delete_queued,456,0.595315
message_delete_queued,457,0.566000
message_delete_queued,458,0.600864
message_delete_queued,459,0.495969
message_delete_queued,460,0.509914
message_delete_queued,461,0.485700
message_delete_queued,462,0.638224
message_delete_queued,463,0.604724
message_delete_queued,464,0.542305
message_delete_queued,465,0.585934
message_delete_queued,466,0.549531
message_delete_queued,467,0.567126
message_delete_queued,468,0.564917
message_delete_queued,469,0.521774
message_delete_queued,470,0.556465
message_delete_queued,471,0.562521
message_delete_queued,472,0.614555
message_delete_queued,473,0.559453
message_delete_queued,474,0.526072
message_delete_queued,475,0.510541
message_delete_queued,476,0.537083
message_delete_queued,477,0.534133
message_delete_queued,478,0.549958
message_delete_queued,479,0.533547
message_delete_queued,480,0.502075
message_delete_queued,481,0.630057
message_delete_queued,482,0.505934
message_delete_queued,483,0.553670
message_delete_queued,484,0.549656
message_delete_queued,485,0.521235
message_delete_queued,486,0.579705
message_delete_queued,487,0.546530
message_delete_queued,488,0.643613
message_delete_queued,489,0.658103
message_delete_queued,490,0.637883
message_delete_queued,491,0.689339
message_delete_queued,492,0.688011
message_delete_queued,493,0.628843
message_delete_queued,494,0.679342
message_delete_queued,495,0.660029
message_delete_queued,496,0.588735
message_delete_queued,497,0.567131
message_delete_queued,498,0.496923
message_delete_queued,499,0.545180
message_delete_queued,500,0.603357
message_delete_queued,501,0.558353
message_delete_queued,502,0.558371
message_delete_queued,503,0.622513
message_delete_queued,504,0.557725
message_delete_queued,505,0.572470
message_delete_queued,506,0.580939
message_delete_queued,507,0.543111
message_delete_queued,508,0.522943
message_delete_queued,509,0.518574
message_delete_queued,510,0.722265
message_delete_queued,511,0.592849
message_delete_queued,512,0.556312
message_delete_queued,513,0.615595
message_delete_queued,514,0.548331
message_delete_queued,515,0.604526
message_delete_queued,516,0.566051
message_delete_queued,517,0.720362
message_delete_queued,518,0.627902
message_delete_queued,519,0.607982
message_delete_queued,520,0.549564
message_delete_queued,521,0.512490
message_delete_queued,522,0.592672
message_delete_queued,523,0.595116
message_delete_queued,524,0.566268
message_delete_queued,525,0.555973
message_delete_queued,526,0.532483
message_delete_queued,527,0.536826
message_delete_queued,528,0.673682
message_delete_queued,529,0.603914
message_delete_queued,530,0.549110
message_delete_queued,531,0.582386
message_delete_queued,532,0.568574
message_delete_queued,533,0.644123
message_delete_queued,534,0.670979
message_delete_queued,535,0.605498
message_delete_queued,536,0.597405
message_delete_queued,537,0.659923
message_delete_queued,538,0.551206
message_delete_queued,539,0.650136
message_delete_queued,540,0.676065
message_delete_queued,541,0.547072
message_delete_queued,542,0.517542
message_delete_queued,543,0.533119
message_delete_queued,544,0.482686
message_delete_queued,545,0.538450
message_delete_queued,546,0.577234
message_delete_queued,547,0.491823
message_delete_queued,548,0.520800
message_delete_queued,549,0.566361
message_delete_queued,550,0.524594
message_delete_queued,551,0.567934
message_delete_queued,552,0.574546
message_delete_queued,553,0.654432
message_delete_queued,554,0.561428
message_delete_queued,555,0.642189
message_delete_queued,556,0.576528
message_delete_queued,557,0.500712
message_delete_queued,558,0.486413
message_delete_queued,559,0.597921
message_delete_queued,560,0.523115
message_delete_queued,561,0.553349
message_delete_queued,562,0.627399
message_delete_queued,563,0.651228
message_delete_queued,564,0.535596
message_delete_queued,565,0.576277
message_delete_queued,566,0.519025
message_delete_queued,567,0.520444
message_delete_queued,568,0.979373
message_delete_queued,569,0.568118
message_delete_queued,570,0.535500
message_delete_queued,571,0.557927
message_delete_queued,572,0.595024
message_delete_queued,573,0.630142
message_delete_queued,574,0.595501
message_delete_queued,575,0.622069
message_delete_queued,576,0.625846
message_delete_queued,577,0.547758
message_delete_queued,578,0.592338
message_delete_queued,579,0.568345
message_delete_queued,580,0.556305
message_delete_queued,581,0.661482
message_delete_queued,582,0.566142
message_delete_queued,583,0.602249
message_delete_queued,584,0.547687
message_delete_queued,585,0.543412
message_delete_queued,586,0.578234
message_delete_queued,587,0.559509
message_delete_queued,588,0.532391
message_delete_queued,589,0.579882
message_delete_queued,590,0.576700
message_delete_queued,591,0.614459
message_delete_queued,592,0.531692
message_delete_queued,593,0.545289
message_delete_queued,594,0.585288
message_delete_queued,595,0.627424
message_delete_queued,596,0.594520
message_delete_queued,597,0.598191
message_delete_queued,598,0.660227
message_delete_queued,599,0.504168
message_delete_queued,600,0.531453
message_delete_queued,601,0.528324
message_delete_queued,602,0.626033
message_delete_queued,603,0.602301
message_delete_queued,604,0.572188
message_delete_queued,605,0.544388
message_delete_queued,606,0.633205
message_delete_queued,607,0.557078
message_delete_queued,608,0.683643
message_delete_queued,609,0.657294
message_delete_queued,610,0.606963
message_delete_queued,611,0.520176
message_delete_queued,612,0.571571
message_delete_queued,613,0.566395
message_delete_queued,614,0.580828
message_delete_queued,615,0.538689
message_delete_queued,616,0.549964
message_delete_queued,617,0.538654
message_delete_queued,618,0.603711
message_delete_queued,619,0.604534
message_delete_queued,620,0.568513
message_delete_queued,621,0.649475
message_delete_queued,622,0.561317
message_delete_queued,623,0.575715
message_delete_queued,624,0.568940
message_delete_queued,625,0.662340
message_delete_queued,626,0.653349
message_delete_queued,627,0.607865
message_delete_queued,628,0.571151
message_delete_queued,629,0.590546
message_delete_queued,630,0.514853
message_delete_queued,631,0.542581
message_delete_queued,632,0.549972
message_delete_queued,633,0.592119
message_delete_queued,634,0.522267
message_delete_queued,635,0.509101
message_delete_queued,636,0.575174
message_delete_queued,637,0.573184
message_delete_queued,638,0.611826
message_delete_queued,639,0.602745
message_delete_queued,640,0.540344
message_delete_queued,641,0.605928
message_delete_queued,642,0.570283
message_delete_queued,643,0.515410
message_delete_queued,644,0.598338
message_delete_queued,645,0.652922
message_delete_queued,646,0.558599
message_delete_queued,647,0.541210
message_delete_queued,648,0.509767
message_delete_queued,649,0.488590
message_delete_queued,650,0.675967
message_delete_queued,651,0.597181
message_delete_queued,652,0.622094
message_delete_queued,653,0.614481
message_delete_queued,654,0.537222
message_delete_queued,655,0.518100
message_delete_queued,656,0.496334
message_delete_queued,657,0.542685
message_delete_queued,658,0.532025
message_delete_queued,659,0.519485
message_delete_queued,660,0.544373
message_delete_queued,661,0.548107
message_delete_queued,662,0.537974
message_delete_queued,663,0.570313
message_delete_queued,664,0.488916
message_delete_queued,665,0.635089
message_delete_queued,666,0.604295
message_delete_queued,667,0.615583
message_delete_queued,668,0.550482
message_delete_queued,669,0.573100
message_delete_queued,670,0.511443
message_delete_queued,671,0.476029
message_delete_queued,672,0.639051
message_delete_queued,673,0.564767
message_delete_queued,674,0.605448
message_delete_queued,675,0.525667
message_delete_queued,676,0.658161
message_delete_queued,677,0.641028
message_delete_queued,678,0.548183
message_delete_queued,679,0.538918
message_delete_queued,680,0.548573
message_delete_queued,681,0.573588
message_delete_queued,682,0.604289
message_delete_queued,683,0.537746
message_delete_queued,684,0.569837
message_delete_queued,685,0.538490
message_delete_queued,686,0.504707
message_delete_queued,687,0.639149
message_delete_queued,688,0.627642
message_delete_queued,689,0.588255
message_delete_queued,690,0.562840
message_delete_queued,691,0.568827
message_delete_queued,692,0.549180
message_delete_queued,693,0.558929
message_delete_queued,694,0.588199
message_delete_queued,695,0.543199
message_delete_queued,696,0.573579
message_delete_queued,697,0.550679
message_delete_queued,698,0.529204
message_delete_queued,699,0.580263
message_delete_queued,700,0.525865
message_delete_queued,701,0.571281
message_delete_queued,702,0.572564
message_delete_queued,703,0.603818
message_delete_queued,704,0.577980
message_delete_queued,705,0.561038
message_delete_queued,706,0.585063
message_delete_queued,707,0.571041
message_delete_queued,708,0.575902
message_delete_queued,709,0.558392
message_delete_queued,710,0.557845
message_delete_queued,711,0.608835
message_delete_queued,712,0.530590
message_delete_queued,713,0.570206
message_delete_queued,714,0.568262
message_delete_queued,715,0.559126
message_delete_queued,716,0.534174
message_delete_queued,717,0.542329
message_delete_queued,718,0.561079
message_delete_queued,719,0.598449
message_delete_queued,720,0.556697
message_delete_queued,721,0.531498
message_delete_queued,722,0.509230
message_delete_queued,723,0.538293
message_delete_queued,724,0.616571
message_delete_queued,725,0.600151
message_delete_queued,726,0.577285
message_delete_queued,727,0.560920
message_delete_queued,728,0.509373
message_delete_queued,729,0.502311
message_delete_queued,730,0.485159
message_delete_queued,731,0.656568
message_delete_queued,732,0.594221
message_delete_queued,733,0.583092
message_delete_queued,734,0.572646
message_delete_queued,735,0.587026
message_delete_queued,736,0.583682
message_delete_queued,737,0.538214
message_delete_queued,738,0.504806
message_delete_queued,739,0.633882
message_delete_queued,740,0.622813
message_delete_queued,741,1.276201
message_delete_queued,742,0.609843
message_delete_queued,743,1.439200
message_delete_queued,744,0.594613
message_delete_queued,745,0.545327
message_delete_queued,746,0.557784
message_delete_queued,747,0.563093
message_delete_queued,748,0.485428
message_delete_queued,749,0.534517
message_delete_queued,750,0.533478
message_delete_queued,751,0.665634
message_delete_queued,752,0.646730
message_delete_queued,753,0.546864
message_delete_queued,754,0.579017
message_delete_queued,755,0.603410
message_delete_queued,756,0.546437
message_delete_queued,757,0.578795
message_delete_queued,758,0.566725
message_delete_queued,759,0.660056
message_delete_queued,760,0.569859
message_delete_queued,761,0.614896
message_delete_queued,762,0.550602
message_delete_queued,763,0.619776
message_delete_queued,764,0.586422
message_delete_queued,765,0.569682
message_delete_queued,766,0.620887
message_delete_queued,767,0.660260
message_delete_queued,768,0.545883
message_delete_queued,769,0.653892
message_delete_queued,770,0.638790
message_delete_queued,771,0.628892
message_delete_queued,772,0.581692
message_delete_queued,773,0.598642
message_delete_queued,774,0.648156
message_delete_queued,775,0.599146
message_delete_queued,776,0.580697
message_delete_queued,777,0.560394
message_delete_queued,778,0.555089
message_delete_queued,779,0.547861
message_delete_queued,780,0.539740
message_delete_queued,781,0.491383
message_delete_queued,782,0.650402
message_delete_queued,783,0.584208
message_delete_queued,784,0.576710
message_delete_queued,785,0.582264
message_delete_queued,786,0.576260
message_delete_queued,787,0.658836
message_delete_queued,788,0.580765
message_delete_queued,789,0.650790
message_delete_queued,790,0.614585
message_delete_queued,791,0.587926
message_delete_queued,792,0.575425
message_delete_queued,793,0.525142
message_delete_queued,794,0.551427
message_delete_queued,795,0.652784
message_delete_queued,796,0.566805
message_delete_queued,797,0.539834
message_delete_queued,798,0.552218
message_delete_queued,799,0.590343
message_delete_queued,800,0.569610
message_delete_queued,801,0.514075
message_delete_queued,802,0.521138
message_delete_queued,803,0.616440
message_delete_queued,804,0.696711
message_delete_queued,805,0.611048
message_delete_queued,806,0.543176
message_delete_queued,807,0.650063
message_delete_queued,808,0.599163
message_delete_queued,809,0.604057
message_delete_queued,810,0.661860
message_delete_queued,811,0.585792
message_delete_queued,812,0.599610
message_delete_queued,813,0.635980
message_delete_queued,814,0.518830
message_delete_queued,815,0.657189
message_delete_queued,816,0.464664
message_delete_queued,817,0.470878
message_delete_queued,818,0.509604
message_delete_queued,819,0.590092
message_delete_queued,820,0.738757
message_delete_queued,821,0.523581
message_delete_queued,822,0.589720
message_delete_queued,823,0.562355
message_delete_queued,824,0.503523
message_delete_queued,825,0.567613
message_delete_queued,826,0.615071
message_delete_queued,827,0.567310
message_delete_queued,828,0.539778
message_delete_queued,829,0.497312
message_delete_queued,830,0.485949
message_delete_queued,831,0.642440
message_delete_queued,832,0.583160
message_delete_queued,833,0.540189
message_delete_queued,834,0.675070
message_delete_queued,835,0.577315
message_delete_queued,836,0.507186
message_delete_queued,837,0.624174
message_delete_queued,838,0.606713
message_delete_queued,839,0.571739
message_delete_queued,840,0.521182
message_delete_queued,841,0.581110
message_delete_queued,842,0.590864
message_delete_queued,843,0.609323
message_delete_queued,844,0.581024
message_delete_queued,845,0.547296
message_delete_queued,846,0.524711
message_delete_queued,847,0.573067
message_delete_queued,848,0.575708
message_delete_queued,849,0.552813
message_delete_queued,850,0.538740
message_delete_queued,851,0.551527
message_delete_queued,852,0.475519
message_delete_queued,853,0.631743
message_delete_queued,854,0.608499
message_delete_queued,855,0.564529
message_delete_queued,856,0.556067
message_delete_queued,857,0.571116
message_delete_queued,858,0.561611
message_delete_queued,859,0.640126
message_delete_queued,860,0.554560
message_delete_queued,861,0.585252
message_delete_queued,862,0.511958
message_delete_queued,863,0.568844
message_delete_queued,864,0.614296
message_delete_queued,865,0.506450
message_delete_queued,866,0.526880
message_delete_queued,867,0.614234
message_delete_queued,868,0.596804
message_delete_queued,869,0.662192
message_delete_queued,870,0.555890
message_delete_queued,871,0.600893
message_delete_queued,872,0.570871
message_delete_queued,873,0.507024
message_delete_queued,874,0.603170
message_delete_queued,875,0.748868
message_delete_queued,876,0.550705
message_delete_queued,877,0.516887
message_delete_queued,878,0.561296
message_delete_queued,879,0.601393
message_delete_queued,880,0.584494
message_delete_queued,881,0.623257
message_delete_queued,882,0.534078
message_delete_queued,883,0.669362
message_delete_queued,884,0.651078
message_delete_queued,885,0.634027
message_delete_queued,886,0.566519
message_delete_queued,887,0.584251
message_delete_queued,888,0.552689
message_delete_queued,889,0.561827
message_delete_queued,890,0.551888
message_delete_queued,891,0.597520
message_delete_queued,892,0.538978
message_delete_queued,893,0.541152
message_delete_queued,894,0.680265
message_delete_queued,895,0.555144
message_delete_queued,896,0.473300
message_delete_queued,897,0.523807
message_delete_queued,898,0.563357
message_delete_queued,899,0.576035
message_delete_queued,900,0.481011
message_delete_queued,901,0.531829
message_delete_queued,902,0.462489
message_delete_queued,903,0.505728
message_delete_queued,904,0.503534
message_delete_queued,905,0.442288
message_delete_queued,906,0.408247
message_delete_queued,907,0.423438
message_delete_queued,908,0.487962
message_delete_queued,909,0.469635
message_delete_queued,910,0.466486
message_delete_queued,911,0.565117
message_delete_queued,912,0.562666
message_delete_queued,913,0.562158
message_delete_queued,914,0.501592
message_delete_queued,915,0.649973
message_delete_queued,916,0.578819
message_delete_queued,917,0.586652
message_delete_queued,918,0.607147
message_delete_queued,919,0.564918
message_delete_queued,920,0.523500
message_delete_queued,921,0.549777
message_delete_queued,922,0.507058
message_delete_queued,923,0.603015
message_delete_queued,924,0.582718
message_delete_queued,925,0.508551
message_delete_queued,926,0.669645
message_delete_queued,927,0.552473
message_delete_queued,928,0.584756
message_delete_queued,929,0.512997
message_delete_queued,930,0.594317
message_delete_queued,931,0.619290
message_delete_queued,932,0.572145
message_delete_queued,933,0.509378
message_delete_queued,934,0.501266
message_delete_queued,935,0.563231
message_delete_queued,936,0.568540
message_delete_queued,937,0.581463
message_delete_queued,938,0.575942
message_delete_queued,939,0.527813
message_delete_queued,940,0.512651
message_delete_queued,941,0.516008
message_delete_queued,942,0.541619
message_delete_queued,943,0.523848
message_delete_queued,944,0.537857
message_delete_queued,945,0.541042
message_delete_queued,946,0.582388
message_delete_queued,947,0.521943
message_delete_queued,948,0.499161
message_delete_queued,949,0.567770
message_delete_queued,950,0.557188
message_delete_queued,951,0.580747
message_delete_queued,952,0.504250
message_delete_queued,953,0.613086
message_delete_queued,954,0.547671
message_delete_queued,955,0.531893
message_delete_queued,956,0.618923
message_delete_queued,957,0.506363
message_delete_queued,958,0.586749
message_delete_queued,959,0.546748
message_delete_queued,960,0.539955
message_delete_queued,961,0.512340
message_delete_queued,962,0.561759
message_delete_queued,963,0.547252
message_delete_queued,964,0.546235
message_delete_queued,965,0.589937
message_delete_queued,966,0.546740
message_delete_queued,967,0.522548
message_delete_queued,968,0.554895
message_delete_queued,969,0.521584
message_delete_queued,970,0.580989
message_delete_queued,971,0.504359
message_delete_queued,972,0.566945
message_delete_queued,973,0.592193
message_delete_queued,974,0.588797
message_delete_queued,975,0.620633
message_delete_queued,976,0.573283
message_delete_queued,977,0.577326
message_delete_queued,978,0.525114
message_delete_queued,979,0.563891
message_delete_queued,980,0.528890
message_delete_queued,981,0.622869
message_delete_queued,982,0.558932
message_delete_queued,983,0.484528
message_delete_queued,984,0.533980
message_delete_queued,985,0.530750
message_delete_queued,986,0.556109
message_delete_queued,987,0.491432
message_delete_queued,988,0.516270
message_delete_queued,989,0.577534
message_delete_queued,990,0.500930
message_delete_queued,991,0.519261
message_delete_queued,992,0.510652
message_delete_queued,993,0.612970
message_delete_queued,994,0.573724
message_delete_queued,995,0.583354
message_delete_queued,996,0.546382
message_delete_queued,997,0.572676
message_delete_queued,998,0.557229
message_delete_queued,999,0.513691
message_delete_queued,1000,0.560694
message_delete_queued,1001,0.489187
message_delete_queued,1002,0.511627
message_delete_queued,1003,0.617721
message_delete_queued,1004,0.537441
message_delete_queued,1005,0.511872
message_delete_queued,1006,0.514087
message_delete_queued,1007,0.569607
message_delete_queued,1008,0.475838
message_delete_queued,1009,0.541706
message_delete_queued,1010,0.499311
message_delete_queued,1011,0.545801
message_delete_queued,1012,0.526182
message_delete_queued,1013,0.530257
message_delete_queued,1014,0.500348
message_delete_queued,1015,0.490715
message_delete_queued,1016,0.525694
message_delete_queued,1017,0.533901
message_delete_queued,1018,0.543399
message_delete_queued,1019,0.508890
message_delete_queued,1020,0.574634
message_delete_queued,1021,0.561432
message_delete_queued,1022,0.569672
message_delete_queued,1023,0.504823
message_delete_queued,1024,0.534609
message_delete_queued,1025,0.486818
message_delete_queued,1026,0.537408
message_delete_queued,1027,0.544560
message_delete_queued,1028,0.558814
message_delete_queued,1029,0.556102
message_delete_queued,1030,0.551828
message_delete_queued,1031,0.558745
message_delete_queued,1032,0.516760
message_delete_queued,1033,0.574137
message_delete_queued,1034,0.579311
message_delete_queued,1035,0.512383
message_delete_queued,1036,0.574956
message_delete_queued,1037,0.517489
message_delete_queued,1038,0.577147
message_delete_queued,1039,0.615516
message_delete_queued,1040,0.524868
message_delete_queued,1041,0.698395
message_delete_queued,1042,0.539400
message_delete_queued,1043,0.527276
message_delete_queued,1044,0.514688
message_delete_queued,1045,0.556443
message_delete_queued,1046,0.507114
message_delete_queued,1047,0.497956
message_delete_queued,1048,0.575501
message_delete_queued,1049,0.512021
message_delete_queued,1050,0.517392
message_delete_queued,1051,0.549033
message_delete_queued,1052,0.577273
message_delete_queued,1053,0.546454
message_delete_queued,1054,0.541810
message_delete_queued,1055,0.542822
message_delete_queued,1056,0.512510
message_delete_queued,1057,0.610254
message_delete_queued,1058,0.513462
message_delete_queued,1059,0.509545
message_delete_queued,1060,0.462389
message_delete_queued,1061,0.504843
message_delete_queued,1062,0.507755
message_delete_queued,1063,0.485770
message_delete_queued,1064,0.432479
message_delete_queued,1065,0.450594
message_delete_queued,1066,0.463259
message_delete_queued,1067,0.535905
message_delete_queued,1068,0.544674
message_delete_queued,1069,0.533742
message_delete_queued,1070,0.490044
message_delete_queued,1071,0.500335
message_delete_queued,1072,0.553587
message_delete_queued,1073,0.517248
message_delete_queued,1074,0.504842
message_delete_queued,1075,0.535768
message_delete_queued,1076,0.580879
message_delete_queued,1077,0.525933
message_delete_queued,1078,0.595325
message_delete_queued,1079,0.573038
message_delete_queued,1080,0.545254
message_delete_queued,1081,0.549453
message_delete_queued,1082,0.525555
message_delete_queued,1083,0.640336
message_delete_queued,1084,0.559201
message_delete_queued,1085,1.512488
message_delete_queued,1086,1.949133
message_delete_queued,1087,0.592667
message_delete_queued,1088,0.522648
message_delete_queued,1089,0.590811
message_delete_queued,1090,0.532239
message_delete_queued,1091,0.532586
message_delete_queued,1092,0.504527
message_delete_queued,1093,0.724415
message_delete_queued,1094,0.499570
message_delete_queued,1095,0.483346
message_delete_queued,1096,0.614450
message_delete_queued,1097,0.490417
message_delete_queued,1098,0.541519
message_delete_queued,1099,0.633772
message_delete_queued,1100,0.550254
message_delete_queued,1101,0.531327
message_delete_queued,1102,0.493148
message_delete_queued,1103,0.518982
message_delete_queued,1104,0.522103
message_delete_queued,1105,0.480912
message_delete_queued,1106,0.508133
message_delete_queued,1107,0.578745
message_delete_queued,1108,0.569257
message_delete_queued,1109,0.529332
message_delete_queued,1110,0.481663
message_delete_queued,1111,0.519605
message_delete_queued,1112,0.546189
message_delete_queued,1113,0.527842
message_delete_queued,1114,0.552987
message_delete_queued,1115,0.563832
message_delete_queued,1116,0.582438
message_delete_queued,1117,0.551964
message_delete_queued,1118,0.537729
message_delete_queued,1119,0.509901
message_delete_queued,1120,0.568716
message_delete_queued,1121,0.518812
message_delete_queued,1122,0.494983
message_delete_queued,1123,0.554130
message_delete_queued,1124,0.516157
message_delete_queued,1125,0.578338
message_delete_queued,1126,0.504866
message_delete_queued,1127,0.560949
message_delete_queued,1128,0.545706
message_delete_queued,1129,0.518848
message_delete_queued,1130,0.677515
message_delete_queued,1131,0.592826
message_delete_queued,1132,0.610016
message_delete_queued,1133,0.603677
message_delete_queued,1134,0.529469
message_delete_queued,1135,0.513710
message_delete_queued,1136,0.528979
message_delete_queued,1137,0.561369
message_delete_queued,1138,0.656986
message_delete_queued,1139,0.609658
message_delete_queued,1140,0.641950
message_delete_queued,1141,0.589151
message_delete_queued,1142,0.523740
message_delete_queued,1143,0.495669
message_delete_queued,1144,0.535730
message_delete_queued,1145,0.549678
message_delete_queued,1146,0.517459
message_delete_queued,1147,0.468501
message_delete_queued,1148,0.456791
message_delete_queued,1149,0.524840
message_delete_queued,1150,0.500681
message_delete_queued,1151,0.508912
message_delete_queued,1152,0.451680
message_delete_queued,1153,0.640083
message_delete_queued,1154,0.532817
message_delete_queued,1155,0.570840
message_delete_queued,1156,0.555535
message_delete_queued,1157,0.500697
message_delete_queued,1158,0.556503
message_delete_queued,1159,0.461616
message_delete_queued,1160,0.547543
message_delete_queued,1161,0.538339
message_delete_queued,1162,0.538278
message_delete_queued,1163,0.511107
message_delete_queued,1164,0.569419
message_delete_queued,1165,0.521063
message_delete_queued,1166,0.521667
message_delete_queued,1167,0.661791
message_delete_queued,1168,0.554978
message_delete_queued,1169,0.591710
message_delete_queued,1170,0.545673
message_delete_queued,1171,0.531208
message_delete_queued,1172,0.628118
message_delete_queued,1173,0.581784
message_delete_queued,1174,0.597721
message_delete_queued,1175,0.546784
message_delete_queued,1176,0.542656
message_delete_queued,1177,0.581482
message_delete_queued,1178,0.516583
message_delete_queued,1179,0.727977
message_delete_queued,1180,0.544506
message_delete_queued,1181,0.543011
message_delete_queued,1182,0.796879
message_delete_queued,1183,0.611288
message_delete_queued,1184,0.647019
message_delete_queued,1185,0.606584
message_delete_queued,1186,0.658044
message_delete_queued,1187,0.561069
message_delete_queued,1188,0.577080
message_delete_queued,1189,0.514371
message_delete_queued,1190,0.511648
message_delete_queued,1191,0.643769
message_delete_queued,1192,0.585477
message_delete_queued,1193,0.595503
message_delete_queued,1194,0.615211
message_delete_queued,1195,0.619894
message_delete_queued,1196,0.530185
message_delete_queued,1197,0.526273
message_delete_queued,1198,0.533114
message_delete_queued,1199,0.531954
message_delete_queued,1200,0.524941
message_delete_queued,1201,0.500340
message_delete_queued,1202,0.505602
message_delete_queued,1203,0.656162
message_delete_queued,1204,0.575685
message_delete_queued,1205,0.500237
message_delete_queued,1206,0.477286
message_delete_queued,1207,0.538496
message_delete_queued,1208,0.574037
message_delete_queued,1209,0.522798
message_delete_queued,1210,0.521095
message_delete_queued,1211,0.614493
message_delete_queued,1212,0.589481
message_delete_queued,1213,0.565845
message_delete_queued,1214,0.608433
message_delete_queued,1215,0.542762
message_delete_queued,1216,0.554021
message_delete_queued,1217,0.587159
message_delete_queued,1218,0.558402
message_delete_queued,1219,0.567489
message_delete_queued,1220,0.552275
message_delete_queued,1221,0.545793
message_delete_queued,1222,0.491372
message_delete_queued,1223,0.552773
message_delete_queued,1224,0.539897
message_delete_queued,1225,0.545372
message_delete_queued,1226,0.590619
message_delete_queued,1227,0.546643
message_delete_queued,1228,0.604180
message_delete_queued,1229,0.566826
message_delete_queued,1230,0.632044
message_delete_queued,1231,0.597468
message_delete_queued,1232,0.517508
message_delete_queued,1233,0.602774
message_delete_queued,1234,0.541558
message_delete_queued,1235,0.549253
message_delete_queued,1236,0.578163
message_delete_queued,1237,0.605601
message_delete_queued,1238,0.580209
message_delete_queued,1239,0.542384
message_delete_queued,1240,0.560143
message_delete_queued,1241,0.734621
message_delete_queued,1242,0.742289
message_delete_queued,1243,0.635505
message_delete_queued,1244,0.753204
message_delete_queued,1245,0.683840
message_delete_queued,1246,0.608054
message_delete_queued,1247,0.660205
message_delete_queued,1248,0.659523
message_delete_queued,1249,0.565687
message_delete_queued,1250,0.551199
message_delete_queued,1251,0.571431
message_delete_queued,1252,0.481988
message_delete_queued,1253,0.456749
message_delete_queued,1254,0.664287
message_delete_queued,1255,0.544284
message_delete_queued,1256,0.493380
message_delete_queued,1257,0.580437
message_delete_queued,1258,1.145023
message_delete_queued,1259,0.680771
message_delete_queued,1260,0.563074
message_delete_queued,1261,0.609504
message_delete_queued,1262,0.516010
message_delete_queued,1263,0.706809
message_delete_queued,1264,0.598516
message_delete_queued,1265,0.725753
message_delete_queued,1266,0.617110
message_delete_queued,1267,0.634012
message_delete_queued,1268,0.618404
message_delete_queued,1269,0.518291
message_delete_queued,1270,0.656443
message_delete_queued,1271,0.578551
message_delete_queued,1272,0.630754
message_delete_queued,1273,0.597001
message_delete_queued,1274,0.591765
message_delete_queued,1275,0.603222
message_delete_queued,1276,0.507400
message_delete_queued,1277,0.653374
message_delete_queued,1278,0.601729
message_delete_queued,1279,0.729250
message_delete_queued,1280,0.561053
message_delete_queued,1281,0.516560
message_delete_queued,1282,0.567177
message_delete_queued,1283,0.600837
message_delete_queued,1284,0.598338
message_delete_queued,1285,0.561697
message_delete_queued,1286,0.544670
message_delete_queued,1287,0.487612
message_delete_queued,1288,0.461498
message_delete_queued,1289,0.474887
message_delete_queued,1290,0.456569
message_delete_queued,1291,0.522075
message_delete_queued,1292,0.516406
message_delete_queued,1293,0.569593
message_delete_queued,1294,0.579412
message_delete_queued,1295,0.561704
message_delete_queued,1296,0.597345
message_delete_queued,1297,0.583124
message_delete_queued,1298,0.550926
message_delete_queued,1299,0.625142
message_delete_queued,1300,0.598724
message_delete_queued,1301,0.547372
message_delete_queued,1302,0.524693
message_delete_queued,1303,0.540563
message_delete_queued,1304,0.524038
message_delete_queued,1305,0.559288
message_delete_queued,1306,0.566136
message_delete_queued,1307,0.566263
message_delete_queued,1308,0.559817
message_delete_queued,1309,0.532781
message_delete_queued,1310,0.525597
message_delete_queued,1311,0.570412
message_delete_queued,1312,0.563251
message_delete_queued,1313,0.561535
message_delete_queued,1314,0.533445
message_delete_queued,1315,0.611175
message_delete_queued,1316,0.579799
message_delete_queued,1317,0.588247
message_delete_queued,1318,0.583931
message_delete_queued,1319,0.585544
message_delete_queued,1320,0.555198
message_delete_queued,1321,0.588791
message_delete_queued,1322,0.546418
message_delete_queued,1323,0.557417
message_delete_queued,1324,0.567783
message_delete_queued,1325,0.484039
message_delete_queued,1326,0.511244
message_delete_queued,1327,0.540696
message_delete_queued,1328,0.513696
message_delete_queued,1329,0.524749
message_delete_queued,1330,0.559777
message_delete_queued,1331,0.530671
message_delete_queued,1332,0.550791
message_delete_queued,1333,0.478478
message_delete_queued,1334,0.532684
message_delete_queued,1335,0.498086
message_delete_queued,1336,0.542396
message_delete_queued,1337,0.535266
message_delete_queued,1338,0.520278
message_delete_queued,1339,0.523102
message_delete_queued,1340,0.513492
message_delete_queued,1341,0.502427
message_delete_queued,1342,0.461502
message_delete_queued,1343,0.549435
message_delete_queued,1344,0.513607
message_delete_queued,1345,0.867764
message_delete_queued,1346,0.588945
message_delete_queued,1347,0.556533
message_delete_queued,1348,0.766206
message_delete_queued,1349,0.489441
message_delete_queued,1350,0.526041
message_delete_queued,1351,0.540348
message_delete_queued,1352,0.480264
message_delete_queued,1353,0.560201
message_delete_queued,1354,0.482249
message_delete_queued,1355,0.535557
message_delete_queued,1356,0.489733
message_delete_queued,1357,0.648505
message_delete_queued,1358,0.521131
message_delete_queued,1359,0.453095
message_delete_queued,1360,0.632184
message_delete_queued,1361,0.576895
message_delete_queued,1362,1.241554
message_delete_queued,1363,0.563093
message_delete_queued,1364,0.487041
message_delete_queued,1365,0.573457
message_delete_queued,1366,0.680152
message_delete_queued,1367,0.671446
message_delete_queued,1368,0.543878
message_delete_queued,1369,0.573383
message_delete_queued,1370,0.539284
message_delete_queued,1371,0.484255
message_delete_queued,1372,0.515063
message_delete_queued,1373,0.597002
message_delete_queued,1374,0.557679
message_delete_queued,1375,0.515427
message_delete_queued,1376,0.542396
message_delete_queued,1377,0.514552
message_delete_queued,1378,0.661685
message_delete_queued,1379,0.538250
message_delete_queued,1380,0.573558
message_delete_queued,1381,0.612330
message_delete_queued,1382,0.586571
message_delete_queued,1383,0.609678
message_delete_queued,1384,0.570128
message_delete_queued,1385,0.589294
message_delete_queued,1386,0.615525
message_delete_queued,1387,0.554153
message_delete_queued,1388,0.603393
message_delete_queued,1389,0.533064
message_delete_queued,1390,0.569399
message_delete_queued,1391,0.510181
message_delete_queued,1392,0.480474
message_delete_queued,1393,0.458352
message_delete_queued,1394,0.489695
message_delete_queued,1395,0.563080
message_delete_queued,1396,0.517506
message_delete_queued,1397,0.524919
message_delete_queued,1398,0.627886
message_delete_queued,1399,0.573505
message_delete_queued,1400,0.535918
message_delete_queued,1401,0.503656
message_delete_queued,1402,0.535260
message_delete_queued,1403,0.515237
message_delete_queued,1404,0.510802
message_delete_queued,1405,0.497579
message_delete_queued,1406,0.612748
message_delete_queued,1407,0.580908
message_delete_queued,1408,0.521653
message_delete_queued,1409,0.524744
message_delete_queued,1410,0.474848
message_delete_queued,1411,0.628396
message_delete_queued,1412,0.587501
message_delete_queued,1413,0.585566
message_delete_queued,1414,0.599467
message_delete_queued,1415,0.542219
message_delete_queued,1416,0.498926
message_delete_queued,1417,0.519484
message_delete_queued,1418,0.561474
message_delete_queued,1419,0.548566
message_delete_queued,1420,0.518170
message_delete_queued,1421,0.517732
message_delete_queued,1422,0.527485
message_delete_queued,1423,0.536234
message_delete_queued,1424,0.633990
message_delete_queued,1425,1.878385
message_delete_queued,1426,0.466758
message_delete_queued,1427,0.541797
message_delete_queued,1428,0.674109
message_delete_queued,1429,0.570800
message_delete_queued,1430,0.561618
message_delete_queued,1431,0.783053
message_delete_queued,1432,0.556285
message_delete_queued,1433,0.601710
message_delete_queued,1434,0.579875
message_delete_queued,1435,0.494742
message_delete_queued,1436,0.522797
message_delete_queued,1437,0.495213
message_delete_queued,1438,0.510270
message_delete_queued,1439,0.643936
message_delete_queued,1440,0.629413
message_delete_queued,1441,0.554586
message_delete_queued,1442,0.571613
message_delete_queued,1443,0.519058
message_delete_queued,1444,0.484241
message_delete_queued,1445,0.524283
message_delete_queued,1446,0.646224
message_delete_queued,1447,0.546471
message_delete_queued,1448,0.594198
message_delete_queued,1449,0.564728
message_delete_queued,1450,0.525433
message_delete_queued,1451,0.515428
message_delete_queued,1452,0.574400
message_delete_queued,1453,0.544007
message_delete_queued,1454,0.548094
message_delete_queued,1455,0.536761
message_delete_queued,1456,0.549598
message_delete_queued,1457,0.551863
message_delete_queued,1458,0.551471
message_delete_queued,1459,0.580548
message_delete_queued,1460,0.555857
message_delete_queued,1461,0.563933
message_delete_queued,1462,0.532078
message_delete_queued,1463,0.585751
message_delete_queued,1464,0.546290
message_delete_queued,1465,0.505683
message_delete_queued,1466,0.560670
message_delete_queued,1467,0.523594
message_delete_queued,1468,0.595025
message_delete_queued,1469,0.531220
message_delete_queued,1470,0.518949
message_delete_queued,1471,0.499805
message_delete_queued,1472,0.500873
message_delete_queued,1473,0.548940
message_delete_queued,1474,0.580443
message_delete_queued,1475,0.612555
message_delete_queued,1476,0.595948
message_delete_queued,1477,0.693452
message_delete_queued,1478,0.663993
message_delete_queued,1479,0.559369
message_delete_queued,1480,0.588172
message_delete_queued,1481,0.568020
message_delete_queued,1482,0.566964
message_delete_queued,1483,0.541035
message_delete_queued,1484,0.577780
message_delete_queued,1485,0.573891
message_delete_queued,1486,0.776996
message_delete_queued,1487,0.612011
message_delete_queued,1488,0.601748
message_delete_queued,1489,0.599082
message_delete_queued,1490,0.542320
message_delete_queued,1491,0.590758
message_delete_queued,1492,0.579945
message_delete_queued,1493,0.545489
message_delete_queued,1494,0.581758
message_delete_queued,1495,0.531573
message_delete_queued,1496,0.546585
message_delete_queued,1497,0.523882
message_delete_queued,1498,0.512729
message_delete_queued,1499,0.519663
message_delete_queued,1500,0.533919
message_delete_queued,1501,0.468616
message_delete_queued,1502,0.585831
message_delete_queued,1503,0.565479
message_delete_queued,1504,0.550489
message_delete_queued,1505,0.617167
message_delete_queued,1506,0.627115
message_delete_queued,1507,0.619573
message_delete_queued,1508,0.634885
message_delete_queued,1509,0.599555
message_delete_queued,1510,0.590999
message_delete_queued,1511,0.647435
message_delete_queued,1512,0.581369
message_delete_queued,1513,0.629858
message_delete_queued,1514,0.652531
message_delete_queued,1515,0.554296
message_delete_queued,1516,0.520270
message_delete_queued,1517,0.623529
message_delete_queued,1518,0.611219
message_delete_queued,1519,0.591399
message_delete_queued,1520,0.536062
message_delete_queued,1521,0.512386
message_delete_queued,1522,0.563388
message_delete_queued,1523,0.544325
message_delete_queued,1524,0.507337
message_delete_queued,1525,0.561622
message_delete_queued,1526,0.601625
message_delete_queued,1527,0.517437
message_delete_queued,1528,0.562059
message_delete_queued,1529,0.585041
message_delete_queued,1530,0.513258
message_delete_queued,1531,0.555550
message_delete_queued,1532,0.533182
message_delete_queued,1533,0.587956
message_delete_queued,1534,0.580657
message_delete_queued,1535,0.602281
message_delete_queued,1536,0.537271
message_delete_queued,1537,0.597449
message_delete_queued,1538,0.570519
message_delete_queued,1539,0.561644
message_delete_queued,1540,0.552921
message_delete_queued,1541,0.634169
message_delete_queued,1542,0.559112
message_delete_queued,1543,0.582631
message_delete_queued,1544,0.646439
message_delete_queued,1545,0.607712
message_delete_queued,1546,0.555084
message_delete_queued,1547,0.544431
message_delete_queued,1548,0.543515
message_delete_queued,1549,0.573885
message_delete_queued,1550,0.568590
message_delete_queued,1551,0.582729
message_delete_queued,1552,0.506024
message_delete_queued,1553,0.533924
message_delete_queued,1554,0.515125
message_delete_queued,1555,0.527721
message_delete_queued,1556,0.509472
message_delete_queued,1557,0.576027
message_delete_queued,1558,0.570380
message_delete_queued,1559,0.519635
message_delete_queued,1560,0.541627
message_delete_queued,1561,0.580695
message_delete_queued,1562,0.879349
message_delete_queued,1563,0.581929
message_delete_queued,1564,0.567067
message_delete_queued,1565,0.556663
message_delete_queued,1566,0.598594
message_delete_queued,1567,0.524023
message_delete_queued,1568,0.555380
message_delete_queued,1569,0.522137
message_delete_queued,1570,0.586095
message_delete_queued,1571,0.522806
message_delete_queued,1572,0.513791
message_delete_queued,1573,0.541472
message_delete_queued,1574,0.544373
message_delete_queued,1575,0.498733
message_delete_queued,1576,0.530814
message_delete_queued,1577,0.543431
message_delete_queued,1578,0.520602
message_delete_queued,1579,0.567151
message_delete_queued,1580,0.547196
message_delete_queued,1581,0.559414
message_delete_queued,1582,0.554478
message_delete_queued,1583,0.552816
message_delete_queued,1584,0.557464
message_delete_queued,1585,0.539216
message_delete_queued,1586,0.542290
message_delete_queued,1587,0.523980
message_delete_queued,1588,0.471342
message_delete_queued,1589,0.450716
message_delete_queued,1590,0.496181
message_delete_queued,1591,0.473515
message_delete_queued,1592,0.527643
message_delete_queued,1593,0.481989
message_delete_queued,1594,0.497568
message_delete_queued,1595,0.561562
message_delete_queued,1596,0.631386
message_delete_queued,1597,0.578720
message_delete_queued,1598,0.545686
message_delete_queued,1599,0.560949
message_delete_queued,1600,0.509702
message_delete_queued,1601,0.579059
message_delete_queued,1602,0.515457
message_delete_queued,1603,0.545212
message_delete_queued,1604,0.524339
message_delete_queued,1605,0.531870
message_delete_queued,1606,0.497487
message_delete_queued,1607,0.520705
message_delete_queued,1608,0.537935
message_delete_queued,1609,0.502892
message_delete_queued,1610,0.538900
message_delete_queued,1611,0.554772
message_delete_queued,1612,0.556359
message_delete_queued,1613,0.799570
message_delete_queued,1614,0.551006
message_delete_queued,1615,0.670763
message_delete_queued,1616,0.568580
message_delete_queued,1617,0.601943
message_delete_queued,1618,0.535558
message_delete_queued,1619,0.504297
message_delete_queued,1620,0.578416
message_delete_queued,1621,0.528651
message_delete_queued,1622,0.513622
message_delete_queued,1623,0.513692
message_delete_queued,1624,0.526525
message_delete_queued,1625,0.575783
message_delete_queued,1626,0.544499
message_delete_queued,1627,0.583271
message_delete_queued,1628,0.569157
message_delete_queued,1629,0.556062
message_delete_queued,1630,0.499466
message_delete_queued,1631,0.543381
message_delete_queued,1632,0.523683
message_delete_queued,1633,0.538115
message_delete_queued,1634,0.496989
message_delete_queued,1635,0.519098
message_delete_queued,1636,0.534203
message_delete_queued,1637,0.504728
message_delete_queued,1638,0.546492
message_delete_queued,1639,0.505363
message_delete_queued,1640,0.484852
message_delete_queued,1641,0.647861
message_delete_queued,1642,0.547744
message_delete_queued,1643,0.587762
message_delete_queued,1644,0.530514
message_delete_queued,1645,0.606393
message_delete_queued,1646,0.555537
message_delete_queued,1647,0.594228
message_delete_queued,1648,0.565260
message_delete_queued,1649,0.505674
message_delete_queued,1650,0.495072
message_delete_queued,1651,0.493057
message_delete_queued,1652,0.583384
message_delete_queued,1653,0.601691
message_delete_queued,1654,0.474540
message_delete_queued,1655,0.478057
message_delete_queued,1656,0.420132
message_delete_queued,1657,0.465102
message_delete_queued,1658,0.468785
message_delete_queued,1659,0.426198
message_delete_queued,1660,0.481998
message_delete_queued,1661,0.554103
message_delete_queued,1662,0.659779
message_delete_queued,1663,0.613780
message_delete_queued,1664,0.536479
message_delete_queued,1665,0.642462
message_delete_queued,1666,0.524684
message_delete_queued,1667,0.621120
message_delete_queued,1668,0.607012
message_delete_queued,1669,0.575234
message_delete_queued,1670,0.629888
message_delete_queued,1671,0.659559
message_delete_queued,1672,0.571761
message_delete_queued,1673,0.582486
message_delete_queued,1674,0.566633
message_delete_queued,1675,0.623905
message_delete_queued,1676,0.613310
message_delete_queued,1677,0.549305
message_delete_queued,1678,0.596174
message_delete_queued,1679,0.566592
message_delete_queued,1680,0.564014
message_delete_queued,1681,0.571454
message_delete_queued,1682,0.502128
message_delete_queued,1683,0.579504
message_delete_queued,1684,0.508748
message_delete_queued,1685,0.532457
message_delete_queued,1686,0.502495
message_delete_queued,1687,0.520330
message_delete_queued,1688,0.564703
message_delete_queued,1689,0.536874
message_delete_queued,1690,0.579006
message_delete_queued,1691,0.653599
message_delete_queued,1692,0.574830
message_delete_queued,1693,0.558690
message_delete_queued,1694,0.523982
message_delete_queued,1695,0.536927
message_delete_queued,1696,0.521725
message_delete_queued,1697,0.568471
message_delete_queued,1698,0.566719
message_delete_queued,1699,0.568625
message_delete_queued,1700,0.515143
message_delete_queued,1701,0.471828
message_delete_queued,1702,0.446401
message_delete_queued,1703,0.453156
message_delete_queued,1704,0.426845
message_delete_queued,1705,0.463659
message_delete_queued,1706,0.427513
message_delete_queued,1707,0.495664
message_delete_queued,1708,0.438890
message_delete_queued,1709,0.464461
message_delete_queued,1710,0.454052
message_delete_queued,1711,0.403213
message_delete_queued,1712,0.428293
message_delete_queued,1713,0.447241
message_delete_queued,1714,0.592324
message_delete_queued,1715,0.546178
message_delete_queued,1716,0.458138
message_delete_queued,1717,0.449835
message_delete_queued,1718,0.421743
message_delete_queued,1719,0.464853
message_delete_queued,1720,0.577171
message_delete_queued,1721,0.513143
message_delete_queued,1722,0.637247
message_delete_queued,1723,0.541916
message_delete_queued,1724,0.487269
message_delete_queued,1725,0.571026
message_delete_queued,1726,0.634161
message_delete_queued,1727,0.540489
message_delete_queued,1728,0.500422
message_delete_queued,1729,0.468185
message_delete_queued,1730,0.540909
message_delete_queued,1731,0.476772
message_delete_queued,1732,0.522430
message_delete_queued,1733,0.458866
message_delete_queued,1734,0.486318
message_delete_queued,1735,0.484706
message_delete_queued,1736,0.441767
message_delete_queued,1737,0.476319
message_delete_queued,1738,0.484643
message_delete_queued,1739,0.439614
message_delete_queued,1740,0.603387
message_delete_queued,1741,0.587536
message_delete_queued,1742,0.581467
message_delete_queued,1743,0.583605
message_delete_queued,1744,0.527638
message_delete_queued,1745,0.512839
message_delete_queued,1746,0.512355
message_delete_queued,1747,0.504176
message_delete_queued,1748,0.622262
message_delete_queued,1749,0.617591
message_delete_queued,1750,0.573215
message_delete_queued,1751,0.503143
message_delete_queued,1752,0.505075
message_delete_queued,1753,0.604079
message_delete_queued,1754,0.611253
message_delete_queued,1755,0.602166
message_delete_queued,1756,0.634860
message_delete_queued,1757,0.595688
message_delete_queued,1758,0.571229
message_delete_queued,1759,0.596816
message_delete_queued,1760,0.483326
message_delete_queued,1761,0.561010
message_delete_queued,1762,0.554466
message_delete_queued,1763,0.555085
message_delete_queued,1764,0.690194
message_delete_queued,1765,0.589431
message_delete_queued,1766,0.564231
message_delete_queued,1767,0.560569
message_delete_queued,1768,0.474735
message_delete_queued,1769,0.511516
message_delete_queued,1770,0.669281
message_delete_queued,1771,0.592052
message_delete_queued,1772,0.542035
message_delete_queued,1773,1.436981
message_delete_queued,1774,1.951791
message_delete_queued,1775,0.599108
message_delete_queued,1776,0.500173
message_delete_queued,1777,0.588192
message_delete_queued,1778,0.622245
message_delete_queued,1779,0.614086
message_delete_queued,1780,0.505427
message_delete_queued,1781,0.604973
message_delete_queued,1782,0.583261
message_delete_queued,1783,0.601446
message_delete_queued,1784,0.628381
message_delete_queued,1785,0.562714
message_delete_queued,1786,0.551104
message_delete_queued,1787,0.559827
message_delete_queued,1788,0.602304
message_delete_queued,1789,0.597242
message_delete_queued,1790,0.552174
message_delete_queued,1791,0.675787
message_delete_queued,1792,0.561526
message_delete_queued,1793,0.518338
message_delete_queued,1794,0.578880
message_delete_queued,1795,0.552153
message_delete_queued,1796,0.557663
message_delete_queued,1797,0.613590
message_delete_queued,1798,0.545688
message_delete_queued,1799,0.529632
message_delete_queued,1800,0.578647
message_delete_queued,1801,0.534381
message_delete_queued,1802,0.510908
message_delete_queued,1803,0.459675
message_delete_queued,1804,0.462680
message_delete_queued,1805,0.451928
message_delete_queued,1806,0.488323
message_delete_queued,1807,0.482180
message_delete_queued,1808,0.467575
message_delete_queued,1809,0.422181
message_delete_queued,1810,0.441426
message_delete_queued,1811,0.422816
message_delete_queued,1812,0.395534
message_delete_queued,1813,0.445458
message_delete_queued,1814,0.490658
message_delete_queued,1815,0.417583
message_delete_queued,1816,0.512604
message_delete_queued,1817,0.683184
message_delete_queued,1818,0.572886
message_delete_queued,1819,0.632275
message_delete_queued,1820,0.520520
message_delete_queued,1821,0.434993
message_delete_queued,1822,0.572804
message_delete_queued,1823,0.570518
message_delete_queued,1824,0.581281
message_delete_queued,1825,0.512674
message_delete_queued,1826,0.586014
message_delete_queued,1827,0.516651
message_delete_queued,1828,0.597621
message_delete_queued,1829,0.508776
message_delete_queued,1830,0.537889
message_delete_queued,1831,0.677367
message_delete_queued,1832,0.591602
message_delete_queued,1833,0.717099
message_delete_queued,1834,0.587171
message_delete_queued,1835,0.540306
message_delete_queued,1836,0.471343
message_delete_queued,1837,0.474218
message_delete_queued,1838,0.479133
message_delete_queued,1839,0.602958
message_delete_queued,1840,0.542334
message_delete_queued,1841,0.524343
message_delete_queued,1842,0.638169
message_delete_queued,1843,0.623126
message_delete_queued,1844,0.599439
message_delete_queued,1845,0.619562
message_delete_queued,1846,0.643586
message_delete_queued,1847,0.595895
message_delete_queued,1848,0.571949
message_delete_queued,1849,0.582238
message_delete_queued,1850,0.592669
message_delete_queued,1851,0.555083
message_delete_queued,1852,0.490280
message_delete_queued,1853,0.568160
message_delete_queued,1854,0.562218
message_delete_queued,1855,0.498498
message_delete_queued,1856,0.555171
message_delete_queued,1857,0.572160
message_delete_queued,1858,0.594186
message_delete_queued,1859,0.496770
message_delete_queued,1860,0.599853
message_delete_queued,1861,0.532594
message_delete_queued,1862,0.578792
message_delete_queued,1863,0.599760
message_delete_queued,1864,0.528432
message_delete_queued,1865,0.598089
message_delete_queued,1866,0.587916
message_delete_queued,1867,0.550036
message_delete_queued,1868,0.523880
message_delete_queued,1869,0.523224
message_delete_queued,1870,0.656012
message_delete_queued,1871,0.635950
message_delete_queued,1872,0.575910
message_delete_queued,1873,0.534770
message_delete_queued,1874,0.548566
message_delete_queued,1875,0.631616
message_delete_queued,1876,0.515436
message_delete_queued,1877,0.580056
message_delete_queued,1878,0.560686
message_delete_queued,1879,0.578939
message_delete_queued,1880,0.543611
message_delete_queued,1881,0.585309
message_delete_queued,1882,0.625012
message_delete_queued,1883,0.526081
message_delete_queued,1884,0.533682
message_delete_queued,1885,0.542719
message_delete_queued,1886,0.559593
message_delete_queued,1887,0.562309
message_delete_queued,1888,0.528855
message_delete_queued,1889,0.576722
message_delete_queued,1890,0.538003
message_delete_queued,1891,0.557056
message_delete_queued,1892,0.605499
message_delete_queued,1893,0.518365
message_delete_queued,1894,0.483234
message_delete_queued,1895,0.480484
message_delete_queued,1896,0.484288
message_delete_queued,1897,0.477556
message_delete_queued,1898,0.408719
message_delete_queued,1899,0.461286
message_delete_queued,1900,0.618488
message_delete_queued,1901,0.510060
message_delete_queued,1902,0.551690
message_delete_queued,1903,0.641605
message_delete_queued,1904,0.605090
message_delete_queued,1905,0.670462
message_delete_queued,1906,0.530353
message_delete_queued,1907,0.565780
message_delete_queued,1908,0.606043
message_delete_queued,1909,0.563762
message_delete_queued,1910,0.645197
message_delete_queued,1911,0.571902
message_delete_queued,1912,0.605125
message_delete_queued,1913,0.550476
message_delete_queued,1914,0.516370
message_delete_queued,1915,0.521604
message_delete_queued,1916,0.528147
message_delete_queued,1917,0.592260
message_delete_queued,1918,0.528398
message_delete_queued,1919,0.596989
message_delete_queued,1920,0.571698
message_delete_queued,1921,0.530458
message_delete_queued,1922,0.652250
message_delete_queued,1923,0.559705
message_delete_queued,1924,0.538619
message_delete_queued,1925,0.546343
message_delete_queued,1926,0.491809
message_delete_queued,1927,0.525921
message_delete_queued,1928,0.545265
message_delete_queued,1929,0.499702
message_delete_queued,1930,0.513114
message_delete_queued,1931,0.600495
message_delete_queued,1932,0.520128
message_delete_queued,1933,0.567379
message_delete_queued,1934,0.542189
message_delete_queued,1935,0.503308
message_delete_queued,1936,0.551368
message_delete_queued,1937,0.546355
message_delete_queued,1938,0.467341
message_delete_queued,1939,0.515347
message_delete_queued,1940,0.640139
message_delete_queued,1941,0.578147
message_delete_queued,1942,0.523027
message_delete_queued,1943,0.519434
message_delete_queued,1944,0.505416
message_delete_queued,1945,0.582498
message_delete_queued,1946,0.559236
message_delete_queued,1947,0.611130
message_delete_queued,1948,0.580040
message_delete_queued,1949,0.556367
message_delete_queued,1950,0.533360
message_delete_queued,1951,0.622529
message_delete_queued,1952,0.613567
message_delete_queued,1953,0.647877
message_delete_queued,1954,0.531439
message_delete_queued,1955,0.675027
message_delete_queued,1956,0.528708
message_delete_queued,1957,0.540427
message_delete_queued,1958,0.572545
message_delete_queued,1959,0.601166
message_delete_queued,1960,0.659342
message_delete_queued,1961,0.569363
message_delete_queued,1962,0.484900
message_delete_queued,1963,0.609131
message_delete_queued,1964,0.606761
message_delete_queued,1965,0.538781
message_delete_queued,1966,0.521492
message_delete_queued,1967,0.495945
message_delete_queued,1968,0.481793
message_delete_queued,1969,0.622842
message_delete_queued,1970,0.553852
message_delete_queued,1971,0.562401
message_delete_queued,1972,0.590167
message_delete_queued,1973,0.656620
message_delete_queued,1974,0.562862
message_delete_queued,1975,0.571053
message_delete_queued,1976,0.580024
message_delete_queued,1977,0.563967
message_delete_queued,1978,0.585240
message_delete_queued,1979,0.519390
message_delete_queued,1980,0.552349
message_delete_queued,1981,0.548683
message_delete_queued,1982,0.515290
message_delete_queued,1983,0.585291
message_delete_queued,1984,0.612606
message_delete_queued,1985,0.539413
message_delete_queued,1986,0.592935
message_delete_queued,1987,0.530065
message_delete_queued,1988,0.591984
message_delete_queued,1989,0.579505
message_delete_queued,1990,0.540692
message_delete_queued,1991,0.582360
message_delete_queued,1992,0.478155
message_delete_queued,1993,0.495451
message_delete_queued,1994,0.492459
message_delete_queued,1995,0.585663
message_delete_queued,1996,0.540618
message_delete_queued,1997,0.553165
message_delete_queued,1998,0.559618
message_delete_queued,1999,0.594880
contact_update,0,3.251602
contact_update,1,1.788675
contact_update,2,1.610913
contact_update,3,1.648948
contact_update,4,1.568839
contact_update,5,1.536767
contact_update,6,1.445037
contact_update,7,1.378997
contact_update,8,1.335219
contact_update,9,1.379053
contact_update,10,1.357562
contact_update,11,1.320810
contact_update,12,1.339640
contact_update,13,1.359216
contact_update,14,1.389435
contact_update,15,1.416660
contact_update,16,1.354857
contact_update,17,1.367611
contact_update,18,1.599297
contact_update,19,1.460071
contact_update,20,1.516266
contact_update,21,1.425063
contact_update,22,1.491209
contact_update,23,1.413895
contact_update,24,1.385228
contact_update,25,1.373676
contact_update,26,1.440484
contact_update,27,1.388665
contact_update,28,1.401236
contact_update,29,1.392226
contact_update,30,1.433610
contact_update,31,1.376154
contact_update,32,1.432692
contact_update,33,1.466239
contact_update,34,1.425295
contact_update,35,1.438857
contact_update,36,1.422559
contact_update,37,1.401987
contact_update,38,1.445621
contact_update,39,1.376645
contact_update,40,1.346458
contact_update,41,1.438001
contact_update,42,3.145371
contact_update,43,1.508513
contact_update,44,1.566539
contact_update,45,1.468388
contact_update,46,1.416006
contact_update,47,1.499518
contact_update,48,1.981483
contact_update,49,1.939822
contact_update,50,1.987444
contact_update,51,1.461085
contact_update,52,1.406869
contact_update,53,1.372336
contact_update,54,1.413474
contact_update,55,1.434294
contact_update,56,1.390111
contact_update,57,1.404558
contact_update,58,1.393378
contact_update,59,1.445603
contact_update,60,1.405532
contact_update,61,1.393634
contact_update,62,1.422571
contact_update,63,1.493166
contact_update,64,1.397301
contact_update,65,1.433598
contact_update,66,1.928877
contact_update,67,1.884412
contact_update,68,1.896548
contact_update,69,1.444734
contact_update,70,1.370267
contact_update,71,1.463810
contact_update,72,2.042512
contact_update,73,1.455345
contact_update,74,2.113131
contact_update,75,1.428356
contact_update,76,1.508720
contact_update,77,1.458450
contact_update,78,1.462446
contact_update,79,1.463735
contact_update,80,1.506789
contact_update,81,1.336395
contact_update,82,1.373502
contact_update,83,1.330072
contact_update,84,1.254295
contact_update,85,1.445911
contact_update,86,1.425225
contact_update,87,1.415640
contact_update,88,1.469454
contact_update,89,1.487979
contact_update,90,1.474413
contact_update,91,1.362274
contact_update,92,1.363243
contact_update,93,1.428612
contact_update,94,1.564096
contact_update,95,1.414300
contact_update,96,1.494484
contact_update,97,1.395751
contact_update,98,1.361584
contact_update,99,1.368291
contact_update,100,1.353470
contact_update,101,1.382638
contact_update,102,1.332270
contact_update,103,1.364355
contact_update,104,1.472400
contact_update,105,1.387775
contact_update,106,1.516669
contact_update,107,1.373560
contact_update,108,1.366121
contact_update,109,1.336212
contact_update,110,1.286597
contact_update,111,1.361990
contact_update,112,1.394744
contact_update,113,1.395073
contact_update,114,1.588088
contact_update,115,1.427870
contact_update,116,1.333828
contact_update,117,1.477960
contact_update,118,1.472400
contact_update,119,1.362856
contact_update,120,1.373923
contact_update,121,1.439060
contact_update,122,1.496278
contact_update,123,1.369748
contact_update,124,1.314090
contact_update,125,1.349732
contact_update,126,1.375199
contact_update,127,1.404413
contact_update,128,1.405653
contact_update,129,1.426653
contact_update,130,1.344566
contact_update,131,1.418824
contact_update,132,1.369310
contact_update,133,1.392869
contact_update,134,1.376417
contact_update,135,1.397016
contact_update,136,1.317453
contact_update,137,1.342571
contact_update,138,1.422854
contact_update,139,1.333101
contact_update,140,1.409021
contact_update,141,1.386199
contact_update,142,1.408274
contact_update,143,1.417204
contact_update,144,1.410047
contact_update,145,1.386828
contact_update,146,1.497407
contact_update,147,1.370369
contact_update,148,1.347465
contact_update,149,1.417252
contact_update,150,1.415452
contact_update,151,1.359438
contact_update,152,1.358562
contact_update,153,1.347876
contact_update,154,1.361426
contact_update,155,1.422475
contact_update,156,1.383958
contact_update,157,1.425338
contact_update,158,1.390232
contact_update,159,1.380969
contact_update,160,1.366267
contact_update,161,1.349900
contact_update,162,1.407603
contact_update,163,1.398290
contact_update,164,1.404788
contact_update,165,1.371418
contact_update,166,1.356171
contact_update,167,1.366270
contact_update,168,1.373082
contact_update,169,3.303115
contact_update,170,4.298761
contact_update,171,1.684764
contact_update,172,1.420325
contact_update,173,1.316401
contact_update,174,1.344994
contact_update,175,1.324902
contact_update,176,1.521914
contact_update,177,2.353395
contact_update,178,1.907937
contact_update,179,1.381134
contact_update,180,1.487486
contact_update,181,1.424491
contact_update,182,1.417359
contact_update,183,1.502603
contact_update,184,1.389651
contact_update,185,1.472188
contact_update,186,1.456553
contact_update,187,1.444385
contact_update,188,1.371479
contact_update,189,1.414921
contact_update,190,1.359566
contact_update,191,1.390181
contact_update,192,1.399106
contact_update,193,1.397593
contact_update,194,1.375136
contact_update,195,1.409908
contact_update,196,1.355652
contact_update,197,1.357964
contact_update,198,1.318650
contact_update,199,1.482813
contact_update,200,1.552640
contact_update,201,1.534380
contact_update,202,1.244165
contact_update,203,1.579060
contact_update,204,1.376153
contact_update,205,1.361341
contact_update,206,1.352244
contact_update,207,1.417010
contact_update,208,1.380308
contact_update,209,1.397757
contact_update,210,1.318916
contact_update,211,1.384147
contact_update,212,1.348884
contact_update,213,1.458909
contact_update,214,1.379810
contact_update,215,1.385938
contact_update,216,1.347443
contact_update,217,1.420314
contact_update,218,1.406046
contact_update,219,1.497084
contact_update,220,1.510042
contact_update,221,1.387621
contact_update,222,1.397059
contact_update,223,1.435540
contact_update,224,1.521872
contact_update,225,1.419162
contact_update,226,1.358250
contact_update,227,1.444257
contact_update,228,1.382166
contact_update,229,1.404688
contact_update,230,1.601362
contact_update,231,1.407133
contact_update,232,1.436004
contact_update,233,1.387606
contact_update,234,1.990000
contact_update,235,1.369713
contact_update,236,1.406304
contact_update,237,1.436271
contact_update,238,1.379027
contact_update,239,1.409729
contact_update,240,1.365190
contact_update,241,1.381017
contact_update,242,1.281810
contact_update,243,1.346123
contact_update,244,1.413753
contact_update,245,1.351693
contact_update,246,1.390584
contact_update,247,1.410934
contact_update,248,1.398613
contact_update,249,1.403439
contact_update,250,1.412886
contact_update,251,1.401975
contact_update,252,1.350752
contact_update,253,1.436660
contact_update,254,1.411071
contact_update,255,1.464764
contact_update,256,1.383659
contact_update,257,1.511219
contact_update,258,1.502831
contact_update,259,1.316059
contact_update,260,1.435767
contact_update,261,1.426572
contact_update,262,1.378335
contact_update,263,1.341371
contact_update,264,1.389176
contact_update,265,1.388844
contact_update,266,1.361915
contact_update,267,1.490553
contact_update,268,1.416530
contact_update,269,1.352885
contact_update,270,1.348871
contact_update,271,1.395921
contact_update,272,1.389849
contact_update,273,1.422017
contact_update,274,1.614094
contact_update,275,1.477151
contact_update,276,1.515698
contact_update,277,1.527350
contact_update,278,1.405398
contact_update,279,1.425630
contact_update,280,1.422596
contact_update,281,1.475980
contact_update,282,1.435539
contact_update,283,1.411490
contact_update,284,1.398578
contact_update,285,1.387725
contact_update,286,1.405628
contact_update,287,1.379741
contact_update,288,1.435195
contact_update,289,1.369525
contact_update,290,1.482093
contact_update,291,1.452870
contact_update,292,1.457761
contact_update,293,1.366828
contact_update,294,1.483410
contact_update,295,1.407180
contact_update,296,1.476040
contact_update,297,1.423446
contact_update,298,1.432353
contact_update,299,1.423545
contact_update,300,1.328760
contact_update,301,1.402355
contact_update,302,1.387605
contact_update,303,1.402892
contact_update,304,1.388494
contact_update,305,1.446904
contact_update,306,1.446575
contact_update,307,1.494697
contact_update,308,1.489750
contact_update,309,1.464050
contact_update,310,1.459392
contact_update,311,1.439308
contact_update,312,1.359761
contact_update,313,1.428274
contact_update,314,1.428532
contact_update,315,2.269852
contact_update,316,1.469042
contact_update,317,1.413973
contact_update,318,1.369477
contact_update,319,1.440955
contact_update,320,1.416552
contact_update,321,1.431940
contact_update,322,1.311821
contact_update,323,1.398746
contact_update,324,1.447077
contact_update,325,1.435661
contact_update,326,1.362107
contact_update,327,1.412283
contact_update,328,1.411781
contact_update,329,1.314883
contact_update,330,1.392932
contact_update,331,1.375635
contact_update,332,1.543507
contact_update,333,1.398780
contact_update,334,1.419927
contact_update,335,1.398038
contact_update,336,1.328585
contact_update,337,1.392683
contact_update,338,1.421129
contact_update,339,1.450143
contact_update,340,1.388396
contact_update,341,1.409747
contact_update,342,1.334184
contact_update,343,1.457744
contact_update,344,1.408399
contact_update,345,1.380159
contact_update,346,1.426406
contact_update,347,1.435825
contact_update,348,1.400679
contact_update,349,1.411591
contact_update,350,1.373534
contact_update,351,1.501498
contact_update,352,1.595214
contact_update,353,1.358958
contact_update,354,1.435727
contact_update,355,1.436249
contact_update,356,1.479434
contact_update,357,1.378424
contact_update,358,1.393239
contact_update,359,1.263864
contact_update,360,1.383322
contact_update,361,1.481975
contact_update,362,1.349604
contact_update,363,1.391446
contact_update,364,1.372864
contact_update,365,1.364616
contact_update,366,1.427873
contact_update,367,1.492328
contact_update,368,1.390851
contact_update,369,1.603013
contact_update,370,1.533784
contact_update,371,1.533398
contact_update,372,1.391239
contact_update,373,1.333477
contact_update,374,1.382259
contact_update,375,1.391930
contact_update,376,1.289368
contact_update,377,1.455592
contact_update,378,1.353264
contact_update,379,1.398650
contact_update,380,1.425953
contact_update,381,1.314511
contact_update,382,1.385717
contact_update,383,1.385951
contact_update,384,1.447325
contact_update,385,1.424837
contact_update,386,1.298845
contact_update,387,1.337909
contact_update,388,1.380247
contact_update,389,1.406963
contact_update,390,1.395058
contact_update,391,1.424770
contact_update,392,1.451086
contact_update,393,1.417056
contact_update,394,1.409200
contact_update,395,1.452190
contact_update,396,1.405069
contact_update,397,1.382553
contact_update,398,1.461085
contact_update,399,1.418486
contact_update,400,1.330349
contact_update,401,1.350746
contact_update,402,1.455578
contact_update,403,1.305942
contact_update,404,1.326304
contact_update,405,1.433433
contact_update,406,1.419966
contact_update,407,1.423090
contact_update,408,1.416124
contact_update,409,1.376005
contact_update,410,1.379909
contact_update,411,1.464259
contact_update,412,1.400080
contact_update,413,1.464607
contact_update,414,1.353082
contact_update,415,1.379306
contact_update,416,1.350071
contact_update,417,1.369069
contact_update,418,1.319739
contact_update,419,1.429111
contact_update,420,1.411411
contact_update,421,1.420532
contact_update,422,1.323495
contact_update,423,1.425795
contact_update,424,1.415127
contact_update,425,1.389300
contact_update,426,1.397031
contact_update,427,1.364635
contact_update,428,1.347634
contact_update,429,1.515568
contact_update,430,1.484736
contact_update,431,1.372166
contact_update,432,1.411608
contact_update,433,1.431453
contact_update,434,1.372792
contact_update,435,1.517748
contact_update,436,1.422601
contact_update,437,1.503477
contact_update,438,1.481672
contact_update,439,1.420395
contact_update,440,1.419969
contact_update,441,1.429694
contact_update,442,1.407503
contact_update,443,1.441343
contact_update,444,1.411686
contact_update,445,1.471817
contact_update,446,1.351088
contact_update,447,1.299674
contact_update,448,1.244019
contact_update,449,1.397194
contact_update,450,1.282539
contact_update,451,1.347466
contact_update,452,1.266684
contact_update,453,1.446648
contact_update,454,1.313073
contact_update,455,2.298486
contact_update,456,1.989933
contact_update,457,1.390483
contact_update,458,1.294988
contact_update,459,1.319940
contact_update,460,1.374431
contact_update,461,1.368814
contact_update,462,1.301722
contact_update,463,1.279555
contact_update,464,1.490310
contact_update,465,1.410085
contact_update,466,1.415471
contact_update,467,1.354934
contact_update,468,1.402708
contact_update,469,1.371618
contact_update,470,1.497814
contact_update,471,1.380497
contact_update,472,1.411384
contact_update,473,1.341913
contact_update,474,1.390610
contact_update,475,1.361458
contact_update,476,1.471628
contact_update,477,1.448877
contact_update,478,1.364644
contact_update,479,1.386082
contact_update,480,1.392854
contact_update,481,1.401600
contact_update,482,1.364488
contact_update,483,1.412836
contact_update,484,1.410194
contact_update,485,1.415974
contact_update,486,1.393982
contact_update,487,1.407326
contact_update,488,1.338465
contact_update,489,1.405114
contact_update,490,1.382948
contact_update,491,1.355996
contact_update,492,1.395575
contact_update,493,1.414134
contact_update,494,1.459106
contact_update,495,1.437355
contact_update,496,1.532354
contact_update,497,1.415637
contact_update,498,1.471689
contact_update,499,1.381966
contact_update,500,1.437307
contact_update,501,1.491887
contact_update,502,1.421414
contact_update,503,1.473261
contact_update,504,1.405601
contact_update,505,1.319132
contact_update,506,1.478398
contact_update,507,1.387100
contact_update,508,1.399631
contact_update,509,1.407181
contact_update,510,1.446035
contact_update,511,1.449774
contact_update,512,1.375296
contact_update,513,1.404916
contact_update,514,1.382270
contact_update,515,1.474107
contact_update,516,1.422951
contact_update,517,1.344698
contact_update,518,1.428390
contact_update,519,1.444055
contact_update,520,1.408830
contact_update,521,1.452864
contact_update,522,1.423510
contact_update,523,1.367098
contact_update,524,1.354487
contact_update,525,1.455538
contact_update,526,1.409451
contact_update,527,1.405446
contact_update,528,1.352269
contact_update,529,1.436724
contact_update,530,1.430949
contact_update,531,1.388004
contact_update,532,1.458107
contact_update,533,1.391406
contact_update,534,1.354687
contact_update,535,1.474067
contact_update,536,1.416667
contact_update,537,1.413449
contact_update,538,1.458551
contact_update,539,1.392648
contact_update,540,1.427450
contact_update,541,1.400910
contact_update,542,1.637267
contact_update,543,1.466962
contact_update,544,1.647256
contact_update,545,1.293682
contact_update,546,1.400643
contact_update,547,1.515714
contact_update,548,1.434074
contact_update,549,1.355531
contact_update,550,1.452269
contact_update,551,1.412005
contact_update,552,1.487267
contact_update,553,1.363693
contact_update,554,1.404392
contact_update,555,1.360152
contact_update,556,1.495166
contact_update,557,1.453071
contact_update,558,1.449209
contact_update,559,1.336290
contact_update,560,1.471685
contact_update,561,1.408040
contact_update,562,1.325585
contact_update,563,1.364904
contact_update,564,1.327473
contact_update,565,1.588702
contact_update,566,1.450513
contact_update,567,1.399898
contact_update,568,1.427912
contact_update,569,1.310771
contact_update,570,1.405924
contact_update,571,1.376864
contact_update,572,1.348023
contact_update,573,1.354534
contact_update,574,1.277678
contact_update,575,1.305352
contact_update,576,1.320300
contact_update,577,1.429086
contact_update,578,1.383895
contact_update,579,1.369223
contact_update,580,1.392266
contact_update,581,1.367607
contact_update,582,1.403121
contact_update,583,1.370381
contact_update,584,1.389803
contact_update,585,1.385871
contact_update,586,1.388504
contact_update,587,1.349866
contact_update,588,1.388680
contact_update,589,1.363313
contact_update,590,1.384672
contact_update,591,1.414251
contact_update,592,1.409800
contact_update,593,1.377594
contact_update,594,1.340361
contact_update,595,4.016266
contact_update,596,1.495733
contact_update,597,1.322467
contact_update,598,1.330735
contact_update,599,1.352933
contact_update,600,1.462080
contact_update,601,1.362477
contact_update,602,1.440643
contact_update,603,1.387965
contact_update,604,1.340336
contact_update,605,1.344084
contact_update,606,1.402476
contact_update,607,1.412524
contact_update,608,1.364484
contact_update,609,1.340013
contact_update,610,1.390293
contact_update,611,1.379784
contact_update,612,1.443347
contact_update,613,1.420798
contact_update,614,1.408426
contact_update,615,1.395739
contact_update,616,1.341318
contact_update,617,1.874781
contact_update,618,1.521932
contact_update,619,1.428724
contact_update,620,1.468140
contact_update,621,1.397031
contact_update,622,1.485540
contact_update,623,1.425817
contact_update,624,1.408010
contact_update,625,1.345815
contact_update,626,1.373545
contact_update,627,1.446107
contact_update,628,1.383553
contact_update,629,1.433320
contact_update,630,1.488168
contact_update,631,1.478561
contact_update,632,1.382717
contact_update,633,1.330068
contact_update,634,1.477364
contact_update,635,1.520459
contact_update,636,1.465876
contact_update,637,1.445148
contact_update,638,1.331354
contact_update,639,1.421413
contact_update,640,1.416152
contact_update,641,1.389134
contact_update,642,1.379717
contact_update,643,1.460090
contact_update,644,1.366986
contact_update,645,1.456781
contact_update,646,1.441406
contact_update,647,1.431054
contact_update,648,1.482932
contact_update,649,1.399529
contact_update,650,1.436720
contact_update,651,1.390538
contact_update,652,1.380889
contact_update,653,1.402975
contact_update,654,1.378087
contact_update,655,1.455899
contact_update,656,1.420784
contact_update,657,1.363147
contact_update,658,1.452948
contact_update,659,1.452229
contact_update,660,1.407859
contact_update,661,1.394670
contact_update,662,1.408045
contact_update,663,1.626768
contact_update,664,1.494329
contact_update,665,1.427002
contact_update,666,1.340931
contact_update,667,1.431958
contact_update,668,1.410481
contact_update,669,1.393852
contact_update,670,1.346809
contact_update,671,1.487661
contact_update,672,1.364885
contact_update,673,1.399071
contact_update,674,1.355863
contact_update,675,1.306473
contact_update,676,1.380406
contact_update,677,1.326586
contact_update,678,1.416957
contact_update,679,1.455963
contact_update,680,1.300556
contact_update,681,1.299321
contact_update,682,1.523795
contact_update,683,1.392633
contact_update,684,1.550680
contact_update,685,1.376422
contact_update,686,1.496020
contact_update,687,1.392964
contact_update,688,1.449069
contact_update,689,1.420108
contact_update,690,1.392083
contact_update,691,1.391408
contact_update,692,1.468490
contact_update,693,1.425411
contact_update,694,1.388603
contact_update,695,1.395487
contact_update,696,1.307310
contact_update,697,1.345759
contact_update,698,1.316822
contact_update,699,1.430612
contact_update,700,1.382924
contact_update,701,1.390256
contact_update,702,1.399079
contact_update,703,1.321870
contact_update,704,1.368324
contact_update,705,1.321585
contact_update,706,1.415151
contact_update,707,1.354363
contact_update,708,1.374143
contact_update,709,1.404209
contact_update,710,1.617843
contact_update,711,1.318281
contact_update,712,1.388251
contact_update,713,1.435895
contact_update,714,1.382196
contact_update,715,1.481309
contact_update,716,1.318265
contact_update,717,1.381784
contact_update,718,1.416531
contact_update,719,1.387143
contact_update,720,1.427526
contact_update,721,1.439879
contact_update,722,1.426182
contact_update,723,1.422549
contact_update,724,1.391513
contact_update,725,1.441360
contact_update,726,1.440262
contact_update,727,1.367428
contact_update,728,1.411995
contact_update,729,1.512897
contact_update,730,1.350586
contact_update,731,1.375240
contact_update,732,1.430448
contact_update,733,1.326096
contact_update,734,2.268102
contact_update,735,1.356917
contact_update,736,1.355035
contact_update,737,1.320837
contact_update,738,1.393889
contact_update,739,1.427025
contact_update,740,1.448704
contact_update,741,1.439841
contact_update,742,1.532106
contact_update,743,1.470228
contact_update,744,1.408692
contact_update,745,1.321863
contact_update,746,1.306570
contact_update,747,1.584972
contact_update,748,1.388346
contact_update,749,1.356098
contact_update,750,1.326589
contact_update,751,1.261800
contact_update,752,1.296038
contact_update,753,1.313098
contact_update,754,1.421997
contact_update,755,1.358659
contact_update,756,1.388294
contact_update,757,1.540213
contact_update,758,1.292701
contact_update,759,1.339484
contact_update,760,1.387947
contact_update,761,1.233739
contact_update,762,1.369409
contact_update,763,1.325017
contact_update,764,1.296456
contact_update,765,1.296805
contact_update,766,1.304641
contact_update,767,1.325687
contact_update,768,1.445101
contact_update,769,1.448364
contact_update,770,1.340344
contact_update,771,1.407917
contact_update,772,1.361858
contact_update,773,1.380484
contact_update,774,1.361722
contact_update,775,1.458235
contact_update,776,1.465813
contact_update,777,1.524037
contact_update,778,1.384112
contact_update,779,1.246945
contact_update,780,1.353336
contact_update,781,1.331372
contact_update,782,1.415459
contact_update,783,1.462010
contact_update,784,1.414669
contact_update,785,1.384311
contact_update,786,1.349125
contact_update,787,1.372406
contact_update,788,1.419305
contact_update,789,1.403039
contact_update,790,1.410855
contact_update,791,1.428119
contact_update,792,1.401174
contact_update,793,1.332634
contact_update,794,1.422760
contact_update,795,1.355357
contact_update,796,1.324860
contact_update,797,1.413076
contact_update,798,1.404793
contact_update,799,1.434002
contact_update,800,1.457869
contact_update,801,1.433965
contact_update,802,1.257951
contact_update,803,1.367097
contact_update,804,1.513495
contact_update,805,1.326090
contact_update,806,1.466859
contact_update,807,1.496753
contact_update,808,1.416017
contact_update,809,1.459042
contact_update,810,1.387511
contact_update,811,1.476060
contact_update,812,1.381293
contact_update,813,1.399276
contact_update,814,1.396950
contact_update,815,1.383250
contact_update,816,1.428373
contact_update,817,1.370989
contact_update,818,1.436531
contact_update,819,1.484763
contact_update,820,1.367231
contact_update,821,1.313856
contact_update,822,1.331171
contact_update,823,1.442429
contact_update,824,1.359105
contact_update,825,1.327839
contact_update,826,1.294917
contact_update,827,1.400167
contact_update,828,1.396909
contact_update,829,1.311981
contact_update,830,1.335577
contact_update,831,1.378613
contact_update,832,1.407786
contact_update,833,1.344985
contact_update,834,1.350863
contact_update,835,1.464340
contact_update,836,1.430850
contact_update,837,1.459901
contact_update,838,1.341029
contact_update,839,1.403202
contact_update,840,1.325582
contact_update,841,1.347809
contact_update,842,1.312016
contact_update,843,1.324316
contact_update,844,1.309740
contact_update,845,1.388699
contact_update,846,1.292048
contact_update,847,1.323746
contact_update,848,1.388133
contact_update,849,1.405158
contact_update,850,1.338995
contact_update,851,1.230375
contact_update,852,1.477158
contact_update,853,1.467811
contact_update,854,1.396515
contact_update,855,1.322974
contact_update,856,1.399403
contact_update,857,1.372110
contact_update,858,1.389303
contact_update,859,1.372295
contact_update,860,1.325853
contact_update,861,1.331256
contact_update,862,1.331974
contact_update,863,1.332409
contact_update,864,1.350899
contact_update,865,1.417487
contact_update,866,1.378517
contact_update,867,1.438756
contact_update,868,1.326800
contact_update,869,1.375095
contact_update,870,1.364217
contact_update,871,1.370330
contact_update,872,1.288621
contact_update,873,1.429744
contact_update,874,1.426381
contact_update,875,1.363672
contact_update,876,1.455831
contact_update,877,2.948749
contact_update,878,1.274937
contact_update,879,1.337312
contact_update,880,1.322739
contact_update,881,1.566944
contact_update,882,1.413305
contact_update,883,1.311332
contact_update,884,1.303520
contact_update,885,1.442716
contact_update,886,1.386715
contact_update,887,1.397313
contact_update,888,1.368050
contact_update,889,1.351930
contact_update,890,1.348002
contact_update,891,1.337316
contact_update,892,1.329085
contact_update,893,1.312701
contact_update,894,1.356585
contact_update,895,1.356403
contact_update,896,1.331435
contact_update,897,1.546094
contact_update,898,1.333070
contact_update,899,1.360033
contact_update,900,1.434438
contact_update,901,1.351655
contact_update,902,1.379536
contact_update,903,1.394095
contact_update,904,1.516214
contact_update,905,1.307003
contact_update,906,1.343983
contact_update,907,1.367102
contact_update,908,1.303550
contact_update,909,1.328324
contact_update,910,1.339162
contact_update,911,1.339992
contact_update,912,1.383787
contact_update,913,1.359342
contact_update,914,1.402614
contact_update,915,1.308269
contact_update,916,1.337940
contact_update,917,1.293307
contact_update,918,1.298713
contact_update,919,1.295730
contact_update,920,1.463036
contact_update,921,1.309362
contact_update,922,1.438992
contact_update,923,1.421800
contact_update,924,1.321552
contact_update,925,1.365029
contact_update,926,1.297636
contact_update,927,1.317356
contact_update,928,1.402893
contact_update,929,1.405403
contact_update,930,1.381988
contact_update,931,1.332960
contact_update,932,1.497083
contact_update,933,1.267687
contact_update,934,1.441946
contact_update,935,1.439173
contact_update,936,1.461046
contact_update,937,1.403989
contact_update,938,1.273420
contact_update,939,1.415343
contact_update,940,1.363583
contact_update,941,1.371495
contact_update,942,1.303689
contact_update,943,1.245848
contact_update,944,1.203820
contact_update,945,1.279560
contact_update,946,1.198387
contact_update,947,1.311517
contact_update,948,1.355543
contact_update,949,1.377731
contact_update,950,1.370983
contact_update,951,1.313646
contact_update,952,1.413625
contact_update,953,1.352101
contact_update,954,1.349602
contact_update,955,1.383346
contact_update,956,1.316975
contact_update,957,1.376837
contact_update,958,1.337993
contact_update,959,1.325351
contact_update,960,1.379668
contact_update,961,1.380626
contact_update,962,1.322865
contact_update,963,1.341582
contact_update,964,1.362848
contact_update,965,1.423821
contact_update,966,1.408117
contact_update,967,1.325110
contact_update,968,1.384522
contact_update,969,1.321475
contact_update,970,1.339344
contact_update,971,1.224504
contact_update,972,1.315209
contact_update,973,1.323753
contact_update,974,1.422729
contact_update,975,1.336080
contact_update,976,1.390956
contact_update,977,1.332149
contact_update,978,1.300089
contact_update,979,1.312687
contact_update,980,1.280038
contact_update,981,1.366512
contact_update,982,1.270610
contact_update,983,1.382459
contact_update,984,1.322305
contact_update,985,1.389728
contact_update,986,1.360496
contact_update,987,1.292826
contact_update,988,1.396149
contact_update,989,1.374605
contact_update,990,1.338831
contact_update,991,1.369724
contact_update,992,1.293115
contact_update,993,1.409243
contact_update,994,1.366467
contact_update,995,1.276240
contact_update,996,1.404878
contact_update,997,1.356204
contact_update,998,1.355410
contact_update,999,1.333305
contact_update,1000,1.310687
contact_update,1001,1.319099
contact_update,1002,1.272515
contact_update,1003,1.271847
contact_update,1004,1.358794
contact_update,1005,1.291422
contact_update,1006,1.301409
contact_update,1007,1.315153
contact_update,1008,1.351347
contact_update,1009,1.291545
contact_update,1010,1.415109
contact_update,1011,1.425562
contact_update,1012,1.367598
contact_update,1013,1.323846
contact_update,1014,1.334270
contact_update,1015,1.390249
contact_update,1016,1.382812
contact_update,1017,1.323489
contact_update,1018,1.407384
contact_update,1019,1.273654
contact_update,1020,1.343797
contact_update,1021,1.406045
contact_update,1022,2.025573
contact_update,1023,1.399310
contact_update,1024,1.366146
contact_update,1025,1.320339
contact_update,1026,1.325838
contact_update,1027,1.216724
contact_update,1028,1.325353
contact_update,1029,1.253675
contact_update,1030,1.222292
contact_update,1031,1.283416
contact_update,1032,1.231238
contact_update,1033,1.248102
contact_update,1034,1.348002
contact_update,1035,1.299293
contact_update,1036,1.501036
contact_update,1037,1.531061
contact_update,1038,1.459805
contact_update,1039,1.340464
contact_update,1040,1.323525
contact_update,1041,1.271680
contact_update,1042,1.310210
contact_update,1043,1.474214
contact_update,1044,1.337201
contact_update,1045,1.639462
contact_update,1046,1.399572
contact_update,1047,1.356716
contact_update,1048,1.411261
contact_update,1049,1.534454
contact_update,1050,1.521534
contact_update,1051,1.519330
contact_update,1052,1.491233
contact_update,1053,1.343938
contact_update,1054,1.364019
contact_update,1055,1.432199
contact_update,1056,1.310091
contact_update,1057,1.360026
contact_update,1058,1.410570
contact_update,1059,1.358595
contact_update,1060,1.329424
contact_update,1061,1.378269
contact_update,1062,1.349466
contact_update,1063,1.402171
contact_update,1064,1.401574
contact_update,1065,1.309934
contact_update,1066,1.335148
contact_update,1067,1.387883
contact_update,1068,1.354339
contact_update,1069,1.389776
contact_update,1070,1.321522
contact_update,1071,1.347907
contact_update,1072,1.327278
contact_update,1073,1.408347
contact_update,1074,1.400165
contact_update,1075,1.313793
contact_update,1076,1.287923
contact_update,1077,1.409123
contact_update,1078,1.355838
contact_update,1079,1.453169
contact_update,1080,1.362083
contact_update,1081,1.343936
contact_update,1082,1.490019
contact_update,1083,1.356376
contact_update,1084,1.369667
contact_update,1085,1.324133
contact_update,1086,1.583513
contact_update,1087,1.374909
contact_update,1088,1.410594
contact_update,1089,1.266728
contact_update,1090,1.328813
contact_update,1091,1.354471
contact_update,1092,1.410759
contact_update,1093,1.332936
contact_update,1094,1.247425
contact_update,1095,1.389800
contact_update,1096,1.428487
contact_update,1097,1.421929
contact_update,1098,1.427302
contact_update,1099,1.257508
contact_update,1100,1.431950
contact_update,1101,1.437516
contact_update,1102,1.448425
contact_update,1103,1.328153
contact_update,1104,1.417879
contact_update,1105,1.405556
contact_update,1106,1.394987
contact_update,1107,1.451257
contact_update,1108,1.377927
contact_update,1109,1.364093
contact_update,1110,1.379944
contact_update,1111,1.301215
contact_update,1112,1.358034
contact_update,1113,1.355981
contact_update,1114,1.412265
contact_update,1115,1.337622
contact_update,1116,1.365671
contact_update,1117,1.351084
contact_update,1118,1.290635
contact_update,1119,1.316096
contact_update,1120,1.346533
contact_update,1121,1.382564
contact_update,1122,1.385118
contact_update,1123,1.362047
contact_update,1124,1.378540
contact_update,1125,1.419087
contact_update,1126,1.477878
contact_update,1127,1.379831
contact_update,1128,1.411169
contact_update,1129,1.463925
contact_update,1130,1.405692
contact_update,1131,1.350747
contact_update,1132,1.331389
contact_update,1133,1.389178
contact_update,1134,1.443262
contact_update,1135,1.392545
contact_update,1136,1.329218
contact_update,1137,1.409693
contact_update,1138,1.309943
contact_update,1139,1.412338
contact_update,1140,1.344330
contact_update,1141,1.435521
contact_update,1142,1.384320
contact_update,1143,1.318443
contact_update,1144,1.503691
contact_update,1145,1.495106
contact_update,1146,1.382113
contact_update,1147,1.354601
contact_update,1148,1.396910
contact_update,1149,1.387610
contact_update,1150,1.448866
contact_update,1151,1.448069
contact_update,1152,1.346940
contact_update,1153,1.429754
contact_update,1154,1.418709
contact_update,1155,1.440011
contact_update,1156,1.411873
contact_update,1157,1.376211
contact_update,1158,1.424212
contact_update,1159,1.325700
contact_update,1160,1.450357
contact_update,1161,1.326714
contact_update,1162,1.396630
contact_update,1163,1.409273
contact_update,1164,2.408970
contact_update,1165,2.903754
contact_update,1166,1.333853
contact_update,1167,1.315114
contact_update,1168,1.375581
contact_update,1169,1.385972
contact_update,1170,1.349769
contact_update,1171,1.346517
contact_update,1172,1.277313
contact_update,1173,1.478202
contact_update,1174,1.400132
contact_update,1175,1.358729
contact_update,1176,1.602137
contact_update,1177,1.373258
contact_update,1178,1.500657
contact_update,1179,1.415421
contact_update,1180,1.334277
contact_update,1181,1.370235
contact_update,1182,1.384105
contact_update,1183,1.429035
contact_update,1184,1.362939
contact_update,1185,1.398932
contact_update,1186,1.392842
contact_update,1187,1.433204
contact_update,1188,1.411371
contact_update,1189,1.467895
contact_update,1190,1.416095
contact_update,1191,1.408395
contact_update,1192,1.303812
contact_update,1193,1.424270
contact_update,1194,1.478082
contact_update,1195,1.404100
contact_update,1196,1.375173
contact_update,1197,1.293595
contact_update,1198,1.318755
contact_update,1199,1.342683
contact_update,1200,1.443018
contact_update,1201,1.379308
contact_update,1202,1.410876
contact_update,1203,1.337930
contact_update,1204,1.401626
contact_update,1205,1.404820
contact_update,1206,1.389593
contact_update,1207,1.359101
contact_update,1208,1.339794
contact_update,1209,1.361731
contact_update,1210,1.459188
contact_update,1211,1.428928
contact_update,1212,1.384576
contact_update,1213,1.400367
contact_update,1214,1.369212
contact_update,1215,1.427392
contact_update,1216,1.369038
contact_update,1217,1.378622
contact_update,1218,1.326232
contact_update,1219,1.330779
contact_update,1220,1.349244
contact_update,1221,1.453941
contact_update,1222,1.289859
contact_update,1223,1.394410
contact_update,1224,1.349550
contact_update,1225,1.309755
contact_update,1226,1.349243
contact_update,1227,1.348977
contact_update,1228,1.372620
contact_update,1229,1.369350
contact_update,1230,1.361636
contact_update,1231,1.383713
contact_update,1232,1.433751
contact_update,1233,1.351747
contact_update,1234,1.356872
contact_update,1235,1.418682
contact_update,1236,1.432408
contact_update,1237,1.355664
contact_update,1238,1.300606
contact_update,1239,1.419654
contact_update,1240,1.418553
contact_update,1241,1.500089
contact_update,1242,1.525165
contact_update,1243,1.351770
contact_update,1244,1.398368
contact_update,1245,1.449928
contact_update,1246,1.396055
contact_update,1247,1.334930
contact_update,1248,1.335443
contact_update,1249,1.368831
contact_update,1250,1.302221
contact_update,1251,1.325774
contact_update,1252,1.377123
contact_update,1253,1.438957
contact_update,1254,1.392604
contact_update,1255,1.357581
contact_update,1256,1.510334
contact_update,1257,1.389662
contact_update,1258,1.282870
contact_update,1259,1.335977
contact_update,1260,1.326631
contact_update,1261,1.400363
contact_update,1262,1.455003
contact_update,1263,1.507723
contact_update,1264,1.359997
contact_update,1265,1.319325
contact_update,1266,1.424506
contact_update,1267,1.399270
contact_update,1268,1.483504
contact_update,1269,1.457238
contact_update,1270,1.405313
contact_update,1271,1.436978
contact_update,1272,1.342932
contact_update,1273,1.323142
contact_update,1274,1.362486
contact_update,1275,1.317058
contact_update,1276,1.368266
contact_update,1277,1.349403
contact_update,1278,1.269600
contact_update,1279,1.626327
contact_update,1280,1.420364
contact_update,1281,1.353886
contact_update,1282,1.293407
contact_update,1283,1.302618
contact_update,1284,1.473416
contact_update,1285,1.397218
contact_update,1286,1.353863
contact_update,1287,1.484834
contact_update,1288,1.408362
contact_update,1289,1.366202
contact_update,1290,1.478284
contact_update,1291,1.422377
contact_update,1292,1.364701
contact_update,1293,1.413636
contact_update,1294,1.419598
contact_update,1295,1.401361
contact_update,1296,1.366809
contact_update,1297,1.390426
contact_update,1298,1.449886
contact_update,1299,1.465329
contact_update,1300,1.410380
contact_update,1301,1.423786
contact_update,1302,1.384836
contact_update,1303,1.414160
contact_update,1304,1.451758
contact_update,1305,1.700016
contact_update,1306,1.400485
contact_update,1307,1.420330
contact_update,1308,1.373661
contact_update,1309,1.329776
contact_update,1310,1.321010
contact_update,1311,1.461679
contact_update,1312,1.373662
contact_update,1313,1.368359
contact_update,1314,1.404924
contact_update,1315,1.387749
contact_update,1316,1.422932
contact_update,1317,1.363096
contact_update,1318,1.368730
contact_update,1319,1.412113
contact_update,1320,1.383197
contact_update,1321,1.433386
contact_update,1322,1.387547
contact_update,1323,1.394760
contact_update,1324,1.421980
contact_update,1325,1.384393
contact_update,1326,1.846188
contact_update,1327,1.408059
contact_update,1328,1.531702
contact_update,1329,1.448945
contact_update,1330,1.323565
contact_update,1331,1.296298
contact_update,1332,1.288744
contact_update,1333,1.290266
contact_update,1334,1.413066
contact_update,1335,1.310974
contact_update,1336,1.432457
contact_update,1337,1.391366
contact_update,1338,1.472617
contact_update,1339,1.395276
contact_update,1340,1.462738
contact_update,1341,1.356847
contact_update,1342,1.346945
contact_update,1343,1.322991
contact_update,1344,1.400414
contact_update,1345,1.353146
contact_update,1346,1.358310
contact_update,1347,1.360743
contact_update,1348,1.235739
contact_update,1349,1.357349
contact_update,1350,1.553980
contact_update,1351,1.443633
contact_update,1352,1.398854
contact_update,1353,1.438574
contact_update,1354,1.393271
contact_update,1355,1.431354
contact_update,1356,1.422947
contact_update,1357,1.361301
contact_update,1358,1.476723
contact_update,1359,1.332060
contact_update,1360,1.344397
contact_update,1361,1.399521
contact_update,1362,1.393640
contact_update,1363,1.319913
contact_update,1364,1.320778
contact_update,1365,1.343685
contact_update,1366,1.354644
contact_update,1367,1.414426
contact_update,1368,1.474318
contact_update,1369,1.411471
contact_update,1370,1.421144
contact_update,1371,1.323652
contact_update,1372,1.418359
contact_update,1373,1.603203
contact_update,1374,1.402338
contact_update,1375,1.471265
contact_update,1376,1.364321
contact_update,1377,1.448593
contact_update,1378,1.370235
contact_update,1379,1.416022
contact_update,1380,1.436917
contact_update,1381,1.427477
contact_update,1382,1.371455
contact_update,1383,1.438896
contact_update,1384,1.423581
contact_update,1385,1.303590
contact_update,1386,1.373920
contact_update,1387,1.413610
contact_update,1388,1.330647
contact_update,1389,1.344889
contact_update,1390,1.331114
contact_update,1391,1.417962
contact_update,1392,1.406472
contact_update,1393,1.371395
contact_update,1394,1.427891
contact_update,1395,1.391593
contact_update,1396,1.534323
contact_update,1397,1.354060
contact_update,1398,1.494713
contact_update,1399,1.335006
contact_update,1400,1.361024
contact_update,1401,1.376834
contact_update,1402,1.303739
contact_update,1403,1.379548
contact_update,1404,1.421238
contact_update,1405,1.342950
contact_update,1406,1.406336
contact_update,1407,1.517672
contact_update,1408,1.376701
contact_update,1409,1.254631
contact_update,1410,1.294939
contact_update,1411,1.562088
contact_update,1412,1.400166
contact_update,1413,1.363477
contact_update,1414,1.434275
contact_update,1415,1.367070
contact_update,1416,1.366976
contact_update,1417,1.346252
contact_update,1418,1.343460
contact_update,1419,1.331272
contact_update,1420,1.231641
contact_update,1421,1.333913
contact_update,1422,1.358820
contact_update,1423,1.326815
contact_update,1424,1.249686
contact_update,1425,1.233364
contact_update,1426,1.432003
contact_update,1427,1.337989
contact_update,1428,1.399850
contact_update,1429,1.439437
contact_update,1430,1.488061
contact_update,1431,1.352742
contact_update,1432,1.395048
contact_update,1433,1.291971
contact_update,1434,1.391968
contact_update,1435,1.468639
contact_update,1436,1.387429
contact_update,1437,1.373321
contact_update,1438,1.344820
contact_update,1439,1.459937
contact_update,1440,1.328677
contact_update,1441,1.343788
contact_update,1442,1.378015
contact_update,1443,1.324265
contact_update,1444,1.400827
contact_update,1445,1.311446
contact_update,1446,1.355419
contact_update,1447,2.262202
contact_update,1448,1.943854
contact_update,1449,1.291190
contact_update,1450,1.305595
contact_update,1451,1.391029
contact_update,1452,1.411078
contact_update,1453,1.410884
contact_update,1454,1.377774
contact_update,1455,1.368540
contact_update,1456,1.305292
contact_update,1457,1.310934
contact_update,1458,1.290179
contact_update,1459,1.253932
contact_update,1460,1.284783
contact_update,1461,1.309725
contact_update,1462,1.311335
contact_update,1463,1.223448
contact_update,1464,1.304855
contact_update,1465,1.377259
contact_update,1466,1.367775
contact_update,1467,1.342619
contact_update,1468,1.337429
contact_update,1469,1.273270
contact_update,1470,1.363538
contact_update,1471,1.367967
contact_update,1472,1.384278
contact_update,1473,1.382096
contact_update,1474,1.340022
contact_update,1475,1.346996
contact_update,1476,1.328740
contact_update,1477,1.369085
contact_update,1478,1.410539
contact_update,1479,1.365265
contact_update,1480,1.329851
contact_update,1481,1.242980
contact_update,1482,1.257929
contact_update,1483,1.174762
contact_update,1484,1.202618
contact_update,1485,1.342468
contact_update,1486,1.541079
contact_update,1487,1.480514
contact_update,1488,1.320811
contact_update,1489,1.440334
contact_update,1490,1.452628
contact_update,1491,1.306239
contact_update,1492,1.466856
contact_update,1493,1.386634
contact_update,1494,1.384673
contact_update,1495,1.353150
contact_update,1496,1.314709
contact_update,1497,1.394275
contact_update,1498,1.432578
contact_update,1499,1.389623
contact_update,1500,1.410774
contact_update,1501,1.339524
contact_update,1502,1.322294
contact_update,1503,1.365642
contact_update,1504,1.286226
contact_update,1505,1.390728
contact_update,1506,1.353370
contact_update,1507,1.327757
contact_update,1508,1.383276
contact_update,1509,1.353529
contact_update,1510,1.362187
contact_update,1511,1.358872
contact_update,1512,1.295472
contact_update,1513,1.370423
contact_update,1514,1.401033
contact_update,1515,1.424191
contact_update,1516,1.505416
contact_update,1517,1.380401
contact_update,1518,1.372996
contact_update,1519,1.380785
contact_update,1520,1.384696
contact_update,1521,1.371930
contact_update,1522,1.347417
contact_update,1523,1.370877
contact_update,1524,1.406761
contact_update,1525,1.329442
contact_update,1526,1.428088
contact_update,1527,1.430777
contact_update,1528,1.391651
contact_update,1529,1.427877
contact_update,1530,1.296232
contact_update,1531,1.374851
contact_update,1532,1.397422
contact_update,1533,1.350808
contact_update,1534,1.324834
contact_update,1535,1.294140
contact_update,1536,1.343409
contact_update,1537,1.279403
contact_update,1538,1.344294
contact_update,1539,1.368675
contact_update,1540,1.394405
contact_update,1541,1.292723
contact_update,1542,1.310536
contact_update,1543,1.384979
contact_update,1544,1.299293
contact_update,1545,1.391083
contact_update,1546,1.354753
contact_update,1547,1.375382
contact_update,1548,1.238692
contact_update,1549,1.400348
contact_update,1550,1.413826
contact_update,1551,1.340633
contact_update,1552,1.388417
contact_update,1553,1.400456
contact_update,1554,1.355967
contact_update,1555,1.311856
contact_update,1556,1.328438
contact_update,1557,1.416634
contact_update,1558,1.233379
contact_update,1559,1.379093
contact_update,1560,1.380221
contact_update,1561,1.299637
contact_update,1562,1.321706
contact_update,1563,1.310851
contact_update,1564,1.334425
contact_update,1565,1.377423
contact_update,1566,1.466955
contact_update,1567,1.540610
contact_update,1568,1.395245
contact_update,1569,1.359033
contact_update,1570,1.337140
contact_update,1571,1.349894
contact_update,1572,1.374263
contact_update,1573,1.310001
contact_update,1574,1.362668
contact_update,1575,1.229877
contact_update,1576,1.312863
contact_update,1577,1.343454
contact_update,1578,1.257244
contact_update,1579,1.354077
contact_update,1580,1.276812
contact_update,1581,1.323030
contact_update,1582,1.454230
contact_update,1583,1.458418
contact_update,1584,1.318881
contact_update,1585,1.347845
contact_update,1586,1.356660
contact_update,1587,1.355712
contact_update,1588,1.298750
contact_update,1589,1.284757
contact_update,1590,1.280195
contact_update,1591,1.388191
contact_update,1592,2.431492
contact_update,1593,1.946795
contact_update,1594,1.450358
contact_update,1595,1.345705
contact_update,1596,1.387663
contact_update,1597,1.293430
contact_update,1598,1.340871
contact_update,1599,1.308151
contact_update,1600,1.289715
contact_update,1601,1.483223
contact_update,1602,1.455834
contact_update,1603,1.404884
contact_update,1604,1.324059
contact_update,1605,1.309710
contact_update,1606,1.463809
contact_update,1607,1.362189
contact_update,1608,1.403339
contact_update,1609,1.485753
contact_update,1610,1.363235
contact_update,1611,1.365580
contact_update,1612,1.310454
contact_update,1613,1.440386
contact_update,1614,1.313027
contact_update,1615,1.459468
contact_update,1616,1.328286
contact_update,1617,1.354277
contact_update,1618,1.315714
contact_update,1619,1.391581
contact_update,1620,1.335785
contact_update,1621,1.361364
contact_update,1622,1.408050
contact_update,1623,1.347708
contact_update,1624,1.444242
contact_update,1625,1.231723
contact_update,1626,1.245911
contact_update,1627,1.380947
contact_update,1628,1.325618
contact_update,1629,1.448917
contact_update,1630,1.417143
contact_update,1631,1.286808
contact_update,1632,1.299648
contact_update,1633,1.365357
contact_update,1634,1.377226
contact_update,1635,1.391507
contact_update,1636,1.408221
contact_update,1637,1.254678
contact_update,1638,1.372836
contact_update,1639,1.426133
contact_update,1640,1.316555
contact_update,1641,1.285000
contact_update,1642,1.322489
contact_update,1643,1.358532
contact_update,1644,1.359618
contact_update,1645,1.348551
contact_update,1646,1.448223
contact_update,1647,1.411276
contact_update,1648,1.428971
contact_update,1649,1.345075
contact_update,1650,1.288043
contact_update,1651,1.429653
contact_update,1652,1.431760
contact_update,1653,1.368071
contact_update,1654,1.344208
contact_update,1655,1.349018
contact_update,1656,1.434154
contact_update,1657,1.347851
contact_update,1658,1.334623
contact_update,1659,1.456944
contact_update,1660,1.383498
contact_update,1661,1.426458
contact_update,1662,1.397629
contact_update,1663,1.423838
contact_update,1664,1.413500
contact_update,1665,1.278977
contact_update,1666,1.418444
contact_update,1667,1.442332
contact_update,1668,1.346276
contact_update,1669,1.445595
contact_update,1670,1.322911
contact_update,1671,1.543230
contact_update,1672,1.760186
contact_update,1673,1.441954
contact_update,1674,1.358092
contact_update,1675,1.425134
contact_update,1676,1.392792
contact_update,1677,1.276178
contact_update,1678,1.447653
contact_update,1679,1.459619
contact_update,1680,1.374540
contact_update,1681,1.361474
contact_update,1682,1.432358
contact_update,1683,1.310120
contact_update,1684,1.343046
contact_update,1685,1.373041
contact_update,1686,1.441454
contact_update,1687,1.369442
contact_update,1688,1.360465
contact_update,1689,1.323720
contact_update,1690,1.445779
contact_update,1691,1.344840
contact_update,1692,1.387199
contact_update,1693,1.393769
contact_update,1694,1.425725
contact_update,1695,1.329093
contact_update,1696,1.340673
contact_update,1697,1.441610
contact_update,1698,1.413711
contact_update,1699,1.447990
contact_update,1700,1.494844
contact_update,1701,1.467659
contact_update,1702,1.319131
contact_update,1703,1.429018
contact_update,1704,1.360309
contact_update,1705,1.412554
contact_update,1706,1.378127
contact_update,1707,1.373975
contact_update,1708,1.355180
contact_update,1709,1.292179
contact_update,1710,1.306455
contact_update,1711,1.392028
contact_update,1712,1.331969
contact_update,1713,1.328737
contact_update,1714,1.414283
contact_update,1715,1.448563
contact_update,1716,1.415467
contact_update,1717,1.371997
contact_update,1718,1.373148
contact_update,1719,1.348086
contact_update,1720,1.334073
contact_update,1721,1.453634
contact_update,1722,1.350541
contact_update,1723,1.397738
contact_update,1724,1.293419
contact_update,1725,1.312897
contact_update,1726,1.323687
contact_update,1727,1.361604
contact_update,1728,1.342964
contact_update,1729,1.308285
contact_update,1730,1.308945
contact_update,1731,1.306776
contact_update,1732,1.292030
contact_update,1733,1.408331
contact_update,1734,1.352489
contact_update,1735,2.550922
contact_update,1736,1.445239
contact_update,1737,1.368842
contact_update,1738,1.312755
contact_update,1739,1.303536
contact_update,1740,1.598069
contact_update,1741,1.555038
contact_update,1742,1.288836
contact_update,1743,1.412925
contact_update,1744,1.297731
contact_update,1745,1.429855
contact_update,1746,1.389972
contact_update,1747,1.270493
contact_update,1748,1.284602
contact_update,1749,1.281586
contact_update,1750,1.288895
contact_update,1751,1.250413
contact_update,1752,1.347167
contact_update,1753,1.189529
contact_update,1754,1.349490
contact_update,1755,1.285419
contact_update,1756,1.362388
contact_update,1757,1.319939
contact_update,1758,1.327212
contact_update,1759,1.444744
contact_update,1760,1.348574
contact_update,1761,1.341993
contact_update,1762,1.318459
contact_update,1763,1.391567
contact_update,1764,1.439821
contact_update,1765,1.479053
contact_update,1766,1.297154
contact_update,1767,1.297434
contact_update,1768,1.298461
contact_update,1769,1.451197
contact_update,1770,1.373060
contact_update,1771,1.353462
contact_update,1772,1.442700
contact_update,1773,1.425328
contact_update,1774,1.385815
contact_update,1775,1.352478
contact_update,1776,1.401345
contact_update,1777,1.360112
contact_update,1778,1.372037
contact_update,1779,1.322354
contact_update,1780,1.453868
contact_update,1781,1.390480
contact_update,1782,1.331398
contact_update,1783,1.517898
contact_update,1784,1.432797
contact_update,1785,1.361567
contact_update,1786,1.327369
contact_update,1787,1.405648
contact_update,1788,1.342819
contact_update,1789,1.387767
contact_update,1790,1.365235
contact_update,1791,1.424241
contact_update,1792,1.354946
contact_update,1793,1.365641
contact_update,1794,1.566698
contact_update,1795,1.479262
contact_update,1796,1.465258
contact_update,1797,1.412926
contact_update,1798,1.385995
contact_update,1799,1.431835
contact_update,1800,1.411767
contact_update,1801,1.298643
contact_update,1802,1.472867
contact_update,1803,1.458207
contact_update,1804,1.290680
contact_update,1805,1.238699
contact_update,1806,1.405953
contact_update,1807,1.439316
contact_update,1808,1.339354
contact_update,1809,1.517337
contact_update,1810,1.386521
contact_update,1811,1.349832
contact_update,1812,1.427504
contact_update,1813,1.358772
contact_update,1814,1.408818
contact_update,1815,1.374183
contact_update,1816,1.390526
contact_update,1817,1.447284
contact_update,1818,1.447846
contact_update,1819,1.335737
contact_update,1820,1.372075
contact_update,1821,1.452479
contact_update,1822,1.310614
contact_update,1823,1.473673
contact_update,1824,1.424316
contact_update,1825,1.406402
contact_update,1826,1.448069
contact_update,1827,1.404982
contact_update,1828,1.353563
contact_update,1829,1.345294
contact_update,1830,1.457514
contact_update,1831,1.348327
contact_update,1832,1.387439
contact_update,1833,1.397336
contact_update,1834,1.339493
contact_update,1835,1.350322
contact_update,1836,1.371003
contact_update,1837,1.353822
contact_update,1838,1.440447
contact_update,1839,1.492661
contact_update,1840,1.392927
contact_update,1841,1.310756
contact_update,1842,1.440712
contact_update,1843,1.449146
contact_update,1844,1.384122
contact_update,1845,1.297544
contact_update,1846,1.310142
contact_update,1847,1.300361
contact_update,1848,1.365225
contact_update,1849,1.295993
contact_update,1850,1.357737
contact_update,1851,1.390880
contact_update,1852,1.327453
contact_update,1853,1.368462
contact_update,1854,1.413783
contact_update,1855,5.439971
contact_update,1856,22.049393
contact_update,1857,12.941134
contact_update,1858,8.022582
contact_update,1859,5.921461
contact_update,1860,7.866323
contact_update,1861,17.075444
contact_update,1862,15.714619
contact_update,1863,15.160807
contact_update,1864,13.058075
contact_update,1865,4.920981
contact_update,1866,4.946970
contact_update,1867,6.184061
contact_update,1868,4.801524
contact_update,1869,4.988393
contact_update,1870,25.318063
contact_update,1871,55.514923
contact_update,1872,27.960779
contact_update,1873,8.041073
contact_update,1874,9.016674
contact_update,1875,12.005446
contact_update,1876,14.765768
contact_update,1877,1.380204
contact_update,1878,1.369559
contact_update,1879,1.371689
contact_update,1880,1.377913
contact_update,1881,1.415664
contact_update,1882,1.331024
contact_update,1883,1.353547
contact_update,1884,1.301695
contact_update,1885,1.325960
contact_update,1886,1.377671
contact_update,1887,1.401611
contact_update,1888,1.395068
contact_update,1889,1.296588
contact_update,1890,1.328780
contact_update,1891,1.423401
contact_update,1892,1.334044
contact_update,1893,1.369153
contact_update,1894,1.541051
contact_update,1895,1.325094
contact_update,1896,1.380159
contact_update,1897,1.308828
contact_update,1898,1.322705
contact_update,1899,1.337195
contact_update,1900,1.455388
contact_update,1901,1.408704
contact_update,1902,1.360050
contact_update,1903,1.319854
contact_update,1904,86.902007
contact_update,1905,1.529905
contact_update,1906,1.466771
contact_update,1907,1.349090
contact_update,1908,1.332199
contact_update,1909,1.413704
contact_update,1910,1.372444
contact_update,1911,1.409364
contact_update,1912,1.335163
contact_update,1913,1.406493
contact_update,1914,1.386998
contact_update,1915,1.319552
contact_update,1916,1.430748
contact_update,1917,1.353951
contact_update,1918,1.356275
contact_update,1919,1.393074
contact_update,1920,1.331528
contact_update,1921,1.399080
contact_update,1922,1.312877
contact_update,1923,1.340197
contact_update,1924,1.332596
contact_update,1925,1.387634
contact_update,1926,1.427432
contact_update,1927,3.612379
contact_update,1928,1.475438
contact_update,1929,1.426970
contact_update,1930,1.400840
contact_update,1931,1.321285
contact_update,1932,1.357977
contact_update,1933,1.438207
contact_update,1934,1.428578
contact_update,1935,1.415334
contact_update,1936,1.349274
contact_update,1937,1.341927
contact_update,1938,1.392012
contact_update,1939,1.433392
contact_update,1940,1.402061
contact_update,1941,1.299596
contact_update,1942,1.331479
contact_update,1943,1.422827
contact_update,1944,1.313262
contact_update,1945,1.420738
contact_update,1946,1.335646
contact_update,1947,1.396995
contact_update,1948,1.405964
contact_update,1949,1.366888
contact_update,1950,1.509344
contact_update,1951,1.375001
contact_update,1952,1.370103
contact_update,1953,1.376093
contact_update,1954,1.349783
contact_update,1955,1.370208
contact_update,1956,1.317381
contact_update,1957,1.340355
contact_update,1958,1.354838
contact_update,1959,1.442061
contact_update,1960,1.376458
contact_update,1961,1.334114
contact_update,1962,1.378432
contact_update,1963,1.350563
contact_update,1964,1.355605
contact_update,1965,1.432301
contact_update,1966,1.419313
contact_update,1967,1.389719
contact_update,1968,1.419703
contact_update,1969,1.301540
contact_update,1970,1.294820
contact_update,1971,1.379135
contact_update,1972,1.386845
contact_update,1973,1.424161
contact_update,1974,1.403277
contact_update,1975,1.378828
contact_update,1976,1.360815
contact_update,1977,1.443248
contact_update,1978,1.371998
contact_update,1979,1.358797
contact_update,1980,1.349255
contact_update,1981,1.309796
contact_update,1982,1.357540
contact_update,1983,1.507356
contact_update,1984,1.329543
contact_update,1985,1.371360
contact_update,1986,1.420280
contact_update,1987,1.326699
contact_update,1988,1.382196
contact_update,1989,1.375756
contact_update,1990,1.358859
contact_update,1991,1.328649
contact_update,1992,1.349126
contact_update,1993,1.370722
contact_update,1994,1.326509
contact_update,1995,1.393594
contact_update,1996,1.388862
contact_update,1997,1.382296
contact_update,1998,1.364249
contact_update,1999,1.367887
property_update,0,2.086823
property_update,1,0.886351
property_update,2,0.837985
property_update,3,1.010524
property_update,4,0.913265
property_update,5,0.902070
property_update,6,0.748269
property_update,7,0.733014
property_update,8,0.784043
property_update,9,0.748105
property_update,10,0.757255
property_update,11,0.809489
property_update,12,0.778020
property_update,13,0.814326
property_update,14,0.722503
property_update,15,0.768728
property_update,16,0.915512
property_update,17,0.709546
property_update,18,0.759914
property_update,19,0.712539
property_update,20,0.692127
property_update,21,0.700300
property_update,22,0.712089
property_update,23,0.818667
property_update,24,0.935474
property_update,25,0.764445
property_update,26,0.862126
property_update,27,0.714009
property_update,28,0.772598
property_update,29,0.701397
property_update,30,0.755695
property_update,31,0.806838
property_update,32,0.761776
property_update,33,0.728523
property_update,34,0.761239
property_update,35,0.822472
property_update,36,0.812538
property_update,37,0.728873
property_update,38,0.926454
property_update,39,0.813685
property_update,40,0.761526
property_update,41,0.891863
property_update,42,0.749327
property_update,43,0.705533
property_update,44,0.698588
property_update,45,0.927079
property_update,46,0.749607
property_update,47,0.712065
property_update,48,0.765615
property_update,49,0.720397
property_update,50,0.748001
property_update,51,0.717717
property_update,52,0.745739
property_update,53,0.635128
property_update,54,0.705818
property_update,55,0.882301
property_update,56,0.866131
property_update,57,0.759467
property_update,58,0.800533
property_update,59,0.686288
property_update,60,0.890006
property_update,61,0.741004
property_update,62,0.704403
property_update,63,0.768651
property_update,64,0.737374
property_update,65,0.858856
property_update,66,0.726556
property_update,67,0.828663
property_update,68,0.830443
property_update,69,0.714336
property_update,70,0.775006
property_update,71,0.968314
property_update,72,0.772848
property_update,73,0.807794
property_update,74,0.795079
property_update,75,0.721212
property_update,76,0.720188
property_update,77,0.707806
property_update,78,0.846403
property_update,79,0.727147
property_update,80,0.801787
property_update,81,0.819178
property_update,82,0.875461
property_update,83,0.775559
property_update,84,0.710776
property_update,85,0.867333
property_update,86,0.726922
property_update,87,0.807741
property_update,88,0.737657
property_update,89,0.902774
property_update,90,0.729122
property_update,91,0.909117
property_update,92,0.859957
property_update,93,0.868621
property_update,94,0.894056
property_update,95,0.804806
property_update,96,0.850334
property_update,97,0.699154
property_update,98,0.748257
property_update,99,0.884045
property_update,100,0.775436
property_update,101,0.776681
property_update,102,0.682323
property_update,103,0.692178
property_update,104,0.758388
property_update,105,0.880140
property_update,106,0.849710
property_update,107,0.738512
property_update,108,0.814017
property_update,109,0.727056
property_update,110,0.857540
property_update,111,0.852340
property_update,112,0.741038
property_update,113,0.724250
property_update,114,0.644881
property_update,115,0.841154
property_update,116,0.836572
property_update,117,1.913158
property_update,118,0.848589
property_update,119,0.854078
property_update,120,0.922546
property_update,121,0.768508
property_update,122,0.768605
property_update,123,0.827551
property_update,124,0.795139
property_update,125,0.721026
property_update,126,0.688602
property_update,127,0.710707
property_update,128,0.787691
property_update,129,0.789279
property_update,130,0.795833
property_update,131,0.713145
property_update,132,0.750841
property_update,133,0.739777
property_update,134,0.813567
property_update,135,0.684658
property_update,136,0.732300
property_update,137,0.798003
property_update,138,0.719452
property_update,139,0.759620
property_update,140,0.719713
property_update,141,0.811018
property_update,142,0.812470
property_update,143,0.823413
property_update,144,0.806900
property_update,145,0.725687
property_update,146,0.675970
property_update,147,0.717144
property_update,148,0.706255
property_update,149,0.734454
property_update,150,0.796202
property_update,151,0.765303
property_update,152,0.680415
property_update,153,0.775715
property_update,154,0.716394
property_update,155,0.747387
property_update,156,0.735054
property_update,157,0.679328
property_update,158,0.690042
property_update,159,0.744821
property_update,160,0.837205
property_update,161,0.688048
property_update,162,0.694582
property_update,163,0.714932
property_update,164,0.806556
property_update,165,0.703003
property_update,166,0.770970
property_update,167,0.709221
property_update,168,0.766169
property_update,169,0.832427
property_update,170,0.749437
property_update,171,0.842665
property_update,172,0.763506
property_update,173,0.756984
property_update,174,0.748602
property_update,175,0.697926
property_update,176,0.810108
property_update,177,0.716938
property_update,178,0.802633
property_update,179,0.790938
property_update,180,0.777725
property_update,181,0.660471
property_update,182,0.827486
property_update,183,0.707586
property_update,184,0.757105
property_update,185,0.791539
property_update,186,0.796632
property_update,187,0.720261
property_update,188,0.874209
property_update,189,0.867827
property_update,190,0.725682
property_update,191,0.698452
property_update,192,0.730382
property_update,193,0.727578
property_update,194,0.683888
property_update,195,0.773837
property_update,196,0.764259
property_update,197,0.790286
property_update,198,0.742189
property_update,199,0.701709
property_update,200,0.847091
property_update,201,0.888037
property_update,202,0.782259
property_update,203,0.944162
property_update,204,0.814672
property_update,205,0.770705
property_update,206,0.731695
property_update,207,0.762635
property_update,208,0.868108
property_update,209,0.784165
property_update,210,0.761102
property_update,211,0.778391
property_update,212,0.743289
property_update,213,0.732399
property_update,214,0.716039
property_update,215,0.748618
property_update,216,0.724652
property_update,217,0.886137
property_update,218,0.850622
property_update,219,0.833779
property_update,220,0.841537
property_update,221,0.717727
property_update,222,0.837020
property_update,223,0.654230
property_update,224,0.630468
property_update,225,0.699379
property_update,226,0.646926
property_update,227,0.709237
property_update,228,0.625030
property_update,229,0.644311
property_update,230,0.706594
property_update,231,0.671283
property_update,232,0.698337
property_update,233,0.721295
property_update,234,0.744076
property_update,235,0.660348
property_update,236,0.715489
property_update,237,0.696107
property_update,238,0.733091
property_update,239,0.816856
property_update,240,0.899356
property_update,241,0.945545
property_update,242,0.941615
property_update,243,1.128033
property_update,244,0.944808
property_update,245,0.961108
property_update,246,0.866850
property_update,247,0.918366
property_update,248,1.054098
property_update,249,0.951483
property_update,250,1.029959
property_update,251,0.725516
property_update,252,0.703243
property_update,253,1.587925
property_update,254,0.899519
property_update,255,1.169101
property_update,256,0.690824
property_update,257,0.680563
property_update,258,0.790620
property_update,259,0.821146
property_update,260,0.835655
property_update,261,0.717992
property_update,262,0.799408
property_update,263,0.778799
property_update,264,0.793889
property_update,265,0.889674
property_update,266,0.748938
property_update,267,0.703470
property_update,268,0.891567
property_update,269,0.762018
property_update,270,0.734913
property_update,271,0.997317
property_update,272,0.907492
property_update,273,0.739456
property_update,274,0.657045
property_update,275,0.743696
property_update,276,0.633677
property_update,277,0.692532
property_update,278,0.693448
property_update,279,0.682567
property_update,280,0.671763
property_update,281,0.752817
property_update,282,0.781244
property_update,283,0.830668
property_update,284,0.776835
property_update,285,0.673880
property_update,286,0.671326
property_update,287,0.768000
property_update,288,0.776975
property_update,289,0.719685
property_update,290,0.898809
property_update,291,0.837701
property_update,292,1.022683
property_update,293,0.950824
property_update,294,0.899880
property_update,295,0.853272
property_update,296,0.850846
property_update,297,0.948913
property_update,298,0.880642
property_update,299,0.724728
property_update,300,0.659739
property_update,301,0.796772
property_update,302,0.671207
property_update,303,0.662055
property_update,304,0.640008
property_update,305,0.795013
property_update,306,0.666106
property_update,307,1.046864
property_update,308,0.878853
property_update,309,1.032652
property_update,310,0.703929
property_update,311,0.768387
property_update,312,0.718609
property_update,313,0.732996
property_update,314,0.672337
property_update,315,0.950670
property_update,316,0.888510
property_update,317,0.738197
property_update,318,0.636055
property_update,319,0.616739
property_update,320,0.664257
property_update,321,0.630564
property_update,322,0.681255
property_update,323,0.768030
property_update,324,0.777518
property_update,325,0.719453
property_update,326,0.640200
property_update,327,0.693662
property_update,328,0.671800
property_update,329,0.715087
property_update,330,0.743258
property_update,331,0.619310
property_update,332,0.625780
property_update,333,0.710807
property_update,334,0.743609
property_update,335,0.845855
property_update,336,0.692690
property_update,337,0.691642
property_update,338,0.812378
property_update,339,0.809752
property_update,340,0.834792
property_update,341,0.827107
property_update,342,0.760062
property_update,343,0.737520
property_update,344,1.015813
property_update,345,0.867727
property_update,346,0.913503
property_update,347,0.712883
property_update,348,0.760348
property_update,349,0.851562
property_update,350,0.862128
property_update,351,0.804150
property_update,352,0.894867
property_update,353,0.889670
property_update,354,0.733179
property_update,355,0.892332
property_update,356,0.812274
property_update,357,0.816300
property_update,358,0.744104
property_update,359,0.708152
property_update,360,0.747630
property_update,361,0.923596
property_update,362,0.782482
property_update,363,0.784231
property_update,364,0.745459
property_update,365,2.191805
property_update,366,1.960497
property_update,367,0.953131
property_update,368,0.794492
property_update,369,0.841258
property_update,370,0.763727
property_update,371,0.671543
property_update,372,0.780674
property_update,373,0.690730
property_update,374,0.849785
property_update,375,0.771570
property_update,376,0.751281
property_update,377,0.719093
property_update,378,0.925515
property_update,379,0.812578
property_update,380,0.880192
property_update,381,0.788666
property_update,382,0.811224
property_update,383,0.701628
property_update,384,0.629368
property_update,385,0.768660
property_update,386,0.670079
property_update,387,0.622525
property_update,388,0.718383
property_update,389,0.714255
property_update,390,0.771281
property_update,391,0.830893
property_update,392,0.730929
property_update,393,0.724274
property_update,394,0.798830
property_update,395,0.722026
property_update,396,0.802051
property_update,397,0.770705
property_update,398,1.095393
property_update,399,0.850227
property_update,400,0.816601
property_update,401,0.758059
property_update,402,0.911628
property_update,403,0.821570
property_update,404,0.913865
property_update,405,0.849504
property_update,406,0.925948
property_update,407,0.806590
property_update,408,0.763786
property_update,409,0.709376
property_update,410,0.810387
property_update,411,0.735588
property_update,412,0.864340
property_update,413,0.788835
property_update,414,0.711464
property_update,415,0.798025
property_update,416,0.802392
property_update,417,0.919960
property_update,418,0.905433
property_update,419,0.788358
property_update,420,0.681327
property_update,421,0.738103
property_update,422,0.733512
property_update,423,0.793335
property_update,424,0.746606
property_update,425,0.765253
property_update,426,0.694911
property_update,427,0.688779
property_update,428,0.609039
property_update,429,0.647999
property_update,430,0.586004
property_update,431,0.621193
property_update,432,0.685805
property_update,433,0.857890
property_update,434,0.735298
property_update,435,0.689199
property_update,436,0.699541
property_update,437,0.824922
property_update,438,0.676507
property_update,439,0.890733
property_update,440,0.894528
property_update,441,0.861150
property_update,442,0.802858
property_update,443,0.724813
property_update,444,0.814339
property_update,445,0.736731
property_update,446,0.686771
property_update,447,0.740418
property_update,448,0.789015
property_update,449,0.777153
property_update,450,0.798439
property_update,451,0.890581
property_update,452,0.713538
property_update,453,0.690699
property_update,454,0.771286
property_update,455,0.771923
property_update,456,0.787306
property_update,457,0.714464
property_update,458,0.694026
property_update,459,0.829571
property_update,460,0.763019
property_update,461,0.700016
property_update,462,0.689282
property_update,463,0.771747
property_update,464,0.790037
property_update,465,0.733428
property_update,466,0.813878
property_update,467,0.850244
property_update,468,0.799703
property_update,469,0.830449
property_update,470,0.810168
property_update,471,0.857246
property_update,472,0.947467
property_update,473,0.809481
property_update,474,0.789580
property_update,475,0.675202
property_update,476,0.801324
property_update,477,0.818619
property_update,478,0.769028
property_update,479,0.912206
property_update,480,0.749332
property_update,481,0.751864
property_update,482,0.666645
property_update,483,0.767279
property_update,484,0.722652
property_update,485,0.947289
property_update,486,0.811311
property_update,487,0.768448
property_update,488,0.668113
property_update,489,0.774182
property_update,490,0.951626
property_update,491,0.769864
property_update,492,0.726938
property_update,493,0.635751
property_update,494,0.642239
property_update,495,0.689957
property_update,496,0.707665
property_update,497,0.768548
property_update,498,0.923539
property_update,499,0.785712
property_update,500,0.775383
property_update,501,0.741570
property_update,502,0.699027
property_update,503,0.697941
property_update,504,0.768085
property_update,505,0.702549
property_update,506,0.705899
property_update,507,1.000026
property_update,508,0.772488
property_update,509,0.744694
property_update,510,0.808844
property_update,511,0.747535
property_update,512,0.795537
property_update,513,0.671340
property_update,514,0.729211
property_update,515,0.767948
property_update,516,0.679726
property_update,517,0.738623
property_update,518,0.762730
property_update,519,0.928439
property_update,520,0.818070
property_update,521,0.833908
property_update,522,0.722590
property_update,523,0.830266
property_update,524,0.762335
property_update,525,0.739692
property_update,526,0.709972
property_update,527,0.734231
property_update,528,0.834819
property_update,529,0.805403
property_update,530,0.734173
property_update,531,0.776669
property_update,532,0.775536
property_update,533,0.736887
property_update,534,0.751697
property_update,535,0.691414
property_update,536,0.697351
property_update,537,0.760626
property_update,538,0.867245
property_update,539,0.818584
property_update,540,0.833282
property_update,541,0.820677
property_update,542,0.866792
property_update,543,0.920774
property_update,544,0.767505
property_update,545,0.735173
property_update,546,0.855758
property_update,547,0.822839
property_update,548,0.742320
property_update,549,0.723153
property_update,550,0.757342
property_update,551,0.805969
property_update,552,0.715928
property_update,553,0.771780
property_update,554,0.832500
property_update,555,0.866137
property_update,556,0.770923
property_update,557,0.762212
property_update,558,0.968449
property_update,559,0.784135
property_update,560,0.903211
property_update,561,0.800351
property_update,562,0.877406
property_update,563,0.822921
property_update,564,0.864698
property_update,565,0.783201
property_update,566,0.850542
property_update,567,0.806236
property_update,568,0.916763
property_update,569,0.806102
property_update,570,1.013989
property_update,571,0.835394
property_update,572,0.772386
property_update,573,0.872900
property_update,574,0.794704
property_update,575,0.755464
property_update,576,0.796911
property_update,577,0.902542
property_update,578,0.883024
property_update,579,0.740211
property_update,580,0.724719
property_update,581,0.874952
property_update,582,0.865854
property_update,583,0.878448
property_update,584,0.798377
property_update,585,0.802823
property_update,586,0.804352
property_update,587,0.706841
property_update,588,0.783921
property_update,589,0.730704
property_update,590,0.721323
property_update,591,0.785766
property_update,592,0.689723
property_update,593,0.823311
property_update,594,0.684938
property_update,595,0.733272
property_update,596,0.889239
property_update,597,0.816929
property_update,598,0.743200
property_update,599,0.889811
property_update,600,0.763581
property_update,601,0.730325
property_update,602,0.810332
property_update,603,0.727164
property_update,604,0.803598
property_update,605,0.786291
property_update,606,0.807450
property_update,607,0.876111
property_update,608,0.911298
property_update,609,0.995463
property_update,610,0.825704
property_update,611,0.913609
property_update,612,0.771056
property_update,613,0.747483
property_update,614,1.173327
property_update,615,1.162052
property_update,616,0.896149
property_update,617,0.826359
property_update,618,0.820770
property_update,619,0.819663
property_update,620,0.746560
property_update,621,0.774263
property_update,622,0.680734
property_update,623,0.636809
property_update,624,0.603685
property_update,625,0.586910
property_update,626,0.639156
property_update,627,0.698483
property_update,628,0.607042
property_update,629,0.656817
property_update,630,0.716092
property_update,631,0.727969
property_update,632,0.719110
property_update,633,0.704903
property_update,634,0.750129
property_update,635,0.649274
property_update,636,0.685321
property_update,637,0.746138
property_update,638,0.759814
property_update,639,0.787094
property_update,640,0.675574
property_update,641,0.757180
property_update,642,0.774744
property_update,643,0.770847
property_update,644,0.791578
property_update,645,0.684121
property_update,646,0.743026
property_update,647,0.765362
property_update,648,0.694889
property_update,649,0.682996
property_update,650,0.708270
property_update,651,0.904370
property_update,652,0.717289
property_update,653,0.638951
property_update,654,0.746889
property_update,655,0.966668
property_update,656,0.892221
property_update,657,0.690062
property_update,658,0.717825
property_update,659,0.646769
property_update,660,0.708320
property_update,661,0.660579
property_update,662,0.723559
property_update,663,0.782351
property_update,664,0.653028
property_update,665,0.782826
property_update,666,0.763363
property_update,667,0.788807
property_update,668,0.875015
property_update,669,0.752786
property_update,670,1.002601
property_update,671,0.847619
property_update,672,0.812711
property_update,673,0.774780
property_update,674,0.726964
property_update,675,0.733886
property_update,676,0.880617
property_update,677,0.766657
property_update,678,0.859945
property_update,679,0.814877
property_update,680,0.752343
property_update,681,0.743200
property_update,682,0.819780
property_update,683,1.004102
property_update,684,0.938258
property_update,685,0.876678
property_update,686,1.160871
property_update,687,0.971748
property_update,688,0.812562
property_update,689,0.753527
property_update,690,0.806228
property_update,691,0.721730
property_update,692,0.972820
property_update,693,0.882892
property_update,694,1.403982
property_update,695,0.729789
property_update,696,0.729620
property_update,697,0.763914
property_update,698,0.725526
property_update,699,0.721833
property_update,700,0.782727
property_update,701,0.820561
property_update,702,0.749584
property_update,703,0.729695
property_update,704,0.780581
property_update,705,0.687845
property_update,706,0.769330
property_update,707,0.702051
property_update,708,0.813435
property_update,709,0.687895
property_update,710,0.686953
property_update,711,0.736360
property_update,712,0.825787
property_update,713,0.775097
property_update,714,0.728678
property_update,715,0.791956
property_update,716,0.743278
property_update,717,0.752724
property_update,718,0.843070
property_update,719,0.726876
property_update,720,0.700414
property_update,721,0.683977
property_update,722,0.753956
property_update,723,0.744577
property_update,724,0.733688
property_update,725,0.714655
property_update,726,0.715786
property_update,727,0.704576
property_update,728,0.693250
property_update,729,0.746500
property_update,730,0.829691
property_update,731,0.743819
property_update,732,0.716575
property_update,733,0.712465
property_update,734,0.679706
property_update,735,0.737213
property_update,736,0.722929
property_update,737,0.674099
property_update,738,0.825531
property_update,739,0.687384
property_update,740,0.686903
property_update,741,0.690402
property_update,742,0.655600
property_update,743,0.749242
property_update,744,0.667387
property_update,745,0.670092
property_update,746,0.654914
property_update,747,0.775407
property_update,748,0.674943
property_update,749,0.685890
property_update,750,0.754239
property_update,751,0.729908
property_update,752,0.702748
property_update,753,0.667537
property_update,754,0.636451
property_update,755,0.706767
property_update,756,0.726943
property_update,757,0.710277
property_update,758,0.723548
property_update,759,0.769409
property_update,760,0.796710
property_update,761,0.713399
property_update,762,0.671817
property_update,763,0.656907
property_update,764,0.828523
property_update,765,0.808245
property_update,766,0.717235
property_update,767,0.714452
property_update,768,0.691345
property_update,769,0.773074
property_update,770,0.703560
property_update,771,0.789702
property_update,772,0.701024
property_update,773,0.623643
property_update,774,0.694425
property_update,775,0.700215
property_update,776,0.718115
property_update,777,0.699538
property_update,778,0.659887
property_update,779,0.737192
property_update,780,0.682359
property_update,781,0.844736
property_update,782,0.675850
property_update,783,0.807157
property_update,784,0.674641
property_update,785,0.780912
property_update,786,0.702123
property_update,787,0.726979
property_update,788,0.644137
property_update,789,0.677081
property_update,790,0.678280
property_update,791,0.661450
property_update,792,0.689798
property_update,793,0.659055
property_update,794,0.780943
property_update,795,0.733036
property_update,796,0.677593
property_update,797,0.686089
property_update,798,0.761869
property_update,799,0.849824
property_update,800,0.763283
property_update,801,0.781002
property_update,802,0.719606
property_update,803,0.720725
property_update,804,0.776382
property_update,805,0.695913
property_update,806,0.701080
property_update,807,0.785972
property_update,808,0.754756
property_update,809,0.744085
property_update,810,0.736253
property_update,811,0.722828
property_update,812,0.668834
property_update,813,0.659845
property_update,814,0.711980
property_update,815,0.679213
property_update,816,0.687698
property_update,817,0.664101
property_update,818,0.781142
property_update,819,0.753105
property_update,820,0.737349
property_update,821,0.696548
property_update,822,0.706265
property_update,823,0.906224
property_update,824,0.892954
property_update,825,0.703620
property_update,826,1.018816
property_update,827,0.749008
property_update,828,0.903897
property_update,829,0.834302
property_update,830,1.081555
property_update,831,0.732929
property_update,832,0.778798
property_update,833,0.754217
property_update,834,0.722534
property_update,835,0.864670
property_update,836,0.766414
property_update,837,0.779159
property_update,838,0.722595
property_update,839,0.705902
property_update,840,0.753175
property_update,841,0.717705
property_update,842,0.984077
property_update,843,0.629401
property_update,844,0.715527
property_update,845,0.689378
property_update,846,0.677504
property_update,847,0.731713
property_update,848,0.773065
property_update,849,0.824818
property_update,850,0.813490
property_update,851,0.863765
property_update,852,0.781573
property_update,853,0.699716
property_update,854,0.722172
property_update,855,0.645662
property_update,856,0.752829
property_update,857,0.784536
property_update,858,0.757912
property_update,859,0.660488
property_update,860,0.686019
property_update,861,0.779464
property_update,862,0.746438
property_update,863,0.810249
property_update,864,0.815739
property_update,865,0.744535
property_update,866,0.710141
property_update,867,0.802464
property_update,868,0.791869
property_update,869,3.289551
property_update,870,0.937497
property_update,871,0.830366
property_update,872,0.762386
property_update,873,0.670598
property_update,874,0.930499
property_update,875,0.827026
property_update,876,0.782313
property_update,877,0.689379
property_update,878,0.684919
property_update,879,0.761985
property_update,880,0.787356
property_update,881,0.721388
property_update,882,0.692030
property_update,883,0.715615
property_update,884,0.778591
property_update,885,0.748989
property_update,886,0.713315
property_update,887,0.828188
property_update,888,0.974471
property_update,889,0.767936
property_update,890,0.744871
property_update,891,0.788045
property_update,892,0.726879
property_update,893,0.717154
property_update,894,0.738428
property_update,895,0.723172
property_update,896,0.767094
property_update,897,0.753195
property_update,898,0.726816
property_update,899,0.749552
property_update,900,0.703465
property_update,901,0.729188
property_update,902,0.800774
property_update,903,0.693829
property_update,904,0.831431
property_update,905,0.690072
property_update,906,0.758728
property_update,907,0.761227
property_update,908,0.753642
property_update,909,0.800048
property_update,910,0.927156
property_update,911,0.774296
property_update,912,0.784037
property_update,913,0.829888
property_update,914,0.677411
property_update,915,0.745358
property_update,916,0.835569
property_update,917,0.884680
property_update,918,0.731843
property_update,919,0.689538
property_update,920,0.777314
property_update,921,0.754903
property_update,922,0.740000
property_update,923,0.720416
property_update,924,0.707070
property_update,925,0.646176
property_update,926,0.623379
property_update,927,0.682755
property_update,928,0.694551
property_update,929,0.659682
property_update,930,0.651448
property_update,931,0.731798
property_update,932,0.689253
property_update,933,0.596149
property_update,934,0.702854
property_update,935,0.734264
property_update,936,0.795334
property_update,937,0.794922
property_update,938,0.702917
property_update,939,0.658380
property_update,940,0.734434
property_update,941,0.757922
property_update,942,0.705075
property_update,943,0.790374
property_update,944,0.746925
property_update,945,0.754493
property_update,946,0.715330
property_update,947,0.770657
property_update,948,0.686950
property_update,949,0.635006
property_update,950,0.805013
property_update,951,0.990852
property_update,952,0.818519
property_update,953,0.677291
property_update,954,0.743946
property_update,955,0.711522
property_update,956,0.739194
property_update,957,0.792511
property_update,958,0.732035
property_update,959,0.755223
property_update,960,0.883675
property_update,961,0.844998
property_update,962,0.770780
property_update,963,0.828201
property_update,964,0.726904
property_update,965,0.798153
property_update,966,0.746468
property_update,967,0.767721
property_update,968,0.855423
property_update,969,0.760519
property_update,970,0.751624
property_update,971,0.810374
property_update,972,0.749718
property_update,973,0.791135
property_update,974,0.805779
property_update,975,0.775913
property_update,976,0.726073
property_update,977,0.758930
property_update,978,0.842198
property_update,979,0.760523
property_update,980,0.726276
property_update,981,0.757766
property_update,982,0.733941
property_update,983,0.734992
property_update,984,0.710675
property_update,985,0.679549
property_update,986,0.656775
property_update,987,0.655641
property_update,988,0.762301
property_update,989,0.734213
property_update,990,0.708798
property_update,991,0.689743
property_update,992,0.724078
property_update,993,0.830671
property_update,994,0.726915
property_update,995,0.739407
property_update,996,0.745996
property_update,997,0.682789
property_update,998,0.690363
property_update,999,0.683454
property_update,1000,0.738888
property_update,1001,0.701995
property_update,1002,0.661372
property_update,1003,0.723688
property_update,1004,0.693770
property_update,1005,0.735017
property_update,1006,0.673444
property_update,1007,0.767808
property_update,1008,0.876092
property_update,1009,0.720364
property_update,1010,0.673562
property_update,1011,0.836875
property_update,1012,0.719336
property_update,1013,0.704021
property_update,1014,0.837290
property_update,1015,0.667670
property_update,1016,0.836140
property_update,1017,0.711153
property_update,1018,0.713623
property_update,1019,0.705495
property_update,1020,0.811428
property_update,1021,0.732753
property_update,1022,0.735341
property_update,1023,0.720050
property_update,1024,0.836072
property_update,1025,0.754844
property_update,1026,0.712284
property_update,1027,0.749733
property_update,1028,0.887178
property_update,1029,0.754332
property_update,1030,0.713466
property_update,1031,0.708757
property_update,1032,0.761196
property_update,1033,0.776288
property_update,1034,0.764478
property_update,1035,0.699923
property_update,1036,0.690102
property_update,1037,0.727309
property_update,1038,0.643012
property_update,1039,0.754436
property_update,1040,0.635932
property_update,1041,0.676019
property_update,1042,0.629788
property_update,1043,0.680138
property_update,1044,0.694967
property_update,1045,0.616781
property_update,1046,0.825539
property_update,1047,0.797882
property_update,1048,0.697814
property_update,1049,0.720457
property_update,1050,0.763071
property_update,1051,0.687873
property_update,1052,0.818028
property_update,1053,0.818510
property_update,1054,0.810639
property_update,1055,0.733211
property_update,1056,0.663083
property_update,1057,0.664543
property_update,1058,0.781085
property_update,1059,0.791608
property_update,1060,0.812120
property_update,1061,0.907429
property_update,1062,0.845322
property_update,1063,0.818150
property_update,1064,0.920096
property_update,1065,0.830797
property_update,1066,0.791721
property_update,1067,0.750415
property_update,1068,0.784535
property_update,1069,0.842300
property_update,1070,0.760839
property_update,1071,0.757867
property_update,1072,0.676808
property_update,1073,0.707048
property_update,1074,0.695700
property_update,1075,0.806115
property_update,1076,0.719515
property_update,1077,0.888786
property_update,1078,0.737550
property_update,1079,1.008315
property_update,1080,0.739417
property_update,1081,0.779850
property_update,1082,0.750744
property_update,1083,0.724909
property_update,1084,0.700237
property_update,1085,0.680996
property_update,1086,0.673661
property_update,1087,0.821729
property_update,1088,0.787916
property_update,1089,0.678369
property_update,1090,0.772680
property_update,1091,0.747835
property_update,1092,0.755371
property_update,1093,0.766845
property_update,1094,0.687277
property_update,1095,0.779299
property_update,1096,0.886864
property_update,1097,0.788260
property_update,1098,0.669832
property_update,1099,0.753663
property_update,1100,0.715044
property_update,1101,0.709192
property_update,1102,0.998804
property_update,1103,0.777982
property_update,1104,0.699920
property_update,1105,0.810869
property_update,1106,0.755100
property_update,1107,0.790827
property_update,1108,0.728612
property_update,1109,0.832646
property_update,1110,0.761826
property_update,1111,0.677297
property_update,1112,0.712776
property_update,1113,0.658796
property_update,1114,0.713988
property_update,1115,0.801813
property_update,1116,0.654660
property_update,1117,0.703922
property_update,1118,0.673870
property_update,1119,0.699592
property_update,1120,0.671350
property_update,1121,0.725741
property_update,1122,0.701224
property_update,1123,0.885337
property_update,1124,0.773995
property_update,1125,0.776629
property_update,1126,0.908479
property_update,1127,2.876435
property_update,1128,0.961084
property_update,1129,0.689742
property_update,1130,0.686385
property_update,1131,0.717038
property_update,1132,0.719186
property_update,1133,0.683685
property_update,1134,0.813349
property_update,1135,0.676121
property_update,1136,0.857171
property_update,1137,0.759940
property_update,1138,0.762903
property_update,1139,0.784434
property_update,1140,0.740702
property_update,1141,0.757119
property_update,1142,0.871094
property_update,1143,0.738310
property_update,1144,0.707796
property_update,1145,0.817076
property_update,1146,0.834942
property_update,1147,0.825641
property_update,1148,0.857200
property_update,1149,0.782615
property_update,1150,0.747147
property_update,1151,0.874746
property_update,1152,0.798893
property_update,1153,0.696267
property_update,1154,0.771143
property_update,1155,0.825728
property_update,1156,0.792817
property_update,1157,0.871745
property_update,1158,0.817584
property_update,1159,0.728742
property_update,1160,0.752062
property_update,1161,0.728187
property_update,1162,0.711673
property_update,1163,0.687965
property_update,1164,0.723624
property_update,1165,0.669850
property_update,1166,0.682509
property_update,1167,0.748152
property_update,1168,0.700837
property_update,1169,0.650752
property_update,1170,0.771148
property_update,1171,0.655507
property_update,1172,0.784250
property_update,1173,0.798717
property_update,1174,0.683581
property_update,1175,0.678583
property_update,1176,0.594550
property_update,1177,0.719629
property_update,1178,0.691003
property_update,1179,0.858821
property_update,1180,0.688265
property_update,1181,0.650950
property_update,1182,0.714906
property_update,1183,0.704446
property_update,1184,0.692387
property_update,1185,0.676541
property_update,1186,0.772485
property_update,1187,0.786469
property_update,1188,0.714346
property_update,1189,0.724219
property_update,1190,0.717715
property_update,1191,0.749726
property_update,1192,0.742294
property_update,1193,0.794331
property_update,1194,0.701684
property_update,1195,0.700319
property_update,1196,0.776587
property_update,1197,0.762940
property_update,1198,0.872475
property_update,1199,0.860679
property_update,1200,0.728190
property_update,1201,0.713487
property_update,1202,0.741638
property_update,1203,0.855601
property_update,1204,0.798872
property_update,1205,0.809945
property_update,1206,0.682817
property_update,1207,0.814943
property_update,1208,0.737517
property_update,1209,0.748693
property_update,1210,0.727555
property_update,1211,0.697794
property_update,1212,0.739743
property_update,1213,0.777301
property_update,1214,0.770859
property_update,1215,0.658039
property_update,1216,0.703929
property_update,1217,0.656295
property_update,1218,0.569071
property_update,1219,0.726074
property_update,1220,0.631035
property_update,1221,0.757953
property_update,1222,0.747786
property_update,1223,0.659784
property_update,1224,0.776332
property_update,1225,0.752523
property_update,1226,0.698718
property_update,1227,0.680964
property_update,1228,0.656108
property_update,1229,0.829456
property_update,1230,0.720173
property_update,1231,0.643768
property_update,1232,0.832453
property_update,1233,0.724046
property_update,1234,0.691595
property_update,1235,0.783131
property_update,1236,0.792581
property_update,1237,0.705413
property_update,1238,0.718064
property_update,1239,0.765713
property_update,1240,0.722180
property_update,1241,0.803502
property_update,1242,0.770135
property_update,1243,0.722838
property_update,1244,0.736758
property_update,1245,0.694686
property_update,1246,0.800055
property_update,1247,0.724544
property_update,1248,0.829139
property_update,1249,0.757353
property_update,1250,0.682691
property_update,1251,0.681651
property_update,1252,0.732172
property_update,1253,0.756252
property_update,1254,0.678389
property_update,1255,0.670025
property_update,1256,0.763784
property_update,1257,0.783706
property_update,1258,0.689410
property_update,1259,0.701852
property_update,1260,0.756738
property_update,1261,0.953971
property_update,1262,0.834080
property_update,1263,0.769690
property_update,1264,0.781886
property_update,1265,0.692993
property_update,1266,0.731730
property_update,1267,0.717532
property_update,1268,0.796860
property_update,1269,0.736971
property_update,1270,0.762490
property_update,1271,0.740112
property_update,1272,0.789467
property_update,1273,0.737036
property_update,1274,0.710367
property_update,1275,0.766856
property_update,1276,0.779711
property_update,1277,0.697342
property_update,1278,0.806620
property_update,1279,0.819881
property_update,1280,0.745262
property_update,1281,0.728643
property_update,1282,0.745483
property_update,1283,0.786036
property_update,1284,0.738712
property_update,1285,0.776449
property_update,1286,0.943605
property_update,1287,0.724704
property_update,1288,0.719575
property_update,1289,0.723159
property_update,1290,0.703308
property_update,1291,0.811605
property_update,1292,1.049153
property_update,1293,0.810185
property_update,1294,0.882785
property_update,1295,0.748419
property_update,1296,0.757736
property_update,1297,0.704246
property_update,1298,0.737624
property_update,1299,0.742581
property_update,1300,0.623074
property_update,1301,0.763215
property_update,1302,0.718992
property_update,1303,0.778587
property_update,1304,0.879296
property_update,1305,0.754569
property_update,1306,0.675965
property_update,1307,0.783624
property_update,1308,0.751613
property_update,1309,0.793498
property_update,1310,0.913706
property_update,1311,0.738483
property_update,1312,0.711567
property_update,1313,0.740425
property_update,1314,0.745033
property_update,1315,0.755870
property_update,1316,0.763859
property_update,1317,0.695025
property_update,1318,0.730542
property_update,1319,0.748801
property_update,1320,0.965426
property_update,1321,0.768611
property_update,1322,0.764234
property_update,1323,0.688547
property_update,1324,0.723709
property_update,1325,0.787148
property_update,1326,0.740546
property_update,1327,0.779394
property_update,1328,0.726329
property_update,1329,0.671511
property_update,1330,0.664996
property_update,1331,0.677952
property_update,1332,0.688793
property_update,1333,0.667793
property_update,1334,0.686453
property_update,1335,0.721263
property_update,1336,0.652449
property_update,1337,0.721577
property_update,1338,0.742742
property_update,1339,0.711356
property_update,1340,0.752836
property_update,1341,0.782919
property_update,1342,0.762601
property_update,1343,0.744035
property_update,1344,0.677299
property_update,1345,0.759666
property_update,1346,0.707829
property_update,1347,0.686345
property_update,1348,0.783519
property_update,1349,0.739781
property_update,1350,0.777369
property_update,1351,0.748404
property_update,1352,0.703084
property_update,1353,0.712768
property_update,1354,0.723654
property_update,1355,0.825679
property_update,1356,0.857368
property_update,1357,0.710518
property_update,1358,0.814054
property_update,1359,0.704337
property_update,1360,0.714027
property_update,1361,0.702613
property_update,1362,0.725806
property_update,1363,0.722592
property_update,1364,0.747794
property_update,1365,0.703087
property_update,1366,0.699969
property_update,1367,0.724307
property_update,1368,0.720729
property_update,1369,0.643525
property_update,1370,0.825293
property_update,1371,0.801368
property_update,1372,0.741900
property_update,1373,0.791759
property_update,1374,0.731864
property_update,1375,0.757643
property_update,1376,0.748216
property_update,1377,0.762891
property_update,1378,0.788386
property_update,1379,0.697542
property_update,1380,0.734521
property_update,1381,0.694171
property_update,1382,0.815475
property_update,1383,0.763273
property_update,1384,0.762766
property_update,1385,1.019721
property_update,1386,0.815831
property_update,1387,0.703665
property_update,1388,0.685132
property_update,1389,0.730186
property_update,1390,0.715210
property_update,1391,0.731880
property_update,1392,0.780072
property_update,1393,0.769792
property_update,1394,0.790046
property_update,1395,0.712077
property_update,1396,0.713828
property_update,1397,0.764424
property_update,1398,0.735037
property_update,1399,0.732180
property_update,1400,0.690156
property_update,1401,0.673369
property_update,1402,0.706362
property_update,1403,0.655997
property_update,1404,0.652170
property_update,1405,0.692683
property_update,1406,0.749300
property_update,1407,0.788838
property_update,1408,0.816384
property_update,1409,0.728552
property_update,1410,0.778092
property_update,1411,0.734518
property_update,1412,0.724380
property_update,1413,0.720312
property_update,1414,0.753200
property_update,1415,0.690681
property_update,1416,0.745613
property_update,1417,0.791274
property_update,1418,0.738375
property_update,1419,0.733369
property_update,1420,0.803759
property_update,1421,0.691069
property_update,1422,0.847730
property_update,1423,0.805422
property_update,1424,0.743554
property_update,1425,0.751701
property_update,1426,0.758539
property_update,1427,0.754455
property_update,1428,0.741735
property_update,1429,0.710744
property_update,1430,0.677857
property_update,1431,0.692767
property_update,1432,0.867694
property_update,1433,0.787460
property_update,1434,0.663757
property_update,1435,0.725837
property_update,1436,0.825269
property_update,1437,0.730232
property_update,1438,0.718953
property_update,1439,0.771511
property_update,1440,0.726312
property_update,1441,0.677930
property_update,1442,0.736619
property_update,1443,0.651791
property_update,1444,0.719489
property_update,1445,0.590865
property_update,1446,0.780717
property_update,1447,0.721905
property_update,1448,0.812459
property_update,1449,0.820741
property_update,1450,0.659423
property_update,1451,0.694323
property_update,1452,0.740098
property_update,1453,0.714670
property_update,1454,0.730555
property_update,1455,0.688657
property_update,1456,0.671916
property_update,1457,0.643498
property_update,1458,0.883032
property_update,1459,0.745293
property_update,1460,0.849824
property_update,1461,0.719006
property_update,1462,0.743604
property_update,1463,0.665527
property_update,1464,0.648101
property_update,1465,0.663918
property_update,1466,0.690326
property_update,1467,0.749983
property_update,1468,0.847269
property_update,1469,0.722107
property_update,1470,0.684476
property_update,1471,0.723815
property_update,1472,0.795487
property_update,1473,0.834274
property_update,1474,0.708127
property_update,1475,0.824300
property_update,1476,0.687981
property_update,1477,0.771782
property_update,1478,0.807541
property_update,1479,0.739495
property_update,1480,0.817659
property_update,1481,0.690597
property_update,1482,0.818111
property_update,1483,0.715550
property_update,1484,0.714508
property_update,1485,0.767958
property_update,1486,0.832726
property_update,1487,0.833109
property_update,1488,0.835724
property_update,1489,0.710294
property_update,1490,0.699550
property_update,1491,0.745151
property_update,1492,0.703658
property_update,1493,0.847529
property_update,1494,0.648001
property_update,1495,0.785808
property_update,1496,0.740071
property_update,1497,0.811366
property_update,1498,0.807721
property_update,1499,0.755736
property_update,1500,0.751298
property_update,1501,0.706190
property_update,1502,0.765118
property_update,1503,0.808764
property_update,1504,0.805272
property_update,1505,0.821414
property_update,1506,0.800695
property_update,1507,0.728938
property_update,1508,0.678378
property_update,1509,0.765225
property_update,1510,0.813806
property_update,1511,0.648701
property_update,1512,0.725046
property_update,1513,0.820217
property_update,1514,0.814568
property_update,1515,0.835876
property_update,1516,0.738202
property_update,1517,0.641978
property_update,1518,0.703167
property_update,1519,0.678668
property_update,1520,0.732709
property_update,1521,0.728666
property_update,1522,0.747180
property_update,1523,0.782339
property_update,1524,0.771229
property_update,1525,0.757760
property_update,1526,0.750703
property_update,1527,0.698883
property_update,1528,0.771941
property_update,1529,0.713874
property_update,1530,0.663357
property_update,1531,0.746741
property_update,1532,0.821041
property_update,1533,0.769699
property_update,1534,0.688955
property_update,1535,0.695427
property_update,1536,0.806413
property_update,1537,0.686389
property_update,1538,0.686498
property_update,1539,0.717431
property_update,1540,0.798881
property_update,1541,0.697736
property_update,1542,0.719480
property_update,1543,0.762425
property_update,1544,0.749195
property_update,1545,0.757286
property_update,1546,0.729840
property_update,1547,0.744260
property_update,1548,0.709230
property_update,1549,0.865965
property_update,1550,0.793108
property_update,1551,0.696115
property_update,1552,0.727029
property_update,1553,0.689296
property_update,1554,0.718435
property_update,1555,0.727523
property_update,1556,0.799672
property_update,1557,0.755182
property_update,1558,0.647416
property_update,1559,0.694770
property_update,1560,0.710117
property_update,1561,0.793862
property_update,1562,0.634358
property_update,1563,0.662836
property_update,1564,0.750119
property_update,1565,0.716662
property_update,1566,0.627576
property_update,1567,0.780264
property_update,1568,0.797322
property_update,1569,0.790560
property_update,1570,0.681873
property_update,1571,0.645166
property_update,1572,0.894715
property_update,1573,0.781676
property_update,1574,0.783960
property_update,1575,0.897148
property_update,1576,0.753861
property_update,1577,0.761970
property_update,1578,0.749625
property_update,1579,0.764054
property_update,1580,0.759355
property_update,1581,0.835824
property_update,1582,0.728916
property_update,1583,0.758158
property_update,1584,0.626085
property_update,1585,0.818291
property_update,1586,0.973974
property_update,1587,0.749644
property_update,1588,0.686790
property_update,1589,0.858194
property_update,1590,0.704187
property_update,1591,0.847567
property_update,1592,0.761679
property_update,1593,0.869135
property_update,1594,0.724900
property_update,1595,0.717313
property_update,1596,0.742971
property_update,1597,0.728358
property_update,1598,0.713917
property_update,1599,0.680936
property_update,1600,0.764864
property_update,1601,0.800064
property_update,1602,0.760028
property_update,1603,0.788505
property_update,1604,0.654520
property_update,1605,0.740574
property_update,1606,0.871508
property_update,1607,0.801765
property_update,1608,0.696407
property_update,1609,0.751205
property_update,1610,0.857995
property_update,1611,0.874031
property_update,1612,0.823921
property_update,1613,0.671122
property_update,1614,0.721516
property_update,1615,0.796799
property_update,1616,0.841900
property_update,1617,0.834542
property_update,1618,0.710237
property_update,1619,0.843740
property_update,1620,0.705246
property_update,1621,0.795999
property_update,1622,0.815273
property_update,1623,0.719956
property_update,1624,0.801106
property_update,1625,1.243097
property_update,1626,0.715509
property_update,1627,0.762006
property_update,1628,0.838380
property_update,1629,0.712444
property_update,1630,0.718778
property_update,1631,0.707704
property_update,1632,0.826032
property_update,1633,0.850573
property_update,1634,0.772288
property_update,1635,0.716694
property_update,1636,0.770909
property_update,1637,0.849204
property_update,1638,0.766656
property_update,1639,0.752588
property_update,1640,0.678073
property_update,1641,0.731543
property_update,1642,0.708686
property_update,1643,0.744694
property_update,1644,3.237376
property_update,1645,0.795437
property_update,1646,0.972051
property_update,1647,0.739623
property_update,1648,0.690782
property_update,1649,0.813966
property_update,1650,0.810546
property_update,1651,1.036127
property_update,1652,1.106537
property_update,1653,0.900912
property_update,1654,0.968249
property_update,1655,0.826754
property_update,1656,0.887243
property_update,1657,0.809083
property_update,1658,0.674954
property_update,1659,0.715532
property_update,1660,0.699967
property_update,1661,0.729298
property_update,1662,0.816978
property_update,1663,0.773050
property_update,1664,0.791828
property_update,1665,0.757347
property_update,1666,0.752656
property_update,1667,0.671148
property_update,1668,0.724315
property_update,1669,0.767267
property_update,1670,0.750205
property_update,1671,0.712463
property_update,1672,0.726036
property_update,1673,0.790566
property_update,1674,0.670675
property_update,1675,0.716032
property_update,1676,0.817019
property_update,1677,0.712296
property_update,1678,0.772220
property_update,1679,0.759903
property_update,1680,0.780685
property_update,1681,0.734634
property_update,1682,0.761393
property_update,1683,0.749313
property_update,1684,0.753151
property_update,1685,0.702841
property_update,1686,0.748326
property_update,1687,0.687931
property_update,1688,0.830490
property_update,1689,0.746746
property_update,1690,0.764131
property_update,1691,0.780875
property_update,1692,0.661350
property_update,1693,0.716955
property_update,1694,0.789143
property_update,1695,0.761229
property_update,1696,0.758151
property_update,1697,0.796753
property_update,1698,0.728020
property_update,1699,0.742439
property_update,1700,0.692461
property_update,1701,0.665201
property_update,1702,0.747789
property_update,1703,0.734431
property_update,1704,0.645190
property_update,1705,0.663093
property_update,1706,0.895214
property_update,1707,0.770663
property_update,1708,0.674203
property_update,1709,0.699095
property_update,1710,0.762169
property_update,1711,0.723406
property_update,1712,0.672927
property_update,1713,0.718173
property_update,1714,0.711570
property_update,1715,0.700009
property_update,1716,0.743406
property_update,1717,0.704045
property_update,1718,0.835779
property_update,1719,0.748294
property_update,1720,0.648372
property_update,1721,0.693922
property_update,1722,0.808816
property_update,1723,0.749163
property_update,1724,0.664584
property_update,1725,0.648488
property_update,1726,0.776873
property_update,1727,0.702887
property_update,1728,0.709913
property_update,1729,0.761915
property_update,1730,0.772160
property_update,1731,0.801874
property_update,1732,0.717078
property_update,1733,0.787550
property_update,1734,0.728448
property_update,1735,0.806749
property_update,1736,0.730398
property_update,1737,0.719639
property_update,1738,0.818541
property_update,1739,0.740912
property_update,1740,0.842966
property_update,1741,0.828884
property_update,1742,0.778009
property_update,1743,0.719404
property_update,1744,0.641230
property_update,1745,0.711203
property_update,1746,0.635336
property_update,1747,0.684095
property_update,1748,0.811420
property_update,1749,0.847291
property_update,1750,0.911211
property_update,1751,0.643057
property_update,1752,0.728624
property_update,1753,0.662857
property_update,1754,0.753159
property_update,1755,0.694428
property_update,1756,0.682511
property_update,1757,0.655479
property_update,1758,0.688665
property_update,1759,0.761598
property_update,1760,0.663287
property_update,1761,0.676862
property_update,1762,0.720364
property_update,1763,0.694770
property_update,1764,0.789139
property_update,1765,0.704354
property_update,1766,0.713553
property_update,1767,0.707066
property_update,1768,0.923961
property_update,1769,0.886575
property_update,1770,0.988701
property_update,1771,1.000571
property_update,1772,0.844595
property_update,1773,0.970172
property_update,1774,0.967498
property_update,1775,0.905584
property_update,1776,0.810071
property_update,1777,0.897353
property_update,1778,0.952504
property_update,1779,1.027528
property_update,1780,0.828819
property_update,1781,0.801714
property_update,1782,0.794171
property_update,1783,0.822582
property_update,1784,0.760663
property_update,1785,0.757158
property_update,1786,0.774568
property_update,1787,0.695199
property_update,1788,0.709300
property_update,1789,0.792928
property_update,1790,0.964450
property_update,1791,0.777613
property_update,1792,0.722652
property_update,1793,0.771563
property_update,1794,0.774373
property_update,1795,0.778935
property_update,1796,0.815477
property_update,1797,0.726931
property_update,1798,0.814660
property_update,1799,1.124552
property_update,1800,0.911045
property_update,1801,0.767521
property_update,1802,0.817885
property_update,1803,0.702695
property_update,1804,0.832633
property_update,1805,0.915502
property_update,1806,1.336695
property_update,1807,0.824414
property_update,1808,1.032911
property_update,1809,0.954953
property_update,1810,0.858973
property_update,1811,1.008922
property_update,1812,0.844385
property_update,1813,0.707504
property_update,1814,0.912728
property_update,1815,0.751339
property_update,1816,0.752374
property_update,1817,0.734827
property_update,1818,0.731801
property_update,1819,0.662266
property_update,1820,0.770133
property_update,1821,0.815485
property_update,1822,0.770513
property_update,1823,0.718096
property_update,1824,0.771866
property_update,1825,0.772160
property_update,1826,0.812182
property_update,1827,0.724982
property_update,1828,0.690667
property_update,1829,0.738263
property_update,1830,0.817765
property_update,1831,0.713108
property_update,1832,0.728426
property_update,1833,0.815391
property_update,1834,0.706719
property_update,1835,0.699745
property_update,1836,0.751941
property_update,1837,0.691437
property_update,1838,0.778477
property_update,1839,0.704733
property_update,1840,0.721964
property_update,1841,0.696486
property_update,1842,0.776043
property_update,1843,0.738765
property_update,1844,0.711476
property_update,1845,0.744445
property_update,1846,0.743254
property_update,1847,0.697799
property_update,1848,0.789525
property_update,1849,0.738533
property_update,1850,0.809512
property_update,1851,0.674184
property_update,1852,0.704983
property_update,1853,0.741714
property_update,1854,0.686468
property_update,1855,0.678510
property_update,1856,0.720580
property_update,1857,0.745557
property_update,1858,0.784379
property_update,1859,0.756916
property_update,1860,0.665165
property_update,1861,0.712961
property_update,1862,0.683054
property_update,1863,0.758599
property_update,1864,0.712091
property_update,1865,0.717429
property_update,1866,0.751795
property_update,1867,0.753150
property_update,1868,0.705915
property_update,1869,0.771883
property_update,1870,0.691354
property_update,1871,0.714765
property_update,1872,0.958485
property_update,1873,0.885043
property_update,1874,0.940419
property_update,1875,0.805305
property_update,1876,0.756230
property_update,1877,0.727934
property_update,1878,0.757124
property_update,1879,0.755312
property_update,1880,0.792636
property_update,1881,0.797967
property_update,1882,0.703501
property_update,1883,0.706345
property_update,1884,0.774303
property_update,1885,0.828277
property_update,1886,0.743596
property_update,1887,0.764572
property_update,1888,0.829035
property_update,1889,0.762900
property_update,1890,0.678978
property_update,1891,0.830635
property_update,1892,0.809591
property_update,1893,1.608816
property_update,1894,0.843961
property_update,1895,0.721165
property_update,1896,0.771468
property_update,1897,0.707954
property_update,1898,0.740406
property_update,1899,0.687053
property_update,1900,0.686651
property_update,1901,0.702954
property_update,1902,0.768995
property_update,1903,0.681203
property_update,1904,0.695565
property_update,1905,0.719008
property_update,1906,0.772525
property_update,1907,0.674267
property_update,1908,0.692317
property_update,1909,0.733849
property_update,1910,0.773451
property_update,1911,0.906839
property_update,1912,0.663596
property_update,1913,0.770171
property_update,1914,0.714379
property_update,1915,0.713449
property_update,1916,0.712674
property_update,1917,0.698150
property_update,1918,0.694620
property_update,1919,0.763367
property_update,1920,0.783641
property_update,1921,0.779360
property_update,1922,0.747673
property_update,1923,0.772850
property_update,1924,0.880463
property_update,1925,1.037583
property_update,1926,0.865901
property_update,1927,0.809222
property_update,1928,0.705989
property_update,1929,0.758294
property_update,1930,0.858059
property_update,1931,0.744758
property_update,1932,0.777594
property_update,1933,0.756788
property_update,1934,0.831818
property_update,1935,0.740554
property_update,1936,0.690102
property_update,1937,0.749492
property_update,1938,0.673072
property_update,1939,0.701705
property_update,1940,0.727533
property_update,1941,0.738451
property_update,1942,0.686865
property_update,1943,0.691009
property_update,1944,0.731113
property_update,1945,0.786507
property_update,1946,0.900537
property_update,1947,0.790521
property_update,1948,0.805368
property_update,1949,0.760775
property_update,1950,0.757680
property_update,1951,0.830977
property_update,1952,0.669047
property_update,1953,0.739964
property_update,1954,0.689404
property_update,1955,0.714218
property_update,1956,0.703828
property_update,1957,0.785886
property_update,1958,0.612280
property_update,1959,0.709214
property_update,1960,0.802539
property_update,1961,0.715215
property_update,1962,0.806803
property_update,1963,0.744411
property_update,1964,0.739173
property_update,1965,0.752678
property_update,1966,0.728694
property_update,1967,0.732561
property_update,1968,0.764131
property_update,1969,0.707967
property_update,1970,0.789750
property_update,1971,0.921822
property_update,1972,0.749548
property_update,1973,0.805089
property_update,1974,0.737971
property_update,1975,0.843298
property_update,1976,0.790699
property_update,1977,0.755115
property_update,1978,0.710663
property_update,1979,0.774643
property_update,1980,0.859550
property_update,1981,0.791815
property_update,1982,0.706918
property_update,1983,0.692405
property_update,1984,0.619783
property_update,1985,0.615544
property_update,1986,0.616581
property_update,1987,0.588308
property_update,1988,0.608500
property_update,1989,0.659247
property_update,1990,0.886197
property_update,1991,0.751866
property_update,1992,0.645890
property_update,1993,0.811582
property_update,1994,0.745374
property_update,1995,0.808649
property_update,1996,0.833405
property_update,1997,0.809375
property_update,1998,0.743052
property_update,1999,1.392750
consent_insert,0,2.353827
consent_insert,1,1.331408
consent_insert,2,1.292461
consent_insert,3,1.450846
consent_insert,4,1.322140
consent_insert,5,1.324472
consent_insert,6,1.228599
consent_insert,7,1.268573
consent_insert,8,1.242347
consent_insert,9,1.136697
consent_insert,10,1.175180
consent_insert,11,1.193068
consent_insert,12,1.149694
consent_insert,13,1.315883
consent_insert,14,1.232971
consent_insert,15,1.314321
consent_insert,16,1.225332
consent_insert,17,1.292023
consent_insert,18,1.299517
consent_insert,19,1.191959
consent_insert,20,1.297092
consent_insert,21,1.262841
consent_insert,22,1.177458
consent_insert,23,1.157064
consent_insert,24,1.254727
consent_insert,25,1.256849
consent_insert,26,1.244270
consent_insert,27,1.143576
consent_insert,28,1.242812
consent_insert,29,1.228744
consent_insert,30,1.225346
consent_insert,31,1.160744
consent_insert,32,1.242790
consent_insert,33,1.210987
consent_insert,34,1.232474
consent_insert,35,1.186579
consent_insert,36,1.242310
consent_insert,37,1.236577
consent_insert,38,1.228565
consent_insert,39,1.139690
consent_insert,40,1.215363
consent_insert,41,1.214258
consent_insert,42,1.181982
consent_insert,43,1.233670
consent_insert,44,1.222155
consent_insert,45,1.184504
consent_insert,46,1.209718
consent_insert,47,1.198493
consent_insert,48,1.195064
consent_insert,49,1.214935
consent_insert,50,1.216581
consent_insert,51,1.184387
consent_insert,52,1.178073
consent_insert,53,1.208307
consent_insert,54,1.210414
consent_insert,55,1.213998
consent_insert,56,2.171727
consent_insert,57,1.285181
consent_insert,58,1.240206
consent_insert,59,1.266424
consent_insert,60,1.183896
consent_insert,61,1.302695
consent_insert,62,1.248159
consent_insert,63,1.181839
consent_insert,64,1.238574
consent_insert,65,1.219568
consent_insert,66,1.210800
consent_insert,67,1.244272
consent_insert,68,1.161284
consent_insert,69,1.223333
consent_insert,70,1.209911
consent_insert,71,1.260560
consent_insert,72,1.241414
consent_insert,73,1.200498
consent_insert,74,1.144055
consent_insert,75,1.241883
consent_insert,76,1.213129
consent_insert,77,1.191238
consent_insert,78,1.324393
consent_insert,79,1.191713
consent_insert,80,1.162486
consent_insert,81,1.183462
consent_insert,82,1.139604
consent_insert,83,1.176705
consent_insert,84,1.185747
consent_insert,85,1.141842
consent_insert,86,1.315127
consent_insert,87,1.257856
consent_insert,88,1.285591
consent_insert,89,1.379331
consent_insert,90,1.554627
consent_insert,91,3.609090
consent_insert,92,1.264449
consent_insert,93,1.243100
consent_insert,94,1.283042
consent_insert,95,1.240411
consent_insert,96,1.261999
consent_insert,97,1.304158
consent_insert,98,1.232537
consent_insert,99,1.219919
consent_insert,100,1.209715
consent_insert,101,1.264066
consent_insert,102,1.261195
consent_insert,103,1.272404
consent_insert,104,1.262067
consent_insert,105,1.235267
consent_insert,106,1.229842
consent_insert,107,1.209125
consent_insert,108,1.245658
consent_insert,109,1.228451
consent_insert,110,1.226461
consent_insert,111,1.217666
consent_insert,112,1.247495
consent_insert,113,1.248270
consent_insert,114,1.242825
consent_insert,115,1.270779
consent_insert,116,1.247878
consent_insert,117,1.236035
consent_insert,118,1.226375
consent_insert,119,1.192397
consent_insert,120,1.186000
consent_insert,121,1.229500
consent_insert,122,1.276758
consent_insert,123,1.178451
consent_insert,124,1.220645
consent_insert,125,1.259838
consent_insert,126,1.189949
consent_insert,127,1.223861
consent_insert,128,1.209450
consent_insert,129,1.242720
consent_insert,130,1.190590
consent_insert,131,1.210610
consent_insert,132,1.215950
consent_insert,133,1.234087
consent_insert,134,1.211798
consent_insert,135,1.208424
consent_insert,136,1.154190
consent_insert,137,1.235156
consent_insert,138,1.294796
consent_insert,139,1.262520
consent_insert,140,1.194664
consent_insert,141,1.222977
consent_insert,142,1.242294
consent_insert,143,1.182861
consent_insert,144,1.323645
consent_insert,145,1.249768
consent_insert,146,1.182800
consent_insert,147,1.207281
consent_insert,148,1.147467
consent_insert,149,1.175460
consent_insert,150,1.194715
consent_insert,151,1.185893
consent_insert,152,1.197317
consent_insert,153,1.240168
consent_insert,154,1.213961
consent_insert,155,1.205539
consent_insert,156,1.167052
consent_insert,157,1.200863
consent_insert,158,1.208295
consent_insert,159,1.189760
consent_insert,160,1.157275
consent_insert,161,1.237489
consent_insert,162,1.308627
consent_insert,163,1.172114
consent_insert,164,1.219548
consent_insert,165,1.240102
consent_insert,166,1.188021
consent_insert,167,1.201904
consent_insert,168,1.205769
consent_insert,169,1.230614
consent_insert,170,1.175386
consent_insert,171,1.171334
consent_insert,172,1.183060
consent_insert,173,1.173140
consent_insert,174,1.254030
consent_insert,175,1.208731
consent_insert,176,1.210133
consent_insert,177,1.211822
consent_insert,178,1.201379
consent_insert,179,1.289820
consent_insert,180,1.543789
consent_insert,181,1.699573
consent_insert,182,1.486357
consent_insert,183,1.483338
consent_insert,184,1.387863
consent_insert,185,2.462436
consent_insert,186,1.703283
consent_insert,187,1.668642
consent_insert,188,1.681693
consent_insert,189,1.272382
consent_insert,190,1.352061
consent_insert,191,1.806217
consent_insert,192,1.215050
consent_insert,193,1.676902
consent_insert,194,1.258265
consent_insert,195,1.627596
consent_insert,196,1.680576
consent_insert,197,1.636669
consent_insert,198,1.661672
consent_insert,199,1.532622
consent_insert,200,1.745918
consent_insert,201,1.741561
consent_insert,202,1.782125
consent_insert,203,1.253670
consent_insert,204,1.261440
consent_insert,205,1.243385
consent_insert,206,1.205439
consent_insert,207,1.448017
consent_insert,208,1.342385
consent_insert,209,1.232393
consent_insert,210,1.248361
consent_insert,211,1.184646
consent_insert,212,1.187663
consent_insert,213,1.121987
consent_insert,214,1.287078
consent_insert,215,1.195845
consent_insert,216,1.225961
consent_insert,217,1.159534
consent_insert,218,1.182274
consent_insert,219,1.228374
consent_insert,220,1.283780
consent_insert,221,1.341720
consent_insert,222,1.225495
consent_insert,223,1.259082
consent_insert,224,1.200556
consent_insert,225,1.290756
consent_insert,226,1.221305
consent_insert,227,1.204671
consent_insert,228,1.187204
consent_insert,229,1.294795
consent_insert,230,1.291834
consent_insert,231,1.229774
consent_insert,232,1.198312
consent_insert,233,1.247627
consent_insert,234,1.299034
consent_insert,235,1.289082
consent_insert,236,1.301354
consent_insert,237,1.175436
consent_insert,238,1.296227
consent_insert,239,1.249866
consent_insert,240,1.265595
consent_insert,241,1.273265
consent_insert,242,1.223386
consent_insert,243,1.251994
consent_insert,244,1.227953
consent_insert,245,1.264484
consent_insert,246,1.277451
consent_insert,247,1.264470
consent_insert,248,1.295225
consent_insert,249,1.235598
consent_insert,250,1.190041
consent_insert,251,1.128317
consent_insert,252,1.115100
consent_insert,253,1.076367
consent_insert,254,1.114257
consent_insert,255,1.156561
consent_insert,256,1.427033
consent_insert,257,1.171579
consent_insert,258,1.167998
consent_insert,259,1.173861
consent_insert,260,1.179178
consent_insert,261,1.194037
consent_insert,262,1.086838
consent_insert,263,1.130775
consent_insert,264,1.100220
consent_insert,265,1.080461
consent_insert,266,1.254606
consent_insert,267,1.325389
consent_insert,268,1.308232
consent_insert,269,1.297720
consent_insert,270,1.233283
consent_insert,271,1.139113
consent_insert,272,1.120994
consent_insert,273,1.222507
consent_insert,274,1.299746
consent_insert,275,1.203979
consent_insert,276,1.343472
consent_insert,277,1.297024
consent_insert,278,1.384944
consent_insert,279,1.264466
consent_insert,280,1.241136
consent_insert,281,1.187835
consent_insert,282,1.250592
consent_insert,283,1.345945
consent_insert,284,1.238666
consent_insert,285,1.302770
consent_insert,286,1.288928
consent_insert,287,1.123758
consent_insert,288,1.209630
consent_insert,289,1.164338
consent_insert,290,1.214742
consent_insert,291,1.241358
consent_insert,292,1.236540
consent_insert,293,1.216052
consent_insert,294,1.133835
consent_insert,295,1.248535
consent_insert,296,1.469122
consent_insert,297,1.398757
consent_insert,298,1.282493
consent_insert,299,1.307493
consent_insert,300,1.258069
consent_insert,301,1.338150
consent_insert,302,1.229074
consent_insert,303,1.224993
consent_insert,304,1.277852
consent_insert,305,1.371574
consent_insert,306,1.375311
consent_insert,307,1.277961
consent_insert,308,1.240626
consent_insert,309,1.275759
consent_insert,310,1.237466
consent_insert,311,1.274092
consent_insert,312,1.205856
consent_insert,313,1.206363
consent_insert,314,1.217058
consent_insert,315,1.229114
consent_insert,316,1.162432
consent_insert,317,1.303686
consent_insert,318,1.223521
consent_insert,319,1.241790
consent_insert,320,1.272308
consent_insert,321,1.156029
consent_insert,322,1.211637
consent_insert,323,1.174028
consent_insert,324,1.261807
consent_insert,325,1.485571
consent_insert,326,1.498579
consent_insert,327,1.436279
consent_insert,328,1.477572
consent_insert,329,1.434826
consent_insert,330,1.267557
consent_insert,331,1.226284
consent_insert,332,1.216801
consent_insert,333,1.421761
consent_insert,334,1.267233
consent_insert,335,1.252188
consent_insert,336,1.225745
consent_insert,337,1.222466
consent_insert,338,1.298628
consent_insert,339,1.205055
consent_insert,340,1.191547
consent_insert,341,1.321900
consent_insert,342,1.237114
consent_insert,343,1.195309
consent_insert,344,1.262055
consent_insert,345,2.400497
consent_insert,346,2.337953
consent_insert,347,1.724188
consent_insert,348,1.613964
consent_insert,349,1.755885
consent_insert,350,1.318729
consent_insert,351,1.319152
consent_insert,352,1.424758
consent_insert,353,1.446073
consent_insert,354,1.428442
consent_insert,355,1.653800
consent_insert,356,1.614646
consent_insert,357,1.757077
consent_insert,358,1.607379
consent_insert,359,1.370052
consent_insert,360,1.415732
consent_insert,361,1.959507
consent_insert,362,1.420567
consent_insert,363,2.220568
consent_insert,364,1.704816
consent_insert,365,1.655033
consent_insert,366,1.705853
consent_insert,367,1.659562
consent_insert,368,1.557719
consent_insert,369,1.521946
consent_insert,370,1.853286
consent_insert,371,1.351281
consent_insert,372,1.681880
consent_insert,373,1.632557
consent_insert,374,1.644995
consent_insert,375,1.597866
consent_insert,376,1.487440
consent_insert,377,1.841454
consent_insert,378,1.711000
consent_insert,379,1.744043
consent_insert,380,1.627222
consent_insert,381,1.555914
consent_insert,382,1.454978
consent_insert,383,1.558078
consent_insert,384,1.352118
consent_insert,385,1.534732
consent_insert,386,1.391094
consent_insert,387,1.312335
consent_insert,388,1.283586
consent_insert,389,1.207386
consent_insert,390,1.197182
consent_insert,391,1.256908
consent_insert,392,1.212416
consent_insert,393,1.243619
consent_insert,394,1.252377
consent_insert,395,1.176849
consent_insert,396,1.424216
consent_insert,397,1.589658
consent_insert,398,1.732909
consent_insert,399,1.325101
consent_insert,400,1.246945
consent_insert,401,1.262627
consent_insert,402,1.252446
consent_insert,403,1.249985
consent_insert,404,1.224274
consent_insert,405,1.277828
consent_insert,406,1.169510
consent_insert,407,1.206131
consent_insert,408,1.235755
consent_insert,409,1.215264
consent_insert,410,1.223436
consent_insert,411,1.242073
consent_insert,412,1.217375
consent_insert,413,1.267336
consent_insert,414,1.333802
consent_insert,415,1.506975
consent_insert,416,1.240836
consent_insert,417,1.198391
consent_insert,418,1.223316
consent_insert,419,1.221027
consent_insert,420,1.191214
consent_insert,421,1.209837
consent_insert,422,1.207405
consent_insert,423,1.228085
consent_insert,424,1.149165
consent_insert,425,1.164350
consent_insert,426,1.379947
consent_insert,427,1.244133
consent_insert,428,1.228250
consent_insert,429,1.189614
consent_insert,430,1.160636
consent_insert,431,1.232115
consent_insert,432,1.490339
consent_insert,433,1.140788
consent_insert,434,1.136328
consent_insert,435,1.164102
consent_insert,436,1.220743
consent_insert,437,1.230763
consent_insert,438,1.207640
consent_insert,439,1.167355
consent_insert,440,1.147452
consent_insert,441,1.227049
consent_insert,442,1.387271
consent_insert,443,1.287953
consent_insert,444,1.252832
consent_insert,445,1.212505
consent_insert,446,1.192731
consent_insert,447,1.214119
consent_insert,448,1.208776
consent_insert,449,1.213130
consent_insert,450,1.214831
consent_insert,451,1.236095
consent_insert,452,1.229184
consent_insert,453,1.237421
consent_insert,454,1.245963
consent_insert,455,1.280918
consent_insert,456,1.292464
consent_insert,457,1.377632
consent_insert,458,1.396000
consent_insert,459,1.287859
consent_insert,460,1.257453
consent_insert,461,1.177223
consent_insert,462,1.147992
consent_insert,463,1.135762
consent_insert,464,1.142907
consent_insert,465,1.575346
consent_insert,466,1.248890
consent_insert,467,1.205619
consent_insert,468,1.186984
consent_insert,469,1.249502
consent_insert,470,1.218665
consent_insert,471,1.446305
consent_insert,472,1.722965
consent_insert,473,1.556453
consent_insert,474,1.242308
consent_insert,475,1.265043
consent_insert,476,1.257016
consent_insert,477,1.198352
consent_insert,478,1.250796
consent_insert,479,1.241342
consent_insert,480,1.282225
consent_insert,481,1.210966
consent_insert,482,1.227398
consent_insert,483,1.201060
consent_insert,484,1.187625
consent_insert,485,1.151345
consent_insert,486,1.230981
consent_insert,487,1.224148
consent_insert,488,1.254466
consent_insert,489,1.266546
consent_insert,490,1.467481
consent_insert,491,1.330526
consent_insert,492,1.244028
consent_insert,493,1.215507
consent_insert,494,1.275758
consent_insert,495,1.231044
consent_insert,496,1.346871
consent_insert,497,1.301322
consent_insert,498,1.245303
consent_insert,499,1.264696
consent_insert,500,1.226640
consent_insert,501,1.309774
consent_insert,502,1.179527
consent_insert,503,1.197674
consent_insert,504,1.231833
consent_insert,505,1.184744
consent_insert,506,1.242380
consent_insert,507,1.199099
consent_insert,508,1.251104
consent_insert,509,1.214655
consent_insert,510,1.276059
consent_insert,511,1.270957
consent_insert,512,1.239640
consent_insert,513,1.249836
consent_insert,514,1.313315
consent_insert,515,1.281104
consent_insert,516,1.234680
consent_insert,517,1.375600
consent_insert,518,1.466415
consent_insert,519,1.362243
consent_insert,520,1.276267
consent_insert,521,1.360462
consent_insert,522,1.309709
consent_insert,523,1.864149
consent_insert,524,2.296295
consent_insert,525,2.987003
consent_insert,526,1.341777
consent_insert,527,1.852884
consent_insert,528,1.224298
consent_insert,529,1.198650
consent_insert,530,1.149797
consent_insert,531,1.252877
consent_insert,532,1.412846
consent_insert,533,1.286422
consent_insert,534,1.284296
consent_insert,535,1.259881
consent_insert,536,1.174639
consent_insert,537,1.198495
consent_insert,538,1.943296
consent_insert,539,1.206545
consent_insert,540,1.281871
consent_insert,541,1.311575
consent_insert,542,1.209177
consent_insert,543,1.326684
consent_insert,544,1.263596
consent_insert,545,1.285732
consent_insert,546,1.181748
consent_insert,547,1.242768
consent_insert,548,1.221903
consent_insert,549,1.209947
consent_insert,550,1.196888
consent_insert,551,1.205516
consent_insert,552,1.222640
consent_insert,553,1.204698
consent_insert,554,1.523114
consent_insert,555,1.314711
consent_insert,556,1.222248
consent_insert,557,1.213604
consent_insert,558,1.284928
consent_insert,559,1.211782
consent_insert,560,1.207844
consent_insert,561,1.252744
consent_insert,562,1.315547
consent_insert,563,1.222495
consent_insert,564,1.227443
consent_insert,565,1.199267
consent_insert,566,1.401419
consent_insert,567,1.197397
consent_insert,568,1.178818
consent_insert,569,1.190425
consent_insert,570,1.158777
consent_insert,571,1.276948
consent_insert,572,1.163607
consent_insert,573,1.245533
consent_insert,574,1.223850
consent_insert,575,1.292334
consent_insert,576,1.168577
consent_insert,577,1.258080
consent_insert,578,1.200617
consent_insert,579,1.203723
consent_insert,580,1.194328
consent_insert,581,1.170292
consent_insert,582,1.200956
consent_insert,583,1.212269
consent_insert,584,1.191878
consent_insert,585,1.282909
consent_insert,586,1.281090
consent_insert,587,1.211589
consent_insert,588,1.155968
consent_insert,589,1.136758
consent_insert,590,1.138246
consent_insert,591,1.098742
consent_insert,592,1.122546
consent_insert,593,1.532169
consent_insert,594,1.609075
consent_insert,595,1.543273
consent_insert,596,1.362986
consent_insert,597,1.621641
consent_insert,598,1.498949
consent_insert,599,1.691471
consent_insert,600,1.284000
consent_insert,601,1.324685
consent_insert,602,1.171131
consent_insert,603,1.259287
consent_insert,604,1.238416
consent_insert,605,1.200008
consent_insert,606,1.159863
consent_insert,607,1.181513
consent_insert,608,1.180177
consent_insert,609,1.291642
consent_insert,610,1.220327
consent_insert,611,1.165050
consent_insert,612,1.249012
consent_insert,613,1.189120
consent_insert,614,1.183125
consent_insert,615,1.239413
consent_insert,616,1.532027
consent_insert,617,1.369313
consent_insert,618,1.646019
consent_insert,619,1.914110
consent_insert,620,1.753620
consent_insert,621,1.705983
consent_insert,622,1.508800
consent_insert,623,1.696582
consent_insert,624,1.594244
consent_insert,625,1.612731
consent_insert,626,1.222118
consent_insert,627,1.243746
consent_insert,628,1.256608
consent_insert,629,1.230961
consent_insert,630,1.202098
consent_insert,631,1.210986
consent_insert,632,1.161543
consent_insert,633,1.214896
consent_insert,634,1.349955
consent_insert,635,1.196739
consent_insert,636,1.173414
consent_insert,637,1.198772
consent_insert,638,1.227485
consent_insert,639,1.221490
consent_insert,640,1.252445
consent_insert,641,1.159103
consent_insert,642,1.143911
consent_insert,643,1.185988
consent_insert,644,1.216760
consent_insert,645,1.392216
consent_insert,646,1.246383
consent_insert,647,1.175468
consent_insert,648,1.232300
consent_insert,649,1.251785
consent_insert,650,1.299457
consent_insert,651,1.341962
consent_insert,652,1.190754
consent_insert,653,1.185573
consent_insert,654,1.203950
consent_insert,655,1.236787
consent_insert,656,1.321751
consent_insert,657,1.245078
consent_insert,658,1.148902
consent_insert,659,1.184674
consent_insert,660,1.276665
consent_insert,661,1.224488
consent_insert,662,1.218772
consent_insert,663,1.183886
consent_insert,664,1.185774
consent_insert,665,1.100509
consent_insert,666,1.277652
consent_insert,667,1.192258
consent_insert,668,1.226440
consent_insert,669,1.138012
consent_insert,670,1.120432
consent_insert,671,1.157425
consent_insert,672,1.238464
consent_insert,673,1.208091
consent_insert,674,1.303401
consent_insert,675,1.209793
consent_insert,676,1.137021
consent_insert,677,1.155481
consent_insert,678,1.217014
consent_insert,679,1.212940
consent_insert,680,1.157640
consent_insert,681,1.194262
consent_insert,682,1.177809
consent_insert,683,1.247825
consent_insert,684,1.198572
consent_insert,685,1.174550
consent_insert,686,1.219886
consent_insert,687,1.216978
consent_insert,688,1.205500
consent_insert,689,1.191923
consent_insert,690,1.219417
consent_insert,691,1.169196
consent_insert,692,1.358471
consent_insert,693,1.250210
consent_insert,694,1.212698
consent_insert,695,1.297937
consent_insert,696,1.275050
consent_insert,697,1.188978
consent_insert,698,1.234531
consent_insert,699,1.359675
consent_insert,700,1.204781
consent_insert,701,1.241375
consent_insert,702,1.178630
consent_insert,703,1.489393
consent_insert,704,1.216747
consent_insert,705,1.246654
consent_insert,706,1.452136
consent_insert,707,1.288198
consent_insert,708,1.275185
consent_insert,709,1.185355
consent_insert,710,1.192374
consent_insert,711,1.273367
consent_insert,712,1.253331
consent_insert,713,1.179826
consent_insert,714,1.223044
consent_insert,715,1.280781
consent_insert,716,1.223668
consent_insert,717,1.254187
consent_insert,718,1.252986
consent_insert,719,1.368804
consent_insert,720,1.328187
consent_insert,721,1.306264
consent_insert,722,1.335319
consent_insert,723,1.217550
consent_insert,724,1.250039
consent_insert,725,1.214941
consent_insert,726,1.278036
consent_insert,727,1.367320
consent_insert,728,1.346764
consent_insert,729,1.207541
consent_insert,730,1.231897
consent_insert,731,1.315386
consent_insert,732,1.210044
consent_insert,733,1.186013
consent_insert,734,1.170845
consent_insert,735,1.203154
consent_insert,736,1.166416
consent_insert,737,1.198890
consent_insert,738,1.172323
consent_insert,739,1.196107
consent_insert,740,1.429953
consent_insert,741,1.237210
consent_insert,742,1.300507
consent_insert,743,1.188190
consent_insert,744,1.208247
consent_insert,745,1.415497
consent_insert,746,1.315935
consent_insert,747,1.200727
consent_insert,748,1.211455
consent_insert,749,1.276363
consent_insert,750,1.252832
consent_insert,751,1.227681
consent_insert,752,1.177529
consent_insert,753,1.124539
consent_insert,754,1.162877
consent_insert,755,1.170939
consent_insert,756,1.380695
consent_insert,757,1.354821
consent_insert,758,1.701673
consent_insert,759,1.469702
consent_insert,760,1.342555
consent_insert,761,1.365568
consent_insert,762,1.148411
consent_insert,763,1.134447
consent_insert,764,1.120926
consent_insert,765,1.166848
consent_insert,766,1.205398
consent_insert,767,1.244194
consent_insert,768,1.292694
consent_insert,769,1.521556
consent_insert,770,1.322070
consent_insert,771,1.472740
consent_insert,772,1.416032
consent_insert,773,1.301112
consent_insert,774,1.211711
consent_insert,775,1.358802
consent_insert,776,1.246850
consent_insert,777,1.210416
consent_insert,778,1.150781
consent_insert,779,1.181264
consent_insert,780,1.134656
consent_insert,781,1.190994
consent_insert,782,1.234153
consent_insert,783,1.205584
consent_insert,784,1.185813
consent_insert,785,1.168515
consent_insert,786,1.110483
consent_insert,787,1.207832
consent_insert,788,1.235473
consent_insert,789,1.415255
consent_insert,790,1.218694
consent_insert,791,1.135584
consent_insert,792,1.232620
consent_insert,793,1.223811
consent_insert,794,1.215914
consent_insert,795,1.136095
consent_insert,796,1.223914
consent_insert,797,1.229465
consent_insert,798,1.260925
consent_insert,799,1.216000
consent_insert,800,1.224084
consent_insert,801,1.240710
consent_insert,802,1.210914
consent_insert,803,1.197772
consent_insert,804,1.183343
consent_insert,805,1.183417
consent_insert,806,1.290620
consent_insert,807,1.183702
consent_insert,808,1.224832
consent_insert,809,1.182031
consent_insert,810,1.191907
consent_insert,811,1.239415
consent_insert,812,1.295785
consent_insert,813,1.261726
consent_insert,814,1.263062
consent_insert,815,1.179000
consent_insert,816,1.175564
consent_insert,817,1.248606
consent_insert,818,1.244743
consent_insert,819,1.186748
consent_insert,820,1.225397
consent_insert,821,1.202915
consent_insert,822,1.296188
consent_insert,823,1.269908
consent_insert,824,1.213520
consent_insert,825,1.201128
consent_insert,826,1.202080
consent_insert,827,1.146979
consent_insert,828,1.233981
consent_insert,829,1.221469
consent_insert,830,1.192338
consent_insert,831,1.183540
consent_insert,832,1.220653
consent_insert,833,1.210508
consent_insert,834,1.233477
consent_insert,835,1.235237
consent_insert,836,1.222069
consent_insert,837,1.211394
consent_insert,838,1.217765
consent_insert,839,1.196220
consent_insert,840,1.164581
consent_insert,841,1.188007
consent_insert,842,1.163439
consent_insert,843,1.225236
consent_insert,844,1.205699
consent_insert,845,1.278491
consent_insert,846,1.168675
consent_insert,847,1.148969
consent_insert,848,1.301018
consent_insert,849,1.570625
consent_insert,850,1.272301
consent_insert,851,1.525751
consent_insert,852,1.247081
consent_insert,853,1.330170
consent_insert,854,1.223055
consent_insert,855,1.234405
consent_insert,856,1.240797
consent_insert,857,1.164205
consent_insert,858,1.187487
consent_insert,859,1.131973
consent_insert,860,1.194586
consent_insert,861,1.406391
consent_insert,862,1.362611
consent_insert,863,1.212812
consent_insert,864,1.180827
consent_insert,865,1.216750
consent_insert,866,1.221619
consent_insert,867,1.216647
consent_insert,868,1.161556
consent_insert,869,1.190441
consent_insert,870,1.206352
consent_insert,871,1.276034
consent_insert,872,1.260637
consent_insert,873,1.226034
consent_insert,874,1.245399
consent_insert,875,1.163266
consent_insert,876,1.223697
consent_insert,877,1.203541
consent_insert,878,1.194338
consent_insert,879,1.185534
consent_insert,880,1.228233
consent_insert,881,1.189883
consent_insert,882,1.229710
consent_insert,883,1.257044
consent_insert,884,1.237700
consent_insert,885,1.193151
consent_insert,886,1.190971
consent_insert,887,1.335076
consent_insert,888,1.273791
consent_insert,889,1.639537
consent_insert,890,1.277351
consent_insert,891,1.180622
consent_insert,892,1.112817
consent_insert,893,1.226404
consent_insert,894,1.171253
consent_insert,895,1.195126
consent_insert,896,1.170197
consent_insert,897,1.176561
consent_insert,898,1.432660
consent_insert,899,1.115134
consent_insert,900,1.146862
consent_insert,901,1.117478
consent_insert,902,1.129398
consent_insert,903,1.114984
consent_insert,904,1.139610
consent_insert,905,1.098058
consent_insert,906,1.197253
consent_insert,907,1.183597
consent_insert,908,1.325983
consent_insert,909,1.334893
consent_insert,910,1.300398
consent_insert,911,1.082367
consent_insert,912,1.108943
consent_insert,913,1.146371
consent_insert,914,1.220051
consent_insert,915,1.176373
consent_insert,916,1.228280
consent_insert,917,1.147275
consent_insert,918,1.215014
consent_insert,919,1.268156
consent_insert,920,1.222885
consent_insert,921,1.159933
consent_insert,922,1.356718
consent_insert,923,1.188148
consent_insert,924,1.176339
consent_insert,925,1.151400
consent_insert,926,1.206376
consent_insert,927,1.300731
consent_insert,928,1.242457
consent_insert,929,1.146826
consent_insert,930,1.215220
consent_insert,931,1.181035
consent_insert,932,1.273733
consent_insert,933,1.218551
consent_insert,934,1.202199
consent_insert,935,1.172471
consent_insert,936,1.212219
consent_insert,937,1.246690
consent_insert,938,1.231753
consent_insert,939,1.275891
consent_insert,940,1.251336
consent_insert,941,1.157119
consent_insert,942,1.247449
consent_insert,943,1.197784
consent_insert,944,1.203248
consent_insert,945,1.232478
consent_insert,946,1.200995
consent_insert,947,1.124862
consent_insert,948,1.199939
consent_insert,949,1.177250
consent_insert,950,1.174975
consent_insert,951,1.295133
consent_insert,952,1.563421
consent_insert,953,1.583673
consent_insert,954,1.354664
consent_insert,955,1.909091
consent_insert,956,1.481849
consent_insert,957,1.718200
consent_insert,958,1.788020
consent_insert,959,1.376796
consent_insert,960,1.676798
consent_insert,961,1.293359
consent_insert,962,1.228245
consent_insert,963,1.254718
consent_insert,964,1.153040
consent_insert,965,1.318815
consent_insert,966,1.232854
consent_insert,967,1.265846
consent_insert,968,1.264777
consent_insert,969,1.196882
consent_insert,970,1.221992
consent_insert,971,1.233848
consent_insert,972,1.264284
consent_insert,973,1.223491
consent_insert,974,1.534507
consent_insert,975,1.585056
consent_insert,976,1.594637
consent_insert,977,1.307597
consent_insert,978,1.273228
consent_insert,979,1.217358
consent_insert,980,1.223364
consent_insert,981,1.218909
consent_insert,982,1.329480
consent_insert,983,1.245110
consent_insert,984,1.156768
consent_insert,985,1.176371
consent_insert,986,1.175689
consent_insert,987,1.136342
consent_insert,988,1.201180
consent_insert,989,1.198759
consent_insert,990,1.303458
consent_insert,991,1.238038
consent_insert,992,1.268306
consent_insert,993,1.177349
consent_insert,994,1.317431
consent_insert,995,1.295136
consent_insert,996,1.269279
consent_insert,997,1.168126
consent_insert,998,1.263560
consent_insert,999,1.186830
consent_insert,1000,1.216559
consent_insert,1001,1.205226
consent_insert,1002,1.231656
consent_insert,1003,1.212679
consent_insert,1004,1.250741
consent_insert,1005,1.301630
consent_insert,1006,1.235444
consent_insert,1007,1.320628
consent_insert,1008,1.189604
consent_insert,1009,1.251960
consent_insert,1010,1.160398
consent_insert,1011,1.244446
consent_insert,1012,1.268375
consent_insert,1013,1.221371
consent_insert,1014,1.181416
consent_insert,1015,1.271793
consent_insert,1016,1.263754
consent_insert,1017,1.245645
consent_insert,1018,1.208679
consent_insert,1019,1.244751
consent_insert,1020,1.272801
consent_insert,1021,1.250613
consent_insert,1022,1.233150
consent_insert,1023,1.153522
consent_insert,1024,1.212650
consent_insert,1025,1.174866
consent_insert,1026,1.256393
consent_insert,1027,1.172967
consent_insert,1028,1.291017
consent_insert,1029,1.227027
consent_insert,1030,1.206706
consent_insert,1031,1.183695
consent_insert,1032,1.238380
consent_insert,1033,1.272428
consent_insert,1034,1.277224
consent_insert,1035,1.230873
consent_insert,1036,1.326717
consent_insert,1037,1.215531
consent_insert,1038,1.277420
consent_insert,1039,1.266969
consent_insert,1040,1.236073
consent_insert,1041,1.259208
consent_insert,1042,1.226383
consent_insert,1043,1.192949
consent_insert,1044,1.282138
consent_insert,1045,1.293120
consent_insert,1046,1.188363
consent_insert,1047,1.186907
consent_insert,1048,1.236250
consent_insert,1049,1.228930
consent_insert,1050,1.233653
consent_insert,1051,1.298721
consent_insert,1052,1.285038
consent_insert,1053,1.267247
consent_insert,1054,1.194070
consent_insert,1055,1.215727
consent_insert,1056,1.267933
consent_insert,1057,1.326378
consent_insert,1058,1.447608
consent_insert,1059,1.344244
consent_insert,1060,1.309589
consent_insert,1061,1.167808
consent_insert,1062,1.206345
consent_insert,1063,1.219931
consent_insert,1064,1.231337
consent_insert,1065,1.218484
consent_insert,1066,1.233384
consent_insert,1067,1.196664
consent_insert,1068,1.258933
consent_insert,1069,1.183531
consent_insert,1070,1.205245
consent_insert,1071,1.227761
consent_insert,1072,1.228250
consent_insert,1073,1.225229
consent_insert,1074,1.245287
consent_insert,1075,1.220834
consent_insert,1076,1.336993
consent_insert,1077,1.273365
consent_insert,1078,1.239933
consent_insert,1079,1.187311
consent_insert,1080,1.223395
consent_insert,1081,1.250796
consent_insert,1082,1.235680
consent_insert,1083,1.227520
consent_insert,1084,1.196768
consent_insert,1085,1.178084
consent_insert,1086,1.232895
consent_insert,1087,1.227666
consent_insert,1088,1.236855
consent_insert,1089,1.244625
consent_insert,1090,1.288908
consent_insert,1091,1.270918
consent_insert,1092,1.222889
consent_insert,1093,1.190655
consent_insert,1094,1.279062
consent_insert,1095,1.210530
consent_insert,1096,1.223957
consent_insert,1097,1.231225
consent_insert,1098,1.298706
consent_insert,1099,1.208815
consent_insert,1100,1.210889
consent_insert,1101,1.165654
consent_insert,1102,1.205084
consent_insert,1103,1.204027
consent_insert,1104,1.187780
consent_insert,1105,1.147209
consent_insert,1106,1.221006
consent_insert,1107,1.307642
consent_insert,1108,1.135715
consent_insert,1109,1.187281
consent_insert,1110,1.160373
consent_insert,1111,1.215101
consent_insert,1112,1.180299
consent_insert,1113,1.194429
consent_insert,1114,1.197310
consent_insert,1115,1.343296
consent_insert,1116,1.225301
consent_insert,1117,1.229150
consent_insert,1118,1.175651
consent_insert,1119,1.183484
consent_insert,1120,1.188947
consent_insert,1121,1.184509
consent_insert,1122,1.332780
consent_insert,1123,1.177498
consent_insert,1124,1.199027
consent_insert,1125,1.197655
consent_insert,1126,1.119958
consent_insert,1127,1.157460
consent_insert,1128,1.208342
consent_insert,1129,1.136254
consent_insert,1130,1.242401
consent_insert,1131,1.179869
consent_insert,1132,1.226644
consent_insert,1133,1.152971
consent_insert,1134,1.161691
consent_insert,1135,1.188071
consent_insert,1136,1.212386
consent_insert,1137,1.205695
consent_insert,1138,1.191829
consent_insert,1139,1.173166
consent_insert,1140,1.172677
consent_insert,1141,1.206908
consent_insert,1142,1.178251
consent_insert,1143,1.211848
consent_insert,1144,1.254488
consent_insert,1145,1.493781
consent_insert,1146,1.244203
consent_insert,1147,1.224902
consent_insert,1148,1.169496
consent_insert,1149,1.356839
consent_insert,1150,1.290675
consent_insert,1151,1.244829
consent_insert,1152,1.161995
consent_insert,1153,1.215661
consent_insert,1154,1.327952
consent_insert,1155,1.312070
consent_insert,1156,1.297218
consent_insert,1157,1.215931
consent_insert,1158,1.237368
consent_insert,1159,1.305764
consent_insert,1160,1.262331
consent_insert,1161,1.182719
consent_insert,1162,1.187286
consent_insert,1163,1.213578
consent_insert,1164,1.226860
consent_insert,1165,1.293207
consent_insert,1166,1.207315
consent_insert,1167,1.215532
consent_insert,1168,1.278787
consent_insert,1169,1.193590
consent_insert,1170,1.194124
consent_insert,1171,1.205425
consent_insert,1172,1.284784
consent_insert,1173,1.175102
consent_insert,1174,1.220842
consent_insert,1175,1.178377
consent_insert,1176,1.275234
consent_insert,1177,1.196330
consent_insert,1178,1.219032
consent_insert,1179,1.337056
consent_insert,1180,1.647702
consent_insert,1181,1.684717
consent_insert,1182,1.590017
consent_insert,1183,1.525384
consent_insert,1184,1.482894
consent_insert,1185,1.783837
consent_insert,1186,1.336282
consent_insert,1187,1.364363
consent_insert,1188,1.453166
consent_insert,1189,1.382914
consent_insert,1190,1.469214
consent_insert,1191,1.365470
consent_insert,1192,1.246509
consent_insert,1193,1.322713
consent_insert,1194,1.255530
consent_insert,1195,1.249805
consent_insert,1196,1.247756
consent_insert,1197,1.350193
consent_insert,1198,1.241728
consent_insert,1199,1.354683
consent_insert,1200,1.350622
consent_insert,1201,1.591200
consent_insert,1202,1.299898
consent_insert,1203,1.394472
consent_insert,1204,1.217572
consent_insert,1205,1.882992
consent_insert,1206,1.370148
consent_insert,1207,1.437154
consent_insert,1208,1.284323
consent_insert,1209,1.339831
consent_insert,1210,1.247611
consent_insert,1211,1.220914
consent_insert,1212,1.374128
consent_insert,1213,1.224416
consent_insert,1214,1.312542
consent_insert,1215,1.258698
consent_insert,1216,1.361487
consent_insert,1217,1.257282
consent_insert,1218,1.256650
consent_insert,1219,1.404061
consent_insert,1220,1.339483
consent_insert,1221,1.342143
consent_insert,1222,1.326067
consent_insert,1223,1.264612
consent_insert,1224,1.378853
consent_insert,1225,1.525437
consent_insert,1226,1.274072
consent_insert,1227,1.717769
consent_insert,1228,1.301448
consent_insert,1229,1.434364
consent_insert,1230,1.445333
consent_insert,1231,1.349723
consent_insert,1232,1.272368
consent_insert,1233,1.755566
consent_insert,1234,1.327357
consent_insert,1235,1.253913
consent_insert,1236,1.288467
consent_insert,1237,1.270466
consent_insert,1238,1.271809
consent_insert,1239,1.345154
consent_insert,1240,1.283912
consent_insert,1241,1.317573
consent_insert,1242,1.343015
consent_insert,1243,1.691564
consent_insert,1244,1.391504
consent_insert,1245,1.342711
consent_insert,1246,1.362363
consent_insert,1247,1.256788
consent_insert,1248,1.246668
consent_insert,1249,1.568426
consent_insert,1250,1.498128
consent_insert,1251,1.307741
consent_insert,1252,1.286510
consent_insert,1253,1.702644
consent_insert,1254,1.491431
consent_insert,1255,1.220562
consent_insert,1256,1.348846
consent_insert,1257,1.299104
consent_insert,1258,1.165658
consent_insert,1259,1.213020
consent_insert,1260,1.204112
consent_insert,1261,1.228633
consent_insert,1262,1.134137
consent_insert,1263,1.259901
consent_insert,1264,1.178916
consent_insert,1265,1.142995
consent_insert,1266,1.316942
consent_insert,1267,1.143816
consent_insert,1268,1.209636
consent_insert,1269,1.247994
consent_insert,1270,1.236160
consent_insert,1271,1.205744
consent_insert,1272,1.211401
consent_insert,1273,1.219357
consent_insert,1274,1.224260
consent_insert,1275,1.173989
consent_insert,1276,1.165181
consent_insert,1277,1.276016
consent_insert,1278,1.184652
consent_insert,1279,1.257870
consent_insert,1280,1.482757
consent_insert,1281,1.304866
consent_insert,1282,1.206481
consent_insert,1283,1.247977
consent_insert,1284,1.225749
consent_insert,1285,1.275031
consent_insert,1286,1.215921
consent_insert,1287,1.189994
consent_insert,1288,1.243287
consent_insert,1289,1.447290
consent_insert,1290,1.232731
consent_insert,1291,1.182406
consent_insert,1292,1.233641
consent_insert,1293,1.173898
consent_insert,1294,1.189260
consent_insert,1295,1.232559
consent_insert,1296,1.202792
consent_insert,1297,1.190216
consent_insert,1298,1.213973
consent_insert,1299,1.287695
consent_insert,1300,1.279579
consent_insert,1301,1.189165
consent_insert,1302,1.296505
consent_insert,1303,1.232937
consent_insert,1304,1.217575
consent_insert,1305,1.195695
consent_insert,1306,1.211816
consent_insert,1307,1.199450
consent_insert,1308,1.206238
consent_insert,1309,1.221940
consent_insert,1310,1.226927
consent_insert,1311,1.223769
consent_insert,1312,1.220480
consent_insert,1313,1.176461
consent_insert,1314,1.261834
consent_insert,1315,1.172140
consent_insert,1316,1.201088
consent_insert,1317,1.980001
consent_insert,1318,1.242160
consent_insert,1319,1.282622
consent_insert,1320,1.215693
consent_insert,1321,1.202409
consent_insert,1322,1.232623
consent_insert,1323,1.316069
consent_insert,1324,1.324741
consent_insert,1325,1.322488
consent_insert,1326,1.249788
consent_insert,1327,1.265517
consent_insert,1328,1.270662
consent_insert,1329,1.244916
consent_insert,1330,1.203626
consent_insert,1331,1.299624
consent_insert,1332,1.254971
consent_insert,1333,1.224002
consent_insert,1334,1.205194
consent_insert,1335,1.394039
consent_insert,1336,1.282817
consent_insert,1337,1.233975
consent_insert,1338,1.410862
consent_insert,1339,1.225607
consent_insert,1340,1.229553
consent_insert,1341,1.162513
consent_insert,1342,1.187087
consent_insert,1343,1.211393
consent_insert,1344,1.441122
consent_insert,1345,1.237024
consent_insert,1346,1.207205
consent_insert,1347,1.243253
consent_insert,1348,1.263622
consent_insert,1349,1.243680
consent_insert,1350,1.257159
consent_insert,1351,1.202204
consent_insert,1352,1.204321
consent_insert,1353,1.748039
consent_insert,1354,1.765293
consent_insert,1355,1.346135
consent_insert,1356,1.653391
consent_insert,1357,1.513764
consent_insert,1358,1.840822
consent_insert,1359,1.314808
consent_insert,1360,1.350807
consent_insert,1361,1.350887
consent_insert,1362,1.194185
consent_insert,1363,1.235589
consent_insert,1364,1.236337
consent_insert,1365,1.242290
consent_insert,1366,1.255252
consent_insert,1367,1.198385
consent_insert,1368,1.276297
consent_insert,1369,1.228678
consent_insert,1370,1.220003
consent_insert,1371,1.267007
consent_insert,1372,1.229849
consent_insert,1373,1.350925
consent_insert,1374,1.333322
consent_insert,1375,1.627103
consent_insert,1376,1.360787
consent_insert,1377,1.207947
consent_insert,1378,1.254396
consent_insert,1379,1.445877
consent_insert,1380,1.743799
consent_insert,1381,1.616641
consent_insert,1382,1.212010
consent_insert,1383,1.266847
consent_insert,1384,1.235730
consent_insert,1385,1.194259
consent_insert,1386,1.160590
consent_insert,1387,1.189452
consent_insert,1388,1.131613
consent_insert,1389,1.204803
consent_insert,1390,1.181894
consent_insert,1391,1.169012
consent_insert,1392,1.267339
consent_insert,1393,1.214416
consent_insert,1394,1.289600
consent_insert,1395,1.224839
consent_insert,1396,1.176995
consent_insert,1397,1.222220
consent_insert,1398,1.174566
consent_insert,1399,1.184675
consent_insert,1400,1.210134
consent_insert,1401,1.252047
consent_insert,1402,1.253797
consent_insert,1403,1.234742
consent_insert,1404,1.412089
consent_insert,1405,1.279184
consent_insert,1406,1.156786
consent_insert,1407,1.229970
consent_insert,1408,1.157353
consent_insert,1409,1.172687
consent_insert,1410,1.386510
consent_insert,1411,1.208670
consent_insert,1412,1.215406
consent_insert,1413,1.224466
consent_insert,1414,1.226197
consent_insert,1415,1.294564
consent_insert,1416,1.200029
consent_insert,1417,1.171060
consent_insert,1418,1.283591
consent_insert,1419,1.287789
consent_insert,1420,1.263245
consent_insert,1421,1.281642
consent_insert,1422,1.263238
consent_insert,1423,1.240018
consent_insert,1424,1.238847
consent_insert,1425,1.238949
consent_insert,1426,1.189000
consent_insert,1427,1.204143
consent_insert,1428,1.246989
consent_insert,1429,1.247892
consent_insert,1430,1.230866
consent_insert,1431,1.247911
consent_insert,1432,1.222535
consent_insert,1433,1.188594
consent_insert,1434,1.198297
consent_insert,1435,1.192022
consent_insert,1436,1.215138
consent_insert,1437,1.242216
consent_insert,1438,1.193362
consent_insert,1439,1.208625
consent_insert,1440,1.240464
consent_insert,1441,1.218416
consent_insert,1442,1.162995
consent_insert,1443,1.227977
consent_insert,1444,1.209794
consent_insert,1445,1.232169
consent_insert,1446,1.181251
consent_insert,1447,1.254637
consent_insert,1448,1.203441
consent_insert,1449,1.259900
consent_insert,1450,1.191499
consent_insert,1451,1.288543
consent_insert,1452,1.274111
consent_insert,1453,1.219663
consent_insert,1454,1.141520
consent_insert,1455,1.237902
consent_insert,1456,1.184465
consent_insert,1457,1.207043
consent_insert,1458,1.189230
consent_insert,1459,1.132337
consent_insert,1460,1.207266
consent_insert,1461,1.150864
consent_insert,1462,1.222178
consent_insert,1463,1.120067
consent_insert,1464,1.187479
consent_insert,1465,1.164302
consent_insert,1466,1.195813
consent_insert,1467,1.246289
consent_insert,1468,1.210101
consent_insert,1469,1.169713
consent_insert,1470,1.194677
consent_insert,1471,1.282311
consent_insert,1472,1.329534
consent_insert,1473,1.237831
consent_insert,1474,1.239102
consent_insert,1475,1.214500
consent_insert,1476,1.162340
consent_insert,1477,1.190085
consent_insert,1478,1.230719
consent_insert,1479,1.321418
consent_insert,1480,1.296929
consent_insert,1481,1.241691
consent_insert,1482,1.216381
consent_insert,1483,1.246382
consent_insert,1484,1.202095
consent_insert,1485,1.190203
consent_insert,1486,1.201596
consent_insert,1487,1.128725
consent_insert,1488,1.204374
consent_insert,1489,1.189894
consent_insert,1490,1.138654
consent_insert,1491,1.301697
consent_insert,1492,1.204556
consent_insert,1493,1.252665
consent_insert,1494,1.269780
consent_insert,1495,1.190564
consent_insert,1496,1.223896
consent_insert,1497,1.189663
consent_insert,1498,1.167545
consent_insert,1499,1.141739
consent_insert,1500,1.156043
consent_insert,1501,1.170539
consent_insert,1502,1.146400
consent_insert,1503,1.155474
consent_insert,1504,1.139152
consent_insert,1505,1.150090
consent_insert,1506,1.154007
consent_insert,1507,1.166954
consent_insert,1508,1.183762
consent_insert,1509,1.137637
consent_insert,1510,1.212988
consent_insert,1511,1.190994
consent_insert,1512,1.134335
consent_insert,1513,1.119376
consent_insert,1514,1.126317
consent_insert,1515,1.092413
consent_insert,1516,1.064500
consent_insert,1517,1.174988
consent_insert,1518,1.175711
consent_insert,1519,1.179963
consent_insert,1520,1.401165
consent_insert,1521,1.358073
consent_insert,1522,1.201946
consent_insert,1523,1.201650
consent_insert,1524,1.247145
consent_insert,1525,1.441383
consent_insert,1526,1.224404
consent_insert,1527,1.238052
consent_insert,1528,1.222992
consent_insert,1529,1.283695
consent_insert,1530,1.192216
consent_insert,1531,1.277119
consent_insert,1532,1.234216
consent_insert,1533,1.190456
consent_insert,1534,1.218073
consent_insert,1535,1.213636
consent_insert,1536,1.222761
consent_insert,1537,1.259683
consent_insert,1538,1.244888
consent_insert,1539,1.205907
consent_insert,1540,1.183761
consent_insert,1541,1.197176
consent_insert,1542,1.206390
consent_insert,1543,1.226926
consent_insert,1544,1.250876
consent_insert,1545,1.203825
consent_insert,1546,1.210311
consent_insert,1547,1.195452
consent_insert,1548,1.230234
consent_insert,1549,1.228866
consent_insert,1550,1.197608
consent_insert,1551,1.205549
consent_insert,1552,1.213559
consent_insert,1553,1.228672
consent_insert,1554,1.201609
consent_insert,1555,1.292240
consent_insert,1556,1.258015
consent_insert,1557,1.182095
consent_insert,1558,1.218759
consent_insert,1559,1.206642
consent_insert,1560,1.253252
consent_insert,1561,1.324323
consent_insert,1562,1.217366
consent_insert,1563,1.205503
consent_insert,1564,1.200858
consent_insert,1565,1.186664
consent_insert,1566,1.194039
consent_insert,1567,1.180573
consent_insert,1568,1.180922
consent_insert,1569,1.221283
consent_insert,1570,1.228018
consent_insert,1571,1.217934
consent_insert,1572,1.207050
consent_insert,1573,1.226416
consent_insert,1574,1.245164
consent_insert,1575,1.189327
consent_insert,1576,1.181941
consent_insert,1577,1.216220
consent_insert,1578,1.189280
consent_insert,1579,1.198422
consent_insert,1580,1.214691
consent_insert,1581,1.199102
consent_insert,1582,1.183288
consent_insert,1583,1.232475
consent_insert,1584,1.215687
consent_insert,1585,1.301086
consent_insert,1586,1.258974
consent_insert,1587,1.253161
consent_insert,1588,1.213520
consent_insert,1589,1.224894
consent_insert,1590,1.193458
consent_insert,1591,1.237766
consent_insert,1592,1.465596
consent_insert,1593,1.145097
consent_insert,1594,1.317900
consent_insert,1595,1.266070
consent_insert,1596,1.315747
consent_insert,1597,1.289911
consent_insert,1598,1.232018
consent_insert,1599,1.297507
consent_insert,1600,1.213366
consent_insert,1601,1.231598
consent_insert,1602,1.206355
consent_insert,1603,1.209190
consent_insert,1604,1.185270
consent_insert,1605,1.257709
consent_insert,1606,1.274421
consent_insert,1607,1.239654
consent_insert,1608,1.230954
consent_insert,1609,1.222663
consent_insert,1610,1.238303
consent_insert,1611,1.232060
consent_insert,1612,1.288486
consent_insert,1613,1.219653
consent_insert,1614,1.216819
consent_insert,1615,1.299255
consent_insert,1616,1.257957
consent_insert,1617,1.295922
consent_insert,1618,1.243402
consent_insert,1619,1.212406
consent_insert,1620,1.207650
consent_insert,1621,1.235272
consent_insert,1622,1.295257
consent_insert,1623,1.192249
consent_insert,1624,1.256591
consent_insert,1625,1.186939
consent_insert,1626,1.174939
consent_insert,1627,1.205065
consent_insert,1628,1.251579
consent_insert,1629,1.265953
consent_insert,1630,1.255472
consent_insert,1631,1.338233
consent_insert,1632,1.227576
consent_insert,1633,1.242464
consent_insert,1634,1.233569
consent_insert,1635,1.246096
consent_insert,1636,1.227737
consent_insert,1637,1.271306
consent_insert,1638,1.202990
consent_insert,1639,1.232193
consent_insert,1640,1.282320
consent_insert,1641,1.212782
consent_insert,1642,1.271514
consent_insert,1643,1.267796
consent_insert,1644,1.284041
consent_insert,1645,1.304806
consent_insert,1646,1.237917
consent_insert,1647,1.212308
consent_insert,1648,1.212008
consent_insert,1649,1.255632
consent_insert,1650,1.281284
consent_insert,1651,1.239585
consent_insert,1652,1.206048
consent_insert,1653,1.252508
consent_insert,1654,1.211304
consent_insert,1655,1.182634
consent_insert,1656,1.228599
consent_insert,1657,1.214723
consent_insert,1658,1.194194
consent_insert,1659,1.266125
consent_insert,1660,1.243583
consent_insert,1661,1.213524
consent_insert,1662,1.224605
consent_insert,1663,1.189225
consent_insert,1664,1.282608
consent_insert,1665,1.182655
consent_insert,1666,1.277537
consent_insert,1667,1.263320
consent_insert,1668,1.198268
consent_insert,1669,1.269494
consent_insert,1670,1.225725
consent_insert,1671,1.216781
consent_insert,1672,1.207915
consent_insert,1673,1.250543
consent_insert,1674,1.250338
consent_insert,1675,1.247183
consent_insert,1676,1.198883
consent_insert,1677,1.202746
consent_insert,1678,1.220190
consent_insert,1679,1.477826
consent_insert,1680,1.211494
consent_insert,1681,1.212861
consent_insert,1682,1.205482
consent_insert,1683,1.185579
consent_insert,1684,1.204557
consent_insert,1685,1.188603
consent_insert,1686,1.119673
consent_insert,1687,1.111133
consent_insert,1688,1.156518
consent_insert,1689,1.193645
consent_insert,1690,1.121234
consent_insert,1691,1.149412
consent_insert,1692,1.233407
consent_insert,1693,1.255567
consent_insert,1694,1.183798
consent_insert,1695,1.227585
consent_insert,1696,1.259222
consent_insert,1697,1.183689
consent_insert,1698,1.230437
consent_insert,1699,1.156082
consent_insert,1700,1.129855
consent_insert,1701,1.171767
consent_insert,1702,1.205012
consent_insert,1703,1.609987
consent_insert,1704,1.241073
consent_insert,1705,1.293583
consent_insert,1706,1.256261
consent_insert,1707,1.275435
consent_insert,1708,1.235320
consent_insert,1709,1.199600
consent_insert,1710,1.232602
consent_insert,1711,1.248012
consent_insert,1712,1.197982
consent_insert,1713,1.221279
consent_insert,1714,1.181137
consent_insert,1715,1.184466
consent_insert,1716,1.224958
consent_insert,1717,1.225478
consent_insert,1718,1.176957
consent_insert,1719,1.153644
consent_insert,1720,1.206429
consent_insert,1721,1.149413
consent_insert,1722,1.136955
consent_insert,1723,1.113323
consent_insert,1724,1.060074
consent_insert,1725,1.113575
consent_insert,1726,1.163957
consent_insert,1727,1.288466
consent_insert,1728,1.192289
consent_insert,1729,1.195528
consent_insert,1730,1.229644
consent_insert,1731,1.305828
consent_insert,1732,1.276353
consent_insert,1733,1.258684
consent_insert,1734,1.264135
consent_insert,1735,1.147497
consent_insert,1736,1.150319
consent_insert,1737,1.123434
consent_insert,1738,1.140488
consent_insert,1739,1.158728
consent_insert,1740,1.068090
consent_insert,1741,1.120920
consent_insert,1742,1.048070
consent_insert,1743,1.111250
consent_insert,1744,1.415695
consent_insert,1745,1.428822
consent_insert,1746,1.229756
consent_insert,1747,1.228496
consent_insert,1748,1.195483
consent_insert,1749,1.206939
consent_insert,1750,1.212782
consent_insert,1751,1.256370
consent_insert,1752,1.187847
consent_insert,1753,1.248181
consent_insert,1754,1.170387
consent_insert,1755,1.215669
consent_insert,1756,1.206705
consent_insert,1757,1.252637
consent_insert,1758,1.189504
consent_insert,1759,1.211919
consent_insert,1760,1.219986
consent_insert,1761,1.256673
consent_insert,1762,1.170325
consent_insert,1763,1.213234
consent_insert,1764,1.164095
consent_insert,1765,1.192541
consent_insert,1766,1.183470
consent_insert,1767,1.134097
consent_insert,1768,1.169244
consent_insert,1769,1.248929
consent_insert,1770,1.200721
consent_insert,1771,1.195196
consent_insert,1772,1.270911
consent_insert,1773,1.260374
consent_insert,1774,1.283136
consent_insert,1775,1.227547
consent_insert,1776,1.215495
consent_insert,1777,1.260139
consent_insert,1778,1.176272
consent_insert,1779,1.118436
consent_insert,1780,1.173559
consent_insert,1781,1.125168
consent_insert,1782,1.108869
consent_insert,1783,1.135307
consent_insert,1784,1.341353
consent_insert,1785,1.318832
consent_insert,1786,1.233726
consent_insert,1787,1.206279
consent_insert,1788,1.246969
consent_insert,1789,1.229726
consent_insert,1790,1.302127
consent_insert,1791,1.253719
consent_insert,1792,1.217643
consent_insert,1793,1.250024
consent_insert,1794,1.202421
consent_insert,1795,1.192910
consent_insert,1796,1.266768
consent_insert,1797,1.231221
consent_insert,1798,1.235818
consent_insert,1799,1.283922
consent_insert,1800,1.243624
consent_insert,1801,1.270941
consent_insert,1802,1.234185
consent_insert,1803,1.215202
consent_insert,1804,1.248699
consent_insert,1805,1.274400
consent_insert,1806,1.293234
consent_insert,1807,1.218794
consent_insert,1808,1.321375
consent_insert,1809,1.299436
consent_insert,1810,1.192268
consent_insert,1811,1.277584
consent_insert,1812,1.161954
consent_insert,1813,1.250468
consent_insert,1814,1.181133
consent_insert,1815,1.196769
consent_insert,1816,1.169940
consent_insert,1817,1.133748
consent_insert,1818,1.178891
consent_insert,1819,1.303774
consent_insert,1820,1.209510
consent_insert,1821,1.250524
consent_insert,1822,1.310312
consent_insert,1823,1.264542
consent_insert,1824,1.265536
consent_insert,1825,1.262440
consent_insert,1826,1.257544
consent_insert,1827,1.301722
consent_insert,1828,1.235715
consent_insert,1829,1.280836
consent_insert,1830,1.272617
consent_insert,1831,1.218603
consent_insert,1832,1.233576
consent_insert,1833,1.300607
consent_insert,1834,1.264206
consent_insert,1835,1.267541
consent_insert,1836,1.299901
consent_insert,1837,1.198706
consent_insert,1838,1.199442
consent_insert,1839,1.295632
consent_insert,1840,1.202219
consent_insert,1841,1.294603
consent_insert,1842,1.178417
consent_insert,1843,1.279429
consent_insert,1844,1.286704
consent_insert,1845,1.221246
consent_insert,1846,1.189747
consent_insert,1847,1.192856
consent_insert,1848,1.196179
consent_insert,1849,1.244266
consent_insert,1850,1.239140
consent_insert,1851,1.185074
consent_insert,1852,1.213329
consent_insert,1853,1.242468
consent_insert,1854,1.215311
consent_insert,1855,1.147911
consent_insert,1856,1.220006
consent_insert,1857,1.258875
consent_insert,1858,1.215246
consent_insert,1859,1.157124
consent_insert,1860,1.224462
consent_insert,1861,1.187077
consent_insert,1862,1.147806
consent_insert,1863,1.178266
consent_insert,1864,1.157424
consent_insert,1865,1.264866
consent_insert,1866,1.224225
consent_insert,1867,1.135313
consent_insert,1868,1.213421
consent_insert,1869,1.183144
consent_insert,1870,1.633061
consent_insert,1871,1.301126
consent_insert,1872,1.308440
consent_insert,1873,1.249555
consent_insert,1874,1.255083
consent_insert,1875,1.283548
consent_insert,1876,1.202704
consent_insert,1877,1.187667
consent_insert,1878,1.175896
consent_insert,1879,1.207742
consent_insert,1880,1.149485
consent_insert,1881,1.193261
consent_insert,1882,1.216142
consent_insert,1883,1.260386
consent_insert,1884,1.216538
consent_insert,1885,1.209254
consent_insert,1886,1.218854
consent_insert,1887,1.217472
consent_insert,1888,1.206465
consent_insert,1889,1.228543
consent_insert,1890,1.206010
consent_insert,1891,1.231686
consent_insert,1892,1.183157
consent_insert,1893,1.260749
consent_insert,1894,1.261389
consent_insert,1895,1.263861
consent_insert,1896,1.226880
consent_insert,1897,1.240242
consent_insert,1898,1.220980
consent_insert,1899,1.193395
consent_insert,1900,1.274652
consent_insert,1901,1.255281
consent_insert,1902,1.238248
consent_insert,1903,1.256359
consent_insert,1904,1.224276
consent_insert,1905,1.181352
consent_insert,1906,1.394116
consent_insert,1907,1.228111
consent_insert,1908,1.248292
consent_insert,1909,1.200099
consent_insert,1910,1.204553
consent_insert,1911,1.228728
consent_insert,1912,1.210768
consent_insert,1913,1.216601
consent_insert,1914,1.179562
consent_insert,1915,1.210811
consent_insert,1916,1.219640
consent_insert,1917,1.234873
consent_insert,1918,1.190485
consent_insert,1919,1.202692
consent_insert,1920,1.232297
consent_insert,1921,1.181674
consent_insert,1922,1.209495
consent_insert,1923,1.166216
consent_insert,1924,1.280948
consent_insert,1925,1.208612
consent_insert,1926,1.240701
consent_insert,1927,1.193560
consent_insert,1928,1.244948
consent_insert,1929,1.187349
consent_insert,1930,1.184874
consent_insert,1931,1.244782
consent_insert,1932,1.233518
consent_insert,1933,1.174662
consent_insert,1934,1.200388
consent_insert,1935,1.157819
consent_insert,1936,1.273483
consent_insert,1937,1.220824
consent_insert,1938,1.220720
consent_insert,1939,1.161778
consent_insert,1940,1.343227
consent_insert,1941,1.234316
consent_insert,1942,1.182625
consent_insert,1943,1.170443
consent_insert,1944,1.148848
consent_insert,1945,1.364069
consent_insert,1946,1.241883
consent_insert,1947,1.209543
consent_insert,1948,1.234416
consent_insert,1949,1.263863
consent_insert,1950,1.241890
consent_insert,1951,1.161363
consent_insert,1952,1.220868
consent_insert,1953,1.173803
consent_insert,1954,1.256233
consent_insert,1955,1.216311
consent_insert,1956,1.229875
consent_insert,1957,1.245455
consent_insert,1958,1.216600
consent_insert,1959,1.186085
consent_insert,1960,1.200384
consent_insert,1961,1.245970
consent_insert,1962,1.248679
consent_insert,1963,1.224330
consent_insert,1964,1.222827
consent_insert,1965,1.185276
consent_insert,1966,1.212709
consent_insert,1967,1.248466
consent_insert,1968,1.169282
consent_insert,1969,1.196973
consent_insert,1970,1.219791
consent_insert,1971,1.181287
consent_insert,1972,1.225123
consent_insert,1973,1.250259
consent_insert,1974,1.202258
consent_insert,1975,1.185127
consent_insert,1976,1.160041
consent_insert,1977,1.141502
consent_insert,1978,1.149826
consent_insert,1979,1.221489
consent_insert,1980,1.224440
consent_insert,1981,1.238063
consent_insert,1982,1.196901
consent_insert,1983,1.198328
consent_insert,1984,1.172405
consent_insert,1985,1.243860
consent_insert,1986,1.169216
consent_insert,1987,1.231805
consent_insert,1988,1.201786
consent_insert,1989,1.251235
consent_insert,1990,1.169043
consent_insert,1991,1.192193
consent_insert,1992,1.149089
consent_insert,1993,1.118576
consent_insert,1994,1.192178
consent_insert,1995,1.126397
consent_insert,1996,1.228230
consent_insert,1997,1.140890
consent_insert,1998,1.233694
consent_insert,1999,1.250788
